307
0 27
1 27
2 27
3 27
4 27
5 27
6 27
7 27
8 27
9 298
10 27
11 27
12 27
13 27
14 27
15 0
16 27
17 27
18 27
19 1
20 2
21 27
22 27
23 27
24 27
25 27
26 27
27 27
28 27
29 27
30 27
31 27
32 27
33 27
34 27
35 27
36 27
37 3
38 27
39 27
40 27
41 27
42 27
43 27
44 27
45 27
46 27
47 27
48 27
49 15
50 27
51 24
52 27
53 27
54 27
55 27
56 27
57 27
58 27
59 27
60 27
61 27
62 27
63 27
64 27
65 4
66 27
67 27
68 27
69 27
70 27
71 5
72 27
73 27
74 27
75 27
76 27
77 27
78 27
79 27
80 27
81 27
82 27
83 27
84 27
85 27
86 27
87 27
88 27
89 27
90 27
91 27
92 27
93 27
94 27
95 27
96 6
97 27
98 27
99 27
100 27
101 27
102 27
103 27
104 27
105 1
106 27
107 27
108 27
109 27
110 27
111 27
112 27
113 27
114 130
115 7
116 27
117 27
118 27
119 8
120 27
121 27
122 27
123 27
124 27
125 27
126 27
127 27
128 27
129 27
130 9
131 27
132 27
133 27
134 27
135 27
136 27
137 27
138 27
139 27
140 27
141 27
142 27
143 27
144 27
145 27
146 27
147 27
148 27
149 27
150 27
151 27
152 27
153 27
154 27
155 27
156 27
157 27
158 27
159 27
160 27
161 27
162 27
163 27
164 27
165 27
166 27
167 27
168 27
169 27
170 27
171 252
172 27
173 27
174 27
175 27
176 27
177 27
178 27
179 68
180 240
181 27
182 27
183 27
184 27
185 27
186 27
187 27
188 27
189 27
190 27
191 27
192 27
193 27
194 27
195 27
196 27
197 27
198 27
199 27
200 130
201 27
202 27
203 27
204 27
205 27
206 27
207 27
208 27
209 27
210 27
211 27
212 27
213 27
214 27
215 27
216 27
217 27
218 27
219 27
220 27
221 27
222 27
223 27
224 27
225 27
226 27
227 27
228 27
229 27
230 27
231 27
232 27
233 27
234 27
235 27
236 10
237 27
238 27
239 11
240 27
241 12
242 27
243 27
244 27
245 27
246 27
247 27
248 27
249 27
250 27
251 27
252 27
253 27
254 27
255 27
256 27
257 27
258 27
259 27
260 27
261 27
262 27
263 27
264 27
265 27
266 27
267 27
268 27
269 130
270 27
271 27
272 27
273 27
274 27
275 27
276 27
277 27
278 27
279 27
280 27
281 27
282 27
283 27
284 27
285 130
286 27
287 27
288 27
289 27
290 27
291 27
292 27
293 27
294 27
295 15
296 27
297 27
298 27
299 27
300 27
301 27
302 27
303 15
304 27
305 27
306 27
307 27
308 27
309 13
310 27
311 27
312 221
313 27
314 27
315 27
316 27
317 27
318 27
319 14
320 27
321 68
322 27
323 27
324 27
325 27
326 27
327 27
328 27
329 15
330 27
331 27
332 27
333 27
334 27
335 27
336 27
337 27
338 27
339 27
340 27
341 16
342 27
343 27
344 27
345 27
346 27
347 27
348 27
349 27
350 27
351 17
352 27
353 27
354 27
355 256
356 27
357 27
358 27
359 27
360 27
361 27
362 27
363 27
364 57
365 27
366 27
367 27
368 27
369 27
370 27
371 27
372 27
373 27
374 18
375 27
376 27
377 27
378 27
379 68
380 27
381 27
382 27
383 27
384 27
385 27
386 227
387 27
388 27
389 27
390 27
391 27
392 295
393 27
394 27
395 27
396 27
397 27
398 19
399 27
400 27
401 27
402 27
403 27
404 27
405 27
406 27
407 27
408 27
409 27
410 27
411 27
412 27
413 27
414 20
415 27
416 27
417 27
418 27
419 27
420 27
421 27
422 27
423 21
424 304
425 27
426 27
427 27
428 22
429 27
430 27
431 153
432 27
433 100
434 27
435 27
436 27
437 27
438 27
439 182
440 27
441 27
442 130
443 27
444 23
445 27
446 27
447 27
448 27
449 27
450 27
451 27
452 27
453 27
454 27
455 27
456 27
457 27
458 27
459 27
460 27
461 27
462 27
463 27
464 215
465 27
466 27
467 27
468 27
469 27
470 27
471 27
472 27
473 27
474 27
475 27
476 27
477 27
478 27
479 27
480 27
481 27
482 27
483 27
484 27
485 27
486 27
487 27
488 261
489 27
490 27
491 27
492 27
493 27
494 27
495 27
496 27
497 24
498 27
499 27
500 27
501 27
502 27
503 27
504 25
505 27
506 27
507 27
508 27
509 27
510 27
511 27
512 27
513 27
514 26
515 27
516 27
517 27
518 27
519 27
520 27
521 27
522 27
523 27
524 27
525 171
526 27
527 27
528 27
529 27
530 27
531 27
532 27
533 27
534 27
535 27
536 27
537 27
538 27
539 27
540 27
541 27
542 27
543 27
544 27
545 27
546 27
547 27
548 27
549 27
550 27
551 27
552 27
553 27
554 27
555 27
556 27
557 27
558 27
559 27
560 27
561 27
562 27
563 27
564 27
565 27
566 27
567 27
568 27
569 27
570 27
571 27
572 28
573 27
574 27
575 27
576 27
577 27
578 27
579 27
580 27
581 27
582 27
583 27
584 27
585 27
586 27
587 27
588 27
589 27
590 235
591 27
592 27
593 27
594 27
595 27
596 27
597 27
598 29
599 27
600 27
601 27
602 27
603 27
604 27
605 27
606 27
607 27
608 27
609 290
610 27
611 27
612 27
613 27
614 130
615 27
616 27
617 27
618 27
619 27
620 27
621 27
622 27
623 27
624 27
625 27
626 27
627 27
628 27
629 27
630 27
631 27
632 27
633 27
634 27
635 27
636 27
637 27
638 27
639 304
640 27
641 27
642 27
643 27
644 27
645 27
646 27
647 27
648 117
649 27
650 27
651 27
652 27
653 27
654 27
655 27
656 27
657 27
658 27
659 27
660 27
661 27
662 27
663 28
664 27
665 27
666 27
667 27
668 27
669 27
670 30
671 27
672 27
673 27
674 27
675 27
676 27
677 153
678 182
679 31
680 27
681 32
682 27
683 27
684 27
685 27
686 27
687 27
688 27
689 27
690 27
691 27
692 27
693 27
694 27
695 27
696 27
697 27
698 33
699 27
700 27
701 27
702 27
703 27
704 27
705 27
706 27
707 27
708 27
709 27
710 27
711 27
712 237
713 27
714 27
715 27
716 27
717 27
718 27
719 27
720 27
721 27
722 27
723 156
724 27
725 27
726 27
727 27
728 27
729 27
730 130
731 15
732 27
733 27
734 27
735 27
736 27
737 27
738 27
739 27
740 27
741 27
742 27
743 27
744 27
745 27
746 27
747 27
748 27
749 27
750 27
751 27
752 27
753 27
754 27
755 27
756 27
757 27
758 27
759 27
760 27
761 27
762 27
763 18
764 18
765 130
766 27
767 27
768 27
769 27
770 27
771 27
772 27
773 27
774 27
775 27
776 27
777 27
778 27
779 27
780 27
781 34
782 27
783 27
784 27
785 27
786 27
787 35
788 27
789 27
790 27
791 27
792 130
793 27
794 27
795 27
796 27
797 27
798 27
799 27
800 27
801 27
802 290
803 27
804 27
805 27
806 27
807 27
808 27
809 27
810 27
811 27
812 27
813 27
814 27
815 27
816 15
817 27
818 27
819 27
820 27
821 27
822 27
823 27
824 27
825 27
826 27
827 27
828 27
829 27
830 27
831 27
832 27
833 27
834 27
835 27
836 27
837 27
838 27
839 27
840 27
841 27
842 27
843 27
844 27
845 27
846 36
847 27
848 27
849 27
850 27
851 27
852 27
853 27
854 27
855 27
856 27
857 27
858 27
859 27
860 27
861 27
862 27
863 27
864 27
865 27
866 27
867 27
868 27
869 37
870 27
871 27
872 27
873 27
874 27
875 27
876 27
877 27
878 27
879 27
880 27
881 27
882 27
883 27
884 27
885 27
886 27
887 27
888 27
889 27
890 27
891 27
892 27
893 27
894 27
895 27
896 27
897 27
898 27
899 38
900 27
901 27
902 27
903 27
904 27
905 27
906 27
907 27
908 27
909 304
910 6
911 27
912 27
913 27
914 27
915 27
916 27
917 27
918 27
919 27
920 27
921 27
922 27
923 27
924 27
925 27
926 27
927 27
928 27
929 27
930 27
931 27
932 27
933 27
934 27
935 27
936 27
937 27
938 27
939 27
940 27
941 27
942 27
943 27
944 27
945 27
946 27
947 27
948 130
949 27
950 27
951 27
952 27
953 27
954 27
955 27
956 27
957 27
958 27
959 27
960 27
961 290
962 27
963 27
964 27
965 27
966 27
967 27
968 27
969 27
970 27
971 27
972 27
973 27
974 27
975 27
976 27
977 27
978 27
979 27
980 27
981 27
982 27
983 27
984 27
985 27
986 27
987 27
988 27
989 27
990 27
991 27
992 27
993 27
994 27
995 27
996 27
997 27
998 27
999 27
1000 27
1001 27
1002 27
1003 27
1004 27
1005 27
1006 27
1007 27
1008 27
1009 202
1010 27
1011 27
1012 27
1013 27
1014 27
1015 27
1016 27
1017 27
1018 27
1019 27
1020 27
1021 27
1022 27
1023 27
1024 27
1025 27
1026 27
1027 27
1028 27
1029 27
1030 27
1031 27
1032 27
1033 27
1034 27
1035 27
1036 27
1037 27
1038 27
1039 27
1040 27
1041 27
1042 27
1043 27
1044 27
1045 27
1046 27
1047 27
1048 27
1049 27
1050 27
1051 27
1052 27
1053 27
1054 173
1055 27
1056 130
1057 27
1058 27
1059 27
1060 27
1061 27
1062 27
1063 27
1064 27
1065 27
1066 27
1067 27
1068 27
1069 27
1070 27
1071 27
1072 27
1073 27
1074 262
1075 27
1076 27
1077 27
1078 27
1079 27
1080 27
1081 27
1082 27
1083 27
1084 27
1085 27
1086 27
1087 15
1088 27
1089 27
1090 27
1091 27
1092 27
1093 27
1094 27
1095 27
1096 27
1097 27
1098 27
1099 27
1100 27
1101 27
1102 27
1103 27
1104 27
1105 27
1106 271
1107 27
1108 27
1109 27
1110 27
1111 27
1112 27
1113 27
1114 27
1115 27
1116 27
1117 176
1118 27
1119 63
1120 27
1121 304
1122 153
1123 27
1124 27
1125 27
1126 27
1127 27
1128 27
1129 27
1130 27
1131 27
1132 27
1133 27
1134 27
1135 27
1136 27
1137 27
1138 27
1139 27
1140 27
1141 27
1142 1
1143 27
1144 97
1145 27
1146 27
1147 27
1148 27
1149 27
1150 27
1151 27
1152 27
1153 27
1154 27
1155 27
1156 27
1157 27
1158 27
1159 27
1160 27
1161 27
1162 27
1163 27
1164 27
1165 27
1166 27
1167 27
1168 27
1169 27
1170 27
1171 27
1172 27
1173 27
1174 183
1175 27
1176 27
1177 15
1178 27
1179 27
1180 27
1181 27
1182 27
1183 27
1184 27
1185 27
1186 27
1187 27
1188 27
1189 304
1190 27
1191 27
1192 27
1193 27
1194 27
1195 27
1196 27
1197 27
1198 27
1199 39
1200 27
1201 60
1202 27
1203 40
1204 27
1205 27
1206 27
1207 27
1208 27
1209 27
1210 27
1211 27
1212 27
1213 27
1214 27
1215 27
1216 27
1217 27
1218 27
1219 27
1220 15
1221 27
1222 27
1223 27
1224 27
1225 15
1226 27
1227 27
1228 41
1229 27
1230 42
1231 27
1232 27
1233 27
1234 27
1235 27
1236 27
1237 27
1238 27
1239 27
1240 27
1241 89
1242 27
1243 27
1244 27
1245 27
1246 27
1247 27
1248 27
1249 27
1250 27
1251 27
1252 27
1253 27
1254 27
1255 268
1256 27
1257 27
1258 27
1259 27
1260 27
1261 27
1262 27
1263 27
1264 27
1265 27
1266 27
1267 27
1268 27
1269 141
1270 27
1271 27
1272 27
1273 27
1274 27
1275 27
1276 27
1277 27
1278 27
1279 27
1280 27
1281 27
1282 27
1283 214
1284 27
1285 27
1286 27
1287 27
1288 27
1289 27
1290 27
1291 27
1292 27
1293 27
1294 27
1295 27
1296 27
1297 27
1298 27
1299 27
1300 27
1301 27
1302 27
1303 27
1304 262
1305 27
1306 27
1307 27
1308 27
1309 27
1310 27
1311 27
1312 27
1313 27
1314 27
1315 27
1316 27
1317 27
1318 27
1319 5
1320 27
1321 27
1322 27
1323 27
1324 27
1325 27
1326 27
1327 27
1328 27
1329 27
1330 27
1331 27
1332 27
1333 27
1334 27
1335 27
1336 27
1337 27
1338 27
1339 27
1340 27
1341 27
1342 27
1343 27
1344 27
1345 27
1346 27
1347 27
1348 27
1349 27
1350 27
1351 27
1352 15
1353 27
1354 27
1355 27
1356 27
1357 27
1358 27
1359 27
1360 27
1361 27
1362 27
1363 27
1364 27
1365 27
1366 27
1367 27
1368 27
1369 27
1370 27
1371 27
1372 27
1373 27
1374 27
1375 27
1376 27
1377 27
1378 27
1379 27
1380 27
1381 27
1382 27
1383 27
1384 27
1385 27
1386 27
1387 27
1388 27
1389 27
1390 27
1391 27
1392 27
1393 27
1394 27
1395 27
1396 27
1397 27
1398 27
1399 27
1400 27
1401 27
1402 27
1403 27
1404 27
1405 27
1406 27
1407 27
1408 27
1409 27
1410 27
1411 27
1412 27
1413 27
1414 27
1415 27
1416 27
1417 27
1418 27
1419 27
1420 27
1421 27
1422 27
1423 27
1424 43
1425 27
1426 27
1427 27
1428 44
1429 27
1430 27
1431 42
1432 27
1433 27
1434 27
1435 27
1436 27
1437 27
1438 27
1439 27
1440 27
1441 27
1442 262
1443 27
1444 278
1445 27
1446 27
1447 27
1448 27
1449 27
1450 27
1451 27
1452 27
1453 27
1454 27
1455 27
1456 27
1457 27
1458 27
1459 27
1460 17
1461 27
1462 27
1463 27
1464 27
1465 27
1466 27
1467 27
1468 27
1469 27
1470 27
1471 27
1472 27
1473 27
1474 27
1475 27
1476 27
1477 27
1478 27
1479 27
1480 27
1481 27
1482 27
1483 124
1484 183
1485 27
1486 27
1487 27
1488 27
1489 27
1490 27
1491 27
1492 267
1493 27
1494 45
1495 27
1496 27
1497 27
1498 27
1499 27
1500 27
1501 27
1502 27
1503 27
1504 27
1505 27
1506 27
1507 46
1508 27
1509 27
1510 27
1511 27
1512 27
1513 27
1514 27
1515 27
1516 27
1517 27
1518 27
1519 27
1520 27
1521 27
1522 27
1523 27
1524 27
1525 27
1526 27
1527 27
1528 27
1529 27
1530 27
1531 27
1532 27
1533 27
1534 27
1535 27
1536 27
1537 27
1538 226
1539 27
1540 27
1541 27
1542 27
1543 27
1544 27
1545 27
1546 27
1547 27
1548 27
1549 27
1550 27
1551 27
1552 27
1553 27
1554 27
1555 27
1556 27
1557 27
1558 27
1559 27
1560 27
1561 27
1562 130
1563 27
1564 27
1565 27
1566 27
1567 27
1568 27
1569 27
1570 27
1571 27
1572 27
1573 27
1574 27
1575 27
1576 27
1577 27
1578 27
1579 27
1580 27
1581 27
1582 27
1583 27
1584 304
1585 27
1586 27
1587 27
1588 12
1589 27
1590 27
1591 27
1592 27
1593 27
1594 27
1595 27
1596 255
1597 27
1598 27
1599 27
1600 27
1601 27
1602 27
1603 27
1604 27
1605 27
1606 27
1607 27
1608 27
1609 27
1610 27
1611 27
1612 27
1613 27
1614 27
1615 27
1616 27
1617 27
1618 27
1619 27
1620 27
1621 27
1622 27
1623 200
1624 27
1625 27
1626 27
1627 27
1628 27
1629 27
1630 27
1631 27
1632 27
1633 27
1634 27
1635 27
1636 27
1637 6
1638 27
1639 27
1640 27
1641 47
1642 27
1643 27
1644 48
1645 27
1646 27
1647 27
1648 27
1649 27
1650 27
1651 27
1652 27
1653 27
1654 27
1655 27
1656 27
1657 27
1658 27
1659 290
1660 27
1661 27
1662 27
1663 27
1664 27
1665 27
1666 27
1667 27
1668 27
1669 27
1670 27
1671 27
1672 27
1673 49
1674 27
1675 27
1676 68
1677 27
1678 50
1679 27
1680 27
1681 27
1682 27
1683 27
1684 27
1685 27
1686 27
1687 27
1688 236
1689 27
1690 27
1691 27
1692 27
1693 27
1694 27
1695 27
1696 27
1697 27
1698 203
1699 27
1700 27
1701 27
1702 115
1703 27
1704 51
1705 27
1706 52
1707 27
1708 27
1709 27
1710 27
1711 27
1712 27
1713 27
1714 27
1715 27
1716 27
1717 52
1718 27
1719 130
1720 27
1721 27
1722 27
1723 27
1724 27
1725 27
1726 27
1727 27
1728 27
1729 27
1730 27
1731 27
1732 27
1733 27
1734 27
1735 27
1736 27
1737 27
1738 27
1739 27
1740 130
1741 27
1742 27
1743 27
1744 27
1745 27
1746 27
1747 27
1748 27
1749 27
1750 27
1751 27
1752 27
1753 27
1754 27
1755 27
1756 27
1757 27
1758 27
1759 27
1760 27
1761 53
1762 27
1763 27
1764 27
1765 27
1766 27
1767 27
1768 27
1769 27
1770 27
1771 54
1772 55
1773 27
1774 27
1775 27
1776 27
1777 56
1778 27
1779 27
1780 27
1781 27
1782 27
1783 27
1784 27
1785 27
1786 27
1787 27
1788 27
1789 23
1790 27
1791 27
1792 27
1793 27
1794 27
1795 27
1796 27
1797 27
1798 27
1799 27
1800 27
1801 27
1802 27
1803 27
1804 57
1805 27
1806 27
1807 27
1808 27
1809 27
1810 46
1811 27
1812 27
1813 27
1814 27
1815 27
1816 27
1817 27
1818 27
1819 27
1820 163
1821 27
1822 27
1823 27
1824 27
1825 27
1826 27
1827 27
1828 27
1829 27
1830 27
1831 27
1832 27
1833 27
1834 27
1835 285
1836 27
1837 27
1838 27
1839 27
1840 27
1841 27
1842 27
1843 27
1844 40
1845 27
1846 27
1847 27
1848 27
1849 27
1850 27
1851 27
1852 27
1853 27
1854 27
1855 27
1856 27
1857 27
1858 27
1859 27
1860 27
1861 27
1862 27
1863 27
1864 27
1865 27
1866 27
1867 27
1868 290
1869 27
1870 27
1871 27
1872 27
1873 27
1874 27
1875 27
1876 27
1877 27
1878 27
1879 27
1880 27
1881 27
1882 27
1883 58
1884 27
1885 27
1886 27
1887 27
1888 27
1889 27
1890 27
1891 27
1892 27
1893 27
1894 27
1895 27
1896 27
1897 27
1898 27
1899 27
1900 27
1901 59
1902 27
1903 27
1904 27
1905 27
1906 27
1907 60
1908 27
1909 27
1910 27
1911 27
1912 27
1913 27
1914 156
1915 27
1916 27
1917 27
1918 27
1919 27
1920 27
1921 27
1922 27
1923 27
1924 27
1925 27
1926 27
1927 27
1928 27
1929 27
1930 27
1931 27
1932 27
1933 27
1934 27
1935 27
1936 27
1937 27
1938 27
1939 27
1940 27
1941 27
1942 27
1943 27
1944 27
1945 27
1946 27
1947 27
1948 27
1949 27
1950 27
1951 27
1952 27
1953 27
1954 27
1955 27
1956 27
1957 27
1958 27
1959 27
1960 27
1961 27
1962 27
1963 27
1964 27
1965 27
1966 27
1967 27
1968 27
1969 27
1970 27
1971 61
1972 27
1973 27
1974 27
1975 27
1976 27
1977 27
1978 27
1979 27
1980 27
1981 27
1982 27
1983 139
1984 27
1985 27
1986 27
1987 27
1988 27
1989 27
1990 27
1991 27
1992 27
1993 27
1994 27
1995 27
1996 27
1997 27
1998 27
1999 27
2000 27
2001 27
2002 27
2003 27
2004 27
2005 27
2006 27
2007 27
2008 27
2009 27
2010 27
2011 27
2012 27
2013 27
2014 27
2015 27
2016 27
2017 27
2018 27
2019 62
2020 27
2021 27
2022 27
2023 27
2024 27
2025 27
2026 27
2027 27
2028 27
2029 27
2030 27
2031 27
2032 27
2033 27
2034 27
2035 27
2036 27
2037 27
2038 63
2039 27
2040 27
2041 27
2042 27
2043 27
2044 27
2045 27
2046 27
2047 27
2048 27
2049 27
2050 27
2051 27
2052 27
2053 27
2054 27
2055 27
2056 27
2057 27
2058 27
2059 27
2060 27
2061 248
2062 27
2063 27
2064 27
2065 27
2066 27
2067 115
2068 27
2069 27
2070 27
2071 27
2072 27
2073 27
2074 27
2075 27
2076 27
2077 27
2078 27
2079 64
2080 27
2081 27
2082 27
2083 27
2084 27
2085 27
2086 27
2087 27
2088 27
2089 27
2090 27
2091 27
2092 27
2093 27
2094 27
2095 27
2096 27
2097 27
2098 27
2099 27
2100 27
2101 27
2102 27
2103 27
2104 27
2105 27
2106 27
2107 27
2108 27
2109 27
2110 27
2111 27
2112 27
2113 27
2114 27
2115 27
2116 236
2117 27
2118 27
2119 130
2120 27
2121 27
2122 27
2123 27
2124 27
2125 27
2126 27
2127 27
2128 27
2129 27
2130 27
2131 27
2132 27
2133 27
2134 27
2135 27
2136 27
2137 27
2138 27
2139 27
2140 27
2141 27
2142 27
2143 27
2144 27
2145 139
2146 27
2147 183
2148 27
2149 27
2150 27
2151 27
2152 27
2153 27
2154 27
2155 27
2156 27
2157 27
2158 27
2159 27
2160 228
2161 27
2162 27
2163 27
2164 27
2165 27
2166 5
2167 27
2168 27
2169 27
2170 27
2171 27
2172 27
2173 27
2174 27
2175 27
2176 27
2177 42
2178 27
2179 27
2180 27
2181 27
2182 110
2183 42
2184 27
2185 27
2186 27
2187 27
2188 27
2189 27
2190 55
2191 167
2192 27
2193 27
2194 27
2195 27
2196 27
2197 27
2198 27
2199 27
2200 27
2201 27
2202 27
2203 27
2204 27
2205 27
2206 27
2207 27
2208 27
2209 27
2210 27
2211 27
2212 27
2213 27
2214 27
2215 27
2216 27
2217 27
2218 27
2219 27
2220 27
2221 27
2222 27
2223 27
2224 27
2225 27
2226 27
2227 27
2228 27
2229 27
2230 27
2231 27
2232 27
2233 77
2234 27
2235 27
2236 27
2237 27
2238 27
2239 27
2240 27
2241 27
2242 27
2243 27
2244 15
2245 27
2246 27
2247 27
2248 27
2249 27
2250 27
2251 27
2252 27
2253 27
2254 27
2255 27
2256 27
2257 27
2258 27
2259 27
2260 27
2261 27
2262 27
2263 27
2264 27
2265 27
2266 27
2267 27
2268 27
2269 27
2270 27
2271 27
2272 27
2273 27
2274 27
2275 27
2276 27
2277 27
2278 27
2279 185
2280 27
2281 27
2282 27
2283 27
2284 27
2285 27
2286 27
2287 27
2288 27
2289 27
2290 27
2291 27
2292 27
2293 27
2294 27
2295 27
2296 27
2297 27
2298 27
2299 27
2300 27
2301 27
2302 27
2303 27
2304 27
2305 27
2306 27
2307 27
2308 27
2309 27
2310 27
2311 27
2312 27
2313 65
2314 27
2315 280
2316 27
2317 27
2318 27
2319 27
2320 27
2321 27
2322 259
2323 27
2324 27
2325 27
2326 27
2327 27
2328 27
2329 27
2330 27
2331 27
2332 27
2333 27
2334 27
2335 5
2336 27
2337 27
2338 27
2339 27
2340 27
2341 27
2342 27
2343 27
2344 27
2345 27
2346 27
2347 27
2348 27
2349 27
2350 27
2351 27
2352 27
2353 27
2354 27
2355 27
2356 27
2357 27
2358 27
2359 27
2360 27
2361 27
2362 27
2363 27
2364 27
2365 27
2366 27
2367 140
2368 27
2369 27
2370 130
2371 27
2372 27
2373 27
2374 27
2375 27
2376 247
2377 27
2378 27
2379 27
2380 27
2381 27
2382 27
2383 27
2384 7
2385 27
2386 27
2387 27
2388 27
2389 27
2390 290
2391 27
2392 27
2393 27
2394 27
2395 27
2396 27
2397 27
2398 27
2399 27
2400 27
2401 27
2402 170
2403 27
2404 291
2405 27
2406 27
2407 27
2408 27
2409 27
2410 27
2411 27
2412 27
2413 27
2414 27
2415 27
2416 27
2417 27
2418 27
2419 27
2420 27
2421 27
2422 27
2423 27
2424 27
2425 27
2426 27
2427 27
2428 27
2429 27
2430 27
2431 27
2432 27
2433 27
2434 27
2435 27
2436 27
2437 27
2438 27
2439 27
2440 27
2441 27
2442 27
2443 27
2444 27
2445 27
2446 27
2447 27
2448 27
2449 27
2450 27
2451 111
2452 27
2453 27
2454 27
2455 15
2456 27
2457 27
2458 27
2459 27
2460 27
2461 27
2462 3
2463 27
2464 27
2465 27
2466 27
2467 27
2468 27
2469 27
2470 27
2471 27
2472 27
2473 27
2474 27
2475 27
2476 27
2477 27
2478 27
2479 27
2480 66
2481 67
2482 27
2483 27
2484 27
2485 27
2486 27
2487 27
2488 130
2489 27
2490 68
2491 27
2492 27
2493 27
2494 27
2495 27
2496 27
2497 27
2498 27
2499 27
2500 27
2501 27
2502 27
2503 27
2504 27
2505 27
2506 27
2507 27
2508 27
2509 69
2510 218
2511 27
2512 27
2513 27
2514 27
2515 27
2516 27
2517 27
2518 70
2519 27
2520 27
2521 27
2522 27
2523 27
2524 27
2525 27
2526 27
2527 27
2528 27
2529 27
2530 27
2531 27
2532 27
2533 27
2534 27
2535 27
2536 27
2537 27
2538 27
2539 27
2540 27
2541 27
2542 27
2543 27
2544 27
2545 27
2546 27
2547 27
2548 27
2549 27
2550 27
2551 27
2552 27
2553 27
2554 27
2555 146
2556 27
2557 27
2558 27
2559 27
2560 27
2561 27
2562 27
2563 27
2564 27
2565 27
2566 27
2567 27
2568 27
2569 27
2570 27
2571 27
2572 27
2573 27
2574 27
2575 27
2576 27
2577 27
2578 27
2579 27
2580 27
2581 27
2582 27
2583 27
2584 27
2585 27
2586 27
2587 27
2588 27
2589 130
2590 27
2591 27
2592 27
2593 27
2594 27
2595 27
2596 27
2597 27
2598 27
2599 27
2600 71
2601 27
2602 27
2603 27
2604 27
2605 27
2606 27
2607 27
2608 27
2609 27
2610 27
2611 27
2612 27
2613 27
2614 27
2615 27
2616 27
2617 27
2618 27
2619 27
2620 27
2621 27
2622 27
2623 27
2624 170
2625 27
2626 27
2627 27
2628 27
2629 27
2630 27
2631 27
2632 27
2633 27
2634 27
2635 27
2636 15
2637 27
2638 27
2639 72
2640 27
2641 27
2642 27
2643 27
2644 27
2645 27
2646 73
2647 27
2648 27
2649 27
2650 27
2651 27
2652 27
2653 27
2654 27
2655 27
2656 27
2657 27
2658 27
2659 27
2660 27
2661 27
2662 27
2663 27
2664 27
2665 27
2666 27
2667 27
2668 27
2669 27
2670 27
2671 27
2672 68
2673 27
2674 27
2675 27
2676 27
2677 27
2678 27
2679 27
2680 27
2681 27
2682 27
2683 27
2684 27
2685 27
2686 27
2687 27
2688 27
2689 27
2690 27
2691 27
2692 27
2693 27
2694 27
2695 130
2696 27
2697 27
2698 15
2699 27
2700 27
2701 27
2702 27
2703 27
2704 27
2705 15
2706 27
2707 27
2708 74
2709 75
2710 27
2711 27
2712 27
2713 27
2714 27
2715 27
2716 27
2717 27
2718 27
2719 27
2720 27
2721 27
2722 27
2723 27
2724 27
2725 76
2726 27
2727 27
2728 27
2729 27
2730 27
2731 27
2732 27
2733 77
2734 78
2735 27
2736 27
2737 230
2738 27
2739 27
2740 27
2741 27
2742 27
2743 27
2744 68
2745 27
2746 27
2747 27
2748 27
2749 54
2750 27
2751 27
2752 27
2753 27
2754 27
2755 27
2756 256
2757 27
2758 27
2759 27
2760 27
2761 27
2762 27
2763 27
2764 27
2765 27
2766 27
2767 27
2768 27
2769 27
2770 27
2771 27
2772 27
2773 27
2774 27
2775 27
2776 27
2777 27
2778 27
2779 27
2780 27
2781 27
2782 27
2783 27
2784 27
2785 27
2786 27
2787 27
2788 27
2789 27
2790 27
2791 27
2792 27
2793 27
2794 79
2795 27
2796 27
2797 27
2798 27
2799 27
2800 27
2801 27
2802 27
2803 27
2804 27
2805 27
2806 27
2807 27
2808 27
2809 27
2810 68
2811 27
2812 36
2813 27
2814 27
2815 27
2816 27
2817 27
2818 27
2819 27
2820 27
2821 27
2822 27
2823 27
2824 239
2825 27
2826 27
2827 27
2828 27
2829 27
2830 27
2831 27
2832 27
2833 27
2834 27
2835 27
2836 27
2837 27
2838 27
2839 27
2840 27
2841 27
2842 27
2843 27
2844 27
2845 27
2846 27
2847 27
2848 27
2849 27
2850 27
2851 27
2852 27
2853 27
2854 27
2855 27
2856 27
2857 27
2858 27
2859 27
2860 27
2861 27
2862 27
2863 27
2864 27
2865 27
2866 27
2867 27
2868 27
2869 27
2870 27
2871 27
2872 27
2873 27
2874 27
2875 27
2876 27
2877 27
2878 27
2879 237
2880 27
2881 27
2882 27
2883 15
2884 27
2885 27
2886 304
2887 27
2888 27
2889 27
2890 27
2891 27
2892 27
2893 290
2894 27
2895 180
2896 27
2897 27
2898 27
2899 27
2900 80
2901 27
2902 27
2903 27
2904 27
2905 27
2906 27
2907 27
2908 27
2909 27
2910 27
2911 256
2912 27
2913 27
2914 27
2915 27
2916 27
2917 27
2918 27
2919 27
2920 27
2921 27
2922 27
2923 27
2924 27
2925 27
2926 27
2927 27
2928 27
2929 27
2930 27
2931 27
2932 27
2933 27
2934 27
2935 27
2936 27
2937 27
2938 27
2939 27
2940 27
2941 27
2942 27
2943 27
2944 27
2945 27
2946 27
2947 27
2948 27
2949 27
2950 27
2951 27
2952 27
2953 27
2954 27
2955 27
2956 27
2957 27
2958 27
2959 27
2960 27
2961 81
2962 27
2963 27
2964 27
2965 27
2966 27
2967 27
2968 82
2969 27
2970 27
2971 27
2972 27
2973 27
2974 27
2975 27
2976 27
2977 27
2978 83
2979 27
2980 84
2981 27
2982 27
2983 27
2984 27
2985 27
2986 304
2987 85
2988 27
2989 27
2990 27
2991 27
2992 27
2993 86
2994 172
2995 27
2996 27
2997 27
2998 27
2999 27
3000 27
3001 27
3002 27
3003 27
3004 27
3005 27
3006 27
3007 27
3008 27
3009 27
3010 27
3011 27
3012 27
3013 27
3014 27
3015 27
3016 27
3017 27
3018 81
3019 27
3020 27
3021 27
3022 27
3023 27
3024 27
3025 27
3026 27
3027 27
3028 27
3029 27
3030 27
3031 27
3032 27
3033 27
3034 27
3035 27
3036 27
3037 27
3038 27
3039 27
3040 27
3041 27
3042 27
3043 141
3044 27
3045 27
3046 27
3047 27
3048 27
3049 27
3050 27
3051 27
3052 27
3053 27
3054 27
3055 27
3056 27
3057 27
3058 27
3059 27
3060 27
3061 27
3062 27
3063 27
3064 27
3065 27
3066 27
3067 27
3068 27
3069 27
3070 27
3071 27
3072 27
3073 27
3074 27
3075 27
3076 27
3077 27
3078 27
3079 27
3080 27
3081 27
3082 27
3083 27
3084 27
3085 27
3086 27
3087 27
3088 27
3089 27
3090 153
3091 27
3092 27
3093 27
3094 27
3095 27
3096 27
3097 27
3098 27
3099 27
3100 27
3101 27
3102 27
3103 27
3104 27
3105 27
3106 27
3107 27
3108 27
3109 27
3110 27
3111 27
3112 27
3113 27
3114 27
3115 27
3116 27
3117 27
3118 27
3119 130
3120 27
3121 27
3122 27
3123 27
3124 27
3125 27
3126 27
3127 27
3128 27
3129 27
3130 27
3131 27
3132 27
3133 27
3134 27
3135 27
3136 27
3137 27
3138 27
3139 27
3140 27
3141 27
3142 27
3143 27
3144 27
3145 27
3146 27
3147 27
3148 27
3149 27
3150 27
3151 27
3152 27
3153 27
3154 27
3155 27
3156 27
3157 27
3158 27
3159 27
3160 27
3161 27
3162 27
3163 27
3164 27
3165 27
3166 27
3167 27
3168 27
3169 27
3170 27
3171 27
3172 27
3173 27
3174 27
3175 27
3176 27
3177 27
3178 27
3179 27
3180 27
3181 87
3182 27
3183 197
3184 27
3185 27
3186 27
3187 27
3188 27
3189 27
3190 27
3191 27
3192 27
3193 27
3194 27
3195 27
3196 27
3197 27
3198 27
3199 27
3200 27
3201 27
3202 27
3203 27
3204 27
3205 27
3206 27
3207 27
3208 27
3209 27
3210 27
3211 27
3212 27
3213 27
3214 27
3215 27
3216 27
3217 27
3218 27
3219 27
3220 27
3221 27
3222 27
3223 27
3224 27
3225 27
3226 27
3227 27
3228 27
3229 27
3230 27
3231 27
3232 27
3233 27
3234 27
3235 27
3236 27
3237 27
3238 27
3239 27
3240 27
3241 27
3242 27
3243 27
3244 27
3245 27
3246 27
3247 27
3248 27
3249 27
3250 27
3251 27
3252 27
3253 27
3254 27
3255 27
3256 27
3257 27
3258 27
3259 88
3260 27
3261 27
3262 27
3263 27
3264 27
3265 27
3266 27
3267 27
3268 27
3269 27
3270 27
3271 27
3272 27
3273 130
3274 27
3275 27
3276 27
3277 27
3278 27
3279 27
3280 27
3281 27
3282 27
3283 27
3284 27
3285 27
3286 27
3287 27
3288 27
3289 27
3290 27
3291 27
3292 27
3293 89
3294 27
3295 27
3296 27
3297 27
3298 27
3299 27
3300 27
3301 27
3302 27
3303 27
3304 27
3305 90
3306 27
3307 27
3308 27
3309 27
3310 27
3311 27
3312 27
3313 27
3314 27
3315 27
3316 27
3317 27
3318 27
3319 27
3320 91
3321 27
3322 27
3323 27
3324 27
3325 27
3326 27
3327 27
3328 27
3329 27
3330 27
3331 92
3332 27
3333 27
3334 27
3335 27
3336 27
3337 27
3338 27
3339 27
3340 27
3341 27
3342 27
3343 27
3344 27
3345 27
3346 27
3347 27
3348 27
3349 27
3350 69
3351 27
3352 27
3353 27
3354 27
3355 27
3356 27
3357 27
3358 27
3359 130
3360 27
3361 71
3362 27
3363 27
3364 27
3365 27
3366 27
3367 27
3368 27
3369 27
3370 27
3371 27
3372 27
3373 27
3374 27
3375 27
3376 27
3377 27
3378 27
3379 27
3380 27
3381 27
3382 27
3383 27
3384 93
3385 27
3386 27
3387 27
3388 56
3389 27
3390 27
3391 27
3392 27
3393 27
3394 27
3395 27
3396 27
3397 27
3398 27
3399 27
3400 27
3401 27
3402 27
3403 27
3404 27
3405 27
3406 27
3407 14
3408 27
3409 27
3410 27
3411 27
3412 27
3413 27
3414 27
3415 27
3416 27
3417 27
3418 27
3419 27
3420 27
3421 27
3422 27
3423 27
3424 27
3425 27
3426 27
3427 27
3428 27
3429 27
3430 27
3431 27
3432 27
3433 27
3434 27
3435 27
3436 27
3437 27
3438 27
3439 27
3440 261
3441 27
3442 27
3443 27
3444 27
3445 27
3446 27
3447 27
3448 27
3449 27
3450 27
3451 27
3452 27
3453 27
3454 27
3455 27
3456 27
3457 292
3458 27
3459 27
3460 9
3461 27
3462 27
3463 27
3464 27
3465 27
3466 27
3467 27
3468 27
3469 27
3470 27
3471 27
3472 27
3473 27
3474 27
3475 27
3476 27
3477 27
3478 15
3479 27
3480 27
3481 27
3482 27
3483 94
3484 27
3485 27
3486 27
3487 27
3488 27
3489 27
3490 27
3491 27
3492 27
3493 27
3494 27
3495 27
3496 27
3497 27
3498 27
3499 27
3500 27
3501 27
3502 27
3503 27
3504 27
3505 27
3506 27
3507 27
3508 27
3509 27
3510 27
3511 27
3512 27
3513 27
3514 27
3515 27
3516 27
3517 27
3518 27
3519 27
3520 27
3521 170
3522 27
3523 27
3524 27
3525 27
3526 27
3527 27
3528 27
3529 95
3530 27
3531 252
3532 27
3533 27
3534 27
3535 27
3536 27
3537 27
3538 27
3539 27
3540 27
3541 27
3542 27
3543 27
3544 27
3545 27
3546 27
3547 27
3548 27
3549 27
3550 27
3551 49
3552 27
3553 96
3554 27
3555 27
3556 27
3557 27
3558 27
3559 27
3560 27
3561 97
3562 27
3563 97
3564 27
3565 27
3566 27
3567 27
3568 27
3569 27
3570 27
3571 27
3572 27
3573 27
3574 27
3575 27
3576 27
3577 27
3578 27
3579 27
3580 98
3581 99
3582 27
3583 27
3584 27
3585 27
3586 27
3587 27
3588 27
3589 27
3590 27
3591 27
3592 27
3593 27
3594 27
3595 27
3596 27
3597 130
3598 27
3599 27
3600 27
3601 27
3602 27
3603 27
3604 27
3605 15
3606 27
3607 27
3608 27
3609 27
3610 27
3611 27
3612 27
3613 21
3614 27
3615 27
3616 27
3617 27
3618 304
3619 27
3620 27
3621 27
3622 27
3623 27
3624 27
3625 27
3626 27
3627 27
3628 27
3629 159
3630 27
3631 27
3632 27
3633 27
3634 27
3635 27
3636 27
3637 27
3638 27
3639 27
3640 27
3641 27
3642 27
3643 27
3644 27
3645 27
3646 27
3647 129
3648 27
3649 27
3650 15
3651 27
3652 27
3653 27
3654 27
3655 27
3656 27
3657 27
3658 27
3659 27
3660 27
3661 27
3662 27
3663 27
3664 27
3665 130
3666 27
3667 27
3668 27
3669 27
3670 27
3671 101
3672 27
3673 27
3674 27
3675 27
3676 102
3677 27
3678 27
3679 27
3680 27
3681 27
3682 27
3683 27
3684 27
3685 27
3686 27
3687 27
3688 27
3689 27
3690 27
3691 27
3692 27
3693 27
3694 27
3695 27
3696 27
3697 103
3698 104
3699 27
3700 27
3701 27
3702 27
3703 27
3704 27
3705 105
3706 153
3707 153
3708 27
3709 106
3710 27
3711 27
3712 27
3713 27
3714 27
3715 27
3716 27
3717 27
3718 27
3719 27
3720 27
3721 27
3722 27
3723 27
3724 27
3725 27
3726 27
3727 27
3728 27
3729 257
3730 27
3731 27
3732 27
3733 27
3734 27
3735 27
3736 27
3737 27
3738 27
3739 27
3740 27
3741 27
3742 27
3743 27
3744 27
3745 27
3746 27
3747 27
3748 27
3749 27
3750 27
3751 27
3752 27
3753 27
3754 27
3755 27
3756 27
3757 27
3758 27
3759 290
3760 27
3761 27
3762 27
3763 27
3764 27
3765 27
3766 27
3767 27
3768 27
3769 27
3770 27
3771 27
3772 27
3773 27
3774 28
3775 27
3776 27
3777 27
3778 27
3779 27
3780 27
3781 27
3782 27
3783 27
3784 27
3785 27
3786 74
3787 27
3788 27
3789 27
3790 27
3791 27
3792 27
3793 27
3794 27
3795 27
3796 27
3797 27
3798 27
3799 27
3800 27
3801 27
3802 27
3803 27
3804 27
3805 27
3806 27
3807 27
3808 27
3809 27
3810 27
3811 27
3812 230
3813 262
3814 27
3815 27
3816 27
3817 27
3818 27
3819 27
3820 27
3821 27
3822 27
3823 27
3824 27
3825 27
3826 27
3827 27
3828 27
3829 27
3830 81
3831 27
3832 27
3833 27
3834 27
3835 27
3836 27
3837 27
3838 27
3839 27
3840 27
3841 27
3842 27
3843 27
3844 254
3845 27
3846 27
3847 27
3848 27
3849 27
3850 27
3851 107
3852 107
3853 27
3854 27
3855 27
3856 27
3857 27
3858 27
3859 27
3860 27
3861 27
3862 27
3863 27
3864 27
3865 108
3866 27
3867 27
3868 27
3869 27
3870 27
3871 27
3872 27
3873 27
3874 27
3875 27
3876 27
3877 27
3878 27
3879 27
3880 27
3881 27
3882 27
3883 27
3884 305
3885 27
3886 27
3887 27
3888 27
3889 27
3890 27
3891 27
3892 27
3893 27
3894 27
3895 27
3896 27
3897 27
3898 27
3899 27
3900 27
3901 27
3902 137
3903 27
3904 27
3905 27
3906 27
3907 27
3908 27
3909 27
3910 27
3911 27
3912 27
3913 27
3914 27
3915 27
3916 27
3917 262
3918 27
3919 27
3920 27
3921 27
3922 190
3923 27
3924 27
3925 27
3926 27
3927 100
3928 27
3929 27
3930 27
3931 27
3932 27
3933 27
3934 27
3935 27
3936 27
3937 27
3938 27
3939 27
3940 27
3941 27
3942 27
3943 27
3944 27
3945 27
3946 27
3947 27
3948 27
3949 27
3950 27
3951 27
3952 27
3953 27
3954 27
3955 109
3956 27
3957 27
3958 27
3959 27
3960 27
3961 27
3962 27
3963 110
3964 27
3965 27
3966 27
3967 27
3968 27
3969 27
3970 27
3971 27
3972 27
3973 27
3974 27
3975 27
3976 27
3977 27
3978 27
3979 27
3980 27
3981 27
3982 27
3983 27
3984 27
3985 27
3986 304
3987 27
3988 27
3989 27
3990 15
3991 27
3992 111
3993 27
3994 27
3995 27
3996 27
3997 27
3998 27
3999 27
4000 27
4001 112
4002 237
4003 27
4004 27
4005 113
4006 27
4007 27
4008 27
4009 27
4010 27
4011 27
4012 27
4013 27
4014 15
4015 114
4016 27
4017 27
4018 27
4019 27
4020 27
4021 27
4022 27
4023 27
4024 27
4025 27
4026 27
4027 27
4028 304
4029 27
4030 27
4031 27
4032 27
4033 27
4034 27
4035 10
4036 27
4037 42
4038 27
4039 27
4040 27
4041 27
4042 32
4043 115
4044 116
4045 27
4046 27
4047 27
4048 27
4049 27
4050 27
4051 98
4052 27
4053 27
4054 27
4055 27
4056 27
4057 27
4058 27
4059 27
4060 27
4061 27
4062 27
4063 27
4064 27
4065 27
4066 27
4067 27
4068 27
4069 27
4070 27
4071 27
4072 27
4073 27
4074 27
4075 27
4076 27
4077 117
4078 27
4079 27
4080 27
4081 27
4082 27
4083 27
4084 27
4085 27
4086 27
4087 27
4088 27
4089 27
4090 27
4091 27
4092 302
4093 27
4094 27
4095 27
4096 27
4097 131
4098 27
4099 27
4100 27
4101 27
4102 27
4103 27
4104 27
4105 27
4106 290
4107 27
4108 118
4109 42
4110 199
4111 27
4112 27
4113 27
4114 27
4115 27
4116 27
4117 27
4118 27
4119 27
4120 119
4121 27
4122 27
4123 27
4124 27
4125 27
4126 27
4127 27
4128 27
4129 27
4130 27
4131 27
4132 27
4133 27
4134 27
4135 27
4136 27
4137 27
4138 27
4139 27
4140 27
4141 27
4142 27
4143 120
4144 27
4145 27
4146 42
4147 27
4148 27
4149 27
4150 27
4151 27
4152 27
4153 27
4154 27
4155 27
4156 27
4157 27
4158 27
4159 27
4160 27
4161 27
4162 27
4163 27
4164 27
4165 27
4166 27
4167 27
4168 27
4169 228
4170 27
4171 27
4172 27
4173 27
4174 27
4175 27
4176 27
4177 27
4178 27
4179 27
4180 27
4181 27
4182 27
4183 27
4184 27
4185 27
4186 237
4187 27
4188 233
4189 27
4190 27
4191 27
4192 27
4193 27
4194 27
4195 27
4196 27
4197 27
4198 27
4199 27
4200 27
4201 171
4202 27
4203 27
4204 27
4205 27
4206 27
4207 27
4208 27
4209 27
4210 27
4211 27
4212 27
4213 121
4214 27
4215 27
4216 27
4217 27
4218 27
4219 27
4220 41
4221 27
4222 27
4223 6
4224 27
4225 27
4226 27
4227 27
4228 27
4229 27
4230 27
4231 27
4232 27
4233 27
4234 27
4235 145
4236 27
4237 27
4238 27
4239 27
4240 27
4241 27
4242 27
4243 275
4244 27
4245 27
4246 27
4247 27
4248 27
4249 27
4250 27
4251 27
4252 27
4253 27
4254 27
4255 27
4256 27
4257 27
4258 27
4259 27
4260 27
4261 27
4262 27
4263 27
4264 27
4265 122
4266 27
4267 27
4268 27
4269 27
4270 27
4271 27
4272 27
4273 27
4274 27
4275 27
4276 27
4277 27
4278 27
4279 27
4280 27
4281 27
4282 27
4283 27
4284 123
4285 27
4286 27
4287 27
4288 27
4289 27
4290 27
4291 27
4292 27
4293 27
4294 27
4295 27
4296 27
4297 27
4298 27
4299 27
4300 27
4301 27
4302 27
4303 27
4304 27
4305 27
4306 27
4307 27
4308 27
4309 27
4310 27
4311 27
4312 27
4313 27
4314 27
4315 27
4316 27
4317 27
4318 27
4319 27
4320 27
4321 27
4322 27
4323 27
4324 27
4325 27
4326 27
4327 27
4328 27
4329 27
4330 27
4331 27
4332 27
4333 27
4334 27
4335 27
4336 27
4337 27
4338 27
4339 27
4340 124
4341 27
4342 27
4343 27
4344 27
4345 27
4346 27
4347 27
4348 27
4349 27
4350 27
4351 27
4352 27
4353 27
4354 27
4355 27
4356 27
4357 27
4358 27
4359 87
4360 27
4361 27
4362 27
4363 27
4364 27
4365 27
4366 27
4367 27
4368 15
4369 27
4370 27
4371 27
4372 27
4373 27
4374 260
4375 27
4376 27
4377 27
4378 27
4379 27
4380 27
4381 27
4382 27
4383 27
4384 27
4385 27
4386 27
4387 27
4388 222
4389 27
4390 27
4391 27
4392 27
4393 27
4394 27
4395 27
4396 27
4397 27
4398 27
4399 27
4400 27
4401 27
4402 27
4403 27
4404 271
4405 125
4406 27
4407 27
4408 27
4409 27
4410 27
4411 27
4412 27
4413 27
4414 27
4415 27
4416 27
4417 27
4418 27
4419 280
4420 27
4421 27
4422 27
4423 27
4424 27
4425 126
4426 27
4427 132
4428 27
4429 27
4430 27
4431 27
4432 27
4433 27
4434 27
4435 27
4436 27
4437 27
4438 27
4439 27
4440 27
4441 71
4442 27
4443 27
4444 27
4445 27
4446 27
4447 27
4448 27
4449 27
4450 27
4451 27
4452 27
4453 27
4454 27
4455 27
4456 27
4457 27
4458 255
4459 27
4460 304
4461 27
4462 27
4463 27
4464 27
4465 27
4466 27
4467 42
4468 27
4469 27
4470 27
4471 27
4472 27
4473 27
4474 27
4475 27
4476 27
4477 27
4478 27
4479 27
4480 27
4481 27
4482 27
4483 27
4484 27
4485 27
4486 27
4487 27
4488 27
4489 27
4490 27
4491 27
4492 27
4493 27
4494 27
4495 27
4496 27
4497 27
4498 27
4499 27
4500 27
4501 27
4502 27
4503 27
4504 27
4505 27
4506 27
4507 27
4508 27
4509 27
4510 27
4511 27
4512 27
4513 27
4514 27
4515 27
4516 27
4517 27
4518 27
4519 27
4520 27
4521 127
4522 27
4523 27
4524 27
4525 27
4526 27
4527 27
4528 27
4529 27
4530 27
4531 27
4532 27
4533 27
4534 27
4535 27
4536 27
4537 27
4538 27
4539 27
4540 27
4541 27
4542 27
4543 27
4544 27
4545 27
4546 27
4547 27
4548 27
4549 27
4550 27
4551 27
4552 27
4553 27
4554 27
4555 27
4556 27
4557 27
4558 27
4559 304
4560 27
4561 27
4562 27
4563 55
4564 27
4565 27
4566 27
4567 27
4568 27
4569 27
4570 27
4571 27
4572 27
4573 27
4574 27
4575 27
4576 27
4577 27
4578 27
4579 27
4580 27
4581 27
4582 27
4583 290
4584 27
4585 27
4586 128
4587 27
4588 27
4589 27
4590 27
4591 27
4592 27
4593 27
4594 153
4595 27
4596 27
4597 27
4598 27
4599 27
4600 27
4601 27
4602 27
4603 27
4604 27
4605 27
4606 27
4607 27
4608 27
4609 27
4610 110
4611 27
4612 27
4613 27
4614 27
4615 27
4616 27
4617 27
4618 27
4619 27
4620 27
4621 27
4622 27
4623 101
4624 27
4625 27
4626 27
4627 27
4628 27
4629 27
4630 27
4631 27
4632 27
4633 27
4634 27
4635 27
4636 27
4637 27
4638 27
4639 27
4640 27
4641 27
4642 27
4643 27
4644 129
4645 27
4646 27
4647 27
4648 27
4649 27
4650 27
4651 27
4652 42
4653 27
4654 27
4655 27
4656 27
4657 27
4658 27
4659 27
4660 243
4661 27
4662 27
4663 27
4664 27
4665 27
4666 27
4667 132
4668 27
4669 27
4670 27
4671 27
4672 27
4673 27
4674 27
4675 13
4676 27
4677 27
4678 27
4679 27
4680 213
4681 27
4682 27
4683 228
4684 130
4685 27
4686 27
4687 27
4688 27
4689 27
4690 27
4691 68
4692 27
4693 27
4694 27
4695 73
4696 27
4697 73
4698 27
4699 27
4700 27
4701 130
4702 27
4703 27
4704 27
4705 27
4706 27
4707 27
4708 27
4709 27
4710 27
4711 27
4712 27
4713 27
4714 27
4715 27
4716 182
4717 27
4718 114
4719 27
4720 27
4721 27
4722 27
4723 27
4724 27
4725 27
4726 27
4727 27
4728 27
4729 27
4730 27
4731 27
4732 27
4733 27
4734 131
4735 27
4736 27
4737 27
4738 27
4739 27
4740 54
4741 27
4742 27
4743 27
4744 27
4745 27
4746 27
4747 27
4748 27
4749 27
4750 27
4751 27
4752 27
4753 27
4754 27
4755 128
4756 27
4757 27
4758 27
4759 27
4760 27
4761 27
4762 27
4763 27
4764 27
4765 27
4766 27
4767 290
4768 27
4769 27
4770 130
4771 27
4772 27
4773 27
4774 27
4775 132
4776 27
4777 27
4778 27
4779 27
4780 27
4781 27
4782 15
4783 244
4784 27
4785 27
4786 27
4787 27
4788 27
4789 27
4790 27
4791 27
4792 27
4793 27
4794 27
4795 27
4796 27
4797 27
4798 27
4799 27
4800 27
4801 27
4802 27
4803 27
4804 27
4805 27
4806 27
4807 27
4808 27
4809 27
4810 27
4811 27
4812 27
4813 27
4814 27
4815 27
4816 27
4817 27
4818 27
4819 27
4820 27
4821 27
4822 27
4823 27
4824 27
4825 27
4826 27
4827 27
4828 27
4829 27
4830 27
4831 27
4832 27
4833 27
4834 27
4835 27
4836 27
4837 27
4838 27
4839 27
4840 27
4841 27
4842 27
4843 130
4844 27
4845 27
4846 27
4847 27
4848 27
4849 15
4850 27
4851 27
4852 27
4853 227
4854 27
4855 27
4856 27
4857 27
4858 27
4859 27
4860 27
4861 27
4862 27
4863 27
4864 27
4865 27
4866 27
4867 27
4868 27
4869 27
4870 27
4871 27
4872 27
4873 27
4874 27
4875 62
4876 27
4877 7
4878 27
4879 27
4880 27
4881 27
4882 27
4883 27
4884 27
4885 27
4886 27
4887 27
4888 27
4889 27
4890 27
4891 27
4892 27
4893 27
4894 27
4895 27
4896 27
4897 27
4898 27
4899 27
4900 27
4901 27
4902 27
4903 27
4904 27
4905 27
4906 27
4907 27
4908 229
4909 27
4910 27
4911 27
4912 61
4913 27
4914 27
4915 27
4916 27
4917 133
4918 27
4919 27
4920 27
4921 27
4922 27
4923 27
4924 27
4925 27
4926 27
4927 27
4928 27
4929 27
4930 27
4931 27
4932 27
4933 27
4934 27
4935 27
4936 27
4937 237
4938 27
4939 27
4940 27
4941 27
4942 27
4943 27
4944 27
4945 42
4946 27
4947 134
4948 27
4949 27
4950 27
4951 27
4952 27
4953 27
4954 27
4955 27
4956 27
4957 27
4958 27
4959 27
4960 27
4961 27
4962 27
4963 27
4964 27
4965 190
4966 27
4967 27
4968 27
4969 27
4970 27
4971 27
4972 27
4973 27
4974 27
4975 27
4976 27
4977 27
4978 71
4979 27
4980 27
4981 27
4982 58
4983 27
4984 27
4985 27
4986 27
4987 27
4988 27
4989 27
4990 27
4991 27
4992 27
4993 27
4994 27
4995 190
4996 27
4997 27
4998 27
4999 27
5000 27
5001 27
5002 27
5003 27
5004 204
5005 27
5006 27
5007 27
5008 27
5009 27
5010 27
5011 27
5012 27
5013 27
5014 27
5015 27
5016 27
5017 27
5018 27
5019 27
5020 27
5021 27
5022 95
5023 27
5024 27
5025 27
5026 27
5027 27
5028 27
5029 27
5030 27
5031 303
5032 27
5033 27
5034 135
5035 161
5036 27
5037 27
5038 27
5039 78
5040 27
5041 27
5042 27
5043 27
5044 27
5045 27
5046 27
5047 27
5048 27
5049 33
5050 27
5051 27
5052 27
5053 27
5054 27
5055 27
5056 27
5057 27
5058 27
5059 27
5060 27
5061 27
5062 27
5063 27
5064 27
5065 27
5066 27
5067 121
5068 264
5069 27
5070 27
5071 27
5072 27
5073 27
5074 27
5075 27
5076 27
5077 27
5078 27
5079 27
5080 27
5081 27
5082 27
5083 27
5084 27
5085 130
5086 27
5087 27
5088 27
5089 27
5090 27
5091 27
5092 27
5093 27
5094 27
5095 27
5096 27
5097 27
5098 27
5099 27
5100 136
5101 27
5102 27
5103 27
5104 27
5105 27
5106 27
5107 27
5108 27
5109 27
5110 27
5111 27
5112 27
5113 27
5114 27
5115 27
5116 27
5117 27
5118 137
5119 27
5120 27
5121 27
5122 27
5123 27
5124 27
5125 27
5126 27
5127 27
5128 27
5129 27
5130 27
5131 27
5132 27
5133 27
5134 27
5135 27
5136 27
5137 27
5138 27
5139 27
5140 27
5141 27
5142 297
5143 27
5144 27
5145 27
5146 27
5147 27
5148 27
5149 27
5150 130
5151 27
5152 27
5153 27
5154 27
5155 27
5156 27
5157 138
5158 27
5159 27
5160 104
5161 27
5162 27
5163 27
5164 27
5165 27
5166 304
5167 139
5168 27
5169 27
5170 27
5171 27
5172 27
5173 27
5174 27
5175 27
5176 27
5177 27
5178 27
5179 27
5180 27
5181 27
5182 27
5183 27
5184 27
5185 27
5186 27
5187 27
5188 27
5189 27
5190 27
5191 27
5192 27
5193 27
5194 27
5195 213
5196 27
5197 27
5198 27
5199 27
5200 27
5201 27
5202 27
5203 27
5204 27
5205 27
5206 27
5207 27
5208 27
5209 27
5210 27
5211 27
5212 27
5213 27
5214 27
5215 27
5216 27
5217 27
5218 27
5219 27
5220 27
5221 27
5222 27
5223 27
5224 27
5225 27
5226 27
5227 1
5228 27
5229 27
5230 27
5231 27
5232 27
5233 27
5234 140
5235 27
5236 27
5237 27
5238 27
5239 27
5240 27
5241 27
5242 27
5243 27
5244 27
5245 27
5246 27
5247 27
5248 27
5249 27
5250 27
5251 27
5252 27
5253 27
5254 27
5255 27
5256 27
5257 27
5258 27
5259 130
5260 27
5261 27
5262 27
5263 27
5264 27
5265 27
5266 27
5267 27
5268 27
5269 27
5270 27
5271 141
5272 27
5273 27
5274 27
5275 27
5276 27
5277 27
5278 27
5279 27
5280 27
5281 27
5282 142
5283 27
5284 27
5285 27
5286 27
5287 27
5288 142
5289 27
5290 27
5291 27
5292 27
5293 27
5294 27
5295 27
5296 27
5297 27
5298 27
5299 27
5300 27
5301 130
5302 27
5303 27
5304 27
5305 27
5306 27
5307 27
5308 27
5309 27
5310 27
5311 179
5312 27
5313 27
5314 27
5315 27
5316 27
5317 27
5318 27
5319 27
5320 27
5321 27
5322 27
5323 27
5324 27
5325 27
5326 27
5327 27
5328 27
5329 27
5330 27
5331 27
5332 27
5333 27
5334 27
5335 27
5336 27
5337 27
5338 27
5339 27
5340 27
5341 27
5342 27
5343 27
5344 27
5345 143
5346 144
5347 145
5348 27
5349 27
5350 27
5351 27
5352 27
5353 27
5354 27
5355 27
5356 27
5357 27
5358 27
5359 27
5360 27
5361 27
5362 27
5363 27
5364 27
5365 27
5366 81
5367 27
5368 27
5369 27
5370 27
5371 27
5372 192
5373 27
5374 27
5375 27
5376 27
5377 27
5378 27
5379 27
5380 27
5381 27
5382 27
5383 27
5384 27
5385 130
5386 27
5387 27
5388 27
5389 27
5390 27
5391 27
5392 27
5393 27
5394 27
5395 27
5396 27
5397 27
5398 27
5399 27
5400 27
5401 27
5402 27
5403 27
5404 27
5405 27
5406 27
5407 27
5408 27
5409 27
5410 27
5411 27
5412 27
5413 27
5414 27
5415 27
5416 27
5417 6
5418 27
5419 27
5420 27
5421 27
5422 82
5423 27
5424 27
5425 27
5426 27
5427 27
5428 27
5429 27
5430 27
5431 27
5432 27
5433 27
5434 27
5435 27
5436 27
5437 27
5438 27
5439 27
5440 27
5441 27
5442 27
5443 27
5444 27
5445 27
5446 27
5447 27
5448 27
5449 27
5450 27
5451 27
5452 27
5453 27
5454 27
5455 27
5456 27
5457 27
5458 27
5459 27
5460 27
5461 27
5462 27
5463 27
5464 27
5465 27
5466 27
5467 27
5468 27
5469 27
5470 27
5471 27
5472 27
5473 27
5474 27
5475 27
5476 27
5477 27
5478 27
5479 27
5480 27
5481 27
5482 27
5483 27
5484 27
5485 27
5486 27
5487 27
5488 27
5489 27
5490 27
5491 27
5492 27
5493 27
5494 27
5495 27
5496 27
5497 27
5498 27
5499 27
5500 27
5501 27
5502 27
5503 27
5504 27
5505 27
5506 27
5507 27
5508 27
5509 27
5510 27
5511 27
5512 27
5513 146
5514 27
5515 27
5516 27
5517 27
5518 27
5519 27
5520 27
5521 27
5522 147
5523 27
5524 27
5525 27
5526 27
5527 27
5528 27
5529 27
5530 27
5531 27
5532 27
5533 298
5534 27
5535 27
5536 27
5537 27
5538 27
5539 27
5540 27
5541 27
5542 27
5543 27
5544 27
5545 27
5546 27
5547 27
5548 27
5549 27
5550 27
5551 27
5552 27
5553 27
5554 27
5555 27
5556 27
5557 27
5558 27
5559 27
5560 27
5561 27
5562 27
5563 27
5564 27
5565 27
5566 27
5567 27
5568 6
5569 27
5570 27
5571 27
5572 27
5573 27
5574 27
5575 27
5576 27
5577 27
5578 27
5579 27
5580 27
5581 27
5582 136
5583 27
5584 27
5585 27
5586 27
5587 27
5588 27
5589 27
5590 27
5591 27
5592 27
5593 27
5594 27
5595 27
5596 27
5597 148
5598 148
5599 27
5600 27
5601 27
5602 27
5603 27
5604 27
5605 27
5606 27
5607 27
5608 27
5609 27
5610 27
5611 27
5612 168
5613 27
5614 27
5615 27
5616 27
5617 27
5618 27
5619 306
5620 27
5621 27
5622 27
5623 27
5624 81
5625 27
5626 27
5627 149
5628 27
5629 27
5630 27
5631 27
5632 27
5633 27
5634 27
5635 27
5636 27
5637 27
5638 27
5639 27
5640 27
5641 27
5642 27
5643 27
5644 27
5645 27
5646 27
5647 27
5648 27
5649 27
5650 27
5651 27
5652 27
5653 80
5654 27
5655 80
5656 27
5657 27
5658 27
5659 27
5660 27
5661 27
5662 130
5663 27
5664 27
5665 27
5666 27
5667 27
5668 27
5669 27
5670 27
5671 27
5672 27
5673 27
5674 27
5675 27
5676 27
5677 27
5678 19
5679 27
5680 27
5681 27
5682 30
5683 27
5684 27
5685 27
5686 27
5687 27
5688 27
5689 27
5690 27
5691 27
5692 27
5693 127
5694 27
5695 27
5696 27
5697 27
5698 27
5699 27
5700 27
5701 27
5702 27
5703 27
5704 27
5705 27
5706 27
5707 27
5708 27
5709 27
5710 27
5711 27
5712 27
5713 27
5714 27
5715 27
5716 27
5717 27
5718 27
5719 27
5720 27
5721 27
5722 27
5723 27
5724 27
5725 27
5726 27
5727 27
5728 27
5729 27
5730 27
5731 27
5732 27
5733 27
5734 27
5735 150
5736 27
5737 27
5738 27
5739 27
5740 27
5741 27
5742 27
5743 27
5744 27
5745 27
5746 27
5747 27
5748 27
5749 27
5750 27
5751 27
5752 27
5753 27
5754 27
5755 27
5756 27
5757 27
5758 27
5759 27
5760 27
5761 27
5762 27
5763 27
5764 27
5765 27
5766 27
5767 27
5768 27
5769 151
5770 27
5771 27
5772 27
5773 27
5774 27
5775 27
5776 27
5777 27
5778 27
5779 27
5780 27
5781 280
5782 27
5783 27
5784 133
5785 130
5786 27
5787 27
5788 27
5789 27
5790 27
5791 27
5792 27
5793 27
5794 27
5795 27
5796 27
5797 27
5798 27
5799 27
5800 27
5801 27
5802 27
5803 27
5804 27
5805 27
5806 27
5807 27
5808 27
5809 27
5810 304
5811 27
5812 27
5813 6
5814 27
5815 27
5816 27
5817 6
5818 27
5819 27
5820 152
5821 201
5822 27
5823 27
5824 27
5825 27
5826 27
5827 27
5828 27
5829 304
5830 27
5831 27
5832 27
5833 153
5834 27
5835 27
5836 27
5837 27
5838 27
5839 27
5840 50
5841 27
5842 27
5843 27
5844 154
5845 27
5846 27
5847 27
5848 27
5849 27
5850 27
5851 27
5852 27
5853 27
5854 27
5855 27
5856 27
5857 27
5858 27
5859 27
5860 4
5861 27
5862 27
5863 27
5864 27
5865 27
5866 27
5867 27
5868 27
5869 27
5870 27
5871 27
5872 27
5873 27
5874 27
5875 27
5876 251
5877 27
5878 27
5879 27
5880 27
5881 27
5882 27
5883 27
5884 27
5885 27
5886 27
5887 27
5888 27
5889 27
5890 27
5891 27
5892 27
5893 27
5894 27
5895 27
5896 27
5897 27
5898 27
5899 27
5900 27
5901 27
5902 116
5903 27
5904 27
5905 27
5906 27
5907 27
5908 27
5909 27
5910 27
5911 27
5912 13
5913 134
5914 27
5915 27
5916 27
5917 27
5918 27
5919 27
5920 27
5921 27
5922 27
5923 27
5924 27
5925 27
5926 27
5927 273
5928 27
5929 27
5930 27
5931 27
5932 27
5933 27
5934 27
5935 27
5936 27
5937 27
5938 27
5939 27
5940 27
5941 27
5942 27
5943 217
5944 27
5945 27
5946 27
5947 27
5948 139
5949 27
5950 27
5951 27
5952 27
5953 27
5954 27
5955 76
5956 27
5957 27
5958 45
5959 27
5960 27
5961 27
5962 27
5963 27
5964 27
5965 27
5966 27
5967 27
5968 27
5969 27
5970 27
5971 27
5972 27
5973 27
5974 27
5975 27
5976 27
5977 27
5978 27
5979 27
5980 27
5981 27
5982 27
5983 27
5984 27
5985 27
5986 27
5987 27
5988 27
5989 27
5990 27
5991 27
5992 27
5993 27
5994 27
5995 27
5996 27
5997 27
5998 27
5999 27
6000 27
6001 27
6002 27
6003 27
6004 27
6005 27
6006 27
6007 27
6008 27
6009 27
6010 27
6011 27
6012 27
6013 27
6014 27
6015 27
6016 27
6017 27
6018 60
6019 27
6020 27
6021 27
6022 27
6023 27
6024 155
6025 27
6026 27
6027 27
6028 27
6029 27
6030 27
6031 27
6032 27
6033 130
6034 27
6035 27
6036 27
6037 27
6038 27
6039 27
6040 27
6041 27
6042 27
6043 27
6044 27
6045 27
6046 27
6047 27
6048 27
6049 27
6050 27
6051 27
6052 27
6053 27
6054 27
6055 27
6056 27
6057 27
6058 27
6059 27
6060 27
6061 8
6062 27
6063 27
6064 27
6065 27
6066 27
6067 27
6068 5
6069 27
6070 27
6071 27
6072 27
6073 27
6074 27
6075 27
6076 27
6077 27
6078 27
6079 27
6080 27
6081 27
6082 27
6083 27
6084 27
6085 27
6086 27
6087 27
6088 27
6089 27
6090 27
6091 27
6092 123
6093 27
6094 27
6095 27
6096 27
6097 27
6098 27
6099 27
6100 27
6101 27
6102 27
6103 27
6104 27
6105 27
6106 27
6107 27
6108 27
6109 27
6110 27
6111 27
6112 27
6113 27
6114 27
6115 27
6116 27
6117 27
6118 27
6119 27
6120 27
6121 27
6122 27
6123 27
6124 27
6125 27
6126 27
6127 27
6128 27
6129 27
6130 27
6131 27
6132 27
6133 27
6134 27
6135 27
6136 27
6137 27
6138 27
6139 42
6140 42
6141 27
6142 27
6143 27
6144 27
6145 27
6146 27
6147 27
6148 27
6149 27
6150 27
6151 193
6152 27
6153 27
6154 27
6155 27
6156 27
6157 27
6158 27
6159 27
6160 27
6161 27
6162 27
6163 304
6164 27
6165 27
6166 75
6167 27
6168 27
6169 130
6170 111
6171 27
6172 27
6173 27
6174 27
6175 27
6176 27
6177 27
6178 27
6179 27
6180 27
6181 27
6182 27
6183 27
6184 27
6185 27
6186 27
6187 27
6188 27
6189 27
6190 27
6191 27
6192 99
6193 27
6194 276
6195 27
6196 27
6197 27
6198 27
6199 27
6200 27
6201 27
6202 27
6203 27
6204 27
6205 27
6206 27
6207 27
6208 27
6209 27
6210 27
6211 27
6212 27
6213 27
6214 90
6215 27
6216 27
6217 27
6218 27
6219 27
6220 27
6221 27
6222 27
6223 27
6224 27
6225 27
6226 27
6227 27
6228 27
6229 27
6230 27
6231 27
6232 27
6233 27
6234 27
6235 27
6236 27
6237 6
6238 27
6239 27
6240 27
6241 27
6242 27
6243 27
6244 27
6245 27
6246 27
6247 27
6248 27
6249 27
6250 27
6251 27
6252 27
6253 27
6254 27
6255 27
6256 27
6257 27
6258 156
6259 27
6260 27
6261 27
6262 27
6263 27
6264 27
6265 157
6266 27
6267 27
6268 158
6269 27
6270 27
6271 27
6272 27
6273 27
6274 159
6275 27
6276 27
6277 27
6278 27
6279 27
6280 27
6281 27
6282 27
6283 27
6284 27
6285 27
6286 27
6287 27
6288 27
6289 27
6290 27
6291 27
6292 27
6293 27
6294 27
6295 27
6296 27
6297 159
6298 27
6299 27
6300 27
6301 27
6302 27
6303 27
6304 27
6305 219
6306 27
6307 27
6308 27
6309 27
6310 27
6311 27
6312 27
6313 27
6314 290
6315 27
6316 27
6317 27
6318 27
6319 27
6320 81
6321 27
6322 27
6323 27
6324 27
6325 27
6326 27
6327 27
6328 27
6329 27
6330 27
6331 27
6332 27
6333 27
6334 27
6335 27
6336 27
6337 160
6338 27
6339 27
6340 161
6341 27
6342 27
6343 27
6344 27
6345 27
6346 27
6347 27
6348 27
6349 27
6350 27
6351 27
6352 27
6353 27
6354 27
6355 27
6356 27
6357 27
6358 27
6359 27
6360 27
6361 162
6362 162
6363 27
6364 27
6365 27
6366 27
6367 27
6368 27
6369 27
6370 27
6371 27
6372 27
6373 27
6374 27
6375 27
6376 27
6377 27
6378 27
6379 27
6380 27
6381 27
6382 27
6383 27
6384 27
6385 27
6386 27
6387 27
6388 27
6389 27
6390 27
6391 27
6392 111
6393 27
6394 27
6395 27
6396 27
6397 27
6398 27
6399 27
6400 27
6401 27
6402 27
6403 27
6404 27
6405 27
6406 27
6407 27
6408 27
6409 27
6410 27
6411 27
6412 27
6413 27
6414 27
6415 27
6416 27
6417 27
6418 163
6419 164
6420 27
6421 27
6422 27
6423 27
6424 49
6425 27
6426 27
6427 27
6428 27
6429 27
6430 27
6431 27
6432 27
6433 27
6434 27
6435 27
6436 27
6437 27
6438 27
6439 27
6440 27
6441 27
6442 27
6443 27
6444 27
6445 207
6446 27
6447 27
6448 27
6449 27
6450 27
6451 27
6452 27
6453 27
6454 27
6455 27
6456 27
6457 27
6458 27
6459 27
6460 27
6461 27
6462 27
6463 27
6464 27
6465 27
6466 27
6467 27
6468 27
6469 27
6470 27
6471 27
6472 27
6473 27
6474 27
6475 27
6476 27
6477 27
6478 27
6479 165
6480 27
6481 27
6482 130
6483 27
6484 27
6485 27
6486 27
6487 27
6488 15
6489 27
6490 27
6491 27
6492 27
6493 27
6494 27
6495 27
6496 27
6497 27
6498 27
6499 27
6500 27
6501 27
6502 27
6503 27
6504 27
6505 27
6506 27
6507 27
6508 27
6509 15
6510 81
6511 27
6512 27
6513 27
6514 27
6515 27
6516 27
6517 27
6518 27
6519 27
6520 27
6521 27
6522 27
6523 27
6524 27
6525 27
6526 27
6527 27
6528 27
6529 27
6530 27
6531 27
6532 27
6533 27
6534 27
6535 304
6536 27
6537 27
6538 27
6539 27
6540 27
6541 27
6542 27
6543 27
6544 27
6545 27
6546 27
6547 27
6548 27
6549 27
6550 27
6551 27
6552 27
6553 27
6554 27
6555 27
6556 27
6557 27
6558 27
6559 27
6560 27
6561 27
6562 27
6563 27
6564 27
6565 27
6566 27
6567 27
6568 27
6569 27
6570 27
6571 27
6572 27
6573 27
6574 27
6575 27
6576 27
6577 27
6578 27
6579 27
6580 27
6581 27
6582 27
6583 27
6584 27
6585 27
6586 27
6587 27
6588 27
6589 27
6590 27
6591 27
6592 27
6593 27
6594 27
6595 27
6596 27
6597 27
6598 27
6599 27
6600 27
6601 27
6602 27
6603 27
6604 27
6605 27
6606 27
6607 27
6608 27
6609 27
6610 27
6611 27
6612 27
6613 27
6614 27
6615 27
6616 27
6617 27
6618 27
6619 27
6620 27
6621 27
6622 27
6623 27
6624 27
6625 27
6626 27
6627 27
6628 72
6629 27
6630 27
6631 27
6632 27
6633 27
6634 27
6635 27
6636 27
6637 27
6638 27
6639 27
6640 27
6641 27
6642 27
6643 27
6644 27
6645 27
6646 27
6647 27
6648 27
6649 27
6650 27
6651 27
6652 27
6653 27
6654 27
6655 27
6656 27
6657 27
6658 27
6659 27
6660 27
6661 68
6662 36
6663 27
6664 27
6665 139
6666 27
6667 27
6668 27
6669 27
6670 27
6671 27
6672 27
6673 27
6674 27
6675 27
6676 27
6677 27
6678 27
6679 27
6680 27
6681 27
6682 27
6683 27
6684 27
6685 27
6686 27
6687 27
6688 27
6689 27
6690 27
6691 27
6692 27
6693 27
6694 27
6695 27
6696 27
6697 27
6698 27
6699 27
6700 27
6701 27
6702 27
6703 27
6704 27
6705 27
6706 27
6707 27
6708 27
6709 27
6710 27
6711 166
6712 27
6713 27
6714 27
6715 15
6716 27
6717 27
6718 27
6719 27
6720 27
6721 27
6722 27
6723 27
6724 27
6725 27
6726 27
6727 27
6728 27
6729 27
6730 27
6731 27
6732 27
6733 27
6734 27
6735 27
6736 167
6737 27
6738 304
6739 6
6740 95
6741 27
6742 27
6743 84
6744 27
6745 27
6746 27
6747 152
6748 27
6749 130
6750 27
6751 27
6752 27
6753 27
6754 27
6755 27
6756 27
6757 27
6758 27
6759 27
6760 27
6761 27
6762 27
6763 176
6764 27
6765 27
6766 27
6767 27
6768 27
6769 27
6770 27
6771 27
6772 27
6773 27
6774 27
6775 168
6776 27
6777 27
6778 27
6779 27
6780 27
6781 27
6782 27
6783 27
6784 27
6785 169
6786 27
6787 27
6788 27
6789 27
6790 27
6791 27
6792 27
6793 27
6794 27
6795 27
6796 27
6797 27
6798 27
6799 27
6800 27
6801 27
6802 27
6803 27
6804 27
6805 27
6806 27
6807 27
6808 27
6809 130
6810 27
6811 27
6812 27
6813 27
6814 27
6815 27
6816 27
6817 27
6818 27
6819 27
6820 27
6821 27
6822 15
6823 27
6824 27
6825 27
6826 27
6827 27
6828 27
6829 27
6830 27
6831 27
6832 27
6833 27
6834 27
6835 27
6836 27
6837 27
6838 27
6839 27
6840 27
6841 27
6842 27
6843 27
6844 27
6845 27
6846 27
6847 27
6848 27
6849 27
6850 304
6851 27
6852 27
6853 27
6854 27
6855 27
6856 27
6857 27
6858 27
6859 27
6860 27
6861 27
6862 298
6863 27
6864 27
6865 27
6866 27
6867 27
6868 27
6869 27
6870 27
6871 27
6872 170
6873 27
6874 27
6875 27
6876 27
6877 27
6878 27
6879 27
6880 27
6881 27
6882 27
6883 27
6884 27
6885 27
6886 27
6887 27
6888 27
6889 27
6890 27
6891 290
6892 27
6893 27
6894 27
6895 27
6896 27
6897 27
6898 47
6899 27
6900 15
6901 27
6902 27
6903 27
6904 27
6905 27
6906 27
6907 27
6908 27
6909 27
6910 27
6911 27
6912 27
6913 27
6914 27
6915 27
6916 27
6917 27
6918 27
6919 27
6920 27
6921 27
6922 27
6923 27
6924 27
6925 27
6926 27
6927 94
6928 27
6929 6
6930 27
6931 27
6932 27
6933 27
6934 27
6935 27
6936 27
6937 27
6938 27
6939 27
6940 27
6941 27
6942 27
6943 27
6944 27
6945 27
6946 27
6947 27
6948 27
6949 27
6950 27
6951 27
6952 27
6953 27
6954 27
6955 27
6956 27
6957 27
6958 27
6959 27
6960 27
6961 27
6962 27
6963 27
6964 27
6965 27
6966 27
6967 27
6968 27
6969 27
6970 27
6971 27
6972 27
6973 27
6974 27
6975 27
6976 27
6977 27
6978 27
6979 27
6980 27
6981 27
6982 27
6983 27
6984 27
6985 27
6986 27
6987 27
6988 27
6989 27
6990 27
6991 27
6992 27
6993 176
6994 27
6995 27
6996 27
6997 176
6998 27
6999 27
7000 27
7001 27
7002 27
7003 172
7004 27
7005 27
7006 27
7007 27
7008 27
7009 27
7010 27
7011 27
7012 27
7013 27
7014 27
7015 27
7016 27
7017 152
7018 27
7019 27
7020 27
7021 27
7022 290
7023 27
7024 27
7025 27
7026 27
7027 27
7028 27
7029 27
7030 27
7031 27
7032 27
7033 27
7034 27
7035 27
7036 27
7037 27
7038 27
7039 27
7040 27
7041 27
7042 27
7043 27
7044 27
7045 27
7046 27
7047 27
7048 27
7049 27
7050 27
7051 27
7052 27
7053 27
7054 27
7055 27
7056 27
7057 98
7058 27
7059 27
7060 27
7061 27
7062 27
7063 27
7064 27
7065 27
7066 27
7067 27
7068 27
7069 27
7070 27
7071 27
7072 27
7073 27
7074 27
7075 27
7076 27
7077 27
7078 27
7079 27
7080 27
7081 27
7082 27
7083 27
7084 27
7085 27
7086 27
7087 27
7088 130
7089 27
7090 27
7091 27
7092 27
7093 27
7094 27
7095 27
7096 27
7097 27
7098 27
7099 27
7100 27
7101 27
7102 27
7103 27
7104 27
7105 27
7106 27
7107 27
7108 27
7109 27
7110 27
7111 27
7112 27
7113 27
7114 27
7115 27
7116 27
7117 27
7118 290
7119 27
7120 27
7121 27
7122 27
7123 27
7124 27
7125 27
7126 27
7127 27
7128 27
7129 27
7130 27
7131 27
7132 27
7133 27
7134 27
7135 27
7136 27
7137 27
7138 27
7139 224
7140 27
7141 27
7142 72
7143 27
7144 27
7145 27
7146 27
7147 27
7148 27
7149 27
7150 27
7151 27
7152 27
7153 27
7154 27
7155 27
7156 27
7157 27
7158 156
7159 27
7160 27
7161 4
7162 27
7163 27
7164 270
7165 27
7166 27
7167 27
7168 27
7169 27
7170 27
7171 27
7172 27
7173 27
7174 27
7175 27
7176 27
7177 27
7178 6
7179 27
7180 80
7181 27
7182 27
7183 27
7184 27
7185 27
7186 27
7187 27
7188 27
7189 27
7190 27
7191 27
7192 27
7193 27
7194 27
7195 27
7196 27
7197 27
7198 122
7199 27
7200 27
7201 27
7202 27
7203 27
7204 27
7205 27
7206 173
7207 27
7208 27
7209 27
7210 27
7211 27
7212 27
7213 27
7214 27
7215 27
7216 27
7217 27
7218 27
7219 27
7220 27
7221 79
7222 27
7223 27
7224 27
7225 27
7226 27
7227 27
7228 27
7229 27
7230 27
7231 27
7232 27
7233 27
7234 304
7235 27
7236 27
7237 130
7238 27
7239 27
7240 27
7241 27
7242 27
7243 27
7244 27
7245 27
7246 27
7247 27
7248 27
7249 27
7250 27
7251 27
7252 27
7253 27
7254 27
7255 27
7256 27
7257 27
7258 27
7259 27
7260 27
7261 27
7262 27
7263 27
7264 27
7265 27
7266 27
7267 27
7268 27
7269 27
7270 27
7271 27
7272 27
7273 27
7274 174
7275 27
7276 27
7277 27
7278 27
7279 27
7280 27
7281 27
7282 27
7283 27
7284 27
7285 27
7286 27
7287 27
7288 27
7289 27
7290 27
7291 27
7292 27
7293 27
7294 27
7295 27
7296 27
7297 27
7298 27
7299 27
7300 27
7301 27
7302 27
7303 27
7304 27
7305 27
7306 27
7307 27
7308 27
7309 27
7310 27
7311 27
7312 27
7313 27
7314 27
7315 27
7316 27
7317 27
7318 27
7319 27
7320 27
7321 27
7322 27
7323 27
7324 27
7325 27
7326 27
7327 27
7328 27
7329 27
7330 27
7331 27
7332 27
7333 27
7334 27
7335 175
7336 27
7337 27
7338 27
7339 27
7340 27
7341 27
7342 27
7343 27
7344 27
7345 211
7346 27
7347 27
7348 27
7349 27
7350 27
7351 27
7352 27
7353 290
7354 27
7355 27
7356 27
7357 27
7358 27
7359 27
7360 27
7361 27
7362 27
7363 27
7364 27
7365 27
7366 27
7367 27
7368 27
7369 27
7370 27
7371 15
7372 27
7373 27
7374 27
7375 27
7376 27
7377 27
7378 27
7379 27
7380 27
7381 27
7382 27
7383 27
7384 27
7385 27
7386 27
7387 27
7388 27
7389 27
7390 27
7391 27
7392 27
7393 27
7394 118
7395 27
7396 27
7397 27
7398 92
7399 27
7400 27
7401 27
7402 27
7403 27
7404 27
7405 27
7406 27
7407 27
7408 27
7409 27
7410 27
7411 27
7412 27
7413 27
7414 27
7415 27
7416 27
7417 27
7418 27
7419 27
7420 27
7421 27
7422 27
7423 27
7424 27
7425 27
7426 27
7427 27
7428 27
7429 27
7430 27
7431 15
7432 27
7433 27
7434 27
7435 27
7436 27
7437 27
7438 27
7439 27
7440 27
7441 27
7442 27
7443 27
7444 288
7445 96
7446 27
7447 27
7448 27
7449 27
7450 27
7451 27
7452 27
7453 27
7454 27
7455 27
7456 27
7457 27
7458 27
7459 27
7460 27
7461 27
7462 27
7463 27
7464 27
7465 27
7466 27
7467 27
7468 27
7469 27
7470 27
7471 27
7472 27
7473 27
7474 27
7475 12
7476 27
7477 27
7478 27
7479 27
7480 27
7481 6
7482 27
7483 27
7484 27
7485 27
7486 27
7487 27
7488 27
7489 27
7490 27
7491 27
7492 27
7493 27
7494 27
7495 6
7496 27
7497 27
7498 27
7499 230
7500 27
7501 27
7502 27
7503 27
7504 27
7505 27
7506 27
7507 27
7508 27
7509 27
7510 27
7511 27
7512 27
7513 27
7514 27
7515 27
7516 27
7517 27
7518 27
7519 27
7520 27
7521 27
7522 27
7523 27
7524 27
7525 27
7526 27
7527 27
7528 27
7529 27
7530 27
7531 27
7532 27
7533 27
7534 27
7535 27
7536 27
7537 27
7538 27
7539 27
7540 27
7541 27
7542 27
7543 27
7544 27
7545 228
7546 27
7547 27
7548 27
7549 132
7550 130
7551 124
7552 27
7553 27
7554 304
7555 27
7556 27
7557 27
7558 27
7559 27
7560 27
7561 27
7562 27
7563 27
7564 27
7565 27
7566 27
7567 27
7568 27
7569 27
7570 27
7571 27
7572 27
7573 27
7574 6
7575 27
7576 27
7577 27
7578 27
7579 255
7580 27
7581 27
7582 27
7583 27
7584 197
7585 27
7586 27
7587 27
7588 27
7589 27
7590 27
7591 27
7592 27
7593 27
7594 27
7595 27
7596 27
7597 27
7598 27
7599 27
7600 27
7601 27
7602 27
7603 27
7604 27
7605 27
7606 27
7607 27
7608 27
7609 234
7610 27
7611 27
7612 27
7613 27
7614 27
7615 27
7616 27
7617 27
7618 290
7619 27
7620 27
7621 27
7622 27
7623 27
7624 27
7625 27
7626 27
7627 27
7628 27
7629 27
7630 27
7631 27
7632 262
7633 27
7634 27
7635 27
7636 27
7637 27
7638 95
7639 27
7640 27
7641 27
7642 27
7643 27
7644 27
7645 27
7646 27
7647 27
7648 27
7649 27
7650 27
7651 27
7652 27
7653 27
7654 27
7655 27
7656 27
7657 27
7658 27
7659 27
7660 27
7661 27
7662 27
7663 27
7664 27
7665 27
7666 27
7667 27
7668 27
7669 27
7670 27
7671 27
7672 27
7673 27
7674 27
7675 27
7676 27
7677 27
7678 27
7679 27
7680 27
7681 27
7682 27
7683 27
7684 27
7685 27
7686 27
7687 27
7688 262
7689 27
7690 27
7691 27
7692 256
7693 27
7694 27
7695 27
7696 27
7697 27
7698 27
7699 27
7700 27
7701 27
7702 27
7703 27
7704 27
7705 27
7706 27
7707 27
7708 27
7709 27
7710 27
7711 27
7712 27
7713 27
7714 27
7715 27
7716 27
7717 27
7718 27
7719 27
7720 27
7721 27
7722 27
7723 27
7724 27
7725 27
7726 27
7727 27
7728 176
7729 27
7730 27
7731 27
7732 27
7733 27
7734 27
7735 27
7736 27
7737 27
7738 27
7739 27
7740 27
7741 27
7742 27
7743 27
7744 27
7745 27
7746 27
7747 27
7748 27
7749 27
7750 27
7751 27
7752 27
7753 59
7754 27
7755 27
7756 27
7757 27
7758 27
7759 27
7760 27
7761 27
7762 27
7763 27
7764 27
7765 27
7766 27
7767 27
7768 27
7769 27
7770 27
7771 26
7772 27
7773 27
7774 27
7775 27
7776 27
7777 27
7778 27
7779 27
7780 27
7781 78
7782 27
7783 27
7784 27
7785 27
7786 27
7787 27
7788 27
7789 27
7790 27
7791 27
7792 27
7793 27
7794 27
7795 27
7796 27
7797 27
7798 27
7799 177
7800 27
7801 27
7802 27
7803 130
7804 27
7805 27
7806 27
7807 27
7808 27
7809 27
7810 27
7811 27
7812 27
7813 27
7814 27
7815 27
7816 27
7817 27
7818 27
7819 27
7820 27
7821 27
7822 27
7823 27
7824 27
7825 27
7826 27
7827 27
7828 27
7829 27
7830 27
7831 27
7832 27
7833 27
7834 27
7835 27
7836 27
7837 27
7838 27
7839 290
7840 27
7841 27
7842 27
7843 27
7844 27
7845 27
7846 27
7847 27
7848 27
7849 27
7850 27
7851 27
7852 27
7853 27
7854 27
7855 246
7856 27
7857 27
7858 27
7859 27
7860 27
7861 27
7862 27
7863 27
7864 27
7865 27
7866 27
7867 27
7868 27
7869 27
7870 27
7871 27
7872 27
7873 27
7874 27
7875 27
7876 27
7877 27
7878 27
7879 139
7880 27
7881 27
7882 27
7883 27
7884 27
7885 27
7886 27
7887 27
7888 27
7889 27
7890 27
7891 27
7892 27
7893 27
7894 27
7895 27
7896 27
7897 27
7898 27
7899 178
7900 27
7901 27
7902 27
7903 27
7904 27
7905 27
7906 27
7907 27
7908 27
7909 27
7910 27
7911 27
7912 27
7913 27
7914 27
7915 27
7916 27
7917 27
7918 27
7919 174
7920 304
7921 27
7922 27
7923 157
7924 27
7925 27
7926 27
7927 27
7928 27
7929 27
7930 27
7931 27
7932 27
7933 27
7934 27
7935 27
7936 27
7937 27
7938 27
7939 27
7940 27
7941 27
7942 27
7943 27
7944 27
7945 27
7946 27
7947 27
7948 27
7949 179
7950 27
7951 27
7952 27
7953 27
7954 78
7955 27
7956 27
7957 27
7958 27
7959 190
7960 27
7961 27
7962 27
7963 6
7964 27
7965 27
7966 27
7967 27
7968 27
7969 27
7970 27
7971 27
7972 27
7973 27
7974 27
7975 27
7976 27
7977 27
7978 27
7979 27
7980 27
7981 27
7982 27
7983 27
7984 27
7985 27
7986 27
7987 180
7988 27
7989 27
7990 27
7991 181
7992 27
7993 27
7994 27
7995 27
7996 27
7997 27
7998 27
7999 27
8000 27
8001 27
8002 27
8003 27
8004 27
8005 27
8006 27
8007 27
8008 27
8009 27
8010 27
8011 27
8012 27
8013 27
8014 27
8015 27
8016 27
8017 27
8018 27
8019 190
8020 27
8021 27
8022 27
8023 27
8024 27
8025 27
8026 272
8027 27
8028 27
8029 27
8030 27
8031 27
8032 27
8033 27
8034 27
8035 27
8036 27
8037 27
8038 27
8039 106
8040 27
8041 27
8042 27
8043 183
8044 27
8045 27
8046 27
8047 27
8048 27
8049 27
8050 27
8051 27
8052 27
8053 27
8054 184
8055 27
8056 27
8057 27
8058 27
8059 27
8060 27
8061 27
8062 27
8063 27
8064 27
8065 27
8066 27
8067 27
8068 27
8069 27
8070 27
8071 27
8072 130
8073 27
8074 27
8075 27
8076 27
8077 27
8078 27
8079 27
8080 27
8081 27
8082 27
8083 27
8084 27
8085 27
8086 27
8087 27
8088 27
8089 27
8090 27
8091 27
8092 27
8093 27
8094 27
8095 27
8096 27
8097 27
8098 27
8099 27
8100 145
8101 27
8102 27
8103 27
8104 27
8105 27
8106 27
8107 27
8108 27
8109 27
8110 27
8111 27
8112 95
8113 27
8114 27
8115 290
8116 27
8117 27
8118 27
8119 280
8120 27
8121 27
8122 27
8123 27
8124 301
8125 27
8126 27
8127 27
8128 27
8129 27
8130 27
8131 27
8132 27
8133 27
8134 27
8135 27
8136 27
8137 27
8138 27
8139 27
8140 27
8141 27
8142 27
8143 27
8144 27
8145 27
8146 27
8147 27
8148 27
8149 27
8150 27
8151 27
8152 27
8153 27
8154 27
8155 27
8156 262
8157 27
8158 27
8159 27
8160 27
8161 27
8162 27
8163 27
8164 27
8165 27
8166 27
8167 27
8168 27
8169 27
8170 27
8171 27
8172 27
8173 185
8174 27
8175 27
8176 27
8177 27
8178 27
8179 27
8180 27
8181 27
8182 27
8183 27
8184 27
8185 27
8186 27
8187 27
8188 27
8189 27
8190 27
8191 27
8192 27
8193 27
8194 27
8195 27
8196 27
8197 27
8198 27
8199 27
8200 130
8201 27
8202 27
8203 27
8204 290
8205 27
8206 27
8207 27
8208 27
8209 27
8210 186
8211 27
8212 27
8213 27
8214 27
8215 27
8216 27
8217 27
8218 27
8219 27
8220 27
8221 27
8222 27
8223 27
8224 27
8225 27
8226 27
8227 27
8228 27
8229 27
8230 27
8231 27
8232 27
8233 27
8234 27
8235 27
8236 216
8237 27
8238 27
8239 27
8240 27
8241 27
8242 27
8243 27
8244 27
8245 27
8246 27
8247 27
8248 27
8249 27
8250 27
8251 27
8252 27
8253 27
8254 27
8255 27
8256 27
8257 27
8258 27
8259 27
8260 27
8261 27
8262 27
8263 27
8264 27
8265 27
8266 27
8267 304
8268 27
8269 27
8270 27
8271 27
8272 255
8273 304
8274 143
8275 27
8276 1
8277 187
8278 27
8279 27
8280 27
8281 27
8282 27
8283 27
8284 27
8285 27
8286 27
8287 27
8288 27
8289 27
8290 27
8291 27
8292 304
8293 1
8294 27
8295 45
8296 27
8297 27
8298 255
8299 27
8300 27
8301 27
8302 27
8303 27
8304 27
8305 6
8306 250
8307 27
8308 27
8309 27
8310 27
8311 27
8312 27
8313 27
8314 27
8315 27
8316 27
8317 188
8318 27
8319 27
8320 27
8321 27
8322 27
8323 27
8324 27
8325 15
8326 27
8327 27
8328 27
8329 27
8330 27
8331 27
8332 27
8333 27
8334 27
8335 27
8336 27
8337 27
8338 27
8339 27
8340 27
8341 27
8342 27
8343 27
8344 27
8345 27
8346 27
8347 27
8348 27
8349 27
8350 27
8351 27
8352 27
8353 27
8354 27
8355 27
8356 27
8357 27
8358 27
8359 27
8360 27
8361 27
8362 27
8363 27
8364 27
8365 27
8366 27
8367 27
8368 27
8369 27
8370 27
8371 27
8372 27
8373 27
8374 27
8375 27
8376 27
8377 27
8378 27
8379 27
8380 27
8381 27
8382 27
8383 27
8384 27
8385 27
8386 27
8387 27
8388 27
8389 27
8390 189
8391 27
8392 190
8393 27
8394 27
8395 27
8396 27
8397 27
8398 27
8399 51
8400 27
8401 27
8402 27
8403 27
8404 15
8405 191
8406 27
8407 27
8408 27
8409 27
8410 27
8411 27
8412 27
8413 27
8414 27
8415 27
8416 27
8417 27
8418 27
8419 27
8420 27
8421 27
8422 27
8423 27
8424 27
8425 27
8426 27
8427 27
8428 27
8429 27
8430 27
8431 139
8432 27
8433 27
8434 42
8435 192
8436 304
8437 27
8438 27
8439 27
8440 15
8441 15
8442 27
8443 27
8444 27
8445 27
8446 27
8447 27
8448 27
8449 6
8450 43
8451 27
8452 27
8453 27
8454 27
8455 27
8456 27
8457 27
8458 27
8459 109
8460 27
8461 27
8462 22
8463 27
8464 27
8465 27
8466 27
8467 27
8468 100
8469 100
8470 27
8471 27
8472 42
8473 193
8474 27
8475 27
8476 27
8477 27
8478 27
8479 27
8480 27
8481 27
8482 169
8483 27
8484 27
8485 27
8486 27
8487 27
8488 27
8489 194
8490 27
8491 27
8492 27
8493 27
8494 27
8495 27
8496 27
8497 27
8498 27
8499 27
8500 27
8501 27
8502 27
8503 27
8504 27
8505 27
8506 27
8507 27
8508 27
8509 27
8510 27
8511 27
8512 27
8513 27
8514 27
8515 27
8516 27
8517 304
8518 27
8519 27
8520 27
8521 27
8522 27
8523 27
8524 27
8525 27
8526 27
8527 27
8528 27
8529 27
8530 27
8531 27
8532 27
8533 27
8534 27
8535 27
8536 27
8537 27
8538 27
8539 27
8540 27
8541 27
8542 27
8543 27
8544 27
8545 27
8546 27
8547 27
8548 38
8549 27
8550 192
8551 27
8552 27
8553 27
8554 27
8555 27
8556 27
8557 27
8558 27
8559 27
8560 27
8561 27
8562 27
8563 27
8564 27
8565 27
8566 27
8567 27
8568 27
8569 27
8570 27
8571 27
8572 27
8573 27
8574 27
8575 27
8576 27
8577 27
8578 27
8579 27
8580 27
8581 27
8582 27
8583 27
8584 27
8585 27
8586 27
8587 27
8588 27
8589 27
8590 290
8591 290
8592 27
8593 27
8594 27
8595 27
8596 27
8597 27
8598 27
8599 27
8600 27
8601 27
8602 27
8603 27
8604 27
8605 27
8606 27
8607 27
8608 27
8609 27
8610 27
8611 27
8612 27
8613 27
8614 27
8615 27
8616 27
8617 175
8618 27
8619 27
8620 304
8621 132
8622 27
8623 27
8624 27
8625 27
8626 27
8627 27
8628 27
8629 27
8630 27
8631 27
8632 27
8633 27
8634 27
8635 27
8636 27
8637 27
8638 27
8639 27
8640 27
8641 27
8642 27
8643 27
8644 27
8645 27
8646 27
8647 27
8648 42
8649 27
8650 27
8651 27
8652 195
8653 27
8654 27
8655 27
8656 27
8657 27
8658 27
8659 196
8660 27
8661 27
8662 27
8663 27
8664 27
8665 27
8666 27
8667 27
8668 27
8669 27
8670 271
8671 27
8672 27
8673 27
8674 27
8675 27
8676 27
8677 27
8678 27
8679 27
8680 27
8681 27
8682 27
8683 27
8684 27
8685 27
8686 304
8687 27
8688 27
8689 27
8690 27
8691 27
8692 27
8693 27
8694 27
8695 27
8696 27
8697 27
8698 27
8699 27
8700 27
8701 27
8702 27
8703 27
8704 84
8705 27
8706 27
8707 27
8708 27
8709 27
8710 27
8711 27
8712 27
8713 27
8714 27
8715 27
8716 27
8717 27
8718 197
8719 27
8720 27
8721 27
8722 27
8723 27
8724 290
8725 27
8726 27
8727 27
8728 27
8729 27
8730 27
8731 27
8732 27
8733 27
8734 27
8735 27
8736 27
8737 27
8738 27
8739 190
8740 27
8741 27
8742 27
8743 27
8744 27
8745 27
8746 27
8747 27
8748 198
8749 27
8750 15
8751 27
8752 199
8753 27
8754 27
8755 27
8756 27
8757 27
8758 27
8759 27
8760 27
8761 27
8762 108
8763 27
8764 27
8765 27
8766 27
8767 27
8768 27
8769 27
8770 27
8771 27
8772 27
8773 27
8774 27
8775 27
8776 27
8777 27
8778 27
8779 27
8780 27
8781 27
8782 27
8783 35
8784 27
8785 132
8786 27
8787 65
8788 27
8789 27
8790 27
8791 27
8792 27
8793 27
8794 27
8795 27
8796 27
8797 27
8798 200
8799 27
8800 27
8801 27
8802 27
8803 27
8804 27
8805 27
8806 27
8807 27
8808 27
8809 27
8810 27
8811 27
8812 156
8813 27
8814 156
8815 27
8816 27
8817 27
8818 27
8819 27
8820 27
8821 27
8822 27
8823 27
8824 27
8825 201
8826 202
8827 27
8828 27
8829 27
8830 27
8831 27
8832 27
8833 27
8834 27
8835 27
8836 27
8837 27
8838 27
8839 158
8840 27
8841 27
8842 27
8843 27
8844 27
8845 27
8846 196
8847 27
8848 27
8849 27
8850 27
8851 284
8852 27
8853 27
8854 27
8855 27
8856 27
8857 27
8858 27
8859 27
8860 27
8861 27
8862 27
8863 27
8864 27
8865 27
8866 27
8867 27
8868 27
8869 27
8870 27
8871 27
8872 27
8873 203
8874 27
8875 204
8876 125
8877 27
8878 27
8879 27
8880 27
8881 79
8882 15
8883 27
8884 27
8885 27
8886 27
8887 283
8888 27
8889 27
8890 27
8891 27
8892 27
8893 27
8894 27
8895 27
8896 27
8897 27
8898 10
8899 27
8900 27
8901 27
8902 27
8903 27
8904 27
8905 263
8906 27
8907 27
8908 27
8909 6
8910 27
8911 27
8912 27
8913 27
8914 27
8915 27
8916 27
8917 27
8918 27
8919 27
8920 27
8921 27
8922 27
8923 171
8924 27
8925 27
8926 27
8927 27
8928 27
8929 27
8930 27
8931 27
8932 27
8933 27
8934 27
8935 27
8936 27
8937 27
8938 27
8939 27
8940 27
8941 27
8942 27
8943 27
8944 27
8945 27
8946 27
8947 27
8948 27
8949 27
8950 27
8951 27
8952 27
8953 27
8954 27
8955 27
8956 27
8957 27
8958 27
8959 27
8960 27
8961 27
8962 27
8963 27
8964 27
8965 27
8966 27
8967 27
8968 27
8969 41
8970 27
8971 27
8972 27
8973 27
8974 27
8975 27
8976 27
8977 27
8978 27
8979 27
8980 27
8981 27
8982 27
8983 27
8984 27
8985 27
8986 27
8987 27
8988 27
8989 27
8990 27
8991 27
8992 27
8993 27
8994 27
8995 27
8996 27
8997 27
8998 27
8999 27
9000 27
9001 27
9002 27
9003 27
9004 27
9005 283
9006 27
9007 205
9008 27
9009 27
9010 27
9011 27
9012 27
9013 27
9014 42
9015 27
9016 27
9017 27
9018 27
9019 27
9020 27
9021 27
9022 27
9023 27
9024 27
9025 27
9026 27
9027 27
9028 27
9029 27
9030 27
9031 20
9032 27
9033 27
9034 27
9035 27
9036 27
9037 27
9038 27
9039 130
9040 27
9041 27
9042 27
9043 27
9044 27
9045 27
9046 27
9047 27
9048 27
9049 27
9050 27
9051 27
9052 27
9053 27
9054 27
9055 27
9056 27
9057 27
9058 27
9059 27
9060 27
9061 27
9062 27
9063 27
9064 27
9065 27
9066 27
9067 27
9068 27
9069 15
9070 27
9071 27
9072 27
9073 27
9074 27
9075 27
9076 27
9077 27
9078 27
9079 27
9080 27
9081 27
9082 27
9083 27
9084 27
9085 27
9086 27
9087 27
9088 27
9089 27
9090 27
9091 27
9092 27
9093 27
9094 27
9095 27
9096 27
9097 27
9098 27
9099 27
9100 27
9101 27
9102 27
9103 27
9104 27
9105 27
9106 27
9107 206
9108 27
9109 27
9110 27
9111 230
9112 27
9113 156
9114 27
9115 27
9116 27
9117 27
9118 135
9119 6
9120 27
9121 27
9122 27
9123 27
9124 27
9125 27
9126 27
9127 27
9128 27
9129 27
9130 27
9131 27
9132 27
9133 27
9134 27
9135 234
9136 27
9137 290
9138 234
9139 27
9140 27
9141 27
9142 27
9143 27
9144 27
9145 27
9146 27
9147 27
9148 27
9149 27
9150 27
9151 27
9152 27
9153 27
9154 27
9155 27
9156 27
9157 27
9158 27
9159 27
9160 27
9161 27
9162 27
9163 27
9164 27
9165 27
9166 27
9167 27
9168 27
9169 27
9170 27
9171 27
9172 27
9173 15
9174 27
9175 27
9176 27
9177 27
9178 27
9179 27
9180 27
9181 27
9182 27
9183 27
9184 207
9185 27
9186 27
9187 27
9188 27
9189 27
9190 27
9191 27
9192 27
9193 27
9194 27
9195 27
9196 27
9197 27
9198 27
9199 27
9200 27
9201 27
9202 27
9203 27
9204 27
9205 27
9206 27
9207 130
9208 27
9209 27
9210 27
9211 27
9212 27
9213 27
9214 27
9215 27
9216 27
9217 27
9218 27
9219 27
9220 27
9221 27
9222 27
9223 27
9224 27
9225 27
9226 27
9227 208
9228 27
9229 27
9230 27
9231 27
9232 27
9233 27
9234 27
9235 27
9236 27
9237 27
9238 27
9239 27
9240 27
9241 209
9242 27
9243 27
9244 27
9245 27
9246 27
9247 27
9248 27
9249 27
9250 27
9251 27
9252 27
9253 27
9254 27
9255 41
9256 27
9257 15
9258 27
9259 27
9260 27
9261 27
9262 27
9263 27
9264 27
9265 27
9266 27
9267 27
9268 27
9269 27
9270 27
9271 27
9272 27
9273 27
9274 27
9275 27
9276 27
9277 27
9278 27
9279 27
9280 27
9281 27
9282 27
9283 27
9284 27
9285 5
9286 27
9287 27
9288 27
9289 27
9290 27
9291 27
9292 27
9293 27
9294 27
9295 27
9296 27
9297 27
9298 27
9299 210
9300 210
9301 27
9302 27
9303 27
9304 27
9305 27
9306 27
9307 27
9308 27
9309 27
9310 27
9311 27
9312 27
9313 27
9314 93
9315 27
9316 27
9317 27
9318 27
9319 27
9320 27
9321 27
9322 27
9323 27
9324 27
9325 27
9326 27
9327 27
9328 27
9329 27
9330 27
9331 27
9332 27
9333 27
9334 27
9335 27
9336 27
9337 27
9338 27
9339 27
9340 27
9341 106
9342 27
9343 27
9344 27
9345 27
9346 27
9347 27
9348 27
9349 27
9350 27
9351 27
9352 27
9353 27
9354 27
9355 27
9356 27
9357 27
9358 27
9359 27
9360 27
9361 27
9362 27
9363 27
9364 27
9365 27
9366 27
9367 27
9368 27
9369 27
9370 27
9371 27
9372 27
9373 27
9374 27
9375 27
9376 27
9377 27
9378 27
9379 27
9380 27
9381 27
9382 27
9383 27
9384 27
9385 27
9386 27
9387 27
9388 27
9389 27
9390 27
9391 5
9392 27
9393 27
9394 27
9395 27
9396 27
9397 139
9398 27
9399 208
9400 27
9401 27
9402 27
9403 27
9404 27
9405 27
9406 27
9407 27
9408 27
9409 27
9410 27
9411 27
9412 27
9413 27
9414 27
9415 27
9416 27
9417 27
9418 27
9419 27
9420 27
9421 27
9422 27
9423 27
9424 27
9425 27
9426 27
9427 290
9428 27
9429 27
9430 27
9431 27
9432 27
9433 27
9434 27
9435 230
9436 27
9437 27
9438 27
9439 27
9440 27
9441 27
9442 27
9443 27
9444 27
9445 27
9446 27
9447 27
9448 27
9449 27
9450 27
9451 27
9452 27
9453 27
9454 27
9455 27
9456 27
9457 27
9458 27
9459 53
9460 27
9461 27
9462 27
9463 27
9464 27
9465 27
9466 27
9467 27
9468 27
9469 27
9470 27
9471 27
9472 27
9473 27
9474 27
9475 27
9476 27
9477 27
9478 27
9479 27
9480 27
9481 27
9482 252
9483 27
9484 27
9485 27
9486 27
9487 27
9488 27
9489 27
9490 27
9491 27
9492 27
9493 27
9494 27
9495 27
9496 27
9497 27
9498 27
9499 27
9500 27
9501 27
9502 27
9503 27
9504 27
9505 27
9506 27
9507 27
9508 27
9509 27
9510 27
9511 27
9512 27
9513 27
9514 27
9515 27
9516 27
9517 27
9518 27
9519 27
9520 27
9521 27
9522 27
9523 27
9524 27
9525 27
9526 27
9527 27
9528 27
9529 27
9530 27
9531 27
9532 27
9533 27
9534 27
9535 27
9536 27
9537 27
9538 27
9539 27
9540 27
9541 27
9542 27
9543 27
9544 27
9545 27
9546 27
9547 27
9548 27
9549 27
9550 27
9551 27
9552 27
9553 27
9554 27
9555 27
9556 27
9557 81
9558 27
9559 27
9560 27
9561 27
9562 27
9563 27
9564 27
9565 27
9566 27
9567 126
9568 27
9569 27
9570 27
9571 27
9572 27
9573 27
9574 27
9575 27
9576 27
9577 27
9578 290
9579 27
9580 27
9581 27
9582 27
9583 27
9584 27
9585 27
9586 27
9587 27
9588 27
9589 27
9590 27
9591 27
9592 27
9593 27
9594 27
9595 27
9596 27
9597 27
9598 27
9599 27
9600 27
9601 27
9602 27
9603 27
9604 27
9605 261
9606 27
9607 27
9608 27
9609 27
9610 27
9611 27
9612 27
9613 27
9614 27
9615 27
9616 27
9617 27
9618 27
9619 27
9620 27
9621 27
9622 27
9623 27
9624 27
9625 27
9626 27
9627 27
9628 27
9629 27
9630 27
9631 27
9632 27
9633 27
9634 27
9635 27
9636 27
9637 27
9638 27
9639 141
9640 27
9641 27
9642 27
9643 27
9644 48
9645 27
9646 27
9647 27
9648 27
9649 27
9650 27
9651 27
9652 27
9653 27
9654 27
9655 27
9656 27
9657 27
9658 27
9659 27
9660 27
9661 27
9662 27
9663 27
9664 27
9665 27
9666 27
9667 27
9668 27
9669 27
9670 211
9671 27
9672 27
9673 212
9674 27
9675 27
9676 27
9677 27
9678 27
9679 80
9680 27
9681 27
9682 27
9683 27
9684 27
9685 190
9686 27
9687 27
9688 27
9689 27
9690 27
9691 27
9692 27
9693 27
9694 27
9695 27
9696 156
9697 27
9698 27
9699 27
9700 27
9701 27
9702 27
9703 27
9704 27
9705 27
9706 27
9707 27
9708 27
9709 27
9710 27
9711 27
9712 27
9713 27
9714 27
9715 130
9716 27
9717 130
9718 27
9719 27
9720 27
9721 27
9722 27
9723 27
9724 27
9725 27
9726 27
9727 33
9728 27
9729 27
9730 27
9731 153
9732 27
9733 27
9734 262
9735 27
9736 27
9737 27
9738 27
9739 27
9740 27
9741 27
9742 256
9743 27
9744 27
9745 27
9746 27
9747 27
9748 304
9749 27
9750 27
9751 27
9752 27
9753 190
9754 27
9755 20
9756 27
9757 27
9758 27
9759 261
9760 27
9761 27
9762 27
9763 27
9764 27
9765 27
9766 27
9767 27
9768 27
9769 27
9770 27
9771 27
9772 27
9773 27
9774 27
9775 27
9776 27
9777 27
9778 27
9779 27
9780 27
9781 27
9782 27
9783 27
9784 27
9785 27
9786 27
9787 27
9788 27
9789 27
9790 27
9791 27
9792 27
9793 27
9794 27
9795 27
9796 27
9797 27
9798 27
9799 27
9800 27
9801 27
9802 27
9803 27
9804 35
9805 27
9806 27
9807 27
9808 27
9809 27
9810 27
9811 27
9812 27
9813 27
9814 27
9815 27
9816 27
9817 27
9818 27
9819 27
9820 27
9821 27
9822 27
9823 298
9824 27
9825 27
9826 27
9827 122
9828 27
9829 27
9830 27
9831 27
9832 27
9833 27
9834 27
9835 213
9836 27
9837 27
9838 27
9839 27
9840 27
9841 27
9842 27
9843 27
9844 27
9845 27
9846 27
9847 27
9848 27
9849 27
9850 27
9851 27
9852 27
9853 27
9854 27
9855 27
9856 27
9857 27
9858 190
9859 27
9860 27
9861 27
9862 27
9863 27
9864 27
9865 27
9866 27
9867 27
9868 27
9869 27
9870 27
9871 252
9872 27
9873 27
9874 27
9875 27
9876 27
9877 27
9878 27
9879 27
9880 27
9881 27
9882 27
9883 27
9884 27
9885 27
9886 27
9887 27
9888 27
9889 214
9890 27
9891 27
9892 27
9893 27
9894 27
9895 27
9896 27
9897 27
9898 27
9899 27
9900 27
9901 27
9902 27
9903 27
9904 27
9905 27
9906 27
9907 27
9908 27
9909 27
9910 27
9911 27
9912 27
9913 27
9914 27
9915 27
9916 27
9917 27
9918 27
9919 27
9920 27
9921 168
9922 27
9923 27
9924 27
9925 27
9926 27
9927 27
9928 27
9929 27
9930 245
9931 27
9932 27
9933 27
9934 27
9935 27
9936 27
9937 27
9938 27
9939 15
9940 27
9941 27
9942 27
9943 27
9944 27
9945 27
9946 27
9947 27
9948 27
9949 27
9950 27
9951 27
9952 27
9953 27
9954 27
9955 27
9956 27
9957 27
9958 27
9959 27
9960 27
9961 27
9962 27
9963 27
9964 27
9965 27
9966 27
9967 27
9968 27
9969 27
9970 27
9971 27
9972 27
9973 27
9974 27
9975 27
9976 27
9977 27
9978 27
9979 27
9980 27
9981 27
9982 27
9983 27
9984 27
9985 27
9986 27
9987 27
9988 27
9989 27
9990 27
9991 27
9992 27
9993 27
9994 27
9995 27
9996 27
9997 27
9998 27
9999 27
10000 27
10001 27
10002 27
10003 27
10004 27
10005 27
10006 27
10007 27
10008 207
10009 27
10010 27
10011 27
10012 27
10013 27
10014 27
10015 165
10016 27
10017 27
10018 27
10019 27
10020 27
10021 27
10022 27
10023 27
10024 27
10025 27
10026 27
10027 27
10028 27
10029 27
10030 27
10031 27
10032 27
10033 27
10034 27
10035 27
10036 27
10037 27
10038 27
10039 27
10040 27
10041 27
10042 27
10043 27
10044 167
10045 27
10046 27
10047 27
10048 27
10049 27
10050 27
10051 27
10052 27
10053 27
10054 27
10055 27
10056 27
10057 27
10058 27
10059 27
10060 262
10061 27
10062 27
10063 27
10064 27
10065 27
10066 27
10067 27
10068 27
10069 27
10070 27
10071 27
10072 27
10073 27
10074 27
10075 27
10076 27
10077 27
10078 27
10079 27
10080 27
10081 27
10082 27
10083 27
10084 27
10085 27
10086 27
10087 27
10088 27
10089 27
10090 27
10091 256
10092 27
10093 27
10094 27
10095 27
10096 27
10097 27
10098 27
10099 215
10100 195
10101 27
10102 15
10103 27
10104 27
10105 27
10106 27
10107 27
10108 27
10109 27
10110 27
10111 27
10112 27
10113 27
10114 27
10115 27
10116 27
10117 27
10118 27
10119 27
10120 27
10121 27
10122 27
10123 27
10124 6
10125 27
10126 27
10127 27
10128 27
10129 27
10130 183
10131 27
10132 27
10133 27
10134 27
10135 27
10136 290
10137 130
10138 237
10139 27
10140 27
10141 27
10142 27
10143 27
10144 27
10145 27
10146 27
10147 27
10148 27
10149 27
10150 27
10151 27
10152 27
10153 27
10154 27
10155 27
10156 27
10157 27
10158 27
10159 27
10160 27
10161 27
10162 27
10163 27
10164 27
10165 27
10166 27
10167 139
10168 27
10169 27
10170 27
10171 27
10172 27
10173 27
10174 216
10175 80
10176 207
10177 27
10178 27
10179 27
10180 27
10181 27
10182 27
10183 27
10184 27
10185 27
10186 27
10187 27
10188 27
10189 27
10190 27
10191 27
10192 27
10193 27
10194 27
10195 27
10196 27
10197 278
10198 27
10199 27
10200 27
10201 27
10202 27
10203 27
10204 27
10205 183
10206 27
10207 27
10208 27
10209 27
10210 27
10211 27
10212 27
10213 146
10214 27
10215 27
10216 64
10217 27
10218 194
10219 27
10220 27
10221 27
10222 27
10223 27
10224 27
10225 27
10226 27
10227 27
10228 255
10229 27
10230 27
10231 27
10232 27
10233 27
10234 27
10235 27
10236 27
10237 27
10238 27
10239 27
10240 27
10241 27
10242 27
10243 27
10244 27
10245 27
10246 27
10247 27
10248 27
10249 27
10250 27
10251 27
10252 27
10253 27
10254 27
10255 27
10256 27
10257 133
10258 27
10259 27
10260 27
10261 27
10262 27
10263 27
10264 27
10265 27
10266 27
10267 27
10268 27
10269 27
10270 27
10271 27
10272 27
10273 27
10274 27
10275 27
10276 27
10277 27
10278 27
10279 27
10280 27
10281 27
10282 27
10283 27
10284 27
10285 27
10286 27
10287 27
10288 27
10289 27
10290 27
10291 27
10292 27
10293 27
10294 27
10295 27
10296 27
10297 27
10298 27
10299 27
10300 13
10301 130
10302 27
10303 27
10304 27
10305 27
10306 27
10307 27
10308 27
10309 27
10310 27
10311 27
10312 27
10313 27
10314 27
10315 27
10316 27
10317 27
10318 27
10319 27
10320 27
10321 27
10322 27
10323 27
10324 290
10325 27
10326 27
10327 27
10328 27
10329 27
10330 27
10331 27
10332 27
10333 27
10334 27
10335 27
10336 27
10337 27
10338 27
10339 217
10340 218
10341 27
10342 27
10343 27
10344 27
10345 237
10346 27
10347 27
10348 27
10349 27
10350 27
10351 27
10352 27
10353 27
10354 27
10355 27
10356 27
10357 27
10358 27
10359 27
10360 27
10361 27
10362 27
10363 27
10364 27
10365 27
10366 27
10367 27
10368 27
10369 27
10370 27
10371 27
10372 27
10373 27
10374 27
10375 27
10376 27
10377 27
10378 27
10379 27
10380 27
10381 27
10382 27
10383 66
10384 27
10385 27
10386 27
10387 27
10388 27
10389 27
10390 27
10391 27
10392 27
10393 122
10394 27
10395 27
10396 27
10397 121
10398 27
10399 27
10400 27
10401 27
10402 27
10403 27
10404 27
10405 27
10406 27
10407 27
10408 27
10409 27
10410 27
10411 27
10412 27
10413 27
10414 27
10415 27
10416 27
10417 27
10418 27
10419 27
10420 27
10421 14
10422 27
10423 130
10424 27
10425 27
10426 27
10427 27
10428 27
10429 103
10430 27
10431 27
10432 218
10433 27
10434 304
10435 27
10436 27
10437 27
10438 27
10439 27
10440 27
10441 27
10442 27
10443 27
10444 27
10445 219
10446 27
10447 27
10448 27
10449 27
10450 27
10451 27
10452 27
10453 27
10454 27
10455 27
10456 27
10457 27
10458 27
10459 27
10460 92
10461 27
10462 27
10463 27
10464 27
10465 27
10466 27
10467 27
10468 27
10469 27
10470 27
10471 27
10472 27
10473 27
10474 27
10475 27
10476 27
10477 27
10478 27
10479 27
10480 27
10481 27
10482 27
10483 27
10484 27
10485 27
10486 27
10487 27
10488 27
10489 111
10490 27
10491 27
10492 27
10493 27
10494 27
10495 27
10496 27
10497 27
10498 27
10499 68
10500 27
10501 27
10502 27
10503 27
10504 27
10505 27
10506 27
10507 27
10508 27
10509 27
10510 27
10511 27
10512 27
10513 27
10514 27
10515 27
10516 27
10517 27
10518 298
10519 27
10520 27
10521 27
10522 27
10523 27
10524 94
10525 27
10526 27
10527 27
10528 27
10529 27
10530 27
10531 27
10532 27
10533 27
10534 27
10535 27
10536 27
10537 27
10538 27
10539 27
10540 27
10541 27
10542 27
10543 27
10544 27
10545 27
10546 27
10547 27
10548 27
10549 27
10550 27
10551 27
10552 27
10553 27
10554 27
10555 27
10556 27
10557 27
10558 27
10559 27
10560 27
10561 27
10562 27
10563 27
10564 27
10565 27
10566 27
10567 27
10568 27
10569 27
10570 27
10571 27
10572 27
10573 27
10574 27
10575 212
10576 27
10577 27
10578 27
10579 27
10580 56
10581 73
10582 27
10583 130
10584 27
10585 27
10586 27
10587 27
10588 27
10589 27
10590 27
10591 27
10592 27
10593 27
10594 27
10595 27
10596 27
10597 27
10598 27
10599 27
10600 27
10601 27
10602 27
10603 27
10604 27
10605 27
10606 27
10607 27
10608 60
10609 27
10610 27
10611 220
10612 27
10613 27
10614 27
10615 27
10616 27
10617 27
10618 27
10619 27
10620 27
10621 27
10622 27
10623 27
10624 27
10625 27
10626 27
10627 27
10628 27
10629 27
10630 27
10631 27
10632 130
10633 27
10634 27
10635 27
10636 27
10637 27
10638 27
10639 27
10640 27
10641 27
10642 27
10643 27
10644 27
10645 27
10646 27
10647 27
10648 27
10649 27
10650 27
10651 27
10652 27
10653 27
10654 27
10655 27
10656 27
10657 27
10658 27
10659 27
10660 27
10661 27
10662 27
10663 27
10664 27
10665 27
10666 27
10667 27
10668 27
10669 27
10670 27
10671 27
10672 27
10673 27
10674 27
10675 27
10676 27
10677 27
10678 27
10679 27
10680 27
10681 27
10682 27
10683 27
10684 27
10685 27
10686 27
10687 27
10688 27
10689 27
10690 27
10691 27
10692 27
10693 27
10694 27
10695 27
10696 27
10697 27
10698 27
10699 27
10700 27
10701 27
10702 27
10703 27
10704 27
10705 27
10706 130
10707 27
10708 27
10709 27
10710 27
10711 27
10712 27
10713 27
10714 27
10715 27
10716 27
10717 27
10718 27
10719 27
10720 27
10721 27
10722 27
10723 27
10724 27
10725 27
10726 27
10727 27
10728 27
10729 27
10730 27
10731 27
10732 27
10733 27
10734 27
10735 27
10736 176
10737 27
10738 27
10739 27
10740 27
10741 27
10742 27
10743 27
10744 27
10745 27
10746 27
10747 27
10748 27
10749 27
10750 27
10751 27
10752 27
10753 27
10754 27
10755 27
10756 27
10757 27
10758 27
10759 27
10760 27
10761 27
10762 27
10763 27
10764 27
10765 27
10766 27
10767 27
10768 27
10769 27
10770 27
10771 27
10772 27
10773 27
10774 27
10775 27
10776 27
10777 27
10778 27
10779 27
10780 27
10781 221
10782 21
10783 290
10784 27
10785 27
10786 27
10787 27
10788 27
10789 27
10790 27
10791 27
10792 27
10793 27
10794 27
10795 27
10796 27
10797 27
10798 22
10799 27
10800 27
10801 27
10802 27
10803 27
10804 27
10805 27
10806 27
10807 27
10808 27
10809 27
10810 27
10811 27
10812 27
10813 27
10814 27
10815 27
10816 27
10817 27
10818 27
10819 27
10820 27
10821 27
10822 80
10823 27
10824 27
10825 27
10826 27
10827 27
10828 27
10829 27
10830 27
10831 27
10832 27
10833 27
10834 27
10835 27
10836 27
10837 27
10838 27
10839 27
10840 27
10841 27
10842 27
10843 27
10844 27
10845 27
10846 27
10847 27
10848 27
10849 27
10850 27
10851 27
10852 27
10853 27
10854 27
10855 27
10856 27
10857 27
10858 27
10859 27
10860 27
10861 27
10862 27
10863 27
10864 27
10865 27
10866 27
10867 27
10868 27
10869 27
10870 27
10871 27
10872 27
10873 27
10874 27
10875 27
10876 182
10877 27
10878 27
10879 27
10880 27
10881 27
10882 27
10883 27
10884 27
10885 27
10886 27
10887 27
10888 27
10889 27
10890 27
10891 27
10892 27
10893 27
10894 27
10895 27
10896 27
10897 27
10898 27
10899 27
10900 27
10901 27
10902 27
10903 27
10904 27
10905 27
10906 27
10907 27
10908 27
10909 27
10910 27
10911 27
10912 27
10913 27
10914 27
10915 222
10916 27
10917 27
10918 27
10919 27
10920 27
10921 27
10922 27
10923 27
10924 27
10925 27
10926 27
10927 197
10928 27
10929 27
10930 27
10931 27
10932 27
10933 27
10934 27
10935 27
10936 27
10937 27
10938 27
10939 27
10940 27
10941 27
10942 27
10943 27
10944 27
10945 27
10946 27
10947 223
10948 27
10949 27
10950 27
10951 130
10952 27
10953 27
10954 27
10955 27
10956 27
10957 27
10958 27
10959 27
10960 27
10961 27
10962 27
10963 27
10964 27
10965 141
10966 27
10967 27
10968 27
10969 27
10970 27
10971 27
10972 27
10973 27
10974 27
10975 27
10976 27
10977 154
10978 27
10979 27
10980 27
10981 27
10982 27
10983 27
10984 27
10985 27
10986 27
10987 27
10988 27
10989 27
10990 27
10991 27
10992 111
10993 27
10994 27
10995 1
10996 27
10997 27
10998 27
10999 27
11000 27
11001 27
11002 27
11003 27
11004 27
11005 27
11006 27
11007 27
11008 262
11009 27
11010 27
11011 27
11012 27
11013 27
11014 27
11015 27
11016 27
11017 27
11018 27
11019 27
11020 60
11021 27
11022 27
11023 27
11024 290
11025 27
11026 27
11027 27
11028 27
11029 27
11030 27
11031 27
11032 27
11033 27
11034 27
11035 27
11036 27
11037 27
11038 27
11039 27
11040 27
11041 27
11042 27
11043 27
11044 27
11045 27
11046 27
11047 27
11048 27
11049 27
11050 27
11051 27
11052 34
11053 27
11054 27
11055 27
11056 27
11057 27
11058 27
11059 27
11060 27
11061 27
11062 130
11063 27
11064 27
11065 27
11066 27
11067 27
11068 27
11069 224
11070 27
11071 27
11072 27
11073 27
11074 27
11075 27
11076 27
11077 27
11078 27
11079 27
11080 27
11081 27
11082 27
11083 27
11084 27
11085 27
11086 27
11087 27
11088 27
11089 27
11090 27
11091 27
11092 27
11093 27
11094 27
11095 27
11096 27
11097 27
11098 27
11099 27
11100 27
11101 27
11102 42
11103 27
11104 27
11105 27
11106 27
11107 225
11108 27
11109 27
11110 27
11111 27
11112 27
11113 27
11114 27
11115 27
11116 27
11117 27
11118 27
11119 27
11120 27
11121 27
11122 27
11123 27
11124 232
11125 27
11126 27
11127 27
11128 27
11129 27
11130 27
11131 262
11132 27
11133 27
11134 27
11135 27
11136 27
11137 27
11138 27
11139 27
11140 27
11141 27
11142 27
11143 27
11144 27
11145 27
11146 27
11147 27
11148 27
11149 27
11150 27
11151 27
11152 39
11153 27
11154 27
11155 27
11156 27
11157 27
11158 27
11159 27
11160 27
11161 27
11162 27
11163 27
11164 27
11165 27
11166 27
11167 27
11168 27
11169 27
11170 27
11171 27
11172 27
11173 226
11174 130
11175 27
11176 27
11177 130
11178 27
11179 27
11180 27
11181 27
11182 27
11183 27
11184 27
11185 27
11186 27
11187 27
11188 27
11189 27
11190 27
11191 27
11192 27
11193 27
11194 27
11195 27
11196 27
11197 27
11198 1
11199 255
11200 27
11201 27
11202 27
11203 269
11204 27
11205 27
11206 27
11207 27
11208 27
11209 27
11210 27
11211 130
11212 27
11213 27
11214 27
11215 27
11216 27
11217 27
11218 27
11219 27
11220 27
11221 27
11222 27
11223 27
11224 27
11225 27
11226 290
11227 27
11228 27
11229 27
11230 27
11231 27
11232 27
11233 27
11234 27
11235 27
11236 27
11237 27
11238 27
11239 27
11240 27
11241 27
11242 27
11243 227
11244 27
11245 27
11246 27
11247 27
11248 27
11249 27
11250 27
11251 27
11252 27
11253 27
11254 27
11255 27
11256 27
11257 27
11258 27
11259 27
11260 27
11261 27
11262 27
11263 27
11264 27
11265 130
11266 27
11267 15
11268 27
11269 27
11270 27
11271 27
11272 27
11273 27
11274 27
11275 27
11276 27
11277 27
11278 27
11279 27
11280 27
11281 27
11282 27
11283 27
11284 27
11285 27
11286 27
11287 27
11288 27
11289 27
11290 27
11291 27
11292 27
11293 27
11294 27
11295 27
11296 27
11297 27
11298 27
11299 27
11300 27
11301 27
11302 27
11303 27
11304 27
11305 27
11306 27
11307 27
11308 27
11309 27
11310 27
11311 27
11312 27
11313 27
11314 11
11315 27
11316 27
11317 27
11318 27
11319 27
11320 27
11321 27
11322 27
11323 27
11324 27
11325 27
11326 27
11327 141
11328 27
11329 27
11330 27
11331 27
11332 27
11333 27
11334 27
11335 27
11336 27
11337 27
11338 27
11339 27
11340 27
11341 27
11342 27
11343 27
11344 27
11345 27
11346 27
11347 27
11348 27
11349 27
11350 27
11351 27
11352 27
11353 27
11354 228
11355 27
11356 27
11357 27
11358 27
11359 27
11360 27
11361 27
11362 27
11363 27
11364 27
11365 27
11366 27
11367 27
11368 27
11369 27
11370 27
11371 27
11372 27
11373 27
11374 27
11375 110
11376 27
11377 27
11378 27
11379 27
11380 111
11381 27
11382 27
11383 27
11384 27
11385 27
11386 27
11387 63
11388 27
11389 27
11390 27
11391 27
11392 27
11393 27
11394 27
11395 27
11396 27
11397 27
11398 27
11399 27
11400 27
11401 27
11402 27
11403 27
11404 159
11405 27
11406 27
11407 27
11408 27
11409 27
11410 27
11411 27
11412 229
11413 27
11414 27
11415 27
11416 27
11417 27
11418 27
11419 27
11420 227
11421 27
11422 27
11423 27
11424 27
11425 27
11426 27
11427 27
11428 27
11429 27
11430 27
11431 27
11432 27
11433 27
11434 27
11435 15
11436 27
11437 27
11438 27
11439 27
11440 27
11441 27
11442 27
11443 27
11444 27
11445 27
11446 27
11447 27
11448 27
11449 27
11450 230
11451 27
11452 27
11453 27
11454 27
11455 27
11456 27
11457 27
11458 27
11459 27
11460 27
11461 27
11462 27
11463 27
11464 27
11465 27
11466 27
11467 27
11468 27
11469 27
11470 27
11471 27
11472 249
11473 27
11474 27
11475 27
11476 27
11477 27
11478 27
11479 27
11480 27
11481 27
11482 27
11483 27
11484 27
11485 27
11486 27
11487 27
11488 27
11489 27
11490 27
11491 27
11492 27
11493 27
11494 27
11495 27
11496 27
11497 27
11498 27
11499 27
11500 262
11501 27
11502 27
11503 27
11504 27
11505 27
11506 27
11507 27
11508 27
11509 27
11510 27
11511 27
11512 27
11513 27
11514 27
11515 27
11516 27
11517 27
11518 27
11519 27
11520 27
11521 27
11522 27
11523 27
11524 27
11525 27
11526 27
11527 27
11528 27
11529 27
11530 27
11531 27
11532 27
11533 27
11534 27
11535 143
11536 145
11537 27
11538 27
11539 27
11540 27
11541 27
11542 27
11543 218
11544 27
11545 27
11546 27
11547 27
11548 27
11549 27
11550 27
11551 27
11552 27
11553 27
11554 27
11555 27
11556 182
11557 27
11558 27
11559 27
11560 27
11561 27
11562 27
11563 27
11564 27
11565 27
11566 27
11567 27
11568 27
11569 27
11570 27
11571 27
11572 27
11573 27
11574 27
11575 83
11576 27
11577 27
11578 27
11579 27
11580 27
11581 27
11582 27
11583 27
11584 27
11585 27
11586 27
11587 230
11588 27
11589 27
11590 27
11591 27
11592 27
11593 27
11594 27
11595 27
11596 27
11597 44
11598 27
11599 44
11600 27
11601 27
11602 27
11603 27
11604 27
11605 27
11606 27
11607 70
11608 27
11609 147
11610 27
11611 27
11612 27
11613 27
11614 27
11615 27
11616 27
11617 27
11618 27
11619 27
11620 27
11621 27
11622 27
11623 27
11624 27
11625 27
11626 27
11627 256
11628 27
11629 27
11630 27
11631 27
11632 27
11633 130
11634 27
11635 27
11636 27
11637 27
11638 27
11639 27
11640 27
11641 27
11642 27
11643 27
11644 27
11645 27
11646 27
11647 27
11648 27
11649 27
11650 27
11651 27
11652 290
11653 27
11654 27
11655 27
11656 27
11657 27
11658 27
11659 27
11660 27
11661 27
11662 27
11663 27
11664 27
11665 27
11666 27
11667 27
11668 27
11669 27
11670 27
11671 27
11672 27
11673 27
11674 27
11675 27
11676 27
11677 27
11678 27
11679 27
11680 27
11681 27
11682 27
11683 27
11684 27
11685 83
11686 27
11687 27
11688 27
11689 27
11690 27
11691 27
11692 27
11693 27
11694 27
11695 27
11696 27
11697 27
11698 27
11699 27
11700 27
11701 27
11702 27
11703 27
11704 27
11705 27
11706 27
11707 27
11708 27
11709 231
11710 27
11711 146
11712 27
11713 232
11714 27
11715 27
11716 27
11717 27
11718 27
11719 27
11720 27
11721 27
11722 213
11723 27
11724 27
11725 27
11726 27
11727 27
11728 255
11729 27
11730 27
11731 27
11732 27
11733 27
11734 27
11735 27
11736 27
11737 27
11738 27
11739 27
11740 27
11741 27
11742 116
11743 27
11744 27
11745 27
11746 42
11747 27
11748 27
11749 27
11750 27
11751 27
11752 27
11753 27
11754 27
11755 27
11756 27
11757 27
11758 27
11759 27
11760 27
11761 27
11762 27
11763 27
11764 27
11765 27
11766 27
11767 27
11768 27
11769 230
11770 27
11771 27
11772 27
11773 27
11774 27
11775 27
11776 27
11777 27
11778 27
11779 27
11780 27
11781 27
11782 27
11783 27
11784 27
11785 27
11786 27
11787 27
11788 27
11789 27
11790 27
11791 27
11792 27
11793 27
11794 27
11795 27
11796 27
11797 27
11798 27
11799 27
11800 27
11801 27
11802 27
11803 27
11804 27
11805 27
11806 27
11807 78
11808 233
11809 27
11810 27
11811 27
11812 27
11813 27
11814 27
11815 27
11816 27
11817 27
11818 234
11819 27
11820 27
11821 27
11822 27
11823 169
11824 27
11825 27
11826 27
11827 27
11828 27
11829 27
11830 27
11831 27
11832 27
11833 27
11834 27
11835 27
11836 27
11837 27
11838 27
11839 27
11840 27
11841 27
11842 27
11843 27
11844 27
11845 27
11846 27
11847 27
11848 27
11849 27
11850 27
11851 27
11852 27
11853 27
11854 27
11855 27
11856 27
11857 27
11858 27
11859 27
11860 27
11861 27
11862 27
11863 287
11864 27
11865 27
11866 27
11867 27
11868 27
11869 27
11870 27
11871 27
11872 27
11873 27
11874 27
11875 27
11876 27
11877 304
11878 27
11879 15
11880 27
11881 27
11882 27
11883 27
11884 27
11885 27
11886 27
11887 27
11888 27
11889 213
11890 283
11891 27
11892 27
11893 27
11894 27
11895 27
11896 27
11897 27
11898 27
11899 27
11900 27
11901 27
11902 27
11903 27
11904 27
11905 27
11906 27
11907 27
11908 27
11909 262
11910 27
11911 27
11912 27
11913 27
11914 27
11915 27
11916 27
11917 190
11918 27
11919 27
11920 27
11921 27
11922 27
11923 27
11924 27
11925 27
11926 27
11927 27
11928 27
11929 27
11930 27
11931 27
11932 27
11933 27
11934 27
11935 27
11936 27
11937 27
11938 27
11939 27
11940 27
11941 235
11942 27
11943 27
11944 27
11945 278
11946 27
11947 27
11948 27
11949 27
11950 27
11951 27
11952 27
11953 27
11954 27
11955 27
11956 27
11957 27
11958 27
11959 27
11960 27
11961 27
11962 27
11963 27
11964 27
11965 27
11966 27
11967 27
11968 27
11969 27
11970 27
11971 27
11972 27
11973 27
11974 27
11975 27
11976 27
11977 27
11978 27
11979 27
11980 27
11981 27
11982 27
11983 27
11984 27
11985 27
11986 27
11987 27
11988 130
11989 27
11990 27
11991 27
11992 27
11993 27
11994 27
11995 27
11996 27
11997 27
11998 27
11999 27
12000 27
12001 27
12002 27
12003 27
12004 27
12005 27
12006 27
12007 27
12008 236
12009 27
12010 27
12011 27
12012 27
12013 27
12014 27
12015 27
12016 27
12017 27
12018 130
12019 2
12020 182
12021 27
12022 27
12023 27
12024 27
12025 27
12026 27
12027 27
12028 27
12029 27
12030 27
12031 27
12032 27
12033 27
12034 27
12035 141
12036 27
12037 27
12038 27
12039 27
12040 27
12041 27
12042 27
12043 27
12044 27
12045 255
12046 27
12047 27
12048 15
12049 27
12050 27
12051 27
12052 27
12053 290
12054 37
12055 27
12056 27
12057 27
12058 27
12059 27
12060 27
12061 27
12062 27
12063 27
12064 29
12065 27
12066 130
12067 27
12068 237
12069 27
12070 27
12071 27
12072 27
12073 27
12074 27
12075 27
12076 27
12077 27
12078 27
12079 27
12080 27
12081 130
12082 27
12083 238
12084 27
12085 27
12086 27
12087 27
12088 27
12089 27
12090 27
12091 27
12092 27
12093 27
12094 27
12095 27
12096 27
12097 27
12098 27
12099 27
12100 27
12101 27
12102 27
12103 27
12104 27
12105 27
12106 27
12107 27
12108 27
12109 27
12110 27
12111 27
12112 27
12113 27
12114 27
12115 27
12116 27
12117 84
12118 228
12119 27
12120 27
12121 27
12122 27
12123 27
12124 27
12125 27
12126 27
12127 27
12128 27
12129 27
12130 27
12131 27
12132 27
12133 27
12134 27
12135 27
12136 27
12137 27
12138 27
12139 27
12140 27
12141 27
12142 27
12143 27
12144 27
12145 27
12146 27
12147 27
12148 27
12149 27
12150 27
12151 27
12152 27
12153 27
12154 27
12155 27
12156 27
12157 27
12158 27
12159 27
12160 27
12161 27
12162 27
12163 27
12164 27
12165 27
12166 27
12167 27
12168 27
12169 27
12170 27
12171 27
12172 27
12173 27
12174 27
12175 27
12176 27
12177 27
12178 27
12179 27
12180 27
12181 27
12182 27
12183 27
12184 27
12185 27
12186 27
12187 27
12188 27
12189 27
12190 27
12191 27
12192 27
12193 27
12194 27
12195 27
12196 262
12197 27
12198 27
12199 27
12200 27
12201 27
12202 27
12203 27
12204 27
12205 27
12206 27
12207 27
12208 27
12209 27
12210 27
12211 27
12212 27
12213 290
12214 27
12215 27
12216 27
12217 27
12218 27
12219 186
12220 27
12221 27
12222 27
12223 27
12224 27
12225 27
12226 27
12227 141
12228 27
12229 27
12230 27
12231 27
12232 27
12233 27
12234 27
12235 304
12236 27
12237 27
12238 27
12239 27
12240 27
12241 27
12242 27
12243 27
12244 27
12245 27
12246 27
12247 27
12248 27
12249 27
12250 27
12251 27
12252 27
12253 27
12254 27
12255 27
12256 27
12257 27
12258 27
12259 27
12260 27
12261 27
12262 27
12263 27
12264 27
12265 27
12266 27
12267 27
12268 27
12269 27
12270 27
12271 27
12272 27
12273 27
12274 27
12275 27
12276 27
12277 27
12278 239
12279 27
12280 27
12281 27
12282 27
12283 27
12284 27
12285 27
12286 27
12287 27
12288 27
12289 27
12290 27
12291 27
12292 27
12293 27
12294 27
12295 27
12296 27
12297 27
12298 27
12299 27
12300 27
12301 27
12302 27
12303 27
12304 27
12305 27
12306 27
12307 27
12308 27
12309 27
12310 27
12311 27
12312 277
12313 27
12314 27
12315 27
12316 27
12317 27
12318 27
12319 27
12320 27
12321 27
12322 27
12323 57
12324 27
12325 27
12326 27
12327 27
12328 298
12329 212
12330 27
12331 27
12332 27
12333 27
12334 60
12335 27
12336 27
12337 27
12338 27
12339 27
12340 27
12341 27
12342 27
12343 27
12344 27
12345 130
12346 27
12347 27
12348 27
12349 27
12350 27
12351 27
12352 27
12353 27
12354 27
12355 27
12356 27
12357 27
12358 27
12359 27
12360 27
12361 27
12362 27
12363 27
12364 27
12365 27
12366 27
12367 27
12368 27
12369 27
12370 27
12371 27
12372 27
12373 27
12374 16
12375 258
12376 27
12377 27
12378 27
12379 27
12380 27
12381 27
12382 27
12383 27
12384 27
12385 27
12386 27
12387 27
12388 27
12389 27
12390 27
12391 27
12392 27
12393 27
12394 27
12395 27
12396 27
12397 27
12398 27
12399 179
12400 27
12401 27
12402 27
12403 27
12404 27
12405 27
12406 27
12407 27
12408 27
12409 27
12410 27
12411 27
12412 27
12413 27
12414 27
12415 27
12416 27
12417 27
12418 27
12419 27
12420 27
12421 27
12422 27
12423 27
12424 27
12425 27
12426 27
12427 27
12428 27
12429 27
12430 27
12431 27
12432 27
12433 27
12434 27
12435 27
12436 27
12437 27
12438 27
12439 27
12440 27
12441 27
12442 27
12443 240
12444 27
12445 27
12446 27
12447 27
12448 10
12449 304
12450 27
12451 27
12452 27
12453 27
12454 27
12455 27
12456 27
12457 27
12458 27
12459 27
12460 27
12461 27
12462 27
12463 27
12464 27
12465 27
12466 27
12467 27
12468 27
12469 27
12470 27
12471 27
12472 27
12473 27
12474 27
12475 27
12476 27
12477 27
12478 27
12479 27
12480 27
12481 27
12482 27
12483 27
12484 27
12485 27
12486 27
12487 27
12488 27
12489 27
12490 27
12491 27
12492 27
12493 27
12494 27
12495 27
12496 27
12497 27
12498 27
12499 27
12500 27
12501 27
12502 27
12503 27
12504 27
12505 27
12506 27
12507 27
12508 27
12509 27
12510 27
12511 27
12512 27
12513 27
12514 27
12515 27
12516 27
12517 130
12518 27
12519 67
12520 27
12521 27
12522 27
12523 27
12524 27
12525 27
12526 213
12527 27
12528 27
12529 27
12530 27
12531 27
12532 27
12533 27
12534 27
12535 27
12536 130
12537 27
12538 27
12539 27
12540 27
12541 27
12542 27
12543 27
12544 27
12545 262
12546 27
12547 27
12548 27
12549 27
12550 27
12551 27
12552 27
12553 27
12554 27
12555 27
12556 27
12557 27
12558 27
12559 27
12560 27
12561 42
12562 27
12563 42
12564 27
12565 27
12566 27
12567 27
12568 27
12569 27
12570 27
12571 27
12572 228
12573 27
12574 27
12575 27
12576 220
12577 27
12578 27
12579 27
12580 27
12581 27
12582 27
12583 27
12584 27
12585 27
12586 27
12587 27
12588 27
12589 27
12590 27
12591 27
12592 27
12593 27
12594 27
12595 27
12596 27
12597 27
12598 27
12599 27
12600 27
12601 27
12602 98
12603 27
12604 27
12605 27
12606 27
12607 222
12608 27
12609 27
12610 27
12611 27
12612 27
12613 27
12614 27
12615 27
12616 27
12617 27
12618 27
12619 42
12620 27
12621 27
12622 102
12623 27
12624 27
12625 27
12626 27
12627 27
12628 27
12629 27
12630 27
12631 27
12632 27
12633 27
12634 27
12635 27
12636 27
12637 27
12638 27
12639 27
12640 27
12641 27
12642 27
12643 27
12644 241
12645 27
12646 27
12647 27
12648 27
12649 27
12650 27
12651 27
12652 27
12653 27
12654 27
12655 27
12656 27
12657 27
12658 27
12659 27
12660 27
12661 27
12662 27
12663 27
12664 27
12665 27
12666 27
12667 27
12668 27
12669 27
12670 27
12671 27
12672 27
12673 27
12674 27
12675 27
12676 27
12677 27
12678 27
12679 27
12680 27
12681 27
12682 27
12683 27
12684 27
12685 27
12686 27
12687 27
12688 27
12689 27
12690 27
12691 27
12692 27
12693 27
12694 27
12695 27
12696 27
12697 27
12698 27
12699 27
12700 27
12701 27
12702 27
12703 27
12704 27
12705 27
12706 27
12707 27
12708 27
12709 27
12710 27
12711 27
12712 27
12713 27
12714 27
12715 27
12716 27
12717 27
12718 27
12719 27
12720 27
12721 27
12722 27
12723 27
12724 27
12725 27
12726 27
12727 27
12728 27
12729 27
12730 27
12731 27
12732 27
12733 27
12734 27
12735 27
12736 27
12737 27
12738 27
12739 27
12740 27
12741 27
12742 27
12743 118
12744 27
12745 27
12746 242
12747 27
12748 27
12749 27
12750 27
12751 27
12752 27
12753 27
12754 27
12755 27
12756 27
12757 27
12758 27
12759 27
12760 27
12761 27
12762 27
12763 27
12764 27
12765 27
12766 27
12767 27
12768 27
12769 27
12770 27
12771 27
12772 27
12773 27
12774 27
12775 27
12776 27
12777 27
12778 27
12779 27
12780 27
12781 243
12782 27
12783 27
12784 130
12785 27
12786 27
12787 27
12788 27
12789 304
12790 27
12791 27
12792 27
12793 27
12794 27
12795 27
12796 27
12797 27
12798 27
12799 27
12800 27
12801 27
12802 27
12803 230
12804 244
12805 41
12806 27
12807 27
12808 27
12809 27
12810 27
12811 27
12812 27
12813 27
12814 27
12815 27
12816 27
12817 27
12818 27
12819 27
12820 27
12821 290
12822 27
12823 27
12824 27
12825 27
12826 27
12827 27
12828 27
12829 27
12830 298
12831 27
12832 27
12833 27
12834 27
12835 27
12836 27
12837 27
12838 27
12839 27
12840 27
12841 27
12842 27
12843 27
12844 27
12845 27
12846 27
12847 27
12848 27
12849 27
12850 27
12851 27
12852 27
12853 27
12854 27
12855 27
12856 27
12857 27
12858 27
12859 212
12860 27
12861 27
12862 27
12863 27
12864 27
12865 27
12866 27
12867 27
12868 27
12869 27
12870 27
12871 27
12872 27
12873 27
12874 27
12875 27
12876 27
12877 27
12878 27
12879 27
12880 27
12881 27
12882 27
12883 27
12884 27
12885 27
12886 27
12887 27
12888 27
12889 27
12890 149
12891 27
12892 27
12893 27
12894 27
12895 27
12896 27
12897 27
12898 27
12899 27
12900 27
12901 27
12902 27
12903 27
12904 27
12905 27
12906 27
12907 27
12908 27
12909 27
12910 27
12911 27
12912 27
12913 27
12914 27
12915 27
12916 27
12917 27
12918 27
12919 27
12920 27
12921 27
12922 27
12923 27
12924 27
12925 27
12926 27
12927 304
12928 27
12929 86
12930 27
12931 130
12932 181
12933 27
12934 27
12935 27
12936 27
12937 27
12938 27
12939 27
12940 27
12941 82
12942 27
12943 27
12944 27
12945 27
12946 27
12947 27
12948 27
12949 27
12950 27
12951 27
12952 27
12953 27
12954 85
12955 27
12956 27
12957 27
12958 27
12959 27
12960 27
12961 27
12962 27
12963 27
12964 27
12965 27
12966 27
12967 27
12968 27
12969 245
12970 121
12971 27
12972 111
12973 27
12974 27
12975 27
12976 27
12977 111
12978 27
12979 27
12980 27
12981 27
12982 27
12983 27
12984 27
12985 27
12986 27
12987 27
12988 27
12989 27
12990 54
12991 27
12992 27
12993 27
12994 27
12995 27
12996 27
12997 27
12998 27
12999 27
13000 27
13001 27
13002 27
13003 27
13004 27
13005 27
13006 27
13007 27
13008 27
13009 27
13010 27
13011 27
13012 27
13013 27
13014 27
13015 27
13016 27
13017 27
13018 27
13019 27
13020 27
13021 27
13022 27
13023 27
13024 27
13025 27
13026 27
13027 27
13028 27
13029 27
13030 27
13031 27
13032 27
13033 27
13034 27
13035 27
13036 27
13037 27
13038 27
13039 27
13040 27
13041 27
13042 27
13043 27
13044 27
13045 27
13046 111
13047 27
13048 27
13049 27
13050 27
13051 27
13052 27
13053 27
13054 130
13055 27
13056 27
13057 27
13058 27
13059 27
13060 27
13061 27
13062 27
13063 27
13064 27
13065 27
13066 27
13067 27
13068 27
13069 246
13070 27
13071 27
13072 27
13073 27
13074 27
13075 27
13076 27
13077 27
13078 27
13079 27
13080 27
13081 27
13082 27
13083 27
13084 27
13085 27
13086 27
13087 27
13088 27
13089 27
13090 27
13091 27
13092 27
13093 27
13094 27
13095 27
13096 27
13097 27
13098 27
13099 27
13100 27
13101 27
13102 27
13103 27
13104 27
13105 27
13106 27
13107 27
13108 196
13109 27
13110 27
13111 27
13112 27
13113 27
13114 27
13115 27
13116 27
13117 27
13118 27
13119 27
13120 27
13121 27
13122 247
13123 27
13124 27
13125 162
13126 27
13127 27
13128 171
13129 27
13130 27
13131 27
13132 27
13133 27
13134 153
13135 27
13136 27
13137 27
13138 292
13139 27
13140 27
13141 95
13142 27
13143 27
13144 27
13145 27
13146 27
13147 27
13148 27
13149 27
13150 27
13151 27
13152 27
13153 27
13154 27
13155 298
13156 27
13157 27
13158 27
13159 27
13160 27
13161 130
13162 27
13163 27
13164 248
13165 27
13166 27
13167 27
13168 27
13169 27
13170 27
13171 27
13172 27
13173 118
13174 27
13175 27
13176 27
13177 27
13178 81
13179 27
13180 27
13181 27
13182 27
13183 27
13184 27
13185 130
13186 27
13187 27
13188 27
13189 27
13190 27
13191 27
13192 141
13193 27
13194 27
13195 27
13196 27
13197 27
13198 27
13199 27
13200 27
13201 27
13202 27
13203 85
13204 27
13205 27
13206 249
13207 27
13208 27
13209 27
13210 304
13211 27
13212 27
13213 27
13214 27
13215 27
13216 27
13217 27
13218 27
13219 27
13220 27
13221 27
13222 27
13223 27
13224 27
13225 27
13226 27
13227 27
13228 27
13229 27
13230 250
13231 27
13232 27
13233 27
13234 27
13235 27
13236 27
13237 27
13238 27
13239 27
13240 27
13241 27
13242 27
13243 27
13244 27
13245 27
13246 27
13247 27
13248 27
13249 27
13250 27
13251 27
13252 27
13253 27
13254 27
13255 27
13256 27
13257 27
13258 27
13259 27
13260 27
13261 27
13262 27
13263 27
13264 27
13265 27
13266 27
13267 27
13268 27
13269 27
13270 27
13271 27
13272 27
13273 27
13274 27
13275 27
13276 27
13277 27
13278 27
13279 27
13280 122
13281 27
13282 27
13283 27
13284 27
13285 27
13286 27
13287 27
13288 27
13289 27
13290 27
13291 27
13292 113
13293 27
13294 27
13295 27
13296 27
13297 27
13298 27
13299 27
13300 27
13301 141
13302 27
13303 27
13304 27
13305 27
13306 27
13307 27
13308 27
13309 27
13310 27
13311 27
13312 27
13313 27
13314 27
13315 27
13316 27
13317 27
13318 27
13319 27
13320 27
13321 27
13322 27
13323 27
13324 27
13325 27
13326 27
13327 27
13328 27
13329 27
13330 27
13331 27
13332 27
13333 27
13334 27
13335 27
13336 27
13337 27
13338 27
13339 251
13340 27
13341 27
13342 27
13343 27
13344 27
13345 27
13346 27
13347 27
13348 27
13349 27
13350 27
13351 27
13352 27
13353 27
13354 27
13355 27
13356 27
13357 27
13358 27
13359 27
13360 27
13361 27
13362 27
13363 27
13364 27
13365 27
13366 132
13367 27
13368 27
13369 27
13370 27
13371 27
13372 27
13373 27
13374 27
13375 27
13376 27
13377 27
13378 27
13379 27
13380 27
13381 27
13382 27
13383 111
13384 27
13385 27
13386 27
13387 27
13388 27
13389 27
13390 27
13391 27
13392 27
13393 27
13394 27
13395 27
13396 27
13397 27
13398 27
13399 27
13400 27
13401 27
13402 27
13403 27
13404 27
13405 27
13406 27
13407 27
13408 27
13409 27
13410 27
13411 27
13412 27
13413 27
13414 27
13415 27
13416 27
13417 27
13418 27
13419 27
13420 27
13421 252
13422 27
13423 27
13424 27
13425 27
13426 27
13427 27
13428 27
13429 27
13430 27
13431 27
13432 130
13433 27
13434 27
13435 27
13436 27
13437 27
13438 27
13439 27
13440 27
13441 27
13442 27
13443 27
13444 27
13445 27
13446 27
13447 27
13448 27
13449 304
13450 27
13451 15
13452 27
13453 27
13454 27
13455 27
13456 27
13457 27
13458 27
13459 27
13460 27
13461 27
13462 27
13463 27
13464 27
13465 27
13466 27
13467 27
13468 27
13469 27
13470 27
13471 27
13472 27
13473 27
13474 183
13475 27
13476 27
13477 120
13478 27
13479 27
13480 27
13481 27
13482 27
13483 27
13484 27
13485 27
13486 27
13487 27
13488 27
13489 27
13490 27
13491 205
13492 27
13493 27
13494 27
13495 27
13496 27
13497 27
13498 40
13499 27
13500 27
13501 27
13502 27
13503 27
13504 27
13505 27
13506 27
13507 27
13508 262
13509 27
13510 27
13511 27
13512 27
13513 27
13514 27
13515 27
13516 27
13517 211
13518 27
13519 27
13520 27
13521 27
13522 27
13523 27
13524 52
13525 27
13526 27
13527 27
13528 27
13529 27
13530 27
13531 27
13532 27
13533 27
13534 27
13535 27
13536 27
13537 27
13538 27
13539 15
13540 27
13541 27
13542 27
13543 27
13544 27
13545 27
13546 27
13547 27
13548 27
13549 27
13550 27
13551 27
13552 27
13553 27
13554 27
13555 27
13556 27
13557 27
13558 253
13559 253
13560 27
13561 27
13562 27
13563 27
13564 27
13565 27
13566 27
13567 27
13568 298
13569 27
13570 27
13571 27
13572 27
13573 27
13574 27
13575 27
13576 130
13577 177
13578 66
13579 27
13580 27
13581 27
13582 27
13583 27
13584 27
13585 27
13586 27
13587 27
13588 27
13589 27
13590 27
13591 27
13592 27
13593 27
13594 27
13595 27
13596 27
13597 27
13598 27
13599 27
13600 27
13601 27
13602 27
13603 27
13604 27
13605 81
13606 27
13607 27
13608 27
13609 27
13610 27
13611 254
13612 27
13613 27
13614 27
13615 27
13616 27
13617 27
13618 27
13619 27
13620 27
13621 27
13622 27
13623 27
13624 27
13625 27
13626 27
13627 27
13628 27
13629 27
13630 255
13631 27
13632 27
13633 27
13634 27
13635 27
13636 27
13637 27
13638 255
13639 27
13640 27
13641 27
13642 27
13643 27
13644 27
13645 256
13646 213
13647 27
13648 27
13649 27
13650 187
13651 27
13652 27
13653 27
13654 27
13655 27
13656 27
13657 27
13658 27
13659 27
13660 27
13661 27
13662 27
13663 27
13664 27
13665 27
13666 27
13667 27
13668 27
13669 27
13670 27
13671 27
13672 27
13673 27
13674 27
13675 27
13676 27
13677 27
13678 27
13679 27
13680 27
13681 27
13682 27
13683 27
13684 27
13685 27
13686 27
13687 27
13688 27
13689 27
13690 111
13691 27
13692 27
13693 27
13694 27
13695 27
13696 27
13697 27
13698 27
13699 27
13700 27
13701 27
13702 256
13703 27
13704 27
13705 27
13706 27
13707 27
13708 27
13709 27
13710 27
13711 27
13712 27
13713 27
13714 27
13715 27
13716 27
13717 257
13718 27
13719 27
13720 27
13721 27
13722 27
13723 27
13724 27
13725 208
13726 27
13727 27
13728 27
13729 15
13730 27
13731 27
13732 27
13733 27
13734 27
13735 27
13736 27
13737 27
13738 27
13739 27
13740 27
13741 27
13742 241
13743 27
13744 27
13745 27
13746 27
13747 27
13748 27
13749 27
13750 27
13751 27
13752 27
13753 27
13754 27
13755 27
13756 27
13757 27
13758 27
13759 27
13760 27
13761 27
13762 27
13763 27
13764 27
13765 27
13766 0
13767 27
13768 27
13769 15
13770 27
13771 27
13772 27
13773 27
13774 27
13775 27
13776 27
13777 27
13778 27
13779 27
13780 27
13781 27
13782 27
13783 27
13784 27
13785 27
13786 27
13787 27
13788 27
13789 27
13790 27
13791 27
13792 27
13793 27
13794 27
13795 27
13796 27
13797 27
13798 27
13799 27
13800 27
13801 27
13802 27
13803 27
13804 27
13805 27
13806 27
13807 27
13808 27
13809 27
13810 27
13811 27
13812 27
13813 27
13814 27
13815 27
13816 27
13817 27
13818 27
13819 27
13820 27
13821 27
13822 27
13823 27
13824 27
13825 27
13826 27
13827 27
13828 27
13829 27
13830 27
13831 151
13832 27
13833 27
13834 27
13835 27
13836 27
13837 27
13838 27
13839 27
13840 27
13841 27
13842 27
13843 27
13844 27
13845 27
13846 27
13847 27
13848 27
13849 27
13850 177
13851 27
13852 27
13853 27
13854 27
13855 27
13856 27
13857 27
13858 27
13859 103
13860 27
13861 27
13862 27
13863 27
13864 258
13865 27
13866 27
13867 27
13868 27
13869 27
13870 27
13871 259
13872 27
13873 27
13874 27
13875 27
13876 27
13877 27
13878 27
13879 27
13880 27
13881 27
13882 72
13883 27
13884 27
13885 27
13886 27
13887 27
13888 27
13889 27
13890 27
13891 27
13892 27
13893 27
13894 27
13895 27
13896 27
13897 27
13898 27
13899 27
13900 27
13901 27
13902 27
13903 27
13904 27
13905 27
13906 27
13907 27
13908 27
13909 27
13910 27
13911 27
13912 27
13913 27
13914 27
13915 27
13916 27
13917 27
13918 27
13919 27
13920 27
13921 27
13922 201
13923 27
13924 27
13925 27
13926 234
13927 290
13928 27
13929 27
13930 27
13931 27
13932 27
13933 27
13934 27
13935 27
13936 27
13937 27
13938 27
13939 27
13940 27
13941 27
13942 27
13943 27
13944 27
13945 27
13946 27
13947 27
13948 27
13949 27
13950 27
13951 27
13952 27
13953 27
13954 1
13955 260
13956 27
13957 27
13958 27
13959 27
13960 27
13961 111
13962 27
13963 27
13964 27
13965 27
13966 27
13967 27
13968 27
13969 27
13970 27
13971 27
13972 27
13973 27
13974 27
13975 27
13976 27
13977 27
13978 27
13979 27
13980 27
13981 27
13982 27
13983 27
13984 27
13985 27
13986 15
13987 27
13988 27
13989 27
13990 27
13991 27
13992 261
13993 27
13994 27
13995 27
13996 27
13997 27
13998 27
13999 27
14000 27
14001 27
14002 27
14003 27
14004 27
14005 27
14006 27
14007 27
14008 27
14009 27
14010 27
14011 27
14012 27
14013 27
14014 27
14015 27
14016 27
14017 27
14018 27
14019 27
14020 27
14021 27
14022 27
14023 27
14024 139
14025 27
14026 27
14027 27
14028 27
14029 27
14030 95
14031 27
14032 27
14033 27
14034 27
14035 27
14036 27
14037 27
14038 27
14039 27
14040 27
14041 27
14042 27
14043 27
14044 27
14045 27
14046 27
14047 27
14048 27
14049 150
14050 27
14051 298
14052 27
14053 27
14054 27
14055 238
14056 27
14057 27
14058 27
14059 27
14060 27
14061 206
14062 27
14063 27
14064 27
14065 27
14066 27
14067 27
14068 27
14069 27
14070 27
14071 27
14072 27
14073 27
14074 27
14075 27
14076 27
14077 27
14078 27
14079 304
14080 27
14081 27
14082 27
14083 27
14084 27
14085 27
14086 27
14087 27
14088 27
14089 27
14090 27
14091 27
14092 27
14093 27
14094 27
14095 27
14096 27
14097 27
14098 27
14099 27
14100 27
14101 27
14102 27
14103 27
14104 27
14105 27
14106 27
14107 27
14108 27
14109 27
14110 27
14111 27
14112 209
14113 27
14114 130
14115 27
14116 27
14117 27
14118 27
14119 27
14120 27
14121 27
14122 27
14123 27
14124 27
14125 27
14126 27
14127 27
14128 27
14129 27
14130 27
14131 79
14132 27
14133 27
14134 27
14135 27
14136 27
14137 27
14138 27
14139 27
14140 27
14141 27
14142 27
14143 27
14144 27
14145 27
14146 27
14147 27
14148 27
14149 298
14150 27
14151 27
14152 27
14153 27
14154 27
14155 27
14156 27
14157 27
14158 27
14159 27
14160 27
14161 27
14162 27
14163 27
14164 27
14165 27
14166 27
14167 27
14168 27
14169 27
14170 27
14171 262
14172 27
14173 27
14174 27
14175 27
14176 27
14177 27
14178 27
14179 27
14180 91
14181 27
14182 27
14183 27
14184 27
14185 27
14186 27
14187 27
14188 27
14189 27
14190 27
14191 27
14192 15
14193 27
14194 27
14195 27
14196 27
14197 27
14198 27
14199 27
14200 27
14201 27
14202 27
14203 27
14204 27
14205 27
14206 27
14207 263
14208 27
14209 27
14210 27
14211 27
14212 27
14213 27
14214 27
14215 27
14216 264
14217 27
14218 27
14219 27
14220 27
14221 27
14222 27
14223 27
14224 27
14225 27
14226 27
14227 27
14228 130
14229 27
14230 27
14231 27
14232 262
14233 27
14234 27
14235 27
14236 27
14237 27
14238 27
14239 27
14240 27
14241 27
14242 27
14243 27
14244 27
14245 27
14246 118
14247 27
14248 27
14249 27
14250 27
14251 27
14252 27
14253 27
14254 27
14255 27
14256 27
14257 27
14258 27
14259 27
14260 27
14261 27
14262 27
14263 27
14264 27
14265 27
14266 294
14267 27
14268 27
14269 60
14270 27
14271 27
14272 27
14273 27
14274 27
14275 27
14276 27
14277 27
14278 27
14279 184
14280 27
14281 27
14282 27
14283 27
14284 27
14285 27
14286 27
14287 27
14288 27
14289 27
14290 27
14291 27
14292 27
14293 27
14294 27
14295 27
14296 27
14297 27
14298 27
14299 27
14300 27
14301 27
14302 27
14303 27
14304 27
14305 27
14306 27
14307 27
14308 27
14309 27
14310 27
14311 27
14312 27
14313 27
14314 27
14315 27
14316 27
14317 27
14318 27
14319 27
14320 27
14321 27
14322 51
14323 27
14324 27
14325 27
14326 27
14327 27
14328 27
14329 27
14330 292
14331 27
14332 27
14333 27
14334 27
14335 64
14336 27
14337 27
14338 27
14339 27
14340 27
14341 153
14342 27
14343 265
14344 27
14345 27
14346 27
14347 27
14348 27
14349 27
14350 27
14351 27
14352 27
14353 27
14354 27
14355 27
14356 27
14357 27
14358 27
14359 27
14360 27
14361 27
14362 27
14363 27
14364 27
14365 27
14366 171
14367 27
14368 27
14369 27
14370 27
14371 27
14372 27
14373 27
14374 27
14375 27
14376 27
14377 27
14378 27
14379 27
14380 182
14381 6
14382 27
14383 27
14384 27
14385 27
14386 27
14387 27
14388 27
14389 27
14390 27
14391 27
14392 27
14393 27
14394 27
14395 27
14396 27
14397 27
14398 27
14399 27
14400 43
14401 27
14402 27
14403 27
14404 27
14405 27
14406 27
14407 27
14408 27
14409 27
14410 27
14411 27
14412 27
14413 27
14414 27
14415 27
14416 27
14417 27
14418 5
14419 27
14420 27
14421 27
14422 27
14423 27
14424 27
14425 27
14426 27
14427 130
14428 130
14429 265
14430 27
14431 27
14432 27
14433 27
14434 27
14435 27
14436 27
14437 27
14438 27
14439 27
14440 27
14441 27
14442 27
14443 27
14444 27
14445 27
14446 27
14447 27
14448 27
14449 27
14450 27
14451 27
14452 27
14453 27
14454 27
14455 27
14456 27
14457 27
14458 27
14459 27
14460 27
14461 27
14462 27
14463 27
14464 27
14465 27
14466 27
14467 27
14468 27
14469 27
14470 27
14471 27
14472 27
14473 27
14474 27
14475 27
14476 27
14477 27
14478 130
14479 27
14480 27
14481 27
14482 27
14483 27
14484 27
14485 27
14486 27
14487 27
14488 256
14489 27
14490 27
14491 27
14492 27
14493 27
14494 27
14495 27
14496 27
14497 27
14498 27
14499 27
14500 27
14501 27
14502 27
14503 27
14504 27
14505 27
14506 27
14507 27
14508 27
14509 27
14510 27
14511 27
14512 27
14513 27
14514 296
14515 27
14516 27
14517 27
14518 27
14519 27
14520 27
14521 27
14522 27
14523 27
14524 27
14525 27
14526 27
14527 27
14528 27
14529 27
14530 27
14531 27
14532 27
14533 27
14534 27
14535 27
14536 27
14537 27
14538 27
14539 27
14540 27
14541 27
14542 27
14543 27
14544 27
14545 27
14546 27
14547 27
14548 27
14549 255
14550 130
14551 27
14552 27
14553 27
14554 170
14555 27
14556 27
14557 27
14558 27
14559 27
14560 27
14561 27
14562 27
14563 27
14564 27
14565 27
14566 27
14567 27
14568 27
14569 27
14570 27
14571 111
14572 27
14573 27
14574 27
14575 27
14576 27
14577 130
14578 27
14579 27
14580 27
14581 27
14582 27
14583 27
14584 27
14585 27
14586 278
14587 27
14588 27
14589 27
14590 27
14591 27
14592 27
14593 27
14594 27
14595 27
14596 184
14597 27
14598 27
14599 27
14600 27
14601 27
14602 27
14603 27
14604 27
14605 27
14606 27
14607 27
14608 27
14609 27
14610 27
14611 27
14612 27
14613 27
14614 27
14615 27
14616 27
14617 27
14618 27
14619 27
14620 60
14621 27
14622 27
14623 27
14624 27
14625 27
14626 27
14627 27
14628 27
14629 27
14630 27
14631 27
14632 27
14633 27
14634 27
14635 27
14636 27
14637 27
14638 27
14639 27
14640 27
14641 27
14642 27
14643 27
14644 27
14645 27
14646 133
14647 27
14648 27
14649 27
14650 27
14651 27
14652 27
14653 27
14654 27
14655 27
14656 27
14657 27
14658 27
14659 27
14660 27
14661 27
14662 27
14663 27
14664 27
14665 27
14666 27
14667 27
14668 130
14669 27
14670 27
14671 27
14672 27
14673 27
14674 27
14675 27
14676 27
14677 25
14678 27
14679 111
14680 27
14681 27
14682 27
14683 27
14684 27
14685 27
14686 27
14687 27
14688 27
14689 27
14690 27
14691 27
14692 27
14693 27
14694 27
14695 27
14696 27
14697 27
14698 27
14699 27
14700 27
14701 27
14702 27
14703 27
14704 27
14705 27
14706 27
14707 130
14708 27
14709 27
14710 27
14711 27
14712 27
14713 27
14714 27
14715 27
14716 27
14717 27
14718 27
14719 27
14720 27
14721 27
14722 27
14723 27
14724 27
14725 27
14726 27
14727 27
14728 27
14729 266
14730 27
14731 27
14732 27
14733 27
14734 27
14735 27
14736 27
14737 27
14738 27
14739 27
14740 27
14741 27
14742 27
14743 27
14744 27
14745 27
14746 27
14747 27
14748 27
14749 27
14750 27
14751 27
14752 27
14753 27
14754 27
14755 27
14756 27
14757 27
14758 27
14759 27
14760 27
14761 27
14762 130
14763 27
14764 27
14765 27
14766 27
14767 27
14768 27
14769 27
14770 27
14771 27
14772 27
14773 27
14774 27
14775 27
14776 27
14777 27
14778 27
14779 27
14780 27
14781 27
14782 27
14783 27
14784 27
14785 27
14786 27
14787 27
14788 27
14789 27
14790 27
14791 27
14792 27
14793 304
14794 27
14795 27
14796 208
14797 27
14798 27
14799 27
14800 27
14801 27
14802 27
14803 27
14804 27
14805 27
14806 27
14807 27
14808 27
14809 27
14810 27
14811 27
14812 27
14813 27
14814 27
14815 27
14816 27
14817 27
14818 27
14819 27
14820 27
14821 27
14822 27
14823 27
14824 27
14825 27
14826 27
14827 27
14828 84
14829 27
14830 27
14831 27
14832 27
14833 27
14834 27
14835 27
14836 112
14837 27
14838 27
14839 27
14840 27
14841 60
14842 27
14843 27
14844 27
14845 27
14846 27
14847 27
14848 48
14849 27
14850 130
14851 27
14852 27
14853 27
14854 27
14855 27
14856 27
14857 27
14858 27
14859 27
14860 27
14861 27
14862 27
14863 27
14864 27
14865 27
14866 27
14867 27
14868 27
14869 27
14870 27
14871 27
14872 27
14873 27
14874 27
14875 110
14876 27
14877 27
14878 27
14879 27
14880 304
14881 27
14882 27
14883 27
14884 290
14885 27
14886 27
14887 27
14888 27
14889 27
14890 27
14891 27
14892 27
14893 27
14894 27
14895 27
14896 27
14897 27
14898 27
14899 27
14900 27
14901 27
14902 27
14903 27
14904 27
14905 27
14906 27
14907 27
14908 27
14909 27
14910 27
14911 27
14912 27
14913 27
14914 290
14915 27
14916 27
14917 27
14918 27
14919 27
14920 27
14921 27
14922 27
14923 27
14924 27
14925 27
14926 27
14927 27
14928 27
14929 27
14930 27
14931 27
14932 27
14933 27
14934 27
14935 27
14936 27
14937 27
14938 27
14939 27
14940 27
14941 27
14942 27
14943 27
14944 27
14945 27
14946 27
14947 27
14948 27
14949 27
14950 27
14951 27
14952 27
14953 27
14954 27
14955 27
14956 27
14957 27
14958 27
14959 27
14960 27
14961 27
14962 27
14963 27
14964 27
14965 27
14966 27
14967 27
14968 27
14969 27
14970 27
14971 27
14972 27
14973 27
14974 27
14975 27
14976 267
14977 27
14978 27
14979 27
14980 27
14981 27
14982 27
14983 27
14984 27
14985 27
14986 27
14987 27
14988 27
14989 27
14990 27
14991 27
14992 27
14993 27
14994 27
14995 27
14996 27
14997 27
14998 27
14999 27
15000 27
15001 27
15002 27
15003 27
15004 27
15005 27
15006 27
15007 27
15008 27
15009 27
15010 27
15011 27
15012 27
15013 27
15014 27
15015 280
15016 27
15017 27
15018 27
15019 27
15020 27
15021 27
15022 27
15023 27
15024 27
15025 27
15026 27
15027 27
15028 27
15029 27
15030 27
15031 27
15032 27
15033 27
15034 27
15035 27
15036 27
15037 27
15038 27
15039 27
15040 27
15041 27
15042 27
15043 27
15044 27
15045 27
15046 27
15047 27
15048 27
15049 27
15050 27
15051 27
15052 27
15053 27
15054 27
15055 27
15056 27
15057 27
15058 27
15059 27
15060 27
15061 27
15062 27
15063 27
15064 27
15065 27
15066 27
15067 111
15068 304
15069 304
15070 27
15071 27
15072 27
15073 27
15074 27
15075 27
15076 27
15077 27
15078 27
15079 27
15080 27
15081 27
15082 27
15083 27
15084 27
15085 27
15086 27
15087 27
15088 27
15089 27
15090 27
15091 27
15092 27
15093 27
15094 27
15095 27
15096 27
15097 27
15098 27
15099 27
15100 27
15101 27
15102 27
15103 27
15104 27
15105 27
15106 27
15107 27
15108 27
15109 27
15110 27
15111 268
15112 27
15113 27
15114 27
15115 27
15116 27
15117 130
15118 27
15119 27
15120 27
15121 27
15122 27
15123 42
15124 27
15125 40
15126 27
15127 124
15128 27
15129 27
15130 27
15131 27
15132 75
15133 27
15134 27
15135 27
15136 27
15137 27
15138 27
15139 27
15140 27
15141 27
15142 27
15143 27
15144 27
15145 27
15146 27
15147 269
15148 27
15149 27
15150 189
15151 27
15152 27
15153 27
15154 27
15155 27
15156 27
15157 27
15158 27
15159 27
15160 27
15161 27
15162 27
15163 27
15164 27
15165 27
15166 27
15167 130
15168 27
15169 289
15170 27
15171 27
15172 27
15173 27
15174 262
15175 27
15176 27
15177 27
15178 27
15179 27
15180 27
15181 27
15182 27
15183 27
15184 27
15185 27
15186 27
15187 27
15188 27
15189 48
15190 27
15191 27
15192 27
15193 27
15194 27
15195 27
15196 27
15197 27
15198 27
15199 27
15200 27
15201 27
15202 304
15203 27
15204 27
15205 34
15206 27
15207 27
15208 27
15209 27
15210 27
15211 171
15212 27
15213 27
15214 27
15215 27
15216 27
15217 27
15218 27
15219 27
15220 27
15221 27
15222 27
15223 27
15224 27
15225 27
15226 27
15227 27
15228 27
15229 27
15230 27
15231 27
15232 27
15233 115
15234 27
15235 27
15236 27
15237 27
15238 27
15239 27
15240 27
15241 27
15242 27
15243 262
15244 191
15245 27
15246 27
15247 27
15248 27
15249 226
15250 27
15251 27
15252 27
15253 27
15254 27
15255 27
15256 27
15257 27
15258 27
15259 27
15260 27
15261 27
15262 27
15263 27
15264 27
15265 27
15266 27
15267 27
15268 27
15269 27
15270 27
15271 27
15272 27
15273 27
15274 27
15275 27
15276 27
15277 27
15278 27
15279 27
15280 27
15281 27
15282 27
15283 27
15284 27
15285 27
15286 27
15287 27
15288 27
15289 27
15290 27
15291 27
15292 27
15293 27
15294 153
15295 27
15296 27
15297 27
15298 27
15299 27
15300 27
15301 27
15302 27
15303 27
15304 27
15305 27
15306 27
15307 27
15308 27
15309 27
15310 27
15311 27
15312 27
15313 27
15314 27
15315 27
15316 27
15317 27
15318 186
15319 27
15320 27
15321 27
15322 27
15323 27
15324 27
15325 27
15326 27
15327 27
15328 270
15329 27
15330 228
15331 27
15332 27
15333 27
15334 27
15335 27
15336 27
15337 27
15338 27
15339 27
15340 27
15341 27
15342 27
15343 27
15344 27
15345 27
15346 27
15347 27
15348 78
15349 205
15350 27
15351 27
15352 27
15353 27
15354 27
15355 27
15356 27
15357 27
15358 27
15359 27
15360 27
15361 27
15362 27
15363 27
15364 27
15365 27
15366 27
15367 27
15368 271
15369 27
15370 27
15371 27
15372 27
15373 27
15374 27
15375 27
15376 27
15377 27
15378 272
15379 27
15380 27
15381 27
15382 27
15383 27
15384 27
15385 27
15386 27
15387 27
15388 27
15389 27
15390 105
15391 27
15392 27
15393 27
15394 27
15395 27
15396 27
15397 27
15398 27
15399 27
15400 27
15401 27
15402 27
15403 27
15404 27
15405 27
15406 27
15407 27
15408 27
15409 27
15410 27
15411 27
15412 27
15413 27
15414 27
15415 27
15416 27
15417 27
15418 27
15419 27
15420 27
15421 27
15422 27
15423 27
15424 27
15425 27
15426 27
15427 27
15428 273
15429 27
15430 27
15431 27
15432 27
15433 27
15434 27
15435 27
15436 27
15437 27
15438 27
15439 27
15440 27
15441 27
15442 27
15443 27
15444 27
15445 27
15446 27
15447 27
15448 27
15449 27
15450 27
15451 27
15452 27
15453 27
15454 27
15455 27
15456 27
15457 27
15458 27
15459 27
15460 27
15461 27
15462 27
15463 27
15464 274
15465 27
15466 27
15467 27
15468 27
15469 27
15470 27
15471 27
15472 27
15473 27
15474 27
15475 27
15476 27
15477 27
15478 27
15479 27
15480 27
15481 290
15482 27
15483 228
15484 27
15485 27
15486 27
15487 27
15488 27
15489 27
15490 27
15491 27
15492 27
15493 27
15494 27
15495 27
15496 27
15497 27
15498 27
15499 27
15500 27
15501 27
15502 27
15503 27
15504 27
15505 27
15506 27
15507 27
15508 42
15509 42
15510 27
15511 27
15512 27
15513 27
15514 27
15515 27
15516 27
15517 27
15518 27
15519 27
15520 145
15521 27
15522 27
15523 27
15524 27
15525 27
15526 27
15527 27
15528 27
15529 27
15530 252
15531 297
15532 27
15533 27
15534 27
15535 27
15536 27
15537 27
15538 27
15539 27
15540 88
15541 27
15542 27
15543 27
15544 160
15545 27
15546 27
15547 27
15548 27
15549 227
15550 27
15551 27
15552 27
15553 27
15554 27
15555 27
15556 27
15557 27
15558 27
15559 27
15560 27
15561 27
15562 27
15563 27
15564 27
15565 27
15566 27
15567 27
15568 117
15569 27
15570 27
15571 27
15572 27
15573 27
15574 27
15575 27
15576 27
15577 27
15578 27
15579 27
15580 27
15581 27
15582 27
15583 27
15584 27
15585 27
15586 27
15587 132
15588 27
15589 27
15590 27
15591 27
15592 27
15593 27
15594 27
15595 27
15596 27
15597 130
15598 27
15599 27
15600 27
15601 27
15602 27
15603 27
15604 27
15605 27
15606 27
15607 27
15608 27
15609 27
15610 27
15611 27
15612 27
15613 27
15614 27
15615 27
15616 27
15617 27
15618 27
15619 27
15620 27
15621 27
15622 27
15623 27
15624 27
15625 27
15626 27
15627 27
15628 27
15629 27
15630 27
15631 27
15632 27
15633 27
15634 27
15635 27
15636 27
15637 259
15638 286
15639 27
15640 27
15641 27
15642 27
15643 27
15644 27
15645 27
15646 27
15647 27
15648 261
15649 27
15650 27
15651 27
15652 27
15653 27
15654 27
15655 27
15656 27
15657 27
15658 20
15659 27
15660 27
15661 27
15662 27
15663 275
15664 27
15665 27
15666 1
15667 27
15668 27
15669 27
15670 27
15671 27
15672 27
15673 27
15674 27
15675 27
15676 27
15677 27
15678 27
15679 181
15680 27
15681 27
15682 27
15683 27
15684 27
15685 27
15686 27
15687 27
15688 27
15689 27
15690 27
15691 27
15692 27
15693 27
15694 27
15695 42
15696 27
15697 27
15698 80
15699 27
15700 27
15701 27
15702 27
15703 27
15704 27
15705 27
15706 27
15707 27
15708 27
15709 19
15710 276
15711 27
15712 27
15713 27
15714 27
15715 27
15716 27
15717 27
15718 27
15719 27
15720 27
15721 27
15722 27
15723 27
15724 27
15725 27
15726 27
15727 27
15728 27
15729 27
15730 27
15731 27
15732 27
15733 27
15734 27
15735 27
15736 27
15737 27
15738 27
15739 15
15740 27
15741 27
15742 27
15743 27
15744 27
15745 27
15746 27
15747 27
15748 27
15749 27
15750 27
15751 27
15752 27
15753 27
15754 27
15755 27
15756 27
15757 27
15758 27
15759 27
15760 27
15761 27
15762 27
15763 27
15764 27
15765 27
15766 152
15767 27
15768 27
15769 27
15770 27
15771 27
15772 27
15773 27
15774 27
15775 27
15776 27
15777 27
15778 27
15779 27
15780 27
15781 27
15782 27
15783 27
15784 27
15785 27
15786 27
15787 274
15788 27
15789 27
15790 27
15791 27
15792 27
15793 27
15794 27
15795 27
15796 27
15797 27
15798 27
15799 32
15800 27
15801 27
15802 27
15803 27
15804 27
15805 27
15806 27
15807 27
15808 27
15809 27
15810 27
15811 27
15812 27
15813 27
15814 27
15815 27
15816 27
15817 27
15818 27
15819 27
15820 27
15821 27
15822 27
15823 100
15824 27
15825 27
15826 27
15827 27
15828 27
15829 27
15830 27
15831 27
15832 27
15833 27
15834 27
15835 27
15836 27
15837 27
15838 27
15839 27
15840 27
15841 27
15842 27
15843 27
15844 27
15845 27
15846 27
15847 27
15848 27
15849 27
15850 27
15851 27
15852 27
15853 27
15854 27
15855 27
15856 27
15857 27
15858 27
15859 27
15860 27
15861 277
15862 27
15863 27
15864 27
15865 278
15866 27
15867 27
15868 27
15869 27
15870 27
15871 27
15872 27
15873 27
15874 27
15875 27
15876 283
15877 27
15878 27
15879 27
15880 27
15881 27
15882 27
15883 27
15884 27
15885 27
15886 27
15887 27
15888 27
15889 27
15890 27
15891 27
15892 27
15893 27
15894 27
15895 27
15896 27
15897 27
15898 27
15899 27
15900 27
15901 27
15902 27
15903 27
15904 27
15905 27
15906 300
15907 27
15908 27
15909 27
15910 27
15911 27
15912 27
15913 27
15914 27
15915 27
15916 27
15917 27
15918 27
15919 27
15920 27
15921 27
15922 27
15923 27
15924 27
15925 27
15926 27
15927 27
15928 27
15929 27
15930 27
15931 27
15932 27
15933 27
15934 27
15935 27
15936 27
15937 27
15938 27
15939 27
15940 27
15941 27
15942 139
15943 27
15944 27
15945 27
15946 27
15947 27
15948 27
15949 27
15950 27
15951 27
15952 27
15953 27
15954 27
15955 27
15956 27
15957 156
15958 27
15959 81
15960 27
15961 27
15962 27
15963 27
15964 27
15965 27
15966 27
15967 27
15968 27
15969 27
15970 27
15971 27
15972 27
15973 27
15974 27
15975 27
15976 27
15977 27
15978 27
15979 27
15980 27
15981 27
15982 27
15983 31
15984 27
15985 27
15986 27
15987 27
15988 27
15989 1
15990 27
15991 27
15992 27
15993 27
15994 130
15995 27
15996 27
15997 27
15998 27
15999 27
16000 27
16001 78
16002 27
16003 27
16004 27
16005 27
16006 45
16007 27
16008 27
16009 27
16010 27
16011 27
16012 27
16013 27
16014 27
16015 27
16016 27
16017 27
16018 27
16019 27
16020 27
16021 27
16022 230
16023 27
16024 27
16025 27
16026 27
16027 27
16028 27
16029 27
16030 27
16031 27
16032 27
16033 27
16034 27
16035 27
16036 27
16037 27
16038 27
16039 27
16040 27
16041 27
16042 27
16043 27
16044 27
16045 27
16046 27
16047 27
16048 27
16049 156
16050 27
16051 27
16052 27
16053 27
16054 27
16055 27
16056 27
16057 27
16058 27
16059 27
16060 27
16061 27
16062 27
16063 27
16064 27
16065 27
16066 27
16067 27
16068 27
16069 27
16070 27
16071 27
16072 27
16073 27
16074 27
16075 27
16076 27
16077 27
16078 27
16079 27
16080 27
16081 27
16082 27
16083 251
16084 27
16085 27
16086 27
16087 27
16088 27
16089 27
16090 27
16091 27
16092 27
16093 27
16094 27
16095 27
16096 27
16097 27
16098 27
16099 27
16100 27
16101 27
16102 27
16103 115
16104 27
16105 129
16106 27
16107 27
16108 27
16109 279
16110 27
16111 27
16112 27
16113 27
16114 27
16115 27
16116 27
16117 27
16118 27
16119 27
16120 27
16121 27
16122 280
16123 27
16124 27
16125 27
16126 15
16127 27
16128 27
16129 27
16130 27
16131 27
16132 27
16133 27
16134 27
16135 27
16136 27
16137 27
16138 27
16139 27
16140 27
16141 304
16142 27
16143 27
16144 27
16145 27
16146 27
16147 27
16148 27
16149 27
16150 27
16151 27
16152 139
16153 27
16154 27
16155 27
16156 27
16157 27
16158 27
16159 27
16160 27
16161 27
16162 126
16163 254
16164 27
16165 27
16166 27
16167 27
16168 27
16169 27
16170 27
16171 27
16172 27
16173 27
16174 27
16175 27
16176 27
16177 27
16178 27
16179 27
16180 27
16181 27
16182 27
16183 27
16184 27
16185 27
16186 27
16187 27
16188 27
16189 27
16190 27
16191 27
16192 256
16193 27
16194 27
16195 281
16196 27
16197 27
16198 27
16199 27
16200 27
16201 27
16202 27
16203 27
16204 27
16205 27
16206 27
16207 27
16208 27
16209 27
16210 27
16211 27
16212 27
16213 27
16214 27
16215 27
16216 27
16217 27
16218 27
16219 27
16220 27
16221 27
16222 27
16223 27
16224 27
16225 27
16226 27
16227 27
16228 27
16229 27
16230 282
16231 27
16232 27
16233 27
16234 27
16235 27
16236 256
16237 27
16238 27
16239 27
16240 27
16241 27
16242 27
16243 27
16244 27
16245 27
16246 27
16247 27
16248 27
16249 27
16250 27
16251 27
16252 27
16253 27
16254 27
16255 27
16256 27
16257 220
16258 27
16259 27
16260 27
16261 27
16262 27
16263 27
16264 27
16265 27
16266 27
16267 27
16268 27
16269 27
16270 27
16271 27
16272 27
16273 27
16274 27
16275 27
16276 27
16277 27
16278 27
16279 27
16280 27
16281 27
16282 27
16283 27
16284 27
16285 27
16286 27
16287 27
16288 27
16289 27
16290 27
16291 107
16292 27
16293 27
16294 27
16295 27
16296 27
16297 27
16298 256
16299 27
16300 27
16301 27
16302 27
16303 27
16304 27
16305 27
16306 27
16307 27
16308 27
16309 27
16310 27
16311 27
16312 27
16313 27
16314 27
16315 27
16316 27
16317 290
16318 27
16319 27
16320 27
16321 27
16322 27
16323 27
16324 121
16325 27
16326 27
16327 27
16328 27
16329 27
16330 27
16331 27
16332 27
16333 162
16334 27
16335 27
16336 27
16337 283
16338 27
16339 27
16340 27
16341 284
16342 27
16343 27
16344 27
16345 27
16346 27
16347 27
16348 27
16349 257
16350 27
16351 27
16352 27
16353 27
16354 27
16355 27
16356 27
16357 27
16358 27
16359 27
16360 27
16361 130
16362 27
16363 27
16364 27
16365 27
16366 27
16367 27
16368 27
16369 27
16370 27
16371 27
16372 27
16373 240
16374 27
16375 27
16376 27
16377 27
16378 27
16379 27
16380 27
16381 27
16382 27
16383 27
16384 27
16385 27
16386 27
16387 27
16388 27
16389 27
16390 27
16391 27
16392 27
16393 42
16394 27
16395 27
16396 27
16397 27
16398 27
16399 27
16400 27
16401 27
16402 27
16403 27
16404 27
16405 27
16406 27
16407 27
16408 27
16409 27
16410 27
16411 27
16412 27
16413 27
16414 27
16415 27
16416 27
16417 27
16418 27
16419 27
16420 27
16421 27
16422 27
16423 27
16424 27
16425 27
16426 27
16427 27
16428 27
16429 27
16430 27
16431 237
16432 27
16433 27
16434 27
16435 27
16436 27
16437 27
16438 27
16439 27
16440 27
16441 27
16442 27
16443 27
16444 27
16445 27
16446 27
16447 27
16448 27
16449 27
16450 27
16451 27
16452 27
16453 27
16454 27
16455 27
16456 27
16457 27
16458 27
16459 27
16460 176
16461 27
16462 27
16463 27
16464 27
16465 27
16466 27
16467 27
16468 27
16469 27
16470 113
16471 27
16472 27
16473 27
16474 27
16475 27
16476 27
16477 27
16478 27
16479 27
16480 27
16481 27
16482 27
16483 27
16484 27
16485 242
16486 27
16487 27
16488 27
16489 27
16490 27
16491 27
16492 27
16493 27
16494 27
16495 27
16496 206
16497 27
16498 27
16499 27
16500 27
16501 285
16502 27
16503 27
16504 27
16505 27
16506 27
16507 27
16508 27
16509 27
16510 304
16511 262
16512 27
16513 237
16514 27
16515 27
16516 27
16517 27
16518 27
16519 27
16520 27
16521 27
16522 27
16523 27
16524 27
16525 27
16526 27
16527 27
16528 27
16529 27
16530 27
16531 27
16532 27
16533 27
16534 27
16535 27
16536 27
16537 27
16538 27
16539 27
16540 27
16541 27
16542 27
16543 27
16544 27
16545 27
16546 27
16547 27
16548 27
16549 27
16550 27
16551 27
16552 27
16553 27
16554 27
16555 27
16556 27
16557 27
16558 27
16559 27
16560 27
16561 27
16562 27
16563 27
16564 27
16565 27
16566 27
16567 27
16568 27
16569 286
16570 27
16571 27
16572 27
16573 27
16574 27
16575 27
16576 27
16577 27
16578 287
16579 27
16580 27
16581 27
16582 27
16583 27
16584 27
16585 27
16586 27
16587 27
16588 27
16589 27
16590 27
16591 27
16592 27
16593 27
16594 27
16595 27
16596 27
16597 27
16598 130
16599 27
16600 27
16601 27
16602 27
16603 27
16604 27
16605 27
16606 27
16607 27
16608 27
16609 27
16610 27
16611 27
16612 27
16613 27
16614 27
16615 27
16616 27
16617 27
16618 27
16619 27
16620 27
16621 27
16622 27
16623 27
16624 27
16625 27
16626 27
16627 27
16628 76
16629 27
16630 27
16631 27
16632 27
16633 27
16634 27
16635 27
16636 27
16637 27
16638 27
16639 27
16640 27
16641 27
16642 27
16643 27
16644 27
16645 27
16646 27
16647 27
16648 27
16649 27
16650 27
16651 27
16652 27
16653 27
16654 27
16655 27
16656 27
16657 27
16658 27
16659 27
16660 27
16661 27
16662 27
16663 27
16664 27
16665 46
16666 27
16667 27
16668 27
16669 27
16670 27
16671 27
16672 27
16673 27
16674 296
16675 27
16676 27
16677 27
16678 27
16679 27
16680 27
16681 27
16682 27
16683 27
16684 27
16685 27
16686 27
16687 27
16688 27
16689 27
16690 27
16691 27
16692 27
16693 27
16694 27
16695 27
16696 27
16697 27
16698 27
16699 27
16700 27
16701 27
16702 27
16703 27
16704 27
16705 17
16706 27
16707 27
16708 27
16709 27
16710 27
16711 27
16712 27
16713 27
16714 27
16715 27
16716 27
16717 27
16718 27
16719 27
16720 27
16721 27
16722 27
16723 27
16724 27
16725 27
16726 288
16727 27
16728 27
16729 27
16730 27
16731 27
16732 27
16733 27
16734 27
16735 27
16736 27
16737 27
16738 27
16739 27
16740 27
16741 27
16742 27
16743 108
16744 27
16745 178
16746 27
16747 27
16748 27
16749 27
16750 27
16751 27
16752 27
16753 27
16754 27
16755 27
16756 27
16757 27
16758 27
16759 304
16760 27
16761 27
16762 27
16763 27
16764 27
16765 27
16766 289
16767 27
16768 27
16769 27
16770 27
16771 27
16772 27
16773 27
16774 27
16775 27
16776 27
16777 27
16778 27
16779 27
16780 27
16781 130
16782 27
16783 27
16784 27
16785 27
16786 58
16787 27
16788 27
16789 27
16790 27
16791 27
16792 27
16793 27
16794 27
16795 27
16796 27
16797 27
16798 27
16799 27
16800 27
16801 27
16802 27
16803 27
16804 27
16805 293
16806 27
16807 27
16808 27
16809 27
16810 27
16811 27
16812 27
16813 27
16814 27
16815 27
16816 27
16817 27
16818 27
16819 27
16820 291
16821 27
16822 27
16823 27
16824 27
16825 27
16826 27
16827 27
16828 27
16829 27
16830 27
16831 27
16832 27
16833 27
16834 141
16835 27
16836 4
16837 27
16838 27
16839 27
16840 27
16841 27
16842 27
16843 27
16844 27
16845 27
16846 182
16847 27
16848 27
16849 27
16850 27
16851 27
16852 27
16853 27
16854 27
16855 27
16856 27
16857 27
16858 213
16859 27
16860 27
16861 27
16862 27
16863 27
16864 27
16865 27
16866 27
16867 143
16868 27
16869 27
16870 27
16871 27
16872 27
16873 27
16874 27
16875 27
16876 27
16877 27
16878 27
16879 27
16880 153
16881 27
16882 27
16883 27
16884 27
16885 27
16886 27
16887 27
16888 278
16889 27
16890 27
16891 27
16892 27
16893 27
16894 27
16895 27
16896 27
16897 27
16898 27
16899 27
16900 27
16901 147
16902 27
16903 27
16904 27
16905 27
16906 179
16907 27
16908 27
16909 27
16910 27
16911 27
16912 27
16913 27
16914 290
16915 27
16916 27
16917 27
16918 27
16919 20
16920 27
16921 27
16922 27
16923 111
16924 27
16925 292
16926 27
16927 27
16928 27
16929 27
16930 27
16931 27
16932 27
16933 27
16934 27
16935 27
16936 27
16937 27
16938 27
16939 27
16940 27
16941 27
16942 27
16943 293
16944 27
16945 27
16946 27
16947 27
16948 27
16949 27
16950 27
16951 27
16952 27
16953 27
16954 27
16955 27
16956 27
16957 27
16958 27
16959 27
16960 27
16961 27
16962 27
16963 225
16964 27
16965 27
16966 27
16967 27
16968 27
16969 27
16970 27
16971 27
16972 27
16973 27
16974 132
16975 27
16976 27
16977 27
16978 254
16979 27
16980 27
16981 27
16982 27
16983 294
16984 27
16985 27
16986 27
16987 27
16988 109
16989 27
16990 27
16991 27
16992 27
16993 27
16994 27
16995 27
16996 27
16997 27
16998 27
16999 27
17000 27
17001 27
17002 27
17003 27
17004 27
17005 27
17006 27
17007 27
17008 27
17009 27
17010 27
17011 279
17012 27
17013 27
17014 27
17015 27
17016 27
17017 27
17018 27
17019 27
17020 27
17021 295
17022 304
17023 54
17024 27
17025 27
17026 27
17027 27
17028 27
17029 27
17030 27
17031 27
17032 27
17033 27
17034 27
17035 27
17036 27
17037 27
17038 27
17039 27
17040 296
17041 27
17042 27
17043 27
17044 27
17045 45
17046 27
17047 95
17048 27
17049 27
17050 27
17051 27
17052 27
17053 27
17054 27
17055 27
17056 27
17057 27
17058 27
17059 27
17060 27
17061 27
17062 27
17063 27
17064 27
17065 27
17066 27
17067 27
17068 27
17069 27
17070 27
17071 27
17072 189
17073 27
17074 27
17075 27
17076 27
17077 27
17078 27
17079 27
17080 27
17081 27
17082 27
17083 27
17084 27
17085 27
17086 27
17087 27
17088 27
17089 27
17090 27
17091 27
17092 27
17093 27
17094 27
17095 27
17096 27
17097 27
17098 27
17099 27
17100 27
17101 27
17102 27
17103 27
17104 27
17105 27
17106 27
17107 27
17108 27
17109 27
17110 297
17111 27
17112 27
17113 27
17114 27
17115 27
17116 27
17117 188
17118 27
17119 27
17120 27
17121 27
17122 15
17123 27
17124 27
17125 27
17126 27
17127 27
17128 27
17129 27
17130 27
17131 27
17132 27
17133 27
17134 27
17135 27
17136 27
17137 27
17138 27
17139 27
17140 27
17141 27
17142 27
17143 164
17144 27
17145 27
17146 27
17147 27
17148 27
17149 27
17150 27
17151 27
17152 27
17153 27
17154 27
17155 27
17156 27
17157 27
17158 27
17159 27
17160 27
17161 27
17162 27
17163 27
17164 27
17165 27
17166 27
17167 27
17168 27
17169 27
17170 27
17171 27
17172 27
17173 27
17174 27
17175 27
17176 27
17177 27
17178 27
17179 27
17180 27
17181 27
17182 27
17183 27
17184 27
17185 27
17186 27
17187 27
17188 27
17189 27
17190 150
17191 27
17192 27
17193 27
17194 27
17195 27
17196 27
17197 27
17198 27
17199 27
17200 27
17201 27
17202 27
17203 27
17204 27
17205 27
17206 27
17207 27
17208 11
17209 27
17210 111
17211 27
17212 27
17213 27
17214 27
17215 27
17216 27
17217 27
17218 27
17219 27
17220 27
17221 27
17222 27
17223 27
17224 27
17225 27
17226 27
17227 27
17228 161
17229 27
17230 27
17231 27
17232 27
17233 27
17234 27
17235 27
17236 27
17237 27
17238 145
17239 27
17240 27
17241 27
17242 27
17243 27
17244 27
17245 27
17246 27
17247 27
17248 27
17249 27
17250 27
17251 27
17252 27
17253 27
17254 27
17255 27
17256 27
17257 27
17258 27
17259 27
17260 27
17261 27
17262 27
17263 27
17264 27
17265 27
17266 27
17267 27
17268 27
17269 27
17270 27
17271 27
17272 27
17273 27
17274 27
17275 27
17276 27
17277 27
17278 27
17279 27
17280 27
17281 27
17282 27
17283 27
17284 27
17285 27
17286 27
17287 27
17288 27
17289 27
17290 27
17291 27
17292 27
17293 27
17294 27
17295 27
17296 27
17297 27
17298 119
17299 27
17300 27
17301 27
17302 27
17303 27
17304 27
17305 27
17306 27
17307 290
17308 27
17309 27
17310 27
17311 1
17312 27
17313 27
17314 27
17315 163
17316 27
17317 27
17318 27
17319 27
17320 27
17321 27
17322 27
17323 94
17324 27
17325 27
17326 27
17327 27
17328 27
17329 27
17330 27
17331 298
17332 27
17333 27
17334 27
17335 27
17336 27
17337 27
17338 237
17339 27
17340 27
17341 45
17342 27
17343 27
17344 27
17345 27
17346 27
17347 27
17348 27
17349 27
17350 149
17351 27
17352 27
17353 27
17354 27
17355 27
17356 27
17357 27
17358 27
17359 27
17360 27
17361 27
17362 27
17363 27
17364 299
17365 27
17366 27
17367 27
17368 27
17369 27
17370 27
17371 27
17372 27
17373 27
17374 27
17375 27
17376 27
17377 130
17378 27
17379 53
17380 27
17381 27
17382 27
17383 27
17384 27
17385 27
17386 27
17387 27
17388 27
17389 27
17390 27
17391 27
17392 27
17393 27
17394 27
17395 27
17396 130
17397 27
17398 27
17399 27
17400 256
17401 27
17402 27
17403 27
17404 27
17405 27
17406 27
17407 27
17408 27
17409 27
17410 27
17411 27
17412 27
17413 27
17414 27
17415 27
17416 27
17417 27
17418 27
17419 27
17420 27
17421 228
17422 27
17423 27
17424 27
17425 27
17426 27
17427 27
17428 27
17429 27
17430 27
17431 27
17432 27
17433 101
17434 27
17435 27
17436 27
17437 27
17438 27
17439 27
17440 27
17441 27
17442 27
17443 27
17444 27
17445 27
17446 38
17447 27
17448 27
17449 27
17450 27
17451 27
17452 27
17453 27
17454 27
17455 27
17456 27
17457 300
17458 27
17459 27
17460 27
17461 27
17462 27
17463 27
17464 27
17465 27
17466 27
17467 27
17468 27
17469 27
17470 27
17471 27
17472 27
17473 27
17474 1
17475 27
17476 27
17477 27
17478 27
17479 27
17480 27
17481 27
17482 27
17483 27
17484 27
17485 27
17486 27
17487 27
17488 27
17489 27
17490 27
17491 130
17492 27
17493 27
17494 27
17495 27
17496 27
17497 27
17498 3
17499 27
17500 27
17501 27
17502 27
17503 27
17504 27
17505 27
17506 27
17507 27
17508 27
17509 27
17510 27
17511 27
17512 27
17513 27
17514 27
17515 27
17516 27
17517 27
17518 1
17519 27
17520 27
17521 301
17522 130
17523 27
17524 27
17525 27
17526 27
17527 304
17528 27
17529 27
17530 27
17531 27
17532 27
17533 27
17534 27
17535 27
17536 27
17537 27
17538 27
17539 27
17540 213
17541 27
17542 130
17543 130
17544 27
17545 27
17546 27
17547 27
17548 27
17549 130
17550 27
17551 27
17552 27
17553 27
17554 130
17555 27
17556 27
17557 27
17558 12
17559 27
17560 27
17561 27
17562 133
17563 27
17564 27
17565 282
17566 27
17567 27
17568 27
17569 27
17570 248
17571 27
17572 27
17573 27
17574 27
17575 27
17576 27
17577 27
17578 27
17579 27
17580 27
17581 27
17582 85
17583 27
17584 27
17585 27
17586 27
17587 27
17588 27
17589 141
17590 27
17591 27
17592 27
17593 27
17594 27
17595 27
17596 27
17597 27
17598 27
17599 27
17600 27
17601 27
17602 27
17603 27
17604 24
17605 27
17606 27
17607 27
17608 190
17609 27
17610 290
17611 175
17612 27
17613 27
17614 51
17615 27
17616 27
17617 27
17618 30
17619 27
17620 27
17621 304
17622 27
17623 130
17624 27
17625 27
17626 27
17627 27
17628 27
17629 169
17630 27
17631 27
17632 27
17633 27
17634 27
17635 27
17636 27
17637 27
17638 27
17639 27
17640 27
17641 27
17642 27
17643 27
17644 27
17645 27
17646 70
17647 27
17648 138
17649 27
17650 27
17651 27
17652 27
17653 27
17654 27
17655 27
17656 27
17657 290
17658 15
17659 27
17660 27
17661 27
17662 27
17663 27
17664 155
17665 27
17666 27
17667 27
17668 228
17669 27
17670 27
17671 27
17672 27
17673 302
17674 27
17675 27
17676 27
17677 27
17678 27
17679 27
17680 27
17681 27
17682 27
17683 27
17684 27
17685 27
17686 27
17687 125
17688 303
17689 27
17690 27
17691 27
17692 27
17693 27
17694 27
17695 27
17696 27
17697 27
17698 27
17699 27
17700 27
17701 27
17702 27
17703 27
17704 27
17705 27
17706 27
17707 27
17708 27
17709 27
17710 27
17711 27
17712 27
17713 27
17714 27
17715 27
17716 27
17717 27
17718 27
17719 27
17720 27
17721 27
17722 27
17723 27
17724 27
17725 27
17726 27
17727 27
17728 27
17729 27
17730 27
17731 27
17732 27
17733 27
17734 27
17735 27
17736 27
17737 27
17738 27
17739 159
17740 27
17741 27
17742 27
17743 27
17744 27
17745 27
17746 27
17747 27
17748 27
17749 27
17750 27
17751 27
17752 27
17753 27
17754 27
17755 27
17756 27
17757 27
17758 27
17759 27
17760 27
17761 27
17762 27
17763 27
17764 27
17765 27
17766 27
17767 64
17768 27
17769 27
17770 27
17771 27
17772 27
17773 27
17774 27
17775 27
17776 27
17777 27
17778 27
17779 27
17780 185
17781 27
17782 27
17783 27
17784 27
17785 27
17786 27
17787 27
17788 27
17789 27
17790 27
17791 27
17792 27
17793 27
17794 27
17795 27
17796 27
17797 27
17798 27
17799 27
17800 27
17801 27
17802 27
17803 27
17804 27
17805 27
17806 27
17807 27
17808 290
17809 27
17810 27
17811 27
17812 27
17813 151
17814 27
17815 27
17816 27
17817 27
17818 27
17819 27
17820 27
17821 27
17822 27
17823 27
17824 27
17825 27
17826 27
17827 27
17828 27
17829 27
17830 27
17831 27
17832 27
17833 27
17834 27
17835 27
17836 27
17837 27
17838 27
17839 27
17840 27
17841 27
17842 27
17843 27
17844 27
17845 27
17846 304
17847 27
17848 27
17849 27
17850 27
17851 27
17852 27
17853 27
17854 27
17855 27
17856 27
17857 27
17858 27
17859 27
17860 27
17861 27
17862 125
17863 27
17864 27
17865 27
17866 27
17867 27
17868 27
17869 304
17870 27
17871 27
17872 27
17873 27
17874 27
17875 27
17876 27
17877 27
17878 27
17879 27
17880 27
17881 27
17882 27
17883 27
17884 27
17885 252
17886 27
17887 27
17888 27
17889 27
17890 27
17891 27
17892 27
17893 27
17894 27
17895 27
17896 188
17897 27
17898 27
17899 27
17900 27
17901 27
17902 27
17903 27
17904 27
17905 27
17906 27
17907 27
17908 27
17909 27
17910 305
17911 27
17912 159
17913 27
17914 27
17915 27
17916 27
17917 27
17918 27
17919 27
17920 27
17921 27
17922 27
17923 27
17924 27
17925 27
17926 27
17927 27
17928 27
17929 27
17930 27
17931 27
17932 27
17933 27
17934 27
17935 27
17936 27
17937 27
17938 290
17939 27
17940 27
17941 27
17942 27
17943 27
17944 27
17945 27
17946 27
17947 27
17948 27
17949 27
17950 27
17951 27
17952 27
17953 27
17954 27
17955 27
17956 27
17957 27
17958 163
17959 27
17960 27
17961 27
17962 27
17963 27
17964 27
17965 27
17966 27
17967 27
17968 27
17969 27
17970 27
17971 27
17972 27
17973 27
17974 27
17975 27
17976 27
17977 27
17978 27
17979 27
17980 27
17981 27
17982 27
17983 27
17984 27
17985 27
17986 35
17987 27
17988 27
17989 27
17990 27
17991 27
17992 27
17993 27
17994 27
17995 27
17996 27
17997 27
17998 27
17999 27
18000 27
18001 27
18002 27
18003 27
18004 27
18005 27
18006 306
18007 27
18008 27
18009 27
18010 27
18011 27
18012 27
18013 27
18014 27
18015 27
18016 27
18017 27
18018 27
18019 27
18020 27
18021 27
18022 27
18023 27
18024 27
18025 27
18026 27
18027 27
18028 27
18029 27
18030 27
18031 27
18032 27
18033 27
18034 27
18035 27
18036 27
18037 27
18038 27
18039 27
18040 27
18041 27
18042 139
18043 27
18044 27
18045 27
18046 27
18047 27
18048 27
18049 27
18050 27
18051 27
18052 27
18053 151
18054 139
18055 27
18056 27
18057 265
18058 27
18059 27
18060 27
18061 27
18062 27
18063 27
18064 27
18065 27
18066 27
18067 27
18068 27
18069 27
18070 27
18071 27
18072 81
18073 27
18074 27
18075 27
18076 27
18077 27
18078 27
18079 27
18080 27
18081 27
18082 27
18083 27
18084 27
18085 27
18086 27
18087 27
18088 27
18089 27
18090 27
18091 27
18092 27
18093 27
18094 27
18095 27
18096 27
18097 27
18098 27
18099 27
18100 27
18101 27
18102 27
18103 27
18104 27
18105 27
18106 27
18107 27
18108 27
18109 27
18110 27
18111 27
18112 27
18113 27
18114 27
18115 27
18116 27
18117 27
18118 27
18119 27
18120 27
18121 27
18122 27
18123 27
18124 27
18125 27
18126 290
18127 68
18128 27
18129 27
18130 27
18131 27
18132 27
18133 27
18134 27
18135 27
18136 27
18137 27
18138 27
18139 27
18140 27
18141 27
18142 27
18143 27
18144 27
18145 27
18146 27
18147 27
18148 27
18149 27
18150 27
18151 27
18152 27
18153 27
18154 27
18155 27
18156 167
18157 27
18158 27
18159 27
18160 27
18161 27
18162 27
18163 27
18164 27
18165 27
18166 27
18167 27
18168 27
18169 27
18170 27
18171 27
18172 27
18173 27
18174 27
18175 27
18176 27
18177 27
18178 27
18179 27
18180 299
18181 27
18182 27
18183 27
18184 27
18185 144
18186 265
18187 27
18188 27
18189 37
18190 27
18191 27
18192 15
18193 283
18194 27
18195 27
18196 27
18197 27
18198 27
18199 27
18200 290
18201 304
18202 27
18203 27
18204 27
18205 27
18206 128
18207 27
18208 27
18209 27
18210 27
18211 27
18212 27
18213 27
18214 27
18215 27
18216 27
18217 27
18218 27
18219 27
18220 27
18221 27
18222 27
18223 27
18224 27
18225 27
18226 27
18227 27
18228 27
18229 27
18230 27
18231 27
18232 27
18233 27
18234 27
18235 27
18236 27
18237 27
18238 27
18239 27
18240 27
18241 27
18242 27
18243 27
18244 27
18245 27
18246 27
18247 27
18248 27
18249 27
18250 27
18251 27
18252 27
18253 27
18254 27
18255 27
18256 27
18257 27
18258 27
18259 27
18260 27
18261 27
18262 27
18263 27
18264 27
18265 27
18266 27
18267 27
18268 27
18269 296
18270 27
18271 27
18272 27
18273 27
18274 27
18275 27
18276 27
18277 27
18278 27
18279 27
18280 27
18281 27
18282 27
18283 27
18284 27
18285 292
18286 27
18287 27
18288 27
18289 27
18290 27
18291 6
18292 27
18293 27
18294 228
18295 27
18296 27
18297 27
18298 27
18299 27
18300 27
18301 27
18302 27
18303 27
18304 27
18305 27
18306 27
18307 27
18308 27
18309 27
18310 27
18311 27
18312 27
18313 27
18314 27
18315 27
18316 27
18317 27
18318 27
18319 27
18320 27
18321 27
18322 140
18323 27
18324 27
18325 27
18326 27
18327 27
18328 27
18329 27
18330 27
18331 27
18332 27
18333 27
18334 27
18335 27
18336 27
18337 27
18338 27
18339 27
18340 27
18341 27
18342 27
18343 27
18344 27
18345 27
18346 27
18347 266
18348 27
18349 27
18350 27
18351 27
18352 27
18353 27
18354 27
18355 27
18356 130
18357 27
18358 27
18359 27
18360 27
18361 27
18362 27
18363 27
18364 27
18365 27
18366 27
18367 281
18368 27
18369 27
18370 27
18371 27
18372 27
18373 27
18374 27
18375 27
18376 27
18377 27
18378 27
18379 27
18380 27
18381 27
18382 27
18383 27
18384 27
18385 27
18386 27
18387 27
18388 27
18389 27
18390 27
18391 27
18392 27
18393 27
18394 27
18395 27
18396 27
18397 27
18398 27
18399 27
18400 27
18401 27
18402 27
18403 27
18404 27
18405 27
18406 27
18407 27
18408 27
18409 27
18410 27
18411 4
18412 27
18413 27
18414 27
18415 27
18416 27
18417 304
18418 27
18419 27
18420 27
18421 71
18422 58
18423 228
18424 27
18425 27
18426 27
18427 27
18428 27
18429 27
18430 27
18431 27
18432 27
18433 27
18434 27
18435 27
18436 27
18437 27
18438 27
18439 27
18440 27
18441 27
18442 27
18443 27
18444 27
18445 27
18446 27
18447 27
18448 27
18449 27
18450 27
18451 27
18452 27
18453 27
18454 27
18455 27
18456 27
18457 27
18458 27
18459 27
18460 27
18461 27
18462 27
18463 27
18464 27
18465 27
18466 27
18467 27
18468 262
18469 27
18470 27
18471 27
18472 27
18473 27
18474 27
18475 27
18476 27
18477 27
18478 27
18479 27
18480 27
18481 27
18482 27
18483 27
18484 27
18485 27
18486 27
18487 27
18488 27
18489 27
18490 27
18491 27
18492 27
18493 27
18494 27
18495 27
18496 27
18497 6
18498 27
18499 27
18500 27
18501 190
18502 27
18503 190
18504 190
18505 27
18506 27
18507 27
18508 27
18509 27
18510 27
18511 27
18512 27
18513 27
18514 27
18515 27
18516 27
18517 27
18518 27
18519 27
18520 27
18521 27
18522 27
18523 27
18524 27
18525 27
18526 27
18527 153
18528 27
18529 27
18530 45
18531 27
18532 27
18533 290
18534 27
18535 27
18536 198
18537 27
18538 27
18539 228
18540 27
18541 27
18542 27
18543 27
18544 27
18545 27
18546 27
18547 27
18548 27
18549 27
18550 27
18551 27
18552 27
18553 27
18554 27
18555 27
18556 27
18557 27
18558 27
18559 27
18560 166
18561 27
18562 27
18563 27
18564 223
18565 27
18566 27
18567 27
18568 27
18569 27
18570 27
18571 27
18572 27
18573 27
18574 27
18575 190
18576 27
18577 27
18578 15
18579 27
18580 27
18581 27
18582 27
18583 27
18584 27
18585 27
18586 27
18587 183
18588 130
18589 27
18590 27
18591 27
18592 27
18593 27
18594 27
18595 27
18596 27
18597 27
18598 27
18599 27
18600 27
18601 27
18602 190
18603 27
18604 27
18605 27
18606 27
18607 27
18608 27
18609 27
18610 27
18611 27
18612 27
18613 27
18614 32
18615 27
18616 27
18617 130
18618 27
18619 27
18620 27
18621 27
18622 27
18623 27
18624 27
18625 27
18626 27
18627 27
18628 27
18629 27
18630 27
18631 251
18632 27
18633 27
18634 27
18635 27
18636 27
18637 27
18638 27
18639 27
18640 27
18641 27
18642 80
18643 27
18644 27
18645 27
18646 27
18647 27
18648 27
18649 27
18650 27
18651 27
18652 27
18653 27
18654 304
18655 190
18656 27
18657 27
18658 27
18659 27
18660 27
18661 27
18662 27
18663 27
18664 27
18665 27
18666 27
18667 27
18668 27
18669 27
18670 27
18671 27
18672 27
18673 27
18674 27
18675 27
18676 27
18677 190
18678 27
18679 27
18680 27
18681 27
18682 27
18683 27
18684 27
18685 158
18686 27
18687 27
18688 27
18689 130
18690 27
18691 27
18692 27
18693 27
18694 27
18695 27
18696 27
18697 27
18698 27
18699 27
18700 27
18701 27
18702 27
18703 27
18704 27
18705 27
18706 27
18707 27
18708 27
18709 27
18710 27
18711 27
18712 27
18713 27
18714 27
18715 27
18716 27
18717 27
18718 27
18719 27
18720 27
18721 27
18722 27
18723 27
18724 27
18725 27
18726 27
18727 27
18728 27
18729 27
18730 27
18731 27
18732 27
18733 27
18734 132
18735 27
18736 27
18737 27
18738 27
18739 27
18740 27
18741 27
18742 27
18743 27
18744 27
18745 27
18746 231
18747 27
18748 27
18749 27
18750 27
18751 27
18752 27
18753 304
18754 27
18755 27
18756 27
18757 27
18758 27
18759 62
18760 27
18761 160
18762 27
18763 27
18764 27
18765 27
18766 27
18767 27
18768 27
18769 27
18770 27
