1103
0 100
1 100
2 100
3 82
4 82
5 82
6 82
7 82
8 100
9 82
10 100
11 100
12 100
13 82
14 100
15 82
16 82
17 100
18 100
19 100
20 100
21 82
22 100
23 100
24 100
25 100
26 100
27 82
28 100
29 100
30 100
31 100
32 100
33 100
34 100
35 100
36 100
37 100
38 100
39 82
40 100
41 100
42 82
43 100
44 82
45 82
46 82
47 100
48 100
49 82
50 82
51 82
52 100
53 82
54 82
55 82
56 82
57 100
58 100
59 82
60 215
61 100
62 82
63 100
64 100
65 100
66 100
67 100
68 100
69 82
70 100
71 82
72 82
73 82
74 82
75 82
76 82
77 82
78 82
79 82
80 82
81 82
82 82
83 82
84 82
85 82
86 82
87 82
88 82
89 82
90 82
91 82
92 82
93 82
94 82
95 82
96 82
97 82
98 215
99 82
100 82
101 82
102 215
103 82
104 215
105 82
106 82
107 82
108 82
109 82
110 82
111 82
112 82
113 82
114 82
115 82
116 82
117 215
118 82
119 82
120 82
121 82
122 82
123 82
124 82
125 82
126 82
127 215
128 82
129 82
130 82
131 82
132 82
133 82
134 82
135 82
136 82
137 82
138 82
139 82
140 82
141 82
142 215
143 82
144 82
145 82
146 82
147 82
148 215
149 82
150 82
151 82
152 82
153 82
154 82
155 82
156 82
157 82
158 82
159 82
160 82
161 82
162 82
163 215
164 82
165 82
166 82
167 82
168 82
169 82
170 82
171 82
172 82
173 82
174 82
175 82
176 82
177 82
178 82
179 82
180 82
181 82
182 82
183 82
184 82
185 82
186 82
187 82
188 82
189 82
190 82
191 82
192 82
193 82
194 82
195 82
196 82
197 82
198 82
199 82
200 82
201 82
202 82
203 82
204 82
205 82
206 82
207 82
208 82
209 82
210 82
211 82
212 82
213 215
214 82
215 82
216 82
217 82
218 82
219 82
220 82
221 82
222 82
223 82
224 82
225 82
226 82
227 82
228 82
229 82
230 82
231 82
232 82
233 82
234 82
235 82
236 82
237 215
238 82
239 82
240 82
241 82
242 82
243 82
244 82
245 82
246 82
247 82
248 82
249 82
250 82
251 82
252 82
253 82
254 82
255 82
256 82
257 82
258 82
259 82
260 82
261 82
262 82
263 82
264 82
265 82
266 82
267 82
268 82
269 82
270 82
271 82
272 82
273 82
274 82
275 82
276 82
277 82
278 82
279 82
280 82
281 82
282 82
283 215
284 215
285 82
286 82
287 82
288 82
289 82
290 82
291 82
292 82
293 82
294 82
295 82
296 82
297 82
298 82
299 82
300 82
301 82
302 215
303 82
304 82
305 82
306 82
307 82
308 82
309 215
310 82
311 82
312 82
313 82
314 82
315 82
316 82
317 82
318 82
319 82
320 82
321 82
322 82
323 82
324 82
325 82
326 82
327 82
328 82
329 82
330 82
331 82
332 82
333 82
334 82
335 82
336 82
337 82
338 82
339 82
340 82
341 82
342 82
343 82
344 82
345 82
346 82
347 82
348 82
349 82
350 82
351 82
352 82
353 82
354 82
355 82
356 82
357 82
358 82
359 82
360 82
361 82
362 82
363 82
364 82
365 82
366 82
367 82
368 82
369 215
370 82
371 82
372 82
373 82
374 82
375 82
376 82
377 82
378 82
379 82
380 82
381 82
382 82
383 82
384 82
385 82
386 82
387 82
388 82
389 82
390 215
391 82
392 82
393 215
394 82
395 100
396 82
397 215
398 82
399 82
400 82
401 82
402 82
403 82
404 82
405 82
406 82
407 82
408 82
409 82
410 82
411 82
412 82
413 82
414 82
415 82
416 82
417 82
418 82
419 82
420 82
421 82
422 82
423 82
424 82
425 82
426 82
427 82
428 82
429 82
430 82
431 82
432 82
433 82
434 82
435 5
436 82
437 82
438 82
439 82
440 82
441 82
442 82
443 215
444 82
445 82
446 82
447 82
448 82
449 82
450 82
451 82
452 82
453 82
454 82
455 82
456 82
457 82
458 82
459 82
460 82
461 82
462 82
463 82
464 82
465 82
466 82
467 82
468 82
469 82
470 82
471 82
472 82
473 82
474 82
475 82
476 82
477 82
478 82
479 82
480 82
481 82
482 82
483 82
484 82
485 82
486 82
487 82
488 82
489 82
490 82
491 82
492 82
493 82
494 82
495 82
496 82
497 82
498 82
499 82
500 82
501 82
502 82
503 82
504 82
505 82
506 82
507 82
508 82
509 82
510 82
511 82
512 82
513 82
514 82
515 82
516 82
517 82
518 82
519 82
520 82
521 82
522 82
523 82
524 82
525 82
526 82
527 82
528 82
529 82
530 82
531 82
532 82
533 82
534 82
535 82
536 82
537 82
538 82
539 82
540 82
541 82
542 82
543 82
544 82
545 82
546 82
547 82
548 82
549 82
550 82
551 82
552 82
553 82
554 82
555 82
556 82
557 82
558 82
559 82
560 82
561 82
562 82
563 82
564 82
565 82
566 215
567 82
568 82
569 82
570 82
571 82
572 82
573 82
574 82
575 82
576 82
577 82
578 215
579 82
580 82
581 82
582 82
583 82
584 82
585 82
586 82
587 82
588 215
589 82
590 82
591 82
592 82
593 82
594 82
595 82
596 82
597 82
598 82
599 82
600 82
601 82
602 82
603 82
604 82
605 82
606 82
607 82
608 82
609 82
610 82
611 82
612 82
613 82
614 82
615 82
616 82
617 82
618 82
619 215
620 82
621 82
622 82
623 82
624 82
625 82
626 82
627 82
628 82
629 82
630 82
631 82
632 82
633 82
634 82
635 82
636 82
637 82
638 82
639 82
640 82
641 82
642 82
643 82
644 82
645 82
646 82
647 215
648 82
649 82
650 82
651 82
652 82
653 82
654 82
655 82
656 82
657 82
658 82
659 82
660 82
661 82
662 82
663 82
664 82
665 82
666 82
667 82
668 82
669 82
670 82
671 82
672 82
673 82
674 82
675 82
676 82
677 82
678 82
679 82
680 82
681 82
682 82
683 82
684 82
685 82
686 82
687 82
688 82
689 82
690 82
691 82
692 82
693 82
694 82
695 82
696 293
697 82
698 82
699 82
700 82
701 82
702 82
703 82
704 82
705 82
706 82
707 215
708 82
709 82
710 82
711 82
712 82
713 82
714 82
715 82
716 82
717 82
718 82
719 82
720 82
721 82
722 82
723 82
724 82
725 82
726 82
727 82
728 82
729 82
730 82
731 82
732 82
733 82
734 82
735 82
736 82
737 82
738 82
739 82
740 82
741 82
742 82
743 82
744 82
745 82
746 82
747 82
748 82
749 82
750 82
751 82
752 82
753 82
754 82
755 82
756 82
757 82
758 82
759 82
760 82
761 82
762 82
763 82
764 82
765 82
766 82
767 82
768 82
769 82
770 82
771 82
772 82
773 82
774 82
775 82
776 82
777 82
778 82
779 82
780 82
781 82
782 82
783 82
784 82
785 82
786 82
787 82
788 82
789 82
790 82
791 82
792 82
793 82
794 82
795 82
796 82
797 82
798 82
799 82
800 82
801 82
802 82
803 82
804 82
805 82
806 82
807 82
808 82
809 215
810 215
811 82
812 82
813 82
814 82
815 82
816 82
817 82
818 82
819 82
820 82
821 82
822 215
823 82
824 82
825 82
826 82
827 82
828 82
829 82
830 82
831 82
832 82
833 82
834 82
835 82
836 82
837 82
838 82
839 82
840 82
841 82
842 82
843 82
844 82
845 82
846 82
847 82
848 82
849 82
850 82
851 82
852 82
853 82
854 82
855 82
856 82
857 82
858 82
859 82
860 82
861 82
862 82
863 82
864 82
865 82
866 82
867 82
868 82
869 82
870 82
871 82
872 82
873 82
874 82
875 82
876 82
877 82
878 82
879 82
880 82
881 82
882 82
883 82
884 82
885 82
886 82
887 100
888 82
889 82
890 82
891 82
892 82
893 82
894 82
895 82
896 82
897 82
898 82
899 82
900 82
901 82
902 82
903 82
904 82
905 82
906 82
907 82
908 82
909 82
910 82
911 82
912 82
913 82
914 82
915 82
916 82
917 82
918 82
919 82
920 82
921 82
922 82
923 82
924 82
925 82
926 82
927 82
928 82
929 82
930 82
931 215
932 82
933 82
934 82
935 82
936 82
937 82
938 82
939 82
940 82
941 82
942 82
943 82
944 82
945 82
946 82
947 82
948 82
949 82
950 82
951 82
952 82
953 82
954 82
955 82
956 82
957 82
958 82
959 82
960 82
961 82
962 82
963 82
964 82
965 82
966 215
967 2
968 2
969 2
970 2
971 2
972 2
973 2
974 2
975 2
976 2
977 2
978 2
979 2
980 2
981 2
982 2
983 2
984 2
985 2
986 2
987 2
988 2
989 2
990 2
991 2
992 2
993 2
994 2
995 2
996 2
997 2
998 2
999 2
1000 2
1001 2
1002 2
1003 2
1004 2
1005 2
1006 2
1007 2
1008 2
1009 2
1010 2
1011 2
1012 2
1013 2
1014 2
1015 2
1016 2
1017 82
1018 82
1019 2
1020 2
1021 2
1022 2
1023 82
1024 82
1025 82
1026 82
1027 82
1028 82
1029 82
1030 82
1031 82
1032 82
1033 82
1034 82
1035 82
1036 82
1037 82
1038 82
1039 82
1040 82
1041 82
1042 82
1043 82
1044 82
1045 82
1046 82
1047 82
1048 82
1049 82
1050 82
1051 82
1052 82
1053 82
1054 82
1055 82
1056 82
1057 82
1058 82
1059 82
1060 82
1061 82
1062 82
1063 82
1064 82
1065 82
1066 82
1067 82
1068 82
1069 82
1070 82
1071 82
1072 82
1073 82
1074 82
1075 82
1076 82
1077 82
1078 82
1079 82
1080 82
1081 82
1082 82
1083 82
1084 82
1085 82
1086 82
1087 82
1088 82
1089 82
1090 82
1091 82
1092 82
1093 82
1094 82
1095 82
1096 82
1097 82
1098 82
1099 82
1100 82
1101 82
1102 82
1103 82
1104 82
1105 82
1106 82
1107 82
1108 82
1109 82
1110 82
1111 82
1112 82
1113 82
1114 82
1115 82
1116 82
1117 82
1118 82
1119 82
1120 82
1121 82
1122 82
1123 82
1124 82
1125 82
1126 82
1127 82
1128 82
1129 82
1130 82
1131 82
1132 82
1133 82
1134 82
1135 82
1136 82
1137 82
1138 82
1139 82
1140 82
1141 82
1142 82
1143 82
1144 82
1145 82
1146 82
1147 82
1148 82
1149 82
1150 82
1151 82
1152 82
1153 82
1154 82
1155 82
1156 82
1157 82
1158 82
1159 82
1160 82
1161 82
1162 82
1163 82
1164 82
1165 82
1166 82
1167 82
1168 82
1169 82
1170 82
1171 82
1172 82
1173 82
1174 82
1175 82
1176 82
1177 82
1178 82
1179 82
1180 82
1181 82
1182 82
1183 82
1184 82
1185 82
1186 82
1187 82
1188 82
1189 82
1190 82
1191 82
1192 82
1193 82
1194 82
1195 82
1196 82
1197 82
1198 82
1199 82
1200 82
1201 82
1202 82
1203 82
1204 82
1205 82
1206 82
1207 82
1208 82
1209 82
1210 82
1211 82
1212 82
1213 82
1214 82
1215 82
1216 82
1217 82
1218 82
1219 82
1220 82
1221 82
1222 82
1223 82
1224 82
1225 82
1226 82
1227 82
1228 82
1229 82
1230 82
1231 82
1232 82
1233 82
1234 82
1235 82
1236 82
1237 82
1238 82
1239 82
1240 82
1241 82
1242 82
1243 82
1244 82
1245 82
1246 82
1247 82
1248 82
1249 82
1250 82
1251 82
1252 82
1253 82
1254 82
1255 82
1256 215
1257 215
1258 215
1259 82
1260 215
1261 215
1262 215
1263 215
1264 215
1265 82
1266 215
1267 215
1268 215
1269 215
1270 100
1271 215
1272 215
1273 215
1274 215
1275 215
1276 82
1277 215
1278 215
1279 215
1280 215
1281 215
1282 215
1283 215
1284 215
1285 215
1286 82
1287 82
1288 82
1289 82
1290 82
1291 82
1292 82
1293 82
1294 82
1295 82
1296 82
1297 82
1298 82
1299 82
1300 82
1301 82
1302 82
1303 82
1304 82
1305 82
1306 82
1307 82
1308 82
1309 82
1310 82
1311 82
1312 82
1313 82
1314 82
1315 82
1316 82
1317 82
1318 82
1319 82
1320 82
1321 82
1322 82
1323 82
1324 82
1325 82
1326 82
1327 82
1328 82
1329 82
1330 82
1331 82
1332 82
1333 82
1334 82
1335 82
1336 82
1337 82
1338 82
1339 82
1340 82
1341 82
1342 82
1343 82
1344 82
1345 82
1346 82
1347 82
1348 82
1349 82
1350 82
1351 82
1352 82
1353 82
1354 82
1355 82
1356 82
1357 82
1358 82
1359 82
1360 82
1361 82
1362 82
1363 82
1364 82
1365 82
1366 82
1367 82
1368 82
1369 82
1370 82
1371 82
1372 82
1373 82
1374 82
1375 82
1376 82
1377 82
1378 82
1379 82
1380 82
1381 82
1382 82
1383 82
1384 82
1385 82
1386 82
1387 82
1388 82
1389 82
1390 82
1391 82
1392 82
1393 82
1394 82
1395 82
1396 82
1397 82
1398 82
1399 82
1400 82
1401 82
1402 82
1403 82
1404 82
1405 82
1406 82
1407 82
1408 82
1409 82
1410 82
1411 82
1412 82
1413 82
1414 82
1415 82
1416 82
1417 82
1418 703
1419 82
1420 82
1421 82
1422 82
1423 82
1424 82
1425 82
1426 82
1427 82
1428 82
1429 82
1430 82
1431 82
1432 82
1433 82
1434 215
1435 82
1436 82
1437 215
1438 82
1439 82
1440 82
1441 82
1442 82
1443 82
1444 82
1445 82
1446 82
1447 82
1448 82
1449 82
1450 82
1451 82
1452 82
1453 82
1454 82
1455 82
1456 82
1457 82
1458 82
1459 82
1460 82
1461 82
1462 82
1463 82
1464 82
1465 82
1466 82
1467 82
1468 82
1469 82
1470 82
1471 82
1472 82
1473 82
1474 82
1475 82
1476 82
1477 82
1478 82
1479 82
1480 82
1481 82
1482 82
1483 82
1484 82
1485 82
1486 82
1487 82
1488 82
1489 82
1490 82
1491 82
1492 82
1493 82
1494 82
1495 82
1496 82
1497 82
1498 82
1499 82
1500 82
1501 215
1502 82
1503 82
1504 82
1505 82
1506 82
1507 82
1508 82
1509 82
1510 82
1511 82
1512 82
1513 82
1514 82
1515 82
1516 82
1517 82
1518 82
1519 82
1520 82
1521 82
1522 82
1523 82
1524 82
1525 82
1526 82
1527 82
1528 82
1529 82
1530 278
1531 82
1532 82
1533 82
1534 82
1535 82
1536 82
1537 82
1538 82
1539 82
1540 82
1541 82
1542 82
1543 82
1544 82
1545 82
1546 82
1547 82
1548 82
1549 82
1550 82
1551 215
1552 82
1553 82
1554 82
1555 82
1556 82
1557 82
1558 82
1559 82
1560 82
1561 82
1562 82
1563 82
1564 82
1565 82
1566 82
1567 82
1568 82
1569 0
1570 82
1571 82
1572 82
1573 82
1574 82
1575 82
1576 100
1577 703
1578 215
1579 82
1580 82
1581 82
1582 82
1583 215
1584 215
1585 82
1586 82
1587 82
1588 82
1589 82
1590 82
1591 82
1592 82
1593 82
1594 82
1595 82
1596 82
1597 82
1598 82
1599 82
1600 82
1601 82
1602 82
1603 82
1604 82
1605 82
1606 82
1607 82
1608 82
1609 82
1610 82
1611 82
1612 82
1613 82
1614 82
1615 82
1616 82
1617 82
1618 82
1619 82
1620 82
1621 82
1622 82
1623 82
1624 82
1625 82
1626 82
1627 82
1628 82
1629 82
1630 82
1631 82
1632 82
1633 82
1634 82
1635 82
1636 82
1637 82
1638 82
1639 82
1640 82
1641 82
1642 215
1643 82
1644 82
1645 82
1646 82
1647 82
1648 82
1649 82
1650 82
1651 82
1652 82
1653 82
1654 82
1655 82
1656 82
1657 82
1658 82
1659 82
1660 82
1661 82
1662 82
1663 82
1664 82
1665 82
1666 82
1667 82
1668 82
1669 82
1670 82
1671 82
1672 82
1673 82
1674 82
1675 82
1676 82
1677 82
1678 82
1679 82
1680 82
1681 82
1682 82
1683 82
1684 82
1685 82
1686 82
1687 82
1688 82
1689 82
1690 82
1691 82
1692 82
1693 82
1694 82
1695 82
1696 82
1697 82
1698 82
1699 100
1700 82
1701 82
1702 82
1703 82
1704 82
1705 82
1706 82
1707 82
1708 82
1709 82
1710 82
1711 82
1712 82
1713 82
1714 82
1715 82
1716 82
1717 82
1718 82
1719 82
1720 82
1721 82
1722 82
1723 82
1724 82
1725 215
1726 82
1727 82
1728 82
1729 82
1730 82
1731 82
1732 82
1733 82
1734 82
1735 82
1736 82
1737 82
1738 82
1739 82
1740 82
1741 82
1742 82
1743 82
1744 82
1745 82
1746 82
1747 82
1748 82
1749 82
1750 82
1751 82
1752 82
1753 82
1754 82
1755 82
1756 82
1757 82
1758 82
1759 82
1760 82
1761 82
1762 82
1763 82
1764 82
1765 82
1766 82
1767 82
1768 82
1769 82
1770 82
1771 82
1772 82
1773 82
1774 82
1775 215
1776 82
1777 82
1778 82
1779 82
1780 82
1781 82
1782 82
1783 82
1784 82
1785 82
1786 82
1787 82
1788 82
1789 82
1790 82
1791 82
1792 82
1793 82
1794 82
1795 82
1796 82
1797 82
1798 82
1799 82
1800 82
1801 82
1802 82
1803 82
1804 82
1805 82
1806 215
1807 82
1808 82
1809 82
1810 215
1811 82
1812 82
1813 82
1814 82
1815 82
1816 82
1817 82
1818 82
1819 82
1820 82
1821 82
1822 215
1823 82
1824 215
1825 215
1826 215
1827 82
1828 82
1829 215
1830 215
1831 82
1832 82
1833 82
1834 82
1835 82
1836 82
1837 82
1838 82
1839 82
1840 82
1841 82
1842 82
1843 82
1844 82
1845 82
1846 82
1847 82
1848 82
1849 82
1850 82
1851 82
1852 82
1853 82
1854 82
1855 82
1856 82
1857 215
1858 82
1859 82
1860 82
1861 82
1862 82
1863 82
1864 215
1865 82
1866 82
1867 82
1868 82
1869 82
1870 82
1871 82
1872 82
1873 82
1874 82
1875 82
1876 82
1877 82
1878 82
1879 82
1880 215
1881 215
1882 82
1883 82
1884 82
1885 82
1886 82
1887 82
1888 82
1889 82
1890 82
1891 82
1892 82
1893 82
1894 82
1895 82
1896 82
1897 82
1898 82
1899 82
1900 82
1901 82
1902 82
1903 82
1904 82
1905 100
1906 82
1907 82
1908 82
1909 82
1910 82
1911 82
1912 82
1913 82
1914 82
1915 82
1916 82
1917 82
1918 82
1919 82
1920 82
1921 82
1922 82
1923 82
1924 82
1925 82
1926 82
1927 82
1928 82
1929 82
1930 82
1931 82
1932 82
1933 82
1934 82
1935 82
1936 82
1937 82
1938 82
1939 82
1940 82
1941 82
1942 82
1943 82
1944 215
1945 82
1946 82
1947 82
1948 100
1949 82
1950 82
1951 82
1952 82
1953 82
1954 82
1955 82
1956 82
1957 82
1958 82
1959 100
1960 82
1961 82
1962 82
1963 82
1964 82
1965 100
1966 82
1967 82
1968 82
1969 82
1970 100
1971 82
1972 82
1973 82
1974 215
1975 82
1976 82
1977 82
1978 82
1979 82
1980 82
1981 82
1982 82
1983 82
1984 82
1985 82
1986 82
1987 82
1988 82
1989 82
1990 215
1991 82
1992 330
1993 82
1994 82
1995 82
1996 82
1997 82
1998 82
1999 82
2000 82
2001 82
2002 82
2003 82
2004 82
2005 82
2006 82
2007 82
2008 82
2009 82
2010 82
2011 82
2012 82
2013 82
2014 82
2015 82
2016 82
2017 82
2018 82
2019 82
2020 82
2021 82
2022 82
2023 82
2024 82
2025 82
2026 82
2027 82
2028 82
2029 82
2030 82
2031 82
2032 82
2033 82
2034 82
2035 82
2036 82
2037 82
2038 100
2039 82
2040 82
2041 82
2042 82
2043 82
2044 100
2045 82
2046 82
2047 82
2048 82
2049 82
2050 82
2051 82
2052 82
2053 82
2054 82
2055 82
2056 82
2057 82
2058 82
2059 82
2060 82
2061 82
2062 82
2063 82
2064 82
2065 82
2066 82
2067 82
2068 82
2069 82
2070 82
2071 82
2072 82
2073 82
2074 82
2075 82
2076 82
2077 82
2078 82
2079 82
2080 82
2081 82
2082 82
2083 82
2084 82
2085 82
2086 1
2087 1
2088 82
2089 82
2090 82
2091 82
2092 82
2093 82
2094 2
2095 82
2096 82
2097 82
2098 82
2099 2
2100 82
2101 82
2102 82
2103 82
2104 82
2105 82
2106 82
2107 82
2108 82
2109 82
2110 82
2111 82
2112 100
2113 82
2114 82
2115 82
2116 82
2117 82
2118 82
2119 82
2120 82
2121 82
2122 82
2123 82
2124 82
2125 82
2126 82
2127 82
2128 82
2129 82
2130 82
2131 82
2132 82
2133 82
2134 82
2135 82
2136 82
2137 82
2138 82
2139 82
2140 82
2141 82
2142 82
2143 82
2144 82
2145 82
2146 82
2147 82
2148 82
2149 82
2150 82
2151 82
2152 82
2153 82
2154 82
2155 82
2156 82
2157 82
2158 82
2159 82
2160 82
2161 82
2162 82
2163 82
2164 82
2165 82
2166 82
2167 82
2168 861
2169 82
2170 82
2171 82
2172 82
2173 82
2174 82
2175 82
2176 82
2177 82
2178 82
2179 82
2180 82
2181 82
2182 82
2183 82
2184 82
2185 82
2186 861
2187 82
2188 82
2189 82
2190 82
2191 82
2192 82
2193 82
2194 82
2195 82
2196 82
2197 82
2198 82
2199 82
2200 82
2201 82
2202 82
2203 82
2204 82
2205 82
2206 82
2207 82
2208 82
2209 82
2210 82
2211 82
2212 82
2213 82
2214 82
2215 82
2216 82
2217 82
2218 82
2219 82
2220 82
2221 82
2222 82
2223 82
2224 82
2225 82
2226 82
2227 82
2228 82
2229 82
2230 82
2231 82
2232 82
2233 82
2234 82
2235 82
2236 82
2237 82
2238 82
2239 82
2240 82
2241 82
2242 82
2243 82
2244 82
2245 82
2246 82
2247 82
2248 82
2249 82
2250 215
2251 215
2252 215
2253 215
2254 215
2255 82
2256 82
2257 82
2258 215
2259 215
2260 215
2261 82
2262 82
2263 82
2264 82
2265 82
2266 82
2267 215
2268 215
2269 82
2270 82
2271 82
2272 82
2273 215
2274 82
2275 82
2276 82
2277 82
2278 82
2279 82
2280 82
2281 82
2282 82
2283 82
2284 82
2285 82
2286 82
2287 82
2288 82
2289 82
2290 82
2291 82
2292 82
2293 82
2294 82
2295 215
2296 82
2297 82
2298 215
2299 82
2300 82
2301 82
2302 82
2303 82
2304 82
2305 82
2306 82
2307 82
2308 215
2309 82
2310 82
2311 82
2312 82
2313 215
2314 215
2315 215
2316 215
2317 82
2318 82
2319 82
2320 215
2321 215
2322 215
2323 82
2324 82
2325 82
2326 82
2327 82
2328 82
2329 82
2330 215
2331 215
2332 215
2333 215
2334 82
2335 82
2336 82
2337 82
2338 82
2339 82
2340 82
2341 82
2342 82
2343 82
2344 82
2345 82
2346 82
2347 82
2348 82
2349 82
2350 82
2351 82
2352 82
2353 82
2354 82
2355 82
2356 82
2357 215
2358 82
2359 82
2360 215
2361 82
2362 215
2363 215
2364 215
2365 82
2366 82
2367 82
2368 82
2369 82
2370 82
2371 215
2372 82
2373 82
2374 82
2375 82
2376 82
2377 82
2378 82
2379 82
2380 82
2381 82
2382 82
2383 82
2384 82
2385 82
2386 82
2387 82
2388 82
2389 82
2390 82
2391 82
2392 82
2393 82
2394 215
2395 82
2396 215
2397 215
2398 82
2399 82
2400 100
2401 215
2402 82
2403 82
2404 82
2405 215
2406 215
2407 215
2408 82
2409 82
2410 82
2411 82
2412 82
2413 100
2414 82
2415 215
2416 82
2417 82
2418 82
2419 82
2420 82
2421 82
2422 82
2423 82
2424 215
2425 215
2426 215
2427 82
2428 82
2429 82
2430 82
2431 82
2432 82
2433 82
2434 82
2435 82
2436 82
2437 82
2438 82
2439 215
2440 82
2441 82
2442 215
2443 82
2444 82
2445 82
2446 82
2447 215
2448 215
2449 215
2450 215
2451 215
2452 215
2453 100
2454 82
2455 82
2456 82
2457 82
2458 82
2459 215
2460 215
2461 215
2462 215
2463 82
2464 82
2465 215
2466 82
2467 82
2468 82
2469 100
2470 82
2471 82
2472 82
2473 82
2474 82
2475 82
2476 82
2477 82
2478 82
2479 82
2480 82
2481 82
2482 82
2483 82
2484 82
2485 82
2486 82
2487 82
2488 82
2489 82
2490 82
2491 82
2492 82
2493 82
2494 82
2495 82
2496 82
2497 82
2498 82
2499 82
2500 82
2501 82
2502 82
2503 82
2504 82
2505 82
2506 82
2507 82
2508 82
2509 82
2510 82
2511 82
2512 82
2513 82
2514 82
2515 82
2516 82
2517 82
2518 82
2519 82
2520 82
2521 82
2522 82
2523 82
2524 82
2525 82
2526 82
2527 82
2528 82
2529 82
2530 82
2531 82
2532 82
2533 82
2534 82
2535 82
2536 82
2537 82
2538 82
2539 82
2540 82
2541 82
2542 82
2543 82
2544 82
2545 82
2546 82
2547 82
2548 82
2549 82
2550 82
2551 82
2552 82
2553 82
2554 82
2555 82
2556 82
2557 82
2558 82
2559 82
2560 82
2561 82
2562 82
2563 82
2564 82
2565 82
2566 82
2567 82
2568 82
2569 82
2570 82
2571 82
2572 82
2573 82
2574 82
2575 215
2576 82
2577 82
2578 82
2579 82
2580 82
2581 82
2582 82
2583 82
2584 82
2585 82
2586 82
2587 82
2588 82
2589 82
2590 82
2591 82
2592 82
2593 82
2594 82
2595 82
2596 82
2597 82
2598 82
2599 82
2600 82
2601 82
2602 82
2603 82
2604 82
2605 82
2606 82
2607 82
2608 82
2609 82
2610 82
2611 82
2612 82
2613 82
2614 82
2615 82
2616 82
2617 82
2618 82
2619 82
2620 82
2621 82
2622 82
2623 215
2624 82
2625 82
2626 82
2627 82
2628 82
2629 82
2630 82
2631 82
2632 82
2633 82
2634 82
2635 82
2636 215
2637 215
2638 215
2639 215
2640 82
2641 82
2642 82
2643 82
2644 82
2645 82
2646 82
2647 82
2648 82
2649 82
2650 82
2651 82
2652 82
2653 82
2654 82
2655 82
2656 82
2657 82
2658 82
2659 82
2660 82
2661 82
2662 82
2663 82
2664 82
2665 82
2666 82
2667 82
2668 82
2669 82
2670 82
2671 82
2672 2
2673 2
2674 2
2675 82
2676 82
2677 82
2678 82
2679 82
2680 82
2681 82
2682 82
2683 82
2684 82
2685 82
2686 82
2687 82
2688 82
2689 82
2690 215
2691 82
2692 82
2693 2
2694 82
2695 82
2696 82
2697 82
2698 82
2699 82
2700 82
2701 82
2702 82
2703 82
2704 82
2705 82
2706 82
2707 82
2708 82
2709 82
2710 82
2711 82
2712 82
2713 82
2714 82
2715 82
2716 82
2717 82
2718 215
2719 82
2720 82
2721 82
2722 82
2723 82
2724 82
2725 82
2726 82
2727 82
2728 82
2729 82
2730 82
2731 82
2732 82
2733 82
2734 82
2735 82
2736 82
2737 82
2738 82
2739 82
2740 82
2741 82
2742 82
2743 82
2744 82
2745 82
2746 82
2747 82
2748 82
2749 82
2750 82
2751 82
2752 82
2753 215
2754 215
2755 215
2756 82
2757 82
2758 82
2759 82
2760 82
2761 82
2762 82
2763 82
2764 82
2765 82
2766 82
2767 82
2768 82
2769 82
2770 82
2771 82
2772 82
2773 82
2774 82
2775 82
2776 82
2777 82
2778 82
2779 82
2780 82
2781 82
2782 82
2783 82
2784 82
2785 82
2786 82
2787 82
2788 215
2789 82
2790 82
2791 82
2792 82
2793 82
2794 82
2795 82
2796 82
2797 82
2798 82
2799 82
2800 82
2801 82
2802 82
2803 82
2804 82
2805 82
2806 82
2807 82
2808 82
2809 82
2810 82
2811 82
2812 82
2813 82
2814 82
2815 82
2816 82
2817 82
2818 82
2819 82
2820 82
2821 82
2822 215
2823 82
2824 82
2825 82
2826 82
2827 82
2828 82
2829 82
2830 82
2831 82
2832 82
2833 82
2834 82
2835 82
2836 82
2837 82
2838 215
2839 82
2840 82
2841 82
2842 82
2843 82
2844 82
2845 82
2846 82
2847 82
2848 82
2849 82
2850 82
2851 82
2852 82
2853 82
2854 82
2855 82
2856 82
2857 82
2858 82
2859 82
2860 82
2861 82
2862 82
2863 82
2864 82
2865 82
2866 82
2867 82
2868 82
2869 82
2870 82
2871 82
2872 82
2873 215
2874 82
2875 215
2876 82
2877 82
2878 82
2879 82
2880 82
2881 82
2882 82
2883 82
2884 82
2885 82
2886 82
2887 82
2888 215
2889 215
2890 82
2891 82
2892 215
2893 82
2894 82
2895 82
2896 82
2897 82
2898 82
2899 82
2900 215
2901 82
2902 82
2903 82
2904 82
2905 82
2906 82
2907 82
2908 82
2909 82
2910 82
2911 82
2912 82
2913 82
2914 82
2915 82
2916 82
2917 82
2918 82
2919 82
2920 82
2921 82
2922 82
2923 82
2924 82
2925 82
2926 82
2927 82
2928 82
2929 82
2930 82
2931 82
2932 82
2933 82
2934 82
2935 82
2936 82
2937 82
2938 82
2939 82
2940 82
2941 82
2942 82
2943 82
2944 82
2945 82
2946 82
2947 215
2948 215
2949 82
2950 82
2951 82
2952 82
2953 82
2954 82
2955 82
2956 82
2957 82
2958 82
2959 82
2960 82
2961 82
2962 82
2963 82
2964 82
2965 82
2966 82
2967 82
2968 82
2969 82
2970 215
2971 82
2972 82
2973 82
2974 82
2975 82
2976 82
2977 82
2978 82
2979 82
2980 82
2981 82
2982 82
2983 82
2984 82
2985 82
2986 82
2987 82
2988 82
2989 82
2990 82
2991 82
2992 82
2993 82
2994 82
2995 82
2996 82
2997 82
2998 82
2999 82
3000 82
3001 82
3002 82
3003 82
3004 82
3005 82
3006 82
3007 82
3008 82
3009 82
3010 82
3011 82
3012 82
3013 82
3014 82
3015 82
3016 82
3017 82
3018 82
3019 82
3020 215
3021 82
3022 82
3023 82
3024 82
3025 82
3026 215
3027 82
3028 82
3029 82
3030 82
3031 82
3032 82
3033 82
3034 850
3035 82
3036 82
3037 82
3038 82
3039 82
3040 82
3041 82
3042 82
3043 82
3044 82
3045 82
3046 82
3047 82
3048 82
3049 82
3050 82
3051 82
3052 82
3053 82
3054 82
3055 82
3056 82
3057 82
3058 82
3059 82
3060 82
3061 82
3062 82
3063 82
3064 82
3065 82
3066 82
3067 82
3068 82
3069 82
3070 82
3071 82
3072 82
3073 82
3074 82
3075 82
3076 82
3077 82
3078 82
3079 82
3080 82
3081 82
3082 82
3083 82
3084 82
3085 82
3086 82
3087 82
3088 82
3089 82
3090 82
3091 82
3092 82
3093 82
3094 82
3095 82
3096 82
3097 82
3098 215
3099 82
3100 82
3101 82
3102 82
3103 82
3104 82
3105 82
3106 82
3107 82
3108 82
3109 82
3110 82
3111 82
3112 82
3113 82
3114 82
3115 82
3116 82
3117 82
3118 82
3119 82
3120 82
3121 82
3122 82
3123 82
3124 82
3125 82
3126 82
3127 215
3128 82
3129 82
3130 82
3131 82
3132 82
3133 82
3134 82
3135 82
3136 82
3137 82
3138 82
3139 82
3140 82
3141 82
3142 82
3143 82
3144 82
3145 82
3146 82
3147 82
3148 82
3149 82
3150 82
3151 82
3152 82
3153 82
3154 82
3155 82
3156 82
3157 82
3158 82
3159 82
3160 82
3161 215
3162 82
3163 82
3164 82
3165 82
3166 82
3167 82
3168 215
3169 82
3170 82
3171 82
3172 82
3173 82
3174 82
3175 82
3176 82
3177 215
3178 82
3179 82
3180 82
3181 82
3182 82
3183 82
3184 82
3185 82
3186 82
3187 82
3188 82
3189 82
3190 82
3191 82
3192 82
3193 82
3194 82
3195 82
3196 82
3197 82
3198 82
3199 82
3200 82
3201 82
3202 82
3203 82
3204 82
3205 82
3206 82
3207 82
3208 82
3209 82
3210 82
3211 82
3212 82
3213 82
3214 82
3215 82
3216 215
3217 215
3218 215
3219 82
3220 82
3221 82
3222 82
3223 82
3224 82
3225 82
3226 82
3227 82
3228 82
3229 82
3230 82
3231 82
3232 82
3233 82
3234 82
3235 82
3236 82
3237 82
3238 82
3239 82
3240 82
3241 82
3242 82
3243 82
3244 2
3245 82
3246 82
3247 2
3248 2
3249 82
3250 82
3251 214
3252 82
3253 214
3254 82
3255 82
3256 82
3257 82
3258 214
3259 214
3260 214
3261 214
3262 82
3263 215
3264 82
3265 82
3266 82
3267 214
3268 82
3269 214
3270 214
3271 2
3272 214
3273 82
3274 82
3275 82
3276 82
3277 82
3278 82
3279 214
3280 214
3281 214
3282 82
3283 214
3284 82
3285 214
3286 82
3287 82
3288 82
3289 214
3290 214
3291 214
3292 82
3293 82
3294 214
3295 214
3296 2
3297 2
3298 2
3299 2
3300 82
3301 82
3302 214
3303 214
3304 214
3305 214
3306 214
3307 2
3308 82
3309 2
3310 215
3311 215
3312 82
3313 214
3314 82
3315 82
3316 82
3317 2
3318 82
3319 82
3320 214
3321 82
3322 82
3323 82
3324 82
3325 82
3326 82
3327 82
3328 82
3329 2
3330 215
3331 214
3332 2
3333 2
3334 82
3335 82
3336 82
3337 82
3338 82
3339 82
3340 2
3341 82
3342 82
3343 222
3344 214
3345 2
3346 214
3347 82
3348 82
3349 2
3350 2
3351 82
3352 214
3353 82
3354 215
3355 82
3356 2
3357 2
3358 2
3359 82
3360 82
3361 214
3362 82
3363 82
3364 214
3365 214
3366 82
3367 214
3368 82
3369 2
3370 82
3371 82
3372 214
3373 214
3374 82
3375 82
3376 2
3377 214
3378 2
3379 82
3380 82
3381 82
3382 82
3383 82
3384 214
3385 82
3386 82
3387 82
3388 82
3389 82
3390 82
3391 82
3392 82
3393 82
3394 82
3395 82
3396 82
3397 82
3398 82
3399 82
3400 214
3401 215
3402 82
3403 82
3404 82
3405 214
3406 82
3407 82
3408 214
3409 82
3410 82
3411 2
3412 82
3413 215
3414 82
3415 82
3416 82
3417 2
3418 214
3419 82
3420 82
3421 82
3422 82
3423 82
3424 82
3425 82
3426 82
3427 82
3428 82
3429 82
3430 214
3431 214
3432 214
3433 82
3434 2
3435 82
3436 82
3437 82
3438 82
3439 82
3440 2
3441 2
3442 82
3443 82
3444 82
3445 214
3446 82
3447 2
3448 82
3449 82
3450 214
3451 215
3452 82
3453 82
3454 214
3455 82
3456 82
3457 2
3458 2
3459 2
3460 2
3461 2
3462 214
3463 82
3464 82
3465 2
3466 214
3467 82
3468 82
3469 82
3470 82
3471 82
3472 82
3473 82
3474 214
3475 82
3476 82
3477 82
3478 82
3479 82
3480 82
3481 82
3482 82
3483 82
3484 82
3485 2
3486 2
3487 2
3488 2
3489 82
3490 82
3491 82
3492 214
3493 82
3494 82
3495 82
3496 82
3497 82
3498 82
3499 82
3500 82
3501 82
3502 82
3503 82
3504 82
3505 82
3506 82
3507 82
3508 82
3509 82
3510 82
3511 214
3512 82
3513 82
3514 214
3515 214
3516 214
3517 82
3518 82
3519 82
3520 82
3521 82
3522 214
3523 82
3524 214
3525 214
3526 82
3527 82
3528 82
3529 82
3530 2
3531 2
3532 82
3533 82
3534 82
3535 82
3536 82
3537 82
3538 82
3539 82
3540 82
3541 2
3542 2
3543 82
3544 2
3545 82
3546 82
3547 82
3548 82
3549 82
3550 214
3551 214
3552 214
3553 214
3554 214
3555 82
3556 82
3557 82
3558 82
3559 82
3560 82
3561 82
3562 82
3563 214
3564 82
3565 215
3566 82
3567 82
3568 215
3569 82
3570 82
3571 82
3572 2
3573 82
3574 2
3575 82
3576 82
3577 82
3578 82
3579 82
3580 214
3581 82
3582 82
3583 82
3584 82
3585 215
3586 82
3587 82
3588 82
3589 82
3590 82
3591 2
3592 82
3593 214
3594 82
3595 82
3596 214
3597 215
3598 82
3599 82
3600 82
3601 2
3602 82
3603 82
3604 215
3605 82
3606 214
3607 82
3608 82
3609 82
3610 82
3611 215
3612 82
3613 214
3614 82
3615 82
3616 82
3617 82
3618 82
3619 82
3620 82
3621 82
3622 82
3623 2
3624 2
3625 2
3626 82
3627 82
3628 82
3629 82
3630 82
3631 2
3632 82
3633 215
3634 82
3635 82
3636 82
3637 82
3638 82
3639 82
3640 82
3641 82
3642 2
3643 82
3644 214
3645 82
3646 82
3647 82
3648 82
3649 65
3650 2
3651 2
3652 82
3653 2
3654 82
3655 2
3656 82
3657 215
3658 82
3659 214
3660 82
3661 82
3662 214
3663 82
3664 82
3665 82
3666 82
3667 82
3668 82
3669 82
3670 2
3671 214
3672 82
3673 214
3674 2
3675 82
3676 82
3677 82
3678 2
3679 2
3680 215
3681 82
3682 82
3683 82
3684 82
3685 82
3686 82
3687 82
3688 82
3689 214
3690 214
3691 82
3692 214
3693 214
3694 82
3695 214
3696 82
3697 214
3698 2
3699 82
3700 82
3701 82
3702 82
3703 82
3704 82
3705 82
3706 82
3707 2
3708 82
3709 82
3710 82
3711 2
3712 2
3713 82
3714 214
3715 82
3716 215
3717 82
3718 82
3719 214
3720 214
3721 214
3722 214
3723 82
3724 82
3725 82
3726 215
3727 82
3728 215
3729 2
3730 82
3731 82
3732 82
3733 214
3734 214
3735 214
3736 82
3737 82
3738 82
3739 82
3740 82
3741 82
3742 215
3743 215
3744 82
3745 214
3746 82
3747 82
3748 82
3749 214
3750 214
3751 82
3752 82
3753 82
3754 82
3755 82
3756 214
3757 82
3758 82
3759 82
3760 2
3761 82
3762 82
3763 214
3764 82
3765 214
3766 214
3767 82
3768 82
3769 82
3770 82
3771 82
3772 82
3773 2
3774 214
3775 82
3776 82
3777 82
3778 82
3779 82
3780 82
3781 82
3782 82
3783 82
3784 82
3785 82
3786 82
3787 82
3788 82
3789 82
3790 82
3791 82
3792 82
3793 82
3794 214
3795 214
3796 82
3797 82
3798 82
3799 82
3800 82
3801 82
3802 214
3803 214
3804 214
3805 82
3806 82
3807 82
3808 82
3809 82
3810 82
3811 214
3812 82
3813 214
3814 2
3815 82
3816 82
3817 82
3818 82
3819 82
3820 82
3821 82
3822 82
3823 214
3824 214
3825 82
3826 215
3827 82
3828 82
3829 233
3830 82
3831 214
3832 82
3833 82
3834 82
3835 82
3836 82
3837 82
3838 82
3839 82
3840 82
3841 2
3842 82
3843 82
3844 82
3845 82
3846 82
3847 82
3848 82
3849 82
3850 82
3851 82
3852 82
3853 82
3854 82
3855 82
3856 82
3857 214
3858 82
3859 215
3860 214
3861 82
3862 82
3863 82
3864 2
3865 82
3866 82
3867 82
3868 214
3869 82
3870 215
3871 82
3872 82
3873 82
3874 82
3875 214
3876 214
3877 214
3878 214
3879 82
3880 2
3881 82
3882 82
3883 82
3884 2
3885 82
3886 82
3887 214
3888 82
3889 82
3890 82
3891 82
3892 82
3893 82
3894 2
3895 2
3896 82
3897 82
3898 82
3899 82
3900 82
3901 82
3902 82
3903 82
3904 82
3905 82
3906 82
3907 82
3908 82
3909 82
3910 82
3911 82
3912 82
3913 82
3914 82
3915 82
3916 82
3917 82
3918 82
3919 215
3920 2
3921 82
3922 82
3923 82
3924 82
3925 82
3926 82
3927 82
3928 82
3929 82
3930 82
3931 82
3932 82
3933 82
3934 82
3935 82
3936 82
3937 82
3938 82
3939 82
3940 82
3941 82
3942 82
3943 2
3944 82
3945 82
3946 82
3947 82
3948 82
3949 82
3950 82
3951 82
3952 82
3953 82
3954 82
3955 82
3956 82
3957 82
3958 82
3959 82
3960 82
3961 82
3962 82
3963 82
3964 82
3965 2
3966 2
3967 214
3968 215
3969 82
3970 82
3971 82
3972 82
3973 214
3974 82
3975 82
3976 82
3977 82
3978 82
3979 82
3980 82
3981 82
3982 214
3983 82
3984 82
3985 82
3986 82
3987 82
3988 82
3989 82
3990 82
3991 82
3992 2
3993 82
3994 82
3995 82
3996 2
3997 82
3998 214
3999 82
4000 82
4001 82
4002 82
4003 82
4004 82
4005 82
4006 82
4007 82
4008 82
4009 82
4010 82
4011 215
4012 82
4013 82
4014 214
4015 214
4016 214
4017 82
4018 214
4019 214
4020 82
4021 82
4022 82
4023 82
4024 82
4025 82
4026 82
4027 82
4028 82
4029 82
4030 82
4031 82
4032 214
4033 82
4034 82
4035 2
4036 82
4037 82
4038 82
4039 82
4040 82
4041 82
4042 82
4043 82
4044 82
4045 82
4046 2
4047 82
4048 82
4049 82
4050 82
4051 82
4052 82
4053 214
4054 82
4055 2
4056 82
4057 82
4058 82
4059 82
4060 82
4061 82
4062 82
4063 82
4064 82
4065 82
4066 82
4067 82
4068 82
4069 82
4070 82
4071 82
4072 82
4073 82
4074 82
4075 82
4076 82
4077 82
4078 82
4079 82
4080 82
4081 82
4082 82
4083 82
4084 82
4085 82
4086 82
4087 215
4088 215
4089 215
4090 215
4091 82
4092 82
4093 82
4094 82
4095 82
4096 82
4097 82
4098 82
4099 82
4100 82
4101 82
4102 82
4103 82
4104 82
4105 82
4106 82
4107 82
4108 82
4109 100
4110 82
4111 82
4112 82
4113 82
4114 82
4115 82
4116 82
4117 82
4118 82
4119 82
4120 82
4121 82
4122 82
4123 82
4124 82
4125 82
4126 82
4127 82
4128 82
4129 82
4130 82
4131 82
4132 82
4133 82
4134 82
4135 82
4136 82
4137 82
4138 82
4139 82
4140 82
4141 82
4142 82
4143 82
4144 82
4145 82
4146 82
4147 82
4148 82
4149 82
4150 82
4151 82
4152 82
4153 82
4154 82
4155 82
4156 82
4157 82
4158 82
4159 82
4160 82
4161 82
4162 82
4163 82
4164 82
4165 82
4166 82
4167 82
4168 82
4169 82
4170 82
4171 82
4172 215
4173 82
4174 82
4175 82
4176 82
4177 82
4178 82
4179 82
4180 82
4181 82
4182 82
4183 82
4184 82
4185 82
4186 82
4187 82
4188 82
4189 215
4190 82
4191 82
4192 82
4193 82
4194 82
4195 82
4196 82
4197 82
4198 82
4199 82
4200 82
4201 82
4202 82
4203 82
4204 82
4205 82
4206 82
4207 82
4208 82
4209 82
4210 215
4211 82
4212 82
4213 82
4214 82
4215 82
4216 82
4217 82
4218 82
4219 82
4220 82
4221 82
4222 82
4223 82
4224 82
4225 82
4226 82
4227 215
4228 82
4229 82
4230 82
4231 82
4232 293
4233 82
4234 82
4235 82
4236 82
4237 82
4238 82
4239 82
4240 82
4241 82
4242 82
4243 82
4244 82
4245 82
4246 82
4247 82
4248 82
4249 82
4250 82
4251 82
4252 82
4253 82
4254 82
4255 82
4256 0
4257 0
4258 0
4259 0
4260 0
4261 0
4262 0
4263 0
4264 0
4265 0
4266 0
4267 0
4268 0
4269 82
4270 0
4271 0
4272 0
4273 0
4274 0
4275 82
4276 82
4277 82
4278 82
4279 82
4280 82
4281 82
4282 82
4283 82
4284 82
4285 82
4286 82
4287 82
4288 82
4289 82
4290 82
4291 82
4292 82
4293 82
4294 82
4295 82
4296 82
4297 82
4298 82
4299 82
4300 82
4301 82
4302 82
4303 82
4304 82
4305 82
4306 82
4307 82
4308 82
4309 82
4310 82
4311 82
4312 82
4313 82
4314 82
4315 82
4316 82
4317 82
4318 82
4319 82
4320 82
4321 82
4322 82
4323 82
4324 82
4325 82
4326 82
4327 82
4328 82
4329 82
4330 82
4331 82
4332 82
4333 82
4334 82
4335 82
4336 82
4337 82
4338 82
4339 82
4340 82
4341 82
4342 82
4343 82
4344 82
4345 82
4346 82
4347 82
4348 82
4349 82
4350 82
4351 82
4352 82
4353 82
4354 82
4355 82
4356 82
4357 82
4358 82
4359 82
4360 82
4361 82
4362 82
4363 82
4364 82
4365 82
4366 82
4367 82
4368 82
4369 82
4370 82
4371 82
4372 82
4373 82
4374 82
4375 82
4376 82
4377 82
4378 82
4379 82
4380 82
4381 82
4382 82
4383 82
4384 82
4385 82
4386 82
4387 82
4388 82
4389 82
4390 82
4391 82
4392 82
4393 82
4394 82
4395 82
4396 82
4397 82
4398 82
4399 82
4400 82
4401 82
4402 2
4403 82
4404 82
4405 215
4406 82
4407 2
4408 2
4409 82
4410 215
4411 82
4412 82
4413 82
4414 215
4415 2
4416 82
4417 82
4418 82
4419 82
4420 82
4421 82
4422 2
4423 82
4424 215
4425 82
4426 215
4427 82
4428 82
4429 82
4430 215
4431 82
4432 2
4433 2
4434 2
4435 82
4436 82
4437 82
4438 82
4439 82
4440 215
4441 82
4442 82
4443 215
4444 82
4445 82
4446 82
4447 82
4448 82
4449 82
4450 100
4451 100
4452 82
4453 82
4454 82
4455 82
4456 82
4457 82
4458 82
4459 100
4460 100
4461 82
4462 82
4463 82
4464 82
4465 100
4466 82
4467 100
4468 100
4469 82
4470 100
4471 100
4472 100
4473 100
4474 82
4475 82
4476 82
4477 82
4478 82
4479 82
4480 82
4481 82
4482 82
4483 82
4484 82
4485 82
4486 82
4487 82
4488 82
4489 82
4490 82
4491 82
4492 82
4493 82
4494 82
4495 82
4496 82
4497 82
4498 82
4499 82
4500 82
4501 215
4502 82
4503 82
4504 82
4505 82
4506 82
4507 82
4508 82
4509 82
4510 82
4511 82
4512 82
4513 82
4514 82
4515 82
4516 82
4517 82
4518 82
4519 82
4520 82
4521 82
4522 82
4523 82
4524 82
4525 82
4526 82
4527 82
4528 82
4529 82
4530 82
4531 82
4532 82
4533 82
4534 82
4535 82
4536 82
4537 82
4538 82
4539 82
4540 82
4541 82
4542 82
4543 82
4544 82
4545 82
4546 82
4547 82
4548 82
4549 82
4550 82
4551 82
4552 82
4553 82
4554 82
4555 82
4556 82
4557 82
4558 82
4559 82
4560 82
4561 82
4562 82
4563 82
4564 82
4565 82
4566 82
4567 82
4568 82
4569 82
4570 82
4571 82
4572 82
4573 82
4574 82
4575 82
4576 82
4577 82
4578 82
4579 82
4580 82
4581 82
4582 82
4583 82
4584 82
4585 82
4586 82
4587 82
4588 82
4589 82
4590 82
4591 82
4592 82
4593 82
4594 215
4595 215
4596 82
4597 82
4598 82
4599 82
4600 82
4601 82
4602 82
4603 82
4604 82
4605 215
4606 215
4607 82
4608 82
4609 82
4610 82
4611 215
4612 82
4613 82
4614 82
4615 82
4616 82
4617 215
4618 215
4619 82
4620 82
4621 67
4622 82
4623 82
4624 82
4625 82
4626 215
4627 82
4628 82
4629 5
4630 4
4631 4
4632 4
4633 4
4634 4
4635 4
4636 4
4637 4
4638 4
4639 215
4640 215
4641 215
4642 82
4643 215
4644 215
4645 215
4646 215
4647 82
4648 82
4649 215
4650 82
4651 215
4652 215
4653 82
4654 82
4655 215
4656 215
4657 215
4658 82
4659 82
4660 82
4661 215
4662 215
4663 215
4664 215
4665 215
4666 82
4667 82
4668 82
4669 215
4670 82
4671 215
4672 82
4673 82
4674 82
4675 82
4676 82
4677 82
4678 82
4679 82
4680 82
4681 82
4682 82
4683 82
4684 82
4685 82
4686 82
4687 82
4688 82
4689 82
4690 82
4691 82
4692 82
4693 82
4694 82
4695 82
4696 82
4697 82
4698 82
4699 82
4700 82
4701 82
4702 82
4703 82
4704 82
4705 82
4706 82
4707 82
4708 82
4709 82
4710 82
4711 82
4712 82
4713 82
4714 82
4715 82
4716 82
4717 82
4718 82
4719 82
4720 82
4721 82
4722 82
4723 215
4724 82
4725 82
4726 82
4727 82
4728 82
4729 82
4730 82
4731 82
4732 82
4733 82
4734 82
4735 215
4736 215
4737 215
4738 82
4739 215
4740 82
4741 215
4742 82
4743 215
4744 215
4745 215
4746 215
4747 215
4748 82
4749 82
4750 82
4751 82
4752 215
4753 215
4754 82
4755 215
4756 215
4757 215
4758 215
4759 215
4760 215
4761 82
4762 82
4763 82
4764 82
4765 82
4766 82
4767 82
4768 82
4769 2
4770 2
4771 82
4772 82
4773 82
4774 82
4775 2
4776 2
4777 2
4778 2
4779 2
4780 82
4781 82
4782 82
4783 82
4784 82
4785 2
4786 82
4787 82
4788 82
4789 82
4790 82
4791 82
4792 82
4793 82
4794 82
4795 82
4796 82
4797 82
4798 82
4799 82
4800 82
4801 82
4802 5
4803 5
4804 5
4805 5
4806 5
4807 5
4808 82
4809 82
4810 82
4811 82
4812 82
4813 82
4814 82
4815 82
4816 82
4817 82
4818 82
4819 82
4820 82
4821 82
4822 82
4823 82
4824 82
4825 82
4826 82
4827 82
4828 82
4829 82
4830 82
4831 82
4832 82
4833 82
4834 82
4835 82
4836 82
4837 82
4838 82
4839 82
4840 82
4841 82
4842 82
4843 82
4844 82
4845 82
4846 82
4847 82
4848 82
4849 82
4850 82
4851 82
4852 82
4853 82
4854 82
4855 82
4856 82
4857 82
4858 82
4859 82
4860 82
4861 82
4862 82
4863 82
4864 82
4865 82
4866 82
4867 82
4868 82
4869 82
4870 82
4871 82
4872 82
4873 82
4874 82
4875 82
4876 100
4877 82
4878 82
4879 82
4880 82
4881 215
4882 82
4883 82
4884 82
4885 82
4886 82
4887 82
4888 82
4889 82
4890 82
4891 82
4892 82
4893 82
4894 82
4895 82
4896 82
4897 82
4898 215
4899 82
4900 82
4901 82
4902 82
4903 82
4904 100
4905 82
4906 82
4907 82
4908 82
4909 82
4910 82
4911 100
4912 82
4913 100
4914 100
4915 100
4916 82
4917 1015
4918 82
4919 65
4920 82
4921 82
4922 82
4923 82
4924 82
4925 82
4926 82
4927 82
4928 82
4929 100
4930 82
4931 82
4932 82
4933 82
4934 215
4935 82
4936 100
4937 82
4938 82
4939 2
4940 2
4941 2
4942 82
4943 82
4944 82
4945 82
4946 100
4947 82
4948 82
4949 82
4950 100
4951 82
4952 82
4953 82
4954 82
4955 82
4956 82
4957 82
4958 947
4959 947
4960 82
4961 100
4962 82
4963 82
4964 82
4965 82
4966 82
4967 2
4968 2
4969 100
4970 82
4971 82
4972 100
4973 100
4974 100
4975 100
4976 82
4977 100
4978 82
4979 82
4980 82
4981 82
4982 82
4983 82
4984 82
4985 82
4986 82
4987 100
4988 2
4989 82
4990 82
4991 215
4992 82
4993 82
4994 82
4995 82
4996 82
4997 82
4998 2
4999 82
5000 100
5001 82
5002 100
5003 82
5004 82
5005 82
5006 82
5007 82
5008 100
5009 82
5010 2
5011 82
5012 6
5013 6
5014 6
5015 100
5016 100
5017 100
5018 82
5019 100
5020 215
5021 100
5022 100
5023 100
5024 100
5025 82
5026 100
5027 100
5028 215
5029 215
5030 82
5031 2
5032 2
5033 215
5034 82
5035 82
5036 82
5037 82
5038 215
5039 82
5040 82
5041 100
5042 2
5043 82
5044 82
5045 82
5046 82
5047 82
5048 82
5049 100
5050 100
5051 215
5052 82
5053 82
5054 82
5055 82
5056 82
5057 82
5058 82
5059 82
5060 82
5061 82
5062 82
5063 82
5064 100
5065 215
5066 215
5067 82
5068 82
5069 100
5070 215
5071 82
5072 82
5073 82
5074 82
5075 215
5076 215
5077 82
5078 82
5079 82
5080 82
5081 82
5082 215
5083 215
5084 215
5085 82
5086 82
5087 82
5088 215
5089 215
5090 215
5091 82
5092 82
5093 82
5094 82
5095 82
5096 82
5097 82
5098 215
5099 215
5100 215
5101 215
5102 215
5103 215
5104 82
5105 82
5106 82
5107 82
5108 82
5109 82
5110 82
5111 82
5112 82
5113 82
5114 82
5115 82
5116 82
5117 82
5118 82
5119 82
5120 82
5121 215
5122 215
5123 82
5124 82
5125 215
5126 215
5127 215
5128 215
5129 215
5130 215
5131 82
5132 82
5133 82
5134 82
5135 82
5136 82
5137 82
5138 82
5139 82
5140 82
5141 82
5142 82
5143 82
5144 82
5145 82
5146 82
5147 82
5148 82
5149 82
5150 82
5151 82
5152 82
5153 82
5154 82
5155 82
5156 82
5157 82
5158 82
5159 82
5160 82
5161 82
5162 82
5163 82
5164 82
5165 82
5166 82
5167 82
5168 82
5169 82
5170 82
5171 82
5172 82
5173 82
5174 82
5175 82
5176 82
5177 82
5178 82
5179 82
5180 82
5181 82
5182 82
5183 82
5184 82
5185 82
5186 82
5187 82
5188 82
5189 82
5190 215
5191 215
5192 215
5193 215
5194 215
5195 215
5196 215
5197 215
5198 215
5199 215
5200 215
5201 215
5202 215
5203 215
5204 215
5205 215
5206 215
5207 215
5208 215
5209 215
5210 215
5211 82
5212 215
5213 215
5214 215
5215 215
5216 215
5217 215
5218 215
5219 215
5220 215
5221 215
5222 215
5223 82
5224 215
5225 215
5226 215
5227 215
5228 215
5229 215
5230 82
5231 215
5232 215
5233 215
5234 82
5235 215
5236 215
5237 215
5238 215
5239 82
5240 215
5241 215
5242 215
5243 215
5244 215
5245 82
5246 215
5247 215
5248 82
5249 215
5250 215
5251 215
5252 215
5253 215
5254 215
5255 215
5256 215
5257 82
5258 215
5259 215
5260 215
5261 215
5262 215
5263 215
5264 215
5265 215
5266 215
5267 82
5268 215
5269 215
5270 82
5271 215
5272 215
5273 215
5274 215
5275 215
5276 215
5277 215
5278 215
5279 215
5280 215
5281 82
5282 215
5283 215
5284 215
5285 215
5286 215
5287 215
5288 215
5289 215
5290 215
5291 215
5292 215
5293 215
5294 215
5295 215
5296 215
5297 215
5298 215
5299 82
5300 82
5301 215
5302 82
5303 215
5304 215
5305 215
5306 215
5307 215
5308 82
5309 82
5310 215
5311 215
5312 215
5313 82
5314 82
5315 215
5316 215
5317 215
5318 215
5319 82
5320 215
5321 215
5322 215
5323 215
5324 215
5325 215
5326 215
5327 82
5328 82
5329 215
5330 215
5331 82
5332 215
5333 215
5334 215
5335 215
5336 215
5337 215
5338 215
5339 215
5340 215
5341 215
5342 215
5343 82
5344 215
5345 215
5346 82
5347 215
5348 82
5349 215
5350 215
5351 215
5352 215
5353 215
5354 82
5355 215
5356 82
5357 215
5358 215
5359 215
5360 215
5361 215
5362 215
5363 215
5364 215
5365 82
5366 215
5367 215
5368 215
5369 215
5370 215
5371 215
5372 215
5373 215
5374 215
5375 215
5376 215
5377 215
5378 215
5379 215
5380 215
5381 215
5382 215
5383 215
5384 215
5385 215
5386 215
5387 215
5388 215
5389 215
5390 82
5391 215
5392 215
5393 215
5394 215
5395 215
5396 215
5397 82
5398 215
5399 215
5400 215
5401 215
5402 215
5403 215
5404 215
5405 215
5406 215
5407 215
5408 215
5409 215
5410 215
5411 215
5412 215
5413 215
5414 215
5415 215
5416 215
5417 215
5418 215
5419 215
5420 215
5421 215
5422 215
5423 215
5424 215
5425 215
5426 215
5427 215
5428 82
5429 215
5430 215
5431 82
5432 215
5433 215
5434 215
5435 215
5436 215
5437 215
5438 215
5439 82
5440 82
5441 82
5442 215
5443 82
5444 215
5445 215
5446 215
5447 215
5448 215
5449 215
5450 82
5451 82
5452 215
5453 215
5454 215
5455 215
5456 215
5457 215
5458 215
5459 215
5460 215
5461 215
5462 215
5463 82
5464 82
5465 82
5466 215
5467 82
5468 215
5469 215
5470 215
5471 215
5472 215
5473 215
5474 215
5475 215
5476 215
5477 215
5478 82
5479 215
5480 215
5481 215
5482 215
5483 215
5484 215
5485 215
5486 215
5487 215
5488 215
5489 215
5490 215
5491 215
5492 215
5493 215
5494 82
5495 215
5496 215
5497 215
5498 215
5499 82
5500 82
5501 82
5502 215
5503 215
5504 215
5505 215
5506 215
5507 215
5508 82
5509 82
5510 82
5511 82
5512 82
5513 82
5514 82
5515 82
5516 82
5517 82
5518 82
5519 82
5520 82
5521 82
5522 82
5523 82
5524 82
5525 82
5526 82
5527 215
5528 82
5529 82
5530 82
5531 215
5532 215
5533 215
5534 215
5535 215
5536 82
5537 215
5538 215
5539 215
5540 215
5541 215
5542 215
5543 215
5544 215
5545 215
5546 215
5547 215
5548 215
5549 215
5550 215
5551 215
5552 82
5553 82
5554 215
5555 215
5556 215
5557 215
5558 215
5559 215
5560 215
5561 215
5562 215
5563 215
5564 215
5565 82
5566 215
5567 215
5568 215
5569 215
5570 215
5571 215
5572 215
5573 215
5574 215
5575 215
5576 215
5577 215
5578 215
5579 215
5580 215
5581 215
5582 215
5583 82
5584 82
5585 215
5586 215
5587 215
5588 215
5589 215
5590 215
5591 215
5592 215
5593 215
5594 215
5595 215
5596 215
5597 215
5598 215
5599 215
5600 215
5601 215
5602 215
5603 215
5604 215
5605 215
5606 215
5607 215
5608 215
5609 215
5610 215
5611 215
5612 215
5613 215
5614 82
5615 215
5616 100
5617 215
5618 215
5619 215
5620 82
5621 215
5622 215
5623 215
5624 82
5625 82
5626 215
5627 215
5628 215
5629 82
5630 82
5631 82
5632 82
5633 82
5634 82
5635 82
5636 82
5637 2
5638 2
5639 2
5640 2
5641 2
5642 82
5643 82
5644 82
5645 82
5646 82
5647 82
5648 82
5649 82
5650 82
5651 82
5652 82
5653 82
5654 82
5655 82
5656 82
5657 82
5658 82
5659 82
5660 82
5661 82
5662 215
5663 215
5664 82
5665 82
5666 82
5667 82
5668 82
5669 82
5670 82
5671 82
5672 82
5673 82
5674 82
5675 82
5676 82
5677 215
5678 82
5679 215
5680 215
5681 82
5682 82
5683 82
5684 82
5685 82
5686 82
5687 82
5688 82
5689 82
5690 82
5691 82
5692 82
5693 82
5694 82
5695 82
5696 82
5697 82
5698 82
5699 82
5700 82
5701 82
5702 82
5703 82
5704 82
5705 82
5706 82
5707 82
5708 82
5709 82
5710 82
5711 82
5712 82
5713 82
5714 82
5715 82
5716 82
5717 82
5718 82
5719 82
5720 82
5721 82
5722 215
5723 215
5724 82
5725 82
5726 82
5727 82
5728 82
5729 82
5730 82
5731 82
5732 82
5733 82
5734 82
5735 82
5736 82
5737 215
5738 82
5739 82
5740 82
5741 82
5742 82
5743 82
5744 82
5745 82
5746 82
5747 82
5748 82
5749 82
5750 82
5751 82
5752 82
5753 82
5754 82
5755 82
5756 82
5757 82
5758 82
5759 82
5760 82
5761 82
5762 82
5763 82
5764 82
5765 82
5766 215
5767 82
5768 82
5769 82
5770 82
5771 82
5772 82
5773 82
5774 82
5775 82
5776 82
5777 82
5778 82
5779 82
5780 82
5781 82
5782 82
5783 82
5784 82
5785 82
5786 82
5787 82
5788 82
5789 82
5790 82
5791 82
5792 82
5793 82
5794 82
5795 82
5796 82
5797 82
5798 82
5799 82
5800 82
5801 82
5802 82
5803 82
5804 215
5805 82
5806 82
5807 82
5808 82
5809 82
5810 82
5811 82
5812 82
5813 82
5814 82
5815 82
5816 82
5817 82
5818 82
5819 82
5820 82
5821 82
5822 82
5823 82
5824 82
5825 82
5826 82
5827 82
5828 82
5829 82
5830 215
5831 82
5832 82
5833 82
5834 215
5835 82
5836 82
5837 82
5838 82
5839 82
5840 82
5841 215
5842 82
5843 82
5844 82
5845 82
5846 82
5847 82
5848 82
5849 82
5850 82
5851 82
5852 82
5853 82
5854 82
5855 82
5856 82
5857 82
5858 82
5859 82
5860 82
5861 82
5862 82
5863 996
5864 82
5865 82
5866 82
5867 82
5868 82
5869 82
5870 82
5871 82
5872 82
5873 82
5874 82
5875 82
5876 82
5877 82
5878 82
5879 82
5880 82
5881 82
5882 82
5883 82
5884 82
5885 82
5886 82
5887 82
5888 82
5889 82
5890 82
5891 82
5892 82
5893 82
5894 82
5895 82
5896 82
5897 82
5898 82
5899 82
5900 82
5901 82
5902 82
5903 82
5904 82
5905 82
5906 82
5907 82
5908 82
5909 82
5910 82
5911 82
5912 82
5913 82
5914 82
5915 82
5916 82
5917 82
5918 82
5919 82
5920 82
5921 82
5922 82
5923 82
5924 82
5925 82
5926 82
5927 82
5928 82
5929 82
5930 82
5931 82
5932 82
5933 82
5934 215
5935 82
5936 82
5937 82
5938 82
5939 82
5940 82
5941 82
5942 82
5943 82
5944 82
5945 82
5946 82
5947 82
5948 82
5949 82
5950 82
5951 82
5952 82
5953 82
5954 82
5955 82
5956 82
5957 82
5958 82
5959 82
5960 82
5961 82
5962 82
5963 215
5964 82
5965 82
5966 82
5967 82
5968 215
5969 82
5970 82
5971 82
5972 82
5973 82
5974 82
5975 82
5976 82
5977 82
5978 82
5979 82
5980 82
5981 82
5982 82
5983 82
5984 82
5985 82
5986 82
5987 82
5988 82
5989 82
5990 82
5991 82
5992 82
5993 82
5994 82
5995 82
5996 82
5997 82
5998 82
5999 82
6000 82
6001 82
6002 82
6003 82
6004 82
6005 82
6006 82
6007 82
6008 82
6009 82
6010 82
6011 82
6012 82
6013 82
6014 82
6015 82
6016 82
6017 82
6018 82
6019 82
6020 82
6021 82
6022 82
6023 82
6024 82
6025 82
6026 82
6027 82
6028 82
6029 82
6030 82
6031 82
6032 82
6033 82
6034 82
6035 82
6036 82
6037 82
6038 82
6039 82
6040 82
6041 82
6042 82
6043 82
6044 82
6045 82
6046 82
6047 82
6048 82
6049 82
6050 82
6051 82
6052 82
6053 82
6054 82
6055 82
6056 82
6057 82
6058 82
6059 82
6060 82
6061 82
6062 82
6063 82
6064 82
6065 82
6066 82
6067 82
6068 82
6069 82
6070 82
6071 82
6072 82
6073 82
6074 82
6075 82
6076 65
6077 82
6078 82
6079 82
6080 82
6081 82
6082 82
6083 82
6084 65
6085 82
6086 82
6087 82
6088 82
6089 82
6090 82
6091 82
6092 82
6093 82
6094 82
6095 82
6096 82
6097 82
6098 82
6099 82
6100 82
6101 82
6102 82
6103 82
6104 82
6105 82
6106 82
6107 82
6108 82
6109 82
6110 82
6111 82
6112 82
6113 82
6114 82
6115 82
6116 82
6117 82
6118 82
6119 82
6120 82
6121 82
6122 82
6123 82
6124 82
6125 65
6126 82
6127 82
6128 82
6129 82
6130 82
6131 82
6132 82
6133 82
6134 82
6135 82
6136 82
6137 82
6138 82
6139 82
6140 82
6141 82
6142 82
6143 65
6144 82
6145 82
6146 82
6147 82
6148 82
6149 82
6150 82
6151 82
6152 82
6153 82
6154 82
6155 82
6156 82
6157 82
6158 82
6159 82
6160 82
6161 82
6162 82
6163 82
6164 82
6165 82
6166 82
6167 82
6168 82
6169 82
6170 82
6171 82
6172 82
6173 82
6174 82
6175 82
6176 82
6177 82
6178 82
6179 82
6180 82
6181 82
6182 82
6183 82
6184 82
6185 82
6186 82
6187 82
6188 82
6189 82
6190 82
6191 82
6192 82
6193 82
6194 82
6195 82
6196 1041
6197 82
6198 82
6199 82
6200 82
6201 82
6202 82
6203 82
6204 82
6205 82
6206 82
6207 82
6208 82
6209 82
6210 82
6211 82
6212 82
6213 82
6214 82
6215 82
6216 82
6217 82
6218 82
6219 82
6220 82
6221 82
6222 82
6223 82
6224 82
6225 82
6226 82
6227 82
6228 82
6229 82
6230 65
6231 65
6232 82
6233 82
6234 82
6235 82
6236 82
6237 82
6238 82
6239 82
6240 82
6241 82
6242 82
6243 65
6244 82
6245 82
6246 82
6247 82
6248 82
6249 82
6250 82
6251 82
6252 82
6253 82
6254 82
6255 215
6256 82
6257 82
6258 82
6259 82
6260 82
6261 82
6262 82
6263 82
6264 82
6265 82
6266 82
6267 82
6268 82
6269 82
6270 82
6271 82
6272 82
6273 82
6274 82
6275 82
6276 82
6277 82
6278 82
6279 82
6280 82
6281 82
6282 82
6283 82
6284 82
6285 82
6286 82
6287 82
6288 82
6289 82
6290 82
6291 82
6292 82
6293 82
6294 82
6295 82
6296 82
6297 82
6298 82
6299 82
6300 82
6301 82
6302 82
6303 82
6304 82
6305 82
6306 82
6307 82
6308 82
6309 82
6310 82
6311 82
6312 82
6313 82
6314 82
6315 82
6316 82
6317 82
6318 82
6319 82
6320 65
6321 82
6322 82
6323 82
6324 82
6325 82
6326 82
6327 82
6328 82
6329 1043
6330 1043
6331 1043
6332 82
6333 82
6334 82
6335 82
6336 82
6337 82
6338 82
6339 82
6340 82
6341 82
6342 82
6343 82
6344 82
6345 82
6346 82
6347 82
6348 82
6349 82
6350 82
6351 82
6352 82
6353 82
6354 82
6355 82
6356 82
6357 82
6358 82
6359 82
6360 82
6361 82
6362 82
6363 82
6364 82
6365 82
6366 82
6367 2
6368 82
6369 82
6370 82
6371 82
6372 82
6373 82
6374 82
6375 82
6376 82
6377 82
6378 82
6379 82
6380 215
6381 215
6382 82
6383 82
6384 82
6385 82
6386 82
6387 82
6388 82
6389 82
6390 82
6391 82
6392 82
6393 82
6394 82
6395 82
6396 82
6397 82
6398 82
6399 82
6400 82
6401 82
6402 82
6403 82
6404 82
6405 65
6406 82
6407 82
6408 82
6409 82
6410 82
6411 82
6412 82
6413 974
6414 82
6415 82
6416 82
6417 82
6418 82
6419 82
6420 65
6421 82
6422 82
6423 82
6424 82
6425 82
6426 82
6427 82
6428 82
6429 82
6430 82
6431 82
6432 82
6433 82
6434 82
6435 82
6436 82
6437 82
6438 82
6439 82
6440 82
6441 82
6442 82
6443 82
6444 82
6445 82
6446 82
6447 82
6448 82
6449 82
6450 82
6451 82
6452 82
6453 82
6454 82
6455 82
6456 82
6457 82
6458 82
6459 82
6460 82
6461 82
6462 82
6463 82
6464 82
6465 82
6466 82
6467 82
6468 82
6469 82
6470 65
6471 82
6472 82
6473 82
6474 82
6475 82
6476 82
6477 82
6478 82
6479 82
6480 215
6481 82
6482 82
6483 82
6484 82
6485 82
6486 82
6487 82
6488 82
6489 82
6490 82
6491 82
6492 82
6493 82
6494 82
6495 82
6496 82
6497 82
6498 82
6499 82
6500 82
6501 82
6502 82
6503 82
6504 82
6505 82
6506 82
6507 82
6508 82
6509 82
6510 82
6511 82
6512 82
6513 82
6514 82
6515 82
6516 82
6517 82
6518 82
6519 82
6520 82
6521 82
6522 82
6523 82
6524 82
6525 82
6526 82
6527 82
6528 82
6529 7
6530 82
6531 215
6532 82
6533 82
6534 82
6535 82
6536 82
6537 82
6538 82
6539 82
6540 82
6541 82
6542 82
6543 82
6544 82
6545 82
6546 82
6547 82
6548 82
6549 82
6550 82
6551 82
6552 82
6553 82
6554 82
6555 82
6556 82
6557 215
6558 82
6559 82
6560 215
6561 82
6562 82
6563 82
6564 215
6565 82
6566 82
6567 82
6568 82
6569 82
6570 82
6571 82
6572 82
6573 82
6574 82
6575 82
6576 82
6577 82
6578 82
6579 82
6580 82
6581 2
6582 82
6583 82
6584 82
6585 82
6586 82
6587 82
6588 82
6589 82
6590 82
6591 82
6592 82
6593 82
6594 82
6595 82
6596 82
6597 82
6598 82
6599 82
6600 82
6601 82
6602 82
6603 82
6604 82
6605 82
6606 82
6607 82
6608 82
6609 82
6610 82
6611 82
6612 82
6613 82
6614 82
6615 82
6616 215
6617 82
6618 82
6619 100
6620 82
6621 82
6622 82
6623 82
6624 82
6625 82
6626 82
6627 82
6628 82
6629 82
6630 82
6631 82
6632 82
6633 82
6634 82
6635 82
6636 82
6637 100
6638 82
6639 82
6640 82
6641 82
6642 82
6643 82
6644 82
6645 82
6646 215
6647 82
6648 82
6649 82
6650 82
6651 82
6652 82
6653 82
6654 82
6655 82
6656 215
6657 82
6658 82
6659 2
6660 2
6661 82
6662 82
6663 215
6664 82
6665 82
6666 82
6667 82
6668 82
6669 82
6670 82
6671 96
6672 82
6673 82
6674 82
6675 82
6676 82
6677 82
6678 82
6679 82
6680 82
6681 82
6682 82
6683 82
6684 215
6685 215
6686 215
6687 82
6688 82
6689 82
6690 82
6691 82
6692 82
6693 82
6694 82
6695 82
6696 82
6697 82
6698 82
6699 82
6700 82
6701 82
6702 82
6703 82
6704 82
6705 82
6706 82
6707 82
6708 82
6709 82
6710 82
6711 82
6712 82
6713 82
6714 82
6715 82
6716 82
6717 82
6718 82
6719 82
6720 82
6721 82
6722 82
6723 215
6724 215
6725 82
6726 82
6727 82
6728 82
6729 82
6730 82
6731 82
6732 82
6733 82
6734 82
6735 82
6736 82
6737 82
6738 82
6739 82
6740 82
6741 82
6742 82
6743 82
6744 82
6745 82
6746 82
6747 82
6748 82
6749 82
6750 82
6751 215
6752 215
6753 82
6754 215
6755 82
6756 82
6757 82
6758 82
6759 96
6760 82
6761 82
6762 82
6763 82
6764 82
6765 96
6766 82
6767 82
6768 82
6769 82
6770 82
6771 82
6772 82
6773 82
6774 82
6775 82
6776 82
6777 82
6778 82
6779 82
6780 82
6781 82
6782 82
6783 82
6784 82
6785 82
6786 82
6787 82
6788 100
6789 100
6790 100
6791 82
6792 82
6793 82
6794 82
6795 82
6796 82
6797 82
6798 82
6799 82
6800 82
6801 82
6802 82
6803 82
6804 82
6805 82
6806 82
6807 82
6808 82
6809 82
6810 82
6811 293
6812 82
6813 82
6814 82
6815 82
6816 82
6817 82
6818 82
6819 82
6820 82
6821 82
6822 82
6823 82
6824 82
6825 82
6826 82
6827 82
6828 82
6829 82
6830 82
6831 82
6832 82
6833 82
6834 82
6835 215
6836 82
6837 82
6838 215
6839 82
6840 82
6841 82
6842 82
6843 82
6844 215
6845 82
6846 82
6847 82
6848 82
6849 82
6850 82
6851 82
6852 82
6853 82
6854 82
6855 215
6856 82
6857 82
6858 82
6859 82
6860 215
6861 82
6862 82
6863 82
6864 82
6865 82
6866 82
6867 82
6868 82
6869 82
6870 82
6871 82
6872 82
6873 82
6874 82
6875 82
6876 82
6877 82
6878 82
6879 82
6880 82
6881 82
6882 82
6883 82
6884 82
6885 82
6886 82
6887 82
6888 215
6889 215
6890 82
6891 82
6892 215
6893 215
6894 215
6895 215
6896 82
6897 215
6898 215
6899 215
6900 215
6901 215
6902 215
6903 215
6904 215
6905 82
6906 215
6907 215
6908 215
6909 215
6910 215
6911 82
6912 215
6913 82
6914 215
6915 215
6916 215
6917 215
6918 215
6919 215
6920 215
6921 215
6922 215
6923 215
6924 82
6925 215
6926 215
6927 215
6928 215
6929 215
6930 215
6931 215
6932 215
6933 215
6934 215
6935 215
6936 215
6937 215
6938 215
6939 215
6940 215
6941 82
6942 2
6943 215
6944 215
6945 215
6946 215
6947 215
6948 215
6949 215
6950 215
6951 215
6952 215
6953 215
6954 82
6955 215
6956 82
6957 215
6958 215
6959 215
6960 82
6961 215
6962 215
6963 215
6964 82
6965 215
6966 215
6967 82
6968 2
6969 215
6970 215
6971 215
6972 215
6973 82
6974 215
6975 215
6976 215
6977 215
6978 215
6979 82
6980 82
6981 215
6982 215
6983 215
6984 215
6985 215
6986 215
6987 215
6988 215
6989 82
6990 215
6991 82
6992 215
6993 215
6994 215
6995 215
6996 215
6997 215
6998 215
6999 215
7000 215
7001 215
7002 215
7003 215
7004 215
7005 215
7006 215
7007 82
7008 215
7009 82
7010 215
7011 215
7012 215
7013 82
7014 215
7015 215
7016 215
7017 215
7018 82
7019 215
7020 215
7021 215
7022 215
7023 215
7024 215
7025 82
7026 215
7027 215
7028 215
7029 215
7030 215
7031 215
7032 82
7033 215
7034 215
7035 215
7036 215
7037 215
7038 215
7039 215
7040 215
7041 215
7042 215
7043 215
7044 215
7045 215
7046 215
7047 215
7048 215
7049 2
7050 82
7051 215
7052 82
7053 82
7054 215
7055 215
7056 215
7057 215
7058 2
7059 215
7060 215
7061 215
7062 215
7063 215
7064 215
7065 215
7066 215
7067 215
7068 215
7069 215
7070 215
7071 215
7072 100
7073 215
7074 215
7075 215
7076 215
7077 215
7078 215
7079 215
7080 215
7081 82
7082 215
7083 82
7084 82
7085 82
7086 82
7087 82
7088 82
7089 82
7090 82
7091 82
7092 82
7093 82
7094 82
7095 82
7096 82
7097 82
7098 82
7099 82
7100 82
7101 82
7102 82
7103 82
7104 82
7105 82
7106 82
7107 215
7108 82
7109 82
7110 82
7111 82
7112 82
7113 82
7114 82
7115 82
7116 82
7117 82
7118 82
7119 82
7120 82
7121 82
7122 82
7123 82
7124 82
7125 82
7126 82
7127 82
7128 82
7129 82
7130 82
7131 82
7132 82
7133 82
7134 82
7135 82
7136 82
7137 82
7138 82
7139 82
7140 82
7141 82
7142 82
7143 82
7144 82
7145 215
7146 82
7147 82
7148 82
7149 82
7150 82
7151 82
7152 82
7153 82
7154 82
7155 82
7156 82
7157 82
7158 82
7159 82
7160 82
7161 82
7162 82
7163 82
7164 82
7165 82
7166 82
7167 82
7168 82
7169 82
7170 82
7171 82
7172 82
7173 82
7174 82
7175 82
7176 0
7177 215
7178 82
7179 82
7180 82
7181 82
7182 82
7183 82
7184 82
7185 82
7186 82
7187 82
7188 82
7189 82
7190 82
7191 82
7192 82
7193 90
7194 82
7195 82
7196 82
7197 82
7198 82
7199 82
7200 82
7201 82
7202 82
7203 82
7204 82
7205 82
7206 82
7207 82
7208 82
7209 82
7210 82
7211 82
7212 82
7213 82
7214 82
7215 82
7216 82
7217 82
7218 82
7219 82
7220 82
7221 82
7222 82
7223 82
7224 82
7225 82
7226 82
7227 82
7228 82
7229 82
7230 82
7231 82
7232 82
7233 82
7234 82
7235 82
7236 82
7237 82
7238 82
7239 82
7240 82
7241 82
7242 82
7243 82
7244 82
7245 82
7246 82
7247 82
7248 82
7249 82
7250 82
7251 82
7252 82
7253 82
7254 82
7255 82
7256 82
7257 82
7258 82
7259 82
7260 82
7261 82
7262 82
7263 82
7264 82
7265 82
7266 82
7267 82
7268 82
7269 82
7270 82
7271 82
7272 82
7273 82
7274 82
7275 82
7276 82
7277 82
7278 82
7279 82
7280 82
7281 82
7282 82
7283 82
7284 82
7285 82
7286 82
7287 82
7288 82
7289 82
7290 82
7291 82
7292 82
7293 82
7294 82
7295 82
7296 82
7297 82
7298 82
7299 82
7300 82
7301 82
7302 82
7303 82
7304 82
7305 82
7306 82
7307 82
7308 82
7309 215
7310 82
7311 82
7312 82
7313 82
7314 82
7315 82
7316 82
7317 82
7318 82
7319 82
7320 82
7321 215
7322 82
7323 82
7324 82
7325 82
7326 82
7327 82
7328 82
7329 82
7330 82
7331 82
7332 82
7333 82
7334 82
7335 82
7336 82
7337 82
7338 82
7339 82
7340 82
7341 82
7342 82
7343 82
7344 82
7345 82
7346 82
7347 82
7348 82
7349 82
7350 82
7351 82
7352 82
7353 82
7354 82
7355 82
7356 82
7357 82
7358 82
7359 82
7360 82
7361 82
7362 82
7363 82
7364 82
7365 82
7366 82
7367 82
7368 82
7369 82
7370 82
7371 82
7372 82
7373 82
7374 215
7375 82
7376 82
7377 82
7378 82
7379 82
7380 82
7381 82
7382 82
7383 82
7384 82
7385 82
7386 82
7387 82
7388 82
7389 82
7390 82
7391 82
7392 82
7393 82
7394 82
7395 82
7396 82
7397 82
7398 82
7399 82
7400 82
7401 82
7402 82
7403 82
7404 82
7405 82
7406 82
7407 82
7408 82
7409 82
7410 82
7411 82
7412 82
7413 82
7414 82
7415 82
7416 82
7417 82
7418 82
7419 82
7420 82
7421 82
7422 82
7423 82
7424 82
7425 82
7426 82
7427 83
7428 82
7429 82
7430 82
7431 82
7432 82
7433 82
7434 82
7435 82
7436 82
7437 82
7438 82
7439 82
7440 82
7441 82
7442 82
7443 82
7444 82
7445 82
7446 82
7447 82
7448 82
7449 82
7450 82
7451 82
7452 82
7453 82
7454 82
7455 82
7456 82
7457 82
7458 82
7459 82
7460 82
7461 82
7462 82
7463 82
7464 82
7465 82
7466 82
7467 82
7468 215
7469 215
7470 82
7471 82
7472 82
7473 90
7474 90
7475 90
7476 82
7477 82
7478 82
7479 82
7480 82
7481 82
7482 82
7483 82
7484 82
7485 82
7486 82
7487 82
7488 82
7489 82
7490 82
7491 82
7492 82
7493 82
7494 82
7495 82
7496 82
7497 82
7498 82
7499 82
7500 82
7501 82
7502 82
7503 82
7504 82
7505 82
7506 82
7507 82
7508 82
7509 82
7510 82
7511 82
7512 82
7513 215
7514 82
7515 82
7516 82
7517 82
7518 82
7519 82
7520 82
7521 82
7522 82
7523 82
7524 82
7525 82
7526 82
7527 82
7528 82
7529 82
7530 82
7531 82
7532 82
7533 82
7534 82
7535 82
7536 82
7537 82
7538 82
7539 82
7540 82
7541 82
7542 82
7543 82
7544 82
7545 82
7546 82
7547 82
7548 82
7549 82
7550 82
7551 82
7552 82
7553 82
7554 82
7555 82
7556 82
7557 82
7558 82
7559 82
7560 82
7561 82
7562 82
7563 82
7564 82
7565 82
7566 82
7567 82
7568 82
7569 82
7570 82
7571 82
7572 82
7573 82
7574 82
7575 82
7576 82
7577 82
7578 82
7579 82
7580 82
7581 82
7582 82
7583 82
7584 82
7585 82
7586 82
7587 82
7588 82
7589 82
7590 82
7591 82
7592 82
7593 82
7594 82
7595 82
7596 82
7597 82
7598 82
7599 82
7600 82
7601 82
7602 82
7603 82
7604 82
7605 82
7606 82
7607 82
7608 82
7609 82
7610 82
7611 82
7612 82
7613 82
7614 82
7615 82
7616 82
7617 82
7618 82
7619 82
7620 82
7621 82
7622 82
7623 82
7624 82
7625 82
7626 82
7627 82
7628 82
7629 82
7630 82
7631 82
7632 82
7633 82
7634 82
7635 82
7636 82
7637 82
7638 82
7639 82
7640 82
7641 82
7642 82
7643 82
7644 82
7645 82
7646 82
7647 82
7648 82
7649 82
7650 82
7651 82
7652 82
7653 82
7654 82
7655 82
7656 82
7657 215
7658 82
7659 82
7660 82
7661 82
7662 82
7663 82
7664 82
7665 82
7666 82
7667 82
7668 82
7669 82
7670 82
7671 82
7672 82
7673 82
7674 82
7675 82
7676 82
7677 82
7678 82
7679 82
7680 215
7681 82
7682 82
7683 82
7684 82
7685 82
7686 82
7687 82
7688 82
7689 82
7690 82
7691 82
7692 82
7693 82
7694 82
7695 82
7696 215
7697 82
7698 82
7699 82
7700 82
7701 82
7702 82
7703 82
7704 82
7705 82
7706 82
7707 82
7708 82
7709 82
7710 82
7711 82
7712 82
7713 82
7714 82
7715 82
7716 82
7717 82
7718 82
7719 82
7720 82
7721 82
7722 82
7723 82
7724 82
7725 82
7726 82
7727 82
7728 82
7729 82
7730 82
7731 82
7732 82
7733 82
7734 82
7735 82
7736 82
7737 82
7738 82
7739 82
7740 82
7741 215
7742 82
7743 82
7744 82
7745 82
7746 82
7747 82
7748 82
7749 82
7750 82
7751 82
7752 82
7753 82
7754 82
7755 82
7756 82
7757 82
7758 82
7759 82
7760 82
7761 82
7762 82
7763 82
7764 82
7765 82
7766 82
7767 82
7768 82
7769 82
7770 82
7771 82
7772 215
7773 82
7774 215
7775 82
7776 82
7777 82
7778 82
7779 82
7780 82
7781 82
7782 82
7783 82
7784 82
7785 82
7786 82
7787 82
7788 82
7789 82
7790 82
7791 82
7792 82
7793 82
7794 82
7795 82
7796 82
7797 82
7798 82
7799 82
7800 82
7801 82
7802 82
7803 82
7804 82
7805 82
7806 82
7807 82
7808 82
7809 82
7810 82
7811 82
7812 82
7813 82
7814 82
7815 82
7816 82
7817 82
7818 82
7819 82
7820 82
7821 82
7822 82
7823 82
7824 82
7825 82
7826 215
7827 82
7828 82
7829 82
7830 82
7831 82
7832 82
7833 82
7834 82
7835 82
7836 82
7837 82
7838 82
7839 82
7840 82
7841 82
7842 82
7843 82
7844 215
7845 82
7846 82
7847 82
7848 82
7849 82
7850 82
7851 82
7852 82
7853 82
7854 82
7855 82
7856 82
7857 82
7858 82
7859 82
7860 82
7861 82
7862 82
7863 82
7864 82
7865 82
7866 82
7867 82
7868 82
7869 82
7870 82
7871 82
7872 82
7873 82
7874 82
7875 82
7876 82
7877 82
7878 82
7879 82
7880 82
7881 82
7882 82
7883 82
7884 82
7885 82
7886 82
7887 82
7888 82
7889 82
7890 82
7891 82
7892 82
7893 82
7894 82
7895 82
7896 82
7897 82
7898 82
7899 82
7900 82
7901 82
7902 82
7903 82
7904 82
7905 215
7906 82
7907 82
7908 82
7909 82
7910 82
7911 82
7912 82
7913 82
7914 82
7915 82
7916 82
7917 82
7918 82
7919 82
7920 82
7921 82
7922 82
7923 215
7924 82
7925 82
7926 82
7927 82
7928 82
7929 82
7930 82
7931 82
7932 215
7933 215
7934 82
7935 82
7936 82
7937 82
7938 82
7939 82
7940 82
7941 82
7942 82
7943 82
7944 82
7945 82
7946 82
7947 82
7948 82
7949 82
7950 82
7951 82
7952 82
7953 82
7954 82
7955 82
7956 82
7957 82
7958 82
7959 82
7960 82
7961 82
7962 82
7963 82
7964 82
7965 82
7966 82
7967 82
7968 82
7969 82
7970 82
7971 82
7972 82
7973 215
7974 82
7975 82
7976 82
7977 65
7978 82
7979 82
7980 82
7981 82
7982 215
7983 215
7984 215
7985 215
7986 215
7987 215
7988 215
7989 215
7990 215
7991 215
7992 215
7993 215
7994 215
7995 215
7996 215
7997 215
7998 215
7999 215
8000 215
8001 215
8002 215
8003 215
8004 215
8005 215
8006 215
8007 215
8008 215
8009 215
8010 215
8011 215
8012 215
8013 215
8014 215
8015 215
8016 215
8017 215
8018 215
8019 215
8020 215
8021 215
8022 215
8023 215
8024 215
8025 215
8026 215
8027 215
8028 215
8029 215
8030 215
8031 215
8032 215
8033 215
8034 215
8035 215
8036 215
8037 215
8038 215
8039 215
8040 215
8041 215
8042 215
8043 215
8044 215
8045 215
8046 215
8047 215
8048 215
8049 215
8050 215
8051 215
8052 215
8053 215
8054 215
8055 215
8056 215
8057 82
8058 82
8059 82
8060 82
8061 82
8062 82
8063 82
8064 82
8065 82
8066 82
8067 82
8068 82
8069 82
8070 82
8071 82
8072 215
8073 82
8074 82
8075 82
8076 82
8077 82
8078 82
8079 82
8080 82
8081 82
8082 82
8083 82
8084 82
8085 82
8086 82
8087 82
8088 82
8089 82
8090 82
8091 82
8092 82
8093 82
8094 215
8095 82
8096 82
8097 82
8098 82
8099 82
8100 82
8101 82
8102 82
8103 82
8104 82
8105 82
8106 82
8107 82
8108 82
8109 82
8110 82
8111 82
8112 82
8113 82
8114 82
8115 82
8116 82
8117 82
8118 82
8119 82
8120 82
8121 82
8122 82
8123 82
8124 82
8125 82
8126 82
8127 82
8128 82
8129 82
8130 82
8131 82
8132 82
8133 82
8134 100
8135 82
8136 82
8137 82
8138 82
8139 82
8140 82
8141 82
8142 82
8143 82
8144 82
8145 82
8146 82
8147 82
8148 82
8149 82
8150 82
8151 82
8152 82
8153 82
8154 82
8155 82
8156 82
8157 82
8158 82
8159 82
8160 82
8161 82
8162 82
8163 82
8164 215
8165 82
8166 82
8167 82
8168 82
8169 82
8170 82
8171 82
8172 82
8173 82
8174 100
8175 82
8176 82
8177 215
8178 82
8179 82
8180 82
8181 82
8182 82
8183 82
8184 82
8185 82
8186 82
8187 82
8188 82
8189 82
8190 82
8191 82
8192 82
8193 82
8194 215
8195 82
8196 82
8197 82
8198 82
8199 82
8200 82
8201 82
8202 82
8203 82
8204 82
8205 82
8206 82
8207 82
8208 82
8209 82
8210 82
8211 82
8212 82
8213 82
8214 82
8215 82
8216 82
8217 82
8218 82
8219 82
8220 82
8221 82
8222 82
8223 82
8224 82
8225 82
8226 82
8227 82
8228 82
8229 82
8230 82
8231 82
8232 82
8233 82
8234 82
8235 82
8236 82
8237 82
8238 82
8239 82
8240 82
8241 82
8242 82
8243 82
8244 82
8245 82
8246 82
8247 82
8248 82
8249 82
8250 82
8251 82
8252 82
8253 82
8254 82
8255 82
8256 82
8257 215
8258 82
8259 82
8260 82
8261 215
8262 215
8263 82
8264 82
8265 82
8266 82
8267 82
8268 82
8269 82
8270 82
8271 82
8272 82
8273 82
8274 82
8275 82
8276 82
8277 82
8278 82
8279 215
8280 82
8281 82
8282 82
8283 82
8284 82
8285 82
8286 82
8287 82
8288 215
8289 82
8290 215
8291 82
8292 82
8293 82
8294 82
8295 82
8296 82
8297 82
8298 82
8299 82
8300 82
8301 82
8302 82
8303 215
8304 82
8305 215
8306 215
8307 215
8308 215
8309 82
8310 0
8311 215
8312 82
8313 82
8314 293
8315 293
8316 293
8317 215
8318 215
8319 82
8320 82
8321 82
8322 293
8323 82
8324 215
8325 215
8326 215
8327 215
8328 82
8329 82
8330 82
8331 0
8332 82
8333 82
8334 82
8335 82
8336 0
8337 82
8338 82
8339 0
8340 293
8341 82
8342 82
8343 82
8344 12
8345 82
8346 82
8347 82
8348 82
8349 82
8350 215
8351 215
8352 82
8353 82
8354 82
8355 82
8356 82
8357 82
8358 344
8359 82
8360 82
8361 82
8362 82
8363 82
8364 82
8365 82
8366 82
8367 82
8368 82
8369 82
8370 82
8371 82
8372 215
8373 215
8374 82
8375 82
8376 82
8377 82
8378 82
8379 82
8380 82
8381 82
8382 82
8383 82
8384 82
8385 82
8386 82
8387 82
8388 82
8389 82
8390 82
8391 215
8392 215
8393 215
8394 215
8395 82
8396 82
8397 82
8398 82
8399 82
8400 82
8401 82
8402 82
8403 82
8404 82
8405 82
8406 82
8407 82
8408 663
8409 82
8410 82
8411 82
8412 82
8413 82
8414 215
8415 215
8416 82
8417 82
8418 82
8419 82
8420 82
8421 82
8422 215
8423 82
8424 82
8425 82
8426 215
8427 82
8428 82
8429 314
8430 82
8431 82
8432 82
8433 82
8434 82
8435 82
8436 82
8437 82
8438 82
8439 82
8440 82
8441 82
8442 82
8443 82
8444 82
8445 82
8446 82
8447 82
8448 82
8449 82
8450 82
8451 82
8452 82
8453 82
8454 82
8455 82
8456 82
8457 215
8458 82
8459 82
8460 82
8461 82
8462 82
8463 82
8464 82
8465 82
8466 215
8467 82
8468 82
8469 82
8470 82
8471 82
8472 82
8473 82
8474 82
8475 82
8476 215
8477 215
8478 215
8479 82
8480 82
8481 82
8482 82
8483 215
8484 82
8485 82
8486 82
8487 82
8488 82
8489 215
8490 215
8491 82
8492 82
8493 82
8494 82
8495 82
8496 82
8497 215
8498 82
8499 82
8500 82
8501 82
8502 100
8503 82
8504 82
8505 82
8506 82
8507 82
8508 82
8509 82
8510 82
8511 82
8512 82
8513 82
8514 82
8515 215
8516 215
8517 82
8518 82
8519 82
8520 82
8521 82
8522 82
8523 82
8524 215
8525 82
8526 82
8527 215
8528 82
8529 82
8530 215
8531 82
8532 82
8533 82
8534 82
8535 82
8536 82
8537 82
8538 82
8539 82
8540 82
8541 82
8542 82
8543 82
8544 82
8545 82
8546 82
8547 82
8548 82
8549 82
8550 82
8551 82
8552 82
8553 5
8554 5
8555 5
8556 215
8557 215
8558 100
8559 215
8560 215
8561 82
8562 8
8563 8
8564 8
8565 100
8566 100
8567 82
8568 82
8569 82
8570 82
8571 82
8572 82
8573 82
8574 82
8575 100
8576 100
8577 82
8578 82
8579 82
8580 82
8581 82
8582 100
8583 100
8584 82
8585 100
8586 82
8587 82
8588 82
8589 82
8590 100
8591 82
8592 100
8593 82
8594 82
8595 82
8596 100
8597 100
8598 82
8599 82
8600 82
8601 82
8602 82
8603 82
8604 82
8605 82
8606 82
8607 82
8608 82
8609 82
8610 82
8611 82
8612 82
8613 82
8614 82
8615 82
8616 82
8617 82
8618 82
8619 82
8620 82
8621 82
8622 82
8623 82
8624 82
8625 82
8626 82
8627 82
8628 82
8629 82
8630 100
8631 82
8632 82
8633 82
8634 82
8635 786
8636 82
8637 82
8638 82
8639 82
8640 82
8641 100
8642 82
8643 82
8644 82
8645 82
8646 82
8647 82
8648 82
8649 82
8650 82
8651 82
8652 82
8653 82
8654 82
8655 82
8656 82
8657 82
8658 82
8659 82
8660 82
8661 82
8662 82
8663 82
8664 82
8665 82
8666 82
8667 82
8668 82
8669 82
8670 82
8671 82
8672 82
8673 82
8674 82
8675 82
8676 82
8677 82
8678 82
8679 82
8680 82
8681 82
8682 82
8683 82
8684 82
8685 82
8686 82
8687 82
8688 82
8689 82
8690 82
8691 82
8692 82
8693 82
8694 82
8695 82
8696 82
8697 82
8698 82
8699 82
8700 82
8701 82
8702 82
8703 82
8704 82
8705 82
8706 82
8707 82
8708 82
8709 82
8710 82
8711 82
8712 82
8713 82
8714 82
8715 82
8716 82
8717 82
8718 82
8719 82
8720 82
8721 82
8722 82
8723 82
8724 82
8725 82
8726 82
8727 82
8728 82
8729 82
8730 82
8731 82
8732 82
8733 82
8734 82
8735 82
8736 82
8737 82
8738 82
8739 82
8740 82
8741 82
8742 82
8743 82
8744 82
8745 82
8746 82
8747 82
8748 82
8749 82
8750 82
8751 82
8752 82
8753 82
8754 82
8755 82
8756 82
8757 82
8758 82
8759 82
8760 82
8761 82
8762 82
8763 82
8764 82
8765 82
8766 82
8767 82
8768 82
8769 82
8770 82
8771 82
8772 82
8773 82
8774 82
8775 82
8776 215
8777 82
8778 82
8779 82
8780 82
8781 82
8782 82
8783 82
8784 82
8785 82
8786 82
8787 82
8788 82
8789 82
8790 82
8791 82
8792 82
8793 16
8794 82
8795 100
8796 82
8797 82
8798 82
8799 82
8800 82
8801 82
8802 82
8803 82
8804 82
8805 82
8806 82
8807 215
8808 82
8809 82
8810 82
8811 100
8812 82
8813 82
8814 82
8815 82
8816 82
8817 82
8818 82
8819 100
8820 82
8821 82
8822 82
8823 82
8824 82
8825 82
8826 82
8827 82
8828 82
8829 82
8830 82
8831 82
8832 82
8833 215
8834 82
8835 82
8836 82
8837 82
8838 82
8839 82
8840 82
8841 82
8842 82
8843 82
8844 82
8845 100
8846 82
8847 30
8848 82
8849 82
8850 82
8851 82
8852 82
8853 82
8854 82
8855 82
8856 82
8857 82
8858 82
8859 82
8860 82
8861 100
8862 82
8863 82
8864 82
8865 82
8866 82
8867 82
8868 82
8869 100
8870 82
8871 82
8872 82
8873 82
8874 100
8875 82
8876 82
8877 82
8878 82
8879 100
8880 82
8881 82
8882 82
8883 82
8884 82
8885 100
8886 82
8887 82
8888 82
8889 82
8890 82
8891 82
8892 82
8893 82
8894 82
8895 82
8896 82
8897 82
8898 82
8899 82
8900 82
8901 82
8902 82
8903 215
8904 82
8905 82
8906 82
8907 82
8908 82
8909 82
8910 82
8911 82
8912 82
8913 82
8914 82
8915 82
8916 82
8917 82
8918 82
8919 82
8920 82
8921 82
8922 82
8923 82
8924 82
8925 82
8926 82
8927 82
8928 82
8929 82
8930 82
8931 82
8932 82
8933 82
8934 82
8935 82
8936 215
8937 215
8938 215
8939 82
8940 82
8941 82
8942 82
8943 82
8944 82
8945 82
8946 82
8947 82
8948 82
8949 82
8950 82
8951 82
8952 215
8953 215
8954 215
8955 215
8956 82
8957 82
8958 215
8959 82
8960 82
8961 61
8962 82
8963 215
8964 82
8965 82
8966 215
8967 82
8968 82
8969 82
8970 82
8971 82
8972 82
8973 82
8974 215
8975 82
8976 82
8977 82
8978 82
8979 82
8980 82
8981 82
8982 82
8983 82
8984 82
8985 82
8986 82
8987 82
8988 82
8989 82
8990 82
8991 82
8992 215
8993 82
8994 82
8995 82
8996 82
8997 82
8998 82
8999 82
9000 82
9001 82
9002 82
9003 82
9004 82
9005 82
9006 82
9007 82
9008 215
9009 82
9010 82
9011 82
9012 82
9013 215
9014 82
9015 82
9016 82
9017 82
9018 82
9019 82
9020 82
9021 82
9022 82
9023 82
9024 215
9025 82
9026 82
9027 82
9028 82
9029 82
9030 61
9031 82
9032 82
9033 82
9034 82
9035 82
9036 82
9037 82
9038 82
9039 82
9040 82
9041 82
9042 82
9043 82
9044 61
9045 82
9046 82
9047 82
9048 82
9049 215
9050 82
9051 82
9052 215
9053 82
9054 82
9055 82
9056 82
9057 82
9058 82
9059 82
9060 215
9061 215
9062 215
9063 82
9064 82
9065 215
9066 82
9067 82
9068 82
9069 82
9070 82
9071 82
9072 82
9073 82
9074 82
9075 82
9076 82
9077 82
9078 82
9079 82
9080 82
9081 82
9082 82
9083 82
9084 82
9085 82
9086 82
9087 82
9088 82
9089 82
9090 82
9091 82
9092 61
9093 82
9094 82
9095 82
9096 82
9097 82
9098 82
9099 215
9100 82
9101 82
9102 82
9103 82
9104 82
9105 82
9106 82
9107 82
9108 82
9109 82
9110 82
9111 82
9112 82
9113 82
9114 82
9115 82
9116 82
9117 82
9118 82
9119 82
9120 82
9121 82
9122 82
9123 82
9124 82
9125 82
9126 82
9127 82
9128 82
9129 215
9130 215
9131 215
9132 786
9133 215
9134 82
9135 215
9136 82
9137 100
9138 82
9139 82
9140 2
9141 82
9142 82
9143 82
9144 82
9145 82
9146 82
9147 82
9148 82
9149 82
9150 82
9151 82
9152 82
9153 82
9154 215
9155 82
9156 215
9157 82
9158 82
9159 82
9160 9
9161 9
9162 9
9163 82
9164 82
9165 82
9166 82
9167 82
9168 82
9169 82
9170 82
9171 82
9172 82
9173 82
9174 82
9175 82
9176 82
9177 82
9178 82
9179 82
9180 82
9181 82
9182 82
9183 82
9184 82
9185 82
9186 82
9187 82
9188 82
9189 82
9190 82
9191 82
9192 82
9193 82
9194 82
9195 82
9196 82
9197 82
9198 82
9199 82
9200 82
9201 82
9202 82
9203 82
9204 82
9205 82
9206 82
9207 82
9208 82
9209 82
9210 82
9211 82
9212 82
9213 82
9214 82
9215 82
9216 82
9217 82
9218 82
9219 82
9220 82
9221 82
9222 82
9223 82
9224 82
9225 82
9226 82
9227 82
9228 82
9229 82
9230 82
9231 82
9232 82
9233 82
9234 82
9235 82
9236 82
9237 82
9238 82
9239 82
9240 82
9241 82
9242 82
9243 82
9244 82
9245 82
9246 82
9247 82
9248 82
9249 82
9250 82
9251 82
9252 82
9253 82
9254 82
9255 82
9256 82
9257 82
9258 82
9259 82
9260 82
9261 82
9262 82
9263 82
9264 82
9265 82
9266 82
9267 82
9268 82
9269 82
9270 82
9271 82
9272 82
9273 82
9274 82
9275 82
9276 82
9277 82
9278 82
9279 82
9280 82
9281 82
9282 82
9283 82
9284 82
9285 82
9286 82
9287 82
9288 82
9289 82
9290 82
9291 82
9292 82
9293 82
9294 215
9295 82
9296 82
9297 82
9298 82
9299 82
9300 82
9301 82
9302 82
9303 82
9304 82
9305 82
9306 82
9307 82
9308 82
9309 82
9310 82
9311 82
9312 82
9313 82
9314 82
9315 82
9316 215
9317 82
9318 82
9319 82
9320 82
9321 82
9322 82
9323 82
9324 82
9325 82
9326 82
9327 82
9328 82
9329 82
9330 82
9331 82
9332 82
9333 82
9334 82
9335 215
9336 82
9337 82
9338 82
9339 82
9340 82
9341 82
9342 82
9343 82
9344 82
9345 82
9346 82
9347 82
9348 82
9349 82
9350 82
9351 82
9352 82
9353 82
9354 82
9355 82
9356 82
9357 844
9358 844
9359 82
9360 82
9361 844
9362 844
9363 82
9364 844
9365 82
9366 844
9367 82
9368 844
9369 100
9370 844
9371 82
9372 82
9373 82
9374 844
9375 844
9376 844
9377 844
9378 82
9379 82
9380 82
9381 82
9382 844
9383 844
9384 844
9385 844
9386 82
9387 82
9388 82
9389 844
9390 844
9391 844
9392 82
9393 844
9394 82
9395 82
9396 82
9397 844
9398 82
9399 82
9400 844
9401 82
9402 82
9403 82
9404 82
9405 82
9406 82
9407 82
9408 82
9409 82
9410 82
9411 82
9412 844
9413 82
9414 82
9415 844
9416 844
9417 844
9418 82
9419 82
9420 844
9421 844
9422 82
9423 82
9424 100
9425 82
9426 82
9427 82
9428 82
9429 82
9430 100
9431 82
9432 82
9433 844
9434 844
9435 82
9436 82
9437 82
9438 82
9439 82
9440 82
9441 82
9442 844
9443 82
9444 844
9445 82
9446 82
9447 82
9448 82
9449 844
9450 82
9451 82
9452 10
9453 82
9454 82
9455 844
9456 82
9457 82
9458 82
9459 82
9460 82
9461 82
9462 82
9463 10
9464 10
9465 82
9466 82
9467 82
9468 82
9469 82
9470 82
9471 82
9472 82
9473 82
9474 82
9475 82
9476 82
9477 82
9478 82
9479 82
9480 82
9481 82
9482 82
9483 82
9484 82
9485 82
9486 82
9487 82
9488 82
9489 82
9490 82
9491 82
9492 82
9493 82
9494 82
9495 82
9496 82
9497 82
9498 82
9499 82
9500 215
9501 215
9502 82
9503 82
9504 215
9505 11
9506 11
9507 82
9508 82
9509 82
9510 82
9511 82
9512 82
9513 82
9514 82
9515 82
9516 82
9517 82
9518 82
9519 82
9520 82
9521 82
9522 82
9523 82
9524 82
9525 82
9526 82
9527 82
9528 82
9529 82
9530 82
9531 82
9532 82
9533 82
9534 82
9535 82
9536 82
9537 82
9538 82
9539 82
9540 82
9541 82
9542 82
9543 82
9544 82
9545 82
9546 82
9547 82
9548 82
9549 82
9550 82
9551 82
9552 82
9553 82
9554 82
9555 82
9556 82
9557 82
9558 82
9559 82
9560 82
9561 82
9562 82
9563 82
9564 82
9565 82
9566 82
9567 215
9568 82
9569 82
9570 82
9571 82
9572 82
9573 82
9574 82
9575 82
9576 82
9577 82
9578 82
9579 82
9580 82
9581 82
9582 82
9583 82
9584 82
9585 82
9586 82
9587 82
9588 82
9589 82
9590 82
9591 82
9592 82
9593 82
9594 82
9595 82
9596 82
9597 82
9598 82
9599 82
9600 82
9601 82
9602 82
9603 82
9604 82
9605 82
9606 82
9607 82
9608 82
9609 82
9610 82
9611 82
9612 82
9613 82
9614 82
9615 82
9616 82
9617 82
9618 82
9619 82
9620 82
9621 82
9622 82
9623 82
9624 82
9625 82
9626 82
9627 82
9628 82
9629 82
9630 82
9631 82
9632 82
9633 82
9634 82
9635 82
9636 82
9637 82
9638 82
9639 82
9640 82
9641 82
9642 82
9643 82
9644 82
9645 82
9646 82
9647 82
9648 82
9649 82
9650 82
9651 82
9652 12
9653 12
9654 12
9655 12
9656 12
9657 12
9658 12
9659 12
9660 12
9661 12
9662 12
9663 12
9664 12
9665 12
9666 12
9667 12
9668 12
9669 12
9670 12
9671 12
9672 12
9673 12
9674 12
9675 12
9676 12
9677 12
9678 12
9679 12
9680 12
9681 12
9682 12
9683 12
9684 12
9685 12
9686 12
9687 12
9688 12
9689 12
9690 12
9691 12
9692 12
9693 12
9694 12
9695 12
9696 12
9697 12
9698 12
9699 12
9700 12
9701 12
9702 12
9703 12
9704 12
9705 12
9706 12
9707 12
9708 12
9709 12
9710 12
9711 12
9712 12
9713 12
9714 12
9715 12
9716 12
9717 12
9718 12
9719 12
9720 12
9721 12
9722 12
9723 12
9724 12
9725 12
9726 12
9727 12
9728 12
9729 12
9730 12
9731 12
9732 12
9733 12
9734 12
9735 12
9736 12
9737 12
9738 12
9739 12
9740 12
9741 12
9742 12
9743 12
9744 12
9745 12
9746 12
9747 12
9748 12
9749 12
9750 12
9751 215
9752 215
9753 215
9754 215
9755 82
9756 82
9757 82
9758 82
9759 82
9760 82
9761 82
9762 82
9763 82
9764 82
9765 82
9766 82
9767 82
9768 82
9769 82
9770 82
9771 82
9772 82
9773 82
9774 82
9775 100
9776 82
9777 82
9778 82
9779 82
9780 82
9781 82
9782 100
9783 82
9784 13
9785 13
9786 82
9787 82
9788 100
9789 82
9790 82
9791 82
9792 82
9793 13
9794 82
9795 82
9796 82
9797 82
9798 82
9799 82
9800 82
9801 82
9802 82
9803 82
9804 82
9805 82
9806 82
9807 82
9808 82
9809 82
9810 82
9811 82
9812 82
9813 82
9814 82
9815 82
9816 82
9817 82
9818 82
9819 82
9820 82
9821 82
9822 82
9823 82
9824 82
9825 82
9826 215
9827 82
9828 82
9829 44
9830 82
9831 82
9832 82
9833 82
9834 82
9835 100
9836 82
9837 82
9838 82
9839 100
9840 82
9841 82
9842 82
9843 82
9844 82
9845 82
9846 82
9847 82
9848 215
9849 82
9850 100
9851 82
9852 82
9853 82
9854 82
9855 82
9856 82
9857 82
9858 82
9859 82
9860 82
9861 100
9862 215
9863 215
9864 82
9865 82
9866 82
9867 215
9868 82
9869 215
9870 215
9871 82
9872 82
9873 82
9874 82
9875 82
9876 82
9877 82
9878 82
9879 82
9880 82
9881 82
9882 82
9883 82
9884 82
9885 82
9886 82
9887 82
9888 82
9889 82
9890 82
9891 215
9892 82
9893 82
9894 82
9895 82
9896 82
9897 82
9898 215
9899 82
9900 82
9901 82
9902 82
9903 82
9904 82
9905 82
9906 82
9907 215
9908 82
9909 82
9910 82
9911 82
9912 82
9913 82
9914 82
9915 82
9916 82
9917 82
9918 82
9919 82
9920 100
9921 215
9922 82
9923 82
9924 82
9925 82
9926 82
9927 82
9928 82
9929 82
9930 82
9931 215
9932 887
9933 887
9934 100
9935 82
9936 82
9937 100
9938 82
9939 82
9940 215
9941 886
9942 82
9943 82
9944 82
9945 82
9946 82
9947 890
9948 82
9949 82
9950 82
9951 888
9952 82
9953 215
9954 887
9955 82
9956 82
9957 895
9958 82
9959 82
9960 82
9961 82
9962 887
9963 82
9964 82
9965 82
9966 82
9967 82
9968 100
9969 82
9970 82
9971 82
9972 82
9973 82
9974 100
9975 82
9976 82
9977 82
9978 82
9979 82
9980 82
9981 82
9982 82
9983 82
9984 82
9985 82
9986 82
9987 82
9988 82
9989 82
9990 82
9991 82
9992 82
9993 82
9994 82
9995 82
9996 82
9997 82
9998 82
9999 82
10000 82
10001 82
10002 82
10003 82
10004 82
10005 82
10006 82
10007 82
10008 82
10009 100
10010 100
10011 887
10012 82
10013 82
10014 215
10015 82
10016 82
10017 82
10018 82
10019 82
10020 82
10021 82
10022 82
10023 215
10024 82
10025 82
10026 82
10027 82
10028 82
10029 82
10030 82
10031 215
10032 215
10033 82
10034 82
10035 82
10036 82
10037 82
10038 215
10039 82
10040 215
10041 82
10042 82
10043 215
10044 82
10045 82
10046 82
10047 82
10048 82
10049 82
10050 215
10051 215
10052 82
10053 82
10054 82
10055 82
10056 82
10057 82
10058 82
10059 82
10060 82
10061 215
10062 82
10063 82
10064 215
10065 215
10066 82
10067 215
10068 82
10069 215
10070 82
10071 82
10072 82
10073 215
10074 82
10075 82
10076 82
10077 82
10078 82
10079 215
10080 215
10081 215
10082 82
10083 82
10084 215
10085 82
10086 82
10087 82
10088 82
10089 82
10090 82
10091 82
10092 82
10093 82
10094 82
10095 82
10096 215
10097 82
10098 82
10099 82
10100 82
10101 82
10102 82
10103 82
10104 215
10105 82
10106 215
10107 215
10108 215
10109 82
10110 82
10111 82
10112 82
10113 82
10114 82
10115 82
10116 82
10117 82
10118 82
10119 82
10120 82
10121 82
10122 82
10123 82
10124 82
10125 82
10126 82
10127 82
10128 82
10129 82
10130 82
10131 82
10132 82
10133 82
10134 82
10135 82
10136 82
10137 82
10138 82
10139 82
10140 82
10141 82
10142 82
10143 82
10144 82
10145 82
10146 82
10147 82
10148 82
10149 82
10150 82
10151 82
10152 82
10153 82
10154 82
10155 215
10156 82
10157 82
10158 82
10159 82
10160 82
10161 82
10162 82
10163 82
10164 82
10165 82
10166 82
10167 82
10168 82
10169 82
10170 82
10171 82
10172 82
10173 82
10174 82
10175 82
10176 82
10177 82
10178 82
10179 82
10180 82
10181 82
10182 82
10183 82
10184 82
10185 215
10186 215
10187 82
10188 82
10189 82
10190 82
10191 82
10192 82
10193 82
10194 82
10195 100
10196 82
10197 82
10198 82
10199 100
10200 82
10201 82
10202 82
10203 82
10204 82
10205 215
10206 82
10207 82
10208 82
10209 82
10210 82
10211 82
10212 82
10213 82
10214 82
10215 82
10216 82
10217 82
10218 82
10219 82
10220 82
10221 82
10222 82
10223 82
10224 82
10225 82
10226 82
10227 82
10228 82
10229 82
10230 82
10231 82
10232 82
10233 82
10234 82
10235 82
10236 82
10237 82
10238 82
10239 82
10240 82
10241 215
10242 215
10243 215
10244 215
10245 215
10246 215
10247 215
10248 215
10249 215
10250 215
10251 82
10252 82
10253 82
10254 82
10255 82
10256 82
10257 82
10258 215
10259 82
10260 82
10261 82
10262 82
10263 82
10264 82
10265 82
10266 82
10267 82
10268 82
10269 82
10270 82
10271 100
10272 82
10273 82
10274 82
10275 82
10276 82
10277 82
10278 100
10279 82
10280 100
10281 82
10282 82
10283 82
10284 82
10285 82
10286 82
10287 82
10288 82
10289 82
10290 82
10291 82
10292 82
10293 82
10294 82
10295 82
10296 82
10297 82
10298 82
10299 82
10300 82
10301 82
10302 82
10303 215
10304 82
10305 215
10306 82
10307 82
10308 82
10309 82
10310 82
10311 82
10312 82
10313 82
10314 82
10315 82
10316 215
10317 82
10318 215
10319 82
10320 82
10321 82
10322 82
10323 82
10324 82
10325 82
10326 82
10327 82
10328 82
10329 82
10330 82
10331 82
10332 82
10333 82
10334 215
10335 82
10336 82
10337 82
10338 82
10339 82
10340 82
10341 82
10342 82
10343 82
10344 82
10345 82
10346 82
10347 82
10348 82
10349 82
10350 82
10351 82
10352 82
10353 215
10354 215
10355 82
10356 82
10357 82
10358 82
10359 82
10360 82
10361 82
10362 82
10363 82
10364 82
10365 82
10366 82
10367 82
10368 82
10369 100
10370 82
10371 82
10372 82
10373 82
10374 82
10375 82
10376 82
10377 82
10378 82
10379 82
10380 82
10381 82
10382 82
10383 82
10384 82
10385 82
10386 82
10387 82
10388 82
10389 82
10390 82
10391 82
10392 82
10393 82
10394 82
10395 82
10396 82
10397 82
10398 82
10399 82
10400 82
10401 82
10402 82
10403 82
10404 82
10405 82
10406 82
10407 82
10408 82
10409 215
10410 82
10411 82
10412 82
10413 82
10414 82
10415 82
10416 82
10417 82
10418 82
10419 82
10420 82
10421 82
10422 82
10423 82
10424 82
10425 82
10426 82
10427 82
10428 82
10429 82
10430 82
10431 82
10432 82
10433 82
10434 82
10435 82
10436 82
10437 82
10438 82
10439 82
10440 82
10441 82
10442 82
10443 82
10444 82
10445 82
10446 82
10447 82
10448 82
10449 82
10450 82
10451 82
10452 82
10453 82
10454 82
10455 82
10456 215
10457 82
10458 82
10459 82
10460 82
10461 82
10462 82
10463 82
10464 82
10465 82
10466 82
10467 82
10468 82
10469 82
10470 82
10471 82
10472 82
10473 82
10474 82
10475 82
10476 82
10477 82
10478 82
10479 82
10480 82
10481 82
10482 82
10483 82
10484 82
10485 82
10486 82
10487 82
10488 82
10489 82
10490 82
10491 82
10492 82
10493 82
10494 82
10495 82
10496 82
10497 82
10498 82
10499 215
10500 82
10501 82
10502 82
10503 82
10504 82
10505 82
10506 82
10507 82
10508 82
10509 82
10510 82
10511 82
10512 82
10513 82
10514 82
10515 82
10516 82
10517 82
10518 82
10519 82
10520 82
10521 82
10522 82
10523 82
10524 82
10525 82
10526 82
10527 82
10528 82
10529 82
10530 82
10531 82
10532 82
10533 82
10534 82
10535 82
10536 82
10537 82
10538 82
10539 82
10540 82
10541 82
10542 82
10543 82
10544 82
10545 215
10546 82
10547 82
10548 82
10549 82
10550 82
10551 82
10552 82
10553 82
10554 82
10555 82
10556 82
10557 215
10558 82
10559 82
10560 82
10561 82
10562 82
10563 82
10564 82
10565 82
10566 82
10567 82
10568 82
10569 82
10570 82
10571 215
10572 82
10573 82
10574 82
10575 82
10576 82
10577 82
10578 82
10579 82
10580 82
10581 82
10582 82
10583 82
10584 82
10585 82
10586 82
10587 82
10588 82
10589 82
10590 82
10591 82
10592 100
10593 82
10594 82
10595 82
10596 82
10597 82
10598 82
10599 82
10600 82
10601 82
10602 82
10603 82
10604 82
10605 82
10606 82
10607 82
10608 82
10609 215
10610 82
10611 82
10612 82
10613 82
10614 82
10615 82
10616 82
10617 82
10618 82
10619 82
10620 82
10621 82
10622 82
10623 215
10624 215
10625 82
10626 82
10627 82
10628 82
10629 82
10630 82
10631 82
10632 82
10633 82
10634 82
10635 82
10636 82
10637 82
10638 82
10639 82
10640 82
10641 82
10642 82
10643 82
10644 82
10645 82
10646 82
10647 82
10648 82
10649 82
10650 82
10651 0
10652 0
10653 82
10654 215
10655 82
10656 82
10657 82
10658 82
10659 82
10660 82
10661 82
10662 82
10663 82
10664 82
10665 82
10666 82
10667 215
10668 82
10669 82
10670 82
10671 215
10672 82
10673 82
10674 82
10675 82
10676 82
10677 82
10678 82
10679 82
10680 82
10681 82
10682 215
10683 82
10684 82
10685 82
10686 82
10687 82
10688 82
10689 82
10690 82
10691 82
10692 82
10693 82
10694 82
10695 82
10696 82
10697 82
10698 82
10699 82
10700 828
10701 82
10702 82
10703 82
10704 82
10705 82
10706 82
10707 82
10708 82
10709 82
10710 0
10711 82
10712 82
10713 82
10714 82
10715 82
10716 82
10717 82
10718 82
10719 82
10720 82
10721 82
10722 82
10723 82
10724 82
10725 82
10726 82
10727 82
10728 82
10729 82
10730 82
10731 82
10732 82
10733 82
10734 82
10735 82
10736 82
10737 82
10738 82
10739 82
10740 82
10741 82
10742 82
10743 82
10744 82
10745 82
10746 82
10747 82
10748 82
10749 82
10750 82
10751 82
10752 82
10753 82
10754 82
10755 82
10756 82
10757 82
10758 82
10759 82
10760 82
10761 829
10762 82
10763 82
10764 82
10765 82
10766 82
10767 82
10768 82
10769 82
10770 82
10771 215
10772 215
10773 215
10774 215
10775 215
10776 215
10777 215
10778 215
10779 215
10780 82
10781 215
10782 215
10783 215
10784 215
10785 215
10786 82
10787 215
10788 215
10789 215
10790 215
10791 82
10792 82
10793 82
10794 215
10795 82
10796 82
10797 82
10798 82
10799 82
10800 82
10801 82
10802 82
10803 82
10804 82
10805 82
10806 82
10807 82
10808 82
10809 82
10810 82
10811 82
10812 82
10813 82
10814 82
10815 215
10816 215
10817 215
10818 215
10819 215
10820 215
10821 215
10822 215
10823 215
10824 215
10825 215
10826 215
10827 215
10828 215
10829 215
10830 82
10831 215
10832 215
10833 215
10834 82
10835 215
10836 215
10837 215
10838 215
10839 82
10840 215
10841 215
10842 215
10843 215
10844 215
10845 215
10846 215
10847 215
10848 215
10849 215
10850 215
10851 215
10852 215
10853 215
10854 215
10855 82
10856 82
10857 82
10858 82
10859 82
10860 82
10861 82
10862 82
10863 215
10864 82
10865 82
10866 82
10867 82
10868 215
10869 82
10870 82
10871 82
10872 215
10873 82
10874 82
10875 82
10876 82
10877 215
10878 82
10879 82
10880 82
10881 215
10882 215
10883 82
10884 82
10885 82
10886 215
10887 82
10888 215
10889 215
10890 215
10891 82
10892 215
10893 215
10894 215
10895 82
10896 82
10897 215
10898 215
10899 215
10900 215
10901 82
10902 215
10903 82
10904 82
10905 82
10906 82
10907 82
10908 82
10909 82
10910 82
10911 82
10912 82
10913 82
10914 82
10915 82
10916 82
10917 82
10918 82
10919 82
10920 82
10921 82
10922 82
10923 82
10924 82
10925 82
10926 82
10927 82
10928 82
10929 82
10930 82
10931 82
10932 82
10933 82
10934 82
10935 82
10936 82
10937 215
10938 215
10939 82
10940 82
10941 215
10942 82
10943 82
10944 82
10945 82
10946 82
10947 82
10948 82
10949 215
10950 82
10951 82
10952 82
10953 82
10954 82
10955 82
10956 82
10957 82
10958 82
10959 82
10960 82
10961 82
10962 82
10963 82
10964 82
10965 82
10966 82
10967 82
10968 100
10969 82
10970 82
10971 82
10972 82
10973 82
10974 82
10975 82
10976 82
10977 82
10978 82
10979 82
10980 82
10981 82
10982 82
10983 215
10984 82
10985 215
10986 82
10987 82
10988 82
10989 82
10990 82
10991 82
10992 82
10993 82
10994 82
10995 82
10996 82
10997 82
10998 82
10999 82
11000 82
11001 82
11002 215
11003 82
11004 82
11005 82
11006 82
11007 82
11008 82
11009 82
11010 82
11011 82
11012 82
11013 82
11014 82
11015 82
11016 82
11017 82
11018 82
11019 82
11020 82
11021 215
11022 82
11023 82
11024 82
11025 82
11026 82
11027 82
11028 82
11029 82
11030 82
11031 215
11032 82
11033 82
11034 82
11035 82
11036 82
11037 82
11038 82
11039 82
11040 82
11041 215
11042 215
11043 215
11044 215
11045 82
11046 82
11047 82
11048 82
11049 82
11050 82
11051 82
11052 82
11053 82
11054 82
11055 82
11056 82
11057 82
11058 82
11059 82
11060 82
11061 82
11062 82
11063 82
11064 82
11065 82
11066 82
11067 82
11068 82
11069 82
11070 82
11071 82
11072 82
11073 82
11074 82
11075 82
11076 82
11077 82
11078 82
11079 82
11080 82
11081 82
11082 82
11083 82
11084 82
11085 82
11086 82
11087 82
11088 82
11089 82
11090 82
11091 82
11092 82
11093 82
11094 82
11095 82
11096 82
11097 215
11098 215
11099 215
11100 82
11101 215
11102 215
11103 82
11104 82
11105 82
11106 82
11107 82
11108 82
11109 82
11110 215
11111 215
11112 215
11113 82
11114 82
11115 82
11116 82
11117 82
11118 82
11119 82
11120 82
11121 82
11122 82
11123 82
11124 82
11125 82
11126 82
11127 82
11128 82
11129 215
11130 82
11131 82
11132 82
11133 82
11134 82
11135 100
11136 100
11137 100
11138 82
11139 82
11140 82
11141 82
11142 82
11143 82
11144 82
11145 82
11146 82
11147 82
11148 82
11149 215
11150 82
11151 82
11152 82
11153 82
11154 82
11155 100
11156 82
11157 82
11158 100
11159 82
11160 82
11161 215
11162 82
11163 82
11164 82
11165 82
11166 82
11167 82
11168 82
11169 82
11170 82
11171 82
11172 82
11173 82
11174 82
11175 82
11176 100
11177 100
11178 82
11179 82
11180 82
11181 82
11182 82
11183 82
11184 82
11185 943
11186 215
11187 82
11188 82
11189 82
11190 82
11191 82
11192 82
11193 82
11194 82
11195 82
11196 82
11197 82
11198 82
11199 82
11200 82
11201 82
11202 82
11203 82
11204 82
11205 82
11206 2
11207 82
11208 82
11209 82
11210 82
11211 82
11212 82
11213 215
11214 82
11215 82
11216 82
11217 215
11218 82
11219 82
11220 82
11221 82
11222 82
11223 82
11224 82
11225 82
11226 82
11227 82
11228 82
11229 82
11230 82
11231 82
11232 82
11233 215
11234 82
11235 82
11236 82
11237 82
11238 82
11239 215
11240 215
11241 82
11242 82
11243 82
11244 82
11245 82
11246 82
11247 82
11248 82
11249 82
11250 82
11251 215
11252 82
11253 82
11254 82
11255 82
11256 82
11257 14
11258 14
11259 14
11260 82
11261 82
11262 82
11263 82
11264 82
11265 82
11266 82
11267 82
11268 82
11269 82
11270 82
11271 82
11272 82
11273 82
11274 82
11275 82
11276 82
11277 82
11278 82
11279 82
11280 82
11281 82
11282 82
11283 82
11284 82
11285 82
11286 215
11287 82
11288 82
11289 82
11290 82
11291 82
11292 82
11293 82
11294 82
11295 82
11296 82
11297 82
11298 82
11299 82
11300 82
11301 82
11302 82
11303 82
11304 82
11305 82
11306 82
11307 82
11308 82
11309 82
11310 82
11311 82
11312 82
11313 82
11314 82
11315 82
11316 82
11317 82
11318 82
11319 82
11320 82
11321 82
11322 82
11323 82
11324 82
11325 82
11326 82
11327 82
11328 82
11329 82
11330 82
11331 82
11332 82
11333 82
11334 82
11335 82
11336 82
11337 82
11338 82
11339 82
11340 82
11341 82
11342 82
11343 82
11344 82
11345 82
11346 215
11347 82
11348 82
11349 82
11350 82
11351 82
11352 82
11353 82
11354 82
11355 82
11356 82
11357 82
11358 82
11359 82
11360 82
11361 82
11362 82
11363 82
11364 82
11365 82
11366 82
11367 82
11368 82
11369 82
11370 82
11371 82
11372 82
11373 82
11374 82
11375 82
11376 82
11377 82
11378 82
11379 82
11380 82
11381 82
11382 82
11383 82
11384 82
11385 82
11386 82
11387 82
11388 82
11389 82
11390 82
11391 82
11392 82
11393 82
11394 82
11395 82
11396 82
11397 82
11398 82
11399 82
11400 82
11401 82
11402 82
11403 82
11404 82
11405 82
11406 82
11407 82
11408 82
11409 82
11410 786
11411 82
11412 82
11413 82
11414 82
11415 82
11416 82
11417 82
11418 82
11419 82
11420 82
11421 82
11422 82
11423 82
11424 82
11425 82
11426 82
11427 82
11428 82
11429 82
11430 786
11431 82
11432 82
11433 82
11434 82
11435 82
11436 82
11437 786
11438 82
11439 82
11440 82
11441 82
11442 82
11443 82
11444 82
11445 82
11446 82
11447 82
11448 82
11449 82
11450 82
11451 82
11452 82
11453 82
11454 82
11455 82
11456 82
11457 82
11458 82
11459 82
11460 82
11461 82
11462 82
11463 82
11464 82
11465 82
11466 82
11467 82
11468 82
11469 82
11470 82
11471 82
11472 82
11473 82
11474 82
11475 82
11476 82
11477 82
11478 82
11479 82
11480 82
11481 82
11482 82
11483 82
11484 82
11485 82
11486 82
11487 82
11488 82
11489 82
11490 82
11491 82
11492 82
11493 82
11494 96
11495 82
11496 82
11497 82
11498 82
11499 82
11500 82
11501 82
11502 82
11503 82
11504 82
11505 82
11506 82
11507 82
11508 82
11509 82
11510 82
11511 324
11512 82
11513 82
11514 82
11515 82
11516 82
11517 82
11518 82
11519 82
11520 82
11521 82
11522 215
11523 82
11524 82
11525 82
11526 82
11527 82
11528 82
11529 82
11530 82
11531 82
11532 82
11533 82
11534 82
11535 82
11536 82
11537 82
11538 82
11539 82
11540 82
11541 82
11542 82
11543 82
11544 82
11545 82
11546 82
11547 82
11548 82
11549 82
11550 82
11551 82
11552 82
11553 82
11554 82
11555 82
11556 82
11557 82
11558 82
11559 82
11560 82
11561 82
11562 82
11563 321
11564 82
11565 82
11566 82
11567 82
11568 82
11569 82
11570 82
11571 82
11572 82
11573 82
11574 82
11575 82
11576 82
11577 82
11578 82
11579 82
11580 82
11581 82
11582 82
11583 82
11584 82
11585 82
11586 82
11587 82
11588 82
11589 82
11590 82
11591 82
11592 82
11593 82
11594 82
11595 82
11596 82
11597 82
11598 215
11599 82
11600 82
11601 82
11602 82
11603 82
11604 82
11605 82
11606 82
11607 82
11608 82
11609 82
11610 82
11611 82
11612 82
11613 82
11614 82
11615 82
11616 82
11617 82
11618 82
11619 82
11620 82
11621 100
11622 82
11623 82
11624 82
11625 82
11626 82
11627 82
11628 82
11629 82
11630 82
11631 215
11632 82
11633 82
11634 215
11635 215
11636 82
11637 215
11638 82
11639 82
11640 82
11641 82
11642 82
11643 82
11644 82
11645 82
11646 82
11647 82
11648 82
11649 82
11650 82
11651 82
11652 82
11653 82
11654 82
11655 82
11656 82
11657 82
11658 82
11659 82
11660 82
11661 82
11662 82
11663 82
11664 82
11665 82
11666 215
11667 215
11668 82
11669 215
11670 82
11671 82
11672 82
11673 82
11674 82
11675 82
11676 82
11677 82
11678 82
11679 215
11680 215
11681 82
11682 82
11683 82
11684 15
11685 15
11686 82
11687 82
11688 82
11689 82
11690 82
11691 82
11692 82
11693 82
11694 65
11695 82
11696 82
11697 82
11698 82
11699 82
11700 82
11701 82
11702 82
11703 82
11704 82
11705 82
11706 82
11707 82
11708 82
11709 82
11710 82
11711 82
11712 82
11713 82
11714 82
11715 82
11716 82
11717 82
11718 82
11719 82
11720 82
11721 100
11722 100
11723 100
11724 100
11725 100
11726 100
11727 100
11728 82
11729 100
11730 100
11731 100
11732 215
11733 100
11734 100
11735 100
11736 100
11737 100
11738 100
11739 100
11740 100
11741 100
11742 100
11743 100
11744 82
11745 82
11746 82
11747 82
11748 16
11749 16
11750 16
11751 16
11752 16
11753 82
11754 82
11755 82
11756 82
11757 82
11758 82
11759 82
11760 82
11761 82
11762 834
11763 82
11764 82
11765 952
11766 82
11767 82
11768 82
11769 834
11770 82
11771 82
11772 82
11773 834
11774 82
11775 82
11776 82
11777 82
11778 82
11779 82
11780 82
11781 82
11782 82
11783 82
11784 82
11785 82
11786 82
11787 82
11788 82
11789 82
11790 82
11791 82
11792 834
11793 82
11794 215
11795 82
11796 82
11797 82
11798 82
11799 82
11800 82
11801 82
11802 82
11803 82
11804 82
11805 82
11806 82
11807 82
11808 82
11809 82
11810 82
11811 82
11812 100
11813 100
11814 82
11815 82
11816 0
11817 0
11818 0
11819 0
11820 0
11821 0
11822 0
11823 0
11824 0
11825 82
11826 0
11827 82
11828 0
11829 0
11830 0
11831 0
11832 0
11833 0
11834 82
11835 82
11836 82
11837 0
11838 0
11839 0
11840 0
11841 0
11842 0
11843 0
11844 0
11845 0
11846 0
11847 0
11848 0
11849 0
11850 0
11851 0
11852 0
11853 0
11854 0
11855 0
11856 0
11857 0
11858 0
11859 0
11860 0
11861 0
11862 0
11863 82
11864 82
11865 0
11866 0
11867 0
11868 215
11869 0
11870 0
11871 0
11872 0
11873 0
11874 0
11875 0
11876 0
11877 0
11878 82
11879 82
11880 0
11881 0
11882 0
11883 0
11884 0
11885 0
11886 0
11887 82
11888 0
11889 0
11890 215
11891 215
11892 0
11893 0
11894 0
11895 0
11896 0
11897 0
11898 0
11899 0
11900 0
11901 0
11902 0
11903 0
11904 82
11905 0
11906 0
11907 0
11908 0
11909 0
11910 0
11911 0
11912 0
11913 0
11914 0
11915 0
11916 0
11917 0
11918 0
11919 0
11920 82
11921 82
11922 82
11923 82
11924 82
11925 82
11926 82
11927 82
11928 82
11929 82
11930 82
11931 82
11932 82
11933 82
11934 215
11935 82
11936 82
11937 82
11938 82
11939 82
11940 82
11941 82
11942 82
11943 82
11944 82
11945 82
11946 82
11947 82
11948 82
11949 82
11950 82
11951 82
11952 82
11953 82
11954 82
11955 82
11956 82
11957 82
11958 82
11959 82
11960 82
11961 82
11962 82
11963 82
11964 82
11965 82
11966 82
11967 82
11968 215
11969 215
11970 82
11971 82
11972 82
11973 82
11974 82
11975 82
11976 82
11977 82
11978 82
11979 82
11980 82
11981 82
11982 82
11983 82
11984 82
11985 215
11986 82
11987 82
11988 82
11989 82
11990 82
11991 215
11992 82
11993 82
11994 82
11995 82
11996 82
11997 82
11998 82
11999 215
12000 215
12001 82
12002 82
12003 82
12004 82
12005 82
12006 82
12007 82
12008 82
12009 82
12010 82
12011 82
12012 82
12013 0
12014 0
12015 0
12016 82
12017 82
12018 82
12019 82
12020 82
12021 82
12022 82
12023 82
12024 82
12025 82
12026 215
12027 82
12028 82
12029 82
12030 82
12031 82
12032 82
12033 82
12034 82
12035 82
12036 215
12037 82
12038 82
12039 82
12040 82
12041 821
12042 82
12043 82
12044 82
12045 82
12046 82
12047 82
12048 82
12049 82
12050 82
12051 82
12052 82
12053 82
12054 82
12055 82
12056 82
12057 82
12058 82
12059 82
12060 82
12061 82
12062 82
12063 215
12064 215
12065 215
12066 82
12067 82
12068 82
12069 82
12070 82
12071 82
12072 82
12073 82
12074 82
12075 82
12076 82
12077 82
12078 82
12079 82
12080 82
12081 82
12082 82
12083 82
12084 82
12085 82
12086 82
12087 82
12088 82
12089 82
12090 82
12091 82
12092 82
12093 82
12094 82
12095 82
12096 82
12097 82
12098 82
12099 82
12100 82
12101 82
12102 82
12103 82
12104 82
12105 82
12106 82
12107 82
12108 82
12109 82
12110 82
12111 82
12112 82
12113 82
12114 82
12115 82
12116 82
12117 82
12118 82
12119 82
12120 82
12121 82
12122 82
12123 82
12124 82
12125 82
12126 82
12127 82
12128 82
12129 82
12130 82
12131 82
12132 82
12133 82
12134 82
12135 82
12136 82
12137 82
12138 82
12139 82
12140 82
12141 82
12142 82
12143 82
12144 82
12145 82
12146 82
12147 82
12148 82
12149 82
12150 82
12151 82
12152 82
12153 82
12154 82
12155 82
12156 82
12157 82
12158 82
12159 82
12160 82
12161 82
12162 82
12163 82
12164 82
12165 82
12166 82
12167 82
12168 82
12169 82
12170 82
12171 82
12172 82
12173 82
12174 82
12175 82
12176 82
12177 82
12178 82
12179 82
12180 82
12181 82
12182 215
12183 215
12184 215
12185 82
12186 82
12187 82
12188 82
12189 82
12190 82
12191 82
12192 82
12193 82
12194 82
12195 82
12196 82
12197 82
12198 82
12199 82
12200 82
12201 82
12202 82
12203 82
12204 82
12205 82
12206 82
12207 82
12208 82
12209 82
12210 82
12211 82
12212 82
12213 82
12214 82
12215 82
12216 215
12217 82
12218 82
12219 82
12220 82
12221 82
12222 82
12223 82
12224 82
12225 82
12226 82
12227 82
12228 82
12229 82
12230 82
12231 82
12232 82
12233 82
12234 82
12235 82
12236 82
12237 82
12238 82
12239 82
12240 82
12241 82
12242 82
12243 82
12244 82
12245 82
12246 82
12247 82
12248 82
12249 82
12250 82
12251 82
12252 82
12253 82
12254 82
12255 82
12256 82
12257 82
12258 82
12259 82
12260 82
12261 82
12262 82
12263 215
12264 82
12265 82
12266 82
12267 82
12268 82
12269 82
12270 82
12271 82
12272 82
12273 82
12274 82
12275 215
12276 82
12277 215
12278 82
12279 82
12280 82
12281 82
12282 82
12283 82
12284 82
12285 82
12286 82
12287 82
12288 82
12289 82
12290 82
12291 82
12292 82
12293 82
12294 82
12295 82
12296 82
12297 82
12298 82
12299 82
12300 82
12301 82
12302 82
12303 82
12304 82
12305 82
12306 82
12307 82
12308 82
12309 82
12310 82
12311 82
12312 82
12313 82
12314 82
12315 82
12316 82
12317 82
12318 100
12319 82
12320 82
12321 82
12322 82
12323 82
12324 82
12325 82
12326 82
12327 82
12328 82
12329 82
12330 82
12331 82
12332 82
12333 82
12334 82
12335 82
12336 82
12337 82
12338 82
12339 82
12340 82
12341 82
12342 82
12343 82
12344 82
12345 82
12346 82
12347 82
12348 82
12349 82
12350 215
12351 215
12352 82
12353 82
12354 215
12355 215
12356 215
12357 82
12358 82
12359 82
12360 215
12361 82
12362 215
12363 82
12364 82
12365 82
12366 82
12367 82
12368 82
12369 82
12370 82
12371 82
12372 82
12373 82
12374 82
12375 82
12376 82
12377 82
12378 82
12379 82
12380 82
12381 82
12382 82
12383 82
12384 82
12385 82
12386 82
12387 82
12388 82
12389 82
12390 82
12391 82
12392 82
12393 82
12394 82
12395 82
12396 82
12397 82
12398 82
12399 82
12400 82
12401 82
12402 82
12403 82
12404 82
12405 82
12406 82
12407 82
12408 82
12409 82
12410 82
12411 82
12412 82
12413 82
12414 82
12415 82
12416 82
12417 82
12418 82
12419 82
12420 82
12421 82
12422 82
12423 82
12424 82
12425 82
12426 82
12427 82
12428 82
12429 82
12430 82
12431 82
12432 82
12433 82
12434 82
12435 82
12436 82
12437 82
12438 82
12439 82
12440 82
12441 82
12442 82
12443 82
12444 82
12445 82
12446 82
12447 82
12448 82
12449 82
12450 82
12451 82
12452 82
12453 82
12454 82
12455 82
12456 82
12457 82
12458 82
12459 82
12460 82
12461 82
12462 82
12463 82
12464 82
12465 82
12466 82
12467 82
12468 82
12469 82
12470 82
12471 82
12472 82
12473 82
12474 0
12475 82
12476 82
12477 82
12478 82
12479 82
12480 82
12481 82
12482 82
12483 82
12484 82
12485 82
12486 82
12487 82
12488 82
12489 82
12490 82
12491 82
12492 82
12493 82
12494 82
12495 82
12496 82
12497 82
12498 82
12499 82
12500 82
12501 82
12502 82
12503 82
12504 82
12505 82
12506 82
12507 82
12508 82
12509 82
12510 82
12511 0
12512 0
12513 82
12514 215
12515 82
12516 82
12517 82
12518 82
12519 82
12520 82
12521 82
12522 82
12523 82
12524 82
12525 82
12526 82
12527 82
12528 82
12529 82
12530 82
12531 82
12532 469
12533 82
12534 82
12535 82
12536 82
12537 82
12538 82
12539 82
12540 82
12541 82
12542 82
12543 82
12544 82
12545 82
12546 82
12547 82
12548 82
12549 82
12550 82
12551 82
12552 82
12553 82
12554 215
12555 82
12556 82
12557 82
12558 82
12559 82
12560 82
12561 82
12562 82
12563 82
12564 82
12565 82
12566 82
12567 82
12568 82
12569 82
12570 82
12571 82
12572 82
12573 82
12574 82
12575 82
12576 82
12577 82
12578 82
12579 82
12580 82
12581 82
12582 82
12583 82
12584 82
12585 82
12586 82
12587 82
12588 82
12589 82
12590 82
12591 82
12592 82
12593 82
12594 82
12595 82
12596 82
12597 82
12598 82
12599 82
12600 82
12601 82
12602 82
12603 82
12604 82
12605 82
12606 82
12607 82
12608 82
12609 82
12610 82
12611 82
12612 82
12613 82
12614 82
12615 82
12616 82
12617 82
12618 82
12619 82
12620 82
12621 82
12622 82
12623 82
12624 82
12625 82
12626 82
12627 82
12628 82
12629 82
12630 82
12631 82
12632 82
12633 82
12634 82
12635 82
12636 82
12637 82
12638 82
12639 82
12640 82
12641 82
12642 82
12643 82
12644 82
12645 82
12646 82
12647 82
12648 82
12649 82
12650 82
12651 82
12652 82
12653 82
12654 82
12655 82
12656 82
12657 82
12658 82
12659 82
12660 82
12661 82
12662 82
12663 82
12664 82
12665 82
12666 82
12667 82
12668 82
12669 82
12670 82
12671 82
12672 82
12673 82
12674 82
12675 82
12676 82
12677 82
12678 82
12679 82
12680 82
12681 82
12682 82
12683 82
12684 82
12685 82
12686 82
12687 215
12688 82
12689 215
12690 82
12691 82
12692 82
12693 82
12694 82
12695 82
12696 82
12697 82
12698 82
12699 82
12700 82
12701 82
12702 82
12703 82
12704 82
12705 82
12706 82
12707 82
12708 82
12709 82
12710 82
12711 82
12712 82
12713 82
12714 82
12715 82
12716 82
12717 82
12718 82
12719 82
12720 82
12721 82
12722 82
12723 82
12724 82
12725 82
12726 82
12727 82
12728 82
12729 82
12730 82
12731 82
12732 82
12733 82
12734 82
12735 82
12736 82
12737 82
12738 82
12739 82
12740 58
12741 82
12742 82
12743 82
12744 82
12745 82
12746 82
12747 82
12748 82
12749 82
12750 82
12751 82
12752 82
12753 82
12754 82
12755 82
12756 82
12757 82
12758 82
12759 82
12760 82
12761 82
12762 82
12763 82
12764 82
12765 215
12766 82
12767 82
12768 82
12769 82
12770 82
12771 82
12772 82
12773 82
12774 82
12775 82
12776 82
12777 82
12778 82
12779 82
12780 82
12781 82
12782 82
12783 82
12784 82
12785 82
12786 82
12787 82
12788 82
12789 82
12790 82
12791 82
12792 82
12793 82
12794 82
12795 82
12796 82
12797 82
12798 82
12799 82
12800 82
12801 82
12802 82
12803 82
12804 82
12805 82
12806 82
12807 82
12808 82
12809 82
12810 82
12811 82
12812 82
12813 82
12814 82
12815 215
12816 82
12817 82
12818 82
12819 82
12820 82
12821 82
12822 82
12823 82
12824 82
12825 82
12826 82
12827 82
12828 82
12829 82
12830 82
12831 82
12832 82
12833 82
12834 82
12835 82
12836 82
12837 82
12838 82
12839 82
12840 82
12841 82
12842 82
12843 82
12844 0
12845 82
12846 82
12847 82
12848 82
12849 82
12850 82
12851 82
12852 82
12853 82
12854 82
12855 82
12856 82
12857 82
12858 82
12859 82
12860 82
12861 82
12862 82
12863 82
12864 82
12865 82
12866 82
12867 82
12868 82
12869 82
12870 82
12871 82
12872 82
12873 82
12874 82
12875 82
12876 82
12877 82
12878 82
12879 82
12880 82
12881 82
12882 82
12883 82
12884 82
12885 82
12886 82
12887 82
12888 82
12889 82
12890 82
12891 82
12892 82
12893 82
12894 82
12895 82
12896 82
12897 82
12898 82
12899 82
12900 82
12901 82
12902 82
12903 82
12904 82
12905 82
12906 82
12907 82
12908 82
12909 82
12910 82
12911 215
12912 82
12913 82
12914 82
12915 82
12916 82
12917 215
12918 100
12919 82
12920 82
12921 82
12922 82
12923 82
12924 82
12925 82
12926 82
12927 82
12928 82
12929 82
12930 82
12931 82
12932 82
12933 100
12934 82
12935 82
12936 215
12937 215
12938 82
12939 82
12940 82
12941 82
12942 82
12943 82
12944 82
12945 82
12946 82
12947 82
12948 82
12949 82
12950 82
12951 82
12952 82
12953 82
12954 102
12955 82
12956 82
12957 82
12958 82
12959 82
12960 82
12961 82
12962 82
12963 82
12964 215
12965 100
12966 82
12967 82
12968 82
12969 82
12970 82
12971 82
12972 82
12973 82
12974 82
12975 82
12976 82
12977 82
12978 82
12979 82
12980 82
12981 82
12982 82
12983 82
12984 82
12985 82
12986 82
12987 82
12988 82
12989 82
12990 82
12991 82
12992 82
12993 82
12994 82
12995 82
12996 82
12997 82
12998 82
12999 82
13000 82
13001 82
13002 82
13003 82
13004 82
13005 82
13006 82
13007 82
13008 82
13009 82
13010 82
13011 82
13012 82
13013 100
13014 82
13015 82
13016 82
13017 82
13018 82
13019 82
13020 215
13021 82
13022 82
13023 82
13024 82
13025 82
13026 82
13027 82
13028 215
13029 82
13030 82
13031 82
13032 82
13033 82
13034 82
13035 82
13036 100
13037 100
13038 215
13039 215
13040 82
13041 82
13042 82
13043 82
13044 82
13045 82
13046 82
13047 82
13048 82
13049 215
13050 82
13051 82
13052 82
13053 82
13054 82
13055 82
13056 82
13057 82
13058 82
13059 82
13060 82
13061 82
13062 82
13063 215
13064 215
13065 215
13066 82
13067 82
13068 82
13069 82
13070 82
13071 82
13072 82
13073 82
13074 215
13075 82
13076 215
13077 215
13078 215
13079 215
13080 82
13081 82
13082 82
13083 82
13084 100
13085 100
13086 100
13087 100
13088 215
13089 100
13090 100
13091 100
13092 82
13093 82
13094 82
13095 215
13096 82
13097 82
13098 82
13099 82
13100 82
13101 82
13102 82
13103 82
13104 82
13105 82
13106 82
13107 82
13108 82
13109 82
13110 82
13111 82
13112 82
13113 82
13114 82
13115 82
13116 82
13117 82
13118 82
13119 82
13120 82
13121 82
13122 82
13123 82
13124 82
13125 82
13126 82
13127 82
13128 82
13129 82
13130 82
13131 82
13132 82
13133 82
13134 82
13135 82
13136 82
13137 82
13138 82
13139 82
13140 82
13141 82
13142 82
13143 82
13144 82
13145 82
13146 82
13147 82
13148 82
13149 82
13150 82
13151 82
13152 82
13153 82
13154 82
13155 82
13156 82
13157 82
13158 82
13159 82
13160 82
13161 82
13162 82
13163 82
13164 82
13165 82
13166 82
13167 82
13168 82
13169 82
13170 82
13171 82
13172 82
13173 82
13174 82
13175 215
13176 82
13177 82
13178 82
13179 82
13180 82
13181 215
13182 82
13183 82
13184 82
13185 82
13186 82
13187 82
13188 82
13189 82
13190 82
13191 82
13192 82
13193 82
13194 82
13195 82
13196 82
13197 215
13198 215
13199 215
13200 215
13201 215
13202 215
13203 215
13204 215
13205 215
13206 215
13207 215
13208 215
13209 82
13210 82
13211 82
13212 82
13213 82
13214 82
13215 82
13216 82
13217 82
13218 82
13219 82
13220 82
13221 82
13222 82
13223 82
13224 82
13225 82
13226 82
13227 82
13228 82
13229 82
13230 82
13231 82
13232 82
13233 100
13234 100
13235 100
13236 100
13237 100
13238 100
13239 100
13240 100
13241 82
13242 82
13243 100
13244 82
13245 82
13246 82
13247 82
13248 82
13249 82
13250 82
13251 82
13252 82
13253 82
13254 82
13255 82
13256 82
13257 82
13258 82
13259 82
13260 215
13261 82
13262 82
13263 82
13264 82
13265 100
13266 82
13267 100
13268 100
13269 215
13270 82
13271 82
13272 975
13273 82
13274 82
13275 82
13276 82
13277 82
13278 82
13279 82
13280 82
13281 82
13282 82
13283 82
13284 82
13285 976
13286 100
13287 82
13288 82
13289 82
13290 82
13291 82
13292 82
13293 82
13294 82
13295 82
13296 82
13297 82
13298 82
13299 82
13300 82
13301 82
13302 82
13303 975
13304 82
13305 82
13306 975
13307 82
13308 82
13309 82
13310 82
13311 82
13312 786
13313 82
13314 82
13315 82
13316 82
13317 82
13318 82
13319 82
13320 82
13321 82
13322 82
13323 82
13324 82
13325 82
13326 82
13327 82
13328 82
13329 82
13330 786
13331 82
13332 82
13333 786
13334 82
13335 82
13336 979
13337 82
13338 82
13339 82
13340 82
13341 82
13342 82
13343 82
13344 82
13345 82
13346 82
13347 82
13348 82
13349 82
13350 82
13351 82
13352 17
13353 17
13354 18
13355 18
13356 82
13357 82
13358 19
13359 19
13360 20
13361 20
13362 20
13363 20
13364 20
13365 20
13366 215
13367 82
13368 95
13369 82
13370 82
13371 82
13372 82
13373 82
13374 82
13375 82
13376 82
13377 82
13378 100
13379 21
13380 21
13381 21
13382 22
13383 22
13384 22
13385 22
13386 22
13387 82
13388 82
13389 82
13390 82
13391 82
13392 82
13393 82
13394 82
13395 82
13396 786
13397 82
13398 82
13399 82
13400 82
13401 82
13402 82
13403 82
13404 82
13405 215
13406 82
13407 82
13408 65
13409 82
13410 82
13411 82
13412 65
13413 65
13414 65
13415 65
13416 82
13417 82
13418 215
13419 215
13420 215
13421 215
13422 215
13423 82
13424 215
13425 215
13426 215
13427 215
13428 215
13429 215
13430 215
13431 215
13432 82
13433 100
13434 100
13435 82
13436 100
13437 100
13438 100
13439 100
13440 100
13441 100
13442 100
13443 82
13444 82
13445 100
13446 100
13447 100
13448 100
13449 100
13450 100
13451 215
13452 100
13453 100
13454 100
13455 100
13456 100
13457 100
13458 100
13459 100
13460 100
13461 215
13462 100
13463 100
13464 100
13465 100
13466 100
13467 100
13468 82
13469 82
13470 100
13471 100
13472 100
13473 82
13474 215
13475 215
13476 100
13477 100
13478 215
13479 100
13480 100
13481 100
13482 100
13483 100
13484 100
13485 100
13486 215
13487 100
13488 100
13489 100
13490 100
13491 100
13492 100
13493 100
13494 100
13495 82
13496 100
13497 100
13498 100
13499 100
13500 100
13501 100
13502 100
13503 100
13504 100
13505 100
13506 82
13507 100
13508 100
13509 100
13510 100
13511 100
13512 100
13513 100
13514 100
13515 100
13516 100
13517 100
13518 100
13519 100
13520 100
13521 100
13522 100
13523 100
13524 100
13525 100
13526 100
13527 100
13528 100
13529 100
13530 100
13531 100
13532 100
13533 100
13534 100
13535 100
13536 100
13537 100
13538 100
13539 100
13540 100
13541 100
13542 100
13543 100
13544 100
13545 100
13546 100
13547 100
13548 100
13549 82
13550 100
13551 100
13552 100
13553 100
13554 100
13555 100
13556 100
13557 100
13558 100
13559 82
13560 82
13561 82
13562 100
13563 100
13564 100
13565 82
13566 100
13567 100
13568 82
13569 82
13570 82
13571 82
13572 82
13573 82
13574 82
13575 23
13576 23
13577 100
13578 82
13579 82
13580 82
13581 82
13582 82
13583 215
13584 215
13585 215
13586 215
13587 215
13588 100
13589 100
13590 100
13591 100
13592 100
13593 24
13594 24
13595 25
13596 25
13597 82
13598 82
13599 82
13600 82
13601 82
13602 82
13603 82
13604 82
13605 82
13606 82
13607 82
13608 82
13609 82
13610 82
13611 82
13612 82
13613 82
13614 82
13615 82
13616 82
13617 82
13618 82
13619 82
13620 82
13621 82
13622 82
13623 82
13624 82
13625 26
13626 26
13627 100
13628 100
13629 82
13630 82
13631 2
13632 82
13633 82
13634 215
13635 100
13636 82
13637 100
13638 82
13639 100
13640 215
13641 27
13642 27
13643 28
13644 28
13645 82
13646 82
13647 215
13648 215
13649 82
13650 82
13651 82
13652 82
13653 215
13654 215
13655 82
13656 82
13657 82
13658 82
13659 82
13660 82
13661 82
13662 82
13663 82
13664 82
13665 215
13666 215
13667 82
13668 82
13669 215
13670 215
13671 215
13672 82
13673 82
13674 82
13675 82
13676 82
13677 82
13678 82
13679 82
13680 82
13681 82
13682 82
13683 82
13684 82
13685 82
13686 82
13687 82
13688 82
13689 82
13690 82
13691 82
13692 82
13693 82
13694 82
13695 82
13696 82
13697 82
13698 82
13699 82
13700 82
13701 82
13702 82
13703 82
13704 82
13705 215
13706 215
13707 215
13708 82
13709 82
13710 82
13711 82
13712 82
13713 82
13714 82
13715 82
13716 82
13717 82
13718 82
13719 82
13720 82
13721 82
13722 82
13723 215
13724 82
13725 82
13726 82
13727 82
13728 215
13729 29
13730 29
13731 100
13732 100
13733 82
13734 82
13735 100
13736 82
13737 82
13738 82
13739 82
13740 100
13741 82
13742 100
13743 82
13744 100
13745 82
13746 100
13747 100
13748 100
13749 82
13750 82
13751 82
13752 100
13753 82
13754 82
13755 82
13756 82
13757 82
13758 82
13759 82
13760 100
13761 82
13762 82
13763 100
13764 100
13765 82
13766 82
13767 82
13768 82
13769 82
13770 82
13771 82
13772 82
13773 82
13774 82
13775 100
13776 100
13777 82
13778 82
13779 100
13780 82
13781 82
13782 82
13783 82
13784 82
13785 100
13786 82
13787 100
13788 82
13789 82
13790 82
13791 100
13792 82
13793 82
13794 100
13795 100
13796 82
13797 82
13798 82
13799 100
13800 82
13801 82
13802 82
13803 82
13804 82
13805 100
13806 82
13807 82
13808 82
13809 82
13810 100
13811 82
13812 82
13813 82
13814 82
13815 82
13816 82
13817 82
13818 82
13819 82
13820 82
13821 82
13822 82
13823 82
13824 82
13825 82
13826 82
13827 82
13828 82
13829 82
13830 82
13831 82
13832 82
13833 82
13834 82
13835 82
13836 82
13837 82
13838 82
13839 82
13840 82
13841 82
13842 82
13843 82
13844 82
13845 82
13846 82
13847 82
13848 82
13849 82
13850 82
13851 82
13852 82
13853 82
13854 82
13855 82
13856 82
13857 82
13858 82
13859 82
13860 82
13861 82
13862 82
13863 82
13864 82
13865 82
13866 215
13867 82
13868 215
13869 82
13870 215
13871 82
13872 82
13873 82
13874 813
13875 82
13876 82
13877 82
13878 82
13879 215
13880 215
13881 215
13882 215
13883 215
13884 215
13885 82
13886 215
13887 82
13888 215
13889 82
13890 215
13891 215
13892 82
13893 82
13894 215
13895 82
13896 82
13897 82
13898 215
13899 215
13900 30
13901 30
13902 30
13903 82
13904 82
13905 82
13906 82
13907 31
13908 31
13909 82
13910 32
13911 32
13912 82
13913 82
13914 82
13915 82
13916 82
13917 82
13918 82
13919 82
13920 82
13921 82
13922 82
13923 82
13924 82
13925 82
13926 82
13927 82
13928 82
13929 82
13930 82
13931 82
13932 82
13933 82
13934 82
13935 82
13936 82
13937 82
13938 82
13939 82
13940 82
13941 82
13942 82
13943 82
13944 82
13945 82
13946 82
13947 82
13948 82
13949 82
13950 82
13951 82
13952 82
13953 82
13954 82
13955 82
13956 82
13957 82
13958 33
13959 33
13960 215
13961 82
13962 82
13963 82
13964 82
13965 215
13966 215
13967 215
13968 215
13969 215
13970 215
13971 82
13972 82
13973 82
13974 82
13975 82
13976 82
13977 82
13978 82
13979 82
13980 82
13981 82
13982 82
13983 82
13984 82
13985 82
13986 82
13987 215
13988 82
13989 82
13990 82
13991 82
13992 82
13993 82
13994 82
13995 82
13996 82
13997 82
13998 82
13999 82
14000 82
14001 82
14002 82
14003 82
14004 82
14005 82
14006 82
14007 82
14008 82
14009 82
14010 82
14011 82
14012 82
14013 82
14014 82
14015 82
14016 82
14017 82
14018 82
14019 82
14020 82
14021 82
14022 82
14023 82
14024 82
14025 82
14026 82
14027 82
14028 82
14029 82
14030 82
14031 82
14032 82
14033 82
14034 82
14035 82
14036 215
14037 82
14038 82
14039 215
14040 215
14041 82
14042 82
14043 82
14044 82
14045 82
14046 61
14047 82
14048 82
14049 82
14050 82
14051 82
14052 82
14053 82
14054 82
14055 82
14056 82
14057 82
14058 82
14059 82
14060 82
14061 82
14062 82
14063 82
14064 82
14065 82
14066 82
14067 82
14068 82
14069 82
14070 82
14071 82
14072 82
14073 82
14074 82
14075 82
14076 82
14077 82
14078 82
14079 82
14080 82
14081 82
14082 82
14083 82
14084 82
14085 82
14086 82
14087 82
14088 82
14089 82
14090 82
14091 82
14092 82
14093 82
14094 82
14095 82
14096 82
14097 82
14098 82
14099 82
14100 82
14101 82
14102 82
14103 82
14104 82
14105 82
14106 82
14107 82
14108 82
14109 82
14110 82
14111 82
14112 82
14113 82
14114 833
14115 294
14116 82
14117 82
14118 82
14119 82
14120 82
14121 82
14122 82
14123 82
14124 82
14125 82
14126 82
14127 835
14128 82
14129 82
14130 82
14131 215
14132 82
14133 82
14134 82
14135 82
14136 82
14137 82
14138 82
14139 833
14140 82
14141 82
14142 832
14143 82
14144 82
14145 82
14146 82
14147 82
14148 82
14149 82
14150 82
14151 82
14152 82
14153 82
14154 82
14155 82
14156 82
14157 82
14158 82
14159 82
14160 82
14161 82
14162 82
14163 82
14164 82
14165 82
14166 82
14167 831
14168 82
14169 82
14170 82
14171 82
14172 2
14173 82
14174 82
14175 82
14176 82
14177 82
14178 82
14179 82
14180 82
14181 82
14182 82
14183 82
14184 82
14185 82
14186 82
14187 82
14188 82
14189 82
14190 82
14191 82
14192 82
14193 82
14194 82
14195 82
14196 837
14197 82
14198 82
14199 82
14200 82
14201 82
14202 82
14203 82
14204 82
14205 82
14206 82
14207 82
14208 215
14209 82
14210 82
14211 82
14212 82
14213 82
14214 82
14215 82
14216 82
14217 82
14218 82
14219 82
14220 82
14221 82
14222 215
14223 82
14224 82
14225 82
14226 82
14227 82
14228 82
14229 82
14230 82
14231 82
14232 82
14233 82
14234 82
14235 82
14236 82
14237 82
14238 82
14239 82
14240 82
14241 82
14242 82
14243 82
14244 82
14245 82
14246 82
14247 82
14248 82
14249 82
14250 82
14251 82
14252 82
14253 82
14254 82
14255 82
14256 82
14257 82
14258 82
14259 82
14260 82
14261 82
14262 82
14263 82
14264 82
14265 82
14266 82
14267 82
14268 82
14269 82
14270 82
14271 82
14272 82
14273 82
14274 82
14275 82
14276 82
14277 82
14278 34
14279 82
14280 82
14281 82
14282 82
14283 82
14284 82
14285 294
14286 82
14287 82
14288 82
14289 82
14290 82
14291 82
14292 82
14293 82
14294 82
14295 82
14296 82
14297 82
14298 82
14299 82
14300 82
14301 82
14302 82
14303 82
14304 82
14305 82
14306 82
14307 82
14308 82
14309 215
14310 82
14311 82
14312 82
14313 82
14314 82
14315 82
14316 82
14317 82
14318 82
14319 82
14320 82
14321 82
14322 82
14323 82
14324 82
14325 82
14326 82
14327 215
14328 82
14329 82
14330 82
14331 82
14332 82
14333 82
14334 82
14335 82
14336 82
14337 82
14338 834
14339 82
14340 82
14341 82
14342 836
14343 82
14344 82
14345 215
14346 82
14347 82
14348 82
14349 82
14350 82
14351 82
14352 215
14353 215
14354 215
14355 458
14356 82
14357 100
14358 215
14359 82
14360 82
14361 215
14362 82
14363 82
14364 82
14365 82
14366 82
14367 82
14368 82
14369 82
14370 82
14371 82
14372 82
14373 82
14374 82
14375 82
14376 82
14377 82
14378 82
14379 82
14380 82
14381 82
14382 82
14383 82
14384 82
14385 82
14386 215
14387 82
14388 82
14389 82
14390 82
14391 82
14392 82
14393 82
14394 82
14395 82
14396 82
14397 82
14398 215
14399 82
14400 82
14401 82
14402 82
14403 82
14404 82
14405 82
14406 82
14407 82
14408 82
14409 82
14410 82
14411 82
14412 2
14413 837
14414 837
14415 82
14416 82
14417 82
14418 82
14419 82
14420 82
14421 82
14422 82
14423 833
14424 833
14425 82
14426 82
14427 82
14428 82
14429 82
14430 82
14431 82
14432 82
14433 82
14434 82
14435 82
14436 82
14437 82
14438 82
14439 82
14440 82
14441 82
14442 215
14443 82
14444 82
14445 833
14446 82
14447 82
14448 82
14449 82
14450 82
14451 82
14452 82
14453 82
14454 82
14455 82
14456 82
14457 82
14458 82
14459 82
14460 82
14461 82
14462 82
14463 82
14464 82
14465 82
14466 82
14467 82
14468 82
14469 82
14470 82
14471 82
14472 82
14473 82
14474 82
14475 82
14476 82
14477 82
14478 82
14479 82
14480 82
14481 82
14482 82
14483 82
14484 82
14485 82
14486 82
14487 82
14488 82
14489 842
14490 82
14491 82
14492 82
14493 82
14494 82
14495 82
14496 82
14497 82
14498 82
14499 82
14500 82
14501 82
14502 82
14503 82
14504 82
14505 82
14506 82
14507 82
14508 82
14509 82
14510 82
14511 82
14512 82
14513 82
14514 82
14515 82
14516 82
14517 82
14518 82
14519 82
14520 82
14521 82
14522 82
14523 82
14524 82
14525 82
14526 82
14527 315
14528 315
14529 82
14530 82
14531 82
14532 82
14533 82
14534 82
14535 82
14536 82
14537 82
14538 82
14539 82
14540 82
14541 82
14542 82
14543 82
14544 215
14545 82
14546 82
14547 82
14548 82
14549 82
14550 215
14551 215
14552 82
14553 82
14554 82
14555 82
14556 2
14557 82
14558 82
14559 82
14560 82
14561 82
14562 82
14563 82
14564 82
14565 82
14566 82
14567 82
14568 82
14569 82
14570 82
14571 82
14572 82
14573 82
14574 82
14575 82
14576 82
14577 82
14578 82
14579 82
14580 82
14581 215
14582 82
14583 82
14584 82
14585 82
14586 82
14587 82
14588 100
14589 82
14590 215
14591 82
14592 82
14593 82
14594 215
14595 82
14596 82
14597 82
14598 215
14599 82
14600 82
14601 215
14602 215
14603 215
14604 82
14605 82
14606 82
14607 82
14608 82
14609 82
14610 82
14611 82
14612 82
14613 82
14614 82
14615 82
14616 82
14617 82
14618 82
14619 2
14620 82
14621 82
14622 82
14623 82
14624 82
14625 82
14626 82
14627 82
14628 82
14629 82
14630 82
14631 82
14632 82
14633 82
14634 82
14635 82
14636 82
14637 2
14638 82
14639 82
14640 82
14641 82
14642 82
14643 82
14644 82
14645 82
14646 2
14647 100
14648 100
14649 100
14650 100
14651 82
14652 82
14653 82
14654 82
14655 82
14656 82
14657 82
14658 82
14659 82
14660 82
14661 82
14662 82
14663 82
14664 82
14665 82
14666 82
14667 82
14668 82
14669 82
14670 82
14671 82
14672 82
14673 82
14674 82
14675 82
14676 2
14677 82
14678 82
14679 82
14680 82
14681 82
14682 82
14683 82
14684 82
14685 82
14686 215
14687 82
14688 82
14689 82
14690 215
14691 215
14692 82
14693 82
14694 215
14695 215
14696 100
14697 100
14698 100
14699 100
14700 82
14701 100
14702 82
14703 100
14704 100
14705 82
14706 82
14707 82
14708 82
14709 82
14710 82
14711 82
14712 1035
14713 82
14714 82
14715 82
14716 82
14717 82
14718 82
14719 215
14720 82
14721 82
14722 82
14723 82
14724 82
14725 82
14726 82
14727 82
14728 82
14729 82
14730 82
14731 100
14732 100
14733 100
14734 82
14735 82
14736 82
14737 82
14738 1036
14739 82
14740 82
14741 82
14742 82
14743 82
14744 82
14745 82
14746 82
14747 82
14748 82
14749 82
14750 82
14751 82
14752 82
14753 82
14754 82
14755 82
14756 82
14757 82
14758 82
14759 82
14760 82
14761 82
14762 82
14763 82
14764 0
14765 0
14766 0
14767 0
14768 215
14769 0
14770 0
14771 0
14772 0
14773 0
14774 0
14775 0
14776 0
14777 0
14778 0
14779 0
14780 0
14781 0
14782 0
14783 0
14784 0
14785 0
14786 0
14787 0
14788 0
14789 0
14790 0
14791 0
14792 0
14793 0
14794 0
14795 0
14796 0
14797 0
14798 82
14799 82
14800 82
14801 82
14802 82
14803 0
14804 82
14805 82
14806 82
14807 82
14808 82
14809 82
14810 82
14811 82
14812 82
14813 82
14814 82
14815 82
14816 82
14817 82
14818 82
14819 82
14820 82
14821 82
14822 82
14823 82
14824 82
14825 82
14826 82
14827 215
14828 82
14829 215
14830 82
14831 215
14832 215
14833 215
14834 215
14835 215
14836 215
14837 215
14838 215
14839 215
14840 215
14841 215
14842 215
14843 215
14844 215
14845 215
14846 215
14847 215
14848 35
14849 35
14850 82
14851 82
14852 82
14853 82
14854 82
14855 36
14856 36
14857 37
14858 37
14859 82
14860 215
14861 215
14862 215
14863 82
14864 82
14865 82
14866 82
14867 82
14868 82
14869 82
14870 82
14871 82
14872 82
14873 82
14874 82
14875 82
14876 82
14877 82
14878 82
14879 38
14880 82
14881 82
14882 82
14883 40
14884 82
14885 82
14886 82
14887 82
14888 82
14889 39
14890 82
14891 82
14892 880
14893 879
14894 879
14895 82
14896 82
14897 82
14898 82
14899 82
14900 82
14901 82
14902 215
14903 82
14904 82
14905 82
14906 82
14907 82
14908 82
14909 82
14910 82
14911 82
14912 82
14913 82
14914 82
14915 82
14916 82
14917 38
14918 82
14919 82
14920 82
14921 82
14922 82
14923 82
14924 82
14925 215
14926 82
14927 82
14928 82
14929 82
14930 215
14931 82
14932 82
14933 82
14934 82
14935 82
14936 82
14937 82
14938 82
14939 82
14940 82
14941 82
14942 82
14943 215
14944 82
14945 82
14946 82
14947 82
14948 82
14949 82
14950 215
14951 82
14952 215
14953 82
14954 82
14955 82
14956 82
14957 82
14958 82
14959 82
14960 82
14961 82
14962 82
14963 82
14964 82
14965 82
14966 82
14967 82
14968 82
14969 82
14970 82
14971 82
14972 82
14973 82
14974 39
14975 215
14976 215
14977 215
14978 215
14979 82
14980 82
14981 82
14982 82
14983 82
14984 215
14985 215
14986 82
14987 82
14988 215
14989 82
14990 82
14991 82
14992 82
14993 82
14994 38
14995 38
14996 38
14997 38
14998 82
14999 215
15000 82
15001 82
15002 879
15003 879
15004 879
15005 82
15006 40
15007 82
15008 82
15009 39
15010 39
15011 39
15012 82
15013 82
15014 82
15015 82
15016 82
15017 82
15018 82
15019 82
15020 82
15021 82
15022 82
15023 82
15024 82
15025 82
15026 82
15027 215
15028 82
15029 82
15030 82
15031 40
15032 40
15033 82
15034 82
15035 82
15036 82
15037 82
15038 82
15039 82
15040 82
15041 215
15042 82
15043 82
15044 215
15045 82
15046 82
15047 82
15048 82
15049 215
15050 82
15051 82
15052 82
15053 82
15054 82
15055 82
15056 82
15057 82
15058 82
15059 38
15060 38
15061 82
15062 82
15063 82
15064 879
15065 879
15066 879
15067 82
15068 82
15069 82
15070 82
15071 82
15072 82
15073 82
15074 82
15075 82
15076 82
15077 82
15078 82
15079 82
15080 2
15081 82
15082 38
15083 215
15084 82
15085 215
15086 82
15087 82
15088 82
15089 82
15090 215
15091 215
15092 215
15093 82
15094 215
15095 215
15096 82
15097 82
15098 215
15099 82
15100 82
15101 82
15102 82
15103 82
15104 215
15105 215
15106 82
15107 40
15108 82
15109 82
15110 82
15111 82
15112 215
15113 82
15114 215
15115 82
15116 82
15117 82
15118 82
15119 215
15120 215
15121 215
15122 215
15123 82
15124 82
15125 82
15126 82
15127 82
15128 82
15129 82
15130 82
15131 215
15132 82
15133 82
15134 82
15135 82
15136 82
15137 82
15138 82
15139 82
15140 215
15141 82
15142 82
15143 82
15144 82
15145 82
15146 215
15147 82
15148 82
15149 82
15150 82
15151 82
15152 82
15153 82
15154 82
15155 82
15156 82
15157 82
15158 82
15159 82
15160 41
15161 41
15162 82
15163 82
15164 82
15165 82
15166 82
15167 82
15168 82
15169 82
15170 82
15171 82
15172 82
15173 100
15174 100
15175 100
15176 82
15177 100
15178 100
15179 100
15180 82
15181 100
15182 100
15183 82
15184 82
15185 82
15186 82
15187 82
15188 82
15189 82
15190 82
15191 82
15192 82
15193 82
15194 82
15195 82
15196 82
15197 215
15198 215
15199 82
15200 82
15201 82
15202 82
15203 82
15204 82
15205 82
15206 82
15207 82
15208 82
15209 82
15210 82
15211 82
15212 82
15213 82
15214 82
15215 82
15216 82
15217 82
15218 82
15219 82
15220 82
15221 82
15222 82
15223 82
15224 215
15225 215
15226 82
15227 215
15228 82
15229 215
15230 215
15231 215
15232 215
15233 215
15234 215
15235 215
15236 215
15237 215
15238 215
15239 215
15240 215
15241 215
15242 82
15243 215
15244 215
15245 215
15246 215
15247 215
15248 215
15249 215
15250 215
15251 215
15252 82
15253 215
15254 215
15255 215
15256 215
15257 215
15258 215
15259 215
15260 215
15261 82
15262 215
15263 215
15264 215
15265 215
15266 215
15267 215
15268 215
15269 215
15270 82
15271 82
15272 215
15273 215
15274 215
15275 215
15276 215
15277 215
15278 215
15279 215
15280 215
15281 215
15282 215
15283 215
15284 82
15285 82
15286 82
15287 215
15288 215
15289 215
15290 215
15291 215
15292 215
15293 215
15294 215
15295 215
15296 215
15297 82
15298 215
15299 215
15300 215
15301 215
15302 215
15303 215
15304 215
15305 215
15306 215
15307 215
15308 215
15309 215
15310 215
15311 215
15312 215
15313 215
15314 215
15315 215
15316 215
15317 215
15318 215
15319 82
15320 215
15321 215
15322 215
15323 215
15324 215
15325 215
15326 215
15327 215
15328 215
15329 215
15330 215
15331 215
15332 215
15333 215
15334 215
15335 215
15336 215
15337 215
15338 215
15339 215
15340 215
15341 215
15342 215
15343 215
15344 215
15345 215
15346 215
15347 215
15348 215
15349 215
15350 215
15351 215
15352 215
15353 215
15354 215
15355 215
15356 215
15357 215
15358 215
15359 215
15360 215
15361 82
15362 82
15363 215
15364 215
15365 215
15366 215
15367 215
15368 215
15369 215
15370 215
15371 215
15372 215
15373 215
15374 215
15375 215
15376 215
15377 215
15378 215
15379 215
15380 215
15381 215
15382 215
15383 82
15384 215
15385 215
15386 215
15387 215
15388 215
15389 215
15390 215
15391 215
15392 215
15393 215
15394 215
15395 215
15396 82
15397 215
15398 215
15399 215
15400 215
15401 215
15402 215
15403 215
15404 215
15405 215
15406 215
15407 215
15408 215
15409 215
15410 215
15411 215
15412 215
15413 215
15414 215
15415 215
15416 215
15417 215
15418 215
15419 215
15420 215
15421 82
15422 215
15423 215
15424 215
15425 215
15426 215
15427 215
15428 215
15429 215
15430 215
15431 215
15432 215
15433 215
15434 215
15435 215
15436 215
15437 215
15438 215
15439 215
15440 215
15441 215
15442 82
15443 215
15444 215
15445 215
15446 215
15447 215
15448 215
15449 215
15450 215
15451 215
15452 215
15453 82
15454 215
15455 215
15456 215
15457 82
15458 215
15459 215
15460 215
15461 215
15462 215
15463 82
15464 82
15465 215
15466 215
15467 215
15468 215
15469 215
15470 215
15471 215
15472 215
15473 215
15474 82
15475 215
15476 215
15477 215
15478 215
15479 215
15480 215
15481 215
15482 215
15483 215
15484 215
15485 215
15486 215
15487 215
15488 215
15489 215
15490 215
15491 215
15492 215
15493 82
15494 215
15495 215
15496 215
15497 215
15498 215
15499 215
15500 215
15501 215
15502 215
15503 215
15504 215
15505 215
15506 215
15507 215
15508 215
15509 215
15510 215
15511 215
15512 215
15513 215
15514 215
15515 215
15516 215
15517 215
15518 215
15519 215
15520 82
15521 215
15522 215
15523 215
15524 215
15525 215
15526 215
15527 215
15528 215
15529 215
15530 215
15531 82
15532 215
15533 215
15534 215
15535 215
15536 215
15537 215
15538 215
15539 215
15540 215
15541 215
15542 215
15543 215
15544 215
15545 215
15546 215
15547 215
15548 215
15549 215
15550 215
15551 215
15552 215
15553 215
15554 215
15555 215
15556 215
15557 215
15558 215
15559 82
15560 215
15561 215
15562 215
15563 215
15564 215
15565 215
15566 215
15567 215
15568 215
15569 215
15570 215
15571 215
15572 215
15573 215
15574 215
15575 82
15576 215
15577 215
15578 215
15579 82
15580 215
15581 82
15582 215
15583 215
15584 215
15585 215
15586 215
15587 215
15588 215
15589 215
15590 215
15591 82
15592 215
15593 215
15594 215
15595 215
15596 82
15597 82
15598 215
15599 215
15600 215
15601 215
15602 215
15603 215
15604 215
15605 215
15606 215
15607 215
15608 215
15609 215
15610 215
15611 215
15612 215
15613 215
15614 215
15615 215
15616 215
15617 215
15618 215
15619 215
15620 215
15621 215
15622 215
15623 82
15624 82
15625 82
15626 215
15627 215
15628 215
15629 215
15630 215
15631 215
15632 215
15633 215
15634 215
15635 215
15636 215
15637 215
15638 215
15639 215
15640 215
15641 215
15642 215
15643 215
15644 215
15645 215
15646 215
15647 215
15648 215
15649 215
15650 215
15651 215
15652 215
15653 82
15654 215
15655 215
15656 215
15657 215
15658 215
15659 215
15660 215
15661 215
15662 215
15663 215
15664 215
15665 215
15666 82
15667 215
15668 82
15669 215
15670 215
15671 215
15672 215
15673 215
15674 215
15675 215
15676 215
15677 215
15678 82
15679 215
15680 215
15681 215
15682 82
15683 82
15684 82
15685 82
15686 82
15687 82
15688 82
15689 82
15690 82
15691 82
15692 82
15693 215
15694 215
15695 82
15696 82
15697 82
15698 82
15699 82
15700 82
15701 82
15702 82
15703 82
15704 82
15705 215
15706 82
15707 82
15708 2
15709 82
15710 82
15711 82
15712 82
15713 82
15714 82
15715 82
15716 82
15717 82
15718 82
15719 82
15720 82
15721 82
15722 82
15723 82
15724 82
15725 82
15726 82
15727 82
15728 82
15729 82
15730 82
15731 82
15732 82
15733 82
15734 82
15735 82
15736 82
15737 82
15738 82
15739 82
15740 82
15741 82
15742 82
15743 82
15744 82
15745 82
15746 82
15747 82
15748 82
15749 82
15750 215
15751 82
15752 82
15753 82
15754 214
15755 82
15756 82
15757 82
15758 82
15759 82
15760 0
15761 82
15762 82
15763 82
15764 82
15765 82
15766 82
15767 82
15768 82
15769 82
15770 82
15771 82
15772 82
15773 82
15774 82
15775 82
15776 82
15777 82
15778 82
15779 82
15780 82
15781 82
15782 82
15783 82
15784 82
15785 82
15786 82
15787 82
15788 82
15789 82
15790 82
15791 82
15792 215
15793 82
15794 82
15795 82
15796 82
15797 82
15798 82
15799 82
15800 82
15801 82
15802 82
15803 82
15804 82
15805 82
15806 82
15807 82
15808 82
15809 82
15810 82
15811 215
15812 82
15813 82
15814 215
15815 215
15816 215
15817 82
15818 82
15819 82
15820 82
15821 82
15822 82
15823 82
15824 82
15825 82
15826 215
15827 82
15828 82
15829 82
15830 82
15831 0
15832 82
15833 82
15834 82
15835 82
15836 82
15837 82
15838 82
15839 82
15840 82
15841 82
15842 82
15843 82
15844 82
15845 82
15846 82
15847 82
15848 82
15849 82
15850 82
15851 82
15852 82
15853 82
15854 82
15855 82
15856 82
15857 82
15858 82
15859 82
15860 82
15861 82
15862 82
15863 82
15864 82
15865 82
15866 82
15867 82
15868 82
15869 82
15870 82
15871 82
15872 82
15873 82
15874 82
15875 82
15876 82
15877 82
15878 82
15879 82
15880 82
15881 82
15882 82
15883 82
15884 82
15885 82
15886 82
15887 82
15888 82
15889 82
15890 82
15891 82
15892 82
15893 82
15894 82
15895 0
15896 82
15897 82
15898 82
15899 82
15900 82
15901 82
15902 215
15903 82
15904 215
15905 82
15906 215
15907 82
15908 82
15909 82
15910 82
15911 82
15912 215
15913 215
15914 82
15915 82
15916 82
15917 82
15918 82
15919 82
15920 82
15921 82
15922 82
15923 82
15924 82
15925 82
15926 82
15927 82
15928 82
15929 82
15930 82
15931 82
15932 82
15933 44
15934 44
15935 44
15936 82
15937 82
15938 82
15939 82
15940 82
15941 82
15942 82
15943 82
15944 82
15945 82
15946 82
15947 82
15948 82
15949 82
15950 82
15951 82
15952 82
15953 82
15954 82
15955 82
15956 82
15957 82
15958 82
15959 82
15960 82
15961 82
15962 82
15963 82
15964 82
15965 82
15966 82
15967 82
15968 82
15969 82
15970 82
15971 82
15972 82
15973 82
15974 82
15975 82
15976 82
15977 82
15978 82
15979 82
15980 82
15981 82
15982 82
15983 82
15984 82
15985 82
15986 82
15987 82
15988 82
15989 82
15990 82
15991 82
15992 82
15993 82
15994 82
15995 82
15996 82
15997 82
15998 82
15999 82
16000 82
16001 82
16002 82
16003 82
16004 82
16005 82
16006 82
16007 82
16008 82
16009 82
16010 82
16011 82
16012 82
16013 82
16014 82
16015 82
16016 82
16017 82
16018 82
16019 82
16020 82
16021 82
16022 82
16023 82
16024 82
16025 82
16026 82
16027 82
16028 82
16029 82
16030 82
16031 82
16032 82
16033 82
16034 82
16035 82
16036 786
16037 82
16038 82
16039 82
16040 82
16041 82
16042 82
16043 82
16044 82
16045 82
16046 82
16047 82
16048 82
16049 82
16050 82
16051 82
16052 82
16053 82
16054 82
16055 82
16056 82
16057 82
16058 82
16059 82
16060 82
16061 215
16062 82
16063 82
16064 82
16065 82
16066 82
16067 82
16068 82
16069 82
16070 82
16071 82
16072 82
16073 82
16074 82
16075 82
16076 82
16077 82
16078 82
16079 82
16080 215
16081 82
16082 82
16083 82
16084 82
16085 82
16086 82
16087 82
16088 82
16089 82
16090 215
16091 82
16092 82
16093 82
16094 82
16095 82
16096 215
16097 82
16098 82
16099 82
16100 82
16101 82
16102 2
16103 2
16104 2
16105 2
16106 82
16107 82
16108 82
16109 82
16110 82
16111 82
16112 82
16113 82
16114 82
16115 82
16116 82
16117 82
16118 82
16119 82
16120 82
16121 82
16122 82
16123 82
16124 82
16125 82
16126 82
16127 82
16128 82
16129 82
16130 82
16131 82
16132 82
16133 82
16134 82
16135 82
16136 82
16137 82
16138 82
16139 82
16140 82
16141 2
16142 82
16143 82
16144 82
16145 82
16146 82
16147 82
16148 82
16149 82
16150 82
16151 2
16152 82
16153 82
16154 82
16155 82
16156 82
16157 82
16158 82
16159 82
16160 82
16161 82
16162 2
16163 82
16164 82
16165 82
16166 82
16167 82
16168 2
16169 82
16170 82
16171 82
16172 82
16173 82
16174 82
16175 82
16176 82
16177 82
16178 82
16179 82
16180 215
16181 82
16182 82
16183 82
16184 82
16185 82
16186 82
16187 82
16188 82
16189 82
16190 82
16191 82
16192 82
16193 82
16194 82
16195 82
16196 82
16197 82
16198 82
16199 82
16200 82
16201 215
16202 215
16203 215
16204 215
16205 215
16206 215
16207 215
16208 215
16209 215
16210 215
16211 215
16212 215
16213 215
16214 215
16215 215
16216 215
16217 215
16218 215
16219 215
16220 215
16221 215
16222 215
16223 215
16224 215
16225 215
16226 215
16227 215
16228 215
16229 215
16230 215
16231 215
16232 215
16233 215
16234 215
16235 215
16236 215
16237 215
16238 215
16239 215
16240 215
16241 215
16242 215
16243 215
16244 215
16245 215
16246 215
16247 215
16248 215
16249 215
16250 215
16251 215
16252 215
16253 215
16254 215
16255 215
16256 215
16257 215
16258 215
16259 215
16260 215
16261 215
16262 215
16263 215
16264 215
16265 215
16266 215
16267 215
16268 215
16269 215
16270 215
16271 215
16272 215
16273 215
16274 215
16275 215
16276 215
16277 215
16278 215
16279 215
16280 215
16281 215
16282 215
16283 215
16284 215
16285 215
16286 215
16287 215
16288 215
16289 215
16290 215
16291 215
16292 215
16293 215
16294 215
16295 215
16296 215
16297 215
16298 215
16299 215
16300 215
16301 215
16302 82
16303 82
16304 82
16305 82
16306 82
16307 82
16308 82
16309 82
16310 82
16311 82
16312 82
16313 82
16314 2
16315 2
16316 2
16317 2
16318 2
16319 82
16320 82
16321 82
16322 82
16323 82
16324 82
16325 82
16326 82
16327 82
16328 215
16329 82
16330 100
16331 82
16332 82
16333 82
16334 82
16335 82
16336 82
16337 82
16338 82
16339 82
16340 82
16341 82
16342 82
16343 82
16344 82
16345 82
16346 82
16347 82
16348 82
16349 82
16350 82
16351 82
16352 215
16353 82
16354 82
16355 82
16356 82
16357 82
16358 82
16359 82
16360 82
16361 82
16362 82
16363 82
16364 82
16365 82
16366 82
16367 82
16368 215
16369 215
16370 215
16371 82
16372 82
16373 82
16374 82
16375 82
16376 2
16377 82
16378 82
16379 82
16380 82
16381 82
16382 82
16383 82
16384 82
16385 82
16386 82
16387 82
16388 82
16389 82
16390 82
16391 82
16392 82
16393 82
16394 82
16395 82
16396 82
16397 82
16398 82
16399 82
16400 82
16401 82
16402 82
16403 82
16404 82
16405 82
16406 82
16407 82
16408 82
16409 82
16410 82
16411 82
16412 2
16413 2
16414 82
16415 82
16416 2
16417 2
16418 82
16419 2
16420 82
16421 2
16422 42
16423 2
16424 2
16425 82
16426 2
16427 82
16428 2
16429 2
16430 82
16431 82
16432 2
16433 360
16434 82
16435 82
16436 2
16437 82
16438 82
16439 82
16440 82
16441 2
16442 2
16443 2
16444 82
16445 82
16446 82
16447 82
16448 82
16449 100
16450 100
16451 82
16452 82
16453 82
16454 82
16455 82
16456 82
16457 82
16458 82
16459 2
16460 2
16461 2
16462 2
16463 2
16464 2
16465 2
16466 2
16467 82
16468 82
16469 2
16470 2
16471 2
16472 2
16473 2
16474 2
16475 2
16476 2
16477 82
16478 82
16479 82
16480 82
16481 82
16482 82
16483 82
16484 82
16485 82
16486 82
16487 82
16488 82
16489 82
16490 82
16491 82
16492 82
16493 82
16494 82
16495 82
16496 82
16497 82
16498 100
16499 82
16500 82
16501 82
16502 82
16503 2
16504 82
16505 82
16506 82
16507 82
16508 82
16509 82
16510 82
16511 82
16512 950
16513 82
16514 82
16515 82
16516 82
16517 82
16518 82
16519 82
16520 82
16521 82
16522 82
16523 82
16524 82
16525 82
16526 82
16527 82
16528 82
16529 82
16530 950
16531 82
16532 82
16533 950
16534 950
16535 215
16536 215
16537 215
16538 215
16539 215
16540 215
16541 215
16542 215
16543 215
16544 215
16545 215
16546 82
16547 82
16548 82
16549 82
16550 82
16551 82
16552 82
16553 82
16554 0
16555 0
16556 0
16557 82
16558 2
16559 215
16560 82
16561 82
16562 82
16563 82
16564 82
16565 82
16566 82
16567 82
16568 82
16569 82
16570 215
16571 82
16572 82
16573 82
16574 82
16575 82
16576 82
16577 82
16578 82
16579 82
16580 82
16581 82
16582 82
16583 82
16584 82
16585 82
16586 82
16587 215
16588 82
16589 82
16590 82
16591 82
16592 215
16593 82
16594 82
16595 82
16596 82
16597 82
16598 82
16599 82
16600 82
16601 82
16602 82
16603 82
16604 82
16605 82
16606 82
16607 82
16608 82
16609 82
16610 82
16611 82
16612 82
16613 82
16614 82
16615 82
16616 82
16617 82
16618 2
16619 82
16620 82
16621 82
16622 82
16623 82
16624 82
16625 215
16626 82
16627 82
16628 82
16629 82
16630 82
16631 82
16632 82
16633 82
16634 82
16635 82
16636 82
16637 82
16638 82
16639 82
16640 82
16641 82
16642 82
16643 82
16644 82
16645 82
16646 82
16647 82
16648 82
16649 82
16650 82
16651 82
16652 82
16653 82
16654 82
16655 82
16656 82
16657 82
16658 82
16659 82
16660 82
16661 82
16662 82
16663 82
16664 82
16665 82
16666 82
16667 82
16668 82
16669 82
16670 43
16671 43
16672 43
16673 43
16674 2
16675 2
16676 2
16677 2
16678 2
16679 2
16680 2
16681 2
16682 2
16683 2
16684 2
16685 2
16686 2
16687 2
16688 2
16689 2
16690 2
16691 0
16692 0
16693 0
16694 82
16695 82
16696 82
16697 82
16698 82
16699 82
16700 82
16701 82
16702 82
16703 82
16704 82
16705 82
16706 82
16707 82
16708 82
16709 82
16710 82
16711 82
16712 82
16713 82
16714 2
16715 2
16716 2
16717 2
16718 2
16719 2
16720 2
16721 2
16722 2
16723 2
16724 2
16725 2
16726 2
16727 2
16728 2
16729 2
16730 2
16731 2
16732 2
16733 2
16734 2
16735 2
16736 2
16737 2
16738 2
16739 2
16740 2
16741 2
16742 2
16743 2
16744 2
16745 2
16746 2
16747 2
16748 2
16749 2
16750 2
16751 2
16752 2
16753 2
16754 2
16755 2
16756 2
16757 2
16758 2
16759 2
16760 2
16761 2
16762 2
16763 2
16764 2
16765 2
16766 2
16767 2
16768 2
16769 2
16770 2
16771 2
16772 2
16773 2
16774 2
16775 2
16776 2
16777 2
16778 2
16779 2
16780 0
16781 82
16782 82
16783 82
16784 82
16785 82
16786 82
16787 82
16788 82
16789 82
16790 82
16791 82
16792 82
16793 82
16794 82
16795 82
16796 82
16797 82
16798 82
16799 82
16800 82
16801 82
16802 82
16803 82
16804 82
16805 82
16806 82
16807 82
16808 100
16809 100
16810 82
16811 82
16812 100
16813 100
16814 82
16815 82
16816 100
16817 100
16818 82
16819 82
16820 82
16821 82
16822 100
16823 100
16824 100
16825 100
16826 100
16827 82
16828 82
16829 82
16830 82
16831 82
16832 82
16833 82
16834 100
16835 82
16836 215
16837 82
16838 100
16839 100
16840 82
16841 82
16842 82
16843 82
16844 100
16845 100
16846 100
16847 82
16848 82
16849 82
16850 100
16851 82
16852 82
16853 100
16854 100
16855 82
16856 100
16857 82
16858 82
16859 82
16860 215
16861 82
16862 100
16863 100
16864 82
16865 82
16866 82
16867 100
16868 82
16869 215
16870 215
16871 215
16872 215
16873 82
16874 82
16875 82
16876 82
16877 215
16878 215
16879 82
16880 82
16881 82
16882 82
16883 82
16884 82
16885 82
16886 82
16887 82
16888 82
16889 82
16890 82
16891 82
16892 215
16893 215
16894 82
16895 82
16896 82
16897 82
16898 82
16899 82
16900 82
16901 82
16902 82
16903 82
16904 82
16905 82
16906 82
16907 82
16908 82
16909 82
16910 82
16911 82
16912 82
16913 82
16914 82
16915 82
16916 82
16917 82
16918 82
16919 82
16920 82
16921 82
16922 82
16923 82
16924 82
16925 82
16926 82
16927 82
16928 82
16929 82
16930 215
16931 82
16932 82
16933 82
16934 82
16935 82
16936 82
16937 82
16938 82
16939 82
16940 82
16941 82
16942 82
16943 82
16944 215
16945 82
16946 82
16947 82
16948 82
16949 82
16950 82
16951 82
16952 82
16953 82
16954 82
16955 82
16956 82
16957 82
16958 82
16959 82
16960 82
16961 82
16962 82
16963 215
16964 215
16965 215
16966 215
16967 2
16968 82
16969 82
16970 82
16971 897
16972 899
16973 82
16974 82
16975 82
16976 82
16977 82
16978 82
16979 82
16980 82
16981 82
16982 82
16983 82
16984 82
16985 82
16986 82
16987 900
16988 82
16989 82
16990 82
16991 82
16992 82
16993 82
16994 82
16995 82
16996 82
16997 82
16998 897
16999 82
17000 82
17001 82
17002 897
17003 82
17004 82
17005 82
17006 82
17007 82
17008 82
17009 897
17010 82
17011 82
17012 82
17013 897
17014 82
17015 82
17016 82
17017 82
17018 82
17019 82
17020 82
17021 82
17022 82
17023 82
17024 82
17025 82
17026 82
17027 897
17028 82
17029 82
17030 82
17031 82
17032 82
17033 82
17034 82
17035 82
17036 82
17037 82
17038 82
17039 82
17040 82
17041 82
17042 82
17043 82
17044 82
17045 82
17046 82
17047 899
17048 82
17049 82
17050 82
17051 82
17052 82
17053 82
17054 82
17055 82
17056 82
17057 82
17058 82
17059 898
17060 82
17061 82
17062 82
17063 82
17064 215
17065 82
17066 82
17067 82
17068 82
17069 82
17070 82
17071 82
17072 82
17073 82
17074 82
17075 82
17076 82
17077 82
17078 82
17079 82
17080 82
17081 82
17082 82
17083 899
17084 82
17085 82
17086 82
17087 82
17088 82
17089 82
17090 82
17091 82
17092 82
17093 82
17094 901
17095 82
17096 82
17097 65
17098 65
17099 82
17100 215
17101 82
17102 82
17103 82
17104 82
17105 82
17106 82
17107 82
17108 82
17109 82
17110 82
17111 82
17112 82
17113 65
17114 82
17115 82
17116 82
17117 82
17118 82
17119 82
17120 82
17121 82
17122 82
17123 82
17124 82
17125 82
17126 82
17127 82
17128 65
17129 82
17130 82
17131 65
17132 82
17133 82
17134 82
17135 82
17136 82
17137 82
17138 82
17139 82
17140 82
17141 82
17142 82
17143 82
17144 82
17145 82
17146 82
17147 82
17148 82
17149 82
17150 82
17151 82
17152 82
17153 82
17154 82
17155 82
17156 82
17157 82
17158 82
17159 82
17160 82
17161 82
17162 82
17163 82
17164 82
17165 82
17166 82
17167 82
17168 82
17169 82
17170 82
17171 82
17172 82
17173 82
17174 82
17175 82
17176 82
17177 82
17178 82
17179 82
17180 82
17181 45
17182 82
17183 82
17184 82
17185 82
17186 82
17187 82
17188 82
17189 82
17190 82
17191 82
17192 82
17193 82
17194 82
17195 82
17196 82
17197 82
17198 82
17199 45
17200 82
17201 82
17202 82
17203 82
17204 82
17205 82
17206 82
17207 82
17208 82
17209 82
17210 82
17211 82
17212 45
17213 82
17214 82
17215 82
17216 82
17217 82
17218 82
17219 82
17220 82
17221 82
17222 82
17223 82
17224 82
17225 0
17226 0
17227 0
17228 0
17229 82
17230 82
17231 82
17232 82
17233 82
17234 82
17235 82
17236 82
17237 82
17238 82
17239 82
17240 82
17241 82
17242 82
17243 82
17244 82
17245 82
17246 82
17247 82
17248 82
17249 82
17250 82
17251 82
17252 82
17253 82
17254 82
17255 82
17256 82
17257 82
17258 82
17259 82
17260 82
17261 82
17262 82
17263 82
17264 82
17265 82
17266 82
17267 82
17268 82
17269 82
17270 82
17271 82
17272 82
17273 215
17274 82
17275 215
17276 82
17277 82
17278 82
17279 82
17280 82
17281 82
17282 82
17283 82
17284 82
17285 82
17286 82
17287 82
17288 82
17289 82
17290 82
17291 82
17292 82
17293 65
17294 65
17295 82
17296 82
17297 82
17298 82
17299 82
17300 82
17301 82
17302 82
17303 82
17304 82
17305 82
17306 82
17307 82
17308 82
17309 82
17310 82
17311 82
17312 82
17313 82
17314 82
17315 82
17316 82
17317 82
17318 82
17319 82
17320 82
17321 215
17322 82
17323 82
17324 82
17325 82
17326 82
17327 82
17328 82
17329 82
17330 82
17331 82
17332 82
17333 82
17334 82
17335 82
17336 82
17337 82
17338 82
17339 82
17340 82
17341 82
17342 82
17343 82
17344 82
17345 82
17346 82
17347 215
17348 82
17349 82
17350 82
17351 82
17352 82
17353 82
17354 82
17355 82
17356 82
17357 82
17358 82
17359 82
17360 82
17361 82
17362 82
17363 82
17364 82
17365 82
17366 82
17367 82
17368 82
17369 82
17370 65
17371 82
17372 82
17373 82
17374 82
17375 82
17376 82
17377 82
17378 82
17379 65
17380 82
17381 82
17382 82
17383 82
17384 82
17385 82
17386 82
17387 82
17388 82
17389 82
17390 82
17391 82
17392 82
17393 82
17394 82
17395 82
17396 82
17397 82
17398 82
17399 82
17400 82
17401 82
17402 82
17403 82
17404 82
17405 82
17406 82
17407 82
17408 82
17409 82
17410 82
17411 82
17412 82
17413 82
17414 82
17415 82
17416 82
17417 82
17418 82
17419 82
17420 82
17421 82
17422 82
17423 971
17424 82
17425 82
17426 82
17427 82
17428 82
17429 82
17430 82
17431 82
17432 82
17433 82
17434 82
17435 82
17436 82
17437 82
17438 82
17439 82
17440 82
17441 82
17442 82
17443 82
17444 82
17445 82
17446 82
17447 82
17448 82
17449 82
17450 82
17451 82
17452 82
17453 82
17454 82
17455 82
17456 82
17457 82
17458 82
17459 82
17460 82
17461 82
17462 82
17463 82
17464 82
17465 82
17466 82
17467 215
17468 82
17469 82
17470 974
17471 82
17472 82
17473 82
17474 82
17475 82
17476 82
17477 82
17478 82
17479 82
17480 82
17481 82
17482 82
17483 82
17484 82
17485 82
17486 82
17487 82
17488 82
17489 82
17490 82
17491 82
17492 82
17493 82
17494 82
17495 82
17496 82
17497 82
17498 82
17499 82
17500 82
17501 82
17502 82
17503 82
17504 82
17505 82
17506 82
17507 82
17508 82
17509 82
17510 82
17511 82
17512 82
17513 82
17514 82
17515 82
17516 82
17517 82
17518 82
17519 82
17520 82
17521 82
17522 82
17523 82
17524 82
17525 215
17526 82
17527 82
17528 82
17529 82
17530 82
17531 82
17532 100
17533 82
17534 82
17535 82
17536 82
17537 82
17538 82
17539 82
17540 82
17541 82
17542 82
17543 82
17544 82
17545 82
17546 82
17547 82
17548 82
17549 82
17550 82
17551 82
17552 82
17553 82
17554 82
17555 82
17556 82
17557 82
17558 82
17559 82
17560 82
17561 82
17562 82
17563 82
17564 82
17565 82
17566 82
17567 82
17568 82
17569 82
17570 82
17571 82
17572 82
17573 82
17574 82
17575 82
17576 82
17577 82
17578 82
17579 82
17580 82
17581 82
17582 82
17583 82
17584 82
17585 82
17586 82
17587 82
17588 82
17589 82
17590 82
17591 82
17592 82
17593 82
17594 215
17595 82
17596 82
17597 82
17598 82
17599 82
17600 82
17601 82
17602 82
17603 82
17604 82
17605 82
17606 82
17607 82
17608 82
17609 82
17610 82
17611 82
17612 82
17613 82
17614 82
17615 82
17616 82
17617 82
17618 82
17619 82
17620 82
17621 82
17622 82
17623 82
17624 82
17625 82
17626 82
17627 82
17628 82
17629 82
17630 82
17631 82
17632 82
17633 82
17634 82
17635 82
17636 82
17637 82
17638 82
17639 82
17640 82
17641 82
17642 82
17643 82
17644 82
17645 82
17646 82
17647 82
17648 82
17649 82
17650 82
17651 215
17652 82
17653 82
17654 82
17655 82
17656 82
17657 82
17658 82
17659 82
17660 82
17661 82
17662 82
17663 82
17664 82
17665 82
17666 82
17667 82
17668 82
17669 82
17670 82
17671 82
17672 82
17673 82
17674 82
17675 82
17676 82
17677 82
17678 82
17679 82
17680 82
17681 82
17682 82
17683 82
17684 82
17685 82
17686 215
17687 82
17688 82
17689 82
17690 82
17691 82
17692 215
17693 82
17694 82
17695 82
17696 82
17697 82
17698 82
17699 82
17700 82
17701 82
17702 82
17703 82
17704 82
17705 82
17706 82
17707 82
17708 82
17709 82
17710 82
17711 82
17712 82
17713 82
17714 82
17715 82
17716 82
17717 82
17718 82
17719 82
17720 82
17721 82
17722 82
17723 82
17724 82
17725 82
17726 82
17727 82
17728 82
17729 82
17730 82
17731 82
17732 82
17733 82
17734 82
17735 82
17736 82
17737 82
17738 82
17739 82
17740 215
17741 82
17742 82
17743 82
17744 82
17745 82
17746 82
17747 82
17748 215
17749 82
17750 82
17751 82
17752 82
17753 82
17754 82
17755 82
17756 82
17757 82
17758 45
17759 45
17760 45
17761 45
17762 45
17763 45
17764 45
17765 45
17766 45
17767 45
17768 45
17769 45
17770 45
17771 82
17772 82
17773 82
17774 82
17775 82
17776 82
17777 82
17778 82
17779 82
17780 82
17781 82
17782 82
17783 82
17784 82
17785 82
17786 82
17787 82
17788 82
17789 82
17790 82
17791 82
17792 82
17793 82
17794 82
17795 82
17796 82
17797 82
17798 82
17799 82
17800 82
17801 82
17802 82
17803 82
17804 82
17805 82
17806 82
17807 82
17808 82
17809 82
17810 82
17811 82
17812 82
17813 82
17814 82
17815 82
17816 82
17817 82
17818 82
17819 82
17820 82
17821 82
17822 82
17823 82
17824 82
17825 82
17826 82
17827 82
17828 82
17829 82
17830 82
17831 82
17832 82
17833 82
17834 82
17835 82
17836 82
17837 82
17838 82
17839 82
17840 82
17841 82
17842 82
17843 82
17844 82
17845 82
17846 82
17847 82
17848 82
17849 82
17850 82
17851 82
17852 82
17853 82
17854 82
17855 82
17856 82
17857 82
17858 82
17859 82
17860 82
17861 82
17862 82
17863 82
17864 82
17865 82
17866 82
17867 82
17868 82
17869 82
17870 82
17871 82
17872 82
17873 82
17874 82
17875 82
17876 82
17877 82
17878 82
17879 82
17880 82
17881 82
17882 82
17883 82
17884 82
17885 82
17886 82
17887 82
17888 82
17889 82
17890 82
17891 82
17892 82
17893 82
17894 82
17895 82
17896 82
17897 82
17898 82
17899 82
17900 82
17901 82
17902 82
17903 82
17904 215
17905 82
17906 82
17907 82
17908 82
17909 82
17910 82
17911 82
17912 82
17913 82
17914 82
17915 82
17916 82
17917 82
17918 82
17919 82
17920 82
17921 82
17922 82
17923 82
17924 82
17925 82
17926 82
17927 82
17928 82
17929 82
17930 82
17931 82
17932 82
17933 82
17934 82
17935 82
17936 82
17937 82
17938 82
17939 82
17940 82
17941 82
17942 82
17943 82
17944 82
17945 82
17946 82
17947 82
17948 82
17949 82
17950 82
17951 82
17952 82
17953 82
17954 82
17955 82
17956 82
17957 82
17958 82
17959 82
17960 82
17961 82
17962 82
17963 82
17964 82
17965 82
17966 82
17967 82
17968 82
17969 82
17970 82
17971 82
17972 82
17973 82
17974 82
17975 82
17976 82
17977 82
17978 82
17979 82
17980 82
17981 82
17982 82
17983 82
17984 82
17985 82
17986 82
17987 82
17988 82
17989 82
17990 82
17991 82
17992 82
17993 82
17994 82
17995 82
17996 82
17997 82
17998 82
17999 82
18000 82
18001 82
18002 82
18003 82
18004 82
18005 82
18006 82
18007 82
18008 82
18009 82
18010 82
18011 82
18012 82
18013 82
18014 82
18015 82
18016 82
18017 82
18018 82
18019 82
18020 82
18021 82
18022 82
18023 82
18024 82
18025 82
18026 82
18027 82
18028 82
18029 82
18030 82
18031 82
18032 82
18033 82
18034 82
18035 82
18036 82
18037 82
18038 82
18039 82
18040 82
18041 82
18042 82
18043 82
18044 82
18045 82
18046 82
18047 82
18048 82
18049 82
18050 82
18051 82
18052 82
18053 82
18054 82
18055 82
18056 82
18057 82
18058 82
18059 82
18060 82
18061 82
18062 82
18063 82
18064 82
18065 82
18066 100
18067 100
18068 82
18069 82
18070 82
18071 82
18072 82
18073 82
18074 82
18075 82
18076 82
18077 82
18078 82
18079 82
18080 82
18081 82
18082 82
18083 82
18084 215
18085 82
18086 82
18087 82
18088 82
18089 82
18090 82
18091 82
18092 82
18093 82
18094 82
18095 82
18096 82
18097 82
18098 82
18099 82
18100 82
18101 82
18102 82
18103 82
18104 82
18105 82
18106 82
18107 82
18108 82
18109 82
18110 82
18111 82
18112 82
18113 82
18114 82
18115 82
18116 82
18117 82
18118 82
18119 82
18120 82
18121 82
18122 82
18123 215
18124 82
18125 82
18126 82
18127 82
18128 82
18129 82
18130 82
18131 82
18132 82
18133 2
18134 82
18135 82
18136 82
18137 82
18138 82
18139 82
18140 82
18141 82
18142 82
18143 82
18144 82
18145 82
18146 82
18147 82
18148 82
18149 82
18150 82
18151 82
18152 82
18153 82
18154 82
18155 82
18156 82
18157 82
18158 82
18159 82
18160 82
18161 82
18162 82
18163 82
18164 82
18165 82
18166 82
18167 82
18168 82
18169 82
18170 82
18171 82
18172 82
18173 82
18174 82
18175 82
18176 82
18177 82
18178 82
18179 82
18180 82
18181 82
18182 82
18183 82
18184 82
18185 82
18186 82
18187 82
18188 82
18189 82
18190 82
18191 82
18192 82
18193 82
18194 82
18195 82
18196 82
18197 82
18198 82
18199 82
18200 82
18201 82
18202 82
18203 82
18204 82
18205 82
18206 82
18207 82
18208 82
18209 82
18210 82
18211 82
18212 82
18213 82
18214 82
18215 82
18216 82
18217 82
18218 82
18219 82
18220 82
18221 82
18222 82
18223 82
18224 82
18225 82
18226 82
18227 82
18228 82
18229 82
18230 82
18231 82
18232 82
18233 82
18234 82
18235 82
18236 82
18237 82
18238 82
18239 82
18240 82
18241 82
18242 82
18243 82
18244 82
18245 2
18246 215
18247 215
18248 215
18249 82
18250 82
18251 82
18252 82
18253 82
18254 82
18255 82
18256 82
18257 82
18258 82
18259 82
18260 0
18261 82
18262 82
18263 82
18264 82
18265 82
18266 82
18267 82
18268 82
18269 82
18270 82
18271 82
18272 215
18273 82
18274 82
18275 82
18276 82
18277 82
18278 82
18279 82
18280 82
18281 82
18282 82
18283 82
18284 82
18285 82
18286 82
18287 82
18288 82
18289 82
18290 82
18291 82
18292 82
18293 82
18294 82
18295 82
18296 82
18297 82
18298 82
18299 82
18300 82
18301 82
18302 82
18303 82
18304 82
18305 82
18306 82
18307 82
18308 82
18309 82
18310 82
18311 82
18312 82
18313 82
18314 82
18315 82
18316 82
18317 82
18318 82
18319 82
18320 82
18321 82
18322 82
18323 82
18324 82
18325 82
18326 82
18327 82
18328 82
18329 82
18330 82
18331 82
18332 82
18333 82
18334 82
18335 82
18336 82
18337 82
18338 82
18339 0
18340 82
18341 82
18342 82
18343 82
18344 82
18345 82
18346 82
18347 82
18348 82
18349 82
18350 82
18351 82
18352 82
18353 82
18354 82
18355 82
18356 82
18357 82
18358 82
18359 82
18360 82
18361 82
18362 82
18363 82
18364 82
18365 82
18366 82
18367 82
18368 82
18369 82
18370 82
18371 82
18372 82
18373 47
18374 47
18375 82
18376 82
18377 462
18378 82
18379 82
18380 82
18381 82
18382 82
18383 82
18384 82
18385 82
18386 82
18387 82
18388 82
18389 82
18390 82
18391 82
18392 82
18393 82
18394 82
18395 82
18396 82
18397 82
18398 82
18399 82
18400 82
18401 82
18402 82
18403 82
18404 82
18405 82
18406 82
18407 82
18408 82
18409 82
18410 82
18411 82
18412 82
18413 82
18414 82
18415 82
18416 82
18417 82
18418 82
18419 82
18420 82
18421 82
18422 82
18423 82
18424 82
18425 82
18426 82
18427 82
18428 82
18429 82
18430 82
18431 82
18432 82
18433 82
18434 82
18435 82
18436 82
18437 82
18438 82
18439 82
18440 82
18441 82
18442 82
18443 82
18444 82
18445 82
18446 82
18447 82
18448 82
18449 82
18450 82
18451 82
18452 82
18453 82
18454 82
18455 82
18456 82
18457 82
18458 82
18459 82
18460 82
18461 82
18462 82
18463 82
18464 82
18465 215
18466 82
18467 82
18468 82
18469 82
18470 82
18471 47
18472 47
18473 47
18474 47
18475 82
18476 82
18477 82
18478 82
18479 82
18480 82
18481 82
18482 82
18483 82
18484 82
18485 82
18486 82
18487 215
18488 82
18489 82
18490 82
18491 82
18492 82
18493 2
18494 82
18495 82
18496 82
18497 82
18498 82
18499 82
18500 82
18501 82
18502 82
18503 82
18504 82
18505 82
18506 82
18507 82
18508 82
18509 82
18510 82
18511 82
18512 215
18513 82
18514 82
18515 82
18516 82
18517 82
18518 82
18519 82
18520 82
18521 82
18522 82
18523 82
18524 82
18525 82
18526 47
18527 82
18528 82
18529 82
18530 82
18531 82
18532 82
18533 82
18534 82
18535 215
18536 82
18537 82
18538 82
18539 82
18540 82
18541 82
18542 82
18543 82
18544 82
18545 82
18546 82
18547 82
18548 82
18549 82
18550 82
18551 82
18552 82
18553 82
18554 82
18555 82
18556 82
18557 82
18558 82
18559 82
18560 82
18561 82
18562 82
18563 82
18564 82
18565 82
18566 82
18567 82
18568 82
18569 82
18570 82
18571 82
18572 82
18573 82
18574 82
18575 82
18576 82
18577 82
18578 82
18579 82
18580 82
18581 82
18582 82
18583 82
18584 82
18585 82
18586 82
18587 82
18588 82
18589 82
18590 457
18591 82
18592 82
18593 82
18594 82
18595 82
18596 82
18597 82
18598 215
18599 82
18600 82
18601 82
18602 82
18603 82
18604 82
18605 82
18606 82
18607 82
18608 82
18609 82
18610 82
18611 82
18612 82
18613 82
18614 82
18615 82
18616 82
18617 215
18618 82
18619 82
18620 82
18621 82
18622 82
18623 82
18624 82
18625 82
18626 82
18627 215
18628 215
18629 82
18630 48
18631 48
18632 48
18633 48
18634 48
18635 48
18636 82
18637 82
18638 82
18639 82
18640 82
18641 82
18642 82
18643 82
18644 82
18645 82
18646 82
18647 100
18648 100
18649 215
18650 215
18651 100
18652 82
18653 215
18654 215
18655 215
18656 215
18657 215
18658 215
18659 215
18660 215
18661 82
18662 82
18663 82
18664 82
18665 82
18666 82
18667 82
18668 82
18669 82
18670 82
18671 82
18672 82
18673 82
18674 82
18675 82
18676 82
18677 82
18678 82
18679 82
18680 82
18681 82
18682 82
18683 82
18684 82
18685 82
18686 82
18687 82
18688 82
18689 82
18690 82
18691 82
18692 82
18693 82
18694 82
18695 82
18696 82
18697 215
18698 82
18699 82
18700 82
18701 82
18702 82
18703 82
18704 82
18705 82
18706 82
18707 82
18708 82
18709 82
18710 82
18711 82
18712 82
18713 215
18714 215
18715 215
18716 215
18717 215
18718 215
18719 215
18720 82
18721 215
18722 215
18723 215
18724 215
18725 82
18726 82
18727 82
18728 82
18729 82
18730 82
18731 82
18732 82
18733 82
18734 82
18735 82
18736 82
18737 82
18738 82
18739 82
18740 82
18741 82
18742 215
18743 82
18744 82
18745 82
18746 82
18747 82
18748 82
18749 82
18750 82
18751 82
18752 82
18753 82
18754 82
18755 82
18756 82
18757 82
18758 82
18759 82
18760 82
18761 82
18762 82
18763 82
18764 82
18765 82
18766 82
18767 82
18768 82
18769 82
18770 82
18771 82
18772 82
18773 82
18774 82
18775 82
18776 82
18777 82
18778 215
18779 82
18780 82
18781 215
18782 82
18783 49
18784 82
18785 215
18786 215
18787 215
18788 215
18789 215
18790 82
18791 82
18792 215
18793 215
18794 215
18795 215
18796 215
18797 215
18798 82
18799 82
18800 82
18801 82
18802 82
18803 215
18804 215
18805 82
18806 82
18807 82
18808 82
18809 215
18810 407
18811 82
18812 82
18813 82
18814 215
18815 215
18816 82
18817 82
18818 100
18819 82
18820 82
18821 215
18822 82
18823 49
18824 215
18825 215
18826 406
18827 82
18828 82
18829 82
18830 82
18831 82
18832 82
18833 82
18834 82
18835 215
18836 215
18837 49
18838 215
18839 215
18840 82
18841 82
18842 82
18843 100
18844 215
18845 82
18846 82
18847 82
18848 82
18849 82
18850 82
18851 82
18852 215
18853 82
18854 82
18855 82
18856 215
18857 82
18858 82
18859 82
18860 82
18861 82
18862 215
18863 100
18864 82
18865 82
18866 215
18867 82
18868 215
18869 215
18870 82
18871 82
18872 215
18873 82
18874 82
18875 82
18876 100
18877 82
18878 82
18879 82
18880 215
18881 82
18882 82
18883 82
18884 82
18885 82
18886 82
18887 100
18888 82
18889 82
18890 82
18891 215
18892 82
18893 82
18894 82
18895 82
18896 82
18897 100
18898 215
18899 215
18900 215
18901 215
18902 82
18903 82
18904 82
18905 406
18906 406
18907 82
18908 215
18909 82
18910 215
18911 82
18912 215
18913 82
18914 82
18915 215
18916 82
18917 82
18918 82
18919 82
18920 82
18921 82
18922 82
18923 82
18924 82
18925 82
18926 82
18927 82
18928 82
18929 82
18930 82
18931 82
18932 82
18933 82
18934 82
18935 82
18936 82
18937 82
18938 100
18939 82
18940 82
18941 82
18942 82
18943 100
18944 82
18945 100
18946 100
18947 82
18948 82
18949 100
18950 82
18951 82
18952 82
18953 82
18954 82
18955 82
18956 82
18957 82
18958 82
18959 100
18960 82
18961 82
18962 82
18963 82
18964 82
18965 82
18966 100
18967 82
18968 82
18969 100
18970 82
18971 82
18972 82
18973 82
18974 82
18975 100
18976 82
18977 82
18978 82
18979 82
18980 82
18981 82
18982 82
18983 82
18984 82
18985 82
18986 100
18987 82
18988 215
18989 215
18990 215
18991 215
18992 215
18993 215
18994 215
18995 215
18996 215
18997 82
18998 82
18999 82
19000 82
19001 82
19002 82
19003 82
19004 82
19005 82
19006 82
19007 82
19008 50
19009 50
19010 51
19011 51
19012 51
19013 82
19014 82
19015 82
19016 293
19017 293
19018 293
19019 293
19020 293
19021 293
19022 82
19023 82
19024 82
19025 82
19026 82
19027 100
19028 82
19029 82
19030 82
19031 82
19032 82
19033 100
19034 100
19035 82
19036 82
19037 82
19038 82
19039 215
19040 82
19041 82
19042 82
19043 82
19044 215
19045 215
19046 82
19047 215
19048 82
19049 82
19050 215
19051 82
19052 82
19053 82
19054 82
19055 82
19056 82
19057 82
19058 82
19059 82
19060 82
19061 82
19062 82
19063 82
19064 82
19065 82
19066 82
19067 82
19068 82
19069 215
19070 215
19071 215
19072 215
19073 82
19074 82
19075 82
19076 82
19077 82
19078 82
19079 82
19080 82
19081 82
19082 82
19083 82
19084 82
19085 82
19086 100
19087 100
19088 100
19089 100
19090 100
19091 100
19092 100
19093 100
19094 100
19095 100
19096 100
19097 100
19098 100
19099 100
19100 100
19101 100
19102 100
19103 100
19104 100
19105 100
19106 100
19107 100
19108 100
19109 100
19110 100
19111 82
19112 458
19113 82
19114 458
19115 82
19116 82
19117 82
19118 82
19119 82
19120 82
19121 82
19122 82
19123 82
19124 82
19125 82
19126 457
19127 82
19128 215
19129 82
19130 82
19131 82
19132 82
19133 82
19134 82
19135 82
19136 82
19137 82
19138 82
19139 82
19140 82
19141 82
19142 82
19143 82
19144 82
19145 82
19146 82
19147 82
19148 457
19149 457
19150 82
19151 82
19152 82
19153 82
19154 82
19155 82
19156 82
19157 82
19158 82
19159 82
19160 82
19161 82
19162 82
19163 82
19164 82
19165 82
19166 82
19167 82
19168 82
19169 82
19170 82
19171 82
19172 82
19173 82
19174 82
19175 82
19176 82
19177 82
19178 82
19179 82
19180 82
19181 82
19182 82
19183 82
19184 82
19185 82
19186 82
19187 82
19188 82
19189 82
19190 82
19191 82
19192 215
19193 82
19194 82
19195 82
19196 82
19197 82
19198 82
19199 82
19200 82
19201 82
19202 82
19203 82
19204 82
19205 82
19206 82
19207 82
19208 82
19209 82
19210 82
19211 82
19212 82
19213 82
19214 82
19215 82
19216 100
19217 82
19218 82
19219 82
19220 82
19221 82
19222 82
19223 82
19224 82
19225 82
19226 82
19227 82
19228 100
19229 82
19230 82
19231 82
19232 82
19233 82
19234 82
19235 82
19236 82
19237 82
19238 82
19239 82
19240 82
19241 82
19242 82
19243 82
19244 82
19245 82
19246 82
19247 82
19248 215
19249 215
19250 82
19251 82
19252 82
19253 82
19254 82
19255 82
19256 82
19257 100
19258 82
19259 82
19260 82
19261 82
19262 82
19263 100
19264 82
19265 100
19266 82
19267 82
19268 82
19269 82
19270 82
19271 100
19272 82
19273 82
19274 82
19275 82
19276 82
19277 82
19278 82
19279 82
19280 82
19281 82
19282 82
19283 82
19284 82
19285 82
19286 82
19287 82
19288 82
19289 82
19290 215
19291 82
19292 82
19293 82
19294 82
19295 82
19296 82
19297 82
19298 82
19299 100
19300 82
19301 82
19302 82
19303 215
19304 215
19305 215
19306 82
19307 82
19308 82
19309 82
19310 82
19311 82
19312 82
19313 82
19314 82
19315 82
19316 82
19317 82
19318 82
19319 82
19320 82
19321 82
19322 82
19323 82
19324 100
19325 82
19326 82
19327 82
19328 82
19329 82
19330 82
19331 82
19332 82
19333 82
19334 82
19335 82
19336 82
19337 52
19338 52
19339 215
19340 53
19341 53
19342 53
19343 53
19344 53
19345 82
19346 82
19347 82
19348 82
19349 82
19350 82
19351 82
19352 82
19353 54
19354 54
19355 215
19356 82
19357 82
19358 82
19359 82
19360 82
19361 215
19362 82
19363 55
19364 55
19365 82
19366 100
19367 82
19368 82
19369 82
19370 82
19371 82
19372 215
19373 82
19374 100
19375 82
19376 82
19377 82
19378 82
19379 100
19380 82
19381 100
19382 100
19383 100
19384 82
19385 82
19386 82
19387 82
19388 82
19389 82
19390 82
19391 82
19392 100
19393 82
19394 82
19395 82
19396 82
19397 82
19398 82
19399 82
19400 82
19401 82
19402 82
19403 82
19404 82
19405 82
19406 82
19407 82
19408 82
19409 82
19410 82
19411 82
19412 82
19413 82
19414 215
19415 82
19416 82
19417 82
19418 82
19419 82
19420 56
19421 56
19422 82
19423 82
19424 0
19425 100
19426 100
19427 100
19428 100
19429 100
19430 100
19431 100
19432 100
19433 100
19434 100
19435 100
19436 82
19437 100
19438 100
19439 100
19440 100
19441 100
19442 100
19443 100
19444 100
19445 100
19446 82
19447 82
19448 82
19449 82
19450 82
19451 215
19452 215
19453 215
19454 215
19455 215
19456 215
19457 82
19458 82
19459 82
19460 82
19461 82
19462 82
19463 82
19464 100
19465 215
19466 215
19467 215
19468 215
19469 215
19470 215
19471 215
19472 215
19473 215
19474 215
19475 215
19476 59
19477 59
19478 59
19479 57
19480 57
19481 57
19482 82
19483 82
19484 82
19485 82
19486 82
19487 82
19488 82
19489 82
19490 82
19491 82
19492 82
19493 82
19494 82
19495 82
19496 82
19497 82
19498 82
19499 82
19500 82
19501 82
19502 82
19503 82
19504 82
19505 82
19506 82
19507 82
19508 100
19509 82
19510 82
19511 82
19512 82
19513 82
19514 82
19515 82
19516 82
19517 82
19518 82
19519 82
19520 82
19521 82
19522 82
19523 82
19524 100
19525 100
19526 82
19527 82
19528 82
19529 82
19530 100
19531 82
19532 82
19533 82
19534 82
19535 82
19536 82
19537 82
19538 82
19539 82
19540 82
19541 82
19542 82
19543 82
19544 58
19545 58
19546 58
19547 58
19548 58
19549 58
19550 58
19551 215
19552 215
19553 82
19554 82
19555 59
19556 215
19557 82
19558 60
19559 60
19560 82
19561 82
19562 82
19563 82
19564 82
19565 82
19566 215
19567 215
19568 215
19569 0
19570 0
19571 0
19572 0
19573 0
19574 0
19575 0
19576 0
19577 0
19578 0
19579 0
19580 0
19581 82
19582 215
19583 215
19584 215
19585 215
19586 215
19587 82
19588 82
19589 82
19590 82
19591 82
19592 58
19593 58
19594 58
19595 82
19596 215
19597 215
19598 215
19599 215
19600 215
19601 215
19602 215
19603 215
19604 215
19605 215
19606 215
19607 215
19608 215
19609 215
19610 215
19611 215
19612 215
19613 215
19614 215
19615 215
19616 82
19617 215
19618 215
19619 215
19620 215
19621 215
19622 215
19623 215
19624 215
19625 215
19626 215
19627 215
19628 215
19629 215
19630 215
19631 215
19632 215
19633 215
19634 215
19635 215
19636 215
19637 215
19638 82
19639 82
19640 100
19641 82
19642 100
19643 100
19644 100
19645 100
19646 100
19647 317
19648 82
19649 82
19650 82
19651 82
19652 82
19653 82
19654 82
19655 100
19656 100
19657 100
19658 100
19659 100
19660 100
19661 82
19662 82
19663 82
19664 100
19665 100
19666 100
19667 100
19668 82
19669 82
19670 82
19671 82
19672 100
19673 82
19674 82
19675 82
19676 82
19677 82
19678 100
19679 100
19680 82
19681 82
19682 82
19683 82
19684 82
19685 215
19686 82
19687 82
19688 82
19689 82
19690 82
19691 82
19692 82
19693 82
19694 82
19695 215
19696 82
19697 82
19698 82
19699 82
19700 82
19701 82
19702 82
19703 215
19704 82
19705 96
19706 96
19707 215
19708 215
19709 82
19710 215
19711 215
19712 215
19713 82
19714 215
19715 215
19716 215
19717 215
19718 215
19719 215
19720 215
19721 215
19722 82
19723 82
19724 215
19725 215
19726 215
19727 215
19728 215
19729 82
19730 82
19731 215
19732 215
19733 215
19734 82
19735 82
19736 82
19737 82
19738 82
19739 215
19740 82
19741 82
19742 82
19743 82
19744 82
19745 215
19746 82
19747 82
19748 82
19749 82
19750 215
19751 845
19752 82
19753 82
19754 215
19755 82
19756 82
19757 82
19758 695
19759 82
19760 82
19761 215
19762 82
19763 82
19764 215
19765 215
19766 82
19767 82
19768 82
19769 82
19770 82
19771 82
19772 82
19773 82
19774 82
19775 82
19776 82
19777 215
19778 82
19779 215
19780 215
19781 82
19782 82
19783 82
19784 82
19785 82
19786 215
19787 215
19788 215
19789 695
19790 82
19791 82
19792 215
19793 82
19794 82
19795 82
19796 82
19797 82
19798 82
19799 82
19800 82
19801 82
19802 82
19803 82
19804 82
19805 82
19806 82
19807 215
19808 215
19809 215
19810 82
19811 82
19812 215
19813 82
19814 82
19815 215
19816 215
19817 82
19818 82
19819 82
19820 82
19821 82
19822 82
19823 65
19824 100
19825 82
19826 82
19827 100
19828 82
19829 215
19830 82
19831 100
19832 215
19833 100
19834 215
19835 215
19836 215
19837 82
19838 63
19839 82
19840 82
19841 82
19842 82
19843 82
19844 82
19845 82
19846 215
19847 215
19848 82
19849 82
19850 65
19851 65
19852 82
19853 82
19854 63
19855 82
19856 63
19857 215
19858 215
19859 215
19860 82
19861 82
19862 100
19863 82
19864 82
19865 82
19866 82
19867 82
19868 82
19869 82
19870 82
19871 82
19872 82
19873 82
19874 82
19875 82
19876 65
19877 215
19878 82
19879 215
19880 82
19881 82
19882 82
19883 82
19884 82
19885 82
19886 82
19887 100
19888 215
19889 215
19890 82
19891 82
19892 82
19893 82
19894 82
19895 82
19896 82
19897 82
19898 82
19899 100
19900 82
19901 215
19902 215
19903 82
19904 82
19905 82
19906 82
19907 82
19908 82
19909 82
19910 82
19911 82
19912 82
19913 82
19914 82
19915 82
19916 82
19917 82
19918 82
19919 82
19920 82
19921 82
19922 82
19923 82
19924 82
19925 215
19926 215
19927 82
19928 82
19929 82
19930 82
19931 82
19932 82
19933 82
19934 82
19935 96
19936 215
19937 82
19938 65
19939 82
19940 82
19941 82
19942 82
19943 82
19944 82
19945 82
19946 82
19947 215
19948 82
19949 82
19950 100
19951 82
19952 82
19953 82
19954 82
19955 82
19956 82
19957 82
19958 82
19959 82
19960 82
19961 82
19962 100
19963 82
19964 82
19965 82
19966 82
19967 82
19968 82
19969 82
19970 82
19971 82
19972 82
19973 82
19974 82
19975 82
19976 82
19977 82
19978 100
19979 65
19980 82
19981 82
19982 82
19983 215
19984 215
19985 82
19986 82
19987 215
19988 82
19989 82
19990 82
19991 82
19992 82
19993 82
19994 82
19995 100
19996 82
19997 82
19998 82
19999 82
20000 82
20001 82
20002 215
20003 82
20004 82
20005 82
20006 82
20007 215
20008 82
20009 82
20010 82
20011 82
20012 82
20013 82
20014 82
20015 82
20016 82
20017 82
20018 215
20019 63
20020 63
20021 215
20022 215
20023 215
20024 215
20025 215
20026 215
20027 215
20028 215
20029 215
20030 82
20031 215
20032 82
20033 215
20034 215
20035 215
20036 82
20037 82
20038 82
20039 82
20040 82
20041 82
20042 82
20043 82
20044 82
20045 82
20046 82
20047 82
20048 82
20049 82
20050 82
20051 82
20052 82
20053 82
20054 82
20055 82
20056 82
20057 82
20058 82
20059 82
20060 82
20061 82
20062 82
20063 82
20064 82
20065 82
20066 82
20067 100
20068 82
20069 82
20070 82
20071 82
20072 82
20073 82
20074 82
20075 82
20076 82
20077 82
20078 82
20079 82
20080 82
20081 82
20082 82
20083 82
20084 82
20085 82
20086 82
20087 82
20088 82
20089 82
20090 82
20091 82
20092 82
20093 82
20094 82
20095 82
20096 82
20097 82
20098 82
20099 82
20100 82
20101 82
20102 82
20103 82
20104 82
20105 82
20106 82
20107 82
20108 82
20109 82
20110 82
20111 82
20112 82
20113 82
20114 82
20115 82
20116 82
20117 82
20118 82
20119 82
20120 82
20121 82
20122 82
20123 82
20124 82
20125 82
20126 82
20127 82
20128 82
20129 82
20130 82
20131 82
20132 82
20133 82
20134 82
20135 82
20136 82
20137 82
20138 82
20139 215
20140 82
20141 82
20142 82
20143 82
20144 82
20145 82
20146 82
20147 82
20148 82
20149 82
20150 82
20151 82
20152 82
20153 82
20154 82
20155 82
20156 82
20157 82
20158 82
20159 82
20160 82
20161 82
20162 82
20163 82
20164 82
20165 82
20166 82
20167 82
20168 82
20169 82
20170 215
20171 100
20172 100
20173 100
20174 100
20175 100
20176 100
20177 100
20178 100
20179 100
20180 100
20181 100
20182 100
20183 100
20184 100
20185 82
20186 82
20187 82
20188 100
20189 100
20190 215
20191 215
20192 215
20193 215
20194 215
20195 215
20196 215
20197 215
20198 215
20199 215
20200 63
20201 63
20202 63
20203 215
20204 215
20205 215
20206 215
20207 215
20208 215
20209 215
20210 215
20211 215
20212 215
20213 215
20214 215
20215 215
20216 215
20217 215
20218 215
20219 215
20220 215
20221 215
20222 215
20223 215
20224 215
20225 215
20226 215
20227 215
20228 215
20229 215
20230 215
20231 215
20232 215
20233 215
20234 215
20235 215
20236 215
20237 215
20238 215
20239 215
20240 215
20241 215
20242 215
20243 215
20244 215
20245 215
20246 215
20247 215
20248 215
20249 215
20250 215
20251 215
20252 215
20253 215
20254 215
20255 215
20256 215
20257 215
20258 215
20259 82
20260 215
20261 215
20262 215
20263 215
20264 215
20265 215
20266 215
20267 215
20268 215
20269 215
20270 215
20271 215
20272 215
20273 215
20274 82
20275 215
20276 215
20277 215
20278 215
20279 215
20280 215
20281 215
20282 215
20283 215
20284 215
20285 215
20286 215
20287 215
20288 215
20289 215
20290 215
20291 215
20292 215
20293 215
20294 215
20295 215
20296 215
20297 215
20298 215
20299 215
20300 215
20301 215
20302 215
20303 215
20304 215
20305 215
20306 215
20307 215
20308 215
20309 215
20310 215
20311 215
20312 215
20313 215
20314 215
20315 82
20316 215
20317 215
20318 215
20319 215
20320 215
20321 215
20322 215
20323 215
20324 215
20325 215
20326 215
20327 215
20328 215
20329 215
20330 82
20331 215
20332 215
20333 215
20334 215
20335 215
20336 215
20337 215
20338 215
20339 215
20340 215
20341 215
20342 215
20343 215
20344 215
20345 215
20346 215
20347 215
20348 215
20349 215
20350 215
20351 215
20352 215
20353 215
20354 215
20355 215
20356 215
20357 215
20358 215
20359 215
20360 215
20361 215
20362 215
20363 215
20364 215
20365 215
20366 82
20367 215
20368 215
20369 215
20370 215
20371 215
20372 215
20373 215
20374 215
20375 215
20376 215
20377 215
20378 215
20379 215
20380 215
20381 215
20382 215
20383 215
20384 215
20385 215
20386 215
20387 215
20388 215
20389 215
20390 215
20391 215
20392 215
20393 215
20394 82
20395 82
20396 82
20397 62
20398 62
20399 82
20400 82
20401 82
20402 82
20403 82
20404 82
20405 82
20406 82
20407 82
20408 82
20409 82
20410 82
20411 82
20412 82
20413 82
20414 82
20415 82
20416 82
20417 82
20418 82
20419 82
20420 82
20421 82
20422 82
20423 82
20424 82
20425 82
20426 82
20427 82
20428 82
20429 65
20430 65
20431 65
20432 65
20433 65
20434 65
20435 65
20436 65
20437 65
20438 65
20439 65
20440 65
20441 65
20442 65
20443 65
20444 65
20445 65
20446 65
20447 65
20448 65
20449 65
20450 65
20451 65
20452 65
20453 63
20454 63
20455 63
20456 63
20457 64
20458 64
20459 64
20460 64
20461 64
20462 82
20463 82
20464 82
20465 82
20466 82
20467 82
20468 82
20469 82
20470 82
20471 215
20472 215
20473 82
20474 82
20475 82
20476 82
20477 82
20478 82
20479 82
20480 215
20481 215
20482 215
20483 215
20484 215
20485 215
20486 215
20487 215
20488 215
20489 215
20490 215
20491 215
20492 215
20493 215
20494 215
20495 215
20496 215
20497 215
20498 215
20499 215
20500 215
20501 215
20502 215
20503 215
20504 215
20505 82
20506 215
20507 215
20508 215
20509 215
20510 215
20511 215
20512 215
20513 215
20514 215
20515 215
20516 215
20517 215
20518 215
20519 215
20520 2
20521 215
20522 215
20523 215
20524 215
20525 215
20526 215
20527 215
20528 215
20529 215
20530 215
20531 215
20532 215
20533 215
20534 215
20535 215
20536 215
20537 215
20538 215
20539 215
20540 215
20541 82
20542 82
20543 215
20544 215
20545 215
20546 215
20547 215
20548 215
20549 215
20550 215
20551 215
20552 215
20553 215
20554 215
20555 215
20556 215
20557 215
20558 215
20559 215
20560 215
20561 215
20562 215
20563 215
20564 215
20565 215
20566 215
20567 215
20568 215
20569 215
20570 215
20571 215
20572 215
20573 215
20574 215
20575 215
20576 215
20577 215
20578 215
20579 215
20580 215
20581 215
20582 215
20583 215
20584 215
20585 215
20586 215
20587 215
20588 215
20589 215
20590 215
20591 215
20592 215
20593 215
20594 215
20595 215
20596 215
20597 215
20598 215
20599 215
20600 215
20601 82
20602 82
20603 82
20604 82
20605 82
20606 82
20607 82
20608 215
20609 215
20610 215
20611 215
20612 215
20613 215
20614 215
20615 215
20616 215
20617 215
20618 215
20619 215
20620 215
20621 215
20622 215
20623 215
20624 215
20625 215
20626 215
20627 215
20628 215
20629 215
20630 82
20631 82
20632 950
20633 950
20634 950
20635 82
20636 82
20637 82
20638 82
20639 215
20640 82
20641 82
20642 82
20643 82
20644 82
20645 82
20646 82
20647 82
20648 82
20649 82
20650 82
20651 82
20652 82
20653 82
20654 82
20655 82
20656 82
20657 82
20658 82
20659 82
20660 82
20661 82
20662 82
20663 82
20664 82
20665 82
20666 82
20667 82
20668 82
20669 82
20670 82
20671 82
20672 82
20673 82
20674 82
20675 82
20676 82
20677 82
20678 82
20679 82
20680 82
20681 82
20682 82
20683 82
20684 82
20685 82
20686 82
20687 82
20688 82
20689 82
20690 82
20691 82
20692 82
20693 82
20694 82
20695 82
20696 82
20697 82
20698 82
20699 82
20700 82
20701 82
20702 82
20703 82
20704 82
20705 82
20706 82
20707 82
20708 82
20709 82
20710 82
20711 82
20712 82
20713 82
20714 82
20715 82
20716 82
20717 82
20718 82
20719 82
20720 82
20721 82
20722 82
20723 82
20724 82
20725 82
20726 82
20727 82
20728 82
20729 82
20730 82
20731 215
20732 82
20733 82
20734 82
20735 82
20736 82
20737 82
20738 82
20739 82
20740 82
20741 82
20742 82
20743 82
20744 82
20745 82
20746 82
20747 82
20748 82
20749 82
20750 66
20751 66
20752 215
20753 82
20754 82
20755 82
20756 82
20757 82
20758 82
20759 82
20760 82
20761 82
20762 82
20763 82
20764 100
20765 215
20766 82
20767 100
20768 100
20769 100
20770 100
20771 100
20772 82
20773 82
20774 82
20775 82
20776 82
20777 82
20778 67
20779 67
20780 67
20781 67
20782 67
20783 67
20784 67
20785 67
20786 67
20787 67
20788 67
20789 67
20790 67
20791 67
20792 67
20793 67
20794 67
20795 67
20796 82
20797 82
20798 82
20799 82
20800 82
20801 82
20802 82
20803 82
20804 82
20805 215
20806 69
20807 69
20808 69
20809 69
20810 69
20811 82
20812 82
20813 82
20814 82
20815 215
20816 215
20817 215
20818 215
20819 215
20820 96
20821 96
20822 96
20823 96
20824 96
20825 82
20826 215
20827 215
20828 215
20829 215
20830 82
20831 82
20832 215
20833 215
20834 82
20835 82
20836 82
20837 82
20838 82
20839 82
20840 82
20841 82
20842 82
20843 82
20844 82
20845 82
20846 82
20847 82
20848 82
20849 82
20850 82
20851 82
20852 82
20853 82
20854 82
20855 82
20856 82
20857 82
20858 82
20859 82
20860 82
20861 82
20862 82
20863 82
20864 82
20865 82
20866 82
20867 82
20868 82
20869 82
20870 82
20871 82
20872 82
20873 82
20874 82
20875 82
20876 82
20877 82
20878 82
20879 82
20880 82
20881 82
20882 82
20883 82
20884 82
20885 82
20886 82
20887 82
20888 82
20889 82
20890 82
20891 82
20892 82
20893 82
20894 82
20895 82
20896 82
20897 82
20898 82
20899 82
20900 82
20901 70
20902 70
20903 71
20904 71
20905 71
20906 65
20907 82
20908 82
20909 82
20910 82
20911 82
20912 82
20913 82
20914 82
20915 82
20916 215
20917 82
20918 215
20919 82
20920 82
20921 215
20922 215
20923 215
20924 215
20925 215
20926 215
20927 215
20928 100
20929 100
20930 100
20931 215
20932 215
20933 215
20934 215
20935 215
20936 215
20937 215
20938 215
20939 215
20940 215
20941 215
20942 215
20943 215
20944 215
20945 82
20946 215
20947 215
20948 215
20949 215
20950 215
20951 215
20952 215
20953 215
20954 215
20955 215
20956 215
20957 215
20958 215
20959 215
20960 215
20961 215
20962 82
20963 82
20964 82
20965 82
20966 100
20967 215
20968 215
20969 214
20970 82
20971 72
20972 72
20973 72
20974 72
20975 82
20976 82
20977 82
20978 82
20979 82
20980 73
20981 73
20982 73
20983 73
20984 73
20985 82
20986 74
20987 74
20988 82
20989 82
20990 82
20991 215
20992 82
20993 82
20994 82
20995 82
20996 82
20997 82
20998 82
20999 82
21000 82
21001 82
21002 215
21003 82
21004 82
21005 82
21006 82
21007 82
21008 82
21009 82
21010 82
21011 82
21012 82
21013 82
21014 82
21015 82
21016 82
21017 82
21018 82
21019 82
21020 82
21021 82
21022 82
21023 82
21024 82
21025 82
21026 82
21027 82
21028 82
21029 82
21030 82
21031 82
21032 82
21033 82
21034 82
21035 82
21036 82
21037 82
21038 82
21039 82
21040 82
21041 82
21042 82
21043 82
21044 82
21045 82
21046 82
21047 82
21048 82
21049 82
21050 82
21051 82
21052 82
21053 82
21054 82
21055 82
21056 82
21057 82
21058 82
21059 82
21060 82
21061 82
21062 82
21063 82
21064 82
21065 82
21066 82
21067 82
21068 82
21069 82
21070 82
21071 82
21072 82
21073 82
21074 82
21075 82
21076 82
21077 82
21078 82
21079 82
21080 82
21081 82
21082 82
21083 82
21084 82
21085 82
21086 82
21087 82
21088 82
21089 215
21090 82
21091 82
21092 82
21093 82
21094 82
21095 82
21096 82
21097 82
21098 82
21099 82
21100 82
21101 215
21102 82
21103 82
21104 82
21105 82
21106 215
21107 215
21108 82
21109 82
21110 82
21111 82
21112 82
21113 82
21114 82
21115 82
21116 75
21117 75
21118 75
21119 75
21120 75
21121 75
21122 75
21123 75
21124 75
21125 75
21126 75
21127 75
21128 75
21129 75
21130 75
21131 75
21132 75
21133 82
21134 82
21135 82
21136 82
21137 82
21138 76
21139 76
21140 77
21141 77
21142 82
21143 215
21144 215
21145 215
21146 215
21147 215
21148 215
21149 215
21150 215
21151 215
21152 215
21153 215
21154 215
21155 215
21156 215
21157 215
21158 215
21159 215
21160 215
21161 215
21162 215
21163 215
21164 82
21165 215
21166 215
21167 100
21168 215
21169 215
21170 215
21171 215
21172 215
21173 215
21174 215
21175 215
21176 215
21177 215
21178 215
21179 215
21180 215
21181 215
21182 215
21183 215
21184 215
21185 215
21186 215
21187 215
21188 215
21189 215
21190 215
21191 215
21192 215
21193 215
21194 215
21195 215
21196 215
21197 215
21198 215
21199 215
21200 215
21201 215
21202 215
21203 215
21204 215
21205 215
21206 215
21207 215
21208 215
21209 215
21210 215
21211 215
21212 215
21213 215
21214 215
21215 100
21216 215
21217 215
21218 215
21219 215
21220 215
21221 215
21222 215
21223 215
21224 215
21225 215
21226 215
21227 215
21228 215
21229 100
21230 78
21231 78
21232 79
21233 79
21234 79
21235 100
21236 215
21237 100
21238 100
21239 80
21240 80
21241 82
21242 82
21243 82
21244 215
21245 215
21246 215
21247 215
21248 215
21249 215
21250 215
21251 215
21252 215
21253 215
21254 215
21255 215
21256 215
21257 65
21258 65
21259 65
21260 81
21261 81
21262 82
21263 82
21264 82
21265 82
21266 82
21267 82
21268 82
21269 82
21270 82
21271 82
21272 82
21273 82
21274 82
21275 82
21276 82
21277 82
21278 82
21279 82
21280 82
21281 82
21282 82
21283 82
21284 82
21285 82
21286 459
21287 82
21288 82
21289 100
21290 82
21291 82
21292 82
21293 82
21294 82
21295 82
21296 82
21297 82
21298 82
21299 215
21300 82
21301 82
21302 82
21303 82
21304 82
21305 82
21306 1027
21307 82
21308 82
21309 82
21310 82
21311 82
21312 82
21313 82
21314 82
21315 82
21316 82
21317 82
21318 82
21319 215
21320 82
21321 82
21322 82
21323 82
21324 82
21325 82
21326 82
21327 82
21328 82
21329 82
21330 215
21331 82
21332 82
21333 82
21334 82
21335 82
21336 215
21337 82
21338 82
21339 215
21340 215
21341 215
21342 215
21343 214
21344 214
21345 82
21346 82
21347 215
21348 215
21349 215
21350 215
21351 82
21352 82
21353 82
21354 82
21355 82
21356 82
21357 82
21358 82
21359 82
21360 82
21361 82
21362 82
21363 82
21364 82
21365 82
21366 82
21367 82
21368 82
21369 82
21370 82
21371 82
21372 82
21373 82
21374 82
21375 82
21376 82
21377 82
21378 82
21379 82
21380 82
21381 82
21382 82
21383 82
21384 82
21385 82
21386 82
21387 82
21388 82
21389 215
21390 215
21391 215
21392 82
21393 82
21394 82
21395 82
21396 82
21397 215
21398 215
21399 215
21400 82
21401 215
21402 215
21403 215
21404 215
21405 215
21406 215
21407 215
21408 215
21409 215
21410 215
21411 215
21412 215
21413 215
21414 215
21415 215
21416 215
21417 215
21418 215
21419 215
21420 215
21421 215
21422 215
21423 215
21424 215
21425 215
21426 215
21427 215
21428 215
21429 215
21430 215
21431 215
21432 215
21433 82
21434 82
21435 82
21436 82
21437 82
21438 82
21439 82
21440 82
21441 82
21442 82
21443 82
21444 215
21445 215
21446 82
21447 82
21448 82
21449 82
21450 82
21451 82
21452 82
21453 82
21454 82
21455 82
21456 82
21457 82
21458 82
21459 82
21460 82
21461 82
21462 82
21463 82
21464 215
21465 215
21466 82
21467 82
21468 82
21469 82
21470 82
21471 82
21472 82
21473 82
21474 215
21475 215
21476 215
21477 82
21478 82
21479 82
21480 82
21481 82
21482 82
21483 82
21484 82
21485 215
21486 82
21487 82
21488 215
21489 82
21490 82
21491 82
21492 82
21493 82
21494 82
21495 82
21496 82
21497 65
21498 82
21499 65
21500 82
21501 82
21502 82
21503 82
21504 65
21505 82
21506 215
21507 82
21508 82
21509 82
21510 65
21511 82
21512 82
21513 82
21514 82
21515 82
21516 65
21517 82
21518 65
21519 82
21520 82
21521 82
21522 82
21523 82
21524 82
21525 82
21526 65
21527 82
21528 82
21529 82
21530 82
21531 82
21532 82
21533 82
21534 82
21535 82
21536 82
21537 82
21538 82
21539 82
21540 82
21541 82
21542 82
21543 82
21544 65
21545 65
21546 82
21547 82
21548 82
21549 82
21550 82
21551 82
21552 82
21553 82
21554 65
21555 82
21556 82
21557 82
21558 82
21559 82
21560 215
21561 215
21562 215
21563 215
21564 215
21565 215
21566 215
21567 215
21568 215
21569 215
21570 215
21571 215
21572 215
21573 215
21574 215
21575 215
21576 215
21577 215
21578 215
21579 215
21580 215
21581 215
21582 215
21583 215
21584 215
21585 215
21586 215
21587 215
21588 215
21589 215
21590 215
21591 215
21592 215
21593 215
21594 215
21595 215
21596 215
21597 215
21598 215
21599 215
21600 215
21601 215
21602 215
21603 215
21604 215
21605 215
21606 215
21607 215
21608 215
21609 82
21610 215
21611 215
21612 215
21613 215
21614 215
21615 215
21616 215
21617 215
21618 215
21619 215
21620 215
21621 215
21622 215
21623 215
21624 215
21625 215
21626 215
21627 215
21628 215
21629 215
21630 215
21631 215
21632 215
21633 215
21634 215
21635 215
21636 82
21637 215
21638 215
21639 215
21640 215
21641 82
21642 215
21643 215
21644 215
21645 215
21646 215
21647 215
21648 215
21649 215
21650 215
21651 215
21652 215
21653 215
21654 215
21655 215
21656 215
21657 215
21658 82
21659 82
21660 215
21661 215
21662 215
21663 215
21664 215
21665 215
21666 215
21667 215
21668 215
21669 215
21670 215
21671 215
21672 215
21673 215
21674 215
21675 215
21676 215
21677 215
21678 215
21679 215
21680 215
21681 82
21682 215
21683 215
21684 215
21685 215
21686 215
21687 215
21688 215
21689 215
21690 215
21691 215
21692 215
21693 215
21694 215
21695 215
21696 215
21697 215
21698 215
21699 215
21700 215
21701 215
21702 215
21703 215
21704 215
21705 215
21706 215
21707 215
21708 215
21709 215
21710 215
21711 215
21712 215
21713 215
21714 215
21715 215
21716 215
21717 215
21718 215
21719 215
21720 215
21721 215
21722 215
21723 215
21724 215
21725 215
21726 215
21727 215
21728 215
21729 215
21730 215
21731 215
21732 215
21733 215
21734 215
21735 215
21736 215
21737 215
21738 215
21739 215
21740 215
21741 215
21742 215
21743 215
21744 215
21745 215
21746 215
21747 215
21748 215
21749 215
21750 215
21751 215
21752 215
21753 215
21754 215
21755 215
21756 215
21757 215
21758 215
21759 215
21760 215
21761 215
21762 215
21763 215
21764 215
21765 215
21766 215
21767 215
21768 215
21769 215
21770 215
21771 215
21772 215
21773 215
21774 215
21775 215
21776 215
21777 215
21778 215
21779 82
21780 215
21781 215
21782 215
21783 215
21784 215
21785 82
21786 215
21787 82
21788 215
21789 215
21790 215
21791 215
21792 215
21793 215
21794 215
21795 215
21796 215
21797 215
21798 215
21799 215
21800 215
21801 215
21802 215
21803 215
21804 215
21805 215
21806 215
21807 215
21808 215
21809 215
21810 215
21811 82
21812 215
21813 215
21814 215
21815 215
21816 215
21817 215
21818 215
21819 215
21820 215
21821 215
21822 215
21823 215
21824 215
21825 215
21826 215
21827 215
21828 215
21829 215
21830 215
21831 215
21832 215
21833 215
21834 215
21835 82
21836 215
21837 215
21838 215
21839 215
21840 215
21841 215
21842 215
21843 215
21844 215
21845 215
21846 215
21847 215
21848 215
21849 215
21850 215
21851 215
21852 215
21853 215
21854 82
21855 215
21856 215
21857 215
21858 215
21859 215
21860 215
21861 215
21862 215
21863 215
21864 215
21865 215
21866 215
21867 215
21868 215
21869 215
21870 215
21871 215
21872 215
21873 215
21874 215
21875 215
21876 215
21877 215
21878 215
21879 215
21880 215
21881 215
21882 215
21883 215
21884 215
21885 215
21886 215
21887 215
21888 215
21889 215
21890 215
21891 215
21892 215
21893 215
21894 215
21895 215
21896 215
21897 215
21898 215
21899 215
21900 215
21901 215
21902 215
21903 215
21904 215
21905 215
21906 215
21907 215
21908 215
21909 215
21910 215
21911 215
21912 215
21913 100
21914 215
21915 215
21916 215
21917 215
21918 215
21919 215
21920 215
21921 215
21922 215
21923 215
21924 215
21925 215
21926 215
21927 215
21928 215
21929 215
21930 82
21931 215
21932 215
21933 215
21934 215
21935 215
21936 215
21937 215
21938 215
21939 215
21940 215
21941 82
21942 215
21943 215
21944 215
21945 82
21946 82
21947 82
21948 82
21949 82
21950 82
21951 82
21952 82
21953 82
21954 82
21955 82
21956 997
21957 82
21958 82
21959 82
21960 82
21961 82
21962 82
21963 215
21964 82
21965 82
21966 215
21967 82
21968 82
21969 82
21970 82
21971 82
21972 82
21973 82
21974 215
21975 215
21976 215
21977 215
21978 215
21979 82
21980 82
21981 82
21982 82
21983 82
21984 82
21985 82
21986 82
21987 82
21988 82
21989 82
21990 82
21991 82
21992 82
21993 82
21994 82
21995 82
21996 82
21997 82
21998 82
21999 82
22000 215
22001 82
22002 82
22003 215
22004 82
22005 215
22006 82
22007 82
22008 82
22009 82
22010 82
22011 215
22012 215
22013 215
22014 215
22015 215
22016 215
22017 215
22018 215
22019 215
22020 215
22021 215
22022 215
22023 215
22024 215
22025 215
22026 215
22027 215
22028 215
22029 215
22030 215
22031 215
22032 215
22033 82
22034 82
22035 215
22036 82
22037 82
22038 83
22039 83
22040 83
22041 83
22042 83
22043 82
22044 82
22045 82
22046 82
22047 82
22048 82
22049 215
22050 82
22051 82
22052 82
22053 82
22054 82
22055 82
22056 82
22057 82
22058 82
22059 82
22060 82
22061 82
22062 82
22063 215
22064 82
22065 82
22066 82
22067 82
22068 82
22069 82
22070 82
22071 82
22072 82
22073 82
22074 82
22075 82
22076 82
22077 82
22078 82
22079 82
22080 82
22081 82
22082 82
22083 82
22084 82
22085 82
22086 82
22087 82
22088 82
22089 82
22090 215
22091 82
22092 82
22093 82
22094 82
22095 82
22096 82
22097 82
22098 82
22099 215
22100 82
22101 82
22102 82
22103 82
22104 82
22105 82
22106 82
22107 215
22108 215
22109 215
22110 215
22111 215
22112 215
22113 82
22114 82
22115 100
22116 100
22117 100
22118 100
22119 82
22120 82
22121 82
22122 82
22123 82
22124 82
22125 82
22126 215
22127 215
22128 215
22129 215
22130 82
22131 82
22132 82
22133 82
22134 82
22135 82
22136 100
22137 100
22138 100
22139 82
22140 82
22141 82
22142 82
22143 82
22144 82
22145 82
22146 82
22147 82
22148 82
22149 82
22150 82
22151 82
22152 82
22153 82
22154 82
22155 82
22156 82
22157 82
22158 82
22159 215
22160 215
22161 215
22162 82
22163 82
22164 82
22165 82
22166 82
22167 82
22168 82
22169 82
22170 82
22171 82
22172 84
22173 84
22174 84
22175 82
22176 215
22177 215
22178 215
22179 215
22180 215
22181 215
22182 215
22183 215
22184 215
22185 215
22186 215
22187 215
22188 215
22189 215
22190 215
22191 215
22192 215
22193 215
22194 215
22195 215
22196 82
22197 82
22198 82
22199 82
22200 82
22201 215
22202 215
22203 215
22204 215
22205 215
22206 215
22207 215
22208 215
22209 215
22210 215
22211 215
22212 215
22213 215
22214 215
22215 215
22216 215
22217 215
22218 215
22219 215
22220 215
22221 215
22222 215
22223 215
22224 215
22225 215
22226 215
22227 215
22228 215
22229 215
22230 215
22231 215
22232 215
22233 215
22234 215
22235 215
22236 215
22237 215
22238 215
22239 215
22240 82
22241 215
22242 215
22243 215
22244 215
22245 215
22246 82
22247 82
22248 215
22249 215
22250 215
22251 82
22252 82
22253 215
22254 215
22255 215
22256 215
22257 215
22258 215
22259 215
22260 215
22261 215
22262 215
22263 215
22264 215
22265 215
22266 215
22267 215
22268 215
22269 215
22270 215
22271 215
22272 215
22273 215
22274 215
22275 215
22276 215
22277 215
22278 215
22279 215
22280 215
22281 215
22282 215
22283 215
22284 215
22285 215
22286 215
22287 215
22288 215
22289 215
22290 215
22291 215
22292 215
22293 215
22294 215
22295 215
22296 215
22297 215
22298 215
22299 215
22300 215
22301 215
22302 215
22303 215
22304 215
22305 215
22306 215
22307 215
22308 215
22309 215
22310 82
22311 82
22312 215
22313 215
22314 215
22315 215
22316 215
22317 215
22318 215
22319 215
22320 215
22321 215
22322 215
22323 215
22324 215
22325 215
22326 215
22327 215
22328 215
22329 215
22330 215
22331 215
22332 215
22333 215
22334 215
22335 215
22336 215
22337 215
22338 215
22339 215
22340 82
22341 82
22342 82
22343 215
22344 215
22345 82
22346 82
22347 82
22348 82
22349 82
22350 82
22351 82
22352 82
22353 82
22354 82
22355 82
22356 82
22357 82
22358 82
22359 82
22360 82
22361 82
22362 82
22363 82
22364 85
22365 85
22366 85
22367 82
22368 82
22369 82
22370 82
22371 82
22372 215
22373 82
22374 82
22375 82
22376 82
22377 82
22378 82
22379 82
22380 82
22381 82
22382 82
22383 82
22384 82
22385 215
22386 82
22387 86
22388 86
22389 86
22390 86
22391 82
22392 82
22393 82
22394 82
22395 82
22396 82
22397 82
22398 82
22399 82
22400 82
22401 82
22402 82
22403 82
22404 82
22405 82
22406 82
22407 82
22408 82
22409 82
22410 82
22411 82
22412 82
22413 215
22414 215
22415 82
22416 82
22417 82
22418 82
22419 82
22420 82
22421 82
22422 100
22423 100
22424 82
22425 82
22426 82
22427 82
22428 82
22429 82
22430 82
22431 82
22432 82
22433 82
22434 82
22435 82
22436 82
22437 82
22438 82
22439 82
22440 215
22441 82
22442 82
22443 82
22444 82
22445 82
22446 215
22447 215
22448 215
22449 215
22450 215
22451 215
22452 82
22453 82
22454 82
22455 82
22456 82
22457 82
22458 82
22459 0
22460 82
22461 0
22462 0
22463 215
22464 215
22465 215
22466 215
22467 82
22468 82
22469 82
22470 82
22471 215
22472 215
22473 82
22474 82
22475 82
22476 82
22477 82
22478 215
22479 215
22480 82
22481 215
22482 215
22483 215
22484 82
22485 82
22486 82
22487 82
22488 82
22489 87
22490 87
22491 82
22492 82
22493 82
22494 82
22495 82
22496 82
22497 82
22498 82
22499 0
22500 0
22501 82
22502 82
22503 215
22504 215
22505 215
22506 215
22507 82
22508 82
22509 82
22510 82
22511 100
22512 82
22513 82
22514 82
22515 82
22516 82
22517 82
22518 82
22519 82
22520 82
22521 82
22522 82
22523 82
22524 82
22525 82
22526 82
22527 82
22528 82
22529 82
22530 82
22531 82
22532 82
22533 82
22534 82
22535 82
22536 82
22537 82
22538 82
22539 82
22540 82
22541 215
22542 82
22543 82
22544 82
22545 215
22546 215
22547 215
22548 215
22549 215
22550 215
22551 215
22552 215
22553 215
22554 215
22555 215
22556 215
22557 215
22558 215
22559 215
22560 215
22561 215
22562 215
22563 215
22564 215
22565 215
22566 215
22567 215
22568 215
22569 215
22570 215
22571 215
22572 215
22573 215
22574 82
22575 82
22576 215
22577 82
22578 82
22579 82
22580 82
22581 82
22582 82
22583 82
22584 82
22585 82
22586 82
22587 0
22588 82
22589 88
22590 88
22591 82
22592 82
22593 82
22594 82
22595 82
22596 82
22597 82
22598 82
22599 82
22600 82
22601 82
22602 82
22603 215
22604 82
22605 82
22606 82
22607 82
22608 82
22609 82
22610 82
22611 82
22612 82
22613 82
22614 89
22615 89
22616 89
22617 89
22618 90
22619 90
22620 90
22621 90
22622 90
22623 90
22624 90
22625 90
22626 90
22627 90
22628 90
22629 90
22630 82
22631 82
22632 82
22633 82
22634 82
22635 82
22636 82
22637 82
22638 82
22639 82
22640 82
22641 82
22642 215
22643 82
22644 215
22645 82
22646 82
22647 82
22648 215
22649 215
22650 82
22651 82
22652 82
22653 82
22654 82
22655 727
22656 82
22657 82
22658 215
22659 215
22660 215
22661 82
22662 82
22663 215
22664 82
22665 82
22666 82
22667 82
22668 215
22669 215
22670 215
22671 82
22672 215
22673 215
22674 82
22675 82
22676 215
22677 82
22678 82
22679 723
22680 82
22681 82
22682 82
22683 82
22684 215
22685 82
22686 82
22687 215
22688 82
22689 82
22690 82
22691 82
22692 82
22693 82
22694 82
22695 82
22696 82
22697 82
22698 82
22699 82
22700 215
22701 82
22702 82
22703 82
22704 82
22705 215
22706 82
22707 82
22708 215
22709 82
22710 82
22711 82
22712 82
22713 82
22714 82
22715 82
22716 215
22717 82
22718 82
22719 82
22720 82
22721 215
22722 82
22723 82
22724 82
22725 82
22726 82
22727 82
22728 82
22729 82
22730 82
22731 82
22732 82
22733 82
22734 215
22735 82
22736 82
22737 82
22738 215
22739 215
22740 82
22741 82
22742 82
22743 215
22744 215
22745 215
22746 215
22747 215
22748 215
22749 215
22750 215
22751 215
22752 82
22753 215
22754 215
22755 82
22756 82
22757 215
22758 82
22759 82
22760 82
22761 82
22762 82
22763 82
22764 82
22765 82
22766 82
22767 82
22768 215
22769 82
22770 82
22771 82
22772 82
22773 82
22774 82
22775 82
22776 82
22777 82
22778 82
22779 82
22780 82
22781 82
22782 82
22783 82
22784 82
22785 82
22786 82
22787 215
22788 215
22789 82
22790 82
22791 82
22792 82
22793 82
22794 82
22795 82
22796 82
22797 82
22798 82
22799 82
22800 82
22801 215
22802 82
22803 82
22804 82
22805 82
22806 82
22807 82
22808 82
22809 82
22810 82
22811 82
22812 82
22813 82
22814 82
22815 82
22816 82
22817 82
22818 82
22819 82
22820 82
22821 82
22822 82
22823 82
22824 82
22825 82
22826 82
22827 82
22828 82
22829 82
22830 82
22831 82
22832 100
22833 82
22834 82
22835 82
22836 82
22837 82
22838 82
22839 82
22840 82
22841 82
22842 82
22843 82
22844 82
22845 82
22846 82
22847 82
22848 82
22849 82
22850 82
22851 82
22852 82
22853 82
22854 82
22855 82
22856 82
22857 82
22858 82
22859 82
22860 82
22861 82
22862 82
22863 82
22864 82
22865 82
22866 82
22867 82
22868 82
22869 82
22870 82
22871 82
22872 82
22873 82
22874 82
22875 82
22876 82
22877 82
22878 82
22879 82
22880 82
22881 82
22882 82
22883 82
22884 82
22885 82
22886 82
22887 82
22888 82
22889 82
22890 82
22891 82
22892 82
22893 82
22894 82
22895 82
22896 82
22897 82
22898 82
22899 82
22900 82
22901 82
22902 82
22903 82
22904 82
22905 82
22906 82
22907 82
22908 215
22909 82
22910 215
22911 215
22912 215
22913 215
22914 215
22915 215
22916 215
22917 91
22918 91
22919 82
22920 82
22921 82
22922 215
22923 215
22924 215
22925 215
22926 215
22927 215
22928 215
22929 215
22930 215
22931 215
22932 215
22933 215
22934 100
22935 215
22936 215
22937 215
22938 215
22939 215
22940 215
22941 215
22942 215
22943 215
22944 215
22945 215
22946 215
22947 215
22948 215
22949 215
22950 215
22951 215
22952 215
22953 215
22954 215
22955 215
22956 215
22957 215
22958 215
22959 215
22960 215
22961 215
22962 215
22963 215
22964 215
22965 215
22966 215
22967 215
22968 215
22969 215
22970 215
22971 82
22972 215
22973 215
22974 215
22975 215
22976 215
22977 215
22978 215
22979 215
22980 215
22981 215
22982 215
22983 215
22984 215
22985 215
22986 215
22987 215
22988 215
22989 215
22990 215
22991 215
22992 215
22993 215
22994 215
22995 215
22996 215
22997 215
22998 215
22999 215
23000 215
23001 215
23002 215
23003 215
23004 215
23005 215
23006 215
23007 215
23008 82
23009 82
23010 82
23011 82
23012 82
23013 82
23014 215
23015 215
23016 215
23017 82
23018 82
23019 215
23020 215
23021 215
23022 215
23023 215
23024 215
23025 215
23026 215
23027 215
23028 215
23029 215
23030 215
23031 215
23032 215
23033 215
23034 215
23035 215
23036 215
23037 215
23038 215
23039 215
23040 215
23041 215
23042 215
23043 215
23044 215
23045 215
23046 215
23047 215
23048 215
23049 215
23050 215
23051 215
23052 215
23053 215
23054 215
23055 215
23056 215
23057 215
23058 215
23059 215
23060 215
23061 215
23062 215
23063 215
23064 215
23065 215
23066 215
23067 215
23068 215
23069 215
23070 215
23071 215
23072 215
23073 215
23074 215
23075 215
23076 215
23077 215
23078 215
23079 215
23080 215
23081 215
23082 215
23083 215
23084 215
23085 215
23086 215
23087 215
23088 215
23089 215
23090 215
23091 215
23092 215
23093 215
23094 215
23095 82
23096 215
23097 215
23098 215
23099 82
23100 82
23101 215
23102 82
23103 82
23104 215
23105 215
23106 215
23107 215
23108 215
23109 215
23110 82
23111 82
23112 82
23113 82
23114 82
23115 92
23116 92
23117 92
23118 92
23119 92
23120 92
23121 93
23122 93
23123 82
23124 215
23125 215
23126 215
23127 215
23128 215
23129 215
23130 215
23131 215
23132 215
23133 215
23134 215
23135 215
23136 215
23137 215
23138 215
23139 215
23140 215
23141 215
23142 215
23143 215
23144 215
23145 215
23146 215
23147 215
23148 215
23149 215
23150 215
23151 215
23152 215
23153 215
23154 215
23155 215
23156 215
23157 215
23158 215
23159 215
23160 215
23161 215
23162 215
23163 215
23164 215
23165 215
23166 215
23167 215
23168 215
23169 215
23170 215
23171 215
23172 215
23173 215
23174 215
23175 215
23176 215
23177 215
23178 215
23179 215
23180 215
23181 215
23182 215
23183 215
23184 215
23185 215
23186 215
23187 215
23188 215
23189 215
23190 215
23191 215
23192 215
23193 215
23194 215
23195 215
23196 215
23197 215
23198 215
23199 215
23200 215
23201 215
23202 215
23203 65
23204 82
23205 82
23206 82
23207 82
23208 215
23209 82
23210 82
23211 82
23212 82
23213 82
23214 82
23215 82
23216 82
23217 82
23218 82
23219 82
23220 82
23221 82
23222 82
23223 82
23224 82
23225 82
23226 82
23227 82
23228 82
23229 215
23230 82
23231 82
23232 82
23233 82
23234 82
23235 82
23236 82
23237 82
23238 82
23239 82
23240 82
23241 82
23242 82
23243 82
23244 82
23245 82
23246 82
23247 82
23248 82
23249 82
23250 82
23251 82
23252 82
23253 82
23254 82
23255 82
23256 82
23257 82
23258 82
23259 82
23260 82
23261 65
23262 82
23263 82
23264 1047
23265 82
23266 82
23267 82
23268 82
23269 82
23270 82
23271 82
23272 82
23273 82
23274 82
23275 82
23276 82
23277 82
23278 82
23279 82
23280 82
23281 82
23282 82
23283 82
23284 82
23285 215
23286 215
23287 215
23288 82
23289 82
23290 82
23291 94
23292 94
23293 82
23294 82
23295 82
23296 82
23297 82
23298 95
23299 95
23300 95
23301 82
23302 82
23303 82
23304 215
23305 215
23306 82
23307 215
23308 215
23309 215
23310 82
23311 82
23312 82
23313 82
23314 82
23315 82
23316 82
23317 82
23318 82
23319 82
23320 82
23321 82
23322 82
23323 82
23324 82
23325 215
23326 82
23327 82
23328 82
23329 215
23330 215
23331 82
23332 82
23333 82
23334 82
23335 82
23336 215
23337 82
23338 82
23339 82
23340 82
23341 82
23342 82
23343 215
23344 215
23345 215
23346 215
23347 215
23348 215
23349 215
23350 215
23351 215
23352 215
23353 215
23354 215
23355 215
23356 215
23357 215
23358 215
23359 215
23360 215
23361 215
23362 215
23363 215
23364 215
23365 215
23366 215
23367 215
23368 215
23369 215
23370 215
23371 215
23372 215
23373 215
23374 215
23375 215
23376 215
23377 215
23378 215
23379 215
23380 215
23381 215
23382 215
23383 215
23384 215
23385 215
23386 215
23387 215
23388 215
23389 215
23390 215
23391 215
23392 215
23393 215
23394 215
23395 215
23396 215
23397 215
23398 215
23399 215
23400 215
23401 215
23402 215
23403 215
23404 215
23405 215
23406 215
23407 215
23408 215
23409 215
23410 215
23411 215
23412 215
23413 215
23414 215
23415 215
23416 215
23417 215
23418 215
23419 215
23420 215
23421 215
23422 215
23423 215
23424 215
23425 215
23426 215
23427 215
23428 215
23429 215
23430 215
23431 215
23432 215
23433 215
23434 215
23435 215
23436 215
23437 215
23438 215
23439 215
23440 215
23441 215
23442 215
23443 215
23444 215
23445 215
23446 215
23447 215
23448 215
23449 215
23450 215
23451 215
23452 215
23453 215
23454 215
23455 215
23456 215
23457 215
23458 215
23459 215
23460 215
23461 215
23462 215
23463 215
23464 215
23465 215
23466 215
23467 215
23468 215
23469 215
23470 215
23471 215
23472 215
23473 215
23474 215
23475 215
23476 215
23477 215
23478 215
23479 215
23480 215
23481 215
23482 215
23483 215
23484 215
23485 215
23486 215
23487 215
23488 215
23489 215
23490 215
23491 215
23492 215
23493 215
23494 215
23495 215
23496 215
23497 215
23498 215
23499 215
23500 215
23501 215
23502 215
23503 215
23504 215
23505 215
23506 215
23507 215
23508 215
23509 215
23510 215
23511 215
23512 215
23513 215
23514 215
23515 215
23516 215
23517 215
23518 215
23519 215
23520 215
23521 215
23522 215
23523 215
23524 215
23525 215
23526 215
23527 215
23528 215
23529 215
23530 215
23531 215
23532 215
23533 215
23534 215
23535 215
23536 215
23537 215
23538 215
23539 215
23540 215
23541 215
23542 215
23543 215
23544 215
23545 215
23546 215
23547 215
23548 215
23549 215
23550 215
23551 215
23552 215
23553 215
23554 215
23555 215
23556 215
23557 215
23558 215
23559 215
23560 215
23561 215
23562 215
23563 215
23564 215
23565 215
23566 215
23567 215
23568 215
23569 215
23570 215
23571 215
23572 215
23573 215
23574 215
23575 215
23576 215
23577 215
23578 215
23579 215
23580 215
23581 215
23582 215
23583 215
23584 215
23585 215
23586 215
23587 215
23588 215
23589 215
23590 215
23591 215
23592 215
23593 215
23594 215
23595 215
23596 215
23597 215
23598 215
23599 215
23600 215
23601 82
23602 215
23603 215
23604 215
23605 215
23606 215
23607 215
23608 215
23609 215
23610 215
23611 215
23612 215
23613 215
23614 215
23615 215
23616 215
23617 215
23618 215
23619 215
23620 82
23621 82
23622 82
23623 82
23624 82
23625 82
23626 82
23627 82
23628 215
23629 215
23630 215
23631 215
23632 215
23633 215
23634 215
23635 215
23636 215
23637 215
23638 215
23639 215
23640 215
23641 215
23642 215
23643 215
23644 215
23645 215
23646 215
23647 215
23648 215
23649 215
23650 215
23651 215
23652 215
23653 215
23654 215
23655 215
23656 215
23657 215
23658 215
23659 215
23660 215
23661 215
23662 215
23663 215
23664 215
23665 215
23666 215
23667 215
23668 215
23669 215
23670 215
23671 215
23672 215
23673 215
23674 215
23675 215
23676 215
23677 215
23678 82
23679 82
23680 215
23681 215
23682 215
23683 215
23684 215
23685 215
23686 215
23687 215
23688 215
23689 215
23690 215
23691 215
23692 215
23693 215
23694 215
23695 215
23696 215
23697 215
23698 215
23699 215
23700 215
23701 215
23702 215
23703 215
23704 215
23705 215
23706 215
23707 215
23708 215
23709 215
23710 215
23711 215
23712 215
23713 215
23714 215
23715 215
23716 215
23717 96
23718 96
23719 96
23720 96
23721 96
23722 96
23723 215
23724 215
23725 215
23726 215
23727 215
23728 215
23729 215
23730 215
23731 215
23732 215
23733 215
23734 215
23735 215
23736 215
23737 215
23738 215
23739 215
23740 215
23741 215
23742 215
23743 215
23744 215
23745 215
23746 215
23747 215
23748 215
23749 215
23750 215
23751 215
23752 215
23753 215
23754 215
23755 215
23756 215
23757 215
23758 215
23759 215
23760 215
23761 215
23762 215
23763 215
23764 215
23765 215
23766 215
23767 215
23768 215
23769 215
23770 215
23771 215
23772 215
23773 215
23774 215
23775 215
23776 215
23777 215
23778 215
23779 215
23780 215
23781 215
23782 215
23783 97
23784 97
23785 97
23786 215
23787 215
23788 215
23789 215
23790 215
23791 215
23792 215
23793 215
23794 215
23795 215
23796 215
23797 215
23798 215
23799 215
23800 215
23801 215
23802 2
23803 215
23804 215
23805 215
23806 215
23807 215
23808 215
23809 215
23810 215
23811 215
23812 215
23813 215
23814 215
23815 215
23816 215
23817 215
23818 215
23819 215
23820 215
23821 215
23822 215
23823 215
23824 215
23825 215
23826 215
23827 215
23828 215
23829 215
23830 215
23831 215
23832 215
23833 215
23834 215
23835 215
23836 215
23837 215
23838 215
23839 215
23840 215
23841 215
23842 215
23843 215
23844 215
23845 215
23846 215
23847 215
23848 215
23849 215
23850 215
23851 215
23852 215
23853 215
23854 215
23855 215
23856 215
23857 215
23858 215
23859 215
23860 215
23861 215
23862 215
23863 215
23864 215
23865 215
23866 215
23867 215
23868 215
23869 215
23870 215
23871 215
23872 215
23873 215
23874 215
23875 215
23876 215
23877 215
23878 215
23879 215
23880 215
23881 215
23882 215
23883 215
23884 215
23885 215
23886 215
23887 215
23888 215
23889 215
23890 215
23891 215
23892 215
23893 215
23894 215
23895 215
23896 215
23897 215
23898 215
23899 215
23900 215
23901 215
23902 215
23903 215
23904 215
23905 215
23906 215
23907 215
23908 215
23909 215
23910 215
23911 2
23912 215
23913 215
23914 215
23915 215
23916 215
23917 215
23918 215
23919 215
23920 215
23921 215
23922 215
23923 215
23924 215
23925 215
23926 2
23927 215
23928 215
23929 215
23930 215
23931 215
23932 215
23933 215
23934 215
23935 215
23936 215
23937 215
23938 215
23939 215
23940 215
23941 215
23942 215
23943 215
23944 215
23945 215
23946 215
23947 215
23948 215
23949 215
23950 215
23951 215
23952 215
23953 215
23954 215
23955 215
23956 215
23957 215
23958 215
23959 215
23960 215
23961 215
23962 215
23963 215
23964 215
23965 215
23966 82
23967 215
23968 82
23969 215
23970 215
23971 215
23972 215
23973 215
23974 215
23975 215
23976 215
23977 215
23978 215
23979 97
23980 215
23981 215
23982 215
23983 215
23984 215
23985 215
23986 215
23987 215
23988 215
23989 215
23990 215
23991 215
23992 215
23993 215
23994 215
23995 215
23996 215
23997 215
23998 215
23999 215
24000 215
24001 215
24002 215
24003 215
24004 215
24005 215
24006 215
24007 215
24008 215
24009 215
24010 215
24011 215
24012 215
24013 215
24014 215
24015 215
24016 215
24017 215
24018 215
24019 215
24020 215
24021 215
24022 215
24023 215
24024 215
24025 215
24026 215
24027 215
24028 215
24029 215
24030 215
24031 98
24032 98
24033 98
24034 0
24035 215
24036 215
24037 215
24038 215
24039 215
24040 215
24041 215
24042 215
24043 215
24044 215
24045 215
24046 215
24047 215
24048 215
24049 215
24050 99
24051 99
24052 215
24053 215
24054 786
24055 215
24056 215
24057 215
24058 215
24059 786
24060 215
24061 215
24062 215
24063 786
24064 215
24065 215
24066 215
24067 215
24068 215
24069 215
24070 96
24071 82
24072 82
24073 82
24074 215
24075 215
24076 215
24077 215
24078 215
24079 215
24080 215
24081 215
24082 215
24083 215
24084 215
24085 215
24086 215
24087 215
24088 215
24089 215
24090 215
24091 215
24092 215
24093 215
24094 215
24095 215
24096 215
24097 82
24098 215
24099 82
24100 215
24101 215
24102 215
24103 215
24104 215
24105 215
24106 215
24107 215
24108 215
24109 215
24110 215
24111 215
24112 215
24113 215
24114 215
24115 215
24116 215
24117 215
24118 215
24119 215
24120 215
24121 215
24122 215
24123 82
24124 215
24125 215
24126 100
24127 215
24128 215
24129 215
24130 215
24131 215
24132 215
24133 215
24134 215
24135 215
24136 215
24137 215
24138 215
24139 215
24140 215
24141 215
24142 215
24143 215
24144 215
24145 215
24146 82
24147 82
24148 82
24149 82
24150 82
24151 306
24152 82
24153 82
24154 82
24155 82
24156 82
24157 82
24158 82
24159 82
24160 82
24161 82
24162 82
24163 82
24164 215
24165 215
24166 82
24167 82
24168 82
24169 82
24170 82
24171 82
24172 82
24173 306
24174 82
24175 82
24176 82
24177 82
24178 82
24179 82
24180 82
24181 82
24182 82
24183 82
24184 82
24185 82
24186 215
24187 82
24188 82
24189 82
24190 82
24191 82
24192 82
24193 82
24194 82
24195 303
24196 82
24197 82
24198 82
24199 82
24200 82
24201 82
24202 82
24203 82
24204 82
24205 82
24206 82
24207 82
24208 82
24209 82
24210 82
24211 82
24212 82
24213 82
24214 308
24215 82
24216 82
24217 82
24218 82
24219 82
24220 82
24221 82
24222 215
24223 82
24224 82
24225 82
24226 82
24227 82
24228 82
24229 105
24230 105
24231 105
24232 105
24233 82
24234 82
24235 82
24236 82
24237 82
24238 82
24239 82
24240 82
24241 82
24242 82
24243 82
24244 82
24245 82
24246 82
24247 82
24248 82
24249 82
24250 82
24251 82
24252 82
24253 82
24254 82
24255 82
24256 82
24257 82
24258 82
24259 82
24260 82
24261 82
24262 82
24263 82
24264 82
24265 82
24266 82
24267 82
24268 305
24269 82
24270 82
24271 82
24272 82
24273 82
24274 307
24275 82
24276 82
24277 82
24278 82
24279 82
24280 82
24281 82
24282 82
24283 82
24284 82
24285 82
24286 82
24287 82
24288 82
24289 82
24290 82
24291 82
24292 82
24293 82
24294 82
24295 82
24296 82
24297 82
24298 82
24299 82
24300 82
24301 82
24302 82
24303 82
24304 82
24305 82
24306 82
24307 82
24308 82
24309 82
24310 82
24311 215
24312 215
24313 82
24314 82
24315 82
24316 82
24317 215
24318 82
24319 82
24320 82
24321 82
24322 82
24323 82
24324 82
24325 82
24326 82
24327 82
24328 82
24329 82
24330 82
24331 82
24332 82
24333 82
24334 82
24335 82
24336 82
24337 82
24338 82
24339 82
24340 82
24341 82
24342 82
24343 82
24344 82
24345 82
24346 82
24347 82
24348 82
24349 215
24350 82
24351 82
24352 82
24353 82
24354 82
24355 82
24356 82
24357 82
24358 82
24359 847
24360 82
24361 82
24362 82
24363 82
24364 82
24365 82
24366 82
24367 82
24368 82
24369 82
24370 82
24371 100
24372 82
24373 82
24374 215
24375 100
24376 82
24377 100
24378 82
24379 100
24380 82
24381 82
24382 82
24383 82
24384 82
24385 82
24386 82
24387 82
24388 82
24389 82
24390 82
24391 100
24392 100
24393 82
24394 82
24395 82
24396 82
24397 82
24398 82
24399 82
24400 82
24401 82
24402 82
24403 82
24404 215
24405 82
24406 82
24407 82
24408 82
24409 82
24410 82
24411 82
24412 82
24413 82
24414 82
24415 100
24416 82
24417 100
24418 100
24419 82
24420 82
24421 100
24422 82
24423 82
24424 82
24425 82
24426 82
24427 82
24428 82
24429 82
24430 82
24431 82
24432 82
24433 82
24434 82
24435 0
24436 0
24437 0
24438 82
24439 82
24440 82
24441 82
24442 82
24443 271
24444 82
24445 82
24446 82
24447 82
24448 82
24449 82
24450 82
24451 82
24452 82
24453 82
24454 82
24455 82
24456 82
24457 82
24458 82
24459 82
24460 82
24461 82
24462 82
24463 82
24464 215
24465 82
24466 82
24467 82
24468 101
24469 82
24470 82
24471 82
24472 82
24473 82
24474 82
24475 82
24476 82
24477 82
24478 82
24479 82
24480 82
24481 82
24482 82
24483 215
24484 82
24485 82
24486 82
24487 82
24488 82
24489 82
24490 82
24491 82
24492 82
24493 82
24494 82
24495 82
24496 82
24497 82
24498 82
24499 82
24500 82
24501 82
24502 82
24503 82
24504 82
24505 82
24506 82
24507 82
24508 82
24509 82
24510 82
24511 82
24512 82
24513 82
24514 82
24515 82
24516 82
24517 82
24518 82
24519 82
24520 82
24521 82
24522 82
24523 82
24524 82
24525 82
24526 82
24527 82
24528 82
24529 82
24530 82
24531 82
24532 82
24533 82
24534 82
24535 82
24536 82
24537 82
24538 82
24539 82
24540 82
24541 82
24542 82
24543 82
24544 82
24545 82
24546 82
24547 82
24548 82
24549 82
24550 82
24551 82
24552 82
24553 82
24554 82
24555 82
24556 942
24557 82
24558 82
24559 82
24560 82
24561 82
24562 215
24563 82
24564 82
24565 82
24566 82
24567 82
24568 82
24569 82
24570 82
24571 82
24572 82
24573 82
24574 82
24575 82
24576 82
24577 82
24578 82
24579 82
24580 82
24581 82
24582 82
24583 82
24584 82
24585 82
24586 82
24587 82
24588 82
24589 82
24590 82
24591 82
24592 215
24593 82
24594 82
24595 82
24596 82
24597 100
24598 82
24599 82
24600 82
24601 82
24602 82
24603 82
24604 102
24605 102
24606 102
24607 102
24608 82
24609 215
24610 82
24611 82
24612 82
24613 82
24614 82
24615 82
24616 82
24617 82
24618 82
24619 215
24620 82
24621 82
24622 82
24623 82
24624 82
24625 103
24626 103
24627 103
24628 82
24629 82
24630 82
24631 82
24632 82
24633 82
24634 82
24635 82
24636 82
24637 215
24638 215
24639 82
24640 215
24641 215
24642 215
24643 215
24644 82
24645 82
24646 65
24647 65
24648 65
24649 65
24650 65
24651 65
24652 82
24653 82
24654 82
24655 82
24656 82
24657 82
24658 82
24659 82
24660 82
24661 974
24662 82
24663 82
24664 82
24665 82
24666 82
24667 82
24668 82
24669 215
24670 215
24671 215
24672 215
24673 82
24674 82
24675 104
24676 104
24677 104
24678 104
24679 82
24680 82
24681 65
24682 65
24683 65
24684 65
24685 65
24686 65
24687 65
24688 65
24689 65
24690 65
24691 65
24692 65
24693 65
24694 65
24695 65
24696 65
24697 65
24698 65
24699 65
24700 65
24701 65
24702 82
24703 82
24704 82
24705 82
24706 82
24707 82
24708 82
24709 82
24710 82
24711 82
24712 82
24713 82
24714 82
24715 82
24716 82
24717 82
24718 82
24719 105
24720 105
24721 105
24722 82
24723 438
24724 82
24725 82
24726 82
24727 82
24728 82
24729 82
24730 82
24731 82
24732 82
24733 82
24734 106
24735 106
24736 106
24737 106
24738 65
24739 65
24740 65
24741 65
24742 65
24743 65
24744 65
24745 65
24746 65
24747 65
24748 65
24749 65
24750 65
24751 65
24752 65
24753 65
24754 82
24755 82
24756 82
24757 82
24758 82
24759 82
24760 82
24761 82
24762 82
24763 82
24764 868
24765 868
24766 100
24767 215
24768 107
24769 107
24770 107
24771 107
24772 82
24773 82
24774 82
24775 82
24776 82
24777 82
24778 215
24779 844
24780 215
24781 215
24782 82
24783 82
24784 82
24785 82
24786 82
24787 82
24788 82
24789 82
24790 82
24791 82
24792 82
24793 82
24794 82
24795 82
24796 82
24797 108
24798 108
24799 82
24800 109
24801 109
24802 215
24803 215
24804 215
24805 215
24806 110
24807 110
24808 110
24809 110
24810 215
24811 215
24812 215
24813 215
24814 215
24815 215
24816 215
24817 215
24818 215
24819 215
24820 215
24821 215
24822 215
24823 215
24824 215
24825 215
24826 215
24827 215
24828 215
24829 215
24830 215
24831 215
24832 215
24833 215
24834 215
24835 215
24836 215
24837 215
24838 215
24839 215
24840 215
24841 215
24842 215
24843 215
24844 215
24845 215
24846 215
24847 215
24848 215
24849 215
24850 215
24851 215
24852 215
24853 215
24854 82
24855 215
24856 215
24857 215
24858 215
24859 215
24860 215
24861 215
24862 215
24863 215
24864 215
24865 215
24866 215
24867 215
24868 215
24869 215
24870 215
24871 215
24872 215
24873 215
24874 215
24875 215
24876 215
24877 215
24878 215
24879 215
24880 215
24881 215
24882 215
24883 215
24884 215
24885 215
24886 215
24887 215
24888 215
24889 215
24890 215
24891 215
24892 215
24893 215
24894 215
24895 215
24896 215
24897 215
24898 215
24899 215
24900 215
24901 215
24902 215
24903 215
24904 215
24905 215
24906 215
24907 215
24908 215
24909 215
24910 215
24911 82
24912 82
24913 82
24914 82
24915 82
24916 82
24917 82
24918 82
24919 82
24920 82
24921 82
24922 82
24923 82
24924 215
24925 215
24926 215
24927 215
24928 215
24929 82
24930 215
24931 215
24932 215
24933 215
24934 215
24935 82
24936 82
24937 82
24938 111
24939 111
24940 111
24941 215
24942 215
24943 215
24944 215
24945 215
24946 215
24947 215
24948 215
24949 215
24950 215
24951 215
24952 215
24953 215
24954 215
24955 215
24956 215
24957 215
24958 215
24959 215
24960 215
24961 215
24962 112
24963 112
24964 215
24965 215
24966 2
24967 215
24968 215
24969 215
24970 215
24971 215
24972 215
24973 215
24974 215
24975 215
24976 215
24977 215
24978 215
24979 215
24980 215
24981 215
24982 215
24983 215
24984 215
24985 215
24986 215
24987 215
24988 215
24989 215
24990 215
24991 215
24992 215
24993 215
24994 215
24995 215
24996 215
24997 215
24998 215
24999 215
25000 215
25001 215
25002 215
25003 215
25004 215
25005 215
25006 215
25007 215
25008 215
25009 215
25010 215
25011 215
25012 215
25013 215
25014 215
25015 215
25016 215
25017 215
25018 215
25019 215
25020 2
25021 2
25022 2
25023 215
25024 215
25025 215
25026 215
25027 113
25028 113
25029 113
25030 114
25031 114
25032 114
25033 114
25034 114
25035 215
25036 215
25037 215
25038 215
25039 215
25040 215
25041 215
25042 215
25043 215
25044 215
25045 215
25046 215
25047 215
25048 215
25049 82
25050 82
25051 115
25052 115
25053 215
25054 215
25055 215
25056 215
25057 215
25058 215
25059 116
25060 116
25061 215
25062 215
25063 117
25064 117
25065 117
25066 117
25067 215
25068 215
25069 215
25070 215
25071 215
25072 215
25073 215
25074 215
25075 215
25076 215
25077 2
25078 2
25079 215
25080 215
25081 215
25082 215
25083 215
25084 215
25085 215
25086 215
25087 215
25088 215
25089 215
25090 215
25091 215
25092 215
25093 215
25094 215
25095 215
25096 215
25097 215
25098 215
25099 215
25100 82
25101 215
25102 215
25103 215
25104 215
25105 215
25106 215
25107 215
25108 215
25109 215
25110 215
25111 215
25112 215
25113 215
25114 215
25115 215
25116 215
25117 215
25118 215
25119 215
25120 215
25121 215
25122 215
25123 215
25124 215
25125 215
25126 215
25127 215
25128 215
25129 215
25130 215
25131 215
25132 215
25133 215
25134 215
25135 215
25136 215
25137 215
25138 215
25139 215
25140 215
25141 215
25142 215
25143 215
25144 215
25145 215
25146 215
25147 215
25148 118
25149 118
25150 82
25151 215
25152 215
25153 215
25154 215
25155 215
25156 215
25157 215
25158 215
25159 215
25160 215
25161 215
25162 215
25163 215
25164 215
25165 215
25166 215
25167 215
25168 215
25169 215
25170 215
25171 215
25172 215
25173 215
25174 215
25175 215
25176 215
25177 215
25178 215
25179 215
25180 215
25181 215
25182 215
25183 215
25184 215
25185 215
25186 215
25187 215
25188 215
25189 215
25190 215
25191 215
25192 215
25193 215
25194 215
25195 215
25196 215
25197 215
25198 215
25199 215
25200 215
25201 215
25202 215
25203 215
25204 215
25205 215
25206 215
25207 215
25208 215
25209 215
25210 215
25211 82
25212 215
25213 215
25214 215
25215 100
25216 82
25217 215
25218 215
25219 215
25220 215
25221 215
25222 215
25223 215
25224 215
25225 215
25226 215
25227 215
25228 215
25229 215
25230 215
25231 215
25232 215
25233 215
25234 215
25235 215
25236 215
25237 215
25238 215
25239 215
25240 215
25241 215
25242 215
25243 215
25244 215
25245 215
25246 215
25247 215
25248 215
25249 215
25250 215
25251 215
25252 215
25253 215
25254 215
25255 215
25256 215
25257 215
25258 215
25259 82
25260 215
25261 215
25262 215
25263 215
25264 215
25265 215
25266 215
25267 215
25268 215
25269 215
25270 215
25271 215
25272 215
25273 215
25274 215
25275 215
25276 215
25277 215
25278 215
25279 215
25280 215
25281 215
25282 215
25283 215
25284 215
25285 215
25286 215
25287 215
25288 215
25289 215
25290 215
25291 215
25292 215
25293 215
25294 215
25295 215
25296 215
25297 215
25298 0
25299 119
25300 119
25301 119
25302 82
25303 82
25304 82
25305 215
25306 215
25307 82
25308 82
25309 82
25310 100
25311 120
25312 120
25313 120
25314 120
25315 120
25316 121
25317 121
25318 215
25319 215
25320 215
25321 215
25322 215
25323 215
25324 215
25325 215
25326 215
25327 122
25328 122
25329 122
25330 0
25331 123
25332 123
25333 124
25334 124
25335 215
25336 125
25337 125
25338 82
25339 82
25340 215
25341 215
25342 215
25343 215
25344 215
25345 215
25346 215
25347 215
25348 126
25349 126
25350 127
25351 127
25352 128
25353 128
25354 128
25355 128
25356 128
25357 129
25358 129
25359 129
25360 130
25361 130
25362 131
25363 131
25364 132
25365 132
25366 133
25367 133
25368 134
25369 134
25370 135
25371 135
25372 136
25373 136
25374 137
25375 137
25376 137
25377 137
25378 137
25379 137
25380 138
25381 138
25382 139
25383 139
25384 140
25385 140
25386 141
25387 141
25388 142
25389 142
25390 143
25391 143
25392 144
25393 144
25394 144
25395 144
25396 144
25397 145
25398 145
25399 145
25400 146
25401 146
25402 147
25403 147
25404 147
25405 147
25406 148
25407 148
25408 149
25409 149
25410 150
25411 150
25412 215
25413 215
25414 215
25415 151
25416 151
25417 152
25418 152
25419 153
25420 153
25421 154
25422 154
25423 155
25424 155
25425 156
25426 156
25427 156
25428 157
25429 157
25430 158
25431 158
25432 158
25433 158
25434 158
25435 159
25436 159
25437 160
25438 160
25439 161
25440 161
25441 162
25442 162
25443 162
25444 163
25445 163
25446 164
25447 164
25448 165
25449 165
25450 166
25451 166
25452 166
25453 167
25454 167
25455 168
25456 168
25457 215
25458 215
25459 169
25460 169
25461 170
25462 170
25463 171
25464 171
25465 82
25466 215
25467 215
25468 215
25469 215
25470 215
25471 215
25472 215
25473 172
25474 172
25475 215
25476 215
25477 215
25478 215
25479 215
25480 2
25481 82
25482 215
25483 215
25484 82
25485 215
25486 215
25487 215
25488 215
25489 215
25490 215
25491 215
25492 82
25493 82
25494 82
25495 82
25496 82
25497 82
25498 82
25499 82
25500 82
25501 82
25502 82
25503 82
25504 82
25505 82
25506 82
25507 82
25508 82
25509 82
25510 82
25511 82
25512 82
25513 82
25514 82
25515 82
25516 82
25517 82
25518 82
25519 82
25520 82
25521 82
25522 82
25523 82
25524 82
25525 173
25526 173
25527 174
25528 174
25529 82
25530 82
25531 82
25532 82
25533 82
25534 82
25535 175
25536 175
25537 82
25538 176
25539 176
25540 176
25541 176
25542 176
25543 176
25544 176
25545 176
25546 176
25547 176
25548 177
25549 177
25550 178
25551 178
25552 82
25553 82
25554 82
25555 179
25556 179
25557 179
25558 179
25559 180
25560 180
25561 180
25562 180
25563 82
25564 82
25565 82
25566 82
25567 82
25568 82
25569 82
25570 82
25571 82
25572 82
25573 82
25574 82
25575 82
25576 82
25577 82
25578 82
25579 82
25580 82
25581 82
25582 82
25583 82
25584 82
25585 82
25586 82
25587 82
25588 82
25589 82
25590 82
25591 82
25592 82
25593 82
25594 82
25595 82
25596 82
25597 82
25598 82
25599 82
25600 82
25601 82
25602 82
25603 82
25604 82
25605 82
25606 82
25607 82
25608 215
25609 82
25610 82
25611 82
25612 82
25613 82
25614 82
25615 82
25616 215
25617 82
25618 82
25619 82
25620 82
25621 82
25622 215
25623 215
25624 215
25625 215
25626 82
25627 82
25628 82
25629 82
25630 82
25631 82
25632 82
25633 82
25634 82
25635 82
25636 82
25637 82
25638 82
25639 82
25640 82
25641 82
25642 82
25643 82
25644 82
25645 82
25646 82
25647 82
25648 82
25649 82
25650 82
25651 82
25652 181
25653 181
25654 182
25655 182
25656 182
25657 182
25658 82
25659 82
25660 82
25661 82
25662 82
25663 82
25664 82
25665 82
25666 82
25667 82
25668 82
25669 82
25670 82
25671 82
25672 82
25673 82
25674 82
25675 82
25676 82
25677 82
25678 82
25679 82
25680 82
25681 82
25682 82
25683 82
25684 82
25685 82
25686 82
25687 82
25688 82
25689 82
25690 82
25691 82
25692 82
25693 82
25694 82
25695 82
25696 82
25697 82
25698 82
25699 82
25700 82
25701 82
25702 82
25703 82
25704 82
25705 82
25706 82
25707 82
25708 82
25709 82
25710 82
25711 82
25712 82
25713 82
25714 82
25715 82
25716 82
25717 82
25718 82
25719 82
25720 82
25721 82
25722 82
25723 82
25724 215
25725 215
25726 82
25727 82
25728 82
25729 82
25730 82
25731 82
25732 82
25733 82
25734 82
25735 82
25736 82
25737 82
25738 82
25739 82
25740 82
25741 82
25742 82
25743 82
25744 82
25745 82
25746 183
25747 183
25748 183
25749 82
25750 183
25751 82
25752 82
25753 82
25754 82
25755 82
25756 82
25757 82
25758 215
25759 215
25760 215
25761 215
25762 215
25763 215
25764 215
25765 215
25766 215
25767 215
25768 215
25769 215
25770 215
25771 215
25772 215
25773 215
25774 215
25775 215
25776 215
25777 184
25778 184
25779 215
25780 215
25781 215
25782 215
25783 215
25784 215
25785 215
25786 215
25787 215
25788 215
25789 215
25790 215
25791 215
25792 215
25793 215
25794 215
25795 215
25796 215
25797 215
25798 215
25799 215
25800 215
25801 215
25802 215
25803 215
25804 215
25805 215
25806 215
25807 215
25808 215
25809 215
25810 215
25811 215
25812 215
25813 215
25814 215
25815 215
25816 215
25817 215
25818 215
25819 215
25820 215
25821 215
25822 215
25823 215
25824 215
25825 215
25826 215
25827 215
25828 215
25829 215
25830 215
25831 215
25832 215
25833 215
25834 215
25835 185
25836 185
25837 185
25838 185
25839 215
25840 215
25841 215
25842 215
25843 215
25844 215
25845 215
25846 215
25847 215
25848 215
25849 215
25850 215
25851 215
25852 215
25853 215
25854 215
25855 82
25856 82
25857 186
25858 186
25859 186
25860 186
25861 186
25862 82
25863 215
25864 215
25865 215
25866 215
25867 215
25868 215
25869 215
25870 215
25871 215
25872 215
25873 215
25874 215
25875 215
25876 215
25877 215
25878 215
25879 215
25880 215
25881 215
25882 215
25883 215
25884 215
25885 215
25886 215
25887 215
25888 215
25889 215
25890 215
25891 215
25892 215
25893 215
25894 215
25895 215
25896 215
25897 215
25898 215
25899 215
25900 215
25901 215
25902 215
25903 215
25904 82
25905 215
25906 215
25907 215
25908 215
25909 215
25910 215
25911 215
25912 215
25913 215
25914 215
25915 215
25916 215
25917 82
25918 215
25919 215
25920 215
25921 215
25922 2
25923 215
25924 215
25925 215
25926 215
25927 215
25928 215
25929 215
25930 215
25931 215
25932 2
25933 2
25934 215
25935 215
25936 215
25937 215
25938 215
25939 215
25940 215
25941 215
25942 215
25943 215
25944 215
25945 215
25946 215
25947 2
25948 2
25949 215
25950 215
25951 82
25952 82
25953 215
25954 215
25955 215
25956 215
25957 215
25958 215
25959 215
25960 215
25961 215
25962 215
25963 215
25964 215
25965 215
25966 215
25967 215
25968 215
25969 215
25970 2
25971 2
25972 2
25973 215
25974 215
25975 215
25976 187
25977 187
25978 187
25979 187
25980 187
25981 187
25982 187
25983 187
25984 187
25985 82
25986 188
25987 188
25988 188
25989 188
25990 215
25991 215
25992 215
25993 215
25994 215
25995 215
25996 215
25997 215
25998 215
25999 215
26000 215
26001 215
26002 215
26003 215
26004 215
26005 215
26006 215
26007 293
26008 293
26009 293
26010 293
26011 293
26012 293
26013 293
26014 293
26015 293
26016 293
26017 293
26018 293
26019 293
26020 293
26021 293
26022 293
26023 293
26024 293
26025 293
26026 293
26027 293
26028 293
26029 293
26030 293
26031 293
26032 293
26033 293
26034 293
26035 293
26036 293
26037 293
26038 293
26039 293
26040 293
26041 293
26042 293
26043 293
26044 293
26045 293
26046 293
26047 293
26048 293
26049 293
26050 293
26051 293
26052 293
26053 293
26054 293
26055 293
26056 293
26057 293
26058 293
26059 293
26060 293
26061 293
26062 293
26063 293
26064 293
26065 293
26066 293
26067 293
26068 293
26069 293
26070 293
26071 293
26072 293
26073 82
26074 82
26075 82
26076 82
26077 82
26078 82
26079 82
26080 82
26081 82
26082 82
26083 82
26084 82
26085 82
26086 82
26087 82
26088 82
26089 82
26090 215
26091 82
26092 82
26093 82
26094 82
26095 82
26096 82
26097 82
26098 82
26099 82
26100 82
26101 82
26102 82
26103 82
26104 82
26105 82
26106 82
26107 82
26108 82
26109 82
26110 82
26111 82
26112 82
26113 82
26114 82
26115 82
26116 82
26117 82
26118 82
26119 82
26120 100
26121 82
26122 82
26123 82
26124 82
26125 950
26126 82
26127 100
26128 82
26129 82
26130 82
26131 82
26132 82
26133 82
26134 82
26135 82
26136 82
26137 950
26138 82
26139 82
26140 82
26141 950
26142 2
26143 2
26144 2
26145 2
26146 2
26147 2
26148 2
26149 2
26150 2
26151 2
26152 2
26153 189
26154 189
26155 189
26156 189
26157 189
26158 189
26159 189
26160 189
26161 2
26162 2
26163 2
26164 2
26165 82
26166 82
26167 82
26168 82
26169 82
26170 190
26171 190
26172 190
26173 190
26174 190
26175 82
26176 82
26177 82
26178 82
26179 82
26180 82
26181 82
26182 82
26183 82
26184 82
26185 82
26186 82
26187 82
26188 82
26189 82
26190 82
26191 82
26192 82
26193 82
26194 82
26195 82
26196 82
26197 82
26198 82
26199 82
26200 82
26201 82
26202 82
26203 82
26204 82
26205 82
26206 82
26207 215
26208 215
26209 215
26210 215
26211 82
26212 82
26213 82
26214 82
26215 82
26216 82
26217 82
26218 82
26219 2
26220 2
26221 82
26222 2
26223 2
26224 2
26225 2
26226 2
26227 2
26228 2
26229 82
26230 82
26231 82
26232 82
26233 82
26234 215
26235 191
26236 191
26237 191
26238 82
26239 82
26240 82
26241 82
26242 100
26243 100
26244 100
26245 100
26246 100
26247 82
26248 82
26249 100
26250 100
26251 100
26252 100
26253 100
26254 100
26255 100
26256 100
26257 100
26258 100
26259 100
26260 100
26261 100
26262 100
26263 100
26264 100
26265 192
26266 192
26267 193
26268 193
26269 100
26270 194
26271 194
26272 195
26273 195
26274 82
26275 82
26276 82
26277 82
26278 82
26279 82
26280 196
26281 196
26282 196
26283 197
26284 197
26285 198
26286 198
26287 198
26288 198
26289 199
26290 199
26291 200
26292 200
26293 201
26294 201
26295 202
26296 202
26297 203
26298 203
26299 204
26300 204
26301 204
26302 204
26303 205
26304 205
26305 206
26306 206
26307 207
26308 207
26309 208
26310 208
26311 209
26312 209
26313 210
26314 210
26315 211
26316 211
26317 212
26318 212
26319 212
26320 82
26321 2
26322 2
26323 2
26324 2
26325 2
26326 2
26327 2
26328 2
26329 2
26330 2
26331 2
26332 2
26333 2
26334 2
26335 2
26336 2
26337 2
26338 2
26339 2
26340 2
26341 2
26342 2
26343 2
26344 2
26345 2
26346 82
26347 82
26348 213
26349 213
26350 213
26351 214
26352 214
26353 214
26354 214
26355 214
26356 214
26357 214
26358 214
26359 214
26360 214
26361 214
26362 214
26363 214
26364 214
26365 214
26366 214
26367 214
26368 214
26369 214
26370 214
26371 214
26372 214
26373 214
26374 214
26375 214
26376 214
26377 214
26378 82
26379 82
26380 82
26381 82
26382 82
26383 82
26384 2
26385 82
26386 82
26387 82
26388 82
26389 82
26390 82
26391 2
26392 2
26393 2
26394 82
26395 2
26396 82
26397 82
26398 82
26399 82
26400 82
26401 214
26402 82
26403 82
26404 82
26405 82
26406 82
26407 82
26408 82
26409 82
26410 82
26411 82
26412 82
26413 82
26414 82
26415 82
26416 82
26417 2
26418 82
26419 82
26420 82
26421 82
26422 82
26423 82
26424 82
26425 82
26426 214
26427 2
26428 82
26429 82
26430 82
26431 2
26432 2
26433 2
26434 82
26435 2
26436 82
26437 82
26438 82
26439 82
26440 82
26441 82
26442 82
26443 82
26444 82
26445 82
26446 82
26447 82
26448 2
26449 227
26450 2
26451 82
26452 82
26453 82
26454 82
26455 82
26456 82
26457 82
26458 82
26459 82
26460 214
26461 82
26462 82
26463 82
26464 82
26465 82
26466 82
26467 82
26468 82
26469 214
26470 82
26471 82
26472 82
26473 82
26474 82
26475 82
26476 82
26477 82
26478 82
26479 82
26480 82
26481 82
26482 82
26483 82
26484 82
26485 82
26486 82
26487 82
26488 214
26489 82
26490 82
26491 2
26492 215
26493 82
26494 82
26495 82
26496 82
26497 82
26498 2
26499 2
26500 2
26501 2
26502 2
26503 82
26504 82
26505 82
26506 82
26507 2
26508 2
26509 2
26510 2
26511 2
26512 2
26513 2
26514 2
26515 2
26516 2
26517 2
26518 2
26519 2
26520 2
26521 214
26522 214
26523 214
26524 214
26525 214
26526 214
26527 214
26528 214
26529 214
26530 2
26531 2
26532 2
26533 2
26534 2
26535 2
26536 82
26537 82
26538 82
26539 82
26540 82
26541 82
26542 82
26543 82
26544 82
26545 82
26546 82
26547 82
26548 82
26549 82
26550 82
26551 82
26552 82
26553 82
26554 82
26555 82
26556 82
26557 82
26558 82
26559 82
26560 82
26561 82
26562 82
26563 82
26564 82
26565 82
26566 214
26567 214
26568 214
26569 214
26570 214
26571 214
26572 214
26573 214
26574 214
26575 214
26576 214
26577 214
26578 214
26579 214
26580 214
26581 214
26582 214
26583 214
26584 214
26585 214
26586 214
26587 214
26588 214
26589 214
26590 214
26591 214
26592 214
26593 214
26594 214
26595 214
26596 82
26597 82
26598 82
26599 82
26600 82
26601 82
26602 82
26603 215
26604 82
26605 82
26606 82
26607 82
26608 82
26609 82
26610 82
26611 82
26612 82
26613 82
26614 82
26615 82
26616 82
26617 82
26618 82
26619 82
26620 82
26621 215
26622 82
26623 82
26624 82
26625 82
26626 82
26627 82
26628 82
26629 82
26630 82
26631 82
26632 82
26633 215
26634 82
26635 82
26636 82
26637 82
26638 82
26639 82
26640 82
26641 215
26642 82
26643 82
26644 82
26645 82
26646 82
26647 82
26648 82
26649 82
26650 82
26651 82
26652 82
26653 82
26654 82
26655 82
26656 82
26657 2
26658 82
26659 82
26660 82
26661 82
26662 82
26663 82
26664 82
26665 2
26666 2
26667 2
26668 2
26669 2
26670 2
26671 214
26672 214
26673 214
26674 214
26675 214
26676 214
26677 214
26678 214
26679 214
26680 214
26681 214
26682 214
26683 214
26684 214
26685 214
26686 214
26687 214
26688 214
26689 214
26690 214
26691 214
26692 214
26693 214
26694 214
26695 82
26696 82
26697 214
26698 2
26699 214
26700 214
26701 214
26702 214
26703 214
26704 214
26705 214
26706 214
26707 214
26708 2
26709 214
26710 214
26711 214
26712 214
26713 214
26714 214
26715 214
26716 214
26717 214
26718 214
26719 214
26720 214
26721 214
26722 214
26723 214
26724 214
26725 214
26726 214
26727 82
26728 2
26729 2
26730 2
26731 215
26732 82
26733 82
26734 82
26735 82
26736 2
26737 2
26738 2
26739 82
26740 82
26741 82
26742 82
26743 68
26744 82
26745 82
26746 82
26747 82
26748 82
26749 82
26750 82
26751 82
26752 82
26753 82
26754 82
26755 215
26756 82
26757 82
26758 82
26759 82
26760 82
26761 82
26762 82
26763 82
26764 82
26765 82
26766 82
26767 82
26768 82
26769 82
26770 82
26771 82
26772 82
26773 82
26774 82
26775 82
26776 82
26777 82
26778 82
26779 82
26780 82
26781 82
26782 82
26783 82
26784 82
26785 82
26786 82
26787 82
26788 82
26789 82
26790 82
26791 82
26792 215
26793 82
26794 82
26795 215
26796 82
26797 82
26798 82
26799 82
26800 82
26801 82
26802 82
26803 214
26804 214
26805 214
26806 214
26807 214
26808 214
26809 214
26810 214
26811 214
26812 214
26813 214
26814 214
26815 214
26816 214
26817 214
26818 214
26819 214
26820 214
26821 214
26822 214
26823 214
26824 214
26825 214
26826 214
26827 214
26828 214
26829 214
26830 214
26831 214
26832 214
26833 214
26834 214
26835 214
26836 214
26837 214
26838 214
26839 214
26840 214
26841 214
26842 214
26843 214
26844 214
26845 214
26846 214
26847 214
26848 214
26849 214
26850 214
26851 214
26852 214
26853 214
26854 214
26855 214
26856 214
26857 214
26858 214
26859 214
26860 214
26861 214
26862 214
26863 214
26864 214
26865 214
26866 214
26867 214
26868 214
26869 214
26870 214
26871 214
26872 214
26873 214
26874 82
26875 82
26876 82
26877 214
26878 214
26879 214
26880 214
26881 214
26882 214
26883 214
26884 214
26885 214
26886 214
26887 214
26888 214
26889 214
26890 214
26891 214
26892 214
26893 214
26894 82
26895 82
26896 82
26897 214
26898 82
26899 82
26900 82
26901 82
26902 82
26903 82
26904 82
26905 214
26906 214
26907 214
26908 214
26909 214
26910 214
26911 214
26912 214
26913 214
26914 214
26915 214
26916 214
26917 214
26918 214
26919 214
26920 214
26921 214
26922 214
26923 214
26924 214
26925 214
26926 214
26927 214
26928 214
26929 214
26930 214
26931 214
26932 214
26933 214
26934 214
26935 214
26936 214
26937 214
26938 214
26939 214
26940 214
26941 214
26942 214
26943 214
26944 214
26945 214
26946 214
26947 214
26948 214
26949 214
26950 214
26951 214
26952 214
26953 214
26954 214
26955 214
26956 2
26957 2
26958 2
26959 2
26960 2
26961 2
26962 82
26963 214
26964 214
26965 214
26966 214
26967 214
26968 214
26969 214
26970 214
26971 214
26972 214
26973 214
26974 214
26975 214
26976 214
26977 214
26978 214
26979 214
26980 214
26981 2
26982 82
26983 82
26984 82
26985 2
26986 2
26987 2
26988 2
26989 215
26990 215
26991 215
26992 2
26993 2
26994 2
26995 2
26996 2
26997 2
26998 2
26999 2
27000 2
27001 2
27002 2
27003 2
27004 2
27005 2
27006 2
27007 2
27008 2
27009 2
27010 2
27011 2
27012 82
27013 82
27014 214
27015 214
27016 214
27017 214
27018 214
27019 214
27020 214
27021 214
27022 214
27023 214
27024 214
27025 214
27026 214
27027 214
27028 214
27029 2
27030 2
27031 2
27032 2
27033 2
27034 2
27035 2
27036 2
27037 2
27038 2
27039 2
27040 2
27041 2
27042 2
27043 82
27044 2
27045 2
27046 2
27047 2
27048 2
27049 2
27050 82
27051 82
27052 82
27053 214
27054 2
27055 2
27056 2
27057 2
27058 82
27059 82
27060 2
27061 2
27062 2
27063 2
27064 2
27065 2
27066 2
27067 2
27068 214
27069 214
27070 214
27071 82
27072 2
27073 2
27074 2
27075 2
27076 2
27077 2
27078 2
27079 2
27080 2
27081 2
27082 2
27083 2
27084 82
27085 82
27086 82
27087 82
27088 82
27089 82
27090 82
27091 2
27092 2
27093 2
27094 2
27095 2
27096 2
27097 2
27098 2
27099 2
27100 2
27101 2
27102 214
27103 214
27104 214
27105 214
27106 214
27107 214
27108 214
27109 82
27110 82
27111 216
27112 216
27113 216
27114 216
27115 216
27116 216
27117 216
27118 216
27119 216
27120 216
27121 214
27122 214
27123 214
27124 82
27125 82
27126 82
27127 82
27128 217
27129 217
27130 82
27131 82
27132 82
27133 82
27134 82
27135 82
27136 2
27137 82
27138 82
27139 82
27140 82
27141 82
27142 82
27143 82
27144 82
27145 218
27146 218
27147 14
27148 14
27149 14
27150 14
27151 14
27152 14
27153 14
27154 14
27155 14
27156 14
27157 14
27158 14
27159 14
27160 14
27161 14
27162 14
27163 14
27164 14
27165 14
27166 14
27167 82
27168 82
27169 82
27170 215
27171 215
27172 214
27173 82
27174 2
27175 2
27176 2
27177 2
27178 2
27179 2
27180 2
27181 2
27182 82
27183 82
27184 82
27185 82
27186 214
27187 82
27188 82
27189 219
27190 219
27191 219
27192 214
27193 214
27194 214
27195 214
27196 214
27197 82
27198 82
27199 82
27200 82
27201 82
27202 220
27203 220
27204 82
27205 82
27206 82
27207 82
27208 82
27209 82
27210 82
27211 82
27212 82
27213 82
27214 82
27215 82
27216 82
27217 214
27218 214
27219 214
27220 214
27221 214
27222 214
27223 82
27224 82
27225 82
27226 82
27227 82
27228 221
27229 221
27230 82
27231 82
27232 82
27233 82
27234 82
27235 82
27236 82
27237 869
27238 82
27239 82
27240 82
27241 82
27242 82
27243 82
27244 82
27245 215
27246 82
27247 82
27248 82
27249 82
27250 82
27251 82
27252 82
27253 82
27254 82
27255 82
27256 82
27257 215
27258 82
27259 82
27260 82
27261 82
27262 82
27263 82
27264 82
27265 82
27266 2
27267 2
27268 2
27269 2
27270 2
27271 2
27272 214
27273 214
27274 82
27275 2
27276 2
27277 2
27278 215
27279 215
27280 215
27281 215
27282 215
27283 2
27284 2
27285 2
27286 82
27287 82
27288 82
27289 214
27290 214
27291 82
27292 82
27293 222
27294 222
27295 222
27296 222
27297 222
27298 222
27299 214
27300 214
27301 214
27302 214
27303 214
27304 214
27305 214
27306 214
27307 214
27308 214
27309 82
27310 82
27311 82
27312 2
27313 2
27314 2
27315 214
27316 214
27317 214
27318 2
27319 2
27320 82
27321 82
27322 82
27323 82
27324 82
27325 82
27326 82
27327 82
27328 82
27329 82
27330 82
27331 82
27332 82
27333 82
27334 82
27335 82
27336 82
27337 82
27338 82
27339 82
27340 82
27341 82
27342 82
27343 82
27344 82
27345 215
27346 82
27347 82
27348 2
27349 82
27350 82
27351 82
27352 82
27353 82
27354 82
27355 82
27356 82
27357 82
27358 82
27359 82
27360 82
27361 2
27362 2
27363 82
27364 82
27365 223
27366 223
27367 223
27368 223
27369 223
27370 223
27371 82
27372 65
27373 82
27374 82
27375 82
27376 82
27377 82
27378 82
27379 82
27380 82
27381 82
27382 82
27383 65
27384 65
27385 82
27386 82
27387 82
27388 223
27389 82
27390 82
27391 82
27392 82
27393 82
27394 82
27395 223
27396 82
27397 82
27398 82
27399 82
27400 224
27401 224
27402 224
27403 224
27404 82
27405 214
27406 214
27407 214
27408 2
27409 2
27410 2
27411 214
27412 214
27413 214
27414 214
27415 214
27416 214
27417 214
27418 214
27419 214
27420 214
27421 214
27422 225
27423 225
27424 82
27425 82
27426 82
27427 82
27428 82
27429 82
27430 226
27431 226
27432 226
27433 226
27434 226
27435 2
27436 2
27437 2
27438 2
27439 2
27440 82
27441 82
27442 2
27443 82
27444 82
27445 227
27446 227
27447 227
27448 82
27449 82
27450 2
27451 2
27452 2
27453 82
27454 228
27455 228
27456 228
27457 228
27458 214
27459 214
27460 214
27461 214
27462 214
27463 214
27464 214
27465 82
27466 82
27467 82
27468 229
27469 229
27470 229
27471 229
27472 215
27473 215
27474 215
27475 215
27476 215
27477 215
27478 215
27479 215
27480 215
27481 82
27482 214
27483 215
27484 82
27485 82
27486 82
27487 82
27488 82
27489 82
27490 82
27491 82
27492 82
27493 82
27494 215
27495 214
27496 82
27497 82
27498 82
27499 82
27500 82
27501 82
27502 82
27503 82
27504 214
27505 214
27506 214
27507 215
27508 215
27509 215
27510 215
27511 230
27512 230
27513 215
27514 82
27515 214
27516 82
27517 82
27518 82
27519 82
27520 82
27521 82
27522 82
27523 82
27524 82
27525 82
27526 82
27527 82
27528 82
27529 82
27530 1021
27531 82
27532 82
27533 82
27534 82
27535 82
27536 82
27537 82
27538 82
27539 82
27540 82
27541 82
27542 82
27543 82
27544 82
27545 82
27546 82
27547 82
27548 82
27549 82
27550 82
27551 82
27552 82
27553 82
27554 82
27555 82
27556 82
27557 82
27558 82
27559 82
27560 82
27561 82
27562 82
27563 82
27564 82
27565 231
27566 231
27567 231
27568 231
27569 231
27570 231
27571 231
27572 231
27573 231
27574 231
27575 232
27576 232
27577 82
27578 82
27579 82
27580 233
27581 233
27582 233
27583 233
27584 233
27585 234
27586 234
27587 234
27588 234
27589 100
27590 100
27591 100
27592 100
27593 100
27594 100
27595 100
27596 100
27597 100
27598 100
27599 100
27600 100
27601 100
27602 100
27603 100
27604 100
27605 100
27606 100
27607 82
27608 82
27609 82
27610 82
27611 82
27612 82
27613 82
27614 82
27615 82
27616 82
27617 100
27618 100
27619 100
27620 100
27621 100
27622 100
27623 100
27624 100
27625 100
27626 100
27627 100
27628 100
27629 100
27630 82
27631 82
27632 100
27633 100
27634 82
27635 100
27636 100
27637 100
27638 100
27639 82
27640 82
27641 235
27642 235
27643 235
27644 235
27645 82
27646 82
27647 82
27648 82
27649 236
27650 236
27651 236
27652 236
27653 82
27654 82
27655 82
27656 82
27657 82
27658 237
27659 237
27660 237
27661 238
27662 238
27663 239
27664 239
27665 240
27666 240
27667 241
27668 241
27669 242
27670 242
27671 243
27672 243
27673 244
27674 244
27675 245
27676 245
27677 246
27678 246
27679 247
27680 247
27681 248
27682 248
27683 82
27684 82
27685 249
27686 249
27687 250
27688 250
27689 251
27690 251
27691 251
27692 252
27693 252
27694 253
27695 253
27696 254
27697 254
27698 255
27699 255
27700 256
27701 256
27702 256
27703 257
27704 257
27705 258
27706 258
27707 259
27708 259
27709 260
27710 260
27711 82
27712 82
27713 82
27714 261
27715 261
27716 261
27717 261
27718 215
27719 215
27720 215
27721 215
27722 215
27723 215
27724 215
27725 215
27726 215
27727 215
27728 215
27729 215
27730 215
27731 215
27732 215
27733 215
27734 215
27735 215
27736 215
27737 215
27738 215
27739 215
27740 215
27741 215
27742 215
27743 215
27744 215
27745 215
27746 215
27747 215
27748 215
27749 215
27750 215
27751 215
27752 215
27753 215
27754 215
27755 215
27756 215
27757 215
27758 215
27759 215
27760 215
27761 215
27762 215
27763 215
27764 215
27765 262
27766 262
27767 262
27768 262
27769 262
27770 262
27771 262
27772 262
27773 215
27774 215
27775 215
27776 215
27777 215
27778 215
27779 215
27780 215
27781 215
27782 215
27783 215
27784 263
27785 263
27786 263
27787 82
27788 82
27789 215
27790 215
27791 215
27792 215
27793 215
27794 215
27795 215
27796 215
27797 215
27798 215
27799 264
27800 264
27801 265
27802 265
27803 265
27804 265
27805 265
27806 265
27807 265
27808 215
27809 215
27810 215
27811 215
27812 215
27813 215
27814 215
27815 215
27816 215
27817 215
27818 82
27819 82
27820 82
27821 82
27822 82
27823 82
27824 82
27825 82
27826 82
27827 82
27828 82
27829 82
27830 82
27831 82
27832 82
27833 82
27834 82
27835 82
27836 82
27837 82
27838 82
27839 82
27840 82
27841 82
27842 82
27843 82
27844 82
27845 82
27846 82
27847 82
27848 82
27849 82
27850 267
27851 267
27852 267
27853 267
27854 267
27855 267
27856 267
27857 267
27858 267
27859 267
27860 267
27861 267
27862 82
27863 337
27864 82
27865 337
27866 82
27867 82
27868 82
27869 337
27870 82
27871 337
27872 82
27873 82
27874 82
27875 82
27876 335
27877 82
27878 82
27879 82
27880 82
27881 82
27882 82
27883 82
27884 82
27885 82
27886 82
27887 337
27888 337
27889 337
27890 82
27891 82
27892 337
27893 82
27894 337
27895 82
27896 82
27897 82
27898 337
27899 82
27900 337
27901 337
27902 82
27903 82
27904 82
27905 82
27906 337
27907 82
27908 82
27909 82
27910 335
27911 335
27912 82
27913 82
27914 82
27915 82
27916 3
27917 337
27918 337
27919 337
27920 82
27921 337
27922 335
27923 335
27924 82
27925 82
27926 337
27927 337
27928 82
27929 82
27930 82
27931 82
27932 82
27933 82
27934 82
27935 82
27936 82
27937 82
27938 82
27939 82
27940 82
27941 82
27942 82
27943 82
27944 82
27945 82
27946 82
27947 82
27948 82
27949 82
27950 82
27951 82
27952 215
27953 215
27954 215
27955 215
27956 215
27957 215
27958 215
27959 215
27960 215
27961 215
27962 215
27963 215
27964 215
27965 215
27966 215
27967 215
27968 215
27969 215
27970 215
27971 215
27972 215
27973 215
27974 215
27975 215
27976 215
27977 215
27978 215
27979 215
27980 215
27981 215
27982 215
27983 215
27984 215
27985 215
27986 215
27987 215
27988 215
27989 215
27990 215
27991 215
27992 215
27993 215
27994 215
27995 215
27996 215
27997 215
27998 215
27999 215
28000 215
28001 215
28002 215
28003 215
28004 215
28005 215
28006 82
28007 82
28008 82
28009 82
28010 82
28011 82
28012 82
28013 82
28014 82
28015 82
28016 82
28017 82
28018 82
28019 82
28020 82
28021 82
28022 82
28023 82
28024 82
28025 82
28026 82
28027 215
28028 268
28029 268
28030 215
28031 215
28032 215
28033 215
28034 215
28035 82
28036 82
28037 82
28038 82
28039 82
28040 82
28041 82
28042 82
28043 82
28044 82
28045 82
28046 82
28047 82
28048 82
28049 82
28050 82
28051 82
28052 82
28053 82
28054 82
28055 82
28056 82
28057 82
28058 82
28059 82
28060 82
28061 82
28062 82
28063 82
28064 82
28065 82
28066 82
28067 82
28068 82
28069 82
28070 82
28071 82
28072 82
28073 82
28074 215
28075 215
28076 215
28077 215
28078 215
28079 215
28080 82
28081 82
28082 82
28083 82
28084 82
28085 82
28086 82
28087 82
28088 82
28089 82
28090 82
28091 82
28092 82
28093 82
28094 215
28095 82
28096 82
28097 82
28098 82
28099 82
28100 82
28101 82
28102 82
28103 82
28104 269
28105 269
28106 82
28107 82
28108 82
28109 82
28110 82
28111 82
28112 82
28113 215
28114 215
28115 215
28116 215
28117 215
28118 215
28119 215
28120 215
28121 215
28122 215
28123 215
28124 215
28125 215
28126 215
28127 270
28128 270
28129 82
28130 82
28131 82
28132 82
28133 82
28134 82
28135 82
28136 82
28137 187
28138 187
28139 187
28140 82
28141 82
28142 100
28143 100
28144 100
28145 100
28146 100
28147 82
28148 82
28149 82
28150 82
28151 82
28152 82
28153 82
28154 82
28155 82
28156 82
28157 82
28158 82
28159 82
28160 82
28161 82
28162 82
28163 82
28164 82
28165 82
28166 82
28167 82
28168 100
28169 82
28170 82
28171 82
28172 82
28173 82
28174 82
28175 82
28176 82
28177 82
28178 82
28179 82
28180 100
28181 82
28182 82
28183 82
28184 82
28185 82
28186 82
28187 82
28188 82
28189 82
28190 82
28191 82
28192 82
28193 82
28194 82
28195 82
28196 82
28197 82
28198 82
28199 82
28200 82
28201 82
28202 82
28203 82
28204 82
28205 82
28206 82
28207 82
28208 82
28209 82
28210 82
28211 82
28212 82
28213 82
28214 82
28215 82
28216 82
28217 82
28218 82
28219 82
28220 82
28221 82
28222 82
28223 82
28224 82
28225 82
28226 82
28227 82
28228 82
28229 82
28230 82
28231 82
28232 82
28233 82
28234 82
28235 82
28236 82
28237 82
28238 82
28239 82
28240 82
28241 82
28242 82
28243 82
28244 82
28245 82
28246 82
28247 82
28248 82
28249 82
28250 82
28251 82
28252 82
28253 82
28254 82
28255 100
28256 82
28257 82
28258 82
28259 82
28260 82
28261 100
28262 82
28263 82
28264 82
28265 82
28266 82
28267 82
28268 82
28269 82
28270 82
28271 82
28272 82
28273 82
28274 82
28275 82
28276 82
28277 82
28278 82
28279 82
28280 82
28281 82
28282 82
28283 82
28284 82
28285 82
28286 82
28287 82
28288 82
28289 82
28290 82
28291 82
28292 82
28293 82
28294 82
28295 82
28296 82
28297 82
28298 82
28299 82
28300 82
28301 82
28302 82
28303 82
28304 82
28305 82
28306 82
28307 82
28308 82
28309 82
28310 82
28311 82
28312 82
28313 82
28314 82
28315 82
28316 82
28317 82
28318 82
28319 82
28320 82
28321 82
28322 82
28323 82
28324 82
28325 82
28326 82
28327 82
28328 82
28329 82
28330 82
28331 82
28332 82
28333 82
28334 82
28335 82
28336 82
28337 82
28338 82
28339 82
28340 82
28341 82
28342 82
28343 82
28344 82
28345 82
28346 82
28347 82
28348 82
28349 82
28350 82
28351 82
28352 82
28353 82
28354 82
28355 82
28356 82
28357 82
28358 82
28359 82
28360 82
28361 82
28362 82
28363 82
28364 82
28365 82
28366 82
28367 82
28368 82
28369 82
28370 82
28371 82
28372 82
28373 82
28374 82
28375 82
28376 82
28377 82
28378 82
28379 82
28380 82
28381 82
28382 82
28383 82
28384 82
28385 82
28386 82
28387 82
28388 82
28389 82
28390 82
28391 82
28392 82
28393 82
28394 82
28395 82
28396 82
28397 100
28398 82
28399 82
28400 82
28401 82
28402 82
28403 82
28404 100
28405 82
28406 82
28407 82
28408 82
28409 82
28410 82
28411 82
28412 82
28413 82
28414 82
28415 82
28416 82
28417 82
28418 82
28419 82
28420 82
28421 82
28422 271
28423 271
28424 271
28425 82
28426 82
28427 272
28428 272
28429 215
28430 215
28431 215
28432 215
28433 215
28434 215
28435 215
28436 215
28437 215
28438 215
28439 215
28440 215
28441 215
28442 215
28443 215
28444 215
28445 215
28446 275
28447 275
28448 275
28449 275
28450 275
28451 82
28452 82
28453 100
28454 82
28455 215
28456 215
28457 215
28458 82
28459 82
28460 82
28461 82
28462 82
28463 82
28464 82
28465 82
28466 82
28467 82
28468 822
28469 82
28470 82
28471 82
28472 82
28473 82
28474 82
28475 82
28476 82
28477 273
28478 273
28479 274
28480 274
28481 215
28482 215
28483 275
28484 276
28485 276
28486 276
28487 277
28488 277
28489 278
28490 278
28491 278
28492 278
28493 82
28494 215
28495 100
28496 82
28497 82
28498 82
28499 279
28500 279
28501 279
28502 82
28503 82
28504 82
28505 82
28506 280
28507 280
28508 82
28509 215
28510 281
28511 281
28512 282
28513 282
28514 215
28515 215
28516 215
28517 215
28518 215
28519 215
28520 215
28521 215
28522 215
28523 58
28524 58
28525 58
28526 283
28527 283
28528 283
28529 283
28530 215
28531 215
28532 215
28533 215
28534 215
28535 215
28536 215
28537 215
28538 215
28539 2
28540 2
28541 2
28542 2
28543 215
28544 215
28545 215
28546 215
28547 215
28548 284
28549 284
28550 284
28551 285
28552 285
28553 285
28554 285
28555 286
28556 286
28557 286
28558 286
28559 286
28560 286
28561 287
28562 287
28563 215
28564 82
28565 82
28566 215
28567 792
28568 82
28569 215
28570 82
28571 215
28572 215
28573 215
28574 82
28575 82
28576 82
28577 82
28578 215
28579 215
28580 215
28581 215
28582 215
28583 82
28584 82
28585 215
28586 82
28587 82
28588 82
28589 215
28590 82
28591 82
28592 215
28593 791
28594 215
28595 215
28596 82
28597 82
28598 215
28599 82
28600 82
28601 82
28602 82
28603 82
28604 100
28605 100
28606 100
28607 82
28608 82
28609 82
28610 82
28611 82
28612 82
28613 82
28614 215
28615 215
28616 82
28617 215
28618 215
28619 215
28620 82
28621 82
28622 82
28623 82
28624 82
28625 82
28626 82
28627 82
28628 100
28629 100
28630 100
28631 100
28632 82
28633 82
28634 82
28635 82
28636 82
28637 82
28638 82
28639 82
28640 82
28641 82
28642 82
28643 82
28644 82
28645 82
28646 82
28647 82
28648 82
28649 82
28650 82
28651 82
28652 82
28653 82
28654 82
28655 82
28656 82
28657 100
28658 100
28659 82
28660 82
28661 82
28662 82
28663 82
28664 82
28665 82
28666 82
28667 82
28668 82
28669 82
28670 82
28671 82
28672 82
28673 82
28674 82
28675 82
28676 82
28677 82
28678 82
28679 82
28680 82
28681 82
28682 82
28683 82
28684 82
28685 82
28686 82
28687 82
28688 82
28689 82
28690 82
28691 82
28692 82
28693 82
28694 82
28695 82
28696 82
28697 82
28698 82
28699 82
28700 82
28701 82
28702 82
28703 82
28704 82
28705 82
28706 82
28707 82
28708 82
28709 82
28710 82
28711 82
28712 82
28713 82
28714 82
28715 82
28716 82
28717 82
28718 215
28719 215
28720 215
28721 215
28722 215
28723 215
28724 215
28725 215
28726 215
28727 215
28728 82
28729 82
28730 215
28731 215
28732 288
28733 288
28734 288
28735 288
28736 288
28737 100
28738 100
28739 100
28740 100
28741 100
28742 100
28743 100
28744 100
28745 100
28746 100
28747 100
28748 100
28749 100
28750 100
28751 100
28752 100
28753 100
28754 100
28755 100
28756 100
28757 100
28758 100
28759 100
28760 100
28761 100
28762 100
28763 100
28764 100
28765 100
28766 100
28767 100
28768 100
28769 100
28770 100
28771 100
28772 100
28773 100
28774 100
28775 100
28776 100
28777 100
28778 100
28779 100
28780 100
28781 100
28782 100
28783 100
28784 100
28785 100
28786 100
28787 100
28788 82
28789 82
28790 82
28791 82
28792 82
28793 82
28794 82
28795 82
28796 82
28797 82
28798 82
28799 82
28800 82
28801 82
28802 100
28803 100
28804 100
28805 100
28806 100
28807 100
28808 100
28809 100
28810 100
28811 82
28812 82
28813 82
28814 82
28815 82
28816 82
28817 82
28818 82
28819 82
28820 82
28821 82
28822 82
28823 215
28824 100
28825 100
28826 100
28827 100
28828 100
28829 100
28830 100
28831 100
28832 100
28833 100
28834 100
28835 100
28836 100
28837 100
28838 100
28839 100
28840 100
28841 100
28842 82
28843 82
28844 289
28845 289
28846 289
28847 289
28848 289
28849 100
28850 100
28851 100
28852 290
28853 290
28854 82
28855 82
28856 82
28857 82
28858 291
28859 291
28860 291
28861 291
28862 215
28863 215
28864 215
28865 215
28866 215
28867 215
28868 82
28869 82
28870 82
28871 82
28872 215
28873 215
28874 82
28875 82
28876 82
28877 215
28878 82
28879 82
28880 82
28881 82
28882 82
28883 82
28884 82
28885 82
28886 82
28887 82
28888 82
28889 82
28890 82
28891 82
28892 82
28893 82
28894 82
28895 82
28896 82
28897 82
28898 1020
28899 82
28900 82
28901 215
28902 82
28903 82
28904 82
28905 82
28906 82
28907 82
28908 82
28909 82
28910 82
28911 82
28912 293
28913 293
28914 293
28915 293
28916 293
28917 293
28918 293
28919 293
28920 293
28921 293
28922 293
28923 293
28924 293
28925 293
28926 293
28927 293
28928 293
28929 293
28930 293
28931 293
28932 293
28933 293
28934 293
28935 293
28936 293
28937 293
28938 293
28939 293
28940 293
28941 293
28942 293
28943 293
28944 293
28945 293
28946 293
28947 293
28948 293
28949 293
28950 293
28951 293
28952 293
28953 293
28954 293
28955 293
28956 293
28957 293
28958 293
28959 293
28960 292
28961 292
28962 292
28963 292
28964 293
28965 293
28966 215
28967 215
28968 215
28969 215
28970 215
28971 215
28972 215
28973 215
28974 215
28975 215
28976 215
28977 215
28978 215
28979 215
28980 215
28981 215
28982 215
28983 215
28984 215
28985 215
28986 215
28987 215
28988 215
28989 215
28990 215
28991 215
28992 215
28993 215
28994 215
28995 215
28996 215
28997 215
28998 215
28999 82
29000 82
29001 215
29002 215
29003 82
29004 82
29005 82
29006 215
29007 215
29008 215
29009 215
29010 215
29011 215
29012 215
29013 295
29014 295
29015 215
29016 82
29017 82
29018 296
29019 296
29020 296
29021 215
29022 215
29023 215
29024 82
29025 82
29026 82
29027 82
29028 82
29029 215
29030 215
29031 215
29032 215
29033 215
29034 82
29035 82
29036 82
29037 82
29038 82
29039 82
29040 82
29041 82
29042 215
29043 215
29044 215
29045 215
29046 215
29047 215
29048 215
29049 215
29050 215
29051 215
29052 215
29053 215
29054 215
29055 215
29056 215
29057 215
29058 215
29059 215
29060 215
29061 215
29062 215
29063 215
29064 215
29065 215
29066 82
29067 82
29068 82
29069 82
29070 82
29071 82
29072 215
29073 215
29074 215
29075 215
29076 215
29077 215
29078 297
29079 297
29080 297
29081 215
29082 215
29083 215
29084 215
29085 82
29086 215
29087 215
29088 215
29089 215
29090 215
29091 298
29092 298
29093 298
29094 82
29095 82
29096 82
29097 82
29098 82
29099 82
29100 82
29101 82
29102 82
29103 82
29104 82
29105 215
29106 215
29107 215
29108 215
29109 215
29110 215
29111 215
29112 215
29113 215
29114 299
29115 299
29116 299
29117 82
29118 82
29119 82
29120 82
29121 82
29122 82
29123 82
29124 82
29125 82
29126 82
29127 82
29128 82
29129 82
29130 82
29131 82
29132 82
29133 82
29134 82
29135 82
29136 82
29137 82
29138 82
29139 82
29140 82
29141 82
29142 82
29143 82
29144 82
29145 82
29146 82
29147 82
29148 82
29149 82
29150 82
29151 82
29152 82
29153 82
29154 82
29155 82
29156 82
29157 100
29158 82
29159 82
29160 300
29161 300
29162 82
29163 82
29164 82
29165 215
29166 215
29167 215
29168 215
29169 215
29170 215
29171 82
29172 215
29173 215
29174 215
29175 215
29176 215
29177 215
29178 215
29179 215
29180 215
29181 215
29182 215
29183 215
29184 301
29185 301
29186 302
29187 302
29188 215
29189 215
29190 215
29191 215
29192 215
29193 215
29194 215
29195 215
29196 82
29197 82
29198 82
29199 82
29200 82
29201 82
29202 82
29203 82
29204 82
29205 82
29206 82
29207 82
29208 82
29209 82
29210 82
29211 82
29212 82
29213 82
29214 82
29215 82
29216 82
29217 82
29218 82
29219 82
29220 82
29221 82
29222 82
29223 82
29224 82
29225 82
29226 82
29227 82
29228 82
29229 82
29230 82
29231 82
29232 82
29233 82
29234 82
29235 82
29236 82
29237 82
29238 82
29239 82
29240 82
29241 82
29242 82
29243 82
29244 82
29245 82
29246 82
29247 82
29248 82
29249 82
29250 82
29251 82
29252 82
29253 82
29254 82
29255 82
29256 82
29257 82
29258 82
29259 82
29260 305
29261 215
29262 215
29263 215
29264 215
29265 215
29266 215
29267 303
29268 303
29269 303
29270 82
29271 82
29272 215
29273 215
29274 215
29275 215
29276 304
29277 304
29278 82
29279 100
29280 100
29281 100
29282 82
29283 305
29284 305
29285 305
29286 305
29287 305
29288 305
29289 305
29290 305
29291 305
29292 305
29293 82
29294 82
29295 82
29296 306
29297 306
29298 306
29299 306
29300 306
29301 82
29302 215
29303 215
29304 215
29305 82
29306 82
29307 307
29308 307
29309 307
29310 307
29311 307
29312 308
29313 308
29314 308
29315 308
29316 308
29317 82
29318 82
29319 309
29320 309
29321 310
29322 310
29323 82
29324 100
29325 100
29326 100
29327 311
29328 311
29329 311
29330 311
29331 82
29332 82
29333 82
29334 82
29335 82
29336 312
29337 312
29338 312
29339 312
29340 312
29341 312
29342 313
29343 313
29344 313
29345 313
29346 314
29347 314
29348 314
29349 82
29350 82
29351 82
29352 82
29353 82
29354 215
29355 215
29356 215
29357 215
29358 215
29359 215
29360 215
29361 215
29362 215
29363 215
29364 315
29365 315
29366 315
29367 315
29368 315
29369 315
29370 215
29371 215
29372 215
29373 82
29374 82
29375 316
29376 316
29377 100
29378 100
29379 100
29380 100
29381 100
29382 100
29383 100
29384 100
29385 100
29386 100
29387 100
29388 100
29389 100
29390 100
29391 82
29392 100
29393 100
29394 100
29395 100
29396 100
29397 100
29398 100
29399 100
29400 100
29401 100
29402 100
29403 100
29404 100
29405 100
29406 100
29407 100
29408 100
29409 100
29410 100
29411 82
29412 82
29413 82
29414 82
29415 82
29416 82
29417 82
29418 82
29419 82
29420 82
29421 82
29422 82
29423 82
29424 82
29425 82
29426 82
29427 82
29428 82
29429 82
29430 82
29431 82
29432 82
29433 100
29434 100
29435 100
29436 100
29437 100
29438 100
29439 100
29440 100
29441 100
29442 100
29443 100
29444 82
29445 100
29446 100
29447 317
29448 317
29449 317
29450 317
29451 317
29452 317
29453 82
29454 215
29455 215
29456 318
29457 318
29458 82
29459 319
29460 319
29461 100
29462 96
29463 96
29464 96
29465 96
29466 96
29467 96
29468 96
29469 96
29470 96
29471 96
29472 96
29473 96
29474 320
29475 320
29476 320
29477 320
29478 321
29479 321
29480 321
29481 82
29482 82
29483 82
29484 322
29485 322
29486 322
29487 322
29488 322
29489 322
29490 322
29491 322
29492 82
29493 82
29494 82
29495 82
29496 321
29497 323
29498 323
29499 323
29500 215
29501 215
29502 215
29503 215
29504 695
29505 82
29506 82
29507 82
29508 100
29509 215
29510 215
29511 82
29512 82
29513 82
29514 82
29515 82
29516 82
29517 82
29518 82
29519 82
29520 82
29521 82
29522 82
29523 82
29524 82
29525 82
29526 82
29527 82
29528 82
29529 82
29530 82
29531 82
29532 82
29533 82
29534 82
29535 82
29536 82
29537 82
29538 82
29539 82
29540 82
29541 82
29542 82
29543 82
29544 82
29545 324
29546 324
29547 324
29548 325
29549 325
29550 326
29551 326
29552 329
29553 329
29554 329
29555 329
29556 327
29557 327
29558 328
29559 328
29560 328
29561 329
29562 329
29563 329
29564 329
29565 329
29566 329
29567 330
29568 330
29569 330
29570 331
29571 331
29572 332
29573 332
29574 332
29575 332
29576 82
29577 82
29578 82
29579 333
29580 333
29581 333
29582 333
29583 82
29584 82
29585 82
29586 334
29587 334
29588 334
29589 334
29590 334
29591 334
29592 82
29593 82
29594 82
29595 335
29596 335
29597 335
29598 335
29599 335
29600 335
29601 335
29602 335
29603 335
29604 82
29605 82
29606 82
29607 82
29608 82
29609 336
29610 336
29611 336
29612 336
29613 337
29614 337
29615 337
29616 337
29617 337
29618 337
29619 337
29620 337
29621 337
29622 337
29623 337
29624 337
29625 337
29626 337
29627 337
29628 337
29629 337
29630 337
29631 337
29632 337
29633 337
29634 337
29635 337
29636 337
29637 337
29638 337
29639 82
29640 82
29641 82
29642 337
29643 337
29644 337
29645 337
29646 337
29647 337
29648 337
29649 337
29650 337
29651 337
29652 337
29653 337
29654 337
29655 337
29656 337
29657 337
29658 337
29659 337
29660 337
29661 337
29662 338
29663 338
29664 338
29665 82
29666 3
29667 3
29668 3
29669 3
29670 82
29671 82
29672 82
29673 82
29674 82
29675 339
29676 339
29677 339
29678 339
29679 340
29680 340
29681 340
29682 100
29683 337
29684 337
29685 341
29686 341
29687 341
29688 341
29689 341
29690 337
29691 337
29692 82
29693 82
29694 65
29695 65
29696 65
29697 65
29698 65
29699 65
29700 65
29701 65
29702 65
29703 65
29704 65
29705 82
29706 65
29707 65
29708 65
29709 65
29710 65
29711 65
29712 65
29713 65
29714 65
29715 65
29716 65
29717 82
29718 65
29719 65
29720 65
29721 65
29722 65
29723 65
29724 65
29725 65
29726 65
29727 65
29728 65
29729 65
29730 65
29731 65
29732 65
29733 65
29734 65
29735 65
29736 65
29737 65
29738 65
29739 65
29740 65
29741 65
29742 65
29743 65
29744 65
29745 65
29746 65
29747 65
29748 65
29749 65
29750 65
29751 65
29752 65
29753 65
29754 342
29755 342
29756 65
29757 343
29758 343
29759 65
29760 65
29761 65
29762 65
29763 65
29764 82
29765 82
29766 82
29767 82
29768 82
29769 187
29770 65
29771 65
29772 65
29773 65
29774 65
29775 65
29776 65
29777 65
29778 65
29779 82
29780 82
29781 82
29782 82
29783 82
29784 82
29785 82
29786 65
29787 65
29788 82
29789 65
29790 82
29791 65
29792 65
29793 82
29794 82
29795 65
29796 82
29797 82
29798 82
29799 82
29800 82
29801 82
29802 82
29803 82
29804 82
29805 82
29806 344
29807 344
29808 344
29809 344
29810 344
29811 344
29812 82
29813 100
29814 215
29815 215
29816 215
29817 215
29818 215
29819 215
29820 215
29821 215
29822 215
29823 215
29824 215
29825 82
29826 82
29827 82
29828 82
29829 345
29830 345
29831 82
29832 82
29833 82
29834 346
29835 346
29836 346
29837 346
29838 346
29839 346
29840 82
29841 82
29842 82
29843 82
29844 82
29845 82
29846 347
29847 347
29848 215
29849 215
29850 34
29851 34
29852 348
29853 348
29854 348
29855 349
29856 349
29857 223
29858 223
29859 65
29860 65
29861 65
29862 65
29863 350
29864 350
29865 351
29866 351
29867 351
29868 351
29869 34
29870 352
29871 352
29872 352
29873 352
29874 352
29875 352
29876 353
29877 353
29878 353
29879 82
29880 82
29881 2
29882 2
29883 2
29884 2
29885 2
29886 2
29887 2
29888 2
29889 2
29890 2
29891 2
29892 2
29893 2
29894 2
29895 2
29896 215
29897 2
29898 2
29899 2
29900 2
29901 2
29902 2
29903 2
29904 354
29905 354
29906 355
29907 355
29908 0
29909 2
29910 2
29911 356
29912 356
29913 357
29914 357
29915 0
29916 2
29917 358
29918 358
29919 359
29920 359
29921 359
29922 42
29923 42
29924 42
29925 42
29926 42
29927 42
29928 360
29929 360
29930 360
29931 82
29932 361
29933 361
29934 82
29935 82
29936 82
29937 82
29938 82
29939 82
29940 82
29941 362
29942 362
29943 215
29944 215
29945 215
29946 12
29947 12
29948 363
29949 363
29950 364
29951 364
29952 365
29953 365
29954 366
29955 366
29956 367
29957 367
29958 368
29959 368
29960 369
29961 369
29962 370
29963 370
29964 371
29965 371
29966 371
29967 372
29968 372
29969 373
29970 373
29971 374
29972 374
29973 375
29974 375
29975 376
29976 376
29977 377
29978 377
29979 377
29980 377
29981 378
29982 378
29983 379
29984 379
29985 380
29986 380
29987 381
29988 381
29989 382
29990 382
29991 383
29992 383
29993 384
29994 384
29995 385
29996 385
29997 386
29998 386
29999 387
30000 387
30001 388
30002 388
30003 389
30004 389
30005 390
30006 390
30007 390
30008 391
30009 391
30010 391
30011 392
30012 392
30013 393
30014 393
30015 394
30016 394
30017 395
30018 395
30019 396
30020 396
30021 396
30022 397
30023 397
30024 398
30025 398
30026 399
30027 399
30028 400
30029 400
30030 401
30031 401
30032 402
30033 402
30034 403
30035 403
30036 404
30037 404
30038 405
30039 405
30040 406
30041 406
30042 407
30043 407
30044 408
30045 408
30046 409
30047 409
30048 410
30049 410
30050 411
30051 411
30052 412
30053 412
30054 413
30055 413
30056 12
30057 414
30058 414
30059 414
30060 415
30061 415
30062 416
30063 416
30064 417
30065 417
30066 418
30067 418
30068 419
30069 419
30070 420
30071 420
30072 215
30073 215
30074 215
30075 215
30076 215
30077 215
30078 215
30079 215
30080 215
30081 215
30082 215
30083 215
30084 215
30085 215
30086 215
30087 215
30088 215
30089 215
30090 215
30091 215
30092 215
30093 215
30094 215
30095 215
30096 421
30097 421
30098 421
30099 421
30100 421
30101 215
30102 82
30103 82
30104 82
30105 82
30106 215
30107 422
30108 422
30109 423
30110 423
30111 215
30112 215
30113 215
30114 82
30115 82
30116 424
30117 424
30118 82
30119 215
30120 100
30121 100
30122 100
30123 82
30124 2
30125 425
30126 425
30127 425
30128 100
30129 100
30130 100
30131 100
30132 100
30133 100
30134 100
30135 100
30136 100
30137 100
30138 100
30139 100
30140 100
30141 100
30142 100
30143 100
30144 100
30145 100
30146 100
30147 100
30148 100
30149 100
30150 100
30151 100
30152 100
30153 100
30154 100
30155 100
30156 100
30157 100
30158 426
30159 426
30160 427
30161 427
30162 428
30163 428
30164 429
30165 429
30166 429
30167 430
30168 430
30169 431
30170 431
30171 950
30172 950
30173 432
30174 432
30175 433
30176 433
30177 82
30178 82
30179 82
30180 100
30181 100
30182 100
30183 100
30184 100
30185 100
30186 100
30187 100
30188 100
30189 100
30190 100
30191 100
30192 100
30193 100
30194 100
30195 100
30196 100
30197 100
30198 100
30199 100
30200 100
30201 100
30202 100
30203 100
30204 100
30205 100
30206 100
30207 100
30208 100
30209 100
30210 100
30211 100
30212 100
30213 100
30214 100
30215 100
30216 100
30217 100
30218 100
30219 100
30220 100
30221 100
30222 100
30223 100
30224 100
30225 100
30226 100
30227 100
30228 100
30229 100
30230 100
30231 100
30232 82
30233 82
30234 100
30235 100
30236 100
30237 100
30238 434
30239 434
30240 82
30241 82
30242 82
30243 215
30244 215
30245 215
30246 215
30247 215
30248 82
30249 435
30250 435
30251 435
30252 82
30253 82
30254 82
30255 82
30256 436
30257 436
30258 437
30259 437
30260 438
30261 438
30262 438
30263 439
30264 439
30265 439
30266 439
30267 82
30268 440
30269 440
30270 440
30271 440
30272 441
30273 441
30274 307
30275 307
30276 329
30277 329
30278 215
30279 215
30280 215
30281 442
30282 442
30283 215
30284 215
30285 215
30286 215
30287 215
30288 215
30289 329
30290 329
30291 329
30292 443
30293 443
30294 443
30295 443
30296 215
30297 215
30298 329
30299 329
30300 329
30301 329
30302 329
30303 215
30304 215
30305 215
30306 215
30307 215
30308 215
30309 215
30310 215
30311 215
30312 444
30313 444
30314 444
30315 444
30316 444
30317 444
30318 444
30319 444
30320 444
30321 444
30322 215
30323 215
30324 82
30325 215
30326 82
30327 82
30328 82
30329 215
30330 215
30331 215
30332 445
30333 445
30334 215
30335 82
30336 215
30337 215
30338 82
30339 82
30340 82
30341 215
30342 215
30343 215
30344 446
30345 446
30346 446
30347 446
30348 447
30349 447
30350 448
30351 448
30352 448
30353 215
30354 215
30355 449
30356 449
30357 449
30358 449
30359 449
30360 450
30361 450
30362 450
30363 215
30364 215
30365 215
30366 215
30367 215
30368 215
30369 215
30370 215
30371 215
30372 215
30373 215
30374 215
30375 215
30376 215
30377 215
30378 215
30379 215
30380 215
30381 215
30382 215
30383 215
30384 215
30385 215
30386 215
30387 215
30388 215
30389 215
30390 215
30391 215
30392 215
30393 215
30394 844
30395 844
30396 215
30397 215
30398 215
30399 215
30400 215
30401 452
30402 452
30403 452
30404 215
30405 215
30406 215
30407 215
30408 215
30409 215
30410 215
30411 451
30412 451
30413 452
30414 452
30415 452
30416 453
30417 453
30418 453
30419 453
30420 454
30421 454
30422 215
30423 215
30424 215
30425 215
30426 215
30427 215
30428 215
30429 455
30430 455
30431 455
30432 455
30433 455
30434 215
30435 215
30436 215
30437 215
30438 458
30439 82
30440 82
30441 457
30442 457
30443 458
30444 458
30445 82
30446 82
30447 82
30448 457
30449 457
30450 82
30451 82
30452 82
30453 82
30454 457
30455 457
30456 82
30457 82
30458 456
30459 456
30460 457
30461 457
30462 457
30463 457
30464 457
30465 457
30466 457
30467 457
30468 457
30469 457
30470 457
30471 457
30472 82
30473 82
30474 458
30475 458
30476 458
30477 458
30478 82
30479 82
30480 82
30481 82
30482 82
30483 82
30484 82
30485 82
30486 82
30487 82
30488 82
30489 82
30490 82
30491 459
30492 459
30493 459
30494 459
30495 459
30496 82
30497 82
30498 82
30499 82
30500 82
30501 2
30502 2
30503 2
30504 82
30505 82
30506 460
30507 460
30508 460
30509 460
30510 460
30511 82
30512 82
30513 82
30514 82
30515 47
30516 47
30517 47
30518 47
30519 47
30520 461
30521 461
30522 461
30523 461
30524 82
30525 82
30526 82
30527 82
30528 82
30529 82
30530 82
30531 82
30532 82
30533 47
30534 47
30535 65
30536 65
30537 0
30538 0
30539 82
30540 215
30541 462
30542 462
30543 462
30544 462
30545 46
30546 82
30547 82
30548 463
30549 463
30550 82
30551 82
30552 82
30553 82
30554 82
30555 82
30556 82
30557 82
30558 82
30559 82
30560 82
30561 82
30562 82
30563 82
30564 82
30565 82
30566 82
30567 82
30568 82
30569 82
30570 82
30571 82
30572 82
30573 82
30574 82
30575 82
30576 82
30577 82
30578 82
30579 82
30580 82
30581 82
30582 0
30583 0
30584 0
30585 82
30586 0
30587 82
30588 82
30589 82
30590 82
30591 82
30592 82
30593 82
30594 82
30595 82
30596 82
30597 0
30598 0
30599 0
30600 82
30601 82
30602 82
30603 82
30604 82
30605 82
30606 82
30607 82
30608 82
30609 82
30610 0
30611 215
30612 215
30613 215
30614 82
30615 82
30616 82
30617 0
30618 82
30619 82
30620 82
30621 82
30622 82
30623 215
30624 0
30625 0
30626 215
30627 82
30628 82
30629 82
30630 82
30631 82
30632 82
30633 82
30634 82
30635 82
30636 82
30637 215
30638 0
30639 82
30640 0
30641 82
30642 82
30643 82
30644 82
30645 82
30646 82
30647 82
30648 82
30649 82
30650 82
30651 215
30652 82
30653 215
30654 82
30655 82
30656 82
30657 0
30658 82
30659 82
30660 82
30661 0
30662 0
30663 82
30664 82
30665 82
30666 82
30667 82
30668 82
30669 82
30670 82
30671 82
30672 82
30673 82
30674 82
30675 82
30676 82
30677 0
30678 82
30679 82
30680 82
30681 82
30682 82
30683 82
30684 82
30685 82
30686 82
30687 82
30688 82
30689 82
30690 82
30691 82
30692 82
30693 82
30694 82
30695 82
30696 82
30697 82
30698 82
30699 82
30700 82
30701 82
30702 82
30703 82
30704 82
30705 82
30706 82
30707 82
30708 82
30709 82
30710 82
30711 82
30712 82
30713 82
30714 82
30715 82
30716 82
30717 82
30718 82
30719 82
30720 82
30721 82
30722 82
30723 0
30724 82
30725 82
30726 82
30727 82
30728 82
30729 82
30730 82
30731 82
30732 82
30733 82
30734 82
30735 82
30736 82
30737 82
30738 82
30739 0
30740 82
30741 82
30742 82
30743 82
30744 82
30745 82
30746 82
30747 82
30748 82
30749 82
30750 82
30751 82
30752 82
30753 82
30754 82
30755 82
30756 82
30757 82
30758 82
30759 82
30760 82
30761 82
30762 82
30763 82
30764 82
30765 82
30766 0
30767 82
30768 82
30769 82
30770 82
30771 82
30772 82
30773 82
30774 0
30775 0
30776 82
30777 82
30778 82
30779 82
30780 82
30781 82
30782 82
30783 82
30784 82
30785 82
30786 82
30787 82
30788 82
30789 82
30790 82
30791 82
30792 464
30793 464
30794 82
30795 82
30796 82
30797 82
30798 465
30799 465
30800 82
30801 82
30802 82
30803 82
30804 0
30805 0
30806 0
30807 0
30808 82
30809 82
30810 82
30811 82
30812 82
30813 82
30814 82
30815 82
30816 82
30817 82
30818 82
30819 82
30820 82
30821 82
30822 215
30823 466
30824 466
30825 467
30826 467
30827 468
30828 468
30829 82
30830 82
30831 82
30832 82
30833 82
30834 82
30835 82
30836 82
30837 82
30838 82
30839 82
30840 82
30841 82
30842 82
30843 215
30844 215
30845 82
30846 82
30847 469
30848 469
30849 469
30850 469
30851 82
30852 82
30853 82
30854 82
30855 82
30856 82
30857 82
30858 82
30859 82
30860 0
30861 0
30862 82
30863 82
30864 82
30865 82
30866 470
30867 470
30868 0
30869 0
30870 0
30871 0
30872 82
30873 471
30874 471
30875 472
30876 472
30877 472
30878 472
30879 472
30880 472
30881 82
30882 82
30883 82
30884 82
30885 82
30886 82
30887 82
30888 82
30889 82
30890 82
30891 82
30892 82
30893 82
30894 82
30895 82
30896 82
30897 82
30898 82
30899 82
30900 82
30901 473
30902 473
30903 473
30904 82
30905 82
30906 82
30907 82
30908 82
30909 82
30910 82
30911 82
30912 82
30913 474
30914 474
30915 215
30916 215
30917 215
30918 215
30919 215
30920 475
30921 475
30922 82
30923 82
30924 82
30925 82
30926 82
30927 82
30928 476
30929 476
30930 477
30931 477
30932 82
30933 82
30934 82
30935 478
30936 478
30937 479
30938 479
30939 480
30940 480
30941 481
30942 481
30943 481
30944 82
30945 82
30946 482
30947 482
30948 483
30949 483
30950 483
30951 484
30952 484
30953 215
30954 485
30955 485
30956 486
30957 486
30958 82
30959 487
30960 487
30961 488
30962 488
30963 489
30964 489
30965 490
30966 490
30967 491
30968 491
30969 492
30970 492
30971 492
30972 493
30973 493
30974 494
30975 494
30976 494
30977 495
30978 495
30979 496
30980 496
30981 496
30982 496
30983 496
30984 496
30985 496
30986 496
30987 496
30988 496
30989 496
30990 496
30991 496
30992 0
30993 0
30994 0
30995 0
30996 0
30997 0
30998 0
30999 0
31000 0
31001 0
31002 497
31003 497
31004 82
31005 82
31006 498
31007 498
31008 498
31009 499
31010 499
31011 390
31012 500
31013 500
31014 500
31015 500
31016 501
31017 501
31018 502
31019 502
31020 502
31021 503
31022 503
31023 504
31024 504
31025 504
31026 505
31027 505
31028 506
31029 506
31030 466
31031 82
31032 82
31033 82
31034 82
31035 507
31036 507
31037 508
31038 508
31039 508
31040 509
31041 509
31042 510
31043 510
31044 511
31045 511
31046 512
31047 512
31048 513
31049 513
31050 514
31051 514
31052 515
31053 515
31054 516
31055 516
31056 516
31057 517
31058 517
31059 518
31060 518
31061 519
31062 519
31063 520
31064 520
31065 521
31066 521
31067 522
31068 522
31069 523
31070 523
31071 524
31072 524
31073 525
31074 525
31075 526
31076 526
31077 527
31078 527
31079 528
31080 528
31081 529
31082 529
31083 530
31084 530
31085 531
31086 531
31087 532
31088 532
31089 533
31090 533
31091 534
31092 534
31093 535
31094 535
31095 536
31096 536
31097 537
31098 537
31099 538
31100 538
31101 539
31102 539
31103 540
31104 540
31105 541
31106 541
31107 542
31108 542
31109 543
31110 543
31111 544
31112 544
31113 545
31114 545
31115 546
31116 546
31117 508
31118 547
31119 547
31120 548
31121 548
31122 548
31123 548
31124 549
31125 549
31126 550
31127 550
31128 551
31129 551
31130 552
31131 552
31132 553
31133 553
31134 554
31135 554
31136 555
31137 555
31138 556
31139 556
31140 556
31141 557
31142 557
31143 558
31144 558
31145 559
31146 559
31147 560
31148 560
31149 561
31150 561
31151 562
31152 562
31153 562
31154 562
31155 82
31156 82
31157 563
31158 563
31159 564
31160 564
31161 82
31162 82
31163 82
31164 82
31165 82
31166 82
31167 82
31168 82
31169 82
31170 565
31171 565
31172 566
31173 566
31174 567
31175 567
31176 568
31177 568
31178 569
31179 569
31180 570
31181 570
31182 571
31183 571
31184 572
31185 572
31186 573
31187 573
31188 574
31189 574
31190 575
31191 575
31192 576
31193 576
31194 577
31195 577
31196 578
31197 578
31198 579
31199 579
31200 580
31201 580
31202 581
31203 581
31204 582
31205 582
31206 583
31207 583
31208 584
31209 584
31210 585
31211 585
31212 586
31213 586
31214 586
31215 586
31216 586
31217 587
31218 587
31219 588
31220 588
31221 82
31222 589
31223 589
31224 589
31225 590
31226 590
31227 590
31228 590
31229 591
31230 591
31231 591
31232 592
31233 592
31234 593
31235 593
31236 594
31237 594
31238 595
31239 595
31240 596
31241 596
31242 597
31243 597
31244 597
31245 598
31246 598
31247 599
31248 599
31249 600
31250 600
31251 601
31252 601
31253 602
31254 602
31255 603
31256 603
31257 604
31258 604
31259 605
31260 605
31261 606
31262 606
31263 607
31264 607
31265 608
31266 608
31267 609
31268 609
31269 610
31270 610
31271 611
31272 611
31273 612
31274 612
31275 613
31276 613
31277 614
31278 614
31279 615
31280 615
31281 616
31282 616
31283 616
31284 479
31285 617
31286 617
31287 618
31288 618
31289 619
31290 619
31291 620
31292 620
31293 621
31294 621
31295 622
31296 622
31297 623
31298 623
31299 624
31300 624
31301 625
31302 625
31303 625
31304 626
31305 626
31306 627
31307 627
31308 628
31309 628
31310 629
31311 629
31312 630
31313 630
31314 631
31315 631
31316 632
31317 632
31318 633
31319 633
31320 634
31321 634
31322 635
31323 635
31324 636
31325 636
31326 637
31327 637
31328 638
31329 638
31330 639
31331 639
31332 640
31333 640
31334 641
31335 641
31336 642
31337 642
31338 643
31339 643
31340 644
31341 644
31342 645
31343 645
31344 646
31345 646
31346 647
31347 647
31348 648
31349 648
31350 648
31351 648
31352 649
31353 649
31354 650
31355 650
31356 650
31357 650
31358 650
31359 650
31360 651
31361 651
31362 652
31363 652
31364 82
31365 82
31366 82
31367 82
31368 82
31369 215
31370 82
31371 82
31372 82
31373 82
31374 82
31375 82
31376 82
31377 82
31378 653
31379 653
31380 82
31381 82
31382 82
31383 82
31384 82
31385 82
31386 82
31387 82
31388 82
31389 82
31390 82
31391 82
31392 82
31393 82
31394 82
31395 82
31396 215
31397 215
31398 215
31399 215
31400 215
31401 215
31402 82
31403 82
31404 215
31405 215
31406 215
31407 215
31408 215
31409 215
31410 215
31411 215
31412 850
31413 850
31414 850
31415 850
31416 850
31417 850
31418 82
31419 82
31420 82
31421 654
31422 654
31423 654
31424 654
31425 215
31426 215
31427 215
31428 82
31429 82
31430 655
31431 655
31432 82
31433 656
31434 656
31435 657
31436 657
31437 657
31438 657
31439 657
31440 215
31441 215
31442 215
31443 215
31444 82
31445 215
31446 215
31447 215
31448 215
31449 215
31450 215
31451 215
31452 215
31453 215
31454 215
31455 215
31456 215
31457 215
31458 215
31459 215
31460 215
31461 215
31462 215
31463 215
31464 215
31465 215
31466 215
31467 215
31468 215
31469 215
31470 215
31471 215
31472 215
31473 215
31474 215
31475 215
31476 215
31477 215
31478 215
31479 215
31480 215
31481 215
31482 215
31483 215
31484 215
31485 215
31486 215
31487 215
31488 215
31489 215
31490 215
31491 215
31492 215
31493 215
31494 215
31495 215
31496 215
31497 215
31498 215
31499 215
31500 215
31501 215
31502 215
31503 215
31504 215
31505 215
31506 215
31507 215
31508 215
31509 215
31510 215
31511 215
31512 215
31513 215
31514 215
31515 215
31516 215
31517 215
31518 215
31519 215
31520 215
31521 215
31522 215
31523 215
31524 215
31525 215
31526 215
31527 215
31528 215
31529 215
31530 215
31531 215
31532 215
31533 215
31534 215
31535 215
31536 215
31537 215
31538 215
31539 215
31540 215
31541 215
31542 215
31543 215
31544 215
31545 215
31546 215
31547 215
31548 215
31549 215
31550 215
31551 215
31552 215
31553 215
31554 215
31555 215
31556 215
31557 215
31558 215
31559 215
31560 215
31561 215
31562 215
31563 215
31564 215
31565 215
31566 215
31567 215
31568 215
31569 215
31570 215
31571 215
31572 215
31573 215
31574 215
31575 215
31576 215
31577 215
31578 215
31579 215
31580 215
31581 215
31582 215
31583 215
31584 215
31585 215
31586 215
31587 215
31588 215
31589 215
31590 215
31591 215
31592 215
31593 215
31594 215
31595 215
31596 215
31597 215
31598 215
31599 215
31600 215
31601 215
31602 215
31603 215
31604 215
31605 215
31606 215
31607 215
31608 215
31609 215
31610 215
31611 215
31612 215
31613 215
31614 215
31615 215
31616 215
31617 215
31618 215
31619 215
31620 215
31621 215
31622 215
31623 215
31624 215
31625 215
31626 215
31627 215
31628 215
31629 215
31630 215
31631 215
31632 215
31633 215
31634 215
31635 215
31636 215
31637 215
31638 215
31639 215
31640 215
31641 215
31642 215
31643 215
31644 215
31645 215
31646 215
31647 215
31648 215
31649 215
31650 215
31651 215
31652 215
31653 215
31654 215
31655 215
31656 215
31657 215
31658 215
31659 215
31660 215
31661 215
31662 215
31663 215
31664 215
31665 215
31666 215
31667 215
31668 215
31669 215
31670 215
31671 215
31672 215
31673 215
31674 215
31675 215
31676 215
31677 215
31678 215
31679 215
31680 215
31681 215
31682 215
31683 215
31684 215
31685 215
31686 215
31687 215
31688 215
31689 215
31690 215
31691 215
31692 215
31693 215
31694 215
31695 215
31696 215
31697 215
31698 215
31699 215
31700 215
31701 215
31702 215
31703 215
31704 215
31705 215
31706 215
31707 215
31708 215
31709 215
31710 215
31711 215
31712 215
31713 215
31714 215
31715 215
31716 215
31717 215
31718 215
31719 215
31720 215
31721 215
31722 215
31723 215
31724 215
31725 215
31726 215
31727 215
31728 215
31729 215
31730 215
31731 215
31732 215
31733 215
31734 215
31735 215
31736 215
31737 215
31738 215
31739 215
31740 215
31741 215
31742 215
31743 215
31744 215
31745 215
31746 215
31747 215
31748 215
31749 215
31750 215
31751 215
31752 215
31753 215
31754 215
31755 215
31756 215
31757 215
31758 215
31759 215
31760 215
31761 215
31762 215
31763 215
31764 215
31765 215
31766 215
31767 215
31768 215
31769 215
31770 215
31771 215
31772 215
31773 215
31774 215
31775 215
31776 215
31777 215
31778 215
31779 215
31780 215
31781 215
31782 215
31783 215
31784 215
31785 215
31786 215
31787 215
31788 215
31789 215
31790 215
31791 215
31792 215
31793 215
31794 215
31795 215
31796 215
31797 215
31798 215
31799 215
31800 215
31801 215
31802 215
31803 215
31804 215
31805 215
31806 215
31807 215
31808 215
31809 215
31810 215
31811 215
31812 215
31813 215
31814 215
31815 215
31816 215
31817 215
31818 215
31819 215
31820 215
31821 215
31822 215
31823 215
31824 215
31825 215
31826 215
31827 215
31828 215
31829 215
31830 215
31831 215
31832 215
31833 215
31834 215
31835 215
31836 215
31837 215
31838 215
31839 215
31840 215
31841 215
31842 215
31843 215
31844 215
31845 215
31846 215
31847 215
31848 215
31849 215
31850 215
31851 215
31852 215
31853 215
31854 215
31855 215
31856 215
31857 215
31858 215
31859 215
31860 215
31861 215
31862 215
31863 215
31864 215
31865 215
31866 215
31867 215
31868 215
31869 215
31870 215
31871 215
31872 215
31873 215
31874 215
31875 215
31876 215
31877 215
31878 215
31879 215
31880 215
31881 215
31882 215
31883 215
31884 215
31885 215
31886 215
31887 215
31888 215
31889 215
31890 215
31891 215
31892 215
31893 215
31894 215
31895 215
31896 215
31897 215
31898 215
31899 215
31900 215
31901 215
31902 215
31903 215
31904 215
31905 215
31906 215
31907 215
31908 215
31909 215
31910 215
31911 215
31912 215
31913 215
31914 215
31915 215
31916 215
31917 215
31918 215
31919 215
31920 215
31921 215
31922 215
31923 215
31924 215
31925 215
31926 215
31927 215
31928 215
31929 215
31930 215
31931 215
31932 215
31933 215
31934 215
31935 215
31936 215
31937 215
31938 215
31939 215
31940 215
31941 215
31942 215
31943 215
31944 215
31945 215
31946 215
31947 215
31948 215
31949 215
31950 215
31951 215
31952 215
31953 215
31954 215
31955 215
31956 215
31957 215
31958 215
31959 215
31960 215
31961 215
31962 215
31963 215
31964 215
31965 215
31966 215
31967 215
31968 215
31969 215
31970 215
31971 215
31972 215
31973 215
31974 215
31975 215
31976 215
31977 215
31978 215
31979 215
31980 215
31981 215
31982 215
31983 215
31984 215
31985 215
31986 215
31987 215
31988 215
31989 215
31990 215
31991 215
31992 215
31993 215
31994 215
31995 215
31996 215
31997 215
31998 215
31999 215
32000 215
32001 215
32002 215
32003 215
32004 215
32005 215
32006 215
32007 215
32008 215
32009 215
32010 215
32011 215
32012 215
32013 215
32014 215
32015 215
32016 215
32017 215
32018 215
32019 215
32020 215
32021 215
32022 215
32023 215
32024 215
32025 215
32026 215
32027 215
32028 215
32029 215
32030 215
32031 215
32032 215
32033 215
32034 215
32035 215
32036 215
32037 215
32038 215
32039 215
32040 215
32041 215
32042 215
32043 215
32044 215
32045 215
32046 215
32047 215
32048 215
32049 215
32050 215
32051 215
32052 215
32053 215
32054 215
32055 215
32056 215
32057 215
32058 215
32059 215
32060 215
32061 215
32062 215
32063 215
32064 215
32065 215
32066 215
32067 215
32068 215
32069 215
32070 215
32071 215
32072 215
32073 215
32074 215
32075 215
32076 215
32077 215
32078 215
32079 215
32080 215
32081 215
32082 215
32083 215
32084 215
32085 215
32086 215
32087 215
32088 215
32089 215
32090 215
32091 215
32092 215
32093 215
32094 215
32095 215
32096 215
32097 215
32098 215
32099 215
32100 215
32101 215
32102 215
32103 215
32104 215
32105 215
32106 215
32107 215
32108 215
32109 215
32110 215
32111 215
32112 215
32113 215
32114 215
32115 215
32116 215
32117 215
32118 215
32119 215
32120 215
32121 215
32122 215
32123 215
32124 215
32125 215
32126 215
32127 215
32128 215
32129 215
32130 215
32131 215
32132 215
32133 215
32134 215
32135 215
32136 215
32137 215
32138 215
32139 215
32140 215
32141 215
32142 215
32143 215
32144 215
32145 215
32146 215
32147 215
32148 215
32149 215
32150 215
32151 215
32152 215
32153 215
32154 215
32155 215
32156 215
32157 215
32158 215
32159 215
32160 215
32161 215
32162 215
32163 215
32164 215
32165 215
32166 215
32167 215
32168 215
32169 215
32170 215
32171 215
32172 215
32173 215
32174 215
32175 215
32176 215
32177 215
32178 215
32179 215
32180 215
32181 215
32182 215
32183 215
32184 215
32185 215
32186 215
32187 215
32188 215
32189 215
32190 215
32191 215
32192 215
32193 215
32194 215
32195 215
32196 215
32197 215
32198 215
32199 215
32200 215
32201 215
32202 215
32203 215
32204 215
32205 215
32206 215
32207 215
32208 215
32209 215
32210 215
32211 215
32212 215
32213 215
32214 215
32215 215
32216 215
32217 215
32218 215
32219 215
32220 215
32221 215
32222 215
32223 215
32224 215
32225 215
32226 215
32227 215
32228 215
32229 215
32230 215
32231 215
32232 215
32233 215
32234 215
32235 215
32236 215
32237 215
32238 215
32239 215
32240 215
32241 215
32242 215
32243 215
32244 215
32245 215
32246 215
32247 215
32248 215
32249 215
32250 215
32251 215
32252 215
32253 215
32254 215
32255 215
32256 215
32257 215
32258 215
32259 215
32260 215
32261 215
32262 215
32263 215
32264 215
32265 215
32266 215
32267 215
32268 215
32269 215
32270 215
32271 215
32272 215
32273 215
32274 215
32275 215
32276 215
32277 215
32278 215
32279 215
32280 215
32281 215
32282 215
32283 215
32284 215
32285 215
32286 215
32287 215
32288 215
32289 215
32290 215
32291 215
32292 215
32293 215
32294 215
32295 215
32296 215
32297 215
32298 215
32299 215
32300 215
32301 215
32302 215
32303 215
32304 215
32305 215
32306 215
32307 215
32308 215
32309 215
32310 215
32311 215
32312 215
32313 215
32314 215
32315 215
32316 215
32317 215
32318 215
32319 215
32320 215
32321 215
32322 215
32323 215
32324 215
32325 215
32326 215
32327 215
32328 215
32329 215
32330 215
32331 215
32332 215
32333 215
32334 215
32335 215
32336 215
32337 215
32338 215
32339 215
32340 215
32341 215
32342 215
32343 215
32344 215
32345 215
32346 215
32347 215
32348 215
32349 215
32350 215
32351 215
32352 215
32353 215
32354 215
32355 215
32356 215
32357 215
32358 215
32359 215
32360 215
32361 215
32362 215
32363 215
32364 215
32365 215
32366 215
32367 215
32368 215
32369 215
32370 215
32371 215
32372 215
32373 215
32374 215
32375 215
32376 215
32377 215
32378 215
32379 215
32380 215
32381 215
32382 215
32383 215
32384 215
32385 215
32386 215
32387 215
32388 215
32389 215
32390 215
32391 215
32392 215
32393 215
32394 215
32395 215
32396 215
32397 215
32398 215
32399 215
32400 215
32401 215
32402 215
32403 215
32404 215
32405 215
32406 215
32407 215
32408 215
32409 215
32410 215
32411 215
32412 215
32413 215
32414 215
32415 215
32416 215
32417 215
32418 215
32419 215
32420 215
32421 215
32422 215
32423 215
32424 215
32425 215
32426 215
32427 215
32428 215
32429 215
32430 215
32431 215
32432 215
32433 215
32434 215
32435 215
32436 215
32437 215
32438 215
32439 215
32440 215
32441 215
32442 215
32443 215
32444 215
32445 215
32446 215
32447 215
32448 215
32449 215
32450 215
32451 215
32452 215
32453 215
32454 215
32455 215
32456 215
32457 215
32458 215
32459 215
32460 215
32461 215
32462 215
32463 215
32464 215
32465 215
32466 215
32467 215
32468 215
32469 215
32470 215
32471 215
32472 215
32473 215
32474 215
32475 215
32476 215
32477 215
32478 215
32479 215
32480 215
32481 215
32482 215
32483 215
32484 215
32485 215
32486 215
32487 215
32488 215
32489 215
32490 215
32491 215
32492 215
32493 215
32494 215
32495 215
32496 215
32497 215
32498 215
32499 215
32500 215
32501 215
32502 215
32503 215
32504 215
32505 215
32506 215
32507 215
32508 215
32509 215
32510 215
32511 215
32512 215
32513 215
32514 215
32515 215
32516 215
32517 215
32518 215
32519 215
32520 215
32521 215
32522 215
32523 215
32524 215
32525 215
32526 215
32527 215
32528 215
32529 215
32530 215
32531 215
32532 215
32533 215
32534 215
32535 215
32536 215
32537 215
32538 215
32539 215
32540 215
32541 215
32542 215
32543 215
32544 215
32545 215
32546 215
32547 215
32548 215
32549 215
32550 215
32551 215
32552 215
32553 215
32554 215
32555 215
32556 215
32557 215
32558 215
32559 215
32560 215
32561 215
32562 215
32563 215
32564 215
32565 215
32566 215
32567 215
32568 215
32569 215
32570 215
32571 215
32572 215
32573 215
32574 215
32575 215
32576 215
32577 215
32578 215
32579 215
32580 215
32581 215
32582 215
32583 215
32584 215
32585 215
32586 215
32587 215
32588 215
32589 215
32590 215
32591 215
32592 215
32593 215
32594 215
32595 215
32596 215
32597 215
32598 215
32599 215
32600 215
32601 215
32602 215
32603 215
32604 215
32605 215
32606 215
32607 215
32608 215
32609 215
32610 215
32611 215
32612 215
32613 215
32614 215
32615 215
32616 215
32617 215
32618 215
32619 215
32620 215
32621 215
32622 215
32623 215
32624 215
32625 215
32626 215
32627 215
32628 215
32629 215
32630 215
32631 215
32632 215
32633 215
32634 215
32635 215
32636 215
32637 215
32638 215
32639 215
32640 215
32641 215
32642 215
32643 215
32644 215
32645 215
32646 215
32647 215
32648 215
32649 215
32650 215
32651 215
32652 215
32653 215
32654 215
32655 215
32656 215
32657 215
32658 215
32659 215
32660 215
32661 215
32662 215
32663 215
32664 215
32665 215
32666 215
32667 215
32668 215
32669 215
32670 215
32671 215
32672 215
32673 215
32674 215
32675 215
32676 215
32677 215
32678 215
32679 215
32680 215
32681 215
32682 215
32683 215
32684 215
32685 215
32686 215
32687 215
32688 215
32689 215
32690 215
32691 215
32692 215
32693 215
32694 215
32695 215
32696 215
32697 215
32698 215
32699 215
32700 215
32701 215
32702 215
32703 215
32704 215
32705 215
32706 215
32707 215
32708 215
32709 215
32710 215
32711 215
32712 215
32713 215
32714 215
32715 215
32716 215
32717 215
32718 215
32719 215
32720 215
32721 215
32722 215
32723 215
32724 215
32725 82
32726 82
32727 82
32728 2
32729 2
32730 2
32731 2
32732 2
32733 2
32734 658
32735 658
32736 658
32737 658
32738 100
32739 100
32740 100
32741 659
32742 659
32743 660
32744 660
32745 215
32746 215
32747 215
32748 215
32749 215
32750 215
32751 215
32752 215
32753 215
32754 215
32755 661
32756 661
32757 662
32758 662
32759 82
32760 82
32761 82
32762 82
32763 82
32764 82
32765 82
32766 82
32767 82
32768 82
32769 82
32770 82
32771 82
32772 82
32773 82
32774 82
32775 82
32776 82
32777 82
32778 82
32779 82
32780 82
32781 82
32782 82
32783 82
32784 82
32785 82
32786 82
32787 82
32788 82
32789 82
32790 82
32791 82
32792 82
32793 82
32794 82
32795 82
32796 82
32797 82
32798 82
32799 82
32800 82
32801 82
32802 82
32803 82
32804 663
32805 663
32806 663
32807 663
32808 82
32809 82
32810 664
32811 664
32812 215
32813 215
32814 215
32815 215
32816 215
32817 215
32818 215
32819 215
32820 215
32821 215
32822 215
32823 215
32824 215
32825 215
32826 215
32827 215
32828 215
32829 215
32830 215
32831 215
32832 215
32833 215
32834 215
32835 215
32836 215
32837 215
32838 215
32839 215
32840 215
32841 215
32842 215
32843 215
32844 215
32845 215
32846 215
32847 215
32848 215
32849 215
32850 215
32851 2
32852 2
32853 2
32854 215
32855 665
32856 665
32857 53
32858 666
32859 666
32860 666
32861 667
32862 667
32863 82
32864 668
32865 668
32866 669
32867 669
32868 670
32869 670
32870 671
32871 671
32872 672
32873 672
32874 100
32875 100
32876 100
32877 100
32878 100
32879 100
32880 100
32881 673
32882 673
32883 673
32884 673
32885 673
32886 674
32887 674
32888 675
32889 675
32890 676
32891 676
32892 677
32893 677
32894 678
32895 678
32896 100
32897 100
32898 100
32899 100
32900 679
32901 679
32902 680
32903 680
32904 681
32905 681
32906 682
32907 682
32908 683
32909 683
32910 684
32911 684
32912 684
32913 685
32914 685
32915 100
32916 100
32917 686
32918 686
32919 687
32920 687
32921 688
32922 688
32923 689
32924 689
32925 690
32926 690
32927 690
32928 690
32929 691
32930 691
32931 692
32932 692
32933 61
32934 61
32935 61
32936 61
32937 61
32938 61
32939 61
32940 61
32941 61
32942 61
32943 61
32944 61
32945 61
32946 61
32947 61
32948 61
32949 61
32950 61
32951 61
32952 61
32953 61
32954 61
32955 61
32956 61
32957 61
32958 215
32959 215
32960 215
32961 215
32962 215
32963 693
32964 693
32965 694
32966 694
32967 695
32968 695
32969 695
32970 696
32971 696
32972 697
32973 697
32974 697
32975 698
32976 698
32977 699
32978 699
32979 699
32980 699
32981 82
32982 82
32983 82
32984 82
32985 82
32986 82
32987 100
32988 82
32989 82
32990 82
32991 82
32992 82
32993 82
32994 82
32995 82
32996 215
32997 215
32998 215
32999 215
33000 215
33001 215
33002 215
33003 215
33004 215
33005 215
33006 215
33007 215
33008 215
33009 215
33010 215
33011 215
33012 215
33013 215
33014 215
33015 215
33016 215
33017 215
33018 215
33019 215
33020 215
33021 100
33022 700
33023 700
33024 701
33025 701
33026 701
33027 701
33028 702
33029 702
33030 702
33031 702
33032 82
33033 82
33034 82
33035 82
33036 703
33037 703
33038 703
33039 703
33040 703
33041 703
33042 703
33043 703
33044 703
33045 703
33046 703
33047 703
33048 703
33049 82
33050 100
33051 100
33052 215
33053 215
33054 215
33055 705
33056 705
33057 705
33058 82
33059 704
33060 704
33061 704
33062 215
33063 82
33064 82
33065 82
33066 82
33067 100
33068 100
33069 100
33070 100
33071 100
33072 100
33073 100
33074 705
33075 705
33076 705
33077 705
33078 705
33079 705
33080 705
33081 705
33082 705
33083 705
33084 215
33085 65
33086 65
33087 215
33088 215
33089 215
33090 215
33091 215
33092 215
33093 215
33094 706
33095 706
33096 706
33097 706
33098 706
33099 706
33100 706
33101 215
33102 215
33103 215
33104 215
33105 215
33106 215
33107 215
33108 215
33109 215
33110 215
33111 82
33112 82
33113 82
33114 215
33115 215
33116 215
33117 215
33118 82
33119 82
33120 82
33121 215
33122 82
33123 82
33124 215
33125 215
33126 215
33127 215
33128 215
33129 215
33130 215
33131 215
33132 215
33133 215
33134 215
33135 215
33136 215
33137 215
33138 215
33139 215
33140 215
33141 215
33142 215
33143 215
33144 215
33145 215
33146 100
33147 215
33148 215
33149 215
33150 215
33151 215
33152 215
33153 215
33154 215
33155 215
33156 215
33157 215
33158 215
33159 215
33160 215
33161 707
33162 707
33163 707
33164 215
33165 708
33166 708
33167 708
33168 708
33169 215
33170 215
33171 215
33172 215
33173 215
33174 215
33175 215
33176 82
33177 215
33178 215
33179 215
33180 215
33181 215
33182 215
33183 709
33184 709
33185 709
33186 215
33187 215
33188 710
33189 710
33190 710
33191 710
33192 711
33193 711
33194 215
33195 215
33196 215
33197 215
33198 215
33199 215
33200 215
33201 215
33202 215
33203 215
33204 215
33205 215
33206 215
33207 215
33208 215
33209 215
33210 215
33211 215
33212 215
33213 215
33214 215
33215 215
33216 215
33217 215
33218 712
33219 712
33220 712
33221 712
33222 713
33223 713
33224 215
33225 714
33226 714
33227 715
33228 715
33229 715
33230 716
33231 716
33232 716
33233 716
33234 717
33235 717
33236 718
33237 718
33238 719
33239 719
33240 719
33241 719
33242 720
33243 720
33244 720
33245 721
33246 721
33247 722
33248 722
33249 723
33250 723
33251 723
33252 724
33253 724
33254 724
33255 725
33256 725
33257 726
33258 726
33259 726
33260 727
33261 727
33262 727
33263 727
33264 727
33265 727
33266 727
33267 727
33268 728
33269 728
33270 728
33271 729
33272 729
33273 729
33274 729
33275 729
33276 215
33277 215
33278 215
33279 215
33280 215
33281 215
33282 215
33283 215
33284 215
33285 215
33286 215
33287 215
33288 215
33289 215
33290 215
33291 215
33292 215
33293 215
33294 215
33295 215
33296 215
33297 730
33298 730
33299 730
33300 730
33301 731
33302 731
33303 732
33304 732
33305 732
33306 732
33307 732
33308 733
33309 733
33310 733
33311 733
33312 733
33313 733
33314 734
33315 734
33316 734
33317 734
33318 734
33319 734
33320 734
33321 734
33322 734
33323 734
33324 734
33325 734
33326 735
33327 735
33328 735
33329 735
33330 735
33331 735
33332 735
33333 735
33334 735
33335 736
33336 736
33337 737
33338 737
33339 737
33340 737
33341 737
33342 737
33343 737
33344 737
33345 737
33346 737
33347 215
33348 215
33349 215
33350 215
33351 215
33352 215
33353 215
33354 215
33355 215
33356 738
33357 738
33358 215
33359 215
33360 215
33361 739
33362 739
33363 740
33364 740
33365 741
33366 741
33367 215
33368 215
33369 742
33370 742
33371 742
33372 742
33373 742
33374 742
33375 742
33376 742
33377 742
33378 742
33379 743
33380 743
33381 215
33382 215
33383 82
33384 215
33385 215
33386 215
33387 215
33388 215
33389 215
33390 215
33391 744
33392 744
33393 100
33394 100
33395 100
33396 215
33397 215
33398 215
33399 215
33400 745
33401 745
33402 215
33403 746
33404 746
33405 746
33406 747
33407 747
33408 747
33409 747
33410 748
33411 748
33412 748
33413 748
33414 749
33415 749
33416 749
33417 749
33418 749
33419 749
33420 215
33421 215
33422 750
33423 750
33424 750
33425 750
33426 751
33427 751
33428 751
33429 215
33430 215
33431 215
33432 215
33433 215
33434 215
33435 752
33436 752
33437 752
33438 752
33439 82
33440 82
33441 82
33442 82
33443 82
33444 82
33445 82
33446 82
33447 215
33448 215
33449 215
33450 215
33451 82
33452 753
33453 753
33454 753
33455 215
33456 215
33457 215
33458 215
33459 215
33460 215
33461 754
33462 754
33463 754
33464 754
33465 754
33466 754
33467 100
33468 100
33469 100
33470 100
33471 100
33472 100
33473 100
33474 100
33475 100
33476 100
33477 100
33478 100
33479 100
33480 100
33481 100
33482 100
33483 100
33484 100
33485 100
33486 100
33487 100
33488 100
33489 100
33490 100
33491 100
33492 100
33493 100
33494 100
33495 100
33496 100
33497 100
33498 100
33499 100
33500 100
33501 100
33502 100
33503 100
33504 100
33505 100
33506 100
33507 100
33508 100
33509 100
33510 100
33511 100
33512 100
33513 100
33514 100
33515 100
33516 100
33517 100
33518 100
33519 100
33520 100
33521 100
33522 100
33523 100
33524 100
33525 100
33526 100
33527 100
33528 100
33529 100
33530 100
33531 100
33532 100
33533 100
33534 100
33535 100
33536 100
33537 100
33538 100
33539 100
33540 100
33541 100
33542 100
33543 100
33544 100
33545 100
33546 100
33547 100
33548 100
33549 100
33550 100
33551 100
33552 100
33553 100
33554 100
33555 100
33556 100
33557 100
33558 100
33559 100
33560 100
33561 100
33562 100
33563 100
33564 100
33565 100
33566 100
33567 100
33568 100
33569 100
33570 100
33571 100
33572 100
33573 100
33574 100
33575 100
33576 100
33577 100
33578 100
33579 100
33580 100
33581 100
33582 100
33583 100
33584 100
33585 100
33586 100
33587 100
33588 100
33589 100
33590 100
33591 100
33592 100
33593 100
33594 100
33595 100
33596 100
33597 100
33598 100
33599 100
33600 100
33601 100
33602 100
33603 100
33604 100
33605 100
33606 100
33607 100
33608 100
33609 100
33610 100
33611 100
33612 100
33613 100
33614 755
33615 755
33616 215
33617 215
33618 215
33619 215
33620 756
33621 756
33622 757
33623 757
33624 757
33625 100
33626 100
33627 100
33628 100
33629 100
33630 100
33631 100
33632 100
33633 100
33634 100
33635 100
33636 100
33637 100
33638 100
33639 100
33640 100
33641 100
33642 100
33643 100
33644 100
33645 100
33646 100
33647 100
33648 100
33649 100
33650 100
33651 100
33652 100
33653 100
33654 100
33655 100
33656 100
33657 100
33658 100
33659 100
33660 100
33661 100
33662 100
33663 100
33664 100
33665 100
33666 100
33667 100
33668 100
33669 100
33670 100
33671 100
33672 100
33673 100
33674 100
33675 100
33676 758
33677 758
33678 758
33679 758
33680 758
33681 758
33682 758
33683 758
33684 758
33685 758
33686 758
33687 759
33688 759
33689 759
33690 759
33691 759
33692 759
33693 759
33694 760
33695 760
33696 761
33697 761
33698 762
33699 762
33700 762
33701 763
33702 763
33703 763
33704 215
33705 215
33706 215
33707 215
33708 764
33709 764
33710 765
33711 765
33712 765
33713 765
33714 765
33715 766
33716 766
33717 767
33718 767
33719 767
33720 768
33721 768
33722 768
33723 768
33724 769
33725 769
33726 770
33727 770
33728 771
33729 771
33730 100
33731 100
33732 100
33733 100
33734 100
33735 772
33736 772
33737 772
33738 773
33739 773
33740 100
33741 100
33742 215
33743 215
33744 215
33745 215
33746 215
33747 215
33748 215
33749 774
33750 774
33751 775
33752 775
33753 775
33754 776
33755 776
33756 776
33757 777
33758 777
33759 778
33760 778
33761 779
33762 779
33763 780
33764 780
33765 781
33766 781
33767 782
33768 782
33769 783
33770 783
33771 784
33772 784
33773 784
33774 784
33775 82
33776 82
33777 82
33778 785
33779 785
33780 215
33781 215
33782 215
33783 215
33784 215
33785 215
33786 215
33787 215
33788 215
33789 215
33790 215
33791 215
33792 215
33793 215
33794 82
33795 82
33796 82
33797 215
33798 215
33799 215
33800 215
33801 215
33802 215
33803 82
33804 215
33805 2
33806 215
33807 215
33808 215
33809 215
33810 215
33811 215
33812 215
33813 215
33814 215
33815 215
33816 215
33817 215
33818 215
33819 215
33820 215
33821 215
33822 215
33823 215
33824 215
33825 215
33826 215
33827 215
33828 215
33829 215
33830 215
33831 215
33832 215
33833 215
33834 215
33835 215
33836 215
33837 215
33838 215
33839 215
33840 215
33841 215
33842 215
33843 215
33844 215
33845 215
33846 215
33847 215
33848 215
33849 215
33850 215
33851 215
33852 215
33853 215
33854 786
33855 786
33856 786
33857 786
33858 786
33859 786
33860 786
33861 786
33862 786
33863 786
33864 786
33865 786
33866 786
33867 786
33868 215
33869 786
33870 786
33871 786
33872 786
33873 786
33874 786
33875 215
33876 215
33877 787
33878 787
33879 787
33880 787
33881 787
33882 787
33883 787
33884 787
33885 787
33886 786
33887 786
33888 786
33889 788
33890 788
33891 789
33892 789
33893 789
33894 789
33895 100
33896 100
33897 100
33898 100
33899 82
33900 82
33901 82
33902 82
33903 82
33904 82
33905 82
33906 215
33907 215
33908 215
33909 215
33910 215
33911 215
33912 215
33913 215
33914 215
33915 215
33916 215
33917 215
33918 215
33919 215
33920 215
33921 215
33922 215
33923 215
33924 215
33925 215
33926 215
33927 215
33928 215
33929 215
33930 215
33931 215
33932 215
33933 215
33934 215
33935 215
33936 215
33937 215
33938 215
33939 790
33940 790
33941 790
33942 790
33943 790
33944 100
33945 100
33946 100
33947 100
33948 100
33949 100
33950 100
33951 100
33952 793
33953 793
33954 793
33955 82
33956 82
33957 82
33958 82
33959 82
33960 82
33961 82
33962 791
33963 791
33964 791
33965 791
33966 82
33967 82
33968 82
33969 82
33970 82
33971 82
33972 792
33973 792
33974 792
33975 82
33976 82
33977 215
33978 215
33979 215
33980 215
33981 215
33982 215
33983 215
33984 215
33985 215
33986 215
33987 215
33988 215
33989 215
33990 215
33991 793
33992 793
33993 793
33994 793
33995 793
33996 793
33997 794
33998 794
33999 794
34000 794
34001 215
34002 215
34003 795
34004 795
34005 796
34006 796
34007 82
34008 82
34009 797
34010 797
34011 797
34012 797
34013 82
34014 82
34015 82
34016 82
34017 82
34018 82
34019 82
34020 82
34021 82
34022 82
34023 82
34024 82
34025 82
34026 82
34027 82
34028 34
34029 798
34030 798
34031 82
34032 799
34033 799
34034 799
34035 799
34036 215
34037 215
34038 800
34039 800
34040 800
34041 801
34042 801
34043 801
34044 801
34045 801
34046 801
34047 802
34048 802
34049 82
34050 82
34051 82
34052 803
34053 803
34054 804
34055 804
34056 804
34057 804
34058 805
34059 805
34060 82
34061 215
34062 215
34063 215
34064 82
34065 82
34066 82
34067 806
34068 806
34069 786
34070 786
34071 786
34072 786
34073 786
34074 786
34075 786
34076 786
34077 786
34078 786
34079 786
34080 786
34081 215
34082 215
34083 215
34084 215
34085 215
34086 215
34087 215
34088 215
34089 807
34090 807
34091 807
34092 807
34093 808
34094 808
34095 808
34096 808
34097 808
34098 808
34099 808
34100 808
34101 808
34102 215
34103 215
34104 215
34105 215
34106 215
34107 215
34108 215
34109 215
34110 809
34111 809
34112 810
34113 810
34114 215
34115 811
34116 811
34117 215
34118 215
34119 215
34120 215
34121 812
34122 812
34123 812
34124 215
34125 215
34126 215
34127 215
34128 215
34129 215
34130 215
34131 215
34132 215
34133 813
34134 813
34135 813
34136 100
34137 814
34138 814
34139 814
34140 814
34141 815
34142 815
34143 815
34144 815
34145 816
34146 816
34147 816
34148 817
34149 817
34150 817
34151 82
34152 82
34153 818
34154 818
34155 818
34156 819
34157 819
34158 819
34159 819
34160 819
34161 82
34162 820
34163 820
34164 82
34165 82
34166 82
34167 82
34168 215
34169 215
34170 821
34171 821
34172 821
34173 821
34174 821
34175 100
34176 100
34177 100
34178 100
34179 100
34180 822
34181 822
34182 822
34183 822
34184 100
34185 100
34186 100
34187 100
34188 100
34189 100
34190 100
34191 100
34192 100
34193 100
34194 100
34195 100
34196 100
34197 100
34198 100
34199 100
34200 100
34201 100
34202 100
34203 100
34204 100
34205 100
34206 100
34207 100
34208 100
34209 100
34210 100
34211 100
34212 100
34213 100
34214 100
34215 100
34216 100
34217 100
34218 100
34219 100
34220 100
34221 100
34222 100
34223 100
34224 100
34225 100
34226 100
34227 100
34228 100
34229 100
34230 100
34231 100
34232 100
34233 100
34234 100
34235 100
34236 100
34237 100
34238 100
34239 100
34240 100
34241 100
34242 100
34243 100
34244 100
34245 100
34246 100
34247 100
34248 100
34249 100
34250 100
34251 100
34252 100
34253 100
34254 100
34255 100
34256 100
34257 100
34258 100
34259 100
34260 100
34261 100
34262 100
34263 100
34264 100
34265 100
34266 100
34267 100
34268 100
34269 100
34270 100
34271 100
34272 100
34273 100
34274 100
34275 100
34276 100
34277 100
34278 100
34279 100
34280 100
34281 100
34282 100
34283 100
34284 100
34285 100
34286 100
34287 100
34288 100
34289 100
34290 100
34291 100
34292 100
34293 100
34294 100
34295 100
34296 100
34297 100
34298 100
34299 100
34300 100
34301 100
34302 100
34303 100
34304 100
34305 100
34306 100
34307 100
34308 100
34309 100
34310 100
34311 100
34312 100
34313 100
34314 100
34315 100
34316 100
34317 100
34318 100
34319 100
34320 100
34321 100
34322 100
34323 100
34324 100
34325 100
34326 100
34327 100
34328 100
34329 100
34330 100
34331 100
34332 100
34333 823
34334 823
34335 82
34336 82
34337 824
34338 824
34339 82
34340 82
34341 825
34342 825
34343 825
34344 826
34345 826
34346 826
34347 826
34348 82
34349 82
34350 82
34351 215
34352 215
34353 829
34354 829
34355 829
34356 829
34357 829
34358 82
34359 827
34360 827
34361 827
34362 828
34363 828
34364 828
34365 828
34366 828
34367 829
34368 829
34369 829
34370 829
34371 82
34372 830
34373 830
34374 830
34375 830
34376 834
34377 834
34378 834
34379 834
34380 834
34381 834
34382 82
34383 834
34384 834
34385 834
34386 834
34387 834
34388 834
34389 834
34390 834
34391 834
34392 834
34393 82
34394 82
34395 82
34396 82
34397 82
34398 82
34399 831
34400 831
34401 831
34402 831
34403 831
34404 831
34405 831
34406 831
34407 831
34408 831
34409 82
34410 82
34411 82
34412 832
34413 832
34414 82
34415 82
34416 82
34417 82
34418 82
34419 82
34420 82
34421 833
34422 833
34423 833
34424 82
34425 82
34426 82
34427 82
34428 82
34429 835
34430 835
34431 835
34432 836
34433 836
34434 836
34435 82
34436 82
34437 82
34438 82
34439 82
34440 82
34441 837
34442 837
34443 837
34444 837
34445 82
34446 82
34447 82
34448 82
34449 82
34450 294
34451 294
34452 294
34453 294
34454 294
34455 294
34456 82
34457 82
34458 831
34459 833
34460 82
34461 82
34462 82
34463 82
34464 82
34465 82
34466 82
34467 82
34468 838
34469 838
34470 838
34471 838
34472 839
34473 839
34474 839
34475 839
34476 840
34477 840
34478 841
34479 841
34480 215
34481 842
34482 842
34483 842
34484 843
34485 843
34486 82
34487 82
34488 82
34489 215
34490 215
34491 215
34492 215
34493 215
34494 215
34495 215
34496 215
34497 845
34498 845
34499 845
34500 845
34501 845
34502 845
34503 845
34504 845
34505 845
34506 215
34507 215
34508 215
34509 215
34510 215
34511 215
34512 215
34513 215
34514 215
34515 215
34516 215
34517 846
34518 846
34519 215
34520 215
34521 215
34522 82
34523 82
34524 847
34525 847
34526 847
34527 82
34528 834
34529 834
34530 834
34531 96
34532 96
34533 96
34534 96
34535 96
34536 100
34537 100
34538 100
34539 100
34540 100
34541 100
34542 100
34543 100
34544 100
34545 848
34546 848
34547 848
34548 848
34549 849
34550 849
34551 849
34552 849
34553 849
34554 849
34555 849
34556 82
34557 96
34558 82
34559 82
34560 100
34561 100
34562 100
34563 100
34564 100
34565 100
34566 100
34567 100
34568 215
34569 215
34570 215
34571 215
34572 215
34573 215
34574 215
34575 215
34576 215
34577 215
34578 215
34579 215
34580 215
34581 215
34582 215
34583 215
34584 215
34585 850
34586 850
34587 850
34588 851
34589 851
34590 851
34591 851
34592 851
34593 851
34594 851
34595 851
34596 851
34597 851
34598 851
34599 851
34600 851
34601 851
34602 851
34603 851
34604 215
34605 852
34606 852
34607 853
34608 853
34609 853
34610 853
34611 853
34612 844
34613 844
34614 844
34615 844
34616 844
34617 844
34618 844
34619 844
34620 844
34621 844
34622 844
34623 844
34624 844
34625 844
34626 844
34627 844
34628 844
34629 844
34630 844
34631 844
34632 844
34633 844
34634 844
34635 844
34636 844
34637 844
34638 854
34639 854
34640 855
34641 855
34642 855
34643 855
34644 855
34645 855
34646 855
34647 855
34648 855
34649 10
34650 10
34651 10
34652 10
34653 10
34654 10
34655 10
34656 857
34657 857
34658 857
34659 857
34660 857
34661 857
34662 856
34663 856
34664 856
34665 856
34666 856
34667 857
34668 857
34669 857
34670 844
34671 844
34672 215
34673 215
34674 215
34675 215
34676 215
34677 215
34678 215
34679 215
34680 215
34681 215
34682 215
34683 100
34684 215
34685 215
34686 215
34687 215
34688 215
34689 215
34690 215
34691 215
34692 215
34693 215
34694 215
34695 215
34696 215
34697 215
34698 215
34699 215
34700 215
34701 215
34702 215
34703 215
34704 215
34705 215
34706 215
34707 215
34708 215
34709 215
34710 215
34711 215
34712 215
34713 215
34714 215
34715 215
34716 215
34717 215
34718 215
34719 215
34720 215
34721 215
34722 215
34723 215
34724 215
34725 215
34726 858
34727 858
34728 859
34729 859
34730 100
34731 100
34732 100
34733 100
34734 100
34735 100
34736 100
34737 100
34738 100
34739 100
34740 100
34741 100
34742 82
34743 215
34744 215
34745 215
34746 215
34747 860
34748 860
34749 82
34750 861
34751 861
34752 861
34753 861
34754 861
34755 861
34756 861
34757 861
34758 861
34759 861
34760 861
34761 861
34762 861
34763 861
34764 861
34765 861
34766 861
34767 861
34768 861
34769 861
34770 861
34771 861
34772 861
34773 861
34774 861
34775 861
34776 861
34777 861
34778 861
34779 861
34780 861
34781 861
34782 862
34783 862
34784 862
34785 862
34786 863
34787 863
34788 863
34789 863
34790 863
34791 863
34792 863
34793 864
34794 864
34795 861
34796 82
34797 82
34798 82
34799 865
34800 865
34801 865
34802 865
34803 82
34804 866
34805 866
34806 866
34807 866
34808 866
34809 82
34810 82
34811 82
34812 867
34813 867
34814 215
34815 215
34816 215
34817 215
34818 215
34819 215
34820 215
34821 215
34822 215
34823 215
34824 215
34825 215
34826 215
34827 215
34828 215
34829 215
34830 215
34831 868
34832 868
34833 868
34834 868
34835 868
34836 869
34837 869
34838 869
34839 869
34840 869
34841 869
34842 215
34843 215
34844 82
34845 215
34846 215
34847 870
34848 870
34849 215
34850 215
34851 871
34852 871
34853 215
34854 215
34855 215
34856 215
34857 215
34858 872
34859 872
34860 872
34861 872
34862 873
34863 873
34864 874
34865 874
34866 874
34867 874
34868 875
34869 875
34870 875
34871 876
34872 876
34873 876
34874 876
34875 877
34876 877
34877 877
34878 878
34879 878
34880 878
34881 878
34882 82
34883 38
34884 38
34885 39
34886 39
34887 39
34888 39
34889 39
34890 39
34891 39
34892 879
34893 879
34894 879
34895 879
34896 879
34897 879
34898 879
34899 879
34900 879
34901 879
34902 879
34903 879
34904 879
34905 879
34906 879
34907 879
34908 879
34909 879
34910 879
34911 879
34912 879
34913 879
34914 879
34915 879
34916 879
34917 879
34918 879
34919 879
34920 215
34921 82
34922 880
34923 880
34924 880
34925 82
34926 82
34927 879
34928 879
34929 879
34930 879
34931 39
34932 38
34933 38
34934 82
34935 82
34936 40
34937 40
34938 40
34939 40
34940 82
34941 215
34942 215
34943 215
34944 215
34945 215
34946 215
34947 215
34948 215
34949 215
34950 215
34951 881
34952 881
34953 881
34954 881
34955 82
34956 882
34957 882
34958 883
34959 883
34960 39
34961 39
34962 884
34963 884
34964 884
34965 884
34966 885
34967 885
34968 885
34969 215
34970 215
34971 215
34972 215
34973 886
34974 886
34975 886
34976 886
34977 215
34978 215
34979 215
34980 215
34981 215
34982 215
34983 215
34984 215
34985 215
34986 100
34987 100
34988 100
34989 100
34990 887
34991 887
34992 887
34993 887
34994 887
34995 887
34996 887
34997 887
34998 887
34999 887
35000 887
35001 887
35002 887
35003 887
35004 887
35005 888
35006 888
35007 888
35008 888
35009 888
35010 888
35011 888
35012 100
35013 887
35014 887
35015 889
35016 889
35017 889
35018 889
35019 100
35020 100
35021 100
35022 100
35023 100
35024 100
35025 100
35026 890
35027 890
35028 890
35029 82
35030 82
35031 215
35032 215
35033 891
35034 891
35035 892
35036 892
35037 892
35038 893
35039 893
35040 894
35041 894
35042 887
35043 887
35044 892
35045 895
35046 895
35047 895
35048 896
35049 896
35050 896
35051 896
35052 82
35053 82
35054 898
35055 898
35056 898
35057 82
35058 898
35059 898
35060 898
35061 897
35062 897
35063 897
35064 898
35065 899
35066 899
35067 899
35068 899
35069 899
35070 82
35071 82
35072 82
35073 46
35074 46
35075 46
35076 46
35077 82
35078 900
35079 900
35080 900
35081 900
35082 900
35083 900
35084 900
35085 900
35086 900
35087 900
35088 900
35089 82
35090 2
35091 2
35092 2
35093 2
35094 2
35095 82
35096 82
35097 82
35098 82
35099 82
35100 82
35101 82
35102 901
35103 901
35104 901
35105 902
35106 902
35107 903
35108 903
35109 903
35110 903
35111 904
35112 904
35113 215
35114 215
35115 82
35116 82
35117 82
35118 82
35119 82
35120 82
35121 82
35122 905
35123 905
35124 906
35125 906
35126 907
35127 907
35128 908
35129 908
35130 909
35131 909
35132 910
35133 910
35134 911
35135 911
35136 912
35137 912
35138 913
35139 913
35140 914
35141 914
35142 915
35143 915
35144 916
35145 916
35146 917
35147 917
35148 918
35149 918
35150 919
35151 919
35152 920
35153 920
35154 921
35155 921
35156 922
35157 922
35158 923
35159 923
35160 924
35161 924
35162 925
35163 925
35164 926
35165 926
35166 927
35167 927
35168 928
35169 928
35170 929
35171 929
35172 930
35173 930
35174 931
35175 931
35176 932
35177 932
35178 933
35179 933
35180 934
35181 934
35182 935
35183 935
35184 936
35185 936
35186 937
35187 937
35188 937
35189 937
35190 937
35191 215
35192 215
35193 215
35194 82
35195 82
35196 82
35197 82
35198 938
35199 938
35200 939
35201 939
35202 939
35203 939
35204 940
35205 940
35206 940
35207 940
35208 82
35209 82
35210 82
35211 82
35212 82
35213 82
35214 215
35215 215
35216 215
35217 82
35218 101
35219 101
35220 101
35221 82
35222 82
35223 82
35224 82
35225 82
35226 82
35227 82
35228 82
35229 82
35230 82
35231 82
35232 82
35233 82
35234 82
35235 82
35236 82
35237 941
35238 941
35239 942
35240 942
35241 942
35242 82
35243 82
35244 82
35245 82
35246 82
35247 943
35248 943
35249 943
35250 944
35251 944
35252 945
35253 945
35254 945
35255 945
35256 945
35257 946
35258 946
35259 946
35260 946
35261 950
35262 950
35263 950
35264 82
35265 950
35266 950
35267 950
35268 950
35269 950
35270 950
35271 950
35272 950
35273 950
35274 950
35275 950
35276 950
35277 950
35278 950
35279 950
35280 950
35281 950
35282 950
35283 950
35284 947
35285 947
35286 947
35287 947
35288 947
35289 948
35290 948
35291 82
35292 82
35293 82
35294 950
35295 950
35296 950
35297 950
35298 950
35299 949
35300 949
35301 949
35302 949
35303 949
35304 82
35305 950
35306 950
35307 950
35308 950
35309 950
35310 950
35311 950
35312 950
35313 215
35314 215
35315 215
35316 951
35317 951
35318 951
35319 951
35320 951
35321 951
35322 951
35323 951
35324 951
35325 951
35326 215
35327 215
35328 215
35329 952
35330 952
35331 952
35332 100
35333 100
35334 834
35335 834
35336 834
35337 834
35338 834
35339 834
35340 834
35341 82
35342 834
35343 834
35344 953
35345 953
35346 953
35347 953
35348 953
35349 953
35350 953
35351 953
35352 953
35353 953
35354 953
35355 954
35356 954
35357 954
35358 954
35359 215
35360 215
35361 215
35362 215
35363 215
35364 215
35365 215
35366 215
35367 215
35368 215
35369 215
35370 215
35371 215
35372 215
35373 215
35374 215
35375 215
35376 215
35377 215
35378 215
35379 215
35380 215
35381 215
35382 215
35383 215
35384 215
35385 215
35386 215
35387 215
35388 215
35389 215
35390 215
35391 215
35392 215
35393 215
35394 215
35395 215
35396 215
35397 215
35398 215
35399 955
35400 955
35401 215
35402 215
35403 215
35404 215
35405 215
35406 956
35407 956
35408 956
35409 215
35410 215
35411 215
35412 215
35413 2
35414 2
35415 2
35416 2
35417 2
35418 2
35419 2
35420 215
35421 957
35422 957
35423 957
35424 215
35425 215
35426 215
35427 215
35428 958
35429 958
35430 959
35431 959
35432 215
35433 960
35434 960
35435 215
35436 215
35437 215
35438 215
35439 215
35440 215
35441 215
35442 215
35443 215
35444 215
35445 215
35446 215
35447 215
35448 215
35449 215
35450 950
35451 950
35452 950
35453 950
35454 950
35455 950
35456 950
35457 950
35458 950
35459 961
35460 961
35461 962
35462 962
35463 963
35464 963
35465 215
35466 215
35467 215
35468 215
35469 215
35470 964
35471 964
35472 965
35473 965
35474 966
35475 966
35476 967
35477 967
35478 968
35479 968
35480 82
35481 82
35482 82
35483 969
35484 969
35485 215
35486 215
35487 215
35488 215
35489 215
35490 82
35491 82
35492 82
35493 82
35494 82
35495 82
35496 82
35497 82
35498 82
35499 82
35500 82
35501 82
35502 82
35503 82
35504 82
35505 82
35506 82
35507 970
35508 970
35509 970
35510 215
35511 215
35512 215
35513 971
35514 971
35515 971
35516 971
35517 971
35518 971
35519 972
35520 972
35521 972
35522 972
35523 82
35524 82
35525 82
35526 82
35527 82
35528 973
35529 973
35530 974
35531 974
35532 974
35533 974
35534 974
35535 974
35536 975
35537 975
35538 975
35539 975
35540 975
35541 975
35542 786
35543 786
35544 786
35545 786
35546 786
35547 786
35548 786
35549 786
35550 786
35551 976
35552 976
35553 976
35554 786
35555 786
35556 786
35557 786
35558 786
35559 977
35560 977
35561 975
35562 975
35563 975
35564 100
35565 786
35566 786
35567 786
35568 786
35569 786
35570 786
35571 786
35572 786
35573 786
35574 978
35575 978
35576 978
35577 978
35578 979
35579 979
35580 979
35581 82
35582 82
35583 82
35584 82
35585 82
35586 82
35587 82
35588 82
35589 980
35590 980
35591 980
35592 981
35593 981
35594 981
35595 982
35596 982
35597 215
35598 983
35599 983
35600 984
35601 984
35602 984
35603 985
35604 985
35605 986
35606 986
35607 987
35608 987
35609 988
35610 988
35611 989
35612 989
35613 990
35614 990
35615 991
35616 991
35617 992
35618 992
35619 992
35620 992
35621 68
35622 68
35623 68
35624 993
35625 993
35626 994
35627 994
35628 995
35629 995
35630 996
35631 996
35632 996
35633 215
35634 215
35635 215
35636 215
35637 215
35638 215
35639 215
35640 215
35641 215
35642 215
35643 215
35644 215
35645 215
35646 215
35647 215
35648 215
35649 215
35650 215
35651 215
35652 215
35653 215
35654 215
35655 215
35656 215
35657 215
35658 215
35659 215
35660 215
35661 215
35662 215
35663 215
35664 215
35665 215
35666 215
35667 215
35668 215
35669 215
35670 215
35671 215
35672 215
35673 215
35674 215
35675 215
35676 215
35677 215
35678 215
35679 215
35680 215
35681 215
35682 215
35683 215
35684 215
35685 215
35686 215
35687 215
35688 215
35689 215
35690 215
35691 215
35692 215
35693 997
35694 997
35695 997
35696 215
35697 215
35698 215
35699 215
35700 215
35701 82
35702 82
35703 82
35704 82
35705 82
35706 82
35707 82
35708 82
35709 82
35710 998
35711 998
35712 998
35713 998
35714 998
35715 215
35716 215
35717 215
35718 999
35719 999
35720 999
35721 999
35722 999
35723 999
35724 999
35725 999
35726 999
35727 999
35728 999
35729 999
35730 215
35731 215
35732 215
35733 215
35734 215
35735 215
35736 215
35737 215
35738 215
35739 215
35740 215
35741 215
35742 215
35743 215
35744 215
35745 215
35746 215
35747 215
35748 215
35749 215
35750 215
35751 215
35752 215
35753 215
35754 215
35755 215
35756 215
35757 215
35758 215
35759 215
35760 215
35761 215
35762 215
35763 215
35764 215
35765 215
35766 215
35767 1000
35768 1000
35769 215
35770 1001
35771 1001
35772 1002
35773 1002
35774 215
35775 215
35776 215
35777 215
35778 215
35779 215
35780 215
35781 215
35782 215
35783 215
35784 215
35785 215
35786 215
35787 215
35788 215
35789 215
35790 215
35791 215
35792 215
35793 215
35794 215
35795 215
35796 215
35797 215
35798 215
35799 215
35800 215
35801 215
35802 215
35803 215
35804 215
35805 215
35806 215
35807 215
35808 215
35809 215
35810 215
35811 215
35812 215
35813 215
35814 215
35815 215
35816 1003
35817 1003
35818 1003
35819 215
35820 215
35821 1004
35822 1004
35823 1004
35824 1004
35825 1004
35826 1004
35827 1004
35828 215
35829 215
35830 215
35831 215
35832 215
35833 1005
35834 1005
35835 215
35836 215
35837 1006
35838 1006
35839 1006
35840 1006
35841 1007
35842 1007
35843 1008
35844 1008
35845 1009
35846 1009
35847 1010
35848 1010
35849 1011
35850 1011
35851 1012
35852 1012
35853 82
35854 1013
35855 1013
35856 266
35857 266
35858 266
35859 266
35860 82
35861 2
35862 2
35863 215
35864 215
35865 215
35866 1014
35867 1014
35868 1014
35869 1014
35870 1015
35871 1015
35872 1015
35873 1016
35874 1016
35875 1017
35876 1017
35877 1017
35878 1017
35879 215
35880 215
35881 215
35882 215
35883 215
35884 215
35885 215
35886 215
35887 1018
35888 1018
35889 1018
35890 1018
35891 1018
35892 1018
35893 1018
35894 1018
35895 1019
35896 1019
35897 1019
35898 1019
35899 1019
35900 1019
35901 1019
35902 1019
35903 215
35904 215
35905 215
35906 215
35907 215
35908 215
35909 1020
35910 1020
35911 1020
35912 1021
35913 1021
35914 1021
35915 215
35916 215
35917 215
35918 215
35919 215
35920 215
35921 215
35922 215
35923 215
35924 215
35925 215
35926 215
35927 215
35928 215
35929 215
35930 215
35931 215
35932 215
35933 215
35934 215
35935 215
35936 215
35937 215
35938 215
35939 215
35940 215
35941 215
35942 215
35943 215
35944 215
35945 215
35946 215
35947 215
35948 215
35949 215
35950 215
35951 215
35952 215
35953 215
35954 215
35955 215
35956 215
35957 215
35958 215
35959 1022
35960 1022
35961 1022
35962 1022
35963 1023
35964 1023
35965 1023
35966 1024
35967 1024
35968 1025
35969 1025
35970 1025
35971 1026
35972 1026
35973 1027
35974 1027
35975 1027
35976 1027
35977 82
35978 12
35979 12
35980 12
35981 82
35982 82
35983 1028
35984 1028
35985 1029
35986 1029
35987 1030
35988 1030
35989 1030
35990 1030
35991 1030
35992 1030
35993 100
35994 100
35995 100
35996 100
35997 100
35998 100
35999 100
36000 100
36001 100
36002 100
36003 100
36004 100
36005 100
36006 100
36007 100
36008 100
36009 100
36010 100
36011 100
36012 1031
36013 1031
36014 1032
36015 1032
36016 1033
36017 1033
36018 1034
36019 1034
36020 1035
36021 1035
36022 1035
36023 1036
36024 1036
36025 1036
36026 1036
36027 1036
36028 1037
36029 1037
36030 1038
36031 1038
36032 1038
36033 1038
36034 1038
36035 82
36036 1039
36037 1039
36038 82
36039 82
36040 82
36041 1040
36042 1040
36043 82
36044 82
36045 82
36046 82
36047 82
36048 82
36049 82
36050 82
36051 82
36052 1041
36053 1041
36054 1041
36055 1041
36056 1041
36057 1041
36058 13
36059 13
36060 13
36061 82
36062 1042
36063 1042
36064 1042
36065 1043
36066 1043
36067 1043
36068 1043
36069 1044
36070 1044
36071 7
36072 7
36073 7
36074 7
36075 7
36076 7
36077 7
36078 7
36079 7
36080 7
36081 7
36082 7
36083 7
36084 7
36085 7
36086 1045
36087 1045
36088 1046
36089 1046
36090 1046
36091 82
36092 1046
36093 1047
36094 1047
36095 1047
36096 1048
36097 1048
36098 1048
36099 82
36100 1049
36101 1049
36102 1049
36103 1049
36104 1050
36105 1050
36106 82
36107 215
36108 215
36109 215
36110 215
36111 215
36112 215
36113 215
36114 215
36115 2
36116 2
36117 2
36118 1051
36119 1051
36120 1051
36121 1051
36122 1051
36123 1051
36124 215
36125 215
36126 215
36127 1052
36128 1052
36129 1052
36130 1052
36131 215
36132 215
36133 215
36134 1053
36135 1053
36136 1053
36137 1053
36138 1053
36139 1053
36140 1053
36141 1053
36142 1053
36143 1053
36144 1053
36145 1053
36146 1053
36147 1053
36148 215
36149 1054
36150 1054
36151 1054
36152 1054
36153 1054
36154 1054
36155 1054
36156 1054
36157 1054
36158 1054
36159 1054
36160 1054
36161 1054
36162 1055
36163 1055
36164 1055
36165 1055
36166 1055
36167 1055
36168 1055
36169 1055
36170 1055
36171 1055
36172 215
36173 215
36174 215
36175 215
36176 1056
36177 1056
36178 1056
36179 1056
36180 1056
36181 1057
36182 1057
36183 1057
36184 1057
36185 1058
36186 1058
36187 1058
36188 1058
36189 1058
36190 1058
36191 100
36192 100
36193 100
36194 100
36195 100
36196 100
36197 100
36198 100
36199 100
36200 100
36201 1059
36202 1059
36203 1059
36204 1059
36205 100
36206 100
36207 100
36208 100
36209 215
36210 215
36211 215
36212 215
36213 100
36214 100
36215 100
36216 100
36217 100
36218 100
36219 100
36220 100
36221 1060
36222 1060
36223 1060
36224 1060
36225 1060
36226 1061
36227 1061
36228 1061
36229 1062
36230 1062
36231 1062
36232 100
36233 215
36234 215
36235 215
36236 215
36237 215
36238 215
36239 215
36240 215
36241 215
36242 215
36243 215
36244 215
36245 215
36246 215
36247 1063
36248 1063
36249 1063
36250 1063
36251 1063
36252 215
36253 215
36254 215
36255 1064
36256 1064
36257 215
36258 215
36259 215
36260 82
36261 82
36262 82
36263 82
36264 82
36265 82
36266 82
36267 100
36268 100
36269 100
36270 1065
36271 1065
36272 82
36273 1066
36274 1066
36275 1067
36276 1067
36277 1068
36278 1068
36279 1069
36280 1069
36281 82
36282 82
36283 82
36284 82
36285 82
36286 82
36287 82
36288 82
36289 82
36290 1070
36291 1070
36292 1070
36293 1070
36294 1070
36295 1070
36296 1070
36297 1070
36298 1071
36299 1071
36300 1072
36301 1072
36302 1072
36303 1072
36304 1072
36305 82
36306 1073
36307 1073
36308 1073
36309 1073
36310 1074
36311 1074
36312 1075
36313 1075
36314 1076
36315 1076
36316 96
36317 96
36318 1077
36319 1077
36320 1077
36321 1077
36322 1077
36323 1077
36324 1077
36325 82
36326 82
36327 82
36328 82
36329 82
36330 82
36331 82
36332 82
36333 1078
36334 1078
36335 1078
36336 215
36337 215
36338 215
36339 215
36340 215
36341 215
36342 215
36343 215
36344 215
36345 215
36346 215
36347 215
36348 215
36349 215
36350 215
36351 215
36352 215
36353 215
36354 215
36355 215
36356 1079
36357 1079
36358 1080
36359 1080
36360 1081
36361 1081
36362 1082
36363 1082
36364 1083
36365 1083
36366 1084
36367 1084
36368 1085
36369 1085
36370 1086
36371 1086
36372 1087
36373 1087
36374 1088
36375 1088
36376 1089
36377 1089
36378 1090
36379 1090
36380 1091
36381 1091
36382 1091
36383 1091
36384 1091
36385 1091
36386 1091
36387 1091
36388 1092
36389 1092
36390 1093
36391 1093
36392 1093
36393 1093
36394 1093
36395 1094
36396 1094
36397 1095
36398 1095
36399 1096
36400 1096
36401 1097
36402 1097
36403 1098
36404 1098
36405 1099
36406 1099
36407 1100
36408 1100
36409 1101
36410 1101
36411 1102
36412 1102
36413 774
36414 774
36415 775
36416 775
36417 776
36418 776
36419 777
36420 777
36421 778
36422 778
36423 779
36424 779
36425 780
36426 780
36427 781
36428 781
36429 782
36430 782
36431 783
36432 783
36433 784
36434 784
36435 784
36436 785
36437 785
36438 785
36439 786
36440 786
36441 786
36442 786
36443 786
36444 786
36445 786
36446 786
36447 787
36448 787
36449 788
36450 788
36451 789
36452 789
36453 790
36454 790
36455 790
36456 790
36457 790
36458 790
36459 791
36460 791
36461 791
36462 791
36463 792
36464 792
36465 792
36466 792
36467 793
36468 793
36469 794
36470 794
36471 795
36472 795
36473 796
36474 796
36475 797
36476 797
36477 797
36478 797
36479 798
36480 798
36481 799
36482 799
36483 800
36484 800
36485 801
36486 801
36487 802
36488 802
36489 803
36490 803
36491 803
36492 803
36493 804
36494 804
36495 805
36496 805
36497 806
36498 806
36499 806
36500 806
36501 806
36502 806
36503 806
36504 807
36505 807
36506 807
36507 807
36508 807
36509 807
36510 808
36511 808
36512 809
36513 809
36514 810
36515 810
36516 811
36517 811
36518 812
36519 812
36520 813
36521 813
36522 814
36523 814
36524 815
36525 815
36526 816
36527 816
36528 817
36529 817
36530 817
36531 817
36532 817
36533 818
36534 818
36535 818
36536 818
36537 819
36538 819
36539 402
36540 402
36541 402
36542 402
36543 403
36544 403
36545 403
36546 403
36547 403
36548 404
36549 404
36550 404
36551 404
36552 404
36553 404
36554 404
36555 404
36556 404
36557 404
36558 404
36559 404
36560 404
36561 404
36562 404
36563 404
36564 405
36565 405
36566 406
36567 406
36568 82
36569 82
36570 82
36571 82
36572 215
36573 215
36574 406
36575 406
36576 406
36577 406
36578 406
36579 406
36580 406
36581 406
36582 406
36583 406
36584 406
36585 82
36586 82
36587 82
36588 406
36589 406
36590 406
36591 406
36592 406
36593 950
36594 950
36595 215
36596 215
36597 215
36598 215
36599 215
36600 215
36601 215
36602 215
36603 215
36604 407
36605 407
36606 407
36607 407
36608 407
36609 407
36610 49
36611 49
36612 49
36613 406
36614 406
36615 406
36616 406
36617 406
36618 406
36619 406
36620 406
36621 215
36622 82
36623 407
36624 407
36625 215
36626 215
36627 215
36628 215
36629 215
36630 215
36631 49
36632 49
36633 215
36634 215
36635 215
36636 215
36637 215
36638 215
36639 215
36640 215
36641 215
36642 215
36643 215
36644 215
36645 215
36646 215
36647 215
36648 215
36649 215
36650 215
36651 215
36652 215
36653 215
36654 215
36655 215
36656 215
36657 215
36658 215
36659 215
36660 215
36661 215
36662 215
36663 215
36664 215
36665 215
36666 215
36667 215
36668 215
36669 215
36670 215
36671 215
36672 82
36673 215
36674 215
36675 82
36676 82
36677 215
36678 215
36679 215
36680 215
36681 215
36682 215
36683 215
36684 215
36685 215
36686 215
36687 215
36688 215
36689 215
36690 215
36691 82
