919
0 159
1 168
2 159
3 159
4 168
5 159
6 159
7 159
8 159
9 168
10 159
11 91
12 159
13 159
14 159
15 168
16 159
17 168
18 168
19 168
20 168
21 159
22 159
23 168
24 159
25 159
26 159
27 159
28 159
29 168
30 159
31 168
32 159
33 159
34 168
35 168
36 168
37 159
38 168
39 159
40 168
41 168
42 159
43 159
44 159
45 159
46 159
47 232
48 323
49 168
50 159
51 159
52 168
53 168
54 159
55 159
56 168
57 159
58 168
59 159
60 159
61 168
62 159
63 159
64 159
65 159
66 159
67 159
68 0
69 159
70 159
71 159
72 5
73 159
74 159
75 168
76 168
77 323
78 159
79 159
80 1
81 159
82 1
83 159
84 323
85 323
86 159
87 168
88 323
89 159
90 168
91 159
92 159
93 159
94 159
95 168
96 168
97 159
98 323
99 159
100 168
101 168
102 159
103 323
104 159
105 168
106 168
107 168
108 159
109 168
110 168
111 168
112 159
113 168
114 159
115 168
116 168
117 168
118 168
119 159
120 159
121 323
122 168
123 159
124 168
125 159
126 168
127 159
128 159
129 159
130 168
131 168
132 168
133 168
134 168
135 168
136 159
137 159
138 323
139 168
140 168
141 91
142 159
143 168
144 168
145 159
146 159
147 168
148 168
149 159
150 168
151 159
152 168
153 168
154 168
155 159
156 168
157 168
158 159
159 159
160 168
161 159
162 168
163 168
164 159
165 168
166 168
167 168
168 159
169 159
170 159
171 159
172 168
173 159
174 323
175 91
176 159
177 168
178 159
179 159
180 159
181 159
182 159
183 159
184 168
185 168
186 159
187 159
188 159
189 168
190 159
191 159
192 159
193 159
194 168
195 168
196 168
197 159
198 159
199 159
200 159
201 159
202 168
203 168
204 159
205 159
206 159
207 159
208 168
209 168
210 168
211 159
212 159
213 168
214 159
215 168
216 159
217 159
218 168
219 168
220 159
221 159
222 168
223 159
224 168
225 168
226 159
227 159
228 159
229 159
230 168
231 159
232 159
233 159
234 159
235 168
236 159
237 159
238 159
239 323
240 168
241 159
242 159
243 159
244 159
245 159
246 159
247 159
248 103
249 159
250 159
251 159
252 159
253 159
254 159
255 168
256 168
257 159
258 159
259 159
260 168
261 159
262 159
263 159
264 168
265 168
266 159
267 323
268 159
269 159
270 159
271 159
272 159
273 168
274 159
275 159
276 159
277 2
278 159
279 91
280 168
281 159
282 159
283 323
284 159
285 91
286 323
287 159
288 159
289 159
290 323
291 159
292 159
293 159
294 323
295 159
296 159
297 159
298 159
299 159
300 159
301 3
302 159
303 159
304 159
305 159
306 159
307 159
308 159
309 159
310 168
311 159
312 159
313 168
314 159
315 159
316 159
317 168
318 168
319 159
320 159
321 168
322 168
323 232
324 159
325 159
326 159
327 159
328 168
329 168
330 168
331 159
332 159
333 168
334 159
335 159
336 323
337 159
338 159
339 159
340 159
341 159
342 168
343 91
344 159
345 159
346 168
347 159
348 168
349 159
350 685
351 159
352 159
353 168
354 159
355 159
356 159
357 159
358 168
359 168
360 323
361 168
362 323
363 159
364 159
365 159
366 159
367 159
368 159
369 159
370 159
371 159
372 159
373 323
374 159
375 159
376 159
377 159
378 323
379 323
380 159
381 168
382 323
383 168
384 159
385 159
386 159
387 159
388 323
389 159
390 159
391 5
392 159
393 159
394 159
395 159
396 232
397 159
398 159
399 159
400 159
401 159
402 323
403 323
404 159
405 168
406 323
407 159
408 159
409 323
410 323
411 159
412 159
413 323
414 323
415 323
416 159
417 323
418 159
419 159
420 159
421 159
422 159
423 323
424 168
425 159
426 159
427 159
428 159
429 168
430 168
431 168
432 168
433 168
434 323
435 159
436 159
437 168
438 159
439 159
440 168
441 159
442 159
443 232
444 323
445 159
446 159
447 159
448 323
449 168
450 159
451 168
452 232
453 159
454 168
455 168
456 159
457 159
458 159
459 323
460 168
461 159
462 159
463 159
464 159
465 159
466 159
467 159
468 159
469 159
470 168
471 168
472 232
473 159
474 159
475 159
476 159
477 323
478 168
479 159
480 159
481 159
482 159
483 159
484 159
485 159
486 323
487 232
488 168
489 159
490 159
491 159
492 159
493 168
494 159
495 159
496 159
497 159
498 159
499 159
500 159
501 159
502 168
503 168
504 159
505 159
506 168
507 168
508 159
509 6
510 159
511 168
512 159
513 168
514 159
515 159
516 323
517 323
518 159
519 168
520 323
521 159
522 232
523 159
524 159
525 323
526 168
527 168
528 159
529 159
530 323
531 323
532 323
533 159
534 159
535 5
536 168
537 159
538 168
539 159
540 168
541 168
542 159
543 159
544 168
545 168
546 168
547 159
548 159
549 159
550 168
551 159
552 168
553 168
554 159
555 159
556 159
557 159
558 168
559 159
560 323
561 159
562 159
563 168
564 159
565 159
566 168
567 168
568 159
569 168
570 159
571 159
572 159
573 159
574 159
575 159
576 159
577 323
578 159
579 159
580 159
581 159
582 232
583 159
584 159
585 168
586 159
587 159
588 159
589 159
590 232
591 168
592 159
593 323
594 159
595 168
596 159
597 159
598 159
599 159
600 168
601 323
602 159
603 323
604 168
605 323
606 159
607 91
608 159
609 159
610 168
611 159
612 168
613 159
614 159
615 7
616 168
617 168
618 159
619 159
620 159
621 159
622 159
623 159
624 168
625 159
626 159
627 168
628 159
629 159
630 168
631 159
632 159
633 168
634 159
635 159
636 8
637 168
638 159
639 159
640 323
641 9
642 232
643 159
644 159
645 159
646 159
647 323
648 168
649 159
650 159
651 159
652 159
653 159
654 194
655 159
656 168
657 159
658 91
659 159
660 168
661 159
662 323
663 159
664 159
665 159
666 168
667 159
668 159
669 168
670 159
671 159
672 159
673 159
674 323
675 159
676 159
677 323
678 159
679 159
680 159
681 159
682 159
683 323
684 323
685 168
686 159
687 159
688 159
689 159
690 159
691 323
692 232
693 168
694 159
695 91
696 159
697 159
698 159
699 159
700 159
701 159
702 168
703 159
704 159
705 168
706 159
707 91
708 168
709 168
710 159
711 159
712 323
713 159
714 159
715 323
716 323
717 168
718 323
719 159
720 159
721 159
722 159
723 159
724 159
725 159
726 168
727 159
728 159
729 159
730 159
731 159
732 323
733 159
734 323
735 159
736 168
737 10
738 11
739 159
740 12
741 159
742 168
743 159
744 168
745 12
746 91
747 323
748 168
749 159
750 91
751 323
752 159
753 159
754 323
755 159
756 168
757 12
758 12
759 323
760 159
761 159
762 159
763 168
764 159
765 159
766 168
767 159
768 80
769 13
770 159
771 159
772 159
773 159
774 129
775 159
776 159
777 323
778 159
779 168
780 168
781 168
782 159
783 323
784 159
785 159
786 168
787 323
788 159
789 159
790 168
791 168
792 323
793 168
794 323
795 159
796 323
797 323
798 159
799 168
800 159
801 159
802 168
803 159
804 159
805 159
806 159
807 168
808 159
809 159
810 159
811 159
812 159
813 159
814 159
815 159
816 159
817 159
818 168
819 159
820 168
821 14
822 168
823 168
824 159
825 159
826 15
827 159
828 159
829 159
830 159
831 159
832 323
833 168
834 168
835 323
836 159
837 159
838 323
839 168
840 159
841 168
842 159
843 159
844 159
845 159
846 168
847 323
848 168
849 159
850 159
851 159
852 16
853 159
854 168
855 323
856 168
857 232
858 17
859 323
860 323
861 168
862 323
863 18
864 159
865 91
866 168
867 168
868 159
869 168
870 159
871 168
872 323
873 159
874 168
875 168
876 168
877 159
878 168
879 447
880 159
881 159
882 159
883 159
884 159
885 168
886 168
887 168
888 159
889 159
890 159
891 159
892 323
893 159
894 159
895 159
896 159
897 159
898 159
899 159
900 323
901 159
902 168
903 159
904 159
905 159
906 159
907 168
908 159
909 159
910 159
911 323
912 159
913 159
914 159
915 159
916 91
917 168
918 159
919 159
920 168
921 168
922 168
923 159
924 168
925 159
926 168
927 168
928 168
929 159
930 159
931 159
932 159
933 168
934 159
935 168
936 20
937 159
938 168
939 21
940 159
941 159
942 168
943 159
944 159
945 323
946 168
947 168
948 159
949 159
950 159
951 159
952 168
953 159
954 159
955 168
956 159
957 168
958 159
959 159
960 91
961 159
962 159
963 168
964 323
965 159
966 168
967 159
968 159
969 168
970 168
971 22
972 159
973 159
974 159
975 168
976 159
977 159
978 159
979 159
980 323
981 159
982 159
983 159
984 323
985 159
986 168
987 159
988 159
989 159
990 168
991 159
992 159
993 159
994 159
995 159
996 159
997 168
998 168
999 168
1000 323
1001 232
1002 159
1003 720
1004 168
1005 168
1006 168
1007 159
1008 159
1009 159
1010 159
1011 159
1012 323
1013 159
1014 323
1015 159
1016 168
1017 323
1018 159
1019 159
1020 159
1021 159
1022 168
1023 168
1024 91
1025 129
1026 159
1027 159
1028 159
1029 168
1030 159
1031 159
1032 323
1033 159
1034 168
1035 168
1036 168
1037 168
1038 232
1039 159
1040 159
1041 168
1042 159
1043 159
1044 159
1045 323
1046 24
1047 168
1048 159
1049 168
1050 159
1051 323
1052 159
1053 159
1054 168
1055 168
1056 159
1057 168
1058 168
1059 159
1060 159
1061 323
1062 323
1063 159
1064 159
1065 91
1066 168
1067 168
1068 91
1069 323
1070 159
1071 159
1072 323
1073 323
1074 168
1075 159
1076 168
1077 159
1078 159
1079 323
1080 168
1081 323
1082 159
1083 91
1084 168
1085 159
1086 159
1087 159
1088 159
1089 159
1090 159
1091 168
1092 168
1093 159
1094 25
1095 159
1096 159
1097 323
1098 159
1099 159
1100 159
1101 26
1102 159
1103 159
1104 159
1105 232
1106 159
1107 159
1108 159
1109 159
1110 159
1111 159
1112 159
1113 232
1114 159
1115 159
1116 159
1117 168
1118 168
1119 159
1120 159
1121 159
1122 159
1123 159
1124 168
1125 159
1126 159
1127 159
1128 159
1129 159
1130 159
1131 232
1132 168
1133 168
1134 168
1135 159
1136 168
1137 159
1138 159
1139 159
1140 168
1141 323
1142 159
1143 232
1144 168
1145 159
1146 168
1147 159
1148 159
1149 91
1150 159
1151 323
1152 168
1153 159
1154 159
1155 168
1156 159
1157 159
1158 159
1159 323
1160 159
1161 159
1162 159
1163 159
1164 159
1165 168
1166 159
1167 323
1168 159
1169 159
1170 159
1171 159
1172 323
1173 159
1174 159
1175 168
1176 159
1177 159
1178 159
1179 323
1180 159
1181 159
1182 159
1183 168
1184 159
1185 159
1186 323
1187 168
1188 159
1189 159
1190 159
1191 168
1192 323
1193 159
1194 168
1195 159
1196 168
1197 168
1198 159
1199 323
1200 168
1201 159
1202 91
1203 159
1204 159
1205 159
1206 159
1207 168
1208 323
1209 159
1210 168
1211 91
1212 159
1213 159
1214 159
1215 159
1216 159
1217 323
1218 168
1219 168
1220 168
1221 168
1222 159
1223 168
1224 27
1225 159
1226 159
1227 168
1228 159
1229 159
1230 168
1231 159
1232 28
1233 168
1234 159
1235 168
1236 168
1237 168
1238 159
1239 159
1240 159
1241 159
1242 159
1243 168
1244 159
1245 159
1246 159
1247 323
1248 159
1249 159
1250 159
1251 159
1252 232
1253 159
1254 159
1255 159
1256 232
1257 159
1258 159
1259 168
1260 159
1261 323
1262 168
1263 159
1264 168
1265 159
1266 168
1267 159
1268 159
1269 168
1270 91
1271 159
1272 159
1273 159
1274 159
1275 159
1276 159
1277 168
1278 159
1279 159
1280 159
1281 159
1282 323
1283 159
1284 323
1285 168
1286 159
1287 159
1288 159
1289 159
1290 232
1291 159
1292 168
1293 168
1294 159
1295 159
1296 168
1297 168
1298 168
1299 168
1300 323
1301 159
1302 159
1303 168
1304 159
1305 168
1306 323
1307 168
1308 168
1309 159
1310 159
1311 159
1312 168
1313 168
1314 159
1315 159
1316 159
1317 159
1318 159
1319 159
1320 232
1321 168
1322 159
1323 323
1324 159
1325 168
1326 159
1327 159
1328 159
1329 168
1330 159
1331 159
1332 159
1333 159
1334 159
1335 323
1336 159
1337 168
1338 323
1339 159
1340 168
1341 159
1342 159
1343 159
1344 159
1345 159
1346 323
1347 168
1348 168
1349 168
1350 159
1351 168
1352 159
1353 168
1354 159
1355 159
1356 168
1357 168
1358 168
1359 159
1360 159
1361 232
1362 159
1363 323
1364 159
1365 159
1366 168
1367 159
1368 168
1369 159
1370 159
1371 159
1372 323
1373 323
1374 159
1375 168
1376 168
1377 168
1378 159
1379 159
1380 159
1381 159
1382 159
1383 168
1384 159
1385 168
1386 168
1387 159
1388 159
1389 159
1390 232
1391 159
1392 323
1393 159
1394 168
1395 323
1396 168
1397 159
1398 168
1399 159
1400 159
1401 159
1402 159
1403 159
1404 232
1405 159
1406 159
1407 232
1408 159
1409 159
1410 159
1411 159
1412 29
1413 159
1414 159
1415 159
1416 159
1417 159
1418 159
1419 159
1420 232
1421 159
1422 323
1423 159
1424 159
1425 159
1426 159
1427 159
1428 323
1429 159
1430 159
1431 159
1432 323
1433 159
1434 159
1435 159
1436 159
1437 168
1438 159
1439 168
1440 168
1441 159
1442 168
1443 168
1444 159
1445 159
1446 159
1447 323
1448 168
1449 159
1450 159
1451 159
1452 755
1453 323
1454 159
1455 159
1456 168
1457 159
1458 168
1459 323
1460 168
1461 168
1462 323
1463 159
1464 159
1465 159
1466 159
1467 168
1468 159
1469 168
1470 159
1471 159
1472 159
1473 168
1474 159
1475 159
1476 159
1477 323
1478 168
1479 159
1480 232
1481 159
1482 159
1483 232
1484 159
1485 159
1486 168
1487 159
1488 168
1489 159
1490 168
1491 159
1492 159
1493 159
1494 159
1495 323
1496 159
1497 159
1498 323
1499 159
1500 232
1501 159
1502 159
1503 159
1504 159
1505 159
1506 323
1507 232
1508 159
1509 159
1510 159
1511 159
1512 159
1513 159
1514 159
1515 323
1516 159
1517 323
1518 159
1519 159
1520 159
1521 159
1522 159
1523 159
1524 159
1525 91
1526 159
1527 159
1528 159
1529 168
1530 168
1531 159
1532 159
1533 159
1534 159
1535 323
1536 159
1537 323
1538 168
1539 159
1540 323
1541 168
1542 159
1543 168
1544 159
1545 159
1546 159
1547 159
1548 159
1549 159
1550 323
1551 159
1552 323
1553 159
1554 168
1555 168
1556 159
1557 159
1558 323
1559 159
1560 168
1561 232
1562 232
1563 159
1564 159
1565 168
1566 159
1567 30
1568 159
1569 168
1570 168
1571 168
1572 159
1573 159
1574 232
1575 159
1576 159
1577 159
1578 168
1579 323
1580 159
1581 168
1582 168
1583 159
1584 159
1585 159
1586 159
1587 159
1588 159
1589 159
1590 159
1591 159
1592 159
1593 159
1594 159
1595 159
1596 159
1597 168
1598 159
1599 323
1600 168
1601 168
1602 168
1603 168
1604 159
1605 168
1606 232
1607 159
1608 159
1609 232
1610 159
1611 159
1612 323
1613 159
1614 159
1615 159
1616 323
1617 159
1618 289
1619 159
1620 323
1621 323
1622 168
1623 159
1624 168
1625 168
1626 159
1627 159
1628 159
1629 159
1630 159
1631 168
1632 159
1633 323
1634 31
1635 159
1636 159
1637 232
1638 159
1639 159
1640 159
1641 159
1642 159
1643 159
1644 159
1645 323
1646 159
1647 232
1648 159
1649 323
1650 168
1651 159
1652 323
1653 168
1654 159
1655 159
1656 159
1657 168
1658 323
1659 159
1660 168
1661 159
1662 323
1663 159
1664 168
1665 323
1666 159
1667 159
1668 159
1669 323
1670 159
1671 159
1672 323
1673 159
1674 168
1675 159
1676 159
1677 323
1678 232
1679 159
1680 168
1681 159
1682 159
1683 159
1684 159
1685 159
1686 159
1687 232
1688 159
1689 159
1690 159
1691 168
1692 168
1693 159
1694 159
1695 168
1696 159
1697 159
1698 159
1699 91
1700 323
1701 159
1702 168
1703 168
1704 159
1705 159
1706 159
1707 159
1708 159
1709 323
1710 159
1711 323
1712 159
1713 159
1714 159
1715 159
1716 323
1717 159
1718 168
1719 159
1720 159
1721 159
1722 159
1723 32
1724 159
1725 33
1726 159
1727 323
1728 323
1729 159
1730 323
1731 159
1732 232
1733 159
1734 159
1735 159
1736 232
1737 34
1738 129
1739 323
1740 232
1741 323
1742 159
1743 159
1744 168
1745 168
1746 159
1747 168
1748 168
1749 159
1750 323
1751 168
1752 323
1753 323
1754 168
1755 323
1756 159
1757 159
1758 91
1759 323
1760 168
1761 323
1762 168
1763 159
1764 159
1765 168
1766 168
1767 159
1768 323
1769 168
1770 168
1771 323
1772 168
1773 159
1774 323
1775 323
1776 159
1777 35
1778 168
1779 168
1780 323
1781 168
1782 159
1783 159
1784 159
1785 159
1786 323
1787 159
1788 323
1789 232
1790 323
1791 168
1792 168
1793 159
1794 159
1795 168
1796 159
1797 159
1798 159
1799 323
1800 159
1801 168
1802 168
1803 323
1804 159
1805 323
1806 159
1807 168
1808 323
1809 159
1810 323
1811 91
1812 159
1813 159
1814 323
1815 323
1816 168
1817 159
1818 159
1819 159
1820 159
1821 159
1822 159
1823 168
1824 168
1825 323
1826 159
1827 168
1828 159
1829 232
1830 168
1831 159
1832 159
1833 159
1834 159
1835 159
1836 168
1837 159
1838 323
1839 159
1840 159
1841 232
1842 159
1843 168
1844 323
1845 168
1846 159
1847 159
1848 159
1849 168
1850 168
1851 159
1852 159
1853 159
1854 159
1855 159
1856 168
1857 168
1858 323
1859 159
1860 159
1861 159
1862 159
1863 323
1864 159
1865 323
1866 232
1867 159
1868 159
1869 36
1870 159
1871 159
1872 159
1873 159
1874 159
1875 159
1876 159
1877 168
1878 159
1879 91
1880 323
1881 168
1882 159
1883 168
1884 159
1885 168
1886 159
1887 232
1888 37
1889 159
1890 159
1891 168
1892 159
1893 159
1894 159
1895 323
1896 159
1897 159
1898 168
1899 159
1900 323
1901 323
1902 159
1903 168
1904 159
1905 159
1906 159
1907 323
1908 232
1909 159
1910 168
1911 159
1912 168
1913 159
1914 159
1915 39
1916 323
1917 168
1918 159
1919 159
1920 159
1921 159
1922 159
1923 159
1924 323
1925 159
1926 159
1927 159
1928 323
1929 40
1930 159
1931 159
1932 168
1933 159
1934 159
1935 323
1936 168
1937 168
1938 323
1939 159
1940 159
1941 159
1942 168
1943 323
1944 159
1945 168
1946 168
1947 168
1948 159
1949 159
1950 159
1951 159
1952 168
1953 159
1954 159
1955 159
1956 168
1957 168
1958 159
1959 159
1960 323
1961 159
1962 159
1963 168
1964 232
1965 168
1966 159
1967 168
1968 159
1969 168
1970 159
1971 159
1972 168
1973 91
1974 159
1975 168
1976 159
1977 159
1978 41
1979 159
1980 168
1981 159
1982 168
1983 168
1984 168
1985 168
1986 323
1987 159
1988 159
1989 168
1990 232
1991 159
1992 159
1993 168
1994 168
1995 159
1996 159
1997 159
1998 159
1999 168
2000 159
2001 159
2002 168
2003 159
2004 323
2005 168
2006 323
2007 159
2008 168
2009 323
2010 323
2011 159
2012 168
2013 129
2014 232
2015 168
2016 323
2017 168
2018 168
2019 159
2020 168
2021 159
2022 159
2023 159
2024 323
2025 159
2026 168
2027 159
2028 323
2029 159
2030 323
2031 159
2032 168
2033 168
2034 323
2035 159
2036 159
2037 159
2038 168
2039 159
2040 159
2041 168
2042 159
2043 168
2044 168
2045 159
2046 168
2047 323
2048 159
2049 168
2050 168
2051 168
2052 91
2053 159
2054 159
2055 159
2056 159
2057 159
2058 159
2059 168
2060 323
2061 323
2062 211
2063 323
2064 159
2065 159
2066 168
2067 159
2068 323
2069 168
2070 159
2071 159
2072 168
2073 323
2074 168
2075 168
2076 159
2077 168
2078 323
2079 323
2080 323
2081 168
2082 323
2083 159
2084 159
2085 323
2086 323
2087 168
2088 323
2089 159
2090 159
2091 159
2092 159
2093 323
2094 159
2095 168
2096 159
2097 232
2098 159
2099 159
2100 323
2101 159
2102 323
2103 159
2104 159
2105 168
2106 159
2107 168
2108 159
2109 168
2110 159
2111 159
2112 159
2113 159
2114 159
2115 168
2116 159
2117 168
2118 159
2119 232
2120 159
2121 323
2122 323
2123 323
2124 159
2125 159
2126 323
2127 323
2128 159
2129 159
2130 232
2131 159
2132 159
2133 159
2134 168
2135 159
2136 168
2137 159
2138 168
2139 168
2140 168
2141 232
2142 168
2143 323
2144 159
2145 159
2146 159
2147 159
2148 159
2149 323
2150 159
2151 168
2152 159
2153 159
2154 168
2155 168
2156 168
2157 159
2158 159
2159 323
2160 168
2161 168
2162 168
2163 159
2164 159
2165 159
2166 159
2167 159
2168 159
2169 159
2170 159
2171 159
2172 159
2173 42
2174 168
2175 43
2176 159
2177 168
2178 168
2179 168
2180 159
2181 323
2182 168
2183 168
2184 159
2185 159
2186 159
2187 168
2188 168
2189 159
2190 323
2191 323
2192 159
2193 91
2194 159
2195 159
2196 168
2197 159
2198 168
2199 159
2200 159
2201 323
2202 323
2203 323
2204 168
2205 159
2206 168
2207 159
2208 159
2209 159
2210 159
2211 159
2212 159
2213 159
2214 323
2215 159
2216 159
2217 168
2218 159
2219 323
2220 168
2221 323
2222 323
2223 232
2224 232
2225 168
2226 159
2227 159
2228 159
2229 159
2230 323
2231 168
2232 91
2233 159
2234 168
2235 159
2236 159
2237 159
2238 323
2239 44
2240 168
2241 323
2242 159
2243 168
2244 159
2245 159
2246 168
2247 323
2248 159
2249 323
2250 159
2251 323
2252 159
2253 159
2254 323
2255 168
2256 159
2257 168
2258 159
2259 159
2260 323
2261 168
2262 159
2263 159
2264 159
2265 168
2266 159
2267 374
2268 159
2269 159
2270 159
2271 168
2272 168
2273 159
2274 159
2275 323
2276 159
2277 159
2278 159
2279 159
2280 168
2281 159
2282 159
2283 159
2284 159
2285 159
2286 159
2287 168
2288 232
2289 232
2290 159
2291 159
2292 168
2293 91
2294 168
2295 46
2296 159
2297 168
2298 159
2299 159
2300 168
2301 159
2302 323
2303 159
2304 168
2305 168
2306 159
2307 159
2308 168
2309 159
2310 168
2311 323
2312 159
2313 159
2314 323
2315 159
2316 168
2317 323
2318 323
2319 159
2320 159
2321 168
2322 159
2323 159
2324 159
2325 47
2326 168
2327 323
2328 159
2329 159
2330 323
2331 159
2332 168
2333 232
2334 159
2335 159
2336 323
2337 168
2338 159
2339 323
2340 232
2341 159
2342 159
2343 159
2344 159
2345 159
2346 159
2347 159
2348 159
2349 159
2350 159
2351 49
2352 159
2353 159
2354 159
2355 159
2356 159
2357 323
2358 159
2359 168
2360 159
2361 323
2362 159
2363 159
2364 159
2365 159
2366 323
2367 168
2368 159
2369 323
2370 159
2371 159
2372 232
2373 159
2374 159
2375 168
2376 159
2377 323
2378 159
2379 159
2380 159
2381 168
2382 168
2383 168
2384 168
2385 159
2386 159
2387 450
2388 168
2389 159
2390 168
2391 159
2392 51
2393 159
2394 168
2395 159
2396 323
2397 168
2398 168
2399 323
2400 168
2401 159
2402 159
2403 159
2404 168
2405 159
2406 323
2407 159
2408 168
2409 159
2410 168
2411 159
2412 159
2413 159
2414 168
2415 323
2416 159
2417 159
2418 159
2419 159
2420 168
2421 168
2422 159
2423 323
2424 159
2425 168
2426 323
2427 159
2428 52
2429 159
2430 159
2431 168
2432 168
2433 168
2434 53
2435 168
2436 184
2437 159
2438 323
2439 168
2440 300
2441 159
2442 159
2443 323
2444 168
2445 159
2446 159
2447 323
2448 168
2449 168
2450 159
2451 159
2452 168
2453 168
2454 159
2455 159
2456 168
2457 232
2458 159
2459 168
2460 159
2461 323
2462 159
2463 168
2464 159
2465 323
2466 168
2467 323
2468 168
2469 168
2470 168
2471 159
2472 159
2473 159
2474 159
2475 159
2476 159
2477 323
2478 168
2479 159
2480 168
2481 159
2482 159
2483 159
2484 168
2485 159
2486 323
2487 168
2488 159
2489 159
2490 91
2491 159
2492 159
2493 232
2494 159
2495 159
2496 168
2497 168
2498 159
2499 232
2500 159
2501 159
2502 159
2503 323
2504 159
2505 168
2506 323
2507 159
2508 159
2509 159
2510 159
2511 168
2512 168
2513 159
2514 168
2515 159
2516 168
2517 323
2518 323
2519 168
2520 54
2521 159
2522 159
2523 159
2524 159
2525 168
2526 168
2527 168
2528 168
2529 159
2530 323
2531 323
2532 159
2533 159
2534 159
2535 159
2536 55
2537 159
2538 159
2539 159
2540 159
2541 159
2542 159
2543 56
2544 159
2545 168
2546 323
2547 159
2548 159
2549 159
2550 159
2551 168
2552 323
2553 159
2554 168
2555 323
2556 159
2557 168
2558 323
2559 168
2560 159
2561 168
2562 323
2563 168
2564 159
2565 323
2566 168
2567 159
2568 159
2569 159
2570 168
2571 168
2572 159
2573 323
2574 232
2575 168
2576 159
2577 159
2578 168
2579 168
2580 159
2581 159
2582 323
2583 323
2584 159
2585 168
2586 91
2587 159
2588 323
2589 159
2590 91
2591 159
2592 159
2593 168
2594 159
2595 159
2596 168
2597 168
2598 168
2599 323
2600 168
2601 168
2602 232
2603 323
2604 159
2605 168
2606 168
2607 91
2608 168
2609 159
2610 168
2611 168
2612 159
2613 168
2614 323
2615 168
2616 159
2617 168
2618 159
2619 168
2620 323
2621 159
2622 168
2623 159
2624 159
2625 159
2626 159
2627 323
2628 159
2629 159
2630 168
2631 159
2632 232
2633 323
2634 159
2635 159
2636 323
2637 91
2638 168
2639 159
2640 168
2641 168
2642 323
2643 159
2644 168
2645 159
2646 159
2647 168
2648 168
2649 57
2650 232
2651 159
2652 159
2653 168
2654 168
2655 91
2656 159
2657 323
2658 159
2659 159
2660 159
2661 300
2662 323
2663 91
2664 159
2665 159
2666 159
2667 159
2668 159
2669 168
2670 168
2671 159
2672 159
2673 323
2674 159
2675 168
2676 168
2677 159
2678 168
2679 168
2680 159
2681 168
2682 159
2683 159
2684 323
2685 168
2686 168
2687 168
2688 232
2689 168
2690 159
2691 159
2692 159
2693 168
2694 323
2695 159
2696 168
2697 323
2698 159
2699 159
2700 168
2701 159
2702 159
2703 168
2704 159
2705 159
2706 58
2707 159
2708 159
2709 159
2710 59
2711 168
2712 168
2713 168
2714 232
2715 159
2716 168
2717 323
2718 232
2719 159
2720 168
2721 159
2722 159
2723 159
2724 91
2725 159
2726 159
2727 159
2728 159
2729 159
2730 159
2731 168
2732 159
2733 323
2734 168
2735 168
2736 159
2737 159
2738 323
2739 168
2740 168
2741 168
2742 159
2743 159
2744 168
2745 323
2746 159
2747 323
2748 159
2749 323
2750 168
2751 159
2752 168
2753 168
2754 168
2755 60
2756 159
2757 159
2758 159
2759 159
2760 168
2761 159
2762 159
2763 232
2764 159
2765 168
2766 168
2767 159
2768 21
2769 159
2770 323
2771 168
2772 159
2773 168
2774 168
2775 159
2776 168
2777 168
2778 159
2779 159
2780 159
2781 323
2782 168
2783 168
2784 168
2785 168
2786 159
2787 168
2788 168
2789 323
2790 159
2791 159
2792 168
2793 323
2794 323
2795 159
2796 323
2797 323
2798 159
2799 323
2800 168
2801 168
2802 323
2803 159
2804 159
2805 168
2806 323
2807 168
2808 61
2809 159
2810 159
2811 168
2812 168
2813 159
2814 159
2815 215
2816 323
2817 159
2818 159
2819 323
2820 168
2821 159
2822 168
2823 159
2824 159
2825 159
2826 159
2827 159
2828 159
2829 323
2830 323
2831 168
2832 159
2833 159
2834 159
2835 159
2836 91
2837 159
2838 168
2839 159
2840 159
2841 159
2842 159
2843 159
2844 323
2845 159
2846 91
2847 159
2848 159
2849 323
2850 168
2851 168
2852 159
2853 62
2854 159
2855 159
2856 168
2857 159
2858 91
2859 232
2860 168
2861 159
2862 159
2863 159
2864 215
2865 159
2866 63
2867 323
2868 168
2869 159
2870 168
2871 159
2872 159
2873 159
2874 159
2875 323
2876 91
2877 168
2878 323
2879 159
2880 168
2881 168
2882 159
2883 168
2884 159
2885 159
2886 232
2887 323
2888 159
2889 323
2890 159
2891 168
2892 159
2893 168
2894 323
2895 323
2896 159
2897 168
2898 64
2899 168
2900 159
2901 159
2902 168
2903 323
2904 168
2905 168
2906 159
2907 168
2908 159
2909 159
2910 91
2911 159
2912 159
2913 168
2914 168
2915 159
2916 159
2917 168
2918 159
2919 159
2920 159
2921 323
2922 168
2923 168
2924 159
2925 168
2926 159
2927 323
2928 159
2929 168
2930 159
2931 168
2932 168
2933 323
2934 323
2935 159
2936 168
2937 159
2938 323
2939 159
2940 168
2941 197
2942 159
2943 159
2944 168
2945 168
2946 159
2947 159
2948 159
2949 159
2950 168
2951 323
2952 159
2953 168
2954 159
2955 159
2956 65
2957 66
2958 168
2959 159
2960 159
2961 168
2962 159
2963 159
2964 159
2965 159
2966 168
2967 159
2968 159
2969 159
2970 168
2971 168
2972 159
2973 168
2974 159
2975 159
2976 159
2977 323
2978 159
2979 159
2980 159
2981 159
2982 168
2983 232
2984 159
2985 159
2986 168
2987 323
2988 323
2989 159
2990 323
2991 159
2992 232
2993 168
2994 159
2995 159
2996 168
2997 159
2998 232
2999 159
3000 323
3001 159
3002 159
3003 159
3004 159
3005 67
3006 168
3007 168
3008 38
3009 323
3010 159
3011 168
3012 323
3013 159
3014 323
3015 168
3016 159
3017 159
3018 68
3019 23
3020 323
3021 159
3022 159
3023 159
3024 168
3025 159
3026 159
3027 168
3028 215
3029 159
3030 323
3031 232
3032 323
3033 159
3034 159
3035 323
3036 168
3037 168
3038 159
3039 91
3040 168
3041 323
3042 168
3043 323
3044 159
3045 323
3046 323
3047 159
3048 168
3049 168
3050 168
3051 168
3052 168
3053 159
3054 323
3055 159
3056 159
3057 159
3058 159
3059 270
3060 159
3061 323
3062 159
3063 159
3064 159
3065 159
3066 168
3067 168
3068 168
3069 323
3070 159
3071 323
3072 168
3073 159
3074 159
3075 159
3076 168
3077 323
3078 232
3079 159
3080 159
3081 323
3082 168
3083 323
3084 323
3085 168
3086 159
3087 323
3088 323
3089 159
3090 159
3091 168
3092 159
3093 159
3094 323
3095 159
3096 168
3097 323
3098 159
3099 159
3100 159
3101 168
3102 323
3103 159
3104 168
3105 323
3106 159
3107 168
3108 323
3109 159
3110 91
3111 323
3112 159
3113 159
3114 232
3115 232
3116 159
3117 159
3118 159
3119 159
3120 323
3121 168
3122 69
3123 70
3124 159
3125 168
3126 159
3127 159
3128 159
3129 323
3130 323
3131 323
3132 159
3133 159
3134 159
3135 159
3136 168
3137 323
3138 323
3139 159
3140 159
3141 159
3142 159
3143 159
3144 168
3145 159
3146 168
3147 159
3148 168
3149 323
3150 168
3151 159
3152 159
3153 159
3154 159
3155 168
3156 159
3157 168
3158 168
3159 168
3160 159
3161 159
3162 323
3163 159
3164 168
3165 168
3166 323
3167 168
3168 159
3169 159
3170 91
3171 159
3172 159
3173 168
3174 168
3175 159
3176 323
3177 168
3178 168
3179 159
3180 159
3181 159
3182 159
3183 159
3184 159
3185 168
3186 323
3187 159
3188 159
3189 159
3190 168
3191 168
3192 159
3193 159
3194 159
3195 159
3196 168
3197 159
3198 159
3199 159
3200 159
3201 91
3202 71
3203 71
3204 159
3205 168
3206 159
3207 168
3208 168
3209 323
3210 323
3211 232
3212 323
3213 159
3214 168
3215 323
3216 168
3217 159
3218 159
3219 159
3220 168
3221 159
3222 159
3223 159
3224 168
3225 323
3226 159
3227 159
3228 323
3229 159
3230 159
3231 323
3232 323
3233 159
3234 159
3235 159
3236 323
3237 159
3238 91
3239 159
3240 168
3241 159
3242 159
3243 323
3244 168
3245 159
3246 159
3247 168
3248 159
3249 323
3250 168
3251 159
3252 159
3253 168
3254 168
3255 168
3256 159
3257 159
3258 159
3259 168
3260 323
3261 159
3262 323
3263 159
3264 159
3265 168
3266 91
3267 211
3268 159
3269 159
3270 159
3271 323
3272 159
3273 168
3274 168
3275 497
3276 159
3277 159
3278 168
3279 73
3280 159
3281 168
3282 168
3283 323
3284 323
3285 159
3286 159
3287 159
3288 159
3289 232
3290 323
3291 168
3292 159
3293 159
3294 159
3295 159
3296 168
3297 159
3298 168
3299 159
3300 168
3301 323
3302 323
3303 168
3304 159
3305 168
3306 323
3307 159
3308 168
3309 159
3310 323
3311 159
3312 168
3313 168
3314 159
3315 159
3316 159
3317 159
3318 159
3319 159
3320 168
3321 159
3322 159
3323 323
3324 159
3325 168
3326 159
3327 159
3328 168
3329 168
3330 168
3331 168
3332 159
3333 159
3334 159
3335 159
3336 159
3337 159
3338 159
3339 698
3340 232
3341 159
3342 159
3343 168
3344 168
3345 159
3346 323
3347 282
3348 159
3349 159
3350 159
3351 159
3352 159
3353 159
3354 159
3355 159
3356 168
3357 159
3358 323
3359 159
3360 159
3361 159
3362 168
3363 168
3364 168
3365 168
3366 323
3367 159
3368 159
3369 323
3370 159
3371 168
3372 323
3373 323
3374 159
3375 159
3376 159
3377 159
3378 323
3379 168
3380 159
3381 159
3382 159
3383 159
3384 159
3385 159
3386 159
3387 323
3388 168
3389 323
3390 159
3391 159
3392 75
3393 159
3394 168
3395 168
3396 159
3397 232
3398 159
3399 159
3400 323
3401 159
3402 159
3403 168
3404 159
3405 159
3406 159
3407 168
3408 168
3409 354
3410 168
3411 76
3412 159
3413 323
3414 323
3415 168
3416 168
3417 159
3418 159
3419 159
3420 159
3421 159
3422 91
3423 232
3424 323
3425 159
3426 323
3427 323
3428 323
3429 159
3430 159
3431 159
3432 159
3433 159
3434 159
3435 168
3436 159
3437 168
3438 323
3439 168
3440 159
3441 159
3442 168
3443 159
3444 323
3445 159
3446 159
3447 159
3448 159
3449 323
3450 168
3451 323
3452 168
3453 159
3454 159
3455 159
3456 159
3457 323
3458 323
3459 159
3460 168
3461 77
3462 91
3463 168
3464 168
3465 168
3466 159
3467 159
3468 323
3469 159
3470 159
3471 159
3472 159
3473 159
3474 91
3475 159
3476 159
3477 159
3478 159
3479 159
3480 40
3481 168
3482 159
3483 159
3484 159
3485 323
3486 323
3487 168
3488 159
3489 159
3490 168
3491 168
3492 159
3493 159
3494 232
3495 159
3496 168
3497 168
3498 168
3499 323
3500 323
3501 159
3502 168
3503 323
3504 159
3505 804
3506 168
3507 159
3508 323
3509 159
3510 168
3511 159
3512 159
3513 168
3514 159
3515 168
3516 78
3517 159
3518 168
3519 159
3520 323
3521 323
3522 159
3523 159
3524 168
3525 159
3526 159
3527 79
3528 168
3529 159
3530 323
3531 323
3532 92
3533 159
3534 91
3535 323
3536 323
3537 168
3538 159
3539 168
3540 168
3541 159
3542 159
3543 168
3544 159
3545 159
3546 159
3547 159
3548 168
3549 159
3550 159
3551 159
3552 168
3553 80
3554 323
3555 323
3556 232
3557 323
3558 159
3559 81
3560 323
3561 323
3562 159
3563 159
3564 159
3565 159
3566 159
3567 159
3568 323
3569 159
3570 159
3571 323
3572 159
3573 232
3574 168
3575 168
3576 159
3577 91
3578 159
3579 168
3580 168
3581 374
3582 159
3583 159
3584 91
3585 159
3586 354
3587 168
3588 168
3589 323
3590 168
3591 323
3592 159
3593 323
3594 159
3595 159
3596 159
3597 159
3598 168
3599 168
3600 159
3601 168
3602 159
3603 159
3604 159
3605 168
3606 323
3607 159
3608 168
3609 159
3610 168
3611 159
3612 159
3613 159
3614 159
3615 159
3616 168
3617 82
3618 159
3619 168
3620 159
3621 159
3622 168
3623 159
3624 159
3625 323
3626 323
3627 159
3628 83
3629 84
3630 232
3631 159
3632 159
3633 159
3634 91
3635 85
3636 159
3637 159
3638 159
3639 323
3640 323
3641 323
3642 86
3643 87
3644 159
3645 159
3646 159
3647 159
3648 159
3649 159
3650 159
3651 159
3652 159
3653 159
3654 323
3655 159
3656 159
3657 168
3658 168
3659 159
3660 168
3661 88
3662 91
3663 159
3664 168
3665 323
3666 159
3667 159
3668 168
3669 323
3670 323
3671 323
3672 168
3673 323
3674 159
3675 323
3676 159
3677 323
3678 159
3679 323
3680 168
3681 159
3682 168
3683 168
3684 323
3685 168
3686 159
3687 159
3688 168
3689 168
3690 159
3691 168
3692 323
3693 159
3694 168
3695 168
3696 159
3697 159
3698 159
3699 323
3700 323
3701 159
3702 159
3703 159
3704 232
3705 323
3706 159
3707 159
3708 159
3709 159
3710 323
3711 232
3712 159
3713 323
3714 88
3715 323
3716 168
3717 129
3718 323
3719 159
3720 159
3721 159
3722 91
3723 323
3724 159
3725 168
3726 168
3727 323
3728 159
3729 232
3730 323
3731 91
3732 159
3733 232
3734 159
3735 168
3736 159
3737 159
3738 855
3739 159
3740 323
3741 159
3742 323
3743 168
3744 159
3745 159
3746 323
3747 323
3748 168
3749 168
3750 159
3751 168
3752 168
3753 91
3754 159
3755 168
3756 159
3757 159
3758 159
3759 159
3760 323
3761 323
3762 323
3763 159
3764 159
3765 323
3766 168
3767 159
3768 168
3769 323
3770 159
3771 323
3772 159
3773 323
3774 323
3775 159
3776 159
3777 168
3778 168
3779 159
3780 159
3781 168
3782 89
3783 168
3784 159
3785 232
3786 159
3787 159
3788 354
3789 168
3790 168
3791 323
3792 159
3793 323
3794 168
3795 159
3796 159
3797 91
3798 159
3799 159
3800 159
3801 323
3802 159
3803 159
3804 323
3805 159
3806 323
3807 159
3808 323
3809 159
3810 323
3811 159
3812 323
3813 323
3814 323
3815 323
3816 159
3817 159
3818 159
3819 168
3820 159
3821 159
3822 168
3823 323
3824 168
3825 323
3826 323
3827 159
3828 159
3829 159
3830 323
3831 323
3832 159
3833 90
3834 168
3835 159
3836 323
3837 159
3838 159
3839 168
3840 159
3841 159
3842 168
3843 92
3844 159
3845 232
3846 168
3847 159
3848 232
3849 159
3850 168
3851 232
3852 168
3853 323
3854 159
3855 168
3856 159
3857 323
3858 323
3859 159
3860 91
3861 159
3862 323
3863 323
3864 93
3865 323
3866 168
3867 323
3868 168
3869 94
3870 159
3871 159
3872 323
3873 159
3874 159
3875 159
3876 91
3877 159
3878 159
3879 159
3880 159
3881 232
3882 159
3883 168
3884 159
3885 159
3886 159
3887 159
3888 323
3889 159
3890 168
3891 159
3892 323
3893 159
3894 168
3895 168
3896 168
3897 159
3898 159
3899 168
3900 323
3901 168
3902 159
3903 168
3904 91
3905 159
3906 168
3907 168
3908 159
3909 159
3910 91
3911 168
3912 159
3913 159
3914 323
3915 159
3916 323
3917 323
3918 159
3919 323
3920 323
3921 159
3922 159
3923 159
3924 168
3925 159
3926 159
3927 95
3928 159
3929 323
3930 232
3931 159
3932 168
3933 323
3934 232
3935 323
3936 168
3937 91
3938 323
3939 159
3940 168
3941 168
3942 159
3943 159
3944 323
3945 159
3946 323
3947 232
3948 168
3949 159
3950 159
3951 159
3952 323
3953 323
3954 159
3955 159
3956 323
3957 159
3958 323
3959 168
3960 96
3961 159
3962 159
3963 232
3964 159
3965 159
3966 159
3967 97
3968 159
3969 168
3970 159
3971 168
3972 159
3973 159
3974 168
3975 323
3976 159
3977 168
3978 159
3979 159
3980 232
3981 323
3982 159
3983 159
3984 159
3985 159
3986 159
3987 168
3988 323
3989 159
3990 168
3991 323
3992 159
3993 168
3994 168
3995 159
3996 323
3997 159
3998 168
3999 159
4000 159
4001 107
4002 159
4003 323
4004 159
4005 159
4006 159
4007 159
4008 168
4009 159
4010 168
4011 159
4012 168
4013 168
4014 159
4015 159
4016 159
4017 159
4018 323
4019 168
4020 323
4021 168
4022 168
4023 159
4024 159
4025 197
4026 159
4027 323
4028 232
4029 159
4030 159
4031 168
4032 159
4033 159
4034 159
4035 168
4036 159
4037 159
4038 159
4039 168
4040 232
4041 159
4042 323
4043 323
4044 168
4045 159
4046 232
4047 168
4048 323
4049 159
4050 159
4051 159
4052 159
4053 28
4054 159
4055 159
4056 168
4057 323
4058 323
4059 159
4060 232
4061 159
4062 323
4063 817
4064 159
4065 168
4066 168
4067 168
4068 232
4069 323
4070 159
4071 159
4072 159
4073 168
4074 323
4075 159
4076 454
4077 168
4078 159
4079 159
4080 168
4081 168
4082 168
4083 159
4084 98
4085 323
4086 168
4087 159
4088 159
4089 323
4090 90
4091 168
4092 232
4093 159
4094 159
4095 159
4096 323
4097 323
4098 299
4099 159
4100 323
4101 168
4102 323
4103 159
4104 168
4105 159
4106 159
4107 232
4108 168
4109 159
4110 168
4111 168
4112 168
4113 159
4114 159
4115 168
4116 159
4117 159
4118 159
4119 168
4120 323
4121 159
4122 168
4123 232
4124 323
4125 168
4126 323
4127 159
4128 168
4129 159
4130 159
4131 159
4132 168
4133 99
4134 159
4135 323
4136 159
4137 159
4138 159
4139 159
4140 159
4141 323
4142 159
4143 159
4144 159
4145 168
4146 168
4147 159
4148 168
4149 232
4150 168
4151 168
4152 323
4153 159
4154 159
4155 159
4156 159
4157 159
4158 159
4159 323
4160 159
4161 100
4162 168
4163 159
4164 101
4165 323
4166 159
4167 91
4168 323
4169 323
4170 232
4171 232
4172 323
4173 91
4174 352
4175 159
4176 159
4177 323
4178 442
4179 159
4180 159
4181 159
4182 159
4183 91
4184 159
4185 323
4186 323
4187 168
4188 323
4189 102
4190 159
4191 159
4192 323
4193 159
4194 159
4195 159
4196 159
4197 159
4198 323
4199 159
4200 159
4201 168
4202 168
4203 323
4204 159
4205 323
4206 159
4207 159
4208 159
4209 159
4210 323
4211 323
4212 159
4213 159
4214 168
4215 168
4216 323
4217 323
4218 323
4219 159
4220 159
4221 323
4222 323
4223 168
4224 232
4225 159
4226 159
4227 159
4228 323
4229 159
4230 159
4231 159
4232 159
4233 374
4234 168
4235 159
4236 74
4237 323
4238 159
4239 159
4240 91
4241 168
4242 159
4243 159
4244 232
4245 323
4246 168
4247 168
4248 323
4249 323
4250 323
4251 159
4252 159
4253 323
4254 323
4255 323
4256 232
4257 91
4258 323
4259 323
4260 232
4261 323
4262 168
4263 159
4264 168
4265 159
4266 91
4267 91
4268 91
4269 323
4270 168
4271 159
4272 323
4273 168
4274 91
4275 232
4276 159
4277 159
4278 323
4279 168
4280 323
4281 168
4282 159
4283 232
4284 159
4285 323
4286 168
4287 159
4288 168
4289 323
4290 159
4291 168
4292 323
4293 232
4294 159
4295 168
4296 323
4297 168
4298 168
4299 323
4300 168
4301 159
4302 168
4303 323
4304 323
4305 159
4306 159
4307 232
4308 323
4309 159
4310 159
4311 168
4312 91
4313 159
4314 323
4315 159
4316 159
4317 159
4318 168
4319 91
4320 873
4321 232
4322 159
4323 159
4324 323
4325 159
4326 168
4327 159
4328 323
4329 168
4330 168
4331 323
4332 323
4333 323
4334 168
4335 159
4336 159
4337 159
4338 168
4339 323
4340 159
4341 159
4342 323
4343 159
4344 159
4345 323
4346 168
4347 168
4348 323
4349 159
4350 168
4351 168
4352 159
4353 159
4354 323
4355 168
4356 323
4357 103
4358 168
4359 159
4360 323
4361 323
4362 159
4363 159
4364 159
4365 323
4366 168
4367 159
4368 323
4369 104
4370 323
4371 323
4372 159
4373 159
4374 232
4375 168
4376 159
4377 91
4378 159
4379 159
4380 168
4381 159
4382 168
4383 168
4384 159
4385 159
4386 232
4387 323
4388 159
4389 323
4390 232
4391 323
4392 159
4393 159
4394 323
4395 323
4396 323
4397 323
4398 159
4399 159
4400 168
4401 168
4402 168
4403 159
4404 159
4405 159
4406 159
4407 323
4408 159
4409 323
4410 323
4411 159
4412 91
4413 168
4414 323
4415 159
4416 159
4417 323
4418 323
4419 323
4420 168
4421 323
4422 168
4423 159
4424 168
4425 159
4426 323
4427 159
4428 159
4429 232
4430 232
4431 159
4432 159
4433 232
4434 168
4435 168
4436 159
4437 232
4438 323
4439 159
4440 323
4441 168
4442 159
4443 323
4444 159
4445 323
4446 323
4447 323
4448 323
4449 159
4450 105
4451 323
4452 168
4453 159
4454 159
4455 159
4456 323
4457 159
4458 159
4459 232
4460 159
4461 159
4462 232
4463 159
4464 159
4465 106
4466 159
4467 159
4468 107
4469 108
4470 159
4471 323
4472 168
4473 159
4474 159
4475 159
4476 323
4477 323
4478 323
4479 159
4480 323
4481 159
4482 323
4483 159
4484 168
4485 159
4486 159
4487 159
4488 168
4489 323
4490 168
4491 159
4492 168
4493 323
4494 159
4495 159
4496 232
4497 159
4498 323
4499 323
4500 159
4501 323
4502 159
4503 323
4504 323
4505 159
4506 159
4507 168
4508 323
4509 168
4510 232
4511 159
4512 159
4513 168
4514 323
4515 323
4516 109
4517 159
4518 168
4519 18
4520 323
4521 168
4522 323
4523 323
4524 159
4525 168
4526 168
4527 159
4528 323
4529 159
4530 323
4531 159
4532 159
4533 159
4534 159
4535 159
4536 159
4537 159
4538 168
4539 159
4540 323
4541 159
4542 323
4543 159
4544 159
4545 168
4546 323
4547 168
4548 168
4549 323
4550 159
4551 159
4552 323
4553 159
4554 159
4555 168
4556 159
4557 168
4558 159
4559 159
4560 323
4561 168
4562 159
4563 159
4564 159
4565 159
4566 168
4567 168
4568 159
4569 168
4570 159
4571 232
4572 159
4573 168
4574 159
4575 159
4576 168
4577 168
4578 323
4579 168
4580 232
4581 159
4582 159
4583 323
4584 168
4585 159
4586 91
4587 168
4588 232
4589 323
4590 168
4591 168
4592 323
4593 323
4594 323
4595 159
4596 159
4597 110
4598 323
4599 232
4600 168
4601 168
4602 111
4603 159
4604 168
4605 159
4606 323
4607 159
4608 159
4609 159
4610 323
4611 168
4612 112
4613 323
4614 168
4615 168
4616 91
4617 159
4618 323
4619 159
4620 159
4621 323
4622 168
4623 159
4624 159
4625 232
4626 159
4627 323
4628 232
4629 159
4630 159
4631 159
4632 168
4633 168
4634 168
4635 159
4636 159
4637 159
4638 159
4639 159
4640 323
4641 159
4642 168
4643 232
4644 168
4645 159
4646 168
4647 159
4648 91
4649 168
4650 168
4651 159
4652 159
4653 323
4654 168
4655 91
4656 159
4657 323
4658 323
4659 168
4660 159
4661 159
4662 159
4663 168
4664 323
4665 159
4666 323
4667 91
4668 159
4669 159
4670 323
4671 159
4672 323
4673 159
4674 159
4675 168
4676 323
4677 168
4678 159
4679 323
4680 323
4681 323
4682 323
4683 232
4684 159
4685 168
4686 159
4687 232
4688 159
4689 323
4690 323
4691 159
4692 159
4693 232
4694 168
4695 323
4696 323
4697 323
4698 323
4699 159
4700 168
4701 159
4702 159
4703 159
4704 159
4705 168
4706 323
4707 323
4708 168
4709 168
4710 168
4711 168
4712 113
4713 323
4714 159
4715 159
4716 114
4717 232
4718 323
4719 168
4720 114
4721 159
4722 159
4723 159
4724 159
4725 159
4726 91
4727 168
4728 323
4729 232
4730 168
4731 159
4732 159
4733 159
4734 159
4735 323
4736 323
4737 323
4738 232
4739 323
4740 323
4741 323
4742 159
4743 323
4744 159
4745 168
4746 232
4747 168
4748 159
4749 159
4750 159
4751 323
4752 159
4753 159
4754 323
4755 159
4756 323
4757 129
4758 168
4759 159
4760 168
4761 323
4762 159
4763 159
4764 168
4765 323
4766 159
4767 159
4768 323
4769 168
4770 114
4771 323
4772 168
4773 168
4774 168
4775 323
4776 168
4777 159
4778 323
4779 168
4780 323
4781 168
4782 323
4783 159
4784 159
4785 168
4786 159
4787 159
4788 323
4789 323
4790 159
4791 159
4792 323
4793 168
4794 159
4795 323
4796 168
4797 232
4798 159
4799 232
4800 159
4801 159
4802 323
4803 159
4804 323
4805 159
4806 159
4807 159
4808 159
4809 91
4810 323
4811 159
4812 168
4813 323
4814 232
4815 159
4816 323
4817 168
4818 159
4819 168
4820 159
4821 168
4822 168
4823 323
4824 159
4825 323
4826 159
4827 159
4828 168
4829 323
4830 323
4831 232
4832 159
4833 168
4834 323
4835 159
4836 115
4837 91
4838 323
4839 116
4840 117
4841 323
4842 168
4843 232
4844 232
4845 159
4846 159
4847 323
4848 168
4849 159
4850 118
4851 232
4852 159
4853 159
4854 159
4855 168
4856 159
4857 168
4858 323
4859 323
4860 168
4861 91
4862 159
4863 323
4864 323
4865 168
4866 159
4867 232
4868 311
4869 168
4870 168
4871 168
4872 323
4873 159
4874 159
4875 159
4876 323
4877 323
4878 323
4879 168
4880 159
4881 232
4882 168
4883 323
4884 159
4885 232
4886 119
4887 323
4888 168
4889 159
4890 323
4891 323
4892 159
4893 159
4894 168
4895 159
4896 168
4897 159
4898 159
4899 323
4900 159
4901 159
4902 91
4903 159
4904 168
4905 323
4906 168
4907 323
4908 323
4909 323
4910 120
4911 168
4912 232
4913 91
4914 323
4915 159
4916 168
4917 159
4918 159
4919 159
4920 159
4921 323
4922 159
4923 168
4924 159
4925 232
4926 232
4927 232
4928 323
4929 159
4930 168
4931 323
4932 159
4933 323
4934 323
4935 159
4936 194
4937 168
4938 323
4939 323
4940 159
4941 323
4942 323
4943 323
4944 159
4945 159
4946 159
4947 159
4948 159
4949 159
4950 159
4951 159
4952 173
4953 159
4954 323
4955 91
4956 323
4957 159
4958 159
4959 194
4960 168
4961 168
4962 168
4963 159
4964 168
4965 323
4966 168
4967 323
4968 168
4969 159
4970 168
4971 159
4972 323
4973 159
4974 122
4975 159
4976 168
4977 323
4978 232
4979 168
4980 123
4981 159
4982 91
4983 91
4984 159
4985 232
4986 159
4987 168
4988 323
4989 323
4990 159
4991 168
4992 159
4993 159
4994 159
4995 323
4996 159
4997 168
4998 168
4999 168
5000 323
5001 168
5002 159
5003 168
5004 323
5005 124
5006 168
5007 323
5008 159
5009 159
5010 168
5011 159
5012 159
5013 159
5014 323
5015 159
5016 168
5017 159
5018 323
5019 159
5020 168
5021 159
5022 159
5023 125
5024 168
5025 323
5026 168
5027 159
5028 323
5029 159
5030 168
5031 159
5032 168
5033 168
5034 168
5035 232
5036 232
5037 323
5038 159
5039 159
5040 323
5041 159
5042 168
5043 323
5044 159
5045 159
5046 159
5047 323
5048 159
5049 159
5050 232
5051 323
5052 323
5053 159
5054 159
5055 168
5056 159
5057 323
5058 159
5059 159
5060 323
5061 323
5062 159
5063 168
5064 323
5065 168
5066 168
5067 323
5068 159
5069 159
5070 323
5071 159
5072 159
5073 159
5074 159
5075 232
5076 159
5077 159
5078 159
5079 159
5080 168
5081 159
5082 159
5083 323
5084 159
5085 323
5086 323
5087 159
5088 168
5089 323
5090 159
5091 159
5092 323
5093 323
5094 323
5095 168
5096 323
5097 126
5098 323
5099 168
5100 159
5101 91
5102 323
5103 323
5104 159
5105 159
5106 159
5107 159
5108 159
5109 168
5110 159
5111 323
5112 159
5113 168
5114 323
5115 232
5116 159
5117 159
5118 323
5119 168
5120 168
5121 232
5122 168
5123 323
5124 159
5125 159
5126 323
5127 91
5128 91
5129 323
5130 127
5131 323
5132 323
5133 168
5134 323
5135 159
5136 168
5137 323
5138 159
5139 323
5140 168
5141 159
5142 168
5143 232
5144 159
5145 168
5146 323
5147 91
5148 323
5149 323
5150 323
5151 159
5152 128
5153 159
5154 159
5155 159
5156 159
5157 323
5158 168
5159 323
5160 159
5161 91
5162 168
5163 323
5164 323
5165 168
5166 168
5167 168
5168 168
5169 159
5170 168
5171 232
5172 323
5173 159
5174 159
5175 168
5176 323
5177 323
5178 159
5179 159
5180 323
5181 159
5182 168
5183 159
5184 159
5185 323
5186 159
5187 323
5188 323
5189 323
5190 159
5191 168
5192 159
5193 168
5194 159
5195 168
5196 323
5197 159
5198 323
5199 323
5200 323
5201 323
5202 323
5203 159
5204 232
5205 323
5206 323
5207 168
5208 323
5209 168
5210 159
5211 168
5212 232
5213 168
5214 323
5215 323
5216 323
5217 159
5218 159
5219 159
5220 323
5221 159
5222 159
5223 168
5224 159
5225 323
5226 323
5227 168
5228 159
5229 168
5230 323
5231 159
5232 323
5233 323
5234 323
5235 159
5236 168
5237 159
5238 159
5239 323
5240 159
5241 323
5242 168
5243 159
5244 168
5245 323
5246 168
5247 91
5248 323
5249 323
5250 232
5251 323
5252 159
5253 232
5254 159
5255 168
5256 168
5257 232
5258 159
5259 168
5260 168
5261 159
5262 168
5263 159
5264 323
5265 168
5266 168
5267 159
5268 323
5269 168
5270 232
5271 323
5272 159
5273 323
5274 323
5275 168
5276 232
5277 232
5278 323
5279 323
5280 323
5281 323
5282 168
5283 159
5284 323
5285 168
5286 91
5287 168
5288 159
5289 168
5290 232
5291 159
5292 168
5293 168
5294 159
5295 168
5296 168
5297 159
5298 159
5299 168
5300 323
5301 159
5302 159
5303 159
5304 232
5305 159
5306 159
5307 91
5308 232
5309 323
5310 168
5311 159
5312 323
5313 168
5314 159
5315 159
5316 159
5317 168
5318 323
5319 159
5320 323
5321 232
5322 232
5323 168
5324 323
5325 159
5326 168
5327 159
5328 232
5329 232
5330 323
5331 91
5332 168
5333 168
5334 159
5335 168
5336 323
5337 323
5338 168
5339 323
5340 323
5341 232
5342 168
5343 323
5344 168
5345 323
5346 323
5347 168
5348 323
5349 168
5350 159
5351 159
5352 323
5353 323
5354 232
5355 168
5356 323
5357 159
5358 159
5359 168
5360 323
5361 323
5362 323
5363 168
5364 159
5365 323
5366 159
5367 323
5368 168
5369 159
5370 168
5371 130
5372 159
5373 159
5374 159
5375 232
5376 168
5377 159
5378 159
5379 282
5380 168
5381 168
5382 130
5383 168
5384 323
5385 168
5386 159
5387 159
5388 159
5389 131
5390 159
5391 159
5392 168
5393 323
5394 168
5395 168
5396 323
5397 323
5398 168
5399 168
5400 323
5401 159
5402 132
5403 323
5404 159
5405 91
5406 159
5407 168
5408 159
5409 232
5410 168
5411 168
5412 168
5413 232
5414 323
5415 323
5416 323
5417 323
5418 323
5419 91
5420 159
5421 159
5422 159
5423 159
5424 168
5425 232
5426 323
5427 159
5428 168
5429 159
5430 232
5431 159
5432 159
5433 91
5434 168
5435 323
5436 168
5437 323
5438 323
5439 159
5440 323
5441 168
5442 159
5443 168
5444 168
5445 159
5446 159
5447 323
5448 168
5449 159
5450 168
5451 159
5452 168
5453 168
5454 323
5455 168
5456 168
5457 168
5458 168
5459 323
5460 168
5461 323
5462 168
5463 168
5464 91
5465 168
5466 232
5467 323
5468 232
5469 168
5470 323
5471 323
5472 323
5473 323
5474 159
5475 159
5476 168
5477 232
5478 159
5479 323
5480 323
5481 168
5482 133
5483 323
5484 159
5485 159
5486 168
5487 159
5488 323
5489 323
5490 232
5491 232
5492 323
5493 323
5494 134
5495 159
5496 168
5497 168
5498 159
5499 323
5500 323
5501 91
5502 323
5503 91
5504 168
5505 323
5506 159
5507 323
5508 159
5509 323
5510 168
5511 159
5512 91
5513 159
5514 168
5515 159
5516 323
5517 159
5518 168
5519 323
5520 323
5521 168
5522 135
5523 159
5524 323
5525 168
5526 91
5527 232
5528 323
5529 159
5530 159
5531 159
5532 323
5533 168
5534 232
5535 159
5536 159
5537 159
5538 323
5539 323
5540 323
5541 323
5542 159
5543 159
5544 323
5545 136
5546 168
5547 323
5548 323
5549 323
5550 159
5551 323
5552 323
5553 168
5554 168
5555 168
5556 323
5557 159
5558 159
5559 168
5560 159
5561 168
5562 323
5563 159
5564 159
5565 159
5566 168
5567 159
5568 323
5569 159
5570 136
5571 323
5572 159
5573 323
5574 323
5575 159
5576 159
5577 305
5578 159
5579 232
5580 91
5581 159
5582 159
5583 323
5584 159
5585 159
5586 159
5587 323
5588 323
5589 323
5590 168
5591 159
5592 168
5593 159
5594 91
5595 236
5596 168
5597 159
5598 168
5599 159
5600 168
5601 159
5602 168
5603 159
5604 159
5605 323
5606 323
5607 323
5608 168
5609 323
5610 159
5611 323
5612 159
5613 159
5614 323
5615 168
5616 159
5617 168
5618 168
5619 159
5620 159
5621 323
5622 323
5623 232
5624 159
5625 159
5626 323
5627 168
5628 232
5629 168
5630 159
5631 323
5632 323
5633 159
5634 168
5635 168
5636 323
5637 159
5638 232
5639 159
5640 168
5641 232
5642 232
5643 323
5644 323
5645 168
5646 168
5647 323
5648 168
5649 168
5650 168
5651 159
5652 323
5653 159
5654 323
5655 168
5656 323
5657 159
5658 168
5659 159
5660 168
5661 159
5662 159
5663 159
5664 91
5665 168
5666 232
5667 91
5668 159
5669 323
5670 168
5671 159
5672 168
5673 159
5674 323
5675 323
5676 323
5677 168
5678 168
5679 168
5680 323
5681 168
5682 323
5683 323
5684 159
5685 159
5686 159
5687 232
5688 159
5689 323
5690 159
5691 137
5692 159
5693 323
5694 159
5695 168
5696 232
5697 232
5698 168
5699 168
5700 91
5701 168
5702 323
5703 159
5704 323
5705 323
5706 168
5707 168
5708 168
5709 159
5710 168
5711 323
5712 323
5713 323
5714 232
5715 168
5716 168
5717 168
5718 323
5719 159
5720 159
5721 323
5722 159
5723 159
5724 323
5725 323
5726 168
5727 323
5728 232
5729 159
5730 159
5731 168
5732 168
5733 168
5734 168
5735 232
5736 323
5737 323
5738 323
5739 323
5740 323
5741 323
5742 168
5743 323
5744 159
5745 323
5746 323
5747 323
5748 159
5749 323
5750 159
5751 168
5752 168
5753 159
5754 168
5755 323
5756 173
5757 168
5758 168
5759 91
5760 323
5761 159
5762 159
5763 323
5764 91
5765 323
5766 323
5767 91
5768 323
5769 323
5770 138
5771 159
5772 323
5773 91
5774 159
5775 323
5776 232
5777 323
5778 168
5779 159
5780 168
5781 159
5782 323
5783 159
5784 323
5785 323
5786 159
5787 168
5788 159
5789 323
5790 168
5791 168
5792 323
5793 159
5794 323
5795 159
5796 91
5797 168
5798 168
5799 323
5800 323
5801 159
5802 323
5803 323
5804 159
5805 323
5806 323
5807 232
5808 159
5809 323
5810 159
5811 168
5812 159
5813 159
5814 168
5815 159
5816 159
5817 159
5818 159
5819 168
5820 159
5821 159
5822 159
5823 159
5824 168
5825 159
5826 159
5827 168
5828 323
5829 323
5830 323
5831 323
5832 323
5833 323
5834 168
5835 159
5836 168
5837 323
5838 323
5839 323
5840 159
5841 159
5842 323
5843 91
5844 323
5845 159
5846 159
5847 159
5848 159
5849 323
5850 323
5851 323
5852 323
5853 323
5854 159
5855 323
5856 323
5857 168
5858 232
5859 323
5860 168
5861 159
5862 168
5863 159
5864 323
5865 168
5866 159
5867 323
5868 159
5869 168
5870 159
5871 159
5872 232
5873 323
5874 19
5875 323
5876 168
5877 323
5878 159
5879 323
5880 323
5881 232
5882 323
5883 323
5884 168
5885 323
5886 323
5887 159
5888 159
5889 232
5890 159
5891 323
5892 232
5893 168
5894 323
5895 232
5896 323
5897 159
5898 323
5899 323
5900 323
5901 168
5902 323
5903 91
5904 168
5905 140
5906 323
5907 168
5908 323
5909 323
5910 323
5911 323
5912 19
5913 159
5914 323
5915 323
5916 159
5917 323
5918 168
5919 91
5920 91
5921 159
5922 323
5923 159
5924 323
5925 159
5926 323
5927 323
5928 159
5929 159
5930 159
5931 323
5932 168
5933 323
5934 168
5935 168
5936 159
5937 168
5938 323
5939 168
5940 168
5941 91
5942 232
5943 159
5944 168
5945 323
5946 168
5947 323
5948 168
5949 323
5950 159
5951 232
5952 232
5953 323
5954 232
5955 159
5956 323
5957 168
5958 159
5959 91
5960 159
5961 168
5962 168
5963 323
5964 168
5965 323
5966 323
5967 323
5968 159
5969 323
5970 323
5971 323
5972 159
5973 159
5974 232
5975 141
5976 142
5977 168
5978 323
5979 159
5980 232
5981 159
5982 159
5983 144
5984 323
5985 168
5986 323
5987 232
5988 323
5989 323
5990 323
5991 323
5992 145
5993 168
5994 159
5995 168
5996 323
5997 159
5998 159
5999 159
6000 323
6001 168
6002 323
6003 168
6004 323
6005 168
6006 323
6007 323
6008 323
6009 159
6010 323
6011 323
6012 168
6013 91
6014 323
6015 168
6016 323
6017 168
6018 232
6019 159
6020 323
6021 323
6022 168
6023 323
6024 323
6025 146
6026 168
6027 168
6028 147
6029 323
6030 323
6031 168
6032 323
6033 168
6034 232
6035 168
6036 323
6037 148
6038 323
6039 168
6040 323
6041 168
6042 323
6043 159
6044 323
6045 323
6046 323
6047 323
6048 159
6049 159
6050 159
6051 168
6052 159
6053 323
6054 159
6055 159
6056 159
6057 168
6058 323
6059 168
6060 323
6061 159
6062 323
6063 168
6064 323
6065 159
6066 323
6067 323
6068 323
6069 168
6070 323
6071 323
6072 159
6073 168
6074 159
6075 168
6076 323
6077 323
6078 323
6079 168
6080 168
6081 168
6082 168
6083 323
6084 323
6085 323
6086 323
6087 168
6088 159
6089 168
6090 232
6091 232
6092 159
6093 159
6094 91
6095 168
6096 168
6097 323
6098 159
6099 159
6100 168
6101 168
6102 159
6103 159
6104 159
6105 159
6106 323
6107 159
6108 168
6109 168
6110 323
6111 323
6112 139
6113 323
6114 159
6115 323
6116 91
6117 168
6118 168
6119 323
6120 168
6121 323
6122 323
6123 323
6124 168
6125 232
6126 232
6127 168
6128 323
6129 323
6130 159
6131 159
6132 159
6133 159
6134 232
6135 159
6136 168
6137 323
6138 232
6139 168
6140 323
6141 323
6142 168
6143 168
6144 159
6145 232
6146 168
6147 168
6148 323
6149 232
6150 323
6151 91
6152 323
6153 159
6154 159
6155 159
6156 159
6157 168
6158 159
6159 91
6160 159
6161 159
6162 168
6163 168
6164 323
6165 91
6166 323
6167 323
6168 323
6169 159
6170 323
6171 159
6172 323
6173 168
6174 323
6175 168
6176 168
6177 323
6178 323
6179 168
6180 323
6181 91
6182 159
6183 232
6184 168
6185 168
6186 323
6187 159
6188 159
6189 323
6190 323
6191 91
6192 159
6193 323
6194 159
6195 323
6196 323
6197 323
6198 168
6199 168
6200 323
6201 323
6202 323
6203 159
6204 323
6205 168
6206 323
6207 168
6208 323
6209 323
6210 323
6211 159
6212 323
6213 159
6214 168
6215 159
6216 232
6217 168
6218 159
6219 159
6220 323
6221 168
6222 168
6223 168
6224 149
6225 159
6226 159
6227 91
6228 159
6229 159
6230 168
6231 159
6232 159
6233 159
6234 323
6235 323
6236 168
6237 91
6238 159
6239 159
6240 91
6241 91
6242 159
6243 159
6244 323
6245 168
6246 159
6247 168
6248 159
6249 232
6250 168
6251 168
6252 168
6253 168
6254 168
6255 159
6256 323
6257 159
6258 168
6259 232
6260 159
6261 323
6262 168
6263 323
6264 168
6265 323
6266 159
6267 323
6268 91
6269 168
6270 168
6271 323
6272 168
6273 323
6274 323
6275 323
6276 323
6277 323
6278 168
6279 168
6280 323
6281 323
6282 168
6283 323
6284 323
6285 323
6286 323
6287 91
6288 91
6289 323
6290 323
6291 323
6292 150
6293 323
6294 159
6295 448
6296 159
6297 168
6298 323
6299 159
6300 323
6301 323
6302 151
6303 323
6304 155
6305 323
6306 168
6307 168
6308 152
6309 159
6310 159
6311 323
6312 159
6313 168
6314 168
6315 159
6316 232
6317 168
6318 168
6319 323
6320 159
6321 323
6322 323
6323 168
6324 323
6325 232
6326 232
6327 159
6328 323
6329 323
6330 323
6331 168
6332 168
6333 232
6334 168
6335 152
6336 323
6337 159
6338 323
6339 168
6340 19
6341 159
6342 159
6343 159
6344 323
6345 159
6346 232
6347 168
6348 159
6349 168
6350 323
6351 168
6352 168
6353 168
6354 168
6355 159
6356 168
6357 323
6358 159
6359 323
6360 159
6361 323
6362 168
6363 153
6364 159
6365 159
6366 168
6367 154
6368 323
6369 159
6370 159
6371 168
6372 159
6373 323
6374 159
6375 232
6376 232
6377 159
6378 323
6379 323
6380 159
6381 91
6382 168
6383 159
6384 168
6385 323
6386 168
6387 155
6388 323
6389 323
6390 323
6391 323
6392 323
6393 168
6394 91
6395 323
6396 154
6397 232
6398 232
6399 323
6400 323
6401 159
6402 323
6403 323
6404 168
6405 323
6406 159
6407 159
6408 168
6409 168
6410 91
6411 91
6412 159
6413 323
6414 168
6415 168
6416 323
6417 168
6418 159
6419 91
6420 168
6421 168
6422 323
6423 168
6424 168
6425 159
6426 159
6427 159
6428 323
6429 159
6430 168
6431 323
6432 159
6433 168
6434 159
6435 168
6436 159
6437 168
6438 159
6439 323
6440 159
6441 168
6442 168
6443 168
6444 159
6445 323
6446 159
6447 234
6448 168
6449 323
6450 159
6451 168
6452 159
6453 168
6454 323
6455 91
6456 91
6457 323
6458 323
6459 168
6460 91
6461 159
6462 323
6463 323
6464 168
6465 168
6466 323
6467 168
6468 168
6469 323
6470 159
6471 159
6472 323
6473 168
6474 323
6475 688
6476 323
6477 159
6478 323
6479 168
6480 323
6481 323
6482 323
6483 159
6484 168
6485 232
6486 159
6487 159
6488 168
6489 159
6490 159
6491 159
6492 323
6493 129
6494 168
6495 159
6496 159
6497 323
6498 323
6499 159
6500 323
6501 168
6502 159
6503 159
6504 323
6505 168
6506 323
6507 323
6508 323
6509 323
6510 323
6511 323
6512 159
6513 159
6514 323
6515 168
6516 91
6517 159
6518 91
6519 91
6520 323
6521 323
6522 91
6523 91
6524 232
6525 323
6526 168
6527 323
6528 323
6529 156
6530 168
6531 323
6532 688
6533 323
6534 168
6535 159
6536 168
6537 232
6538 323
6539 168
6540 232
6541 157
6542 168
6543 159
6544 323
6545 168
6546 232
6547 159
6548 159
6549 168
6550 323
6551 323
6552 168
6553 168
6554 159
6555 158
6556 159
6557 168
6558 168
6559 232
6560 323
6561 91
6562 323
6563 323
6564 168
6565 323
6566 232
6567 323
6568 168
6569 323
6570 159
6571 323
6572 168
6573 159
6574 323
6575 232
6576 91
6577 159
6578 323
6579 168
6580 168
6581 91
6582 168
6583 91
6584 159
6585 323
6586 323
6587 168
6588 232
6589 323
6590 168
6591 323
6592 159
6593 159
6594 323
6595 323
6596 159
6597 323
6598 91
6599 232
6600 323
6601 232
6602 168
6603 159
6604 232
6605 159
6606 232
6607 159
6608 160
6609 159
6610 168
6611 323
6612 168
6613 168
6614 323
6615 232
6616 159
6617 159
6618 152
6619 323
6620 168
6621 91
6622 323
6623 168
6624 168
6625 323
6626 168
6627 323
6628 168
6629 168
6630 159
6631 91
6632 323
6633 323
6634 168
6635 323
6636 232
6637 159
6638 168
6639 323
6640 323
6641 323
6642 168
6643 168
6644 323
6645 168
6646 159
6647 168
6648 323
6649 323
6650 159
6651 323
6652 168
6653 323
6654 232
6655 168
6656 168
6657 168
6658 159
6659 161
6660 232
6661 91
6662 162
6663 159
6664 323
6665 163
6666 159
6667 323
6668 323
6669 168
6670 323
6671 232
6672 91
6673 19
6674 159
6675 323
6676 168
6677 159
6678 232
6679 323
6680 323
6681 168
6682 91
6683 168
6684 323
6685 323
6686 323
6687 232
6688 19
6689 168
6690 323
6691 91
6692 159
6693 323
6694 164
6695 165
6696 232
6697 159
6698 168
6699 323
6700 232
6701 323
6702 168
6703 168
6704 19
6705 166
6706 159
6707 168
6708 167
6709 168
6710 323
6711 19
6712 168
6713 323
6714 323
6715 168
6716 168
6717 323
6718 323
6719 323
6720 323
6721 168
6722 232
6723 323
6724 91
6725 159
6726 159
6727 323
6728 159
6729 232
6730 168
6731 159
6732 323
6733 168
6734 323
6735 323
6736 159
6737 159
6738 232
6739 323
6740 323
6741 323
6742 159
6743 168
6744 323
6745 159
6746 323
6747 168
6748 323
6749 323
6750 168
6751 159
6752 323
6753 168
6754 91
6755 159
6756 168
6757 168
6758 159
6759 168
6760 159
6761 168
6762 168
6763 323
6764 323
6765 232
6766 159
6767 323
6768 323
6769 168
6770 323
6771 168
6772 323
6773 323
6774 168
6775 323
6776 323
6777 232
6778 168
6779 323
6780 323
6781 323
6782 323
6783 323
6784 159
6785 168
6786 159
6787 323
6788 323
6789 168
6790 323
6791 323
6792 168
6793 649
6794 323
6795 159
6796 168
6797 159
6798 159
6799 323
6800 91
6801 159
6802 159
6803 323
6804 323
6805 323
6806 323
6807 159
6808 159
6809 159
6810 168
6811 323
6812 159
6813 159
6814 232
6815 323
6816 323
6817 168
6818 159
6819 323
6820 168
6821 323
6822 323
6823 168
6824 323
6825 169
6826 168
6827 19
6828 168
6829 159
6830 232
6831 91
6832 159
6833 168
6834 232
6835 323
6836 159
6837 323
6838 168
6839 168
6840 168
6841 168
6842 323
6843 232
6844 323
6845 232
6846 323
6847 159
6848 168
6849 323
6850 168
6851 323
6852 684
6853 168
6854 323
6855 168
6856 168
6857 168
6858 168
6859 323
6860 323
6861 323
6862 323
6863 159
6864 168
6865 323
6866 323
6867 168
6868 168
6869 159
6870 159
6871 323
6872 159
6873 323
6874 159
6875 232
6876 159
6877 323
6878 159
6879 168
6880 323
6881 159
6882 168
6883 323
6884 159
6885 171
6886 232
6887 168
6888 323
6889 129
6890 91
6891 168
6892 323
6893 168
6894 168
6895 323
6896 323
6897 168
6898 159
6899 232
6900 159
6901 159
6902 323
6903 159
6904 168
6905 168
6906 91
6907 168
6908 323
6909 168
6910 168
6911 159
6912 168
6913 168
6914 323
6915 159
6916 168
6917 323
6918 168
6919 168
6920 172
6921 168
6922 159
6923 168
6924 232
6925 91
6926 168
6927 168
6928 159
6929 159
6930 159
6931 323
6932 323
6933 168
6934 168
6935 168
6936 323
6937 168
6938 323
6939 159
6940 168
6941 168
6942 91
6943 174
6944 323
6945 175
6946 168
6947 168
6948 168
6949 323
6950 168
6951 323
6952 159
6953 159
6954 323
6955 323
6956 91
6957 323
6958 159
6959 168
6960 323
6961 159
6962 159
6963 232
6964 159
6965 159
6966 323
6967 323
6968 168
6969 159
6970 323
6971 159
6972 159
6973 168
6974 323
6975 159
6976 323
6977 323
6978 323
6979 323
6980 159
6981 168
6982 168
6983 91
6984 323
6985 168
6986 159
6987 232
6988 323
6989 232
6990 323
6991 159
6992 232
6993 323
6994 232
6995 159
6996 323
6997 168
6998 168
6999 168
7000 232
7001 168
7002 168
7003 168
7004 168
7005 159
7006 168
7007 168
7008 168
7009 159
7010 323
7011 323
7012 159
7013 91
7014 159
7015 168
7016 323
7017 159
7018 323
7019 159
7020 168
7021 168
7022 168
7023 323
7024 323
7025 323
7026 159
7027 323
7028 323
7029 232
7030 323
7031 168
7032 323
7033 168
7034 323
7035 168
7036 323
7037 323
7038 323
7039 323
7040 159
7041 323
7042 176
7043 159
7044 323
7045 168
7046 232
7047 512
7048 159
7049 168
7050 168
7051 168
7052 323
7053 323
7054 323
7055 323
7056 323
7057 323
7058 323
7059 168
7060 159
7061 91
7062 323
7063 168
7064 232
7065 323
7066 159
7067 159
7068 177
7069 159
7070 232
7071 232
7072 323
7073 323
7074 168
7075 323
7076 159
7077 178
7078 323
7079 168
7080 159
7081 179
7082 159
7083 323
7084 168
7085 323
7086 184
7087 323
7088 323
7089 168
7090 168
7091 279
7092 323
7093 159
7094 323
7095 168
7096 168
7097 168
7098 168
7099 323
7100 168
7101 323
7102 323
7103 159
7104 232
7105 91
7106 323
7107 168
7108 323
7109 168
7110 159
7111 323
7112 159
7113 323
7114 323
7115 168
7116 159
7117 168
7118 168
7119 159
7120 323
7121 323
7122 168
7123 323
7124 323
7125 159
7126 323
7127 159
7128 323
7129 323
7130 323
7131 168
7132 323
7133 159
7134 168
7135 91
7136 323
7137 323
7138 323
7139 323
7140 168
7141 323
7142 232
7143 323
7144 159
7145 323
7146 323
7147 168
7148 159
7149 159
7150 323
7151 159
7152 91
7153 159
7154 159
7155 323
7156 323
7157 252
7158 168
7159 168
7160 159
7161 129
7162 159
7163 168
7164 323
7165 159
7166 159
7167 323
7168 323
7169 168
7170 159
7171 159
7172 232
7173 159
7174 168
7175 323
7176 323
7177 323
7178 168
7179 159
7180 159
7181 323
7182 168
7183 168
7184 232
7185 159
7186 168
7187 323
7188 139
7189 168
7190 323
7191 323
7192 159
7193 323
7194 91
7195 323
7196 168
7197 159
7198 168
7199 91
7200 168
7201 159
7202 91
7203 168
7204 323
7205 323
7206 91
7207 168
7208 323
7209 159
7210 188
7211 159
7212 232
7213 159
7214 159
7215 168
7216 159
7217 323
7218 168
7219 323
7220 168
7221 168
7222 232
7223 159
7224 232
7225 159
7226 159
7227 159
7228 323
7229 323
7230 323
7231 323
7232 323
7233 159
7234 323
7235 168
7236 159
7237 159
7238 168
7239 323
7240 323
7241 168
7242 323
7243 232
7244 91
7245 91
7246 323
7247 323
7248 180
7249 323
7250 323
7251 159
7252 323
7253 323
7254 168
7255 168
7256 168
7257 323
7258 168
7259 323
7260 159
7261 323
7262 323
7263 232
7264 232
7265 168
7266 323
7267 159
7268 91
7269 168
7270 168
7271 168
7272 159
7273 159
7274 323
7275 232
7276 323
7277 232
7278 323
7279 168
7280 232
7281 323
7282 323
7283 323
7284 323
7285 232
7286 168
7287 168
7288 181
7289 773
7290 91
7291 323
7292 182
7293 91
7294 323
7295 323
7296 232
7297 323
7298 168
7299 232
7300 232
7301 232
7302 323
7303 168
7304 159
7305 323
7306 323
7307 323
7308 323
7309 183
7310 323
7311 168
7312 168
7313 323
7314 323
7315 159
7316 159
7317 168
7318 91
7319 159
7320 159
7321 323
7322 323
7323 168
7324 323
7325 168
7326 323
7327 159
7328 168
7329 168
7330 129
7331 323
7332 323
7333 323
7334 323
7335 323
7336 159
7337 168
7338 168
7339 323
7340 184
7341 168
7342 168
7343 19
7344 323
7345 232
7346 168
7347 323
7348 323
7349 323
7350 168
7351 168
7352 185
7353 323
7354 186
7355 323
7356 159
7357 323
7358 168
7359 168
7360 323
7361 323
7362 168
7363 232
7364 323
7365 159
7366 168
7367 159
7368 168
7369 323
7370 159
7371 232
7372 323
7373 168
7374 168
7375 159
7376 159
7377 323
7378 323
7379 159
7380 168
7381 323
7382 323
7383 323
7384 323
7385 168
7386 323
7387 168
7388 168
7389 168
7390 168
7391 168
7392 168
7393 168
7394 323
7395 168
7396 91
7397 323
7398 323
7399 168
7400 187
7401 159
7402 323
7403 159
7404 159
7405 168
7406 323
7407 91
7408 323
7409 323
7410 323
7411 168
7412 159
7413 159
7414 168
7415 168
7416 168
7417 168
7418 91
7419 159
7420 168
7421 323
7422 168
7423 323
7424 159
7425 323
7426 159
7427 168
7428 159
7429 323
7430 168
7431 168
7432 168
7433 168
7434 168
7435 232
7436 188
7437 323
7438 323
7439 159
7440 159
7441 323
7442 159
7443 168
7444 159
7445 159
7446 168
7447 323
7448 232
7449 323
7450 323
7451 168
7452 323
7453 91
7454 323
7455 323
7456 323
7457 323
7458 159
7459 323
7460 323
7461 323
7462 454
7463 232
7464 168
7465 323
7466 323
7467 232
7468 232
7469 323
7470 323
7471 323
7472 323
7473 323
7474 91
7475 323
7476 168
7477 168
7478 323
7479 323
7480 323
7481 168
7482 323
7483 168
7484 323
7485 323
7486 168
7487 168
7488 323
7489 323
7490 159
7491 232
7492 168
7493 232
7494 323
7495 159
7496 168
7497 323
7498 191
7499 168
7500 191
7501 168
7502 91
7503 159
7504 168
7505 323
7506 159
7507 232
7508 323
7509 323
7510 184
7511 323
7512 168
7513 168
7514 323
7515 232
7516 159
7517 323
7518 323
7519 168
7520 159
7521 323
7522 168
7523 323
7524 323
7525 168
7526 323
7527 159
7528 323
7529 232
7530 323
7531 168
7532 159
7533 91
7534 323
7535 168
7536 323
7537 168
7538 159
7539 323
7540 323
7541 232
7542 323
7543 192
7544 168
7545 193
7546 232
7547 168
7548 323
7549 560
7550 323
7551 232
7552 159
7553 91
7554 168
7555 168
7556 168
7557 323
7558 323
7559 323
7560 232
7561 168
7562 323
7563 159
7564 323
7565 323
7566 323
7567 323
7568 159
7569 168
7570 159
7571 159
7572 168
7573 323
7574 168
7575 323
7576 323
7577 232
7578 168
7579 159
7580 323
7581 168
7582 323
7583 323
7584 168
7585 323
7586 323
7587 168
7588 168
7589 168
7590 323
7591 323
7592 168
7593 168
7594 159
7595 159
7596 91
7597 159
7598 168
7599 159
7600 323
7601 323
7602 323
7603 159
7604 168
7605 323
7606 194
7607 232
7608 232
7609 159
7610 323
7611 323
7612 91
7613 168
7614 323
7615 159
7616 168
7617 159
7618 168
7619 159
7620 159
7621 159
7622 159
7623 159
7624 323
7625 168
7626 323
7627 331
7628 232
7629 232
7630 168
7631 323
7632 323
7633 159
7634 159
7635 168
7636 232
7637 168
7638 168
7639 232
7640 232
7641 232
7642 323
7643 323
7644 323
7645 195
7646 159
7647 331
7648 196
7649 274
7650 323
7651 159
7652 323
7653 168
7654 168
7655 168
7656 323
7657 323
7658 323
7659 168
7660 168
7661 197
7662 323
7663 91
7664 323
7665 323
7666 159
7667 168
7668 168
7669 198
7670 168
7671 168
7672 159
7673 168
7674 198
7675 323
7676 232
7677 168
7678 323
7679 323
7680 323
7681 199
7682 159
7683 323
7684 323
7685 232
7686 583
7687 159
7688 159
7689 232
7690 323
7691 159
7692 323
7693 159
7694 168
7695 159
7696 323
7697 200
7698 232
7699 201
7700 323
7701 323
7702 323
7703 168
7704 323
7705 323
7706 232
7707 91
7708 159
7709 159
7710 159
7711 323
7712 91
7713 91
7714 323
7715 159
7716 323
7717 91
7718 323
7719 168
7720 159
7721 323
7722 323
7723 168
7724 168
7725 323
7726 323
7727 168
7728 323
7729 232
7730 323
7731 168
7732 232
7733 323
7734 323
7735 159
7736 159
7737 323
7738 583
7739 323
7740 323
7741 159
7742 202
7743 203
7744 323
7745 204
7746 168
7747 232
7748 323
7749 168
7750 159
7751 323
7752 323
7753 168
7754 323
7755 323
7756 168
7757 232
7758 168
7759 159
7760 129
7761 168
7762 159
7763 168
7764 323
7765 323
7766 323
7767 323
7768 323
7769 323
7770 323
7771 159
7772 323
7773 168
7774 323
7775 168
7776 159
7777 232
7778 168
7779 168
7780 159
7781 323
7782 168
7783 168
7784 323
7785 159
7786 323
7787 168
7788 168
7789 323
7790 323
7791 323
7792 205
7793 232
7794 159
7795 206
7796 168
7797 168
7798 168
7799 168
7800 159
7801 323
7802 159
7803 168
7804 168
7805 207
7806 208
7807 159
7808 232
7809 168
7810 323
7811 323
7812 168
7813 323
7814 323
7815 159
7816 323
7817 159
7818 232
7819 159
7820 168
7821 168
7822 232
7823 168
7824 323
7825 323
7826 168
7827 323
7828 168
7829 159
7830 323
7831 168
7832 159
7833 323
7834 168
7835 209
7836 168
7837 168
7838 287
7839 159
7840 323
7841 323
7842 168
7843 210
7844 159
7845 323
7846 91
7847 91
7848 168
7849 168
7850 323
7851 168
7852 168
7853 323
7854 232
7855 159
7856 159
7857 323
7858 168
7859 323
7860 323
7861 159
7862 323
7863 323
7864 323
7865 159
7866 159
7867 211
7868 323
7869 91
7870 91
7871 323
7872 323
7873 168
7874 159
7875 159
7876 323
7877 277
7878 323
7879 168
7880 168
7881 323
7882 91
7883 168
7884 168
7885 168
7886 451
7887 159
7888 159
7889 323
7890 323
7891 323
7892 323
7893 323
7894 323
7895 323
7896 168
7897 323
7898 159
7899 323
7900 159
7901 168
7902 168
7903 168
7904 159
7905 168
7906 168
7907 168
7908 168
7909 323
7910 168
7911 232
7912 323
7913 323
7914 168
7915 323
7916 168
7917 232
7918 159
7919 168
7920 232
7921 168
7922 232
7923 212
7924 323
7925 168
7926 323
7927 323
7928 91
7929 323
7930 168
7931 323
7932 168
7933 323
7934 168
7935 323
7936 168
7937 159
7938 323
7939 323
7940 323
7941 323
7942 232
7943 323
7944 159
7945 168
7946 168
7947 232
7948 323
7949 159
7950 168
7951 323
7952 323
7953 323
7954 168
7955 232
7956 168
7957 159
7958 323
7959 323
7960 91
7961 323
7962 323
7963 159
7964 168
7965 323
7966 323
7967 323
7968 873
7969 323
7970 323
7971 323
7972 323
7973 323
7974 213
7975 323
7976 323
7977 323
7978 323
7979 159
7980 323
7981 168
7982 214
7983 323
7984 323
7985 323
7986 168
7987 323
7988 168
7989 168
7990 323
7991 323
7992 323
7993 168
7994 323
7995 323
7996 159
7997 232
7998 323
7999 323
8000 323
8001 232
8002 215
8003 168
8004 323
8005 232
8006 159
8007 159
8008 323
8009 159
8010 168
8011 168
8012 168
8013 323
8014 323
8015 168
8016 159
8017 232
8018 159
8019 323
8020 168
8021 323
8022 168
8023 323
8024 323
8025 168
8026 168
8027 159
8028 168
8029 323
8030 168
8031 216
8032 232
8033 91
8034 159
8035 232
8036 323
8037 168
8038 91
8039 91
8040 232
8041 323
8042 168
8043 323
8044 159
8045 217
8046 168
8047 323
8048 168
8049 159
8050 323
8051 218
8052 232
8053 168
8054 159
8055 168
8056 323
8057 159
8058 159
8059 323
8060 168
8061 159
8062 323
8063 323
8064 232
8065 323
8066 232
8067 219
8068 323
8069 323
8070 232
8071 168
8072 323
8073 323
8074 323
8075 168
8076 232
8077 220
8078 220
8079 323
8080 168
8081 168
8082 168
8083 232
8084 159
8085 168
8086 232
8087 159
8088 168
8089 168
8090 168
8091 168
8092 323
8093 159
8094 323
8095 159
8096 168
8097 323
8098 323
8099 168
8100 323
8101 159
8102 323
8103 91
8104 232
8105 323
8106 323
8107 323
8108 323
8109 159
8110 323
8111 159
8112 168
8113 159
8114 91
8115 159
8116 221
8117 232
8118 323
8119 159
8120 168
8121 159
8122 159
8123 159
8124 323
8125 168
8126 168
8127 159
8128 222
8129 323
8130 159
8131 168
8132 168
8133 159
8134 323
8135 159
8136 91
8137 323
8138 323
8139 168
8140 168
8141 323
8142 168
8143 323
8144 91
8145 168
8146 48
8147 323
8148 159
8149 323
8150 48
8151 240
8152 168
8153 159
8154 224
8155 159
8156 168
8157 323
8158 159
8159 168
8160 232
8161 225
8162 226
8163 226
8164 159
8165 159
8166 240
8167 159
8168 323
8169 159
8170 159
8171 323
8172 168
8173 323
8174 168
8175 91
8176 227
8177 159
8178 159
8179 168
8180 323
8181 159
8182 323
8183 323
8184 323
8185 168
8186 168
8187 159
8188 323
8189 168
8190 168
8191 168
8192 168
8193 159
8194 323
8195 323
8196 232
8197 323
8198 168
8199 323
8200 323
8201 159
8202 323
8203 323
8204 323
8205 159
8206 142
8207 323
8208 323
8209 323
8210 323
8211 323
8212 323
8213 232
8214 323
8215 168
8216 323
8217 228
8218 159
8219 323
8220 91
8221 323
8222 323
8223 91
8224 323
8225 159
8226 159
8227 323
8228 168
8229 323
8230 323
8231 232
8232 91
8233 159
8234 159
8235 323
8236 232
8237 91
8238 229
8239 168
8240 323
8241 168
8242 168
8243 323
8244 232
8245 91
8246 168
8247 159
8248 230
8249 159
8250 323
8251 168
8252 91
8253 159
8254 323
8255 323
8256 168
8257 323
8258 323
8259 844
8260 159
8261 323
8262 168
8263 168
8264 323
8265 231
8266 323
8267 159
8268 168
8269 323
8270 323
8271 323
8272 168
8273 232
8274 232
8275 232
8276 168
8277 232
8278 323
8279 323
8280 232
8281 323
8282 323
8283 323
8284 168
8285 232
8286 168
8287 323
8288 323
8289 323
8290 159
8291 323
8292 237
8293 232
8294 159
8295 323
8296 323
8297 323
8298 232
8299 323
8300 168
8301 159
8302 159
8303 168
8304 323
8305 323
8306 232
8307 323
8308 159
8309 323
8310 323
8311 168
8312 159
8313 323
8314 323
8315 159
8316 168
8317 323
8318 159
8319 168
8320 168
8321 323
8322 323
8323 323
8324 168
8325 168
8326 323
8327 168
8328 323
8329 323
8330 159
8331 168
8332 323
8333 168
8334 168
8335 323
8336 323
8337 159
8338 323
8339 168
8340 232
8341 323
8342 159
8343 323
8344 232
8345 323
8346 159
8347 323
8348 232
8349 233
8350 168
8351 168
8352 168
8353 159
8354 233
8355 91
8356 323
8357 323
8358 323
8359 323
8360 323
8361 168
8362 159
8363 323
8364 187
8365 235
8366 168
8367 323
8368 234
8369 159
8370 323
8371 323
8372 159
8373 232
8374 159
8375 168
8376 159
8377 159
8378 323
8379 323
8380 323
8381 323
8382 323
8383 168
8384 323
8385 323
8386 323
8387 91
8388 168
8389 168
8390 168
8391 168
8392 323
8393 323
8394 235
8395 159
8396 168
8397 168
8398 323
8399 91
8400 168
8401 168
8402 323
8403 168
8404 159
8405 323
8406 168
8407 323
8408 232
8409 323
8410 323
8411 168
8412 323
8413 323
8414 323
8415 232
8416 159
8417 323
8418 323
8419 323
8420 159
8421 236
8422 168
8423 168
8424 168
8425 168
8426 168
8427 159
8428 323
8429 323
8430 232
8431 232
8432 323
8433 91
8434 323
8435 323
8436 323
8437 323
8438 323
8439 237
8440 323
8441 168
8442 168
8443 238
8444 159
8445 323
8446 323
8447 168
8448 15
8449 239
8450 323
8451 168
8452 232
8453 168
8454 168
8455 323
8456 323
8457 159
8458 168
8459 323
8460 168
8461 168
8462 168
8463 323
8464 168
8465 168
8466 323
8467 323
8468 168
8469 323
8470 168
8471 323
8472 159
8473 168
8474 232
8475 159
8476 91
8477 91
8478 168
8479 91
8480 323
8481 168
8482 323
8483 168
8484 159
8485 159
8486 168
8487 323
8488 168
8489 159
8490 232
8491 323
8492 168
8493 159
8494 168
8495 323
8496 159
8497 240
8498 168
8499 168
8500 323
8501 323
8502 323
8503 159
8504 323
8505 159
8506 323
8507 168
8508 159
8509 168
8510 159
8511 168
8512 323
8513 323
8514 168
8515 168
8516 168
8517 168
8518 323
8519 159
8520 323
8521 323
8522 323
8523 323
8524 323
8525 323
8526 232
8527 159
8528 159
8529 323
8530 168
8531 159
8532 168
8533 168
8534 168
8535 232
8536 91
8537 159
8538 323
8539 159
8540 168
8541 232
8542 159
8543 232
8544 159
8545 323
8546 168
8547 323
8548 323
8549 168
8550 168
8551 168
8552 323
8553 168
8554 91
8555 168
8556 323
8557 323
8558 184
8559 168
8560 232
8561 241
8562 323
8563 91
8564 323
8565 323
8566 91
8567 168
8568 323
8569 91
8570 168
8571 323
8572 168
8573 323
8574 232
8575 159
8576 168
8577 168
8578 168
8579 323
8580 232
8581 168
8582 323
8583 323
8584 168
8585 323
8586 323
8587 168
8588 168
8589 159
8590 323
8591 323
8592 844
8593 168
8594 323
8595 159
8596 168
8597 323
8598 242
8599 243
8600 244
8601 323
8602 323
8603 323
8604 168
8605 159
8606 323
8607 168
8608 168
8609 323
8610 159
8611 168
8612 168
8613 168
8614 168
8615 159
8616 245
8617 159
8618 159
8619 168
8620 323
8621 323
8622 323
8623 323
8624 91
8625 323
8626 323
8627 323
8628 323
8629 168
8630 232
8631 168
8632 323
8633 323
8634 232
8635 323
8636 323
8637 168
8638 159
8639 168
8640 323
8641 232
8642 19
8643 168
8644 168
8645 323
8646 246
8647 323
8648 247
8649 168
8650 159
8651 168
8652 168
8653 91
8654 323
8655 248
8656 323
8657 323
8658 249
8659 168
8660 168
8661 168
8662 159
8663 323
8664 250
8665 168
8666 323
8667 168
8668 323
8669 323
8670 323
8671 323
8672 323
8673 323
8674 168
8675 323
8676 232
8677 168
8678 323
8679 232
8680 168
8681 323
8682 168
8683 159
8684 168
8685 168
8686 323
8687 323
8688 159
8689 91
8690 168
8691 323
8692 251
8693 252
8694 276
8695 232
8696 168
8697 323
8698 190
8699 159
8700 323
8701 323
8702 129
8703 159
8704 91
8705 323
8706 323
8707 168
8708 323
8709 168
8710 323
8711 232
8712 253
8713 168
8714 159
8715 168
8716 232
8717 232
8718 168
8719 232
8720 323
8721 232
8722 323
8723 323
8724 323
8725 323
8726 159
8727 323
8728 168
8729 323
8730 323
8731 232
8732 168
8733 254
8734 323
8735 168
8736 232
8737 168
8738 168
8739 323
8740 159
8741 323
8742 323
8743 323
8744 323
8745 168
8746 168
8747 323
8748 323
8749 323
8750 323
8751 323
8752 232
8753 159
8754 323
8755 168
8756 159
8757 232
8758 323
8759 323
8760 159
8761 323
8762 323
8763 323
8764 255
8765 168
8766 323
8767 357
8768 323
8769 323
8770 168
8771 168
8772 168
8773 168
8774 323
8775 323
8776 256
8777 168
8778 168
8779 168
8780 168
8781 323
8782 323
8783 168
8784 91
8785 323
8786 168
8787 257
8788 168
8789 232
8790 323
8791 168
8792 159
8793 323
8794 323
8795 323
8796 258
8797 159
8798 323
8799 282
8800 159
8801 235
8802 91
8803 91
8804 323
8805 323
8806 870
8807 323
8808 323
8809 323
8810 323
8811 159
8812 159
8813 232
8814 323
8815 168
8816 168
8817 323
8818 159
8819 323
8820 259
8821 260
8822 323
8823 159
8824 159
8825 168
8826 323
8827 323
8828 323
8829 232
8830 168
8831 323
8832 168
8833 323
8834 323
8835 323
8836 282
8837 323
8838 159
8839 323
8840 168
8841 323
8842 323
8843 272
8844 159
8845 323
8846 159
8847 323
8848 323
8849 159
8850 279
8851 232
8852 232
8853 168
8854 168
8855 91
8856 168
8857 323
8858 159
8859 232
8860 323
8861 168
8862 323
8863 323
8864 232
8865 323
8866 323
8867 159
8868 323
8869 159
8870 168
8871 323
8872 232
8873 168
8874 168
8875 168
8876 168
8877 323
8878 323
8879 168
8880 323
8881 323
8882 323
8883 159
8884 168
8885 168
8886 323
8887 168
8888 168
8889 323
8890 168
8891 323
8892 168
8893 323
8894 159
8895 168
8896 232
8897 159
8898 168
8899 168
8900 168
8901 168
8902 323
8903 168
8904 159
8905 168
8906 91
8907 168
8908 159
8909 323
8910 168
8911 168
8912 168
8913 323
8914 323
8915 323
8916 323
8917 323
8918 323
8919 159
8920 323
8921 232
8922 159
8923 323
8924 168
8925 323
8926 323
8927 323
8928 323
8929 232
8930 159
8931 159
8932 190
8933 159
8934 323
8935 232
8936 323
8937 323
8938 323
8939 323
8940 232
8941 168
8942 323
8943 323
8944 323
8945 323
8946 323
8947 323
8948 168
8949 159
8950 323
8951 232
8952 323
8953 323
8954 168
8955 168
8956 159
8957 232
8958 232
8959 323
8960 232
8961 159
8962 168
8963 323
8964 323
8965 323
8966 168
8967 323
8968 323
8969 323
8970 323
8971 323
8972 168
8973 168
8974 168
8975 323
8976 232
8977 91
8978 323
8979 168
8980 232
8981 159
8982 159
8983 168
8984 323
8985 323
8986 323
8987 323
8988 323
8989 323
8990 323
8991 159
8992 323
8993 323
8994 159
8995 323
8996 159
8997 323
8998 159
8999 159
9000 168
9001 261
9002 882
9003 232
9004 168
9005 323
9006 323
9007 168
9008 323
9009 323
9010 323
9011 323
9012 168
9013 168
9014 91
9015 323
9016 168
9017 168
9018 323
9019 323
9020 323
9021 168
9022 323
9023 323
9024 232
9025 323
9026 323
9027 323
9028 91
9029 168
9030 323
9031 159
9032 323
9033 168
9034 232
9035 159
9036 168
9037 232
9038 262
9039 323
9040 168
9041 323
9042 143
9043 323
9044 232
9045 159
9046 168
9047 323
9048 323
9049 91
9050 323
9051 232
9052 168
9053 168
9054 232
9055 168
9056 323
9057 232
9058 323
9059 232
9060 323
9061 168
9062 91
9063 168
9064 323
9065 323
9066 323
9067 323
9068 91
9069 323
9070 323
9071 168
9072 323
9073 159
9074 232
9075 323
9076 168
9077 232
9078 159
9079 323
9080 323
9081 168
9082 168
9083 168
9084 159
9085 323
9086 323
9087 323
9088 91
9089 159
9090 91
9091 323
9092 159
9093 232
9094 168
9095 159
9096 323
9097 323
9098 323
9099 323
9100 323
9101 168
9102 323
9103 168
9104 323
9105 168
9106 323
9107 159
9108 323
9109 168
9110 159
9111 91
9112 263
9113 159
9114 168
9115 323
9116 323
9117 159
9118 323
9119 168
9120 159
9121 159
9122 323
9123 264
9124 265
9125 265
9126 168
9127 159
9128 323
9129 168
9130 232
9131 266
9132 159
9133 323
9134 159
9135 323
9136 168
9137 168
9138 323
9139 159
9140 159
9141 739
9142 232
9143 323
9144 159
9145 323
9146 323
9147 168
9148 159
9149 323
9150 323
9151 323
9152 168
9153 323
9154 323
9155 323
9156 323
9157 323
9158 91
9159 323
9160 168
9161 323
9162 323
9163 159
9164 323
9165 168
9166 159
9167 168
9168 323
9169 159
9170 323
9171 323
9172 168
9173 168
9174 323
9175 267
9176 159
9177 323
9178 168
9179 268
9180 168
9181 91
9182 323
9183 91
9184 91
9185 323
9186 168
9187 323
9188 168
9189 323
9190 323
9191 323
9192 323
9193 159
9194 323
9195 168
9196 168
9197 159
9198 159
9199 323
9200 323
9201 269
9202 159
9203 168
9204 323
9205 323
9206 168
9207 270
9208 323
9209 323
9210 323
9211 323
9212 168
9213 91
9214 159
9215 159
9216 168
9217 168
9218 232
9219 271
9220 159
9221 168
9222 323
9223 323
9224 323
9225 168
9226 323
9227 323
9228 159
9229 159
9230 323
9231 404
9232 232
9233 323
9234 168
9235 323
9236 159
9237 91
9238 91
9239 159
9240 168
9241 323
9242 168
9243 323
9244 323
9245 323
9246 323
9247 159
9248 168
9249 272
9250 323
9251 323
9252 159
9253 323
9254 232
9255 159
9256 323
9257 168
9258 168
9259 159
9260 168
9261 159
9262 159
9263 168
9264 168
9265 159
9266 323
9267 323
9268 323
9269 91
9270 323
9271 323
9272 323
9273 323
9274 168
9275 91
9276 323
9277 323
9278 323
9279 323
9280 323
9281 323
9282 168
9283 323
9284 273
9285 323
9286 159
9287 159
9288 159
9289 323
9290 159
9291 91
9292 159
9293 168
9294 159
9295 323
9296 323
9297 159
9298 232
9299 323
9300 323
9301 323
9302 190
9303 232
9304 323
9305 159
9306 323
9307 232
9308 323
9309 323
9310 168
9311 323
9312 323
9313 228
9314 323
9315 159
9316 159
9317 323
9318 323
9319 159
9320 323
9321 232
9322 159
9323 168
9324 323
9325 323
9326 323
9327 323
9328 168
9329 91
9330 323
9331 232
9332 323
9333 232
9334 323
9335 168
9336 323
9337 168
9338 159
9339 323
9340 232
9341 168
9342 323
9343 168
9344 323
9345 323
9346 323
9347 323
9348 168
9349 91
9350 323
9351 323
9352 323
9353 159
9354 232
9355 323
9356 352
9357 262
9358 323
9359 168
9360 168
9361 159
9362 323
9363 323
9364 232
9365 323
9366 91
9367 323
9368 232
9369 323
9370 323
9371 323
9372 168
9373 323
9374 168
9375 168
9376 91
9377 168
9378 323
9379 159
9380 168
9381 274
9382 168
9383 323
9384 323
9385 323
9386 323
9387 168
9388 159
9389 168
9390 159
9391 323
9392 323
9393 323
9394 168
9395 159
9396 323
9397 323
9398 323
9399 91
9400 323
9401 275
9402 168
9403 323
9404 159
9405 323
9406 323
9407 168
9408 232
9409 232
9410 323
9411 323
9412 323
9413 168
9414 323
9415 323
9416 159
9417 168
9418 276
9419 277
9420 159
9421 232
9422 323
9423 168
9424 323
9425 232
9426 168
9427 159
9428 323
9429 323
9430 323
9431 232
9432 168
9433 159
9434 168
9435 323
9436 323
9437 323
9438 323
9439 91
9440 159
9441 323
9442 323
9443 323
9444 323
9445 323
9446 323
9447 91
9448 323
9449 168
9450 232
9451 323
9452 168
9453 323
9454 168
9455 323
9456 323
9457 323
9458 323
9459 232
9460 91
9461 323
9462 323
9463 168
9464 159
9465 323
9466 168
9467 323
9468 323
9469 159
9470 168
9471 323
9472 159
9473 159
9474 91
9475 232
9476 168
9477 323
9478 323
9479 311
9480 323
9481 323
9482 168
9483 168
9484 168
9485 323
9486 168
9487 168
9488 323
9489 323
9490 91
9491 323
9492 168
9493 159
9494 323
9495 323
9496 159
9497 91
9498 232
9499 323
9500 323
9501 323
9502 232
9503 168
9504 323
9505 323
9506 323
9507 323
9508 168
9509 168
9510 168
9511 323
9512 323
9513 232
9514 323
9515 159
9516 323
9517 232
9518 232
9519 232
9520 91
9521 323
9522 159
9523 159
9524 159
9525 168
9526 168
9527 323
9528 323
9529 323
9530 91
9531 168
9532 91
9533 323
9534 168
9535 323
9536 278
9537 323
9538 279
9539 159
9540 168
9541 159
9542 323
9543 323
9544 91
9545 323
9546 91
9547 280
9548 323
9549 323
9550 323
9551 232
9552 168
9553 232
9554 168
9555 159
9556 323
9557 281
9558 323
9559 91
9560 323
9561 168
9562 159
9563 323
9564 232
9565 282
9566 283
9567 168
9568 159
9569 232
9570 323
9571 232
9572 323
9573 168
9574 323
9575 159
9576 323
9577 159
9578 279
9579 168
9580 323
9581 323
9582 168
9583 159
9584 168
9585 323
9586 91
9587 323
9588 323
9589 323
9590 323
9591 323
9592 232
9593 323
9594 323
9595 323
9596 323
9597 323
9598 168
9599 168
9600 159
9601 323
9602 168
9603 284
9604 232
9605 285
9606 323
9607 323
9608 323
9609 323
9610 323
9611 323
9612 323
9613 159
9614 168
9615 323
9616 323
9617 323
9618 323
9619 168
9620 315
9621 159
9622 159
9623 232
9624 323
9625 232
9626 159
9627 232
9628 323
9629 159
9630 159
9631 323
9632 168
9633 168
9634 323
9635 232
9636 168
9637 232
9638 323
9639 323
9640 168
9641 168
9642 323
9643 190
9644 323
9645 323
9646 168
9647 232
9648 323
9649 323
9650 323
9651 159
9652 168
9653 168
9654 323
9655 323
9656 168
9657 323
9658 168
9659 159
9660 159
9661 168
9662 323
9663 159
9664 232
9665 323
9666 159
9667 168
9668 323
9669 323
9670 168
9671 91
9672 168
9673 159
9674 168
9675 323
9676 168
9677 159
9678 159
9679 323
9680 323
9681 323
9682 168
9683 168
9684 168
9685 323
9686 323
9687 323
9688 168
9689 323
9690 74
9691 323
9692 323
9693 232
9694 323
9695 168
9696 91
9697 232
9698 323
9699 168
9700 91
9701 323
9702 159
9703 323
9704 323
9705 323
9706 323
9707 323
9708 323
9709 323
9710 323
9711 91
9712 889
9713 323
9714 232
9715 323
9716 168
9717 323
9718 168
9719 323
9720 168
9721 159
9722 159
9723 323
9724 323
9725 323
9726 665
9727 159
9728 323
9729 323
9730 323
9731 323
9732 168
9733 232
9734 168
9735 168
9736 159
9737 168
9738 323
9739 323
9740 232
9741 323
9742 282
9743 168
9744 323
9745 323
9746 168
9747 288
9748 232
9749 289
9750 323
9751 323
9752 323
9753 323
9754 323
9755 159
9756 323
9757 159
9758 168
9759 323
9760 168
9761 323
9762 232
9763 323
9764 74
9765 168
9766 168
9767 232
9768 168
9769 305
9770 232
9771 323
9772 159
9773 323
9774 232
9775 168
9776 168
9777 323
9778 323
9779 291
9780 323
9781 292
9782 293
9783 159
9784 323
9785 159
9786 323
9787 323
9788 168
9789 323
9790 159
9791 323
9792 159
9793 168
9794 323
9795 323
9796 323
9797 323
9798 232
9799 168
9800 290
9801 323
9802 232
9803 232
9804 323
9805 168
9806 323
9807 232
9808 323
9809 232
9810 159
9811 323
9812 874
9813 323
9814 323
9815 323
9816 232
9817 323
9818 295
9819 323
9820 168
9821 159
9822 168
9823 168
9824 159
9825 159
9826 323
9827 323
9828 232
9829 18
9830 323
9831 323
9832 159
9833 323
9834 159
9835 232
9836 232
9837 323
9838 168
9839 168
9840 323
9841 168
9842 323
9843 323
9844 323
9845 323
9846 323
9847 159
9848 323
9849 168
9850 323
9851 323
9852 323
9853 168
9854 168
9855 323
9856 323
9857 323
9858 91
9859 323
9860 168
9861 296
9862 323
9863 159
9864 168
9865 168
9866 232
9867 323
9868 323
9869 323
9870 323
9871 323
9872 323
9873 159
9874 323
9875 159
9876 159
9877 323
9878 168
9879 168
9880 168
9881 168
9882 323
9883 232
9884 168
9885 91
9886 323
9887 323
9888 243
9889 323
9890 323
9891 232
9892 91
9893 168
9894 323
9895 297
9896 323
9897 323
9898 323
9899 168
9900 323
9901 323
9902 323
9903 323
9904 159
9905 168
9906 168
9907 168
9908 323
9909 323
9910 168
9911 323
9912 323
9913 232
9914 323
9915 159
9916 232
9917 323
9918 91
9919 168
9920 159
9921 323
9922 168
9923 323
9924 323
9925 323
9926 323
9927 232
9928 323
9929 323
9930 168
9931 323
9932 323
9933 91
9934 168
9935 159
9936 91
9937 323
9938 168
9939 302
9940 323
9941 159
9942 159
9943 323
9944 298
9945 323
9946 159
9947 168
9948 299
9949 323
9950 323
9951 168
9952 159
9953 232
9954 168
9955 688
9956 323
9957 232
9958 232
9959 159
9960 323
9961 159
9962 168
9963 232
9964 323
9965 323
9966 168
9967 282
9968 323
9969 323
9970 323
9971 323
9972 168
9973 323
9974 168
9975 323
9976 323
9977 323
9978 323
9979 323
9980 168
9981 168
9982 168
9983 323
9984 168
9985 159
9986 168
9987 323
9988 323
9989 323
9990 323
9991 323
9992 323
9993 232
9994 159
9995 232
9996 323
9997 323
9998 159
9999 91
10000 91
10001 301
10002 168
10003 232
10004 323
10005 323
10006 168
10007 168
10008 323
10009 323
10010 91
10011 323
10012 323
10013 323
10014 91
10015 323
10016 323
10017 168
10018 168
10019 168
10020 323
10021 323
10022 323
10023 168
10024 302
10025 323
10026 159
10027 168
10028 168
10029 323
10030 232
10031 159
10032 323
10033 159
10034 168
10035 323
10036 323
10037 168
10038 323
10039 323
10040 168
10041 159
10042 323
10043 323
10044 232
10045 159
10046 159
10047 232
10048 232
10049 168
10050 323
10051 323
10052 168
10053 168
10054 168
10055 323
10056 159
10057 323
10058 323
10059 159
10060 159
10061 232
10062 323
10063 168
10064 129
10065 159
10066 168
10067 323
10068 159
10069 168
10070 323
10071 168
10072 305
10073 323
10074 159
10075 323
10076 168
10077 323
10078 159
10079 303
10080 159
10081 159
10082 323
10083 323
10084 159
10085 323
10086 323
10087 159
10088 168
10089 91
10090 168
10091 159
10092 168
10093 168
10094 232
10095 168
10096 168
10097 323
10098 304
10099 323
10100 168
10101 159
10102 323
10103 323
10104 168
10105 168
10106 305
10107 323
10108 159
10109 323
10110 323
10111 323
10112 323
10113 323
10114 306
10115 307
10116 323
10117 323
10118 323
10119 323
10120 168
10121 323
10122 308
10123 323
10124 168
10125 323
10126 159
10127 168
10128 159
10129 168
10130 323
10131 309
10132 323
10133 232
10134 159
10135 323
10136 323
10137 168
10138 232
10139 323
10140 323
10141 323
10142 232
10143 168
10144 323
10145 323
10146 159
10147 168
10148 91
10149 168
10150 323
10151 323
10152 323
10153 232
10154 323
10155 168
10156 310
10157 168
10158 168
10159 159
10160 323
10161 323
10162 323
10163 168
10164 168
10165 323
10166 323
10167 323
10168 168
10169 323
10170 168
10171 323
10172 323
10173 311
10174 312
10175 159
10176 323
10177 434
10178 431
10179 159
10180 159
10181 313
10182 323
10183 168
10184 323
10185 323
10186 323
10187 323
10188 323
10189 323
10190 323
10191 168
10192 323
10193 159
10194 323
10195 168
10196 323
10197 159
10198 91
10199 323
10200 323
10201 168
10202 323
10203 323
10204 282
10205 323
10206 323
10207 168
10208 159
10209 323
10210 323
10211 323
10212 286
10213 323
10214 323
10215 168
10216 168
10217 168
10218 159
10219 323
10220 314
10221 168
10222 286
10223 168
10224 323
10225 168
10226 323
10227 232
10228 323
10229 323
10230 286
10231 159
10232 168
10233 323
10234 323
10235 323
10236 323
10237 323
10238 323
10239 232
10240 159
10241 323
10242 168
10243 159
10244 316
10245 91
10246 323
10247 323
10248 323
10249 323
10250 159
10251 323
10252 323
10253 323
10254 168
10255 323
10256 159
10257 323
10258 168
10259 168
10260 323
10261 159
10262 323
10263 168
10264 168
10265 323
10266 168
10267 323
10268 323
10269 317
10270 323
10271 323
10272 323
10273 323
10274 323
10275 159
10276 323
10277 323
10278 91
10279 168
10280 323
10281 323
10282 232
10283 323
10284 323
10285 232
10286 323
10287 323
10288 323
10289 168
10290 232
10291 168
10292 168
10293 318
10294 323
10295 159
10296 323
10297 323
10298 168
10299 91
10300 168
10301 91
10302 159
10303 323
10304 168
10305 168
10306 319
10307 323
10308 168
10309 232
10310 232
10311 168
10312 323
10313 572
10314 323
10315 232
10316 323
10317 323
10318 168
10319 320
10320 91
10321 323
10322 323
10323 323
10324 323
10325 323
10326 168
10327 323
10328 159
10329 323
10330 323
10331 323
10332 323
10333 323
10334 323
10335 323
10336 168
10337 159
10338 323
10339 232
10340 91
10341 232
10342 159
10343 323
10344 323
10345 159
10346 323
10347 323
10348 91
10349 321
10350 322
10351 168
10352 323
10353 232
10354 323
10355 168
10356 159
10357 159
10358 159
10359 168
10360 159
10361 168
10362 91
10363 159
10364 232
10365 168
10366 91
10367 168
10368 232
10369 323
10370 323
10371 232
10372 232
10373 159
10374 323
10375 323
10376 91
10377 168
10378 323
10379 159
10380 159
10381 323
10382 323
10383 168
10384 323
10385 232
10386 323
10387 159
10388 323
10389 232
10390 159
10391 323
10392 323
10393 323
10394 168
10395 323
10396 232
10397 323
10398 168
10399 168
10400 159
10401 232
10402 168
10403 168
10404 159
10405 323
10406 232
10407 168
10408 323
10409 168
10410 323
10411 323
10412 324
10413 323
10414 168
10415 168
10416 232
10417 323
10418 168
10419 323
10420 91
10421 325
10422 91
10423 323
10424 232
10425 323
10426 323
10427 323
10428 323
10429 168
10430 232
10431 232
10432 323
10433 159
10434 159
10435 159
10436 232
10437 323
10438 323
10439 159
10440 323
10441 323
10442 159
10443 232
10444 323
10445 159
10446 323
10447 159
10448 159
10449 159
10450 168
10451 323
10452 323
10453 168
10454 168
10455 323
10456 323
10457 168
10458 232
10459 91
10460 159
10461 168
10462 159
10463 326
10464 323
10465 159
10466 323
10467 159
10468 159
10469 323
10470 323
10471 232
10472 232
10473 232
10474 168
10475 323
10476 323
10477 323
10478 327
10479 232
10480 323
10481 323
10482 168
10483 323
10484 232
10485 168
10486 159
10487 168
10488 168
10489 168
10490 168
10491 159
10492 232
10493 323
10494 323
10495 323
10496 323
10497 232
10498 323
10499 323
10500 168
10501 323
10502 168
10503 323
10504 323
10505 323
10506 168
10507 323
10508 323
10509 91
10510 323
10511 159
10512 168
10513 323
10514 323
10515 159
10516 168
10517 323
10518 323
10519 323
10520 168
10521 323
10522 91
10523 323
10524 323
10525 323
10526 328
10527 323
10528 323
10529 323
10530 168
10531 232
10532 323
10533 323
10534 323
10535 323
10536 168
10537 168
10538 168
10539 168
10540 323
10541 323
10542 323
10543 323
10544 323
10545 323
10546 323
10547 323
10548 91
10549 168
10550 323
10551 323
10552 323
10553 168
10554 232
10555 168
10556 323
10557 323
10558 168
10559 159
10560 323
10561 168
10562 323
10563 323
10564 323
10565 323
10566 323
10567 323
10568 168
10569 168
10570 168
10571 168
10572 168
10573 232
10574 323
10575 91
10576 91
10577 159
10578 159
10579 168
10580 168
10581 159
10582 168
10583 323
10584 323
10585 329
10586 323
10587 323
10588 323
10589 323
10590 657
10591 323
10592 323
10593 323
10594 232
10595 91
10596 159
10597 323
10598 323
10599 323
10600 323
10601 168
10602 323
10603 159
10604 323
10605 330
10606 323
10607 232
10608 323
10609 323
10610 159
10611 323
10612 323
10613 331
10614 323
10615 232
10616 323
10617 323
10618 168
10619 323
10620 323
10621 168
10622 323
10623 168
10624 323
10625 168
10626 323
10627 323
10628 323
10629 323
10630 232
10631 168
10632 323
10633 232
10634 159
10635 168
10636 323
10637 323
10638 323
10639 168
10640 323
10641 323
10642 168
10643 323
10644 323
10645 323
10646 323
10647 323
10648 323
10649 232
10650 232
10651 337
10652 159
10653 232
10654 323
10655 323
10656 323
10657 323
10658 323
10659 323
10660 323
10661 323
10662 168
10663 91
10664 323
10665 323
10666 323
10667 159
10668 323
10669 323
10670 232
10671 168
10672 232
10673 323
10674 168
10675 159
10676 168
10677 323
10678 323
10679 168
10680 168
10681 323
10682 323
10683 91
10684 232
10685 323
10686 168
10687 323
10688 168
10689 323
10690 323
10691 323
10692 323
10693 168
10694 159
10695 168
10696 168
10697 91
10698 323
10699 232
10700 323
10701 168
10702 323
10703 168
10704 232
10705 323
10706 232
10707 323
10708 323
10709 323
10710 168
10711 159
10712 168
10713 159
10714 323
10715 323
10716 323
10717 323
10718 168
10719 159
10720 168
10721 168
10722 159
10723 323
10724 323
10725 159
10726 323
10727 323
10728 168
10729 159
10730 323
10731 323
10732 323
10733 323
10734 323
10735 168
10736 232
10737 323
10738 168
10739 232
10740 168
10741 337
10742 168
10743 323
10744 323
10745 168
10746 159
10747 323
10748 323
10749 323
10750 91
10751 323
10752 232
10753 323
10754 168
10755 323
10756 332
10757 323
10758 323
10759 168
10760 168
10761 232
10762 159
10763 232
10764 168
10765 323
10766 232
10767 232
10768 323
10769 323
10770 323
10771 168
10772 323
10773 323
10774 323
10775 323
10776 323
10777 333
10778 159
10779 334
10780 323
10781 168
10782 323
10783 323
10784 323
10785 159
10786 168
10787 232
10788 129
10789 323
10790 129
10791 323
10792 168
10793 323
10794 168
10795 232
10796 91
10797 323
10798 91
10799 232
10800 335
10801 336
10802 323
10803 159
10804 323
10805 168
10806 323
10807 323
10808 688
10809 323
10810 323
10811 168
10812 232
10813 337
10814 323
10815 168
10816 323
10817 323
10818 159
10819 323
10820 323
10821 323
10822 168
10823 168
10824 323
10825 168
10826 323
10827 168
10828 323
10829 232
10830 168
10831 91
10832 91
10833 168
10834 91
10835 323
10836 323
10837 232
10838 323
10839 168
10840 323
10841 168
10842 159
10843 323
10844 168
10845 168
10846 323
10847 232
10848 91
10849 232
10850 323
10851 323
10852 323
10853 659
10854 168
10855 159
10856 323
10857 323
10858 159
10859 323
10860 168
10861 168
10862 168
10863 168
10864 323
10865 159
10866 91
10867 323
10868 323
10869 323
10870 168
10871 168
10872 323
10873 159
10874 323
10875 323
10876 323
10877 168
10878 323
10879 323
10880 323
10881 323
10882 168
10883 168
10884 232
10885 168
10886 232
10887 323
10888 323
10889 168
10890 232
10891 159
10892 232
10893 323
10894 323
10895 323
10896 159
10897 232
10898 232
10899 327
10900 323
10901 323
10902 323
10903 323
10904 323
10905 168
10906 323
10907 159
10908 323
10909 168
10910 323
10911 323
10912 323
10913 330
10914 323
10915 168
10916 168
10917 323
10918 323
10919 323
10920 323
10921 323
10922 91
10923 168
10924 159
10925 159
10926 323
10927 323
10928 323
10929 168
10930 91
10931 323
10932 323
10933 159
10934 232
10935 338
10936 323
10937 232
10938 323
10939 323
10940 323
10941 323
10942 232
10943 232
10944 323
10945 168
10946 323
10947 323
10948 168
10949 168
10950 323
10951 168
10952 168
10953 323
10954 323
10955 323
10956 323
10957 159
10958 168
10959 168
10960 159
10961 323
10962 323
10963 159
10964 168
10965 323
10966 91
10967 159
10968 323
10969 323
10970 323
10971 159
10972 168
10973 323
10974 323
10975 323
10976 323
10977 168
10978 168
10979 323
10980 168
10981 91
10982 232
10983 159
10984 159
10985 159
10986 323
10987 323
10988 168
10989 232
10990 323
10991 323
10992 232
10993 323
10994 323
10995 323
10996 323
10997 168
10998 168
10999 323
11000 232
11001 323
11002 323
11003 323
11004 232
11005 323
11006 159
11007 323
11008 323
11009 323
11010 323
11011 323
11012 323
11013 168
11014 159
11015 323
11016 168
11017 91
11018 323
11019 323
11020 323
11021 232
11022 323
11023 232
11024 159
11025 159
11026 323
11027 339
11028 323
11029 323
11030 232
11031 323
11032 168
11033 323
11034 91
11035 323
11036 323
11037 168
11038 323
11039 168
11040 232
11041 159
11042 323
11043 323
11044 168
11045 159
11046 159
11047 323
11048 168
11049 323
11050 323
11051 323
11052 340
11053 341
11054 323
11055 323
11056 232
11057 323
11058 342
11059 168
11060 159
11061 159
11062 323
11063 343
11064 323
11065 168
11066 323
11067 344
11068 344
11069 323
11070 232
11071 323
11072 168
11073 168
11074 323
11075 232
11076 323
11077 232
11078 159
11079 323
11080 323
11081 323
11082 159
11083 345
11084 345
11085 323
11086 91
11087 323
11088 323
11089 323
11090 323
11091 159
11092 323
11093 168
11094 232
11095 346
11096 159
11097 323
11098 323
11099 323
11100 168
11101 159
11102 347
11103 323
11104 159
11105 168
11106 323
11107 168
11108 323
11109 168
11110 159
11111 323
11112 323
11113 323
11114 323
11115 168
11116 159
11117 159
11118 323
11119 159
11120 168
11121 168
11122 323
11123 168
11124 168
11125 232
11126 323
11127 168
11128 323
11129 168
11130 323
11131 323
11132 323
11133 168
11134 159
11135 232
11136 323
11137 168
11138 323
11139 323
11140 232
11141 323
11142 323
11143 323
11144 323
11145 159
11146 323
11147 323
11148 159
11149 91
11150 323
11151 323
11152 159
11153 323
11154 168
11155 323
11156 323
11157 323
11158 168
11159 348
11160 168
11161 168
11162 349
11163 323
11164 323
11165 232
11166 323
11167 323
11168 159
11169 232
11170 91
11171 323
11172 159
11173 159
11174 323
11175 323
11176 323
11177 232
11178 323
11179 168
11180 323
11181 323
11182 323
11183 323
11184 323
11185 159
11186 323
11187 323
11188 323
11189 323
11190 168
11191 168
11192 323
11193 168
11194 159
11195 323
11196 232
11197 168
11198 91
11199 323
11200 323
11201 159
11202 168
11203 159
11204 232
11205 159
11206 323
11207 232
11208 168
11209 159
11210 323
11211 323
11212 323
11213 323
11214 232
11215 323
11216 323
11217 168
11218 323
11219 168
11220 323
11221 323
11222 323
11223 323
11224 168
11225 323
11226 168
11227 323
11228 323
11229 168
11230 168
11231 159
11232 323
11233 323
11234 323
11235 159
11236 168
11237 323
11238 323
11239 323
11240 323
11241 323
11242 323
11243 344
11244 159
11245 168
11246 168
11247 323
11248 168
11249 232
11250 323
11251 168
11252 323
11253 159
11254 323
11255 323
11256 168
11257 159
11258 323
11259 159
11260 323
11261 323
11262 168
11263 323
11264 168
11265 323
11266 232
11267 323
11268 159
11269 323
11270 168
11271 323
11272 168
11273 323
11274 159
11275 91
11276 91
11277 323
11278 323
11279 159
11280 168
11281 323
11282 168
11283 323
11284 323
11285 232
11286 91
11287 168
11288 323
11289 232
11290 159
11291 91
11292 232
11293 323
11294 159
11295 168
11296 168
11297 232
11298 323
11299 323
11300 159
11301 159
11302 323
11303 323
11304 91
11305 168
11306 168
11307 323
11308 323
11309 323
11310 323
11311 323
11312 232
11313 323
11314 323
11315 323
11316 323
11317 323
11318 168
11319 91
11320 168
11321 323
11322 323
11323 323
11324 159
11325 159
11326 159
11327 168
11328 323
11329 323
11330 159
11331 232
11332 323
11333 168
11334 232
11335 168
11336 323
11337 323
11338 323
11339 323
11340 323
11341 323
11342 168
11343 91
11344 91
11345 168
11346 323
11347 168
11348 323
11349 168
11350 323
11351 168
11352 323
11353 168
11354 168
11355 168
11356 323
11357 323
11358 323
11359 232
11360 323
11361 323
11362 323
11363 168
11364 168
11365 168
11366 344
11367 323
11368 159
11369 323
11370 168
11371 159
11372 323
11373 168
11374 232
11375 323
11376 168
11377 323
11378 323
11379 323
11380 232
11381 323
11382 323
11383 323
11384 232
11385 323
11386 323
11387 323
11388 350
11389 323
11390 323
11391 232
11392 323
11393 168
11394 168
11395 323
11396 168
11397 159
11398 168
11399 159
11400 168
11401 323
11402 323
11403 168
11404 168
11405 323
11406 159
11407 232
11408 323
11409 323
11410 168
11411 168
11412 232
11413 91
11414 232
11415 159
11416 232
11417 323
11418 351
11419 323
11420 91
11421 352
11422 323
11423 323
11424 323
11425 323
11426 323
11427 323
11428 323
11429 323
11430 323
11431 168
11432 232
11433 323
11434 323
11435 323
11436 323
11437 323
11438 323
11439 232
11440 323
11441 159
11442 91
11443 168
11444 232
11445 323
11446 168
11447 323
11448 232
11449 168
11450 168
11451 323
11452 323
11453 159
11454 323
11455 168
11456 323
11457 323
11458 232
11459 353
11460 323
11461 323
11462 323
11463 323
11464 354
11465 168
11466 232
11467 323
11468 168
11469 168
11470 323
11471 323
11472 323
11473 232
11474 323
11475 168
11476 323
11477 232
11478 168
11479 168
11480 355
11481 323
11482 168
11483 323
11484 323
11485 323
11486 168
11487 159
11488 159
11489 91
11490 168
11491 323
11492 323
11493 323
11494 323
11495 168
11496 159
11497 323
11498 91
11499 323
11500 232
11501 323
11502 168
11503 323
11504 232
11505 323
11506 323
11507 323
11508 232
11509 168
11510 323
11511 323
11512 323
11513 323
11514 232
11515 168
11516 168
11517 129
11518 168
11519 159
11520 323
11521 323
11522 159
11523 159
11524 323
11525 323
11526 168
11527 323
11528 323
11529 323
11530 323
11531 168
11532 91
11533 129
11534 232
11535 323
11536 168
11537 323
11538 323
11539 159
11540 323
11541 323
11542 168
11543 323
11544 323
11545 168
11546 91
11547 159
11548 323
11549 323
11550 168
11551 168
11552 159
11553 168
11554 159
11555 168
11556 168
11557 323
11558 168
11559 323
11560 159
11561 323
11562 323
11563 323
11564 232
11565 91
11566 323
11567 323
11568 323
11569 168
11570 323
11571 323
11572 323
11573 323
11574 168
11575 520
11576 168
11577 323
11578 323
11579 323
11580 323
11581 323
11582 323
11583 159
11584 323
11585 323
11586 323
11587 323
11588 168
11589 323
11590 323
11591 323
11592 323
11593 168
11594 323
11595 323
11596 323
11597 323
11598 323
11599 323
11600 323
11601 323
11602 323
11603 323
11604 323
11605 323
11606 323
11607 323
11608 168
11609 454
11610 168
11611 323
11612 323
11613 232
11614 323
11615 168
11616 168
11617 323
11618 323
11619 356
11620 323
11621 323
11622 323
11623 357
11624 323
11625 232
11626 232
11627 91
11628 323
11629 232
11630 357
11631 159
11632 323
11633 168
11634 323
11635 168
11636 91
11637 323
11638 361
11639 323
11640 168
11641 323
11642 359
11643 232
11644 91
11645 168
11646 360
11647 323
11648 168
11649 323
11650 323
11651 232
11652 323
11653 358
11654 323
11655 323
11656 232
11657 168
11658 323
11659 91
11660 168
11661 168
11662 323
11663 232
11664 91
11665 91
11666 232
11667 168
11668 168
11669 357
11670 168
11671 323
11672 323
11673 323
11674 323
11675 159
11676 323
11677 323
11678 168
11679 159
11680 323
11681 323
11682 323
11683 323
11684 232
11685 91
11686 168
11687 362
11688 168
11689 323
11690 91
11691 323
11692 159
11693 232
11694 323
11695 323
11696 159
11697 323
11698 168
11699 323
11700 168
11701 168
11702 168
11703 159
11704 159
11705 159
11706 323
11707 323
11708 168
11709 323
11710 168
11711 323
11712 91
11713 159
11714 323
11715 323
11716 323
11717 323
11718 168
11719 159
11720 168
11721 323
11722 323
11723 323
11724 168
11725 168
11726 168
11727 323
11728 168
11729 159
11730 168
11731 168
11732 168
11733 323
11734 168
11735 91
11736 323
11737 737
11738 323
11739 323
11740 323
11741 168
11742 232
11743 159
11744 168
11745 129
11746 323
11747 323
11748 323
11749 323
11750 168
11751 323
11752 323
11753 323
11754 323
11755 168
11756 168
11757 159
11758 168
11759 323
11760 168
11761 323
11762 323
11763 159
11764 323
11765 168
11766 323
11767 323
11768 91
11769 168
11770 323
11771 323
11772 323
11773 323
11774 323
11775 168
11776 168
11777 364
11778 365
11779 323
11780 323
11781 363
11782 323
11783 159
11784 323
11785 323
11786 366
11787 168
11788 232
11789 168
11790 323
11791 168
11792 323
11793 323
11794 323
11795 323
11796 232
11797 323
11798 367
11799 91
11800 323
11801 168
11802 323
11803 323
11804 323
11805 168
11806 168
11807 159
11808 323
11809 323
11810 232
11811 168
11812 323
11813 232
11814 168
11815 159
11816 323
11817 323
11818 323
11819 323
11820 323
11821 168
11822 323
11823 323
11824 159
11825 159
11826 168
11827 323
11828 232
11829 168
11830 323
11831 323
11832 323
11833 448
11834 323
11835 168
11836 168
11837 168
11838 323
11839 168
11840 168
11841 323
11842 168
11843 168
11844 323
11845 323
11846 168
11847 323
11848 323
11849 168
11850 323
11851 323
11852 91
11853 91
11854 168
11855 168
11856 91
11857 323
11858 323
11859 323
11860 168
11861 168
11862 323
11863 232
11864 323
11865 337
11866 168
11867 323
11868 323
11869 323
11870 168
11871 323
11872 232
11873 168
11874 323
11875 232
11876 323
11877 323
11878 129
11879 323
11880 168
11881 232
11882 168
11883 323
11884 323
11885 323
11886 159
11887 168
11888 323
11889 168
11890 91
11891 159
11892 159
11893 323
11894 323
11895 323
11896 168
11897 323
11898 323
11899 323
11900 168
11901 323
11902 323
11903 323
11904 323
11905 323
11906 323
11907 323
11908 323
11909 323
11910 91
11911 323
11912 323
11913 323
11914 323
11915 323
11916 369
11917 168
11918 159
11919 232
11920 168
11921 323
11922 159
11923 323
11924 323
11925 323
11926 232
11927 168
11928 159
11929 323
11930 232
11931 168
11932 232
11933 159
11934 323
11935 168
11936 323
11937 323
11938 168
11939 168
11940 168
11941 323
11942 323
11943 323
11944 168
11945 323
11946 168
11947 159
11948 323
11949 323
11950 189
11951 159
11952 323
11953 168
11954 323
11955 323
11956 323
11957 232
11958 168
11959 323
11960 323
11961 323
11962 168
11963 323
11964 159
11965 159
11966 323
11967 168
11968 232
11969 323
11970 91
11971 168
11972 323
11973 159
11974 323
11975 168
11976 323
11977 323
11978 168
11979 323
11980 323
11981 323
11982 323
11983 323
11984 159
11985 323
11986 159
11987 323
11988 159
11989 159
11990 323
11991 159
11992 370
11993 323
11994 91
11995 323
11996 323
11997 232
11998 323
11999 323
12000 232
12001 168
12002 232
12003 371
12004 323
12005 323
12006 168
12007 323
12008 372
12009 323
12010 323
12011 323
12012 323
12013 232
12014 373
12015 323
12016 168
12017 323
12018 168
12019 323
12020 168
12021 168
12022 323
12023 323
12024 323
12025 323
12026 168
12027 323
12028 323
12029 159
12030 323
12031 232
12032 323
12033 159
12034 374
12035 323
12036 159
12037 168
12038 323
12039 159
12040 323
12041 168
12042 323
12043 232
12044 168
12045 168
12046 323
12047 168
12048 168
12049 232
12050 323
12051 168
12052 91
12053 323
12054 323
12055 323
12056 323
12057 323
12058 232
12059 168
12060 323
12061 168
12062 323
12063 159
12064 323
12065 168
12066 323
12067 323
12068 323
12069 232
12070 323
12071 168
12072 323
12073 168
12074 91
12075 323
12076 323
12077 168
12078 323
12079 323
12080 323
12081 323
12082 168
12083 91
12084 215
12085 323
12086 323
12087 232
12088 323
12089 168
12090 323
12091 168
12092 323
12093 168
12094 323
12095 232
12096 323
12097 168
12098 168
12099 323
12100 168
12101 375
12102 168
12103 323
12104 91
12105 323
12106 232
12107 159
12108 168
12109 232
12110 91
12111 323
12112 323
12113 168
12114 159
12115 323
12116 91
12117 232
12118 323
12119 323
12120 323
12121 323
12122 159
12123 168
12124 323
12125 323
12126 323
12127 323
12128 323
12129 323
12130 168
12131 376
12132 232
12133 232
12134 168
12135 377
12136 323
12137 168
12138 168
12139 168
12140 168
12141 232
12142 323
12143 323
12144 232
12145 323
12146 323
12147 323
12148 323
12149 168
12150 323
12151 323
12152 159
12153 323
12154 323
12155 323
12156 168
12157 168
12158 232
12159 168
12160 323
12161 168
12162 323
12163 323
12164 159
12165 159
12166 323
12167 159
12168 378
12169 323
12170 159
12171 168
12172 168
12173 159
12174 323
12175 323
12176 323
12177 323
12178 168
12179 323
12180 782
12181 323
12182 168
12183 323
12184 159
12185 159
12186 323
12187 323
12188 91
12189 168
12190 168
12191 323
12192 323
12193 323
12194 323
12195 323
12196 270
12197 323
12198 168
12199 323
12200 323
12201 323
12202 232
12203 323
12204 232
12205 323
12206 323
12207 323
12208 379
12209 168
12210 323
12211 323
12212 159
12213 168
12214 323
12215 323
12216 337
12217 168
12218 232
12219 323
12220 159
12221 168
12222 159
12223 91
12224 323
12225 323
12226 168
12227 159
12228 323
12229 323
12230 323
12231 323
12232 232
12233 323
12234 232
12235 323
12236 323
12237 168
12238 232
12239 323
12240 232
12241 168
12242 380
12243 168
12244 168
12245 323
12246 168
12247 323
12248 323
12249 323
12250 323
12251 91
12252 168
12253 168
12254 232
12255 168
12256 323
12257 168
12258 323
12259 91
12260 323
12261 159
12262 323
12263 323
12264 232
12265 323
12266 168
12267 159
12268 323
12269 168
12270 232
12271 323
12272 323
12273 168
12274 323
12275 232
12276 323
12277 323
12278 323
12279 323
12280 232
12281 168
12282 323
12283 168
12284 323
12285 168
12286 168
12287 379
12288 323
12289 159
12290 323
12291 323
12292 323
12293 232
12294 168
12295 168
12296 232
12297 323
12298 323
12299 323
12300 168
12301 323
12302 232
12303 168
12304 323
12305 323
12306 232
12307 168
12308 159
12309 91
12310 323
12311 323
12312 159
12313 159
12314 323
12315 323
12316 168
12317 159
12318 168
12319 323
12320 168
12321 323
12322 232
12323 232
12324 232
12325 323
12326 323
12327 323
12328 159
12329 168
12330 159
12331 168
12332 323
12333 323
12334 323
12335 323
12336 323
12337 323
12338 323
12339 159
12340 806
12341 168
12342 323
12343 323
12344 168
12345 232
12346 381
12347 232
12348 168
12349 168
12350 232
12351 168
12352 323
12353 168
12354 232
12355 323
12356 168
12357 168
12358 323
12359 232
12360 323
12361 323
12362 323
12363 168
12364 323
12365 91
12366 323
12367 323
12368 323
12369 168
12370 323
12371 323
12372 323
12373 91
12374 168
12375 323
12376 323
12377 159
12378 168
12379 323
12380 323
12381 168
12382 168
12383 323
12384 323
12385 159
12386 323
12387 159
12388 323
12389 323
12390 323
12391 382
12392 168
12393 323
12394 232
12395 168
12396 323
12397 159
12398 383
12399 168
12400 323
12401 323
12402 168
12403 323
12404 384
12405 232
12406 323
12407 168
12408 323
12409 323
12410 55
12411 168
12412 323
12413 159
12414 323
12415 168
12416 323
12417 323
12418 323
12419 232
12420 91
12421 323
12422 129
12423 232
12424 323
12425 168
12426 323
12427 168
12428 323
12429 168
12430 168
12431 323
12432 159
12433 159
12434 159
12435 168
12436 323
12437 323
12438 323
12439 129
12440 323
12441 232
12442 385
12443 323
12444 323
12445 323
12446 168
12447 168
12448 323
12449 168
12450 323
12451 168
12452 168
12453 386
12454 323
12455 159
12456 232
12457 159
12458 168
12459 232
12460 168
12461 323
12462 323
12463 323
12464 168
12465 323
12466 323
12467 168
12468 91
12469 323
12470 159
12471 168
12472 323
12473 168
12474 323
12475 323
12476 232
12477 323
12478 232
12479 323
12480 323
12481 159
12482 323
12483 323
12484 232
12485 695
12486 232
12487 323
12488 323
12489 323
12490 323
12491 168
12492 323
12493 232
12494 168
12495 91
12496 323
12497 173
12498 323
12499 323
12500 323
12501 168
12502 323
12503 323
12504 232
12505 323
12506 323
12507 168
12508 323
12509 323
12510 323
12511 168
12512 91
12513 168
12514 358
12515 323
12516 323
12517 168
12518 323
12519 323
12520 387
12521 323
12522 159
12523 323
12524 323
12525 323
12526 159
12527 323
12528 168
12529 91
12530 168
12531 159
12532 168
12533 323
12534 232
12535 168
12536 323
12537 232
12538 159
12539 168
12540 323
12541 323
12542 159
12543 323
12544 232
12545 168
12546 323
12547 168
12548 232
12549 388
12550 323
12551 389
12552 323
12553 323
12554 91
12555 159
12556 323
12557 323
12558 168
12559 323
12560 168
12561 323
12562 232
12563 323
12564 232
12565 323
12566 232
12567 323
12568 323
12569 323
12570 159
12571 159
12572 91
12573 323
12574 91
12575 323
12576 323
12577 168
12578 323
12579 323
12580 323
12581 323
12582 323
12583 323
12584 323
12585 168
12586 168
12587 168
12588 232
12589 91
12590 323
12591 232
12592 168
12593 232
12594 323
12595 323
12596 232
12597 323
12598 168
12599 323
12600 129
12601 168
12602 323
12603 323
12604 323
12605 168
12606 323
12607 323
12608 232
12609 168
12610 168
12611 168
12612 323
12613 232
12614 168
12615 159
12616 323
12617 282
12618 323
12619 168
12620 168
12621 159
12622 168
12623 323
12624 323
12625 232
12626 323
12627 159
12628 323
12629 323
12630 323
12631 323
12632 323
12633 323
12634 323
12635 323
12636 323
12637 323
12638 323
12639 323
12640 323
12641 232
12642 323
12643 168
12644 168
12645 323
12646 159
12647 129
12648 323
12649 323
12650 91
12651 168
12652 168
12653 168
12654 323
12655 159
12656 323
12657 159
12658 168
12659 323
12660 159
12661 390
12662 391
12663 232
12664 323
12665 323
12666 323
12667 168
12668 323
12669 323
12670 168
12671 323
12672 232
12673 323
12674 91
12675 323
12676 159
12677 323
12678 323
12679 323
12680 323
12681 159
12682 323
12683 168
12684 168
12685 232
12686 323
12687 323
12688 232
12689 159
12690 323
12691 323
12692 168
12693 159
12694 168
12695 392
12696 323
12697 159
12698 323
12699 168
12700 323
12701 323
12702 168
12703 393
12704 168
12705 168
12706 394
12707 323
12708 168
12709 232
12710 323
12711 323
12712 323
12713 168
12714 323
12715 323
12716 323
12717 168
12718 323
12719 323
12720 168
12721 168
12722 323
12723 323
12724 323
12725 323
12726 323
12727 323
12728 232
12729 323
12730 323
12731 159
12732 323
12733 168
12734 159
12735 168
12736 323
12737 323
12738 168
12739 168
12740 323
12741 168
12742 168
12743 168
12744 323
12745 168
12746 232
12747 168
12748 232
12749 323
12750 168
12751 323
12752 323
12753 159
12754 159
12755 168
12756 323
12757 323
12758 323
12759 168
12760 323
12761 232
12762 168
12763 323
12764 159
12765 323
12766 232
12767 168
12768 232
12769 323
12770 168
12771 323
12772 323
12773 323
12774 323
12775 323
12776 323
12777 323
12778 159
12779 232
12780 168
12781 159
12782 323
12783 323
12784 168
12785 323
12786 323
12787 323
12788 129
12789 323
12790 168
12791 323
12792 323
12793 323
12794 168
12795 323
12796 323
12797 323
12798 159
12799 323
12800 232
12801 323
12802 323
12803 232
12804 323
12805 168
12806 232
12807 395
12808 168
12809 386
12810 323
12811 168
12812 323
12813 232
12814 168
12815 168
12816 323
12817 323
12818 323
12819 323
12820 232
12821 323
12822 232
12823 323
12824 323
12825 323
12826 323
12827 168
12828 323
12829 323
12830 323
12831 168
12832 323
12833 159
12834 323
12835 323
12836 323
12837 232
12838 323
12839 396
12840 168
12841 232
12842 168
12843 168
12844 397
12845 168
12846 323
12847 323
12848 168
12849 232
12850 397
12851 323
12852 323
12853 232
12854 232
12855 168
12856 323
12857 129
12858 323
12859 323
12860 323
12861 168
12862 168
12863 323
12864 323
12865 323
12866 323
12867 232
12868 168
12869 323
12870 168
12871 168
12872 232
12873 323
12874 168
12875 323
12876 159
12877 323
12878 168
12879 232
12880 159
12881 232
12882 323
12883 168
12884 323
12885 323
12886 168
12887 398
12888 232
12889 159
12890 232
12891 91
12892 323
12893 168
12894 232
12895 323
12896 168
12897 168
12898 168
12899 168
12900 323
12901 168
12902 232
12903 168
12904 232
12905 323
12906 323
12907 323
12908 168
12909 323
12910 168
12911 232
12912 323
12913 159
12914 159
12915 159
12916 168
12917 168
12918 323
12919 232
12920 168
12921 232
12922 91
12923 91
12924 323
12925 168
12926 323
12927 232
12928 232
12929 323
12930 323
12931 323
12932 159
12933 323
12934 323
12935 323
12936 168
12937 323
12938 323
12939 323
12940 323
12941 232
12942 168
12943 323
12944 168
12945 323
12946 129
12947 159
12948 323
12949 168
12950 168
12951 323
12952 323
12953 323
12954 232
12955 168
12956 168
12957 232
12958 168
12959 323
12960 323
12961 323
12962 399
12963 168
12964 323
12965 232
12966 323
12967 159
12968 323
12969 168
12970 91
12971 323
12972 323
12973 232
12974 323
12975 323
12976 232
12977 232
12978 323
12979 323
12980 323
12981 323
12982 159
12983 323
12984 159
12985 323
12986 323
12987 323
12988 232
12989 159
12990 159
12991 168
12992 168
12993 323
12994 168
12995 400
12996 323
12997 401
12998 168
12999 323
13000 323
13001 277
13002 323
13003 232
13004 168
13005 323
13006 232
13007 323
13008 159
13009 232
13010 323
13011 323
13012 323
13013 168
13014 159
13015 40
13016 168
13017 323
13018 323
13019 323
13020 323
13021 323
13022 232
13023 402
13024 159
13025 323
13026 403
13027 323
13028 323
13029 168
13030 323
13031 323
13032 323
13033 323
13034 405
13035 159
13036 323
13037 232
13038 168
13039 323
13040 323
13041 168
13042 232
13043 91
13044 406
13045 407
13046 168
13047 323
13048 323
13049 323
13050 168
13051 323
13052 159
13053 323
13054 232
13055 323
13056 323
13057 405
13058 168
13059 159
13060 323
13061 168
13062 323
13063 232
13064 159
13065 168
13066 323
13067 323
13068 168
13069 323
13070 323
13071 323
13072 323
13073 323
13074 323
13075 232
13076 323
13077 408
13078 323
13079 409
13080 323
13081 323
13082 323
13083 323
13084 323
13085 323
13086 323
13087 159
13088 323
13089 323
13090 323
13091 323
13092 173
13093 323
13094 159
13095 323
13096 410
13097 323
13098 159
13099 168
13100 168
13101 323
13102 323
13103 323
13104 168
13105 159
13106 323
13107 168
13108 168
13109 323
13110 168
13111 369
13112 168
13113 323
13114 323
13115 323
13116 91
13117 129
13118 323
13119 168
13120 91
13121 323
13122 91
13123 91
13124 168
13125 323
13126 323
13127 323
13128 159
13129 159
13130 91
13131 323
13132 168
13133 232
13134 323
13135 168
13136 323
13137 323
13138 323
13139 168
13140 323
13141 323
13142 159
13143 323
13144 323
13145 323
13146 323
13147 232
13148 323
13149 323
13150 323
13151 411
13152 323
13153 232
13154 168
13155 323
13156 168
13157 323
13158 168
13159 168
13160 168
13161 168
13162 323
13163 323
13164 323
13165 323
13166 323
13167 323
13168 323
13169 168
13170 168
13171 323
13172 323
13173 168
13174 232
13175 323
13176 232
13177 168
13178 168
13179 323
13180 323
13181 232
13182 323
13183 323
13184 323
13185 323
13186 129
13187 232
13188 412
13189 323
13190 232
13191 323
13192 168
13193 168
13194 323
13195 323
13196 323
13197 323
13198 159
13199 323
13200 323
13201 416
13202 413
13203 414
13204 323
13205 323
13206 232
13207 159
13208 323
13209 232
13210 415
13211 159
13212 416
13213 168
13214 168
13215 323
13216 323
13217 159
13218 168
13219 404
13220 323
13221 168
13222 168
13223 168
13224 323
13225 323
13226 168
13227 232
13228 168
13229 323
13230 168
13231 168
13232 168
13233 323
13234 323
13235 168
13236 323
13237 323
13238 232
13239 323
13240 323
13241 323
13242 417
13243 168
13244 168
13245 168
13246 91
13247 323
13248 323
13249 323
13250 323
13251 323
13252 323
13253 323
13254 323
13255 323
13256 323
13257 168
13258 323
13259 159
13260 323
13261 323
13262 168
13263 323
13264 323
13265 168
13266 168
13267 323
13268 323
13269 323
13270 168
13271 168
13272 323
13273 323
13274 323
13275 323
13276 323
13277 232
13278 168
13279 323
13280 168
13281 323
13282 323
13283 418
13284 159
13285 159
13286 323
13287 159
13288 168
13289 168
13290 323
13291 323
13292 168
13293 323
13294 323
13295 232
13296 168
13297 168
13298 323
13299 323
13300 323
13301 168
13302 129
13303 168
13304 159
13305 168
13306 323
13307 323
13308 323
13309 323
13310 232
13311 168
13312 232
13313 323
13314 168
13315 323
13316 323
13317 168
13318 168
13319 323
13320 323
13321 232
13322 168
13323 323
13324 323
13325 323
13326 232
13327 168
13328 168
13329 168
13330 168
13331 323
13332 323
13333 323
13334 323
13335 323
13336 159
13337 323
13338 323
13339 168
13340 159
13341 232
13342 159
13343 91
13344 323
13345 91
13346 168
13347 323
13348 323
13349 159
13350 323
13351 323
13352 232
13353 323
13354 168
13355 168
13356 323
13357 159
13358 323
13359 168
13360 159
13361 159
13362 168
13363 323
13364 323
13365 323
13366 323
13367 323
13368 323
13369 159
13370 323
13371 323
13372 323
13373 323
13374 323
13375 168
13376 159
13377 323
13378 168
13379 168
13380 323
13381 404
13382 232
13383 323
13384 323
13385 168
13386 323
13387 168
13388 168
13389 323
13390 323
13391 323
13392 159
13393 232
13394 323
13395 323
13396 323
13397 323
13398 323
13399 323
13400 232
13401 323
13402 323
13403 232
13404 323
13405 323
13406 323
13407 323
13408 168
13409 323
13410 323
13411 323
13412 168
13413 168
13414 323
13415 323
13416 323
13417 323
13418 168
13419 168
13420 323
13421 323
13422 323
13423 323
13424 168
13425 323
13426 168
13427 168
13428 168
13429 168
13430 323
13431 323
13432 323
13433 232
13434 323
13435 323
13436 323
13437 168
13438 323
13439 323
13440 323
13441 323
13442 159
13443 323
13444 168
13445 168
13446 323
13447 323
13448 168
13449 168
13450 323
13451 168
13452 159
13453 323
13454 232
13455 323
13456 323
13457 91
13458 323
13459 323
13460 323
13461 168
13462 323
13463 323
13464 91
13465 323
13466 323
13467 159
13468 323
13469 168
13470 232
13471 232
13472 168
13473 323
13474 168
13475 232
13476 323
13477 323
13478 168
13479 168
13480 323
13481 129
13482 232
13483 168
13484 168
13485 323
13486 168
13487 168
13488 232
13489 159
13490 323
13491 168
13492 168
13493 323
13494 168
13495 168
13496 323
13497 323
13498 232
13499 168
13500 323
13501 159
13502 159
13503 168
13504 323
13505 159
13506 323
13507 232
13508 159
13509 323
13510 168
13511 323
13512 323
13513 323
13514 323
13515 323
13516 168
13517 168
13518 168
13519 323
13520 323
13521 168
13522 323
13523 159
13524 323
13525 323
13526 420
13527 323
13528 323
13529 323
13530 323
13531 232
13532 323
13533 323
13534 323
13535 323
13536 323
13537 168
13538 323
13539 159
13540 232
13541 168
13542 168
13543 168
13544 323
13545 323
13546 168
13547 159
13548 323
13549 323
13550 159
13551 323
13552 168
13553 323
13554 159
13555 168
13556 421
13557 323
13558 129
13559 323
13560 323
13561 323
13562 323
13563 323
13564 323
13565 323
13566 168
13567 323
13568 232
13569 323
13570 232
13571 323
13572 168
13573 323
13574 323
13575 323
13576 323
13577 168
13578 232
13579 883
13580 323
13581 323
13582 168
13583 323
13584 168
13585 323
13586 323
13587 323
13588 323
13589 323
13590 323
13591 323
13592 323
13593 168
13594 323
13595 232
13596 159
13597 323
13598 232
13599 168
13600 232
13601 168
13602 323
13603 323
13604 511
13605 168
13606 323
13607 168
13608 323
13609 232
13610 232
13611 323
13612 323
13613 168
13614 232
13615 323
13616 323
13617 323
13618 168
13619 159
13620 168
13621 159
13622 168
13623 159
13624 422
13625 168
13626 323
13627 323
13628 323
13629 168
13630 323
13631 159
13632 91
13633 168
13634 323
13635 168
13636 323
13637 323
13638 323
13639 323
13640 168
13641 168
13642 168
13643 168
13644 323
13645 323
13646 168
13647 323
13648 323
13649 323
13650 168
13651 168
13652 323
13653 159
13654 159
13655 159
13656 323
13657 236
13658 423
13659 323
13660 323
13661 129
13662 168
13663 168
13664 323
13665 168
13666 168
13667 159
13668 323
13669 323
13670 168
13671 168
13672 323
13673 323
13674 232
13675 168
13676 232
13677 232
13678 323
13679 159
13680 424
13681 425
13682 159
13683 323
13684 159
13685 323
13686 323
13687 426
13688 323
13689 323
13690 232
13691 323
13692 168
13693 159
13694 168
13695 323
13696 168
13697 232
13698 168
13699 323
13700 159
13701 159
13702 323
13703 323
13704 159
13705 323
13706 323
13707 323
13708 232
13709 168
13710 323
13711 323
13712 323
13713 323
13714 232
13715 159
13716 323
13717 168
13718 323
13719 91
13720 323
13721 323
13722 323
13723 323
13724 323
13725 232
13726 168
13727 91
13728 159
13729 323
13730 323
13731 323
13732 323
13733 323
13734 129
13735 323
13736 232
13737 323
13738 323
13739 159
13740 168
13741 168
13742 168
13743 159
13744 168
13745 323
13746 168
13747 232
13748 232
13749 323
13750 323
13751 168
13752 232
13753 168
13754 323
13755 323
13756 168
13757 159
13758 168
13759 159
13760 323
13761 323
13762 323
13763 159
13764 323
13765 323
13766 168
13767 323
13768 323
13769 168
13770 323
13771 159
13772 168
13773 323
13774 168
13775 168
13776 323
13777 323
13778 159
13779 323
13780 91
13781 232
13782 323
13783 323
13784 159
13785 323
13786 168
13787 168
13788 427
13789 323
13790 168
13791 323
13792 159
13793 323
13794 323
13795 323
13796 168
13797 159
13798 168
13799 428
13800 323
13801 323
13802 91
13803 323
13804 168
13805 323
13806 159
13807 168
13808 168
13809 168
13810 323
13811 323
13812 323
13813 232
13814 232
13815 323
13816 168
13817 159
13818 168
13819 168
13820 168
13821 323
13822 168
13823 232
13824 323
13825 323
13826 168
13827 159
13828 323
13829 323
13830 323
13831 232
13832 159
13833 323
13834 168
13835 323
13836 323
13837 168
13838 168
13839 323
13840 429
13841 323
13842 323
13843 323
13844 168
13845 323
13846 168
13847 168
13848 323
13849 323
13850 323
13851 168
13852 159
13853 323
13854 159
13855 168
13856 323
13857 430
13858 91
13859 168
13860 323
13861 323
13862 323
13863 323
13864 168
13865 323
13866 168
13867 168
13868 232
13869 323
13870 644
13871 323
13872 232
13873 323
13874 323
13875 323
13876 168
13877 232
13878 323
13879 168
13880 168
13881 323
13882 232
13883 159
13884 159
13885 159
13886 159
13887 168
13888 323
13889 159
13890 159
13891 159
13892 323
13893 232
13894 232
13895 323
13896 168
13897 323
13898 168
13899 323
13900 159
13901 159
13902 232
13903 159
13904 323
13905 168
13906 168
13907 323
13908 168
13909 232
13910 323
13911 323
13912 323
13913 323
13914 323
13915 168
13916 323
13917 168
13918 431
13919 168
13920 323
13921 323
13922 323
13923 323
13924 323
13925 323
13926 323
13927 168
13928 168
13929 323
13930 323
13931 91
13932 91
13933 432
13934 323
13935 168
13936 323
13937 323
13938 159
13939 168
13940 323
13941 168
13942 168
13943 159
13944 323
13945 323
13946 168
13947 323
13948 323
13949 323
13950 323
13951 323
13952 421
13953 232
13954 232
13955 159
13956 323
13957 168
13958 323
13959 232
13960 323
13961 159
13962 323
13963 232
13964 168
13965 232
13966 323
13967 323
13968 323
13969 323
13970 323
13971 323
13972 168
13973 159
13974 159
13975 323
13976 91
13977 168
13978 323
13979 168
13980 232
13981 91
13982 323
13983 323
13984 323
13985 323
13986 232
13987 323
13988 323
13989 323
13990 323
13991 323
13992 232
13993 323
13994 323
13995 323
13996 159
13997 159
13998 323
13999 168
14000 323
14001 168
14002 323
14003 323
14004 323
14005 323
14006 323
14007 323
14008 323
14009 323
14010 232
14011 232
14012 232
14013 433
14014 323
14015 168
14016 323
14017 323
14018 323
14019 323
14020 159
14021 159
14022 168
14023 323
14024 168
14025 168
14026 323
14027 323
14028 232
14029 323
14030 323
14031 323
14032 323
14033 232
14034 323
14035 784
14036 232
14037 168
14038 323
14039 232
14040 91
14041 323
14042 168
14043 323
14044 168
14045 323
14046 159
14047 323
14048 323
14049 323
14050 323
14051 159
14052 323
14053 323
14054 168
14055 159
14056 323
14057 168
14058 323
14059 159
14060 159
14061 323
14062 323
14063 323
14064 323
14065 232
14066 323
14067 168
14068 91
14069 168
14070 323
14071 232
14072 168
14073 323
14074 323
14075 323
14076 323
14077 168
14078 168
14079 232
14080 168
14081 323
14082 323
14083 159
14084 323
14085 168
14086 323
14087 323
14088 323
14089 232
14090 323
14091 323
14092 323
14093 323
14094 323
14095 168
14096 323
14097 159
14098 168
14099 323
14100 159
14101 323
14102 323
14103 159
14104 323
14105 168
14106 159
14107 434
14108 323
14109 168
14110 323
14111 323
14112 323
14113 323
14114 323
14115 323
14116 168
14117 159
14118 159
14119 232
14120 168
14121 323
14122 232
14123 323
14124 323
14125 168
14126 323
14127 323
14128 323
14129 159
14130 323
14131 323
14132 323
14133 323
14134 168
14135 435
14136 168
14137 323
14138 323
14139 168
14140 742
14141 323
14142 323
14143 436
14144 437
14145 323
14146 323
14147 323
14148 323
14149 438
14150 439
14151 168
14152 440
14153 323
14154 441
14155 168
14156 323
14157 232
14158 323
14159 323
14160 168
14161 159
14162 168
14163 323
14164 323
14165 168
14166 168
14167 323
14168 323
14169 168
14170 168
14171 323
14172 159
14173 323
14174 323
14175 159
14176 159
14177 323
14178 323
14179 159
14180 323
14181 323
14182 323
14183 168
14184 323
14185 232
14186 323
14187 168
14188 323
14189 442
14190 323
14191 323
14192 91
14193 159
14194 323
14195 232
14196 323
14197 323
14198 323
14199 323
14200 168
14201 323
14202 323
14203 323
14204 323
14205 323
14206 323
14207 323
14208 323
14209 168
14210 323
14211 323
14212 323
14213 323
14214 168
14215 323
14216 323
14217 232
14218 323
14219 168
14220 323
14221 323
14222 323
14223 323
14224 323
14225 323
14226 232
14227 168
14228 168
14229 323
14230 232
14231 323
14232 323
14233 323
14234 323
14235 323
14236 168
14237 443
14238 323
14239 323
14240 168
14241 323
14242 323
14243 168
14244 91
14245 444
14246 168
14247 232
14248 168
14249 472
14250 232
14251 323
14252 168
14253 91
14254 159
14255 323
14256 323
14257 323
14258 323
14259 91
14260 323
14261 323
14262 129
14263 323
14264 168
14265 232
14266 323
14267 323
14268 159
14269 323
14270 168
14271 168
14272 323
14273 323
14274 323
14275 323
14276 323
14277 323
14278 159
14279 323
14280 232
14281 232
14282 323
14283 323
14284 323
14285 323
14286 159
14287 323
14288 91
14289 323
14290 445
14291 159
14292 323
14293 159
14294 323
14295 323
14296 168
14297 168
14298 323
14299 323
14300 168
14301 159
14302 232
14303 159
14304 168
14305 446
14306 323
14307 168
14308 323
14309 232
14310 168
14311 168
14312 323
14313 159
14314 168
14315 168
14316 159
14317 168
14318 323
14319 323
14320 168
14321 159
14322 323
14323 168
14324 159
14325 159
14326 232
14327 91
14328 159
14329 323
14330 19
14331 323
14332 159
14333 168
14334 421
14335 323
14336 168
14337 323
14338 323
14339 323
14340 323
14341 323
14342 323
14343 159
14344 168
14345 323
14346 323
14347 323
14348 323
14349 168
14350 168
14351 168
14352 232
14353 323
14354 168
14355 168
14356 168
14357 232
14358 168
14359 323
14360 168
14361 447
14362 232
14363 323
14364 323
14365 168
14366 323
14367 232
14368 168
14369 232
14370 323
14371 323
14372 168
14373 168
14374 91
14375 232
14376 168
14377 91
14378 168
14379 168
14380 168
14381 168
14382 323
14383 323
14384 323
14385 323
14386 323
14387 232
14388 168
14389 323
14390 168
14391 232
14392 168
14393 168
14394 323
14395 323
14396 323
14397 323
14398 159
14399 129
14400 323
14401 323
14402 323
14403 232
14404 232
14405 323
14406 323
14407 159
14408 323
14409 323
14410 323
14411 168
14412 323
14413 323
14414 323
14415 168
14416 168
14417 323
14418 323
14419 168
14420 159
14421 323
14422 323
14423 323
14424 323
14425 159
14426 323
14427 323
14428 168
14429 448
14430 168
14431 168
14432 323
14433 323
14434 91
14435 159
14436 323
14437 323
14438 168
14439 232
14440 159
14441 323
14442 323
14443 323
14444 168
14445 168
14446 323
14447 91
14448 323
14449 323
14450 159
14451 323
14452 323
14453 449
14454 50
14455 323
14456 323
14457 91
14458 91
14459 323
14460 323
14461 323
14462 323
14463 448
14464 323
14465 168
14466 323
14467 168
14468 168
14469 168
14470 323
14471 168
14472 323
14473 232
14474 323
14475 323
14476 323
14477 159
14478 323
14479 323
14480 323
14481 450
14482 168
14483 323
14484 168
14485 323
14486 323
14487 323
14488 232
14489 168
14490 232
14491 323
14492 323
14493 323
14494 323
14495 168
14496 323
14497 323
14498 323
14499 323
14500 323
14501 232
14502 232
14503 168
14504 168
14505 168
14506 168
14507 323
14508 323
14509 168
14510 323
14511 451
14512 168
14513 232
14514 168
14515 323
14516 323
14517 168
14518 232
14519 323
14520 168
14521 323
14522 323
14523 168
14524 323
14525 168
14526 323
14527 323
14528 159
14529 168
14530 452
14531 323
14532 323
14533 323
14534 323
14535 232
14536 323
14537 323
14538 91
14539 323
14540 323
14541 168
14542 323
14543 159
14544 323
14545 323
14546 168
14547 168
14548 168
14549 323
14550 323
14551 232
14552 323
14553 168
14554 323
14555 232
14556 323
14557 323
14558 168
14559 323
14560 168
14561 323
14562 159
14563 323
14564 168
14565 323
14566 168
14567 323
14568 168
14569 323
14570 159
14571 159
14572 323
14573 323
14574 323
14575 232
14576 323
14577 168
14578 323
14579 91
14580 168
14581 323
14582 232
14583 323
14584 323
14585 232
14586 323
14587 323
14588 323
14589 323
14590 323
14591 454
14592 159
14593 232
14594 323
14595 323
14596 323
14597 455
14598 456
14599 168
14600 159
14601 232
14602 323
14603 323
14604 323
14605 323
14606 323
14607 168
14608 323
14609 323
14610 232
14611 323
14612 168
14613 91
14614 232
14615 323
14616 168
14617 323
14618 232
14619 232
14620 232
14621 457
14622 323
14623 323
14624 323
14625 159
14626 323
14627 159
14628 323
14629 323
14630 323
14631 168
14632 323
14633 232
14634 323
14635 159
14636 232
14637 458
14638 323
14639 323
14640 323
14641 159
14642 323
14643 159
14644 323
14645 323
14646 168
14647 168
14648 323
14649 159
14650 459
14651 323
14652 460
14653 323
14654 323
14655 323
14656 168
14657 159
14658 323
14659 323
14660 323
14661 232
14662 168
14663 323
14664 159
14665 323
14666 323
14667 323
14668 323
14669 159
14670 168
14671 323
14672 159
14673 168
14674 323
14675 232
14676 323
14677 323
14678 232
14679 168
14680 232
14681 168
14682 159
14683 168
14684 323
14685 232
14686 323
14687 323
14688 168
14689 323
14690 323
14691 168
14692 159
14693 159
14694 323
14695 159
14696 91
14697 91
14698 323
14699 168
14700 168
14701 323
14702 232
14703 168
14704 168
14705 323
14706 323
14707 232
14708 323
14709 323
14710 168
14711 323
14712 323
14713 323
14714 168
14715 323
14716 159
14717 168
14718 323
14719 323
14720 168
14721 323
14722 168
14723 159
14724 323
14725 159
14726 323
14727 461
14728 168
14729 323
14730 323
14731 232
14732 462
14733 159
14734 323
14735 159
14736 323
14737 323
14738 323
14739 323
14740 323
14741 323
14742 323
14743 323
14744 655
14745 323
14746 323
14747 323
14748 323
14749 232
14750 168
14751 323
14752 323
14753 323
14754 323
14755 168
14756 159
14757 323
14758 168
14759 323
14760 168
14761 91
14762 323
14763 323
14764 159
14765 323
14766 323
14767 323
14768 168
14769 323
14770 323
14771 323
14772 323
14773 323
14774 323
14775 323
14776 168
14777 352
14778 168
14779 159
14780 463
14781 168
14782 168
14783 323
14784 232
14785 232
14786 323
14787 168
14788 168
14789 168
14790 323
14791 323
14792 168
14793 232
14794 159
14795 323
14796 323
14797 232
14798 323
14799 323
14800 323
14801 464
14802 159
14803 232
14804 323
14805 323
14806 323
14807 323
14808 323
14809 168
14810 323
14811 168
14812 323
14813 323
14814 323
14815 811
14816 323
14817 168
14818 323
14819 232
14820 232
14821 159
14822 323
14823 323
14824 168
14825 323
14826 323
14827 168
14828 323
14829 159
14830 168
14831 168
14832 323
14833 168
14834 159
14835 232
14836 323
14837 168
14838 323
14839 232
14840 159
14841 232
14842 323
14843 168
14844 323
14845 323
14846 168
14847 168
14848 323
14849 465
14850 323
14851 323
14852 168
14853 323
14854 91
14855 323
14856 159
14857 323
14858 168
14859 323
14860 323
14861 232
14862 323
14863 168
14864 323
14865 323
14866 323
14867 232
14868 323
14869 323
14870 323
14871 323
14872 323
14873 232
14874 232
14875 323
14876 168
14877 159
14878 323
14879 159
14880 323
14881 323
14882 323
14883 323
14884 91
14885 323
14886 323
14887 323
14888 323
14889 323
14890 466
14891 232
14892 323
14893 91
14894 232
14895 323
14896 232
14897 323
14898 323
14899 323
14900 91
14901 159
14902 323
14903 232
14904 168
14905 323
14906 323
14907 168
14908 168
14909 232
14910 323
14911 168
14912 129
14913 168
14914 159
14915 323
14916 323
14917 323
14918 168
14919 323
14920 323
14921 323
14922 159
14923 168
14924 91
14925 467
14926 323
14927 323
14928 232
14929 323
14930 323
14931 168
14932 232
14933 323
14934 323
14935 232
14936 232
14937 323
14938 232
14939 323
14940 323
14941 232
14942 323
14943 168
14944 468
14945 323
14946 469
14947 323
14948 323
14949 168
14950 323
14951 159
14952 323
14953 323
14954 323
14955 159
14956 168
14957 168
14958 470
14959 323
14960 323
14961 168
14962 159
14963 168
14964 323
14965 323
14966 159
14967 168
14968 232
14969 323
14970 232
14971 323
14972 323
14973 159
14974 168
14975 323
14976 323
14977 159
14978 323
14979 323
14980 168
14981 323
14982 232
14983 471
14984 168
14985 323
14986 465
14987 159
14988 168
14989 91
14990 232
14991 323
14992 323
14993 472
14994 323
14995 168
14996 129
14997 159
14998 465
14999 168
15000 472
15001 232
15002 323
15003 323
15004 232
15005 323
15006 473
15007 232
15008 323
15009 232
15010 323
15011 232
15012 323
15013 159
15014 168
15015 474
15016 159
15017 323
15018 232
15019 323
15020 323
15021 232
15022 323
15023 323
15024 472
15025 323
15026 168
15027 168
15028 463
15029 323
15030 323
15031 323
15032 323
15033 323
15034 323
15035 168
15036 323
15037 232
15038 159
15039 323
15040 232
15041 323
15042 323
15043 475
15044 168
15045 232
15046 232
15047 168
15048 323
15049 168
15050 159
15051 159
15052 476
15053 168
15054 91
15055 323
15056 323
15057 232
15058 232
15059 168
15060 323
15061 168
15062 323
15063 323
15064 232
15065 159
15066 323
15067 323
15068 323
15069 323
15070 453
15071 323
15072 168
15073 323
15074 232
15075 477
15076 323
15077 323
15078 168
15079 323
15080 323
15081 323
15082 323
15083 478
15084 323
15085 323
15086 323
15087 323
15088 168
15089 323
15090 323
15091 168
15092 232
15093 323
15094 168
15095 159
15096 168
15097 168
15098 338
15099 168
15100 232
15101 168
15102 323
15103 168
15104 323
15105 479
15106 323
15107 323
15108 168
15109 480
15110 323
15111 481
15112 168
15113 232
15114 168
15115 168
15116 159
15117 159
15118 168
15119 168
15120 323
15121 482
15122 232
15123 168
15124 168
15125 323
15126 159
15127 168
15128 323
15129 168
15130 323
15131 91
15132 323
15133 168
15134 323
15135 323
15136 168
15137 168
15138 168
15139 323
15140 159
15141 323
15142 168
15143 323
15144 232
15145 323
15146 323
15147 323
15148 323
15149 159
15150 168
15151 323
15152 168
15153 168
15154 323
15155 168
15156 168
15157 323
15158 168
15159 323
15160 232
15161 232
15162 323
15163 168
15164 323
15165 168
15166 168
15167 159
15168 323
15169 159
15170 323
15171 232
15172 323
15173 323
15174 232
15175 159
15176 159
15177 323
15178 168
15179 323
15180 323
15181 323
15182 168
15183 323
15184 323
15185 323
15186 168
15187 91
15188 791
15189 323
15190 168
15191 159
15192 323
15193 483
15194 232
15195 168
15196 168
15197 323
15198 159
15199 323
15200 168
15201 323
15202 168
15203 323
15204 232
15205 323
15206 485
15207 323
15208 159
15209 777
15210 323
15211 168
15212 168
15213 486
15214 232
15215 323
15216 323
15217 168
15218 323
15219 168
15220 232
15221 323
15222 323
15223 323
15224 168
15225 323
15226 487
15227 323
15228 168
15229 323
15230 159
15231 168
15232 168
15233 232
15234 168
15235 168
15236 159
15237 323
15238 323
15239 232
15240 159
15241 323
15242 323
15243 168
15244 323
15245 232
15246 323
15247 168
15248 168
15249 168
15250 323
15251 159
15252 323
15253 323
15254 168
15255 168
15256 232
15257 323
15258 232
15259 232
15260 159
15261 323
15262 159
15263 168
15264 323
15265 232
15266 323
15267 323
15268 865
15269 323
15270 168
15271 232
15272 323
15273 159
15274 323
15275 323
15276 323
15277 159
15278 323
15279 323
15280 168
15281 323
15282 323
15283 323
15284 323
15285 168
15286 159
15287 168
15288 488
15289 323
15290 489
15291 232
15292 323
15293 677
15294 323
15295 129
15296 323
15297 168
15298 323
15299 168
15300 232
15301 323
15302 168
15303 323
15304 232
15305 168
15306 323
15307 159
15308 91
15309 168
15310 323
15311 168
15312 323
15313 168
15314 323
15315 232
15316 159
15317 232
15318 232
15319 323
15320 168
15321 159
15322 91
15323 323
15324 168
15325 323
15326 323
15327 490
15328 168
15329 168
15330 91
15331 91
15332 168
15333 323
15334 323
15335 323
15336 323
15337 232
15338 323
15339 168
15340 491
15341 232
15342 232
15343 159
15344 159
15345 323
15346 323
15347 159
15348 168
15349 492
15350 159
15351 232
15352 168
15353 240
15354 159
15355 323
15356 232
15357 323
15358 323
15359 159
15360 168
15361 168
15362 323
15363 232
15364 323
15365 323
15366 159
15367 168
15368 323
15369 168
15370 323
15371 159
15372 168
15373 323
15374 159
15375 159
15376 159
15377 211
15378 168
15379 323
15380 323
15381 323
15382 323
15383 323
15384 323
15385 323
15386 168
15387 159
15388 168
15389 168
15390 323
15391 159
15392 168
15393 168
15394 323
15395 323
15396 323
15397 232
15398 232
15399 323
15400 232
15401 159
15402 159
15403 323
15404 159
15405 159
15406 323
15407 168
15408 91
15409 159
15410 168
15411 168
15412 168
15413 323
15414 232
15415 323
15416 232
15417 323
15418 159
15419 159
15420 159
15421 159
15422 492
15423 323
15424 323
15425 168
15426 168
15427 232
15428 129
15429 323
15430 323
15431 323
15432 323
15433 168
15434 323
15435 168
15436 168
15437 232
15438 323
15439 323
15440 168
15441 168
15442 323
15443 323
15444 168
15445 223
15446 159
15447 232
15448 232
15449 323
15450 323
15451 168
15452 168
15453 323
15454 323
15455 232
15456 323
15457 323
15458 323
15459 323
15460 323
15461 323
15462 159
15463 323
15464 168
15465 168
15466 91
15467 168
15468 168
15469 353
15470 323
15471 323
15472 168
15473 168
15474 323
15475 168
15476 168
15477 168
15478 323
15479 323
15480 159
15481 323
15482 323
15483 493
15484 168
15485 323
15486 323
15487 168
15488 323
15489 323
15490 323
15491 323
15492 323
15493 168
15494 323
15495 168
15496 168
15497 323
15498 168
15499 323
15500 168
15501 323
15502 323
15503 323
15504 323
15505 232
15506 323
15507 323
15508 323
15509 323
15510 323
15511 159
15512 91
15513 168
15514 323
15515 91
15516 159
15517 323
15518 323
15519 129
15520 323
15521 168
15522 168
15523 168
15524 168
15525 168
15526 129
15527 323
15528 323
15529 232
15530 91
15531 494
15532 323
15533 323
15534 323
15535 323
15536 159
15537 323
15538 159
15539 323
15540 323
15541 323
15542 323
15543 91
15544 323
15545 232
15546 232
15547 159
15548 323
15549 323
15550 323
15551 323
15552 168
15553 323
15554 323
15555 232
15556 91
15557 168
15558 159
15559 159
15560 168
15561 323
15562 323
15563 323
15564 323
15565 323
15566 168
15567 232
15568 168
15569 323
15570 159
15571 168
15572 159
15573 323
15574 798
15575 168
15576 323
15577 168
15578 168
15579 323
15580 323
15581 323
15582 323
15583 168
15584 323
15585 232
15586 168
15587 323
15588 323
15589 323
15590 232
15591 323
15592 323
15593 688
15594 323
15595 323
15596 232
15597 323
15598 168
15599 159
15600 323
15601 168
15602 496
15603 496
15604 129
15605 168
15606 323
15607 323
15608 232
15609 159
15610 159
15611 323
15612 323
15613 323
15614 497
15615 323
15616 323
15617 323
15618 323
15619 168
15620 323
15621 232
15622 91
15623 323
15624 323
15625 323
15626 91
15627 232
15628 323
15629 323
15630 168
15631 232
15632 232
15633 323
15634 168
15635 323
15636 323
15637 323
15638 232
15639 168
15640 323
15641 232
15642 323
15643 323
15644 232
15645 168
15646 323
15647 323
15648 323
15649 159
15650 232
15651 323
15652 168
15653 323
15654 91
15655 323
15656 323
15657 323
15658 232
15659 323
15660 323
15661 168
15662 232
15663 323
15664 323
15665 323
15666 323
15667 159
15668 323
15669 168
15670 323
15671 323
15672 323
15673 381
15674 168
15675 323
15676 323
15677 323
15678 159
15679 168
15680 323
15681 159
15682 232
15683 159
15684 232
15685 168
15686 323
15687 323
15688 323
15689 168
15690 735
15691 168
15692 323
15693 323
15694 168
15695 168
15696 323
15697 232
15698 323
15699 232
15700 323
15701 323
15702 91
15703 168
15704 498
15705 168
15706 499
15707 323
15708 168
15709 159
15710 168
15711 834
15712 323
15713 323
15714 323
15715 323
15716 323
15717 323
15718 91
15719 323
15720 323
15721 168
15722 323
15723 323
15724 323
15725 323
15726 419
15727 323
15728 168
15729 323
15730 323
15731 168
15732 232
15733 368
15734 323
15735 129
15736 232
15737 323
15738 168
15739 129
15740 323
15741 323
15742 159
15743 323
15744 168
15745 323
15746 232
15747 323
15748 323
15749 323
15750 168
15751 323
15752 168
15753 168
15754 168
15755 168
15756 168
15757 168
15758 323
15759 91
15760 323
15761 232
15762 159
15763 168
15764 323
15765 857
15766 323
15767 232
15768 91
15769 323
15770 159
15771 168
15772 323
15773 168
15774 323
15775 323
15776 323
15777 168
15778 323
15779 168
15780 323
15781 323
15782 168
15783 323
15784 232
15785 159
15786 323
15787 232
15788 323
15789 323
15790 159
15791 168
15792 568
15793 448
15794 323
15795 323
15796 323
15797 500
15798 159
15799 501
15800 323
15801 168
15802 323
15803 323
15804 159
15805 168
15806 323
15807 323
15808 159
15809 323
15810 323
15811 323
15812 159
15813 323
15814 168
15815 323
15816 323
15817 168
15818 168
15819 323
15820 521
15821 168
15822 232
15823 232
15824 159
15825 323
15826 168
15827 323
15828 323
15829 168
15830 168
15831 323
15832 159
15833 232
15834 323
15835 159
15836 129
15837 323
15838 323
15839 323
15840 323
15841 323
15842 323
15843 168
15844 323
15845 168
15846 168
15847 168
15848 323
15849 323
15850 323
15851 168
15852 323
15853 159
15854 323
15855 323
15856 232
15857 91
15858 91
15859 168
15860 232
15861 323
15862 159
15863 323
15864 323
15865 232
15866 323
15867 168
15868 323
15869 159
15870 232
15871 323
15872 168
15873 323
15874 323
15875 323
15876 168
15877 323
15878 323
15879 323
15880 323
15881 323
15882 159
15883 323
15884 323
15885 168
15886 159
15887 91
15888 323
15889 168
15890 159
15891 323
15892 323
15893 232
15894 323
15895 168
15896 232
15897 323
15898 232
15899 232
15900 323
15901 323
15902 168
15903 91
15904 323
15905 168
15906 323
15907 502
15908 232
15909 323
15910 232
15911 168
15912 168
15913 323
15914 503
15915 323
15916 323
15917 323
15918 168
15919 323
15920 323
15921 168
15922 323
15923 168
15924 323
15925 323
15926 323
15927 323
15928 159
15929 323
15930 323
15931 323
15932 168
15933 168
15934 323
15935 323
15936 323
15937 323
15938 323
15939 232
15940 232
15941 168
15942 232
15943 323
15944 323
15945 168
15946 323
15947 323
15948 504
15949 323
15950 505
15951 323
15952 159
15953 168
15954 323
15955 323
15956 506
15957 323
15958 168
15959 168
15960 168
15961 168
15962 323
15963 168
15964 323
15965 323
15966 232
15967 168
15968 323
15969 232
15970 323
15971 323
15972 323
15973 492
15974 168
15975 232
15976 168
15977 323
15978 323
15979 168
15980 323
15981 232
15982 323
15983 168
15984 323
15985 323
15986 168
15987 323
15988 232
15989 323
15990 159
15991 507
15992 91
15993 168
15994 323
15995 323
15996 323
15997 232
15998 323
15999 168
16000 323
16001 91
16002 323
16003 323
16004 168
16005 129
16006 323
16007 323
16008 168
16009 232
16010 323
16011 323
16012 168
16013 168
16014 168
16015 323
16016 323
16017 159
16018 323
16019 91
16020 323
16021 168
16022 323
16023 323
16024 91
16025 323
16026 323
16027 323
16028 323
16029 168
16030 168
16031 168
16032 323
16033 323
16034 168
16035 323
16036 323
16037 168
16038 323
16039 323
16040 168
16041 159
16042 232
16043 159
16044 323
16045 323
16046 232
16047 168
16048 323
16049 323
16050 323
16051 159
16052 323
16053 323
16054 232
16055 91
16056 323
16057 323
16058 323
16059 509
16060 323
16061 323
16062 323
16063 168
16064 323
16065 159
16066 323
16067 323
16068 168
16069 323
16070 159
16071 232
16072 159
16073 232
16074 323
16075 159
16076 323
16077 323
16078 323
16079 168
16080 232
16081 323
16082 168
16083 323
16084 323
16085 168
16086 232
16087 323
16088 168
16089 323
16090 323
16091 323
16092 323
16093 323
16094 323
16095 168
16096 323
16097 232
16098 168
16099 323
16100 323
16101 168
16102 168
16103 232
16104 168
16105 323
16106 323
16107 168
16108 159
16109 323
16110 232
16111 232
16112 159
16113 323
16114 778
16115 232
16116 159
16117 168
16118 323
16119 323
16120 323
16121 323
16122 159
16123 323
16124 232
16125 323
16126 510
16127 323
16128 168
16129 168
16130 159
16131 323
16132 232
16133 323
16134 168
16135 168
16136 323
16137 159
16138 168
16139 323
16140 323
16141 323
16142 323
16143 232
16144 323
16145 323
16146 159
16147 232
16148 797
16149 232
16150 323
16151 323
16152 168
16153 323
16154 232
16155 232
16156 323
16157 168
16158 232
16159 168
16160 168
16161 323
16162 232
16163 323
16164 323
16165 159
16166 159
16167 323
16168 232
16169 323
16170 168
16171 323
16172 168
16173 159
16174 323
16175 877
16176 323
16177 323
16178 232
16179 232
16180 323
16181 323
16182 323
16183 323
16184 159
16185 323
16186 168
16187 168
16188 323
16189 323
16190 159
16191 323
16192 232
16193 168
16194 323
16195 168
16196 323
16197 323
16198 159
16199 168
16200 323
16201 232
16202 323
16203 323
16204 323
16205 323
16206 323
16207 323
16208 168
16209 323
16210 323
16211 323
16212 168
16213 323
16214 91
16215 91
16216 232
16217 159
16218 91
16219 91
16220 232
16221 91
16222 323
16223 323
16224 323
16225 323
16226 323
16227 323
16228 323
16229 728
16230 323
16231 232
16232 323
16233 323
16234 323
16235 232
16236 323
16237 323
16238 168
16239 168
16240 232
16241 323
16242 323
16243 168
16244 323
16245 323
16246 168
16247 159
16248 232
16249 232
16250 323
16251 511
16252 323
16253 168
16254 323
16255 323
16256 323
16257 168
16258 232
16259 168
16260 323
16261 323
16262 323
16263 323
16264 168
16265 323
16266 323
16267 323
16268 232
16269 323
16270 323
16271 159
16272 323
16273 168
16274 159
16275 168
16276 323
16277 168
16278 323
16279 323
16280 168
16281 168
16282 323
16283 323
16284 323
16285 159
16286 323
16287 129
16288 323
16289 323
16290 323
16291 168
16292 323
16293 168
16294 323
16295 323
16296 168
16297 323
16298 168
16299 159
16300 323
16301 323
16302 91
16303 323
16304 323
16305 232
16306 232
16307 232
16308 232
16309 232
16310 323
16311 323
16312 168
16313 323
16314 323
16315 323
16316 323
16317 323
16318 323
16319 168
16320 168
16321 323
16322 159
16323 168
16324 168
16325 323
16326 168
16327 323
16328 323
16329 323
16330 159
16331 168
16332 232
16333 159
16334 323
16335 168
16336 323
16337 168
16338 168
16339 323
16340 323
16341 323
16342 323
16343 323
16344 168
16345 512
16346 323
16347 168
16348 323
16349 159
16350 323
16351 168
16352 323
16353 168
16354 129
16355 168
16356 323
16357 168
16358 323
16359 323
16360 323
16361 323
16362 323
16363 323
16364 323
16365 323
16366 323
16367 323
16368 159
16369 91
16370 323
16371 533
16372 323
16373 159
16374 323
16375 323
16376 323
16377 159
16378 232
16379 168
16380 323
16381 168
16382 323
16383 323
16384 323
16385 168
16386 323
16387 232
16388 168
16389 168
16390 232
16391 168
16392 232
16393 323
16394 168
16395 323
16396 323
16397 851
16398 323
16399 168
16400 91
16401 323
16402 159
16403 168
16404 323
16405 168
16406 323
16407 323
16408 323
16409 159
16410 323
16411 323
16412 168
16413 168
16414 232
16415 168
16416 168
16417 91
16418 168
16419 168
16420 323
16421 323
16422 91
16423 323
16424 323
16425 323
16426 159
16427 91
16428 323
16429 323
16430 323
16431 323
16432 323
16433 513
16434 91
16435 323
16436 232
16437 323
16438 323
16439 323
16440 232
16441 168
16442 323
16443 323
16444 323
16445 514
16446 168
16447 327
16448 168
16449 323
16450 323
16451 232
16452 323
16453 232
16454 323
16455 323
16456 232
16457 735
16458 159
16459 323
16460 159
16461 323
16462 323
16463 168
16464 323
16465 323
16466 323
16467 323
16468 323
16469 323
16470 323
16471 323
16472 598
16473 323
16474 91
16475 323
16476 323
16477 232
16478 323
16479 694
16480 168
16481 311
16482 323
16483 323
16484 91
16485 168
16486 323
16487 323
16488 232
16489 91
16490 323
16491 232
16492 323
16493 168
16494 323
16495 323
16496 168
16497 129
16498 168
16499 168
16500 323
16501 323
16502 323
16503 168
16504 323
16505 323
16506 323
16507 323
16508 168
16509 323
16510 168
16511 91
16512 168
16513 323
16514 323
16515 232
16516 323
16517 323
16518 168
16519 323
16520 129
16521 323
16522 323
16523 323
16524 168
16525 168
16526 323
16527 168
16528 323
16529 323
16530 323
16531 323
16532 168
16533 323
16534 323
16535 168
16536 168
16537 323
16538 323
16539 323
16540 323
16541 903
16542 323
16543 168
16544 323
16545 91
16546 159
16547 323
16548 323
16549 323
16550 91
16551 323
16552 323
16553 159
16554 91
16555 323
16556 323
16557 91
16558 323
16559 323
16560 91
16561 129
16562 323
16563 323
16564 323
16565 159
16566 168
16567 323
16568 168
16569 168
16570 323
16571 159
16572 232
16573 323
16574 159
16575 323
16576 323
16577 159
16578 323
16579 91
16580 91
16581 168
16582 323
16583 168
16584 168
16585 232
16586 323
16587 323
16588 323
16589 323
16590 232
16591 323
16592 323
16593 323
16594 323
16595 323
16596 159
16597 159
16598 323
16599 168
16600 168
16601 168
16602 129
16603 168
16604 168
16605 323
16606 323
16607 168
16608 323
16609 323
16610 159
16611 168
16612 168
16613 323
16614 323
16615 323
16616 168
16617 323
16618 168
16619 159
16620 323
16621 168
16622 323
16623 232
16624 168
16625 168
16626 323
16627 323
16628 168
16629 168
16630 168
16631 168
16632 168
16633 323
16634 323
16635 323
16636 232
16637 91
16638 323
16639 323
16640 232
16641 232
16642 323
16643 896
16644 323
16645 323
16646 516
16647 323
16648 168
16649 323
16650 168
16651 520
16652 323
16653 159
16654 323
16655 91
16656 323
16657 323
16658 168
16659 517
16660 323
16661 323
16662 168
16663 159
16664 323
16665 232
16666 323
16667 168
16668 159
16669 232
16670 323
16671 159
16672 766
16673 323
16674 323
16675 323
16676 323
16677 168
16678 323
16679 159
16680 323
16681 323
16682 168
16683 323
16684 72
16685 323
16686 323
16687 323
16688 168
16689 323
16690 168
16691 323
16692 323
16693 168
16694 323
16695 323
16696 323
16697 323
16698 323
16699 323
16700 323
16701 232
16702 232
16703 323
16704 323
16705 168
16706 323
16707 91
16708 323
16709 323
16710 129
16711 323
16712 323
16713 168
16714 232
16715 159
16716 323
16717 323
16718 323
16719 323
16720 232
16721 323
16722 323
16723 323
16724 323
16725 323
16726 159
16727 168
16728 323
16729 542
16730 159
16731 323
16732 323
16733 232
16734 168
16735 323
16736 168
16737 168
16738 323
16739 323
16740 168
16741 232
16742 323
16743 323
16744 323
16745 323
16746 323
16747 232
16748 323
16749 168
16750 168
16751 232
16752 168
16753 232
16754 323
16755 168
16756 168
16757 323
16758 168
16759 91
16760 168
16761 232
16762 232
16763 323
16764 323
16765 323
16766 323
16767 323
16768 323
16769 168
16770 232
16771 323
16772 323
16773 232
16774 323
16775 323
16776 323
16777 232
16778 323
16779 575
16780 323
16781 159
16782 323
16783 232
16784 518
16785 323
16786 323
16787 518
16788 519
16789 159
16790 323
16791 323
16792 323
16793 232
16794 323
16795 323
16796 232
16797 323
16798 129
16799 323
16800 323
16801 168
16802 168
16803 323
16804 91
16805 323
16806 323
16807 232
16808 168
16809 323
16810 323
16811 168
16812 323
16813 323
16814 918
16815 168
16816 323
16817 168
16818 323
16819 323
16820 323
16821 323
16822 168
16823 323
16824 159
16825 323
16826 520
16827 323
16828 323
16829 159
16830 323
16831 168
16832 159
16833 323
16834 323
16835 232
16836 168
16837 168
16838 232
16839 323
16840 323
16841 323
16842 521
16843 323
16844 323
16845 323
16846 168
16847 168
16848 323
16849 323
16850 168
16851 323
16852 168
16853 168
16854 168
16855 168
16856 168
16857 561
16858 323
16859 168
16860 323
16861 159
16862 323
16863 323
16864 323
16865 323
16866 323
16867 323
16868 323
16869 159
16870 323
16871 159
16872 323
16873 159
16874 91
16875 522
16876 668
16877 91
16878 232
16879 168
16880 323
16881 323
16882 159
16883 323
16884 323
16885 232
16886 323
16887 323
16888 168
16889 323
16890 323
16891 168
16892 232
16893 323
16894 323
16895 323
16896 323
16897 168
16898 323
16899 168
16900 168
16901 159
16902 323
16903 323
16904 323
16905 323
16906 159
16907 323
16908 232
16909 159
16910 323
16911 323
16912 168
16913 323
16914 323
16915 159
16916 91
16917 323
16918 323
16919 323
16920 323
16921 232
16922 159
16923 168
16924 168
16925 168
16926 232
16927 168
16928 323
16929 323
16930 168
16931 168
16932 523
16933 168
16934 323
16935 323
16936 168
16937 159
16938 323
16939 168
16940 168
16941 159
16942 323
16943 168
16944 168
16945 168
16946 323
16947 323
16948 323
16949 323
16950 232
16951 168
16952 168
16953 232
16954 159
16955 168
16956 323
16957 323
16958 323
16959 159
16960 91
16961 168
16962 323
16963 323
16964 159
16965 168
16966 323
16967 168
16968 323
16969 323
16970 232
16971 323
16972 323
16973 91
16974 232
16975 168
16976 232
16977 323
16978 91
16979 159
16980 168
16981 323
16982 323
16983 323
16984 168
16985 323
16986 168
16987 323
16988 323
16989 323
16990 91
16991 323
16992 232
16993 159
16994 524
16995 168
16996 323
16997 168
16998 323
16999 168
17000 323
17001 323
17002 323
17003 168
17004 323
17005 323
17006 323
17007 323
17008 323
17009 159
17010 323
17011 91
17012 232
17013 323
17014 323
17015 323
17016 323
17017 323
17018 323
17019 159
17020 323
17021 232
17022 232
17023 323
17024 168
17025 168
17026 323
17027 91
17028 323
17029 323
17030 232
17031 168
17032 323
17033 232
17034 188
17035 168
17036 323
17037 323
17038 168
17039 323
17040 323
17041 168
17042 323
17043 323
17044 168
17045 168
17046 323
17047 323
17048 323
17049 323
17050 323
17051 323
17052 232
17053 323
17054 323
17055 168
17056 323
17057 168
17058 168
17059 323
17060 159
17061 168
17062 323
17063 323
17064 168
17065 159
17066 323
17067 159
17068 159
17069 323
17070 323
17071 323
17072 168
17073 323
17074 323
17075 91
17076 91
17077 323
17078 323
17079 159
17080 168
17081 323
17082 323
17083 91
17084 525
17085 168
17086 323
17087 159
17088 168
17089 159
17090 323
17091 323
17092 159
17093 323
17094 323
17095 323
17096 323
17097 323
17098 168
17099 323
17100 323
17101 323
17102 323
17103 323
17104 323
17105 168
17106 168
17107 323
17108 168
17109 323
17110 323
17111 323
17112 168
17113 323
17114 323
17115 448
17116 91
17117 168
17118 168
17119 168
17120 323
17121 323
17122 19
17123 323
17124 323
17125 168
17126 168
17127 323
17128 168
17129 323
17130 323
17131 168
17132 168
17133 168
17134 168
17135 168
17136 323
17137 159
17138 232
17139 323
17140 159
17141 323
17142 168
17143 323
17144 168
17145 323
17146 323
17147 323
17148 159
17149 168
17150 323
17151 323
17152 168
17153 159
17154 323
17155 323
17156 168
17157 168
17158 168
17159 323
17160 168
17161 323
17162 323
17163 168
17164 323
17165 168
17166 232
17167 168
17168 232
17169 323
17170 323
17171 323
17172 323
17173 159
17174 323
17175 323
17176 159
17177 168
17178 159
17179 168
17180 168
17181 323
17182 323
17183 232
17184 323
17185 323
17186 323
17187 159
17188 232
17189 323
17190 168
17191 526
17192 527
17193 91
17194 232
17195 323
17196 232
17197 168
17198 159
17199 323
17200 168
17201 323
17202 168
17203 159
17204 91
17205 323
17206 323
17207 168
17208 323
17209 168
17210 323
17211 159
17212 232
17213 323
17214 168
17215 168
17216 323
17217 323
17218 159
17219 206
17220 91
17221 323
17222 232
17223 168
17224 240
17225 168
17226 168
17227 91
17228 159
17229 91
17230 323
17231 323
17232 323
17233 232
17234 323
17235 323
17236 168
17237 323
17238 232
17239 232
17240 323
17241 168
17242 232
17243 168
17244 323
17245 323
17246 159
17247 323
17248 323
17249 488
17250 168
17251 168
17252 323
17253 168
17254 323
17255 159
17256 323
17257 168
17258 232
17259 232
17260 323
17261 232
17262 323
17263 168
17264 528
17265 232
17266 323
17267 159
17268 323
17269 168
17270 323
17271 323
17272 323
17273 168
17274 168
17275 323
17276 323
17277 232
17278 232
17279 323
17280 168
17281 323
17282 168
17283 168
17284 168
17285 323
17286 232
17287 323
17288 168
17289 168
17290 159
17291 91
17292 168
17293 323
17294 323
17295 159
17296 159
17297 159
17298 159
17299 168
17300 323
17301 168
17302 168
17303 323
17304 323
17305 168
17306 323
17307 323
17308 232
17309 168
17310 323
17311 323
17312 323
17313 232
17314 323
17315 323
17316 168
17317 323
17318 323
17319 323
17320 232
17321 323
17322 323
17323 323
17324 323
17325 323
17326 168
17327 323
17328 168
17329 91
17330 323
17331 323
17332 232
17333 159
17334 323
17335 323
17336 323
17337 168
17338 323
17339 323
17340 323
17341 232
17342 323
17343 323
17344 323
17345 168
17346 159
17347 323
17348 168
17349 159
17350 159
17351 323
17352 323
17353 159
17354 323
17355 323
17356 323
17357 232
17358 323
17359 168
17360 323
17361 323
17362 323
17363 91
17364 323
17365 323
17366 168
17367 159
17368 168
17369 159
17370 323
17371 168
17372 323
17373 232
17374 323
17375 232
17376 323
17377 232
17378 323
17379 323
17380 323
17381 91
17382 323
17383 323
17384 323
17385 323
17386 323
17387 323
17388 522
17389 168
17390 168
17391 159
17392 323
17393 323
17394 232
17395 159
17396 323
17397 323
17398 323
17399 168
17400 323
17401 232
17402 168
17403 323
17404 654
17405 168
17406 323
17407 159
17408 232
17409 323
17410 168
17411 323
17412 159
17413 323
17414 168
17415 232
17416 323
17417 159
17418 323
17419 232
17420 232
17421 323
17422 323
17423 159
17424 323
17425 323
17426 323
17427 168
17428 323
17429 168
17430 323
17431 323
17432 323
17433 168
17434 323
17435 232
17436 323
17437 168
17438 232
17439 323
17440 323
17441 91
17442 168
17443 323
17444 323
17445 232
17446 323
17447 232
17448 323
17449 91
17450 323
17451 232
17452 232
17453 159
17454 323
17455 129
17456 168
17457 168
17458 323
17459 323
17460 91
17461 323
17462 323
17463 168
17464 232
17465 91
17466 323
17467 91
17468 232
17469 323
17470 323
17471 91
17472 323
17473 323
17474 168
17475 323
17476 323
17477 323
17478 168
17479 232
17480 232
17481 323
17482 232
17483 323
17484 323
17485 323
17486 323
17487 232
17488 159
17489 323
17490 232
17491 323
17492 323
17493 91
17494 323
17495 168
17496 323
17497 91
17498 323
17499 168
17500 323
17501 19
17502 168
17503 232
17504 91
17505 232
17506 159
17507 323
17508 323
17509 232
17510 168
17511 323
17512 323
17513 168
17514 323
17515 232
17516 323
17517 323
17518 323
17519 323
17520 323
17521 159
17522 323
17523 323
17524 159
17525 91
17526 323
17527 323
17528 529
17529 168
17530 168
17531 323
17532 323
17533 91
17534 168
17535 168
17536 232
17537 323
17538 323
17539 159
17540 232
17541 323
17542 323
17543 168
17544 232
17545 323
17546 323
17547 323
17548 323
17549 323
17550 323
17551 168
17552 323
17553 168
17554 232
17555 232
17556 323
17557 323
17558 159
17559 323
17560 323
17561 323
17562 232
17563 323
17564 91
17565 323
17566 168
17567 323
17568 159
17569 323
17570 323
17571 168
17572 323
17573 323
17574 168
17575 323
17576 91
17577 159
17578 232
17579 159
17580 323
17581 168
17582 323
17583 168
17584 168
17585 323
17586 776
17587 530
17588 531
17589 323
17590 323
17591 168
17592 323
17593 168
17594 91
17595 168
17596 159
17597 323
17598 232
17599 323
17600 323
17601 168
17602 323
17603 323
17604 232
17605 168
17606 168
17607 532
17608 533
17609 534
17610 323
17611 323
17612 168
17613 323
17614 323
17615 168
17616 168
17617 323
17618 232
17619 168
17620 323
17621 159
17622 323
17623 232
17624 323
17625 323
17626 168
17627 232
17628 535
17629 323
17630 168
17631 323
17632 536
17633 323
17634 323
17635 129
17636 323
17637 323
17638 323
17639 159
17640 168
17641 168
17642 168
17643 232
17644 232
17645 323
17646 168
17647 323
17648 323
17649 232
17650 323
17651 323
17652 159
17653 168
17654 168
17655 323
17656 323
17657 323
17658 159
17659 168
17660 323
17661 323
17662 323
17663 323
17664 323
17665 159
17666 159
17667 159
17668 323
17669 168
17670 323
17671 323
17672 232
17673 232
17674 537
17675 159
17676 232
17677 323
17678 323
17679 323
17680 323
17681 323
17682 323
17683 323
17684 168
17685 323
17686 323
17687 323
17688 323
17689 323
17690 323
17691 232
17692 323
17693 323
17694 168
17695 168
17696 323
17697 323
17698 232
17699 159
17700 323
17701 232
17702 323
17703 323
17704 323
17705 323
17706 323
17707 323
17708 323
17709 159
17710 323
17711 232
17712 168
17713 168
17714 323
17715 91
17716 159
17717 232
17718 323
17719 323
17720 232
17721 323
17722 91
17723 323
17724 232
17725 159
17726 232
17727 323
17728 159
17729 168
17730 129
17731 168
17732 323
17733 159
17734 323
17735 168
17736 323
17737 159
17738 323
17739 159
17740 168
17741 91
17742 323
17743 323
17744 323
17745 232
17746 323
17747 168
17748 323
17749 323
17750 232
17751 323
17752 168
17753 323
17754 168
17755 323
17756 323
17757 168
17758 159
17759 168
17760 323
17761 168
17762 323
17763 159
17764 323
17765 323
17766 381
17767 323
17768 168
17769 323
17770 168
17771 323
17772 323
17773 323
17774 168
17775 168
17776 168
17777 323
17778 323
17779 323
17780 323
17781 323
17782 232
17783 323
17784 323
17785 323
17786 168
17787 168
17788 323
17789 232
17790 323
17791 323
17792 323
17793 232
17794 323
17795 323
17796 232
17797 168
17798 323
17799 812
17800 323
17801 323
17802 323
17803 323
17804 168
17805 323
17806 323
17807 159
17808 168
17809 159
17810 323
17811 129
17812 91
17813 323
17814 323
17815 323
17816 159
17817 323
17818 159
17819 232
17820 168
17821 168
17822 323
17823 232
17824 323
17825 159
17826 232
17827 232
17828 323
17829 168
17830 323
17831 323
17832 129
17833 323
17834 323
17835 323
17836 159
17837 168
17838 232
17839 323
17840 323
17841 323
17842 323
17843 159
17844 159
17845 232
17846 323
17847 232
17848 323
17849 129
17850 168
17851 232
17852 323
17853 168
17854 232
17855 323
17856 323
17857 323
17858 323
17859 323
17860 266
17861 168
17862 168
17863 323
17864 168
17865 232
17866 323
17867 159
17868 323
17869 323
17870 323
17871 168
17872 168
17873 168
17874 323
17875 323
17876 323
17877 323
17878 323
17879 323
17880 129
17881 168
17882 323
17883 323
17884 168
17885 323
17886 323
17887 323
17888 323
17889 168
17890 323
17891 168
17892 323
17893 168
17894 323
17895 323
17896 323
17897 323
17898 232
17899 159
17900 232
17901 168
17902 168
17903 323
17904 168
17905 323
17906 323
17907 323
17908 168
17909 232
17910 323
17911 232
17912 323
17913 159
17914 168
17915 323
17916 168
17917 538
17918 448
17919 159
17920 159
17921 323
17922 159
17923 323
17924 323
17925 323
17926 232
17927 323
17928 323
17929 168
17930 323
17931 323
17932 323
17933 168
17934 168
17935 323
17936 323
17937 539
17938 323
17939 159
17940 232
17941 323
17942 168
17943 159
17944 323
17945 91
17946 323
17947 323
17948 159
17949 323
17950 168
17951 323
17952 168
17953 323
17954 232
17955 168
17956 168
17957 323
17958 168
17959 159
17960 168
17961 323
17962 323
17963 168
17964 323
17965 323
17966 323
17967 168
17968 323
17969 168
17970 323
17971 232
17972 323
17973 323
17974 232
17975 323
17976 232
17977 323
17978 323
17979 168
17980 901
17981 159
17982 323
17983 168
17984 159
17985 323
17986 323
17987 232
17988 323
17989 323
17990 323
17991 232
17992 159
17993 323
17994 323
17995 168
17996 323
17997 323
17998 323
17999 159
18000 232
18001 168
18002 168
18003 168
18004 232
18005 168
18006 168
18007 232
18008 168
18009 323
18010 323
18011 323
18012 323
18013 323
18014 91
18015 91
18016 323
18017 159
18018 232
18019 323
18020 232
18021 323
18022 323
18023 159
18024 323
18025 323
18026 323
18027 323
18028 159
18029 323
18030 168
18031 168
18032 168
18033 323
18034 323
18035 168
18036 232
18037 323
18038 91
18039 168
18040 168
18041 159
18042 232
18043 159
18044 323
18045 168
18046 323
18047 91
18048 323
18049 91
18050 168
18051 323
18052 168
18053 323
18054 129
18055 323
18056 129
18057 323
18058 323
18059 323
18060 168
18061 159
18062 540
18063 323
18064 168
18065 323
18066 168
18067 323
18068 323
18069 91
18070 232
18071 323
18072 323
18073 323
18074 323
18075 232
18076 159
18077 323
18078 168
18079 541
18080 232
18081 323
18082 323
18083 168
18084 323
18085 168
18086 323
18087 323
18088 159
18089 159
18090 91
18091 168
18092 323
18093 129
18094 323
18095 232
18096 232
18097 323
18098 323
18099 168
18100 232
18101 323
18102 232
18103 323
18104 159
18105 323
18106 323
18107 159
18108 159
18109 323
18110 168
18111 323
18112 323
18113 323
18114 232
18115 159
18116 168
18117 323
18118 232
18119 323
18120 168
18121 323
18122 168
18123 159
18124 323
18125 168
18126 323
18127 168
18128 542
18129 323
18130 168
18131 323
18132 323
18133 323
18134 232
18135 323
18136 168
18137 323
18138 323
18139 168
18140 323
18141 232
18142 769
18143 323
18144 323
18145 159
18146 323
18147 91
18148 323
18149 323
18150 835
18151 168
18152 232
18153 323
18154 323
18155 323
18156 323
18157 323
18158 323
18159 323
18160 323
18161 91
18162 159
18163 323
18164 232
18165 323
18166 232
18167 323
18168 323
18169 168
18170 323
18171 168
18172 323
18173 232
18174 232
18175 323
18176 323
18177 168
18178 323
18179 168
18180 323
18181 159
18182 323
18183 323
18184 168
18185 323
18186 168
18187 323
18188 323
18189 323
18190 323
18191 323
18192 232
18193 159
18194 323
18195 323
18196 323
18197 323
18198 159
18199 159
18200 168
18201 323
18202 543
18203 232
18204 323
18205 323
18206 168
18207 323
18208 232
18209 232
18210 810
18211 323
18212 323
18213 323
18214 323
18215 168
18216 91
18217 168
18218 4
18219 168
18220 323
18221 323
18222 544
18223 232
18224 168
18225 159
18226 159
18227 545
18228 323
18229 323
18230 91
18231 168
18232 546
18233 323
18234 168
18235 323
18236 232
18237 232
18238 323
18239 323
18240 168
18241 168
18242 323
18243 323
18244 323
18245 168
18246 168
18247 91
18248 323
18249 323
18250 323
18251 547
18252 548
18253 323
18254 168
18255 323
18256 159
18257 549
18258 323
18259 232
18260 168
18261 688
18262 768
18263 323
18264 323
18265 159
18266 323
18267 159
18268 232
18269 232
18270 91
18271 323
18272 323
18273 323
18274 323
18275 159
18276 159
18277 323
18278 159
18279 323
18280 323
18281 323
18282 91
18283 323
18284 323
18285 168
18286 323
18287 323
18288 323
18289 168
18290 323
18291 168
18292 323
18293 159
18294 323
18295 323
18296 323
18297 232
18298 232
18299 168
18300 323
18301 323
18302 550
18303 168
18304 232
18305 232
18306 159
18307 168
18308 91
18309 323
18310 323
18311 323
18312 323
18313 168
18314 323
18315 159
18316 551
18317 168
18318 168
18319 159
18320 323
18321 323
18322 168
18323 159
18324 232
18325 323
18326 168
18327 168
18328 168
18329 232
18330 323
18331 232
18332 168
18333 323
18334 91
18335 168
18336 323
18337 232
18338 323
18339 323
18340 168
18341 323
18342 323
18343 168
18344 168
18345 168
18346 323
18347 168
18348 890
18349 323
18350 323
18351 323
18352 168
18353 91
18354 168
18355 168
18356 323
18357 323
18358 168
18359 232
18360 168
18361 323
18362 323
18363 159
18364 323
18365 323
18366 323
18367 168
18368 323
18369 168
18370 159
18371 168
18372 168
18373 323
18374 323
18375 232
18376 323
18377 323
18378 232
18379 232
18380 323
18381 323
18382 168
18383 168
18384 323
18385 323
18386 323
18387 323
18388 323
18389 91
18390 323
18391 159
18392 323
18393 552
18394 553
18395 323
18396 323
18397 168
18398 168
18399 323
18400 232
18401 323
18402 323
18403 168
18404 323
18405 168
18406 232
18407 323
18408 323
18409 323
18410 323
18411 323
18412 323
18413 323
18414 168
18415 168
18416 168
18417 159
18418 168
18419 232
18420 323
18421 323
18422 232
18423 323
18424 232
18425 168
18426 323
18427 168
18428 168
18429 168
18430 323
18431 323
18432 323
18433 159
18434 323
18435 323
18436 323
18437 323
18438 168
18439 323
18440 323
18441 323
18442 168
18443 323
18444 323
18445 168
18446 323
18447 168
18448 91
18449 323
18450 323
18451 323
18452 323
18453 323
18454 323
18455 232
18456 323
18457 323
18458 323
18459 323
18460 232
18461 323
18462 168
18463 323
18464 323
18465 323
18466 159
18467 168
18468 91
18469 129
18470 323
18471 323
18472 159
18473 168
18474 323
18475 567
18476 323
18477 168
18478 323
18479 323
18480 323
18481 323
18482 159
18483 323
18484 518
18485 168
18486 323
18487 232
18488 168
18489 159
18490 159
18491 323
18492 323
18493 323
18494 168
18495 91
18496 232
18497 323
18498 91
18499 323
18500 323
18501 232
18502 232
18503 323
18504 159
18505 168
18506 323
18507 323
18508 168
18509 323
18510 323
18511 232
18512 232
18513 323
18514 323
18515 323
18516 323
18517 323
18518 323
18519 323
18520 232
18521 168
18522 159
18523 168
18524 323
18525 323
18526 159
18527 323
18528 159
18529 232
18530 323
18531 323
18532 323
18533 323
18534 323
18535 323
18536 323
18537 159
18538 323
18539 323
18540 168
18541 323
18542 232
18543 91
18544 323
18545 168
18546 168
18547 168
18548 91
18549 159
18550 232
18551 104
18552 764
18553 168
18554 91
18555 323
18556 323
18557 323
18558 168
18559 323
18560 168
18561 168
18562 323
18563 168
18564 556
18565 232
18566 168
18567 323
18568 323
18569 129
18570 323
18571 159
18572 323
18573 557
18574 168
18575 232
18576 323
18577 323
18578 323
18579 168
18580 323
18581 168
18582 323
18583 323
18584 91
18585 232
18586 323
18587 232
18588 323
18589 232
18590 323
18591 323
18592 323
18593 323
18594 323
18595 323
18596 232
18597 323
18598 323
18599 323
18600 232
18601 323
18602 323
18603 232
18604 323
18605 323
18606 323
18607 323
18608 323
18609 323
18610 323
18611 323
18612 323
18613 323
18614 91
18615 232
18616 323
18617 323
18618 323
18619 323
18620 323
18621 323
18622 232
18623 323
18624 232
18625 323
18626 232
18627 323
18628 323
18629 323
18630 323
18631 323
18632 323
18633 323
18634 323
18635 323
18636 323
18637 232
18638 323
18639 323
18640 558
18641 323
18642 323
18643 168
18644 323
18645 232
18646 323
18647 159
18648 323
18649 323
18650 168
18651 159
18652 232
18653 323
18654 323
18655 323
18656 323
18657 168
18658 159
18659 159
18660 323
18661 168
18662 159
18663 323
18664 323
18665 323
18666 159
18667 168
18668 323
18669 159
18670 159
18671 323
18672 323
18673 323
18674 168
18675 159
18676 323
18677 323
18678 232
18679 323
18680 168
18681 323
18682 232
18683 323
18684 323
18685 323
18686 168
18687 168
18688 323
18689 688
18690 323
18691 159
18692 323
18693 323
18694 159
18695 168
18696 323
18697 168
18698 168
18699 168
18700 323
18701 323
18702 323
18703 323
18704 168
18705 323
18706 913
18707 612
18708 168
18709 323
18710 323
18711 91
18712 232
18713 323
18714 323
18715 323
18716 323
18717 323
18718 168
18719 168
18720 168
18721 323
18722 323
18723 232
18724 159
18725 168
18726 232
18727 91
18728 91
18729 159
18730 323
18731 323
18732 561
18733 323
18734 168
18735 323
18736 232
18737 323
18738 323
18739 564
18740 323
18741 159
18742 274
18743 168
18744 323
18745 323
18746 168
18747 168
18748 159
18749 168
18750 323
18751 232
18752 323
18753 323
18754 129
18755 159
18756 562
18757 323
18758 232
18759 168
18760 323
18761 345
18762 323
18763 323
18764 168
18765 232
18766 323
18767 323
18768 323
18769 129
18770 323
18771 323
18772 323
18773 323
18774 563
18775 232
18776 168
18777 323
18778 564
18779 159
18780 323
18781 323
18782 168
18783 232
18784 564
18785 168
18786 323
18787 232
18788 232
18789 323
18790 168
18791 323
18792 168
18793 323
18794 168
18795 323
18796 323
18797 168
18798 168
18799 168
18800 232
18801 168
18802 565
18803 91
18804 91
18805 159
18806 323
18807 159
18808 323
18809 168
18810 323
18811 323
18812 323
18813 323
18814 168
18815 323
18816 168
18817 168
18818 323
18819 323
18820 159
18821 323
18822 168
18823 232
18824 168
18825 168
18826 323
18827 129
18828 168
18829 159
18830 323
18831 323
18832 168
18833 323
18834 323
18835 323
18836 323
18837 91
18838 168
18839 323
18840 323
18841 159
18842 91
18843 168
18844 323
18845 323
18846 323
18847 323
18848 323
18849 159
18850 323
18851 168
18852 159
18853 168
18854 168
18855 323
18856 323
18857 168
18858 232
18859 323
18860 323
18861 323
18862 323
18863 323
18864 323
18865 672
18866 232
18867 323
18868 323
18869 323
18870 91
18871 323
18872 323
18873 323
18874 323
18875 323
18876 323
18877 232
18878 566
18879 323
18880 323
18881 159
18882 91
18883 168
18884 323
18885 189
18886 323
18887 323
18888 323
18889 168
18890 323
18891 232
18892 323
18893 323
18894 232
18895 323
18896 168
18897 323
18898 323
18899 168
18900 567
18901 168
18902 232
18903 168
18904 323
18905 323
18906 323
18907 232
18908 232
18909 232
18910 159
18911 323
18912 323
18913 323
18914 323
18915 725
18916 323
18917 323
18918 323
18919 323
18920 232
18921 168
18922 323
18923 568
18924 168
18925 323
18926 323
18927 323
18928 323
18929 323
18930 168
18931 323
18932 570
18933 168
18934 323
18935 91
18936 232
18937 168
18938 741
18939 168
18940 323
18941 91
18942 232
18943 232
18944 572
18945 323
18946 323
18947 323
18948 159
18949 168
18950 323
18951 323
18952 323
18953 323
18954 323
18955 323
18956 323
18957 232
18958 159
18959 168
18960 168
18961 232
18962 323
18963 323
18964 159
18965 129
18966 323
18967 168
18968 74
18969 159
18970 129
18971 91
18972 323
18973 323
18974 232
18975 91
18976 323
18977 159
18978 323
18979 323
18980 323
18981 771
18982 323
18983 232
18984 232
18985 323
18986 159
18987 323
18988 323
18989 168
18990 323
18991 323
18992 323
18993 159
18994 323
18995 323
18996 323
18997 168
18998 168
18999 168
19000 323
19001 159
19002 168
19003 323
19004 168
19005 323
19006 573
19007 168
19008 323
19009 168
19010 574
19011 323
19012 168
19013 168
19014 323
19015 232
19016 323
19017 323
19018 323
19019 168
19020 323
19021 168
19022 168
19023 323
19024 323
19025 168
19026 168
19027 159
19028 323
19029 323
19030 168
19031 323
19032 168
19033 748
19034 159
19035 323
19036 575
19037 323
19038 168
19039 323
19040 168
19041 168
19042 323
19043 323
19044 91
19045 323
19046 232
19047 323
19048 323
19049 91
19050 168
19051 323
19052 323
19053 168
19054 323
19055 323
19056 576
19057 323
19058 323
19059 837
19060 722
19061 323
19062 323
19063 232
19064 323
19065 323
19066 323
19067 232
19068 323
19069 323
19070 323
19071 232
19072 323
19073 323
19074 168
19075 168
19076 168
19077 232
19078 168
19079 159
19080 168
19081 168
19082 91
19083 91
19084 323
19085 323
19086 323
19087 323
19088 168
19089 323
19090 323
19091 323
19092 323
19093 323
19094 168
19095 323
19096 323
19097 323
19098 232
19099 323
19100 323
19101 323
19102 91
19103 881
19104 159
19105 168
19106 232
19107 232
19108 323
19109 323
19110 168
19111 168
19112 323
19113 323
19114 323
19115 168
19116 323
19117 323
19118 323
19119 323
19120 168
19121 168
19122 323
19123 232
19124 168
19125 323
19126 323
19127 168
19128 323
19129 168
19130 159
19131 168
19132 841
19133 323
19134 159
19135 323
19136 323
19137 660
19138 323
19139 878
19140 91
19141 159
19142 168
19143 323
19144 91
19145 323
19146 168
19147 323
19148 323
19149 168
19150 159
19151 168
19152 323
19153 323
19154 159
19155 323
19156 323
19157 323
19158 323
19159 159
19160 168
19161 323
19162 91
19163 91
19164 168
19165 168
19166 323
19167 323
19168 168
19169 168
19170 159
19171 323
19172 168
19173 323
19174 323
19175 323
19176 159
19177 159
19178 168
19179 323
19180 323
19181 323
19182 232
19183 232
19184 168
19185 159
19186 168
19187 323
19188 323
19189 168
19190 323
19191 323
19192 168
19193 323
19194 323
19195 168
19196 323
19197 168
19198 323
19199 323
19200 323
19201 323
19202 168
19203 323
19204 323
19205 323
19206 168
19207 323
19208 503
19209 323
19210 323
19211 902
19212 168
19213 323
19214 168
19215 323
19216 323
19217 323
19218 91
19219 168
19220 232
19221 91
19222 323
19223 168
19224 159
19225 323
19226 323
19227 323
19228 168
19229 323
19230 323
19231 168
19232 323
19233 323
19234 159
19235 168
19236 168
19237 168
19238 323
19239 323
19240 159
19241 323
19242 232
19243 168
19244 323
19245 168
19246 323
19247 323
19248 323
19249 323
19250 232
19251 168
19252 168
19253 594
19254 323
19255 323
19256 323
19257 232
19258 159
19259 323
19260 323
19261 232
19262 323
19263 323
19264 159
19265 579
19266 323
19267 232
19268 159
19269 323
19270 323
19271 323
19272 323
19273 232
19274 323
19275 323
19276 168
19277 91
19278 232
19279 91
19280 580
19281 323
19282 168
19283 159
19284 323
19285 168
19286 323
19287 168
19288 323
19289 232
19290 232
19291 168
19292 658
19293 323
19294 323
19295 323
19296 232
19297 168
19298 323
19299 323
19300 323
19301 232
19302 232
19303 323
19304 582
19305 323
19306 168
19307 159
19308 323
19309 323
19310 323
19311 232
19312 168
19313 323
19314 323
19315 323
19316 159
19317 323
19318 323
19319 323
19320 503
19321 323
19322 323
19323 232
19324 323
19325 323
19326 323
19327 323
19328 168
19329 323
19330 159
19331 91
19332 168
19333 323
19334 323
19335 159
19336 159
19337 323
19338 323
19339 323
19340 323
19341 323
19342 323
19343 159
19344 168
19345 323
19346 323
19347 159
19348 323
19349 196
19350 323
19351 323
19352 323
19353 159
19354 323
19355 323
19356 159
19357 323
19358 168
19359 159
19360 323
19361 323
19362 323
19363 168
19364 323
19365 323
19366 159
19367 168
19368 323
19369 323
19370 91
19371 323
19372 323
19373 159
19374 323
19375 323
19376 323
19377 323
19378 323
19379 159
19380 232
19381 323
19382 323
19383 232
19384 323
19385 168
19386 129
19387 168
19388 168
19389 168
19390 159
19391 159
19392 323
19393 323
19394 323
19395 173
19396 232
19397 323
19398 168
19399 323
19400 91
19401 323
19402 323
19403 323
19404 323
19405 168
19406 168
19407 91
19408 232
19409 323
19410 885
19411 168
19412 232
19413 168
19414 232
19415 323
19416 323
19417 749
19418 323
19419 323
19420 159
19421 323
19422 168
19423 323
19424 232
19425 323
19426 159
19427 323
19428 323
19429 323
19430 323
19431 232
19432 323
19433 323
19434 168
19435 323
19436 323
19437 323
19438 323
19439 584
19440 168
19441 585
19442 168
19443 323
19444 159
19445 323
19446 323
19447 323
19448 323
19449 323
19450 168
19451 168
19452 168
19453 91
19454 586
19455 168
19456 323
19457 323
19458 323
19459 323
19460 232
19461 159
19462 323
19463 323
19464 168
19465 323
19466 323
19467 323
19468 323
19469 323
19470 159
19471 323
19472 323
19473 323
19474 168
19475 323
19476 323
19477 168
19478 794
19479 323
19480 323
19481 323
19482 243
19483 323
19484 168
19485 323
19486 91
19487 323
19488 159
19489 323
19490 323
19491 168
19492 159
19493 323
19494 168
19495 168
19496 323
19497 168
19498 323
19499 91
19500 232
19501 323
19502 159
19503 323
19504 587
19505 168
19506 323
19507 159
19508 323
19509 323
19510 323
19511 168
19512 168
19513 159
19514 91
19515 323
19516 232
19517 323
19518 323
19519 323
19520 168
19521 129
19522 323
19523 323
19524 323
19525 168
19526 129
19527 91
19528 168
19529 168
19530 232
19531 323
19532 323
19533 168
19534 159
19535 168
19536 168
19537 168
19538 323
19539 323
19540 323
19541 323
19542 91
19543 323
19544 159
19545 323
19546 323
19547 129
19548 323
19549 323
19550 232
19551 323
19552 323
19553 323
19554 898
19555 159
19556 323
19557 168
19558 159
19559 323
19560 159
19561 232
19562 323
19563 232
19564 168
19565 91
19566 168
19567 168
19568 323
19569 323
19570 323
19571 232
19572 91
19573 168
19574 323
19575 323
19576 323
19577 168
19578 232
19579 787
19580 323
19581 168
19582 323
19583 232
19584 168
19585 323
19586 493
19587 323
19588 323
19589 91
19590 323
19591 168
19592 323
19593 159
19594 323
19595 232
19596 159
19597 168
19598 323
19599 168
19600 168
19601 168
19602 323
19603 323
19604 168
19605 323
19606 323
19607 323
19608 168
19609 323
19610 323
19611 323
19612 323
19613 323
19614 323
19615 323
19616 168
19617 323
19618 168
19619 323
19620 323
19621 323
19622 168
19623 159
19624 323
19625 232
19626 323
19627 323
19628 168
19629 168
19630 91
19631 323
19632 323
19633 323
19634 159
19635 323
19636 168
19637 323
19638 323
19639 159
19640 168
19641 168
19642 323
19643 751
19644 323
19645 892
19646 323
19647 168
19648 744
19649 168
19650 159
19651 323
19652 91
19653 168
19654 323
19655 323
19656 168
19657 323
19658 159
19659 323
19660 323
19661 232
19662 168
19663 323
19664 323
19665 168
19666 323
19667 168
19668 323
19669 168
19670 159
19671 168
19672 232
19673 323
19674 91
19675 323
19676 323
19677 592
19678 323
19679 91
19680 159
19681 168
19682 323
19683 323
19684 323
19685 168
19686 232
19687 168
19688 323
19689 323
19690 168
19691 232
19692 232
19693 323
19694 159
19695 323
19696 168
19697 323
19698 323
19699 562
19700 323
19701 323
19702 168
19703 323
19704 168
19705 168
19706 323
19707 323
19708 323
19709 168
19710 91
19711 232
19712 323
19713 323
19714 168
19715 323
19716 232
19717 232
19718 159
19719 168
19720 168
19721 159
19722 323
19723 168
19724 323
19725 323
19726 323
19727 784
19728 168
19729 232
19730 323
19731 323
19732 159
19733 168
19734 159
19735 323
19736 168
19737 168
19738 159
19739 168
19740 323
19741 323
19742 168
19743 323
19744 323
19745 232
19746 232
19747 323
19748 323
19749 232
19750 323
19751 323
19752 323
19753 323
19754 159
19755 586
19756 323
19757 232
19758 159
19759 232
19760 91
19761 323
19762 168
19763 232
19764 799
19765 168
19766 168
19767 323
19768 323
19769 323
19770 323
19771 168
19772 323
19773 323
19774 323
19775 91
19776 159
19777 168
19778 591
19779 323
19780 323
19781 323
19782 323
19783 323
19784 168
19785 168
19786 91
19787 129
19788 168
19789 323
19790 159
19791 323
19792 168
19793 168
19794 592
19795 323
19796 168
19797 323
19798 168
19799 323
19800 323
19801 159
19802 232
19803 168
19804 168
19805 168
19806 323
19807 323
19808 323
19809 159
19810 323
19811 323
19812 168
19813 323
19814 91
19815 168
19816 159
19817 323
19818 323
19819 91
19820 168
19821 323
19822 168
19823 323
19824 323
19825 593
19826 323
19827 159
19828 168
19829 323
19830 91
19831 323
19832 323
19833 91
19834 323
19835 168
19836 323
19837 688
19838 168
19839 323
19840 323
19841 168
19842 323
19843 168
19844 91
19845 323
19846 323
19847 159
19848 91
19849 323
19850 232
19851 168
19852 168
19853 323
19854 323
19855 323
19856 323
19857 323
19858 168
19859 595
19860 168
19861 323
19862 596
19863 232
19864 323
19865 159
19866 159
19867 323
19868 597
19869 323
19870 597
19871 168
19872 168
19873 232
19874 168
19875 168
19876 323
19877 323
19878 168
19879 232
19880 168
19881 91
19882 323
19883 91
19884 159
19885 168
19886 323
19887 323
19888 168
19889 323
19890 323
19891 168
19892 323
19893 232
19894 323
19895 323
19896 323
19897 159
19898 323
19899 323
19900 168
19901 323
19902 168
19903 323
19904 168
19905 232
19906 159
19907 159
19908 323
19909 232
19910 323
19911 159
19912 323
19913 168
19914 232
19915 900
19916 168
19917 159
19918 168
19919 323
19920 232
19921 323
19922 323
19923 323
19924 323
19925 597
19926 168
19927 91
19928 601
19929 168
19930 232
19931 323
19932 323
19933 168
19934 323
19935 323
19936 168
19937 168
19938 323
19939 168
19940 323
19941 323
19942 168
19943 232
19944 168
19945 323
19946 168
19947 323
19948 232
19949 168
19950 323
19951 323
19952 168
19953 323
19954 323
19955 232
19956 168
19957 323
19958 323
19959 323
19960 159
19961 323
19962 323
19963 168
19964 323
19965 323
19966 232
19967 323
19968 323
19969 323
19970 323
19971 323
19972 168
19973 168
19974 232
19975 232
19976 159
19977 168
19978 232
19979 323
19980 232
19981 168
19982 168
19983 323
19984 323
19985 159
19986 323
19987 168
19988 168
19989 168
19990 323
19991 826
19992 168
19993 323
19994 168
19995 168
19996 323
19997 232
19998 323
19999 323
20000 159
20001 597
20002 91
20003 599
20004 600
20005 232
20006 323
20007 323
20008 159
20009 323
20010 323
20011 159
20012 323
20013 91
20014 323
20015 168
20016 323
20017 597
20018 168
20019 232
20020 232
20021 168
20022 168
20023 159
20024 159
20025 323
20026 323
20027 323
20028 323
20029 168
20030 323
20031 232
20032 168
20033 91
20034 232
20035 323
20036 168
20037 323
20038 323
20039 168
20040 323
20041 323
20042 232
20043 323
20044 168
20045 323
20046 323
20047 323
20048 168
20049 159
20050 323
20051 323
20052 323
20053 232
20054 602
20055 323
20056 159
20057 168
20058 168
20059 323
20060 168
20061 159
20062 168
20063 323
20064 91
20065 168
20066 168
20067 323
20068 159
20069 168
20070 323
20071 323
20072 91
20073 232
20074 159
20075 323
20076 323
20077 323
20078 323
20079 159
20080 232
20081 168
20082 168
20083 168
20084 323
20085 232
20086 323
20087 232
20088 168
20089 323
20090 159
20091 168
20092 323
20093 91
20094 323
20095 168
20096 603
20097 323
20098 323
20099 91
20100 159
20101 168
20102 323
20103 168
20104 323
20105 323
20106 323
20107 323
20108 91
20109 323
20110 168
20111 232
20112 159
20113 232
20114 168
20115 159
20116 323
20117 159
20118 567
20119 168
20120 168
20121 159
20122 323
20123 323
20124 323
20125 323
20126 323
20127 323
20128 323
20129 323
20130 323
20131 159
20132 232
20133 168
20134 323
20135 232
20136 323
20137 323
20138 323
20139 323
20140 168
20141 232
20142 323
20143 232
20144 91
20145 232
20146 637
20147 604
20148 323
20149 323
20150 323
20151 323
20152 168
20153 168
20154 91
20155 159
20156 323
20157 323
20158 323
20159 168
20160 323
20161 323
20162 168
20163 91
20164 605
20165 91
20166 159
20167 91
20168 159
20169 606
20170 607
20171 159
20172 323
20173 232
20174 323
20175 323
20176 168
20177 168
20178 232
20179 232
20180 323
20181 323
20182 168
20183 168
20184 323
20185 323
20186 168
20187 323
20188 323
20189 232
20190 91
20191 91
20192 91
20193 232
20194 323
20195 159
20196 323
20197 168
20198 323
20199 232
20200 323
20201 168
20202 168
20203 232
20204 168
20205 323
20206 608
20207 609
20208 168
20209 168
20210 323
20211 323
20212 91
20213 323
20214 168
20215 168
20216 323
20217 323
20218 323
20219 168
20220 323
20221 323
20222 168
20223 168
20224 168
20225 168
20226 232
20227 323
20228 232
20229 323
20230 168
20231 159
20232 323
20233 129
20234 323
20235 168
20236 323
20237 323
20238 323
20239 168
20240 168
20241 168
20242 45
20243 232
20244 323
20245 159
20246 323
20247 323
20248 168
20249 168
20250 323
20251 323
20252 323
20253 323
20254 323
20255 323
20256 232
20257 323
20258 323
20259 168
20260 159
20261 323
20262 159
20263 159
20264 323
20265 91
20266 159
20267 323
20268 323
20269 91
20270 159
20271 323
20272 168
20273 168
20274 323
20275 168
20276 323
20277 232
20278 860
20279 323
20280 168
20281 323
20282 168
20283 129
20284 323
20285 159
20286 168
20287 323
20288 323
20289 610
20290 168
20291 323
20292 323
20293 168
20294 648
20295 159
20296 323
20297 159
20298 323
20299 323
20300 643
20301 232
20302 323
20303 129
20304 168
20305 323
20306 323
20307 323
20308 323
20309 323
20310 323
20311 323
20312 323
20313 323
20314 323
20315 323
20316 168
20317 159
20318 323
20319 323
20320 168
20321 168
20322 323
20323 323
20324 91
20325 323
20326 323
20327 168
20328 323
20329 168
20330 323
20331 323
20332 323
20333 323
20334 232
20335 168
20336 323
20337 168
20338 168
20339 168
20340 515
20341 159
20342 323
20343 917
20344 168
20345 232
20346 168
20347 159
20348 168
20349 168
20350 168
20351 614
20352 714
20353 168
20354 168
20355 323
20356 615
20357 168
20358 232
20359 323
20360 168
20361 159
20362 232
20363 323
20364 168
20365 323
20366 323
20367 232
20368 323
20369 621
20370 168
20371 91
20372 168
20373 323
20374 555
20375 159
20376 323
20377 323
20378 91
20379 91
20380 168
20381 323
20382 323
20383 323
20384 232
20385 323
20386 168
20387 159
20388 159
20389 323
20390 323
20391 159
20392 168
20393 168
20394 323
20395 860
20396 168
20397 323
20398 168
20399 159
20400 232
20401 168
20402 323
20403 323
20404 232
20405 323
20406 168
20407 323
20408 232
20409 159
20410 232
20411 323
20412 91
20413 323
20414 215
20415 168
20416 232
20417 168
20418 323
20419 323
20420 616
20421 168
20422 168
20423 168
20424 323
20425 323
20426 323
20427 323
20428 888
20429 323
20430 168
20431 232
20432 617
20433 232
20434 159
20435 618
20436 323
20437 323
20438 159
20439 168
20440 323
20441 168
20442 91
20443 323
20444 168
20445 619
20446 323
20447 620
20448 232
20449 159
20450 323
20451 621
20452 159
20453 168
20454 232
20455 323
20456 622
20457 323
20458 159
20459 802
20460 168
20461 168
20462 159
20463 323
20464 323
20465 323
20466 323
20467 232
20468 323
20469 323
20470 232
20471 623
20472 168
20473 624
20474 323
20475 323
20476 323
20477 323
20478 168
20479 323
20480 91
20481 91
20482 323
20483 323
20484 168
20485 232
20486 323
20487 323
20488 323
20489 323
20490 323
20491 323
20492 168
20493 323
20494 625
20495 323
20496 323
20497 323
20498 232
20499 323
20500 323
20501 323
20502 626
20503 91
20504 232
20505 323
20506 168
20507 159
20508 159
20509 323
20510 323
20511 168
20512 323
20513 159
20514 129
20515 323
20516 323
20517 323
20518 168
20519 168
20520 232
20521 323
20522 232
20523 168
20524 323
20525 323
20526 323
20527 323
20528 323
20529 159
20530 168
20531 323
20532 323
20533 232
20534 168
20535 323
20536 168
20537 323
20538 91
20539 232
20540 168
20541 91
20542 232
20543 168
20544 323
20545 159
20546 159
20547 627
20548 323
20549 323
20550 159
20551 637
20552 628
20553 159
20554 168
20555 323
20556 323
20557 323
20558 323
20559 159
20560 323
20561 323
20562 159
20563 91
20564 622
20565 323
20566 168
20567 323
20568 323
20569 168
20570 168
20571 323
20572 323
20573 714
20574 323
20575 168
20576 129
20577 323
20578 323
20579 323
20580 782
20581 168
20582 232
20583 232
20584 323
20585 91
20586 168
20587 168
20588 323
20589 168
20590 159
20591 323
20592 168
20593 232
20594 323
20595 232
20596 323
20597 159
20598 323
20599 168
20600 323
20601 323
20602 129
20603 168
20604 323
20605 323
20606 323
20607 323
20608 168
20609 159
20610 323
20611 159
20612 323
20613 323
20614 168
20615 168
20616 323
20617 323
20618 636
20619 323
20620 323
20621 323
20622 323
20623 232
20624 323
20625 323
20626 323
20627 168
20628 232
20629 323
20630 323
20631 159
20632 630
20633 323
20634 323
20635 323
20636 323
20637 323
20638 168
20639 323
20640 159
20641 159
20642 168
20643 168
20644 168
20645 323
20646 232
20647 91
20648 168
20649 91
20650 168
20651 91
20652 232
20653 323
20654 323
20655 232
20656 168
20657 323
20658 232
20659 168
20660 323
20661 323
20662 232
20663 323
20664 323
20665 168
20666 168
20667 159
20668 323
20669 323
20670 168
20671 323
20672 168
20673 323
20674 323
20675 168
20676 862
20677 323
20678 323
20679 168
20680 168
20681 159
20682 91
20683 168
20684 91
20685 159
20686 323
20687 168
20688 323
20689 159
20690 232
20691 232
20692 168
20693 890
20694 323
20695 323
20696 91
20697 159
20698 323
20699 159
20700 159
20701 168
20702 91
20703 323
20704 323
20705 159
20706 323
20707 91
20708 323
20709 323
20710 323
20711 323
20712 168
20713 631
20714 323
20715 159
20716 323
20717 323
20718 168
20719 323
20720 323
20721 323
20722 168
20723 159
20724 168
20725 323
20726 323
20727 323
20728 168
20729 323
20730 323
20731 323
20732 323
20733 323
20734 168
20735 323
20736 168
20737 159
20738 323
20739 159
20740 323
20741 323
20742 168
20743 159
20744 168
20745 168
20746 323
20747 323
20748 323
20749 159
20750 323
20751 168
20752 159
20753 323
20754 129
20755 168
20756 91
20757 323
20758 168
20759 323
20760 159
20761 323
20762 323
20763 91
20764 632
20765 168
20766 323
20767 633
20768 323
20769 159
20770 168
20771 323
20772 323
20773 159
20774 168
20775 168
20776 168
20777 323
20778 323
20779 323
20780 168
20781 323
20782 232
20783 323
20784 168
20785 323
20786 159
20787 323
20788 91
20789 323
20790 168
20791 323
20792 168
20793 323
20794 232
20795 159
20796 323
20797 323
20798 232
20799 323
20800 168
20801 323
20802 159
20803 232
20804 323
20805 323
20806 168
20807 323
20808 323
20809 232
20810 323
20811 323
20812 323
20813 323
20814 91
20815 168
20816 323
20817 323
20818 323
20819 232
20820 323
20821 168
20822 91
20823 323
20824 323
20825 323
20826 323
20827 232
20828 168
20829 168
20830 19
20831 323
20832 323
20833 168
20834 638
20835 232
20836 323
20837 168
20838 323
20839 232
20840 168
20841 323
20842 168
20843 323
20844 159
20845 323
20846 159
20847 232
20848 168
20849 168
20850 159
20851 323
20852 129
20853 232
20854 159
20855 168
20856 323
20857 159
20858 323
20859 323
20860 168
20861 168
20862 121
20863 159
20864 168
20865 640
20866 323
20867 159
20868 323
20869 159
20870 168
20871 168
20872 323
20873 168
20874 168
20875 323
20876 323
20877 168
20878 168
20879 323
20880 168
20881 168
20882 168
20883 168
20884 323
20885 323
20886 323
20887 232
20888 323
20889 323
20890 323
20891 323
20892 323
20893 168
20894 168
20895 323
20896 159
20897 323
20898 323
20899 323
20900 845
20901 323
20902 159
20903 168
20904 159
20905 168
20906 323
20907 323
20908 323
20909 323
20910 91
20911 159
20912 323
20913 323
20914 168
20915 323
20916 168
20917 159
20918 323
20919 323
20920 323
20921 323
20922 521
20923 168
20924 232
20925 168
20926 168
20927 168
20928 159
20929 323
20930 168
20931 139
20932 323
20933 323
20934 168
20935 91
20936 323
20937 323
20938 323
20939 323
20940 323
20941 159
20942 159
20943 232
20944 323
20945 232
20946 232
20947 91
20948 323
20949 168
20950 159
20951 323
20952 168
20953 91
20954 323
20955 629
20956 168
20957 323
20958 168
20959 232
20960 323
20961 323
20962 232
20963 168
20964 323
20965 168
20966 323
20967 323
20968 91
20969 323
20970 168
20971 323
20972 688
20973 323
20974 323
20975 323
20976 323
20977 159
20978 634
20979 323
20980 323
20981 232
20982 168
20983 232
20984 159
20985 159
20986 168
20987 159
20988 129
20989 323
20990 91
20991 323
20992 232
20993 91
20994 323
20995 323
20996 168
20997 323
20998 159
20999 232
21000 323
21001 323
21002 168
21003 323
21004 159
21005 168
21006 91
21007 168
21008 168
21009 323
21010 323
21011 323
21012 232
21013 323
21014 168
21015 323
21016 168
21017 323
21018 323
21019 323
21020 323
21021 168
21022 323
21023 323
21024 323
21025 159
21026 168
21027 323
21028 323
21029 323
21030 323
21031 323
21032 323
21033 323
21034 168
21035 168
21036 323
21037 159
21038 168
21039 168
21040 159
21041 168
21042 232
21043 168
21044 323
21045 323
21046 323
21047 168
21048 323
21049 168
21050 159
21051 323
21052 323
21053 168
21054 323
21055 159
21056 168
21057 323
21058 323
21059 232
21060 159
21061 168
21062 168
21063 168
21064 232
21065 323
21066 323
21067 323
21068 168
21069 168
21070 323
21071 168
21072 323
21073 168
21074 323
21075 323
21076 168
21077 323
21078 323
21079 323
21080 323
21081 168
21082 323
21083 323
21084 838
21085 323
21086 159
21087 323
21088 323
21089 323
21090 159
21091 232
21092 323
21093 323
21094 323
21095 91
21096 232
21097 805
21098 159
21099 232
21100 159
21101 129
21102 168
21103 323
21104 657
21105 129
21106 168
21107 168
21108 809
21109 323
21110 159
21111 323
21112 168
21113 168
21114 854
21115 323
21116 323
21117 159
21118 323
21119 129
21120 168
21121 323
21122 168
21123 323
21124 168
21125 323
21126 168
21127 168
21128 168
21129 323
21130 159
21131 323
21132 91
21133 91
21134 323
21135 159
21136 159
21137 184
21138 168
21139 168
21140 323
21141 323
21142 323
21143 677
21144 323
21145 323
21146 159
21147 159
21148 168
21149 323
21150 168
21151 243
21152 232
21153 232
21154 323
21155 232
21156 168
21157 168
21158 323
21159 232
21160 323
21161 91
21162 168
21163 159
21164 159
21165 323
21166 323
21167 323
21168 232
21169 642
21170 129
21171 323
21172 232
21173 159
21174 168
21175 159
21176 168
21177 232
21178 323
21179 323
21180 168
21181 168
21182 168
21183 159
21184 323
21185 323
21186 323
21187 323
21188 323
21189 168
21190 323
21191 611
21192 159
21193 323
21194 168
21195 323
21196 232
21197 323
21198 168
21199 323
21200 323
21201 323
21202 323
21203 323
21204 323
21205 323
21206 168
21207 644
21208 168
21209 159
21210 232
21211 323
21212 323
21213 91
21214 323
21215 168
21216 323
21217 168
21218 323
21219 168
21220 168
21221 323
21222 852
21223 168
21224 323
21225 232
21226 168
21227 323
21228 232
21229 168
21230 323
21231 91
21232 323
21233 159
21234 168
21235 168
21236 323
21237 323
21238 794
21239 91
21240 323
21241 323
21242 323
21243 323
21244 168
21245 232
21246 323
21247 323
21248 323
21249 323
21250 323
21251 323
21252 893
21253 232
21254 323
21255 232
21256 168
21257 168
21258 323
21259 159
21260 232
21261 91
21262 159
21263 91
21264 323
21265 323
21266 323
21267 323
21268 323
21269 159
21270 323
21271 323
21272 232
21273 159
21274 323
21275 323
21276 159
21277 323
21278 168
21279 646
21280 159
21281 168
21282 323
21283 323
21284 323
21285 323
21286 323
21287 159
21288 323
21289 232
21290 168
21291 232
21292 647
21293 159
21294 188
21295 232
21296 323
21297 168
21298 232
21299 129
21300 159
21301 323
21302 323
21303 323
21304 232
21305 129
21306 323
21307 159
21308 168
21309 168
21310 232
21311 232
21312 323
21313 129
21314 323
21315 168
21316 168
21317 323
21318 323
21319 323
21320 168
21321 232
21322 168
21323 323
21324 91
21325 168
21326 323
21327 91
21328 159
21329 91
21330 323
21331 323
21332 323
21333 323
21334 168
21335 159
21336 323
21337 323
21338 650
21339 168
21340 232
21341 323
21342 323
21343 129
21344 323
21345 323
21346 232
21347 168
21348 91
21349 323
21350 323
21351 232
21352 168
21353 168
21354 323
21355 168
21356 91
21357 168
21358 323
21359 159
21360 323
21361 159
21362 323
21363 159
21364 323
21365 168
21366 323
21367 19
21368 323
21369 91
21370 323
21371 323
21372 323
21373 168
21374 323
21375 323
21376 323
21377 91
21378 323
21379 159
21380 323
21381 323
21382 159
21383 323
21384 168
21385 91
21386 323
21387 159
21388 323
21389 168
21390 323
21391 323
21392 730
21393 323
21394 323
21395 168
21396 323
21397 168
21398 652
21399 651
21400 323
21401 495
21402 168
21403 323
21404 168
21405 323
21406 323
21407 168
21408 645
21409 168
21410 91
21411 323
21412 232
21413 323
21414 323
21415 653
21416 91
21417 323
21418 323
21419 709
21420 323
21421 168
21422 323
21423 323
21424 159
21425 323
21426 232
21427 91
21428 323
21429 323
21430 232
21431 159
21432 159
21433 654
21434 323
21435 159
21436 323
21437 168
21438 655
21439 168
21440 129
21441 323
21442 323
21443 323
21444 129
21445 323
21446 323
21447 232
21448 168
21449 168
21450 168
21451 159
21452 159
21453 323
21454 323
21455 323
21456 232
21457 323
21458 323
21459 159
21460 323
21461 323
21462 323
21463 168
21464 323
21465 159
21466 168
21467 159
21468 232
21469 323
21470 323
21471 323
21472 168
21473 91
21474 159
21475 91
21476 168
21477 665
21478 168
21479 323
21480 159
21481 168
21482 323
21483 323
21484 168
21485 641
21486 159
21487 323
21488 323
21489 91
21490 323
21491 168
21492 159
21493 168
21494 323
21495 323
21496 159
21497 323
21498 842
21499 323
21500 159
21501 129
21502 168
21503 323
21504 159
21505 91
21506 323
21507 168
21508 159
21509 232
21510 159
21511 323
21512 794
21513 232
21514 323
21515 323
21516 159
21517 323
21518 323
21519 323
21520 232
21521 323
21522 323
21523 323
21524 323
21525 232
21526 323
21527 91
21528 323
21529 232
21530 323
21531 232
21532 654
21533 91
21534 323
21535 323
21536 168
21537 91
21538 159
21539 323
21540 323
21541 232
21542 91
21543 159
21544 323
21545 168
21546 323
21547 168
21548 323
21549 168
21550 323
21551 159
21552 323
21553 323
21554 129
21555 232
21556 168
21557 323
21558 168
21559 323
21560 323
21561 323
21562 168
21563 168
21564 168
21565 168
21566 232
21567 323
21568 168
21569 833
21570 168
21571 159
21572 232
21573 243
21574 232
21575 815
21576 232
21577 159
21578 168
21579 323
21580 159
21581 159
21582 168
21583 159
21584 323
21585 91
21586 581
21587 323
21588 91
21589 168
21590 232
21591 232
21592 91
21593 323
21594 323
21595 323
21596 159
21597 659
21598 159
21599 323
21600 639
21601 660
21602 323
21603 232
21604 159
21605 159
21606 323
21607 323
21608 168
21609 323
21610 323
21611 168
21612 129
21613 159
21614 323
21615 232
21616 232
21617 323
21618 317
21619 168
21620 168
21621 847
21622 232
21623 323
21624 323
21625 168
21626 663
21627 168
21628 323
21629 663
21630 662
21631 159
21632 323
21633 232
21634 168
21635 168
21636 232
21637 232
21638 323
21639 168
21640 168
21641 232
21642 232
21643 159
21644 159
21645 323
21646 232
21647 232
21648 323
21649 168
21650 323
21651 91
21652 159
21653 323
21654 323
21655 91
21656 232
21657 159
21658 168
21659 232
21660 664
21661 232
21662 323
21663 168
21664 664
21665 168
21666 323
21667 323
21668 159
21669 168
21670 323
21671 323
21672 168
21673 232
21674 323
21675 168
21676 716
21677 159
21678 323
21679 91
21680 168
21681 323
21682 159
21683 159
21684 323
21685 232
21686 168
21687 323
21688 323
21689 323
21690 660
21691 168
21692 323
21693 323
21694 168
21695 323
21696 91
21697 232
21698 168
21699 323
21700 159
21701 232
21702 656
21703 667
21704 159
21705 666
21706 159
21707 129
21708 323
21709 323
21710 232
21711 323
21712 168
21713 168
21714 232
21715 323
21716 159
21717 660
21718 323
21719 323
21720 323
21721 323
21722 168
21723 159
21724 168
21725 168
21726 168
21727 168
21728 168
21729 323
21730 323
21731 232
21732 323
21733 323
21734 323
21735 323
21736 323
21737 159
21738 168
21739 159
21740 323
21741 232
21742 168
21743 323
21744 323
21745 159
21746 660
21747 168
21748 159
21749 232
21750 232
21751 168
21752 323
21753 159
21754 671
21755 232
21756 323
21757 323
21758 168
21759 159
21760 323
21761 168
21762 323
21763 168
21764 323
21765 168
21766 323
21767 660
21768 168
21769 323
21770 159
21771 323
21772 159
21773 129
21774 168
21775 168
21776 323
21777 323
21778 168
21779 159
21780 323
21781 323
21782 168
21783 168
21784 159
21785 323
21786 159
21787 323
21788 232
21789 323
21790 168
21791 323
21792 232
21793 323
21794 159
21795 91
21796 168
21797 323
21798 323
21799 323
21800 168
21801 168
21802 323
21803 168
21804 168
21805 168
21806 323
21807 168
21808 159
21809 323
21810 323
21811 232
21812 669
21813 323
21814 168
21815 323
21816 232
21817 232
21818 670
21819 232
21820 159
21821 323
21822 323
21823 168
21824 168
21825 323
21826 159
21827 232
21828 168
21829 323
21830 323
21831 159
21832 323
21833 91
21834 323
21835 672
21836 91
21837 159
21838 323
21839 323
21840 168
21841 323
21842 168
21843 168
21844 673
21845 232
21846 168
21847 323
21848 323
21849 91
21850 168
21851 232
21852 323
21853 323
21854 168
21855 323
21856 323
21857 159
21858 674
21859 232
21860 323
21861 168
21862 159
21863 91
21864 675
21865 323
21866 676
21867 91
21868 323
21869 168
21870 323
21871 323
21872 168
21873 232
21874 323
21875 323
21876 232
21877 168
21878 323
21879 232
21880 323
21881 168
21882 688
21883 323
21884 323
21885 323
21886 323
21887 168
21888 677
21889 91
21890 159
21891 323
21892 323
21893 168
21894 232
21895 323
21896 323
21897 323
21898 323
21899 323
21900 168
21901 323
21902 323
21903 159
21904 323
21905 733
21906 323
21907 168
21908 323
21909 159
21910 168
21911 168
21912 323
21913 232
21914 323
21915 232
21916 91
21917 91
21918 323
21919 323
21920 159
21921 323
21922 168
21923 323
21924 168
21925 323
21926 168
21927 323
21928 323
21929 159
21930 323
21931 168
21932 323
21933 323
21934 168
21935 159
21936 448
21937 323
21938 323
21939 168
21940 168
21941 232
21942 880
21943 323
21944 323
21945 159
21946 323
21947 91
21948 159
21949 168
21950 323
21951 323
21952 232
21953 168
21954 232
21955 232
21956 232
21957 168
21958 168
21959 232
21960 168
21961 232
21962 159
21963 323
21964 323
21965 323
21966 168
21967 323
21968 679
21969 323
21970 323
21971 232
21972 91
21973 323
21974 323
21975 159
21976 323
21977 323
21978 323
21979 323
21980 159
21981 780
21982 159
21983 168
21984 323
21985 323
21986 323
21987 323
21988 323
21989 168
21990 323
21991 323
21992 323
21993 168
21994 323
21995 323
21996 680
21997 159
21998 232
21999 232
22000 168
22001 323
22002 323
22003 232
22004 168
22005 660
22006 323
22007 323
22008 168
22009 91
22010 159
22011 168
22012 159
22013 323
22014 323
22015 736
22016 323
22017 323
22018 168
22019 159
22020 159
22021 323
22022 323
22023 232
22024 323
22025 323
22026 91
22027 323
22028 323
22029 323
22030 232
22031 323
22032 323
22033 159
22034 159
22035 323
22036 323
22037 323
22038 159
22039 323
22040 232
22041 323
22042 168
22043 168
22044 168
22045 323
22046 323
22047 232
22048 910
22049 660
22050 682
22051 323
22052 323
22053 232
22054 323
22055 683
22056 159
22057 168
22058 91
22059 168
22060 323
22061 159
22062 323
22063 170
22064 232
22065 159
22066 323
22067 168
22068 323
22069 323
22070 232
22071 323
22072 323
22073 232
22074 323
22075 159
22076 323
22077 323
22078 168
22079 168
22080 323
22081 232
22082 323
22083 323
22084 323
22085 323
22086 159
22087 232
22088 323
22089 323
22090 323
22091 323
22092 323
22093 323
22094 232
22095 323
22096 232
22097 168
22098 323
22099 168
22100 323
22101 323
22102 323
22103 686
22104 860
22105 323
22106 168
22107 323
22108 323
22109 168
22110 323
22111 323
22112 323
22113 232
22114 159
22115 323
22116 323
22117 323
22118 168
22119 323
22120 159
22121 323
22122 323
22123 168
22124 232
22125 232
22126 168
22127 323
22128 159
22129 159
22130 168
22131 168
22132 323
22133 323
22134 232
22135 323
22136 323
22137 168
22138 159
22139 323
22140 91
22141 168
22142 323
22143 323
22144 323
22145 232
22146 232
22147 159
22148 323
22149 129
22150 232
22151 323
22152 168
22153 159
22154 168
22155 323
22156 323
22157 687
22158 323
22159 168
22160 323
22161 323
22162 323
22163 323
22164 168
22165 688
22166 323
22167 323
22168 159
22169 168
22170 323
22171 323
22172 323
22173 168
22174 168
22175 323
22176 899
22177 323
22178 689
22179 323
22180 232
22181 168
22182 168
22183 168
22184 323
22185 323
22186 323
22187 323
22188 159
22189 323
22190 323
22191 168
22192 323
22193 323
22194 168
22195 91
22196 323
22197 323
22198 323
22199 159
22200 323
22201 232
22202 159
22203 232
22204 159
22205 129
22206 168
22207 323
22208 775
22209 323
22210 323
22211 323
22212 323
22213 323
22214 168
22215 323
22216 323
22217 323
22218 232
22219 323
22220 323
22221 323
22222 323
22223 232
22224 323
22225 323
22226 159
22227 168
22228 323
22229 168
22230 691
22231 323
22232 690
22233 168
22234 168
22235 323
22236 232
22237 323
22238 168
22239 168
22240 323
22241 323
22242 692
22243 168
22244 323
22245 168
22246 323
22247 323
22248 693
22249 323
22250 168
22251 323
22252 694
22253 807
22254 323
22255 168
22256 91
22257 323
22258 323
22259 323
22260 168
22261 678
22262 323
22263 159
22264 159
22265 695
22266 168
22267 168
22268 323
22269 159
22270 323
22271 323
22272 323
22273 168
22274 323
22275 168
22276 323
22277 159
22278 232
22279 323
22280 159
22281 168
22282 168
22283 159
22284 168
22285 168
22286 159
22287 508
22288 232
22289 323
22290 168
22291 159
22292 168
22293 168
22294 323
22295 323
22296 323
22297 323
22298 323
22299 232
22300 159
22301 168
22302 168
22303 323
22304 715
22305 323
22306 323
22307 323
22308 232
22309 323
22310 323
22311 323
22312 323
22313 159
22314 232
22315 168
22316 323
22317 232
22318 232
22319 232
22320 323
22321 129
22322 168
22323 323
22324 323
22325 323
22326 668
22327 159
22328 323
22329 323
22330 323
22331 323
22332 159
22333 323
22334 323
22335 323
22336 168
22337 159
22338 323
22339 323
22340 232
22341 168
22342 323
22343 91
22344 232
22345 323
22346 323
22347 159
22348 323
22349 323
22350 323
22351 323
22352 323
22353 159
22354 232
22355 168
22356 323
22357 323
22358 323
22359 168
22360 696
22361 323
22362 323
22363 159
22364 159
22365 323
22366 323
22367 323
22368 697
22369 323
22370 168
22371 159
22372 323
22373 232
22374 168
22375 168
22376 159
22377 698
22378 323
22379 660
22380 323
22381 323
22382 323
22383 699
22384 323
22385 323
22386 323
22387 168
22388 232
22389 232
22390 323
22391 232
22392 159
22393 159
22394 232
22395 323
22396 323
22397 323
22398 168
22399 708
22400 323
22401 323
22402 168
22403 323
22404 700
22405 323
22406 323
22407 323
22408 323
22409 323
22410 232
22411 323
22412 168
22413 159
22414 168
22415 168
22416 323
22417 323
22418 168
22419 159
22420 323
22421 323
22422 159
22423 323
22424 323
22425 323
22426 323
22427 323
22428 323
22429 168
22430 323
22431 168
22432 712
22433 323
22434 323
22435 168
22436 323
22437 168
22438 701
22439 323
22440 323
22441 168
22442 159
22443 232
22444 323
22445 168
22446 168
22447 323
22448 323
22449 168
22450 323
22451 168
22452 323
22453 168
22454 323
22455 159
22456 323
22457 323
22458 168
22459 232
22460 323
22461 168
22462 168
22463 323
22464 168
22465 159
22466 323
22467 159
22468 323
22469 168
22470 323
22471 323
22472 323
22473 702
22474 168
22475 323
22476 323
22477 323
22478 708
22479 323
22480 323
22481 168
22482 323
22483 232
22484 159
22485 843
22486 323
22487 159
22488 232
22489 323
22490 168
22491 159
22492 323
22493 323
22494 323
22495 232
22496 323
22497 323
22498 168
22499 323
22500 323
22501 168
22502 168
22503 323
22504 168
22505 168
22506 232
22507 168
22508 323
22509 129
22510 323
22511 323
22512 704
22513 323
22514 91
22515 91
22516 705
22517 323
22518 159
22519 323
22520 232
22521 323
22522 168
22523 168
22524 91
22525 159
22526 323
22527 323
22528 159
22529 168
22530 159
22531 323
22532 232
22533 159
22534 323
22535 168
22536 168
22537 323
22538 323
22539 159
22540 232
22541 323
22542 323
22543 168
22544 168
22545 168
22546 323
22547 323
22548 323
22549 168
22550 159
22551 756
22552 323
22553 168
22554 159
22555 323
22556 323
22557 159
22558 159
22559 323
22560 323
22561 232
22562 323
22563 323
22564 323
22565 323
22566 159
22567 159
22568 747
22569 232
22570 323
22571 759
22572 323
22573 323
22574 168
22575 323
22576 232
22577 323
22578 668
22579 168
22580 159
22581 323
22582 323
22583 323
22584 323
22585 323
22586 129
22587 323
22588 323
22589 323
22590 323
22591 323
22592 91
22593 323
22594 323
22595 323
22596 323
22597 159
22598 159
22599 323
22600 707
22601 323
22602 323
22603 91
22604 323
22605 168
22606 323
22607 708
22608 168
22609 323
22610 323
22611 323
22612 709
22613 323
22614 159
22615 323
22616 159
22617 323
22618 159
22619 159
22620 232
22621 91
22622 168
22623 168
22624 232
22625 323
22626 159
22627 323
22628 323
22629 168
22630 232
22631 323
22632 710
22633 323
22634 323
22635 168
22636 232
22637 168
22638 323
22639 129
22640 323
22641 232
22642 323
22643 168
22644 232
22645 91
22646 168
22647 168
22648 711
22649 91
22650 232
22651 323
22652 159
22653 232
22654 323
22655 159
22656 323
22657 323
22658 168
22659 323
22660 323
22661 323
22662 168
22663 323
22664 168
22665 323
22666 168
22667 168
22668 323
22669 168
22670 159
22671 323
22672 168
22673 323
22674 323
22675 232
22676 323
22677 688
22678 232
22679 323
22680 323
22681 323
22682 91
22683 232
22684 323
22685 323
22686 712
22687 232
22688 159
22689 91
22690 323
22691 159
22692 323
22693 323
22694 323
22695 91
22696 168
22697 168
22698 765
22699 323
22700 232
22701 323
22702 168
22703 323
22704 323
22705 323
22706 159
22707 168
22708 168
22709 323
22710 323
22711 323
22712 168
22713 323
22714 168
22715 709
22716 323
22717 168
22718 168
22719 159
22720 91
22721 168
22722 323
22723 323
22724 168
22725 323
22726 323
22727 323
22728 323
22729 323
22730 168
22731 713
22732 713
22733 323
22734 323
22735 323
22736 168
22737 159
22738 323
22739 168
22740 323
22741 323
22742 715
22743 323
22744 168
22745 159
22746 716
22747 323
22748 323
22749 323
22750 826
22751 159
22752 323
22753 168
22754 159
22755 323
22756 168
22757 323
22758 168
22759 129
22760 717
22761 168
22762 323
22763 168
22764 323
22765 323
22766 168
22767 232
22768 323
22769 323
22770 168
22771 323
22772 159
22773 159
22774 323
22775 323
22776 727
22777 323
22778 323
22779 168
22780 232
22781 767
22782 323
22783 718
22784 713
22785 168
22786 168
22787 323
22788 232
22789 232
22790 323
22791 323
22792 168
22793 168
22794 91
22795 159
22796 159
22797 159
22798 323
22799 159
22800 168
22801 323
22802 168
22803 323
22804 719
22805 159
22806 168
22807 159
22808 159
22809 323
22810 168
22811 159
22812 323
22813 168
22814 735
22815 91
22816 323
22817 168
22818 323
22819 91
22820 323
22821 159
22822 168
22823 232
22824 323
22825 159
22826 168
22827 323
22828 323
22829 323
22830 168
22831 232
22832 323
22833 168
22834 129
22835 168
22836 168
22837 323
22838 91
22839 232
22840 159
22841 323
22842 168
22843 232
22844 159
22845 323
22846 168
22847 232
22848 323
22849 323
22850 323
22851 91
22852 168
22853 232
22854 159
22855 91
22856 232
22857 323
22858 168
22859 168
22860 232
22861 159
22862 323
22863 168
22864 232
22865 232
22866 323
22867 168
22868 323
22869 159
22870 168
22871 323
22872 760
22873 168
22874 323
22875 323
22876 129
22877 323
22878 168
22879 159
22880 722
22881 168
22882 721
22883 159
22884 323
22885 323
22886 323
22887 323
22888 232
22889 159
22890 91
22891 323
22892 323
22893 91
22894 159
22895 232
22896 168
22897 232
22898 168
22899 168
22900 323
22901 823
22902 323
22903 323
22904 323
22905 129
22906 323
22907 232
22908 688
22909 232
22910 323
22911 323
22912 129
22913 168
22914 168
22915 323
22916 168
22917 323
22918 168
22919 323
22920 168
22921 159
22922 159
22923 168
22924 91
22925 323
22926 714
22927 168
22928 168
22929 168
22930 323
22931 91
22932 726
22933 323
22934 232
22935 569
22936 323
22937 129
22938 726
22939 168
22940 728
22941 323
22942 323
22943 168
22944 869
22945 168
22946 323
22947 323
22948 323
22949 232
22950 323
22951 323
22952 168
22953 323
22954 323
22955 232
22956 323
22957 168
22958 159
22959 168
22960 168
22961 168
22962 168
22963 323
22964 323
22965 323
22966 323
22967 168
22968 323
22969 323
22970 323
22971 91
22972 323
22973 323
22974 168
22975 323
22976 732
22977 323
22978 323
22979 323
22980 168
22981 323
22982 688
22983 159
22984 168
22985 159
22986 232
22987 168
22988 323
22989 323
22990 232
22991 159
22992 323
22993 323
22994 232
22995 323
22996 741
22997 323
22998 168
22999 740
23000 735
23001 323
23002 323
23003 159
23004 714
23005 168
23006 323
23007 168
23008 737
23009 159
23010 168
23011 323
23012 220
23013 159
23014 701
23015 323
23016 323
23017 714
23018 159
23019 728
23020 168
23021 323
23022 688
23023 726
23024 159
23025 168
23026 232
23027 168
23028 323
23029 232
23030 159
23031 232
23032 688
23033 232
23034 323
23035 739
23036 168
23037 232
23038 159
23039 323
23040 714
23041 323
23042 323
23043 159
23044 159
23045 323
23046 168
23047 168
23048 168
23049 232
23050 323
23051 323
23052 159
23053 168
23054 323
23055 323
23056 734
23057 323
23058 571
23059 168
23060 168
23061 159
23062 323
23063 91
23064 159
23065 168
23066 323
23067 323
23068 323
23069 323
23070 323
23071 323
23072 323
23073 168
23074 168
23075 91
23076 714
23077 232
23078 323
23079 159
23080 159
23081 897
23082 323
23083 159
23084 168
23085 323
23086 232
23087 168
23088 159
23089 323
23090 323
23091 232
23092 168
23093 323
23094 168
23095 168
23096 168
23097 168
23098 690
23099 232
23100 129
23101 168
23102 91
23103 232
23104 748
23105 323
23106 323
23107 168
23108 168
23109 323
23110 129
23111 168
23112 323
23113 323
23114 323
23115 168
23116 168
23117 323
23118 323
23119 743
23120 168
23121 168
23122 168
23123 91
23124 323
23125 91
23126 323
23127 159
23128 168
23129 168
23130 323
23131 732
23132 588
23133 232
23134 323
23135 323
23136 323
23137 50
23138 168
23139 168
23140 232
23141 753
23142 743
23143 323
23144 159
23145 168
23146 232
23147 323
23148 232
23149 159
23150 168
23151 323
23152 323
23153 323
23154 159
23155 323
23156 159
23157 159
23158 232
23159 159
23160 554
23161 323
23162 232
23163 323
23164 168
23165 168
23166 323
23167 323
23168 323
23169 323
23170 168
23171 323
23172 159
23173 323
23174 323
23175 323
23176 323
23177 323
23178 323
23179 168
23180 232
23181 323
23182 168
23183 168
23184 323
23185 168
23186 323
23187 168
23188 323
23189 323
23190 232
23191 323
23192 323
23193 323
23194 323
23195 232
23196 323
23197 323
23198 323
23199 323
23200 323
23201 232
23202 746
23203 323
23204 168
23205 168
23206 232
23207 323
23208 323
23209 168
23210 755
23211 323
23212 159
23213 323
23214 168
23215 159
23216 168
23217 168
23218 323
23219 232
23220 323
23221 168
23222 323
23223 232
23224 323
23225 168
23226 323
23227 323
23228 323
23229 168
23230 168
23231 91
23232 323
23233 323
23234 758
23235 323
23236 757
23237 714
23238 168
23239 323
23240 323
23241 323
23242 323
23243 159
23244 168
23245 323
23246 168
23247 323
23248 232
23249 323
23250 91
23251 323
23252 323
23253 168
23254 159
23255 232
23256 323
23257 159
23258 159
23259 323
23260 168
23261 168
23262 323
23263 323
23264 754
23265 323
23266 232
23267 323
23268 232
23269 323
23270 159
23271 706
23272 323
23273 168
23274 888
23275 323
23276 323
23277 323
23278 168
23279 91
23280 714
23281 323
23282 323
23283 168
23284 168
23285 323
23286 232
23287 168
23288 159
23289 730
23290 323
23291 232
23292 232
23293 232
23294 232
23295 159
23296 723
23297 232
23298 168
23299 168
23300 287
23301 323
23302 323
23303 168
23304 232
23305 323
23306 168
23307 763
23308 168
23309 323
23310 168
23311 168
23312 159
23313 323
23314 323
23315 168
23316 323
23317 323
23318 323
23319 323
23320 159
23321 159
23322 159
23323 168
23324 766
23325 323
23326 168
23327 168
23328 168
23329 168
23330 730
23331 323
23332 159
23333 168
23334 159
23335 323
23336 323
23337 323
23338 733
23339 91
23340 232
23341 323
23342 768
23343 168
23344 323
23345 769
23346 323
23347 168
23348 159
23349 323
23350 323
23351 232
23352 168
23353 323
23354 323
23355 323
23356 168
23357 168
23358 168
23359 232
23360 232
23361 232
23362 323
23363 323
23364 168
23365 168
23366 232
23367 774
23368 323
23369 168
23370 323
23371 168
23372 772
23373 159
23374 323
23375 159
23376 735
23377 750
23378 770
23379 168
23380 159
23381 232
23382 91
23383 168
23384 323
23385 168
23386 323
23387 159
23388 232
23389 168
23390 168
23391 159
23392 159
23393 168
23394 168
23395 168
23396 168
23397 735
23398 323
23399 735
23400 168
23401 168
23402 776
23403 323
23404 323
23405 735
23406 159
23407 323
23408 323
23409 323
23410 168
23411 168
23412 168
23413 91
23414 168
23415 168
23416 159
23417 323
23418 323
23419 159
23420 323
23421 232
23422 159
23423 159
23424 168
23425 159
23426 875
23427 323
23428 232
23429 323
23430 323
23431 905
23432 735
23433 168
23434 168
23435 323
23436 731
23437 159
23438 323
23439 323
23440 323
23441 323
23442 323
23443 323
23444 159
23445 789
23446 168
23447 159
23448 323
23449 159
23450 232
23451 159
23452 323
23453 323
23454 159
23455 323
23456 783
23457 323
23458 713
23459 168
23460 788
23461 323
23462 323
23463 232
23464 323
23465 159
23466 159
23467 323
23468 323
23469 91
23470 323
23471 323
23472 168
23473 168
23474 323
23475 168
23476 323
23477 232
23478 168
23479 159
23480 735
23481 323
23482 323
23483 688
23484 232
23485 323
23486 323
23487 735
23488 323
23489 713
23490 159
23491 323
23492 787
23493 232
23494 91
23495 159
23496 323
23497 168
23498 323
23499 168
23500 781
23501 168
23502 323
23503 858
23504 159
23505 323
23506 168
23507 786
23508 735
23509 168
23510 323
23511 323
23512 159
23513 159
23514 323
23515 323
23516 232
23517 159
23518 232
23519 159
23520 323
23521 159
23522 168
23523 168
23524 168
23525 159
23526 323
23527 323
23528 159
23529 323
23530 323
23531 323
23532 159
23533 323
23534 323
23535 323
23536 168
23537 168
23538 323
23539 323
23540 159
23541 168
23542 232
23543 159
23544 752
23545 129
23546 323
23547 168
23548 323
23549 323
23550 668
23551 787
23552 323
23553 787
23554 159
23555 159
23556 168
23557 793
23558 323
23559 168
23560 323
23561 830
23562 232
23563 159
23564 323
23565 783
23566 232
23567 755
23568 735
23569 159
23570 168
23571 168
23572 879
23573 323
23574 323
23575 323
23576 91
23577 168
23578 323
23579 168
23580 168
23581 159
23582 159
23583 323
23584 323
23585 323
23586 835
23587 232
23588 159
23589 232
23590 232
23591 323
23592 232
23593 323
23594 159
23595 323
23596 735
23597 232
23598 323
23599 168
23600 323
23601 232
23602 232
23603 323
23604 688
23605 168
23606 323
23607 50
23608 323
23609 729
23610 323
23611 323
23612 168
23613 798
23614 168
23615 792
23616 159
23617 168
23618 91
23619 735
23620 168
23621 323
23622 168
23623 323
23624 159
23625 159
23626 323
23627 793
23628 91
23629 323
23630 323
23631 91
23632 168
23633 323
23634 688
23635 159
23636 159
23637 323
23638 323
23639 323
23640 168
23641 159
23642 601
23643 168
23644 323
23645 323
23646 323
23647 735
23648 323
23649 323
23650 323
23651 323
23652 829
23653 323
23654 159
23655 323
23656 232
23657 159
23658 159
23659 590
23660 323
23661 323
23662 323
23663 323
23664 808
23665 323
23666 801
23667 323
23668 168
23669 168
23670 785
23671 323
23672 232
23673 323
23674 159
23675 168
23676 232
23677 323
23678 159
23679 323
23680 323
23681 168
23682 803
23683 323
23684 159
23685 323
23686 323
23687 323
23688 168
23689 168
23690 159
23691 323
23692 232
23693 323
23694 688
23695 323
23696 323
23697 323
23698 323
23699 168
23700 168
23701 159
23702 232
23703 323
23704 323
23705 168
23706 635
23707 232
23708 323
23709 323
23710 168
23711 803
23712 159
23713 323
23714 232
23715 323
23716 806
23717 323
23718 323
23719 168
23720 159
23721 323
23722 323
23723 168
23724 323
23725 323
23726 792
23727 159
23728 800
23729 168
23730 159
23731 323
23732 738
23733 168
23734 159
23735 168
23736 159
23737 168
23738 159
23739 168
23740 232
23741 323
23742 168
23743 168
23744 168
23745 323
23746 159
23747 323
23748 688
23749 785
23750 323
23751 168
23752 159
23753 159
23754 232
23755 323
23756 323
23757 323
23758 323
23759 323
23760 323
23761 168
23762 91
23763 159
23764 323
23765 796
23766 323
23767 168
23768 232
23769 703
23770 323
23771 159
23772 812
23773 159
23774 829
23775 168
23776 323
23777 323
23778 232
23779 91
23780 159
23781 814
23782 790
23783 323
23784 589
23785 814
23786 323
23787 323
23788 730
23789 688
23790 323
23791 323
23792 771
23793 323
23794 159
23795 159
23796 323
23797 815
23798 323
23799 168
23800 323
23801 323
23802 232
23803 323
23804 159
23805 782
23806 159
23807 159
23808 816
23809 323
23810 168
23811 168
23812 323
23813 168
23814 323
23815 168
23816 323
23817 323
23818 323
23819 168
23820 168
23821 886
23822 168
23823 323
23824 323
23825 168
23826 323
23827 232
23828 159
23829 323
23830 724
23831 168
23832 323
23833 736
23834 323
23835 738
23836 168
23837 323
23838 232
23839 232
23840 159
23841 168
23842 323
23843 323
23844 688
23845 168
23846 168
23847 232
23848 168
23849 323
23850 168
23851 323
23852 159
23853 825
23854 824
23855 323
23856 159
23857 232
23858 168
23859 232
23860 323
23861 159
23862 168
23863 323
23864 159
23865 834
23866 232
23867 323
23868 323
23869 323
23870 159
23871 168
23872 168
23873 323
23874 232
23875 323
23876 323
23877 323
23878 323
23879 168
23880 323
23881 848
23882 159
23883 323
23884 232
23885 159
23886 873
23887 323
23888 323
23889 323
23890 323
23891 323
23892 323
23893 688
23894 323
23895 159
23896 708
23897 323
23898 861
23899 232
23900 323
23901 323
23902 232
23903 323
23904 323
23905 168
23906 232
23907 159
23908 688
23909 323
23910 323
23911 323
23912 232
23913 323
23914 91
23915 323
23916 323
23917 168
23918 323
23919 323
23920 323
23921 159
23922 232
23923 323
23924 232
23925 91
23926 323
23927 323
23928 323
23929 323
23930 323
23931 783
23932 168
23933 323
23934 323
23935 323
23936 168
23937 168
23938 168
23939 232
23940 323
23941 912
23942 323
23943 323
23944 323
23945 129
23946 688
23947 323
23948 232
23949 834
23950 159
23951 232
23952 323
23953 232
23954 323
23955 323
23956 232
23957 232
23958 323
23959 323
23960 835
23961 232
23962 323
23963 168
23964 323
23965 168
23966 688
23967 294
23968 91
23969 323
23970 159
23971 159
23972 232
23973 232
23974 323
23975 168
23976 168
23977 323
23978 168
23979 323
23980 323
23981 91
23982 323
23983 323
23984 168
23985 762
23986 232
23987 232
23988 168
23989 168
23990 887
23991 159
23992 159
23993 323
23994 168
23995 323
23996 323
23997 159
23998 159
23999 168
24000 168
24001 168
24002 91
24003 159
24004 232
24005 856
24006 577
24007 323
24008 168
24009 232
24010 323
24011 323
24012 323
24013 323
24014 323
24015 323
24016 168
24017 159
24018 323
24019 323
24020 168
24021 323
24022 323
24023 323
24024 323
24025 91
24026 323
24027 832
24028 159
24029 906
24030 168
24031 168
24032 323
24033 323
24034 168
24035 323
24036 232
24037 323
24038 323
24039 159
24040 168
24041 232
24042 168
24043 159
24044 323
24045 323
24046 232
24047 168
24048 168
24049 323
24050 159
24051 159
24052 232
24053 323
24054 323
24055 168
24056 323
24057 159
24058 323
24059 232
24060 232
24061 159
24062 323
24063 232
24064 323
24065 323
24066 323
24067 159
24068 323
24069 323
24070 232
24071 168
24072 232
24073 91
24074 867
24075 159
24076 323
24077 323
24078 232
24079 168
24080 323
24081 323
24082 323
24083 323
24084 323
24085 159
24086 232
24087 168
24088 159
24089 323
24090 323
24091 661
24092 168
24093 827
24094 323
24095 232
24096 323
24097 323
24098 168
24099 465
24100 232
24101 838
24102 323
24103 159
24104 232
24105 323
24106 323
24107 850
24108 849
24109 323
24110 168
24111 168
24112 323
24113 323
24114 323
24115 168
24116 168
24117 323
24118 323
24119 168
24120 323
24121 168
24122 323
24123 168
24124 323
24125 232
24126 323
24127 168
24128 323
24129 821
24130 232
24131 853
24132 323
24133 323
24134 168
24135 323
24136 323
24137 323
24138 323
24139 168
24140 323
24141 168
24142 323
24143 323
24144 843
24145 323
24146 168
24147 323
24148 323
24149 232
24150 232
24151 232
24152 688
24153 323
24154 323
24155 159
24156 840
24157 232
24158 323
24159 232
24160 782
24161 323
24162 168
24163 323
24164 323
24165 323
24166 323
24167 323
24168 323
24169 323
24170 323
24171 323
24172 866
24173 323
24174 323
24175 828
24176 323
24177 323
24178 323
24179 232
24180 863
24181 168
24182 323
24183 323
24184 323
24185 323
24186 914
24187 232
24188 159
24189 860
24190 91
24191 323
24192 159
24193 232
24194 323
24195 91
24196 168
24197 323
24198 859
24199 864
24200 323
24201 846
24202 323
24203 868
24204 232
24205 232
24206 323
24207 159
24208 232
24209 323
24210 159
24211 232
24212 323
24213 323
24214 323
24215 484
24216 168
24217 688
24218 168
24219 323
24220 232
24221 232
24222 168
24223 870
24224 323
24225 168
24226 168
24227 323
24228 484
24229 232
24230 159
24231 688
24232 159
24233 168
24234 872
24235 168
24236 323
24237 159
24238 159
24239 168
24240 323
24241 323
24242 323
24243 168
24244 323
24245 323
24246 159
24247 159
24248 168
24249 871
24250 168
24251 232
24252 159
24253 232
24254 836
24255 323
24256 323
24257 294
24258 688
24259 323
24260 323
24261 159
24262 323
24263 323
24264 323
24265 688
24266 688
24267 159
24268 323
24269 168
24270 323
24271 323
24272 323
24273 232
24274 819
24275 323
24276 91
24277 168
24278 323
24279 323
24280 168
24281 159
24282 159
24283 323
24284 323
24285 688
24286 159
24287 323
24288 323
24289 159
24290 323
24291 168
24292 323
24293 168
24294 232
24295 323
24296 159
24297 323
24298 323
24299 232
24300 159
24301 323
24302 168
24303 232
24304 232
24305 323
24306 876
24307 323
24308 688
24309 323
24310 323
24311 91
24312 168
24313 232
24314 159
24315 232
24316 891
24317 843
24318 323
24319 168
24320 232
24321 323
24322 159
24323 168
24324 323
24325 323
24326 168
24327 168
24328 323
24329 795
24330 688
24331 323
24332 323
24333 232
24334 323
24335 323
24336 323
24337 168
24338 916
24339 598
24340 159
24341 598
24342 323
24343 885
24344 323
24345 168
24346 811
24347 323
24348 323
24349 883
24350 168
24351 159
24352 822
24353 168
24354 323
24355 323
24356 792
24357 323
24358 323
24359 323
24360 323
24361 323
24362 323
24363 168
24364 323
24365 19
24366 323
24367 323
24368 323
24369 159
24370 323
24371 168
24372 91
24373 820
24374 168
24375 168
24376 168
24377 323
24378 860
24379 839
24380 168
24381 761
24382 323
24383 168
24384 168
24385 323
24386 323
24387 884
24388 168
24389 168
24390 598
24391 168
24392 159
24393 91
24394 323
24395 159
24396 794
24397 323
24398 168
24399 91
24400 91
24401 323
24402 168
24403 323
24404 736
24405 168
24406 168
24407 168
24408 159
24409 159
24410 159
24411 782
24412 323
24413 834
24414 323
24415 323
24416 232
24417 159
24418 91
24419 168
24420 323
24421 323
24422 232
24423 813
24424 323
24425 688
24426 323
24427 323
24428 168
24429 323
24430 323
24431 159
24432 168
24433 168
24434 159
24435 323
24436 323
24437 323
24438 232
24439 168
24440 323
24441 792
24442 232
24443 168
24444 91
24445 232
24446 323
24447 688
24448 323
24449 159
24450 91
24451 323
24452 232
24453 168
24454 168
24455 323
24456 232
24457 829
24458 323
24459 323
24460 168
24461 323
24462 323
24463 323
24464 232
24465 323
24466 168
24467 323
24468 323
24469 91
24470 159
24471 323
24472 323
24473 168
24474 168
24475 159
24476 232
24477 168
24478 159
24479 323
24480 91
24481 168
24482 323
24483 159
24484 323
24485 323
24486 168
24487 232
24488 323
24489 782
24490 232
24491 232
24492 782
24493 91
24494 168
24495 159
24496 895
24497 159
24498 168
24499 323
24500 159
24501 768
24502 168
24503 323
24504 232
24505 782
24506 323
24507 159
24508 323
24509 168
24510 168
24511 323
24512 323
24513 688
24514 323
24515 168
24516 894
24517 323
24518 323
24519 168
24520 323
24521 896
24522 323
24523 323
24524 168
24525 745
24526 323
24527 168
24528 168
24529 159
24530 323
24531 159
24532 323
24533 159
24534 811
24535 159
24536 323
24537 159
24538 168
24539 91
24540 323
24541 323
24542 159
24543 323
24544 232
24545 323
24546 323
24547 323
24548 900
24549 168
24550 159
24551 323
24552 578
24553 323
24554 168
24555 688
24556 323
24557 159
24558 168
24559 168
24560 323
24561 323
24562 168
24563 159
24564 323
24565 159
24566 821
24567 323
24568 323
24569 168
24570 168
24571 323
24572 168
24573 323
24574 323
24575 168
24576 818
24577 688
24578 903
24579 232
24580 91
24581 159
24582 904
24583 168
24584 323
24585 779
24586 896
24587 323
24588 168
24589 168
24590 323
24591 323
24592 323
24593 91
24594 323
24595 323
24596 232
24597 323
24598 906
24599 323
24600 323
24601 911
24602 323
24603 323
24604 323
24605 323
24606 323
24607 323
24608 736
24609 323
24610 232
24611 323
24612 909
24613 323
24614 168
24615 908
24616 168
24617 323
24618 323
24619 688
24620 159
24621 323
24622 168
24623 873
24624 323
24625 323
24626 681
24627 323
24628 323
24629 323
24630 232
24631 323
24632 323
24633 159
24634 168
24635 782
24636 159
24637 159
24638 323
24639 323
24640 323
24641 797
24642 159
24643 168
24644 873
24645 168
24646 168
24647 168
24648 907
24649 159
24650 168
24651 323
24652 782
24653 159
24654 323
24655 159
24656 159
24657 159
24658 323
24659 323
24660 323
24661 831
24662 559
24663 323
24664 232
24665 159
24666 323
24667 323
24668 159
24669 688
24670 159
24671 232
24672 323
24673 232
24674 323
24675 843
24676 323
24677 159
24678 323
24679 782
24680 323
24681 159
24682 323
24683 323
24684 877
24685 168
24686 159
24687 688
24688 168
24689 91
24690 323
24691 863
24692 232
24693 159
24694 323
24695 168
24696 168
24697 323
24698 168
24699 159
24700 323
24701 232
24702 168
24703 168
24704 782
24705 323
24706 323
24707 159
24708 323
24709 159
24710 863
24711 168
24712 232
24713 873
24714 915
24715 323
24716 168
24717 91
24718 232
24719 323
24720 168
24721 159
24722 323
24723 882
24724 323
24725 168
24726 323
24727 232
24728 168
24729 323
24730 688
24731 688
24732 323
24733 782
24734 323
24735 323
24736 323
24737 232
24738 323
24739 613
24740 168
24741 873
24742 768
24743 168
24744 323
24745 159
24746 168
24747 323
24748 232
24749 168
24750 159
24751 159
24752 768
24753 323
24754 782
24755 323
24756 232
24757 168
24758 232
