5190
0 13
1 13
2 13
3 13
4 13
5 13
6 13
7 13
8 13
9 13
10 13
11 13
12 13
13 13
14 13
15 13
16 13
17 13
18 13
19 13
20 13
21 13
22 13
23 13
24 13
25 13
26 13
27 13
28 13
29 13
30 13
31 13
32 13
33 13
34 13
35 13
36 13
37 13
38 13
39 13
40 13
41 13
42 13
43 13
44 13
45 13
46 13
47 13
48 13
49 13
50 13
51 13
52 13
53 13
54 13
55 13
56 13
57 13
58 13
59 13
60 13
61 13
62 13
63 13
64 13
65 13
66 13
67 13
68 13
69 13
70 13
71 13
72 13
73 13
74 13
75 13
76 13
77 13
78 13
79 13
80 13
81 13
82 13
83 13
84 13
85 13
86 13
87 13
88 13
89 13
90 13
91 13
92 13
93 13
94 13
95 13
96 13
97 13
98 13
99 13
100 13
101 13
102 13
103 13
104 13
105 13
106 13
107 13
108 13
109 13
110 13
111 13
112 13
113 13
114 13
115 13
116 13
117 13
118 13
119 13
120 13
121 13
122 13
123 13
124 13
125 13
126 13
127 13
128 13
129 13
130 13
131 13
132 13
133 13
134 13
135 13
136 13
137 13
138 13
139 13
140 13
141 13
142 13
143 13
144 13
145 13
146 13
147 13
148 13
149 13
150 13
151 13
152 13
153 13
154 13
155 13
156 13
157 13
158 13
159 13
160 13
161 13
162 13
163 13
164 13
165 13
166 13
167 13
168 13
169 13
170 13
171 13
172 13
173 13
174 13
175 13
176 13
177 13
178 13
179 13
180 13
181 13
182 13
183 13
184 13
185 13
186 13
187 13
188 13
189 13
190 13
191 13
192 13
193 13
194 13
195 13
196 13
197 13
198 13
199 13
200 13
201 13
202 13
203 13
204 13
205 13
206 13
207 13
208 13
209 13
210 13
211 13
212 13
213 13
214 13
215 13
216 13
217 13
218 13
219 13
220 13
221 13
222 13
223 13
224 13
225 13
226 13
227 13
228 13
229 13
230 13
231 13
232 13
233 13
234 13
235 13
236 13
237 13
238 13
239 13
240 13
241 13
242 13
243 13
244 13
245 13
246 13
247 13
248 13
249 13
250 13
251 13
252 13
253 13
254 13
255 13
256 13
257 13
258 13
259 13
260 13
261 13
262 13
263 13
264 13
265 13
266 13
267 13
268 13
269 13
270 13
271 13
272 13
273 13
274 13
275 13
276 13
277 13
278 13
279 13
280 13
281 13
282 13
283 13
284 13
285 13
286 13
287 13
288 13
289 13
290 13
291 13
292 13
293 13
294 13
295 13
296 13
297 13
298 13
299 13
300 13
301 13
302 13
303 13
304 13
305 13
306 13
307 13
308 13
309 13
310 13
311 13
312 13
313 13
314 13
315 13
316 13
317 13
318 13
319 13
320 13
321 13
322 13
323 13
324 13
325 13
326 13
327 13
328 13
329 13
330 13
331 13
332 13
333 13
334 13
335 13
336 13
337 13
338 13
339 13
340 13
341 13
342 13
343 13
344 13
345 13
346 13
347 13
348 13
349 13
350 13
351 13
352 13
353 13
354 13
355 13
356 13
357 13
358 13
359 13
360 13
361 13
362 13
363 13
364 13
365 13
366 13
367 13
368 13
369 13
370 13
371 13
372 13
373 13
374 13
375 13
376 13
377 13
378 13
379 13
380 13
381 13
382 13
383 13
384 13
385 13
386 13
387 13
388 13
389 13
390 13
391 13
392 13
393 13
394 13
395 13
396 13
397 13
398 13
399 13
400 13
401 13
402 13
403 13
404 13
405 13
406 13
407 13
408 13
409 13
410 13
411 13
412 13
413 13
414 13
415 13
416 13
417 13
418 13
419 13
420 13
421 13
422 13
423 13
424 13
425 13
426 13
427 13
428 13
429 13
430 13
431 13
432 13
433 13
434 13
435 13
436 13
437 13
438 13
439 13
440 13
441 13
442 13
443 13
444 13
445 13
446 13
447 13
448 13
449 13
450 13
451 13
452 13
453 13
454 13
455 13
456 13
457 13
458 13
459 13
460 13
461 13
462 13
463 13
464 13
465 13
466 13
467 13
468 13
469 13
470 13
471 13
472 13
473 13
474 13
475 13
476 13
477 13
478 13
479 13
480 13
481 13
482 13
483 13
484 13
485 13
486 13
487 13
488 13
489 13
490 13
491 13
492 13
493 13
494 13
495 13
496 13
497 13
498 13
499 13
500 13
501 13
502 13
503 13
504 13
505 13
506 13
507 13
508 13
509 13
510 13
511 13
512 13
513 13
514 13
515 13
516 13
517 13
518 13
519 13
520 13
521 13
522 13
523 13
524 13
525 13
526 13
527 13
528 13
529 13
530 13
531 13
532 13
533 13
534 13
535 13
536 13
537 13
538 13
539 13
540 13
541 13
542 13
543 13
544 13
545 13
546 13
547 13
548 13
549 13
550 13
551 13
552 13
553 13
554 13
555 13
556 13
557 13
558 13
559 13
560 13
561 13
562 13
563 13
564 13
565 13
566 13
567 13
568 13
569 13
570 13
571 13
572 13
573 13
574 13
575 13
576 13
577 13
578 13
579 13
580 13
581 13
582 13
583 13
584 13
585 13
586 13
587 13
588 13
589 13
590 13
591 13
592 13
593 13
594 13
595 13
596 13
597 13
598 13
599 13
600 13
601 13
602 13
603 13
604 13
605 13
606 13
607 13
608 13
609 13
610 13
611 13
612 13
613 13
614 13
615 13
616 13
617 13
618 13
619 13
620 13
621 13
622 13
623 13
624 13
625 13
626 13
627 13
628 13
629 13
630 13
631 13
632 13
633 13
634 13
635 13
636 13
637 13
638 13
639 13
640 13
641 13
642 13
643 13
644 13
645 13
646 13
647 13
648 13
649 13
650 13
651 13
652 13
653 13
654 13
655 13
656 13
657 13
658 13
659 13
660 13
661 13
662 13
663 13
664 13
665 13
666 13
667 13
668 13
669 13
670 13
671 13
672 13
673 13
674 13
675 13
676 13
677 13
678 13
679 13
680 13
681 13
682 13
683 13
684 13
685 13
686 13
687 13
688 13
689 13
690 13
691 13
692 13
693 13
694 13
695 13
696 13
697 13
698 13
699 13
700 13
701 13
702 13
703 13
704 13
705 13
706 13
707 13
708 13
709 13
710 13
711 13
712 13
713 13
714 13
715 13
716 13
717 13
718 13
719 13
720 13
721 13
722 13
723 13
724 13
725 13
726 13
727 13
728 13
729 13
730 13
731 13
732 13
733 13
734 13
735 13
736 13
737 13
738 13
739 13
740 13
741 13
742 13
743 13
744 13
745 13
746 13
747 13
748 13
749 13
750 13
751 13
752 13
753 13
754 13
755 13
756 13
757 13
758 13
759 13
760 13
761 13
762 13
763 13
764 13
765 13
766 13
767 13
768 13
769 13
770 13
771 13
772 13
773 13
774 13
775 13
776 13
777 13
778 13
779 13
780 13
781 13
782 13
783 13
784 13
785 13
786 13
787 13
788 13
789 13
790 13
791 13
792 13
793 13
794 13
795 13
796 13
797 13
798 13
799 13
800 13
801 13
802 13
803 13
804 13
805 13
806 13
807 13
808 13
809 13
810 13
811 13
812 13
813 13
814 13
815 13
816 13
817 13
818 13
819 13
820 13
821 13
822 13
823 13
824 13
825 13
826 13
827 13
828 13
829 13
830 13
831 13
832 13
833 13
834 13
835 13
836 13
837 13
838 13
839 13
840 13
841 13
842 13
843 13
844 13
845 13
846 13
847 13
848 13
849 13
850 13
851 13
852 13
853 13
854 13
855 13
856 13
857 13
858 13
859 13
860 13
861 13
862 13
863 13
864 13
865 13
866 13
867 13
868 13
869 13
870 13
871 13
872 13
873 13
874 13
875 13
876 13
877 13
878 13
879 13
880 13
881 13
882 13
883 13
884 13
885 13
886 13
887 13
888 13
889 13
890 13
891 13
892 13
893 13
894 13
895 13
896 13
897 13
898 13
899 13
900 13
901 13
902 13
903 13
904 13
905 13
906 13
907 13
908 13
909 13
910 13
911 13
912 13
913 13
914 13
915 13
916 13
917 13
918 13
919 13
920 13
921 13
922 13
923 13
924 13
925 13
926 13
927 13
928 13
929 13
930 13
931 13
932 13
933 13
934 13
935 13
936 13
937 13
938 13
939 13
940 13
941 13
942 13
943 13
944 13
945 13
946 13
947 13
948 13
949 13
950 13
951 13
952 13
953 13
954 13
955 13
956 13
957 13
958 13
959 13
960 13
961 13
962 13
963 13
964 13
965 13
966 13
967 13
968 13
969 13
970 13
971 13
972 13
973 13
974 13
975 13
976 13
977 13
978 13
979 13
980 13
981 13
982 13
983 13
984 13
985 13
986 13
987 13
988 13
989 13
990 13
991 13
992 13
993 13
994 13
995 13
996 13
997 13
998 13
999 13
1000 13
1001 13
1002 13
1003 13
1004 13
1005 13
1006 13
1007 13
1008 13
1009 13
1010 13
1011 13
1012 13
1013 13
1014 13
1015 13
1016 13
1017 13
1018 13
1019 13
1020 13
1021 13
1022 13
1023 13
1024 13
1025 13
1026 13
1027 13
1028 13
1029 13
1030 13
1031 13
1032 13
1033 13
1034 13
1035 13
1036 13
1037 13
1038 13
1039 13
1040 13
1041 13
1042 13
1043 13
1044 13
1045 13
1046 13
1047 13
1048 13
1049 13
1050 13
1051 13
1052 13
1053 13
1054 13
1055 13
1056 13
1057 13
1058 13
1059 13
1060 13
1061 13
1062 13
1063 13
1064 13
1065 13
1066 13
1067 13
1068 13
1069 13
1070 13
1071 13
1072 13
1073 13
1074 13
1075 13
1076 13
1077 13
1078 13
1079 13
1080 13
1081 13
1082 13
1083 13
1084 13
1085 13
1086 13
1087 13
1088 13
1089 13
1090 13
1091 13
1092 13
1093 13
1094 13
1095 13
1096 13
1097 13
1098 13
1099 13
1100 13
1101 13
1102 13
1103 13
1104 13
1105 13
1106 13
1107 13
1108 13
1109 13
1110 13
1111 13
1112 13
1113 13
1114 13
1115 13
1116 13
1117 13
1118 13
1119 13
1120 13
1121 13
1122 13
1123 13
1124 13
1125 13
1126 13
1127 13
1128 13
1129 13
1130 13
1131 13
1132 13
1133 13
1134 13
1135 13
1136 13
1137 13
1138 13
1139 13
1140 13
1141 13
1142 13
1143 13
1144 13
1145 13
1146 13
1147 13
1148 13
1149 13
1150 13
1151 13
1152 13
1153 13
1154 13
1155 13
1156 13
1157 13
1158 13
1159 13
1160 13
1161 13
1162 13
1163 13
1164 13
1165 13
1166 13
1167 0
1168 13
1169 13
1170 13
1171 13
1172 13
1173 13
1174 13
1175 13
1176 13
1177 13
1178 13
1179 13
1180 13
1181 13
1182 13
1183 13
1184 13
1185 13
1186 13
1187 13
1188 13
1189 13
1190 13
1191 13
1192 13
1193 13
1194 13
1195 13
1196 13
1197 13
1198 13
1199 13
1200 13
1201 13
1202 13
1203 13
1204 13
1205 13
1206 13
1207 13
1208 13
1209 13
1210 13
1211 13
1212 13
1213 13
1214 13
1215 13
1216 13
1217 13
1218 13
1219 13
1220 13
1221 13
1222 13
1223 13
1224 13
1225 13
1226 13
1227 13
1228 13
1229 13
1230 13
1231 13
1232 13
1233 13
1234 13
1235 13
1236 13
1237 13
1238 13
1239 13
1240 13
1241 13
1242 13
1243 13
1244 13
1245 13
1246 13
1247 13
1248 13
1249 13
1250 13
1251 13
1252 13
1253 13
1254 13
1255 13
1256 13
1257 13
1258 13
1259 13
1260 13
1261 13
1262 13
1263 13
1264 13
1265 13
1266 13
1267 13
1268 13
1269 13
1270 13
1271 13
1272 13
1273 13
1274 13
1275 13
1276 13
1277 13
1278 13
1279 13
1280 13
1281 13
1282 13
1283 13
1284 13
1285 13
1286 13
1287 13
1288 13
1289 13
1290 13
1291 13
1292 13
1293 13
1294 13
1295 13
1296 13
1297 13
1298 13
1299 13
1300 13
1301 13
1302 13
1303 13
1304 13
1305 13
1306 13
1307 13
1308 13
1309 13
1310 13
1311 13
1312 13
1313 13
1314 13
1315 13
1316 13
1317 13
1318 13
1319 13
1320 13
1321 13
1322 13
1323 13
1324 13
1325 13
1326 13
1327 13
1328 13
1329 13
1330 13
1331 13
1332 13
1333 13
1334 13
1335 13
1336 13
1337 13
1338 13
1339 13
1340 13
1341 13
1342 13
1343 13
1344 13
1345 13
1346 13
1347 13
1348 13
1349 13
1350 13
1351 13
1352 13
1353 13
1354 13
1355 13
1356 13
1357 13
1358 13
1359 13
1360 13
1361 13
1362 13
1363 13
1364 13
1365 13
1366 13
1367 13
1368 13
1369 13
1370 13
1371 13
1372 13
1373 13
1374 13
1375 13
1376 13
1377 13
1378 13
1379 13
1380 13
1381 13
1382 13
1383 13
1384 13
1385 13
1386 13
1387 13
1388 13
1389 13
1390 13
1391 13
1392 1
1393 13
1394 13
1395 13
1396 13
1397 13
1398 13
1399 13
1400 13
1401 13
1402 13
1403 13
1404 13
1405 13
1406 13
1407 13
1408 13
1409 13
1410 13
1411 13
1412 13
1413 13
1414 13
1415 13
1416 13
1417 13
1418 13
1419 13
1420 13
1421 13
1422 13
1423 13
1424 13
1425 13
1426 13
1427 13
1428 13
1429 13
1430 13
1431 13
1432 13
1433 13
1434 13
1435 13
1436 13
1437 13
1438 13
1439 13
1440 13
1441 13
1442 13
1443 13
1444 13
1445 13
1446 13
1447 13
1448 13
1449 13
1450 13
1451 13
1452 13
1453 13
1454 13
1455 13
1456 13
1457 13
1458 13
1459 13
1460 13
1461 13
1462 13
1463 13
1464 13
1465 13
1466 13
1467 13
1468 13
1469 13
1470 13
1471 13
1472 13
1473 13
1474 13
1475 13
1476 13
1477 13
1478 13
1479 13
1480 13
1481 13
1482 13
1483 13
1484 13
1485 13
1486 13
1487 13
1488 13
1489 13
1490 13
1491 13
1492 13
1493 13
1494 13
1495 13
1496 13
1497 13
1498 13
1499 13
1500 13
1501 13
1502 13
1503 13
1504 13
1505 13
1506 13
1507 13
1508 13
1509 13
1510 13
1511 13
1512 13
1513 13
1514 13
1515 13
1516 13
1517 13
1518 13
1519 13
1520 13
1521 13
1522 13
1523 13
1524 13
1525 13
1526 13
1527 13
1528 13
1529 13
1530 13
1531 13
1532 13
1533 13
1534 13
1535 13
1536 13
1537 13
1538 13
1539 13
1540 13
1541 13
1542 13
1543 13
1544 13
1545 13
1546 13
1547 13
1548 13
1549 13
1550 13
1551 13
1552 13
1553 13
1554 13
1555 13
1556 13
1557 13
1558 13
1559 13
1560 13
1561 13
1562 13
1563 13
1564 13
1565 13
1566 13
1567 13
1568 13
1569 13
1570 13
1571 13
1572 13
1573 13
1574 13
1575 13
1576 13
1577 13
1578 13
1579 13
1580 13
1581 13
1582 13
1583 13
1584 13
1585 13
1586 13
1587 13
1588 13
1589 13
1590 13
1591 13
1592 13
1593 13
1594 13
1595 13
1596 13
1597 13
1598 13
1599 13
1600 13
1601 13
1602 13
1603 13
1604 13
1605 13
1606 13
1607 13
1608 13
1609 13
1610 13
1611 13
1612 13
1613 13
1614 13
1615 13
1616 13
1617 13
1618 13
1619 13
1620 13
1621 13
1622 13
1623 13
1624 13
1625 13
1626 13
1627 13
1628 13
1629 13
1630 13
1631 13
1632 13
1633 13
1634 2
1635 13
1636 13
1637 13
1638 13
1639 13
1640 13
1641 13
1642 13
1643 13
1644 13
1645 13
1646 13
1647 13
1648 13
1649 13
1650 13
1651 13
1652 13
1653 13
1654 13
1655 13
1656 13
1657 13
1658 13
1659 13
1660 13
1661 13
1662 13
1663 13
1664 13
1665 13
1666 13
1667 13
1668 13
1669 13
1670 13
1671 13
1672 13
1673 13
1674 13
1675 13
1676 13
1677 13
1678 13
1679 13
1680 13
1681 13
1682 13
1683 13
1684 13
1685 13
1686 13
1687 13
1688 13
1689 13
1690 13
1691 13
1692 13
1693 13
1694 13
1695 13
1696 13
1697 13
1698 13
1699 13
1700 13
1701 13
1702 13
1703 13
1704 13
1705 13
1706 13
1707 13
1708 13
1709 13
1710 13
1711 13
1712 13
1713 13
1714 13
1715 13
1716 13
1717 13
1718 13
1719 13
1720 13
1721 13
1722 13
1723 13
1724 13
1725 13
1726 13
1727 13
1728 13
1729 13
1730 13
1731 13
1732 13
1733 13
1734 13
1735 13
1736 13
1737 13
1738 13
1739 13
1740 13
1741 13
1742 13
1743 13
1744 13
1745 13
1746 13
1747 13
1748 13
1749 13
1750 13
1751 13
1752 13
1753 13
1754 13
1755 13
1756 13
1757 13
1758 13
1759 13
1760 13
1761 13
1762 13
1763 13
1764 13
1765 13
1766 13
1767 13
1768 13
1769 13
1770 13
1771 13
1772 13
1773 13
1774 13
1775 13
1776 13
1777 13
1778 13
1779 13
1780 13
1781 13
1782 13
1783 13
1784 13
1785 13
1786 13
1787 13
1788 13
1789 13
1790 13
1791 13
1792 13
1793 13
1794 13
1795 13
1796 13
1797 13
1798 13
1799 13
1800 13
1801 13
1802 13
1803 13
1804 13
1805 13
1806 13
1807 13
1808 13
1809 13
1810 13
1811 13
1812 13
1813 13
1814 13
1815 13
1816 13
1817 13
1818 13
1819 13
1820 13
1821 13
1822 13
1823 13
1824 13
1825 13
1826 13
1827 13
1828 13
1829 13
1830 13
1831 13
1832 13
1833 13
1834 13
1835 13
1836 13
1837 13
1838 13
1839 13
1840 13
1841 13
1842 13
1843 13
1844 13
1845 13
1846 13
1847 13
1848 13
1849 13
1850 13
1851 13
1852 13
1853 13
1854 13
1855 13
1856 13
1857 13
1858 13
1859 13
1860 13
1861 13
1862 13
1863 13
1864 13
1865 13
1866 13
1867 13
1868 13
1869 13
1870 13
1871 13
1872 13
1873 13
1874 13
1875 13
1876 13
1877 13
1878 13
1879 13
1880 13
1881 13
1882 13
1883 13
1884 13
1885 13
1886 13
1887 13
1888 13
1889 13
1890 13
1891 13
1892 13
1893 13
1894 13
1895 13
1896 13
1897 13
1898 13
1899 13
1900 13
1901 13
1902 13
1903 13
1904 13
1905 13
1906 13
1907 13
1908 13
1909 13
1910 13
1911 13
1912 13
1913 13
1914 13
1915 13
1916 13
1917 13
1918 13
1919 13
1920 13
1921 13
1922 13
1923 13
1924 13
1925 13
1926 13
1927 13
1928 13
1929 13
1930 13
1931 13
1932 13
1933 13
1934 13
1935 13
1936 13
1937 13
1938 13
1939 13
1940 13
1941 13
1942 13
1943 13
1944 13
1945 13
1946 13
1947 13
1948 13
1949 13
1950 13
1951 13
1952 13
1953 13
1954 13
1955 13
1956 13
1957 13
1958 13
1959 13
1960 13
1961 13
1962 13
1963 13
1964 13
1965 13
1966 13
1967 13
1968 13
1969 13
1970 13
1971 13
1972 13
1973 13
1974 13
1975 13
1976 13
1977 13
1978 13
1979 13
1980 13
1981 13
1982 13
1983 13
1984 13
1985 13
1986 13
1987 13
1988 13
1989 13
1990 13
1991 13
1992 13
1993 13
1994 13
1995 13
1996 13
1997 13
1998 13
1999 13
2000 13
2001 13
2002 13
2003 13
2004 13
2005 13
2006 13
2007 13
2008 13
2009 13
2010 13
2011 13
2012 13
2013 13
2014 13
2015 13
2016 13
2017 13
2018 13
2019 13
2020 13
2021 13
2022 13
2023 13
2024 13
2025 13
2026 13
2027 13
2028 13
2029 13
2030 13
2031 13
2032 13
2033 13
2034 13
2035 13
2036 13
2037 13
2038 13
2039 13
2040 13
2041 13
2042 13
2043 13
2044 13
2045 13
2046 13
2047 13
2048 13
2049 13
2050 13
2051 13
2052 13
2053 13
2054 13
2055 13
2056 13
2057 13
2058 13
2059 13
2060 13
2061 13
2062 13
2063 13
2064 13
2065 13
2066 13
2067 13
2068 13
2069 13
2070 13
2071 13
2072 13
2073 13
2074 13
2075 13
2076 13
2077 13
2078 13
2079 13
2080 13
2081 13
2082 13
2083 13
2084 13
2085 13
2086 13
2087 13
2088 13
2089 13
2090 13
2091 13
2092 13
2093 13
2094 13
2095 13
2096 13
2097 13
2098 13
2099 13
2100 13
2101 13
2102 13
2103 13
2104 13
2105 13
2106 13
2107 13
2108 13
2109 13
2110 13
2111 13
2112 13
2113 13
2114 13
2115 13
2116 13
2117 13
2118 13
2119 13
2120 13
2121 13
2122 13
2123 13
2124 13
2125 13
2126 13
2127 13
2128 13
2129 13
2130 13
2131 13
2132 13
2133 13
2134 13
2135 13
2136 13
2137 13
2138 13
2139 13
2140 13
2141 13
2142 13
2143 13
2144 13
2145 13
2146 13
2147 13
2148 13
2149 13
2150 13
2151 13
2152 13
2153 13
2154 13
2155 13
2156 13
2157 13
2158 13
2159 13
2160 13
2161 13
2162 13
2163 13
2164 13
2165 13
2166 13
2167 13
2168 13
2169 13
2170 13
2171 13
2172 13
2173 13
2174 13
2175 13
2176 13
2177 13
2178 13
2179 13
2180 13
2181 13
2182 13
2183 13
2184 13
2185 13
2186 13
2187 13
2188 13
2189 13
2190 13
2191 13
2192 13
2193 13
2194 13
2195 13
2196 13
2197 13
2198 13
2199 13
2200 13
2201 13
2202 13
2203 13
2204 13
2205 13
2206 13
2207 13
2208 13
2209 13
2210 13
2211 13
2212 13
2213 13
2214 13
2215 13
2216 13
2217 13
2218 13
2219 13
2220 13
2221 13
2222 13
2223 13
2224 13
2225 13
2226 13
2227 13
2228 13
2229 13
2230 13
2231 13
2232 13
2233 13
2234 13
2235 13
2236 13
2237 13
2238 13
2239 13
2240 13
2241 13
2242 13
2243 13
2244 13
2245 13
2246 13
2247 13
2248 13
2249 13
2250 13
2251 13
2252 13
2253 13
2254 13
2255 13
2256 13
2257 13
2258 13
2259 13
2260 13
2261 13
2262 13
2263 13
2264 13
2265 13
2266 13
2267 13
2268 13
2269 13
2270 13
2271 13
2272 13
2273 13
2274 13
2275 13
2276 13
2277 13
2278 13
2279 13
2280 13
2281 13
2282 13
2283 13
2284 13
2285 13
2286 13
2287 13
2288 13
2289 13
2290 13
2291 13
2292 13
2293 13
2294 13
2295 13
2296 13
2297 13
2298 13
2299 13
2300 13
2301 13
2302 13
2303 13
2304 13
2305 13
2306 13
2307 13
2308 13
2309 13
2310 13
2311 13
2312 13
2313 13
2314 13
2315 13
2316 13
2317 13
2318 13
2319 13
2320 13
2321 13
2322 13
2323 13
2324 13
2325 13
2326 13
2327 13
2328 13
2329 13
2330 13
2331 13
2332 13
2333 13
2334 13
2335 13
2336 13
2337 13
2338 13
2339 13
2340 13
2341 13
2342 13
2343 13
2344 13
2345 13
2346 13
2347 13
2348 13
2349 13
2350 13
2351 13
2352 13
2353 13
2354 13
2355 13
2356 13
2357 13
2358 13
2359 13
2360 13
2361 13
2362 13
2363 13
2364 13
2365 13
2366 13
2367 13
2368 13
2369 13
2370 13
2371 13
2372 13
2373 13
2374 13
2375 13
2376 13
2377 13
2378 13
2379 13
2380 13
2381 13
2382 13
2383 13
2384 13
2385 13
2386 13
2387 13
2388 13
2389 13
2390 13
2391 13
2392 13
2393 13
2394 13
2395 13
2396 13
2397 13
2398 13
2399 13
2400 13
2401 13
2402 13
2403 13
2404 13
2405 13
2406 13
2407 13
2408 13
2409 13
2410 13
2411 13
2412 13
2413 13
2414 13
2415 13
2416 13
2417 13
2418 13
2419 13
2420 13
2421 13
2422 13
2423 13
2424 13
2425 13
2426 13
2427 13
2428 13
2429 13
2430 13
2431 13
2432 13
2433 13
2434 13
2435 13
2436 13
2437 13
2438 13
2439 13
2440 13
2441 13
2442 13
2443 13
2444 13
2445 13
2446 13
2447 13
2448 13
2449 13
2450 13
2451 13
2452 13
2453 13
2454 13
2455 13
2456 13
2457 13
2458 13
2459 13
2460 13
2461 13
2462 13
2463 13
2464 13
2465 13
2466 13
2467 13
2468 13
2469 13
2470 13
2471 13
2472 13
2473 13
2474 13
2475 13
2476 13
2477 13
2478 13
2479 13
2480 13
2481 13
2482 13
2483 13
2484 13
2485 13
2486 13
2487 13
2488 13
2489 13
2490 13
2491 13
2492 13
2493 13
2494 13
2495 13
2496 13
2497 13
2498 13
2499 13
2500 13
2501 13
2502 13
2503 13
2504 13
2505 13
2506 13
2507 13
2508 13
2509 13
2510 13
2511 13
2512 13
2513 13
2514 13
2515 13
2516 13
2517 13
2518 13
2519 13
2520 13
2521 13
2522 13
2523 13
2524 13
2525 13
2526 13
2527 13
2528 13
2529 13
2530 13
2531 13
2532 13
2533 13
2534 13
2535 13
2536 13
2537 13
2538 13
2539 13
2540 13
2541 13
2542 13
2543 13
2544 13
2545 13
2546 13
2547 13
2548 13
2549 13
2550 13
2551 13
2552 13
2553 13
2554 13
2555 13
2556 13
2557 13
2558 13
2559 13
2560 13
2561 13
2562 13
2563 13
2564 13
2565 13
2566 13
2567 13
2568 13
2569 13
2570 13
2571 13
2572 13
2573 13
2574 13
2575 13
2576 13
2577 13
2578 13
2579 13
2580 13
2581 13
2582 13
2583 13
2584 13
2585 13
2586 13
2587 13
2588 13
2589 13
2590 13
2591 13
2592 13
2593 13
2594 13
2595 13
2596 13
2597 13
2598 13
2599 13
2600 13
2601 13
2602 13
2603 13
2604 13
2605 13
2606 13
2607 13
2608 13
2609 13
2610 13
2611 13
2612 13
2613 13
2614 13
2615 13
2616 13
2617 13
2618 13
2619 13
2620 13
2621 13
2622 13
2623 13
2624 13
2625 13
2626 13
2627 13
2628 13
2629 13
2630 13
2631 13
2632 13
2633 13
2634 13
2635 13
2636 13
2637 13
2638 13
2639 13
2640 13
2641 13
2642 13
2643 13
2644 13
2645 13
2646 13
2647 13
2648 13
2649 5
2650 13
2651 13
2652 13
2653 13
2654 13
2655 13
2656 13
2657 13
2658 13
2659 13
2660 13
2661 13
2662 13
2663 13
2664 13
2665 13
2666 13
2667 13
2668 13
2669 13
2670 13
2671 13
2672 13
2673 13
2674 13
2675 13
2676 13
2677 13
2678 13
2679 13
2680 13
2681 13
2682 13
2683 13
2684 13
2685 13
2686 13
2687 13
2688 13
2689 13
2690 13
2691 13
2692 13
2693 13
2694 13
2695 13
2696 13
2697 13
2698 13
2699 13
2700 13
2701 13
2702 13
2703 13
2704 13
2705 13
2706 13
2707 13
2708 13
2709 13
2710 13
2711 13
2712 13
2713 13
2714 13
2715 13
2716 13
2717 13
2718 13
2719 13
2720 13
2721 13
2722 13
2723 13
2724 13
2725 13
2726 13
2727 13
2728 13
2729 13
2730 13
2731 13
2732 13
2733 13
2734 13
2735 13
2736 13
2737 13
2738 13
2739 13
2740 13
2741 13
2742 13
2743 13
2744 13
2745 13
2746 13
2747 13
2748 13
2749 13
2750 13
2751 13
2752 13
2753 13
2754 13
2755 13
2756 13
2757 13
2758 13
2759 13
2760 13
2761 13
2762 13
2763 13
2764 13
2765 13
2766 13
2767 13
2768 13
2769 13
2770 13
2771 13
2772 13
2773 13
2774 13
2775 13
2776 13
2777 13
2778 13
2779 13
2780 13
2781 13
2782 13
2783 13
2784 13
2785 13
2786 13
2787 13
2788 13
2789 13
2790 13
2791 13
2792 13
2793 13
2794 13
2795 13
2796 13
2797 13
2798 13
2799 13
2800 13
2801 13
2802 13
2803 13
2804 13
2805 13
2806 13
2807 13
2808 2
2809 13
2810 13
2811 13
2812 13
2813 13
2814 13
2815 13
2816 13
2817 13
2818 13
2819 13
2820 13
2821 13
2822 13
2823 13
2824 13
2825 13
2826 13
2827 13
2828 13
2829 13
2830 13
2831 13
2832 13
2833 13
2834 13
2835 13
2836 13
2837 13
2838 13
2839 13
2840 13
2841 13
2842 13
2843 13
2844 13
2845 13
2846 13
2847 13
2848 13
2849 13
2850 13
2851 13
2852 13
2853 13
2854 13
2855 13
2856 13
2857 13
2858 13
2859 13
2860 13
2861 13
2862 13
2863 13
2864 13
2865 13
2866 13
2867 13
2868 13
2869 13
2870 13
2871 13
2872 13
2873 13
2874 13
2875 13
2876 13
2877 13
2878 13
2879 13
2880 13
2881 13
2882 13
2883 13
2884 13
2885 13
2886 13
2887 13
2888 13
2889 13
2890 13
2891 13
2892 13
2893 13
2894 13
2895 13
2896 13
2897 13
2898 13
2899 13
2900 13
2901 13
2902 13
2903 13
2904 13
2905 13
2906 13
2907 13
2908 13
2909 13
2910 13
2911 13
2912 13
2913 13
2914 13
2915 13
2916 13
2917 13
2918 13
2919 13
2920 13
2921 13
2922 13
2923 13
2924 13
2925 13
2926 13
2927 13
2928 13
2929 13
2930 13
2931 13
2932 13
2933 13
2934 13
2935 13
2936 13
2937 13
2938 13
2939 13
2940 13
2941 13
2942 13
2943 13
2944 13
2945 13
2946 13
2947 13
2948 13
2949 13
2950 13
2951 13
2952 13
2953 13
2954 13
2955 13
2956 13
2957 13
2958 13
2959 13
2960 13
2961 13
2962 13
2963 13
2964 13
2965 13
2966 13
2967 13
2968 13
2969 13
2970 13
2971 13
2972 13
2973 13
2974 13
2975 13
2976 13
2977 13
2978 13
2979 13
2980 13
2981 13
2982 13
2983 13
2984 13
2985 13
2986 13
2987 13
2988 13
2989 13
2990 13
2991 13
2992 13
2993 13
2994 13
2995 13
2996 13
2997 13
2998 13
2999 13
3000 13
3001 13
3002 13
3003 13
3004 13
3005 13
3006 13
3007 13
3008 13
3009 13
3010 13
3011 13
3012 13
3013 13
3014 13
3015 13
3016 13
3017 13
3018 13
3019 13
3020 13
3021 13
3022 13
3023 13
3024 13
3025 13
3026 13
3027 13
3028 13
3029 13
3030 13
3031 13
3032 13
3033 13
3034 13
3035 13
3036 13
3037 13
3038 13
3039 13
3040 13
3041 13
3042 13
3043 13
3044 13
3045 13
3046 13
3047 13
3048 13
3049 13
3050 13
3051 13
3052 13
3053 13
3054 13
3055 13
3056 13
3057 13
3058 13
3059 13
3060 13
3061 13
3062 13
3063 13
3064 13
3065 13
3066 13
3067 13
3068 13
3069 13
3070 13
3071 13
3072 13
3073 13
3074 13
3075 13
3076 13
3077 13
3078 13
3079 13
3080 13
3081 13
3082 13
3083 13
3084 13
3085 13
3086 13
3087 13
3088 13
3089 13
3090 13
3091 13
3092 13
3093 13
3094 13
3095 13
3096 13
3097 13
3098 13
3099 13
3100 13
3101 13
3102 13
3103 13
3104 13
3105 13
3106 13
3107 13
3108 13
3109 13
3110 13
3111 3
3112 13
3113 13
3114 13
3115 13
3116 13
3117 13
3118 13
3119 13
3120 13
3121 13
3122 13
3123 13
3124 13
3125 13
3126 13
3127 13
3128 13
3129 13
3130 13
3131 13
3132 13
3133 13
3134 13
3135 13
3136 13
3137 13
3138 13
3139 13
3140 13
3141 13
3142 13
3143 13
3144 13
3145 13
3146 13
3147 13
3148 13
3149 13
3150 13
3151 13
3152 13
3153 13
3154 13
3155 13
3156 13
3157 13
3158 13
3159 13
3160 13
3161 13
3162 13
3163 13
3164 13
3165 13
3166 13
3167 13
3168 13
3169 13
3170 13
3171 13
3172 13
3173 13
3174 13
3175 13
3176 13
3177 13
3178 13
3179 13
3180 13
3181 13
3182 13
3183 13
3184 13
3185 13
3186 13
3187 13
3188 13
3189 13
3190 13
3191 13
3192 13
3193 13
3194 13
3195 13
3196 13
3197 13
3198 13
3199 13
3200 13
3201 13
3202 13
3203 13
3204 13
3205 13
3206 13
3207 13
3208 13
3209 13
3210 13
3211 13
3212 13
3213 13
3214 13
3215 13
3216 13
3217 13
3218 13
3219 13
3220 13
3221 13
3222 13
3223 13
3224 13
3225 13
3226 13
3227 13
3228 13
3229 13
3230 13
3231 13
3232 13
3233 13
3234 13
3235 13
3236 13
3237 13
3238 13
3239 13
3240 13
3241 13
3242 13
3243 13
3244 13
3245 13
3246 13
3247 13
3248 13
3249 13
3250 13
3251 13
3252 13
3253 13
3254 13
3255 13
3256 13
3257 13
3258 13
3259 13
3260 13
3261 13
3262 13
3263 13
3264 13
3265 13
3266 13
3267 13
3268 13
3269 13
3270 13
3271 13
3272 13
3273 13
3274 13
3275 13
3276 13
3277 13
3278 13
3279 13
3280 13
3281 13
3282 13
3283 13
3284 13
3285 13
3286 13
3287 13
3288 13
3289 13
3290 13
3291 13
3292 13
3293 13
3294 13
3295 13
3296 13
3297 13
3298 13
3299 13
3300 13
3301 13
3302 13
3303 13
3304 13
3305 13
3306 13
3307 13
3308 13
3309 13
3310 13
3311 13
3312 13
3313 13
3314 13
3315 13
3316 13
3317 13
3318 13
3319 13
3320 13
3321 13
3322 13
3323 13
3324 13
3325 13
3326 13
3327 13
3328 13
3329 13
3330 13
3331 13
3332 13
3333 13
3334 13
3335 13
3336 13
3337 13
3338 13
3339 13
3340 13
3341 13
3342 13
3343 13
3344 13
3345 13
3346 13
3347 13
3348 13
3349 13
3350 13
3351 13
3352 13
3353 13
3354 13
3355 13
3356 13
3357 13
3358 13
3359 13
3360 13
3361 13
3362 13
3363 13
3364 13
3365 13
3366 4
3367 13
3368 13
3369 13
3370 13
3371 13
3372 13
3373 13
3374 13
3375 13
3376 13
3377 13
3378 13
3379 13
3380 13
3381 13
3382 13
3383 13
3384 13
3385 13
3386 13
3387 13
3388 13
3389 13
3390 13
3391 13
3392 5
3393 13
3394 13
3395 13
3396 13
3397 13
3398 13
3399 13
3400 13
3401 13
3402 13
3403 13
3404 13
3405 13
3406 13
3407 13
3408 13
3409 13
3410 13
3411 5
3412 13
3413 13
3414 13
3415 13
3416 13
3417 13
3418 13
3419 13
3420 13
3421 13
3422 13
3423 13
3424 13
3425 13
3426 13
3427 13
3428 13
3429 13
3430 13
3431 13
3432 13
3433 13
3434 13
3435 13
3436 13
3437 13
3438 13
3439 13
3440 13
3441 13
3442 13
3443 13
3444 13
3445 13
3446 13
3447 13
3448 13
3449 13
3450 13
3451 13
3452 13
3453 13
3454 13
3455 13
3456 13
3457 13
3458 13
3459 13
3460 13
3461 5
3462 13
3463 13
3464 13
3465 13
3466 13
3467 13
3468 13
3469 13
3470 13
3471 13
3472 13
3473 13
3474 13
3475 13
3476 13
3477 13
3478 13
3479 13
3480 13
3481 13
3482 13
3483 13
3484 13
3485 13
3486 13
3487 13
3488 13
3489 13
3490 13
3491 13
3492 13
3493 13
3494 13
3495 13
3496 13
3497 13
3498 13
3499 13
3500 13
3501 13
3502 13
3503 13
3504 13
3505 13
3506 13
3507 13
3508 13
3509 13
3510 13
3511 13
3512 13
3513 13
3514 13
3515 13
3516 13
3517 13
3518 13
3519 13
3520 13
3521 13
3522 13
3523 13
3524 13
3525 13
3526 13
3527 13
3528 13
3529 13
3530 13
3531 13
3532 13
3533 13
3534 13
3535 13
3536 6
3537 13
3538 13
3539 13
3540 13
3541 13
3542 13
3543 13
3544 13
3545 13
3546 13
3547 13
3548 13
3549 13
3550 13
3551 13
3552 13
3553 13
3554 13
3555 13
3556 13
3557 13
3558 13
3559 13
3560 13
3561 13
3562 13
3563 13
3564 13
3565 13
3566 13
3567 13
3568 13
3569 13
3570 13
3571 13
3572 13
3573 13
3574 13
3575 13
3576 13
3577 13
3578 13
3579 13
3580 13
3581 13
3582 13
3583 13
3584 7
3585 13
3586 13
3587 13
3588 13
3589 13
3590 13
3591 13
3592 13
3593 13
3594 13
3595 13
3596 13
3597 13
3598 13
3599 13
3600 13
3601 13
3602 13
3603 13
3604 13
3605 13
3606 13
3607 13
3608 13
3609 13
3610 13
3611 13
3612 13
3613 13
3614 13
3615 13
3616 13
3617 13
3618 13
3619 13
3620 13
3621 13
3622 13
3623 13
3624 13
3625 13
3626 13
3627 13
3628 13
3629 13
3630 13
3631 13
3632 13
3633 13
3634 13
3635 13
3636 13
3637 13
3638 13
3639 13
3640 13
3641 13
3642 13
3643 13
3644 13
3645 13
3646 13
3647 13
3648 13
3649 13
3650 13
3651 13
3652 13
3653 13
3654 13
3655 13
3656 13
3657 13
3658 13
3659 13
3660 13
3661 13
3662 13
3663 13
3664 13
3665 13
3666 13
3667 13
3668 13
3669 13
3670 13
3671 13
3672 13
3673 13
3674 13
3675 13
3676 13
3677 13
3678 13
3679 13
3680 13
3681 13
3682 13
3683 13
3684 13
3685 13
3686 13
3687 13
3688 13
3689 13
3690 13
3691 13
3692 13
3693 13
3694 13
3695 13
3696 13
3697 13
3698 13
3699 13
3700 13
3701 13
3702 13
3703 13
3704 13
3705 13
3706 13
3707 13
3708 13
3709 13
3710 13
3711 13
3712 13
3713 13
3714 13
3715 13
3716 13
3717 13
3718 13
3719 13
3720 13
3721 13
3722 13
3723 13
3724 13
3725 13
3726 13
3727 13
3728 13
3729 13
3730 13
3731 13
3732 13
3733 13
3734 13
3735 13
3736 8
3737 13
3738 13
3739 13
3740 13
3741 13
3742 13
3743 13
3744 13
3745 13
3746 13
3747 13
3748 13
3749 13
3750 13
3751 13
3752 13
3753 13
3754 13
3755 13
3756 13
3757 13
3758 13
3759 13
3760 13
3761 13
3762 13
3763 13
3764 13
3765 13
3766 13
3767 13
3768 13
3769 13
3770 13
3771 13
3772 13
3773 13
3774 13
3775 13
3776 13
3777 13
3778 13
3779 13
3780 13
3781 13
3782 13
3783 13
3784 13
3785 13
3786 13
3787 13
3788 13
3789 13
3790 13
3791 13
3792 13
3793 13
3794 13
3795 13
3796 13
3797 13
3798 13
3799 13
3800 13
3801 13
3802 13
3803 13
3804 13
3805 13
3806 13
3807 13
3808 13
3809 13
3810 13
3811 13
3812 13
3813 13
3814 13
3815 13
3816 13
3817 13
3818 13
3819 13
3820 13
3821 13
3822 13
3823 13
3824 13
3825 13
3826 13
3827 13
3828 13
3829 13
3830 13
3831 13
3832 13
3833 9
3834 13
3835 13
3836 13
3837 13
3838 13
3839 13
3840 13
3841 13
3842 13
3843 13
3844 13
3845 13
3846 13
3847 13
3848 13
3849 13
3850 13
3851 13
3852 13
3853 13
3854 13
3855 13
3856 13
3857 13
3858 13
3859 13
3860 13
3861 13
3862 13
3863 13
3864 13
3865 13
3866 13
3867 13
3868 13
3869 13
3870 13
3871 13
3872 13
3873 13
3874 13
3875 13
3876 13
3877 13
3878 13
3879 13
3880 13
3881 13
3882 13
3883 13
3884 13
3885 13
3886 13
3887 13
3888 13
3889 13
3890 13
3891 13
3892 13
3893 13
3894 13
3895 13
3896 13
3897 13
3898 13
3899 13
3900 13
3901 13
3902 13
3903 13
3904 13
3905 13
3906 13
3907 13
3908 13
3909 13
3910 13
3911 13
3912 13
3913 13
3914 13
3915 13
3916 13
3917 13
3918 13
3919 13
3920 13
3921 13
3922 13
3923 13
3924 13
3925 13
3926 13
3927 13
3928 13
3929 13
3930 13
3931 13
3932 13
3933 13
3934 13
3935 13
3936 13
3937 13
3938 13
3939 13
3940 13
3941 13
3942 13
3943 13
3944 13
3945 13
3946 13
3947 13
3948 13
3949 13
3950 13
3951 13
3952 13
3953 13
3954 13
3955 13
3956 13
3957 13
3958 13
3959 13
3960 13
3961 13
3962 13
3963 13
3964 13
3965 13
3966 13
3967 13
3968 13
3969 13
3970 13
3971 13
3972 13
3973 13
3974 13
3975 13
3976 13
3977 13
3978 13
3979 13
3980 13
3981 13
3982 13
3983 13
3984 13
3985 13
3986 13
3987 13
3988 13
3989 13
3990 13
3991 13
3992 13
3993 13
3994 13
3995 13
3996 13
3997 13
3998 13
3999 13
4000 13
4001 13
4002 13
4003 13
4004 13
4005 13
4006 13
4007 13
4008 13
4009 13
4010 13
4011 13
4012 13
4013 13
4014 13
4015 13
4016 13
4017 13
4018 13
4019 13
4020 13
4021 13
4022 13
4023 13
4024 13
4025 13
4026 13
4027 13
4028 13
4029 13
4030 13
4031 13
4032 13
4033 13
4034 13
4035 13
4036 13
4037 13
4038 13
4039 13
4040 13
4041 13
4042 13
4043 13
4044 13
4045 13
4046 13
4047 13
4048 13
4049 13
4050 13
4051 13
4052 13
4053 13
4054 13
4055 13
4056 13
4057 13
4058 13
4059 13
4060 13
4061 13
4062 13
4063 13
4064 13
4065 13
4066 13
4067 13
4068 13
4069 13
4070 13
4071 13
4072 13
4073 13
4074 13
4075 13
4076 13
4077 13
4078 13
4079 13
4080 13
4081 13
4082 13
4083 13
4084 9
4085 13
4086 13
4087 13
4088 13
4089 13
4090 9
4091 13
4092 13
4093 13
4094 13
4095 13
4096 13
4097 13
4098 13
4099 13
4100 13
4101 13
4102 13
4103 13
4104 13
4105 13
4106 13
4107 13
4108 13
4109 13
4110 13
4111 13
4112 13
4113 13
4114 13
4115 13
4116 13
4117 13
4118 13
4119 13
4120 13
4121 13
4122 13
4123 13
4124 13
4125 13
4126 13
4127 13
4128 13
4129 13
4130 13
4131 13
4132 13
4133 13
4134 13
4135 13
4136 13
4137 13
4138 13
4139 13
4140 13
4141 10
4142 13
4143 13
4144 13
4145 13
4146 13
4147 13
4148 13
4149 13
4150 13
4151 13
4152 13
4153 13
4154 13
4155 13
4156 13
4157 13
4158 13
4159 13
4160 13
4161 13
4162 13
4163 13
4164 13
4165 13
4166 13
4167 13
4168 13
4169 13
4170 13
4171 13
4172 13
4173 13
4174 13
4175 13
4176 13
4177 13
4178 13
4179 13
4180 13
4181 13
4182 13
4183 13
4184 13
4185 13
4186 13
4187 13
4188 13
4189 13
4190 13
4191 13
4192 13
4193 13
4194 13
4195 13
4196 13
4197 13
4198 13
4199 13
4200 13
4201 13
4202 13
4203 13
4204 13
4205 13
4206 13
4207 13
4208 13
4209 13
4210 13
4211 13
4212 13
4213 13
4214 13
4215 13
4216 13
4217 13
4218 13
4219 13
4220 13
4221 13
4222 13
4223 13
4224 13
4225 13
4226 13
4227 13
4228 13
4229 13
4230 13
4231 13
4232 13
4233 13
4234 13
4235 13
4236 13
4237 13
4238 13
4239 13
4240 13
4241 13
4242 13
4243 13
4244 13
4245 13
4246 13
4247 13
4248 13
4249 13
4250 13
4251 13
4252 13
4253 13
4254 13
4255 13
4256 13
4257 13
4258 13
4259 13
4260 13
4261 13
4262 13
4263 13
4264 13
4265 13
4266 13
4267 13
4268 13
4269 13
4270 13
4271 13
4272 13
4273 13
4274 13
4275 13
4276 13
4277 13
4278 13
4279 13
4280 13
4281 13
4282 13
4283 13
4284 13
4285 13
4286 13
4287 13
4288 13
4289 13
4290 13
4291 13
4292 13
4293 13
4294 13
4295 13
4296 13
4297 13
4298 13
4299 13
4300 13
4301 13
4302 13
4303 13
4304 13
4305 13
4306 13
4307 13
4308 13
4309 13
4310 13
4311 13
4312 13
4313 13
4314 13
4315 13
4316 13
4317 13
4318 13
4319 13
4320 13
4321 13
4322 13
4323 13
4324 13
4325 13
4326 13
4327 13
4328 13
4329 13
4330 13
4331 13
4332 13
4333 13
4334 13
4335 13
4336 13
4337 13
4338 13
4339 13
4340 13
4341 13
4342 13
4343 13
4344 13
4345 13
4346 13
4347 13
4348 13
4349 13
4350 13
4351 13
4352 13
4353 13
4354 13
4355 13
4356 13
4357 13
4358 13
4359 13
4360 13
4361 13
4362 13
4363 13
4364 13
4365 13
4366 13
4367 13
4368 13
4369 13
4370 13
4371 13
4372 13
4373 13
4374 13
4375 13
4376 13
4377 13
4378 13
4379 13
4380 13
4381 13
4382 13
4383 13
4384 13
4385 13
4386 13
4387 13
4388 13
4389 13
4390 13
4391 13
4392 13
4393 13
4394 13
4395 13
4396 13
4397 13
4398 13
4399 13
4400 13
4401 13
4402 13
4403 13
4404 13
4405 13
4406 13
4407 13
4408 13
4409 13
4410 13
4411 13
4412 13
4413 13
4414 13
4415 13
4416 13
4417 13
4418 13
4419 13
4420 13
4421 13
4422 13
4423 13
4424 13
4425 13
4426 13
4427 13
4428 13
4429 13
4430 13
4431 13
4432 13
4433 13
4434 13
4435 13
4436 13
4437 13
4438 13
4439 13
4440 13
4441 13
4442 13
4443 13
4444 13
4445 13
4446 13
4447 13
4448 13
4449 13
4450 13
4451 13
4452 13
4453 13
4454 13
4455 13
4456 13
4457 13
4458 13
4459 13
4460 13
4461 13
4462 13
4463 13
4464 13
4465 13
4466 13
4467 13
4468 13
4469 13
4470 13
4471 13
4472 13
4473 13
4474 13
4475 13
4476 13
4477 13
4478 13
4479 13
4480 13
4481 13
4482 13
4483 13
4484 13
4485 13
4486 13
4487 13
4488 13
4489 13
4490 13
4491 13
4492 13
4493 13
4494 13
4495 13
4496 13
4497 13
4498 13
4499 13
4500 13
4501 13
4502 13
4503 13
4504 13
4505 13
4506 13
4507 13
4508 13
4509 13
4510 13
4511 13
4512 13
4513 13
4514 13
4515 13
4516 13
4517 13
4518 13
4519 13
4520 13
4521 13
4522 13
4523 13
4524 13
4525 13
4526 13
4527 13
4528 13
4529 13
4530 13
4531 13
4532 13
4533 13
4534 13
4535 13
4536 13
4537 13
4538 13
4539 13
4540 13
4541 13
4542 13
4543 13
4544 13
4545 13
4546 13
4547 13
4548 13
4549 13
4550 13
4551 13
4552 13
4553 13
4554 13
4555 13
4556 13
4557 13
4558 13
4559 13
4560 13
4561 13
4562 13
4563 13
4564 13
4565 13
4566 13
4567 13
4568 13
4569 13
4570 13
4571 13
4572 13
4573 13
4574 13
4575 13
4576 13
4577 13
4578 13
4579 13
4580 13
4581 13
4582 13
4583 13
4584 13
4585 13
4586 13
4587 13
4588 13
4589 13
4590 13
4591 13
4592 13
4593 13
4594 13
4595 13
4596 13
4597 13
4598 13
4599 13
4600 13
4601 13
4602 13
4603 13
4604 13
4605 13
4606 13
4607 13
4608 13
4609 13
4610 13
4611 13
4612 13
4613 13
4614 13
4615 13
4616 13
4617 13
4618 13
4619 13
4620 13
4621 13
4622 13
4623 13
4624 13
4625 13
4626 13
4627 13
4628 13
4629 13
4630 13
4631 13
4632 13
4633 13
4634 13
4635 13
4636 13
4637 13
4638 13
4639 13
4640 13
4641 13
4642 13
4643 13
4644 13
4645 13
4646 13
4647 13
4648 13
4649 13
4650 13
4651 13
4652 13
4653 13
4654 13
4655 13
4656 13
4657 13
4658 13
4659 13
4660 13
4661 13
4662 13
4663 13
4664 13
4665 13
4666 13
4667 13
4668 13
4669 13
4670 13
4671 13
4672 13
4673 13
4674 13
4675 13
4676 13
4677 13
4678 13
4679 13
4680 13
4681 13
4682 13
4683 13
4684 13
4685 13
4686 13
4687 13
4688 13
4689 13
4690 13
4691 13
4692 13
4693 13
4694 13
4695 13
4696 13
4697 13
4698 13
4699 13
4700 13
4701 13
4702 13
4703 13
4704 13
4705 13
4706 13
4707 13
4708 13
4709 13
4710 13
4711 13
4712 13
4713 13
4714 13
4715 13
4716 13
4717 13
4718 13
4719 13
4720 13
4721 13
4722 13
4723 13
4724 13
4725 13
4726 13
4727 13
4728 13
4729 13
4730 13
4731 13
4732 13
4733 13
4734 13
4735 13
4736 13
4737 13
4738 13
4739 13
4740 13
4741 13
4742 13
4743 13
4744 13
4745 13
4746 13
4747 13
4748 13
4749 13
4750 13
4751 13
4752 13
4753 13
4754 13
4755 13
4756 13
4757 13
4758 13
4759 13
4760 13
4761 13
4762 13
4763 13
4764 13
4765 13
4766 13
4767 13
4768 13
4769 13
4770 13
4771 13
4772 13
4773 13
4774 13
4775 13
4776 13
4777 13
4778 13
4779 13
4780 13
4781 13
4782 13
4783 13
4784 13
4785 13
4786 13
4787 13
4788 13
4789 13
4790 13
4791 13
4792 13
4793 13
4794 13
4795 13
4796 13
4797 13
4798 13
4799 13
4800 13
4801 13
4802 13
4803 13
4804 13
4805 13
4806 13
4807 13
4808 13
4809 13
4810 13
4811 13
4812 13
4813 13
4814 13
4815 13
4816 13
4817 13
4818 13
4819 13
4820 13
4821 13
4822 13
4823 13
4824 13
4825 13
4826 13
4827 13
4828 13
4829 13
4830 13
4831 13
4832 13
4833 13
4834 13
4835 13
4836 13
4837 13
4838 13
4839 13
4840 13
4841 13
4842 13
4843 13
4844 13
4845 13
4846 13
4847 13
4848 13
4849 13
4850 13
4851 13
4852 13
4853 13
4854 13
4855 13
4856 13
4857 13
4858 13
4859 13
4860 13
4861 13
4862 13
4863 13
4864 13
4865 13
4866 13
4867 13
4868 13
4869 13
4870 13
4871 13
4872 13
4873 13
4874 13
4875 13
4876 13
4877 13
4878 13
4879 13
4880 13
4881 13
4882 13
4883 13
4884 13
4885 13
4886 13
4887 13
4888 13
4889 13
4890 13
4891 13
4892 13
4893 13
4894 13
4895 13
4896 13
4897 13
4898 13
4899 13
4900 13
4901 13
4902 13
4903 13
4904 13
4905 13
4906 13
4907 13
4908 13
4909 13
4910 13
4911 13
4912 13
4913 13
4914 13
4915 13
4916 13
4917 13
4918 13
4919 13
4920 13
4921 13
4922 13
4923 13
4924 13
4925 13
4926 13
4927 13
4928 13
4929 13
4930 13
4931 13
4932 13
4933 13
4934 13
4935 13
4936 13
4937 13
4938 13
4939 13
4940 13
4941 13
4942 13
4943 13
4944 13
4945 13
4946 13
4947 13
4948 13
4949 13
4950 13
4951 13
4952 13
4953 13
4954 13
4955 13
4956 13
4957 13
4958 13
4959 13
4960 13
4961 13
4962 13
4963 13
4964 13
4965 13
4966 13
4967 13
4968 13
4969 13
4970 13
4971 13
4972 11
4973 13
4974 13
4975 13
4976 13
4977 13
4978 13
4979 13
4980 13
4981 13
4982 13
4983 13
4984 13
4985 13
4986 13
4987 13
4988 13
4989 13
4990 13
4991 13
4992 13
4993 13
4994 13
4995 13
4996 13
4997 13
4998 13
4999 13
5000 13
5001 13
5002 13
5003 13
5004 13
5005 13
5006 13
5007 13
5008 13
5009 13
5010 13
5011 13
5012 13
5013 13
5014 13
5015 13
5016 13
5017 13
5018 13
5019 13
5020 13
5021 13
5022 13
5023 13
5024 13
5025 13
5026 13
5027 13
5028 13
5029 13
5030 13
5031 13
5032 13
5033 13
5034 13
5035 13
5036 13
5037 13
5038 13
5039 13
5040 13
5041 13
5042 13
5043 13
5044 13
5045 13
5046 13
5047 13
5048 13
5049 13
5050 13
5051 13
5052 13
5053 13
5054 13
5055 13
5056 13
5057 13
5058 13
5059 13
5060 13
5061 13
5062 13
5063 13
5064 13
5065 13
5066 13
5067 13
5068 13
5069 13
5070 13
5071 13
5072 13
5073 13
5074 13
5075 13
5076 13
5077 13
5078 13
5079 13
5080 13
5081 13
5082 13
5083 13
5084 13
5085 13
5086 13
5087 13
5088 13
5089 13
5090 13
5091 13
5092 13
5093 13
5094 13
5095 13
5096 13
5097 13
5098 13
5099 13
5100 13
5101 13
5102 13
5103 13
5104 13
5105 13
5106 13
5107 13
5108 13
5109 13
5110 13
5111 13
5112 13
5113 13
5114 13
5115 13
5116 13
5117 13
5118 13
5119 13
5120 13
5121 13
5122 13
5123 13
5124 13
5125 13
5126 13
5127 13
5128 13
5129 13
5130 13
5131 13
5132 13
5133 13
5134 13
5135 13
5136 13
5137 13
5138 13
5139 13
5140 13
5141 13
5142 13
5143 13
5144 13
5145 13
5146 13
5147 13
5148 13
5149 13
5150 13
5151 13
5152 13
5153 13
5154 13
5155 13
5156 13
5157 13
5158 13
5159 13
5160 13
5161 13
5162 13
5163 13
5164 13
5165 13
5166 13
5167 13
5168 13
5169 13
5170 13
5171 13
5172 13
5173 13
5174 13
5175 13
5176 13
5177 13
5178 13
5179 13
5180 13
5181 13
5182 13
5183 13
5184 13
5185 13
5186 13
5187 13
5188 13
5189 13
5190 13
5191 13
5192 13
5193 13
5194 13
5195 13
5196 13
5197 13
5198 13
5199 13
5200 13
5201 13
5202 13
5203 13
5204 13
5205 13
5206 13
5207 13
5208 13
5209 13
5210 13
5211 13
5212 13
5213 13
5214 13
5215 13
5216 13
5217 13
5218 13
5219 13
5220 13
5221 13
5222 13
5223 13
5224 13
5225 13
5226 13
5227 13
5228 13
5229 13
5230 13
5231 13
5232 13
5233 13
5234 13
5235 13
5236 13
5237 13
5238 13
5239 13
5240 13
5241 13
5242 13
5243 13
5244 13
5245 13
5246 13
5247 13
5248 13
5249 13
5250 13
5251 13
5252 13
5253 13
5254 13
5255 13
5256 13
5257 13
5258 13
5259 13
5260 13
5261 13
5262 13
5263 13
5264 13
5265 13
5266 13
5267 13
5268 13
5269 13
5270 13
5271 13
5272 13
5273 13
5274 13
5275 13
5276 13
5277 13
5278 13
5279 13
5280 13
5281 13
5282 13
5283 13
5284 13
5285 13
5286 13
5287 13
5288 13
5289 13
5290 13
5291 13
5292 13
5293 13
5294 13
5295 13
5296 13
5297 13
5298 13
5299 13
5300 13
5301 13
5302 13
5303 13
5304 13
5305 13
5306 13
5307 13
5308 13
5309 13
5310 13
5311 13
5312 13
5313 13
5314 13
5315 13
5316 13
5317 13
5318 13
5319 13
5320 13
5321 13
5322 13
5323 13
5324 13
5325 13
5326 13
5327 13
5328 13
5329 13
5330 13
5331 13
5332 13
5333 13
5334 13
5335 13
5336 13
5337 13
5338 13
5339 13
5340 13
5341 13
5342 13
5343 13
5344 13
5345 13
5346 13
5347 13
5348 13
5349 13
5350 13
5351 13
5352 13
5353 13
5354 13
5355 13
5356 13
5357 13
5358 13
5359 13
5360 13
5361 13
5362 13
5363 13
5364 13
5365 13
5366 13
5367 13
5368 13
5369 13
5370 13
5371 13
5372 13
5373 13
5374 13
5375 12
5376 13
5377 13
5378 13
5379 13
5380 13
5381 13
5382 13
5383 13
5384 13
5385 13
5386 13
5387 13
5388 13
5389 13
5390 13
5391 13
5392 13
5393 13
5394 13
5395 13
5396 13
5397 13
5398 13
5399 13
5400 13
5401 13
5402 13
5403 13
5404 13
5405 13
5406 13
5407 13
5408 13
5409 13
5410 13
5411 13
5412 13
5413 13
5414 13
5415 13
5416 13
5417 13
5418 13
5419 13
5420 13
5421 13
5422 13
5423 13
5424 13
5425 13
5426 13
5427 13
5428 13
5429 13
5430 13
5431 13
5432 13
5433 13
5434 13
5435 13
5436 13
5437 13
5438 13
5439 13
5440 13
5441 13
5442 13
5443 13
5444 13
5445 13
5446 13
5447 13
5448 13
5449 13
5450 13
5451 13
5452 13
5453 13
5454 13
5455 13
5456 13
5457 13
5458 13
5459 13
5460 13
5461 13
5462 13
5463 13
5464 13
5465 13
5466 13
5467 13
5468 13
5469 13
5470 13
5471 13
5472 13
5473 13
5474 13
5475 13
5476 13
5477 13
5478 13
5479 13
5480 13
5481 13
5482 13
5483 13
5484 13
5485 13
5486 13
5487 13
5488 13
5489 13
5490 13
5491 13
5492 13
5493 13
5494 13
5495 13
5496 13
5497 13
5498 13
5499 13
5500 13
5501 13
5502 13
5503 13
5504 13
5505 13
5506 13
5507 13
5508 13
5509 13
5510 13
5511 13
5512 13
5513 13
5514 13
5515 13
5516 13
5517 13
5518 13
5519 13
5520 13
5521 13
5522 13
5523 13
5524 13
5525 13
5526 13
5527 13
5528 13
5529 13
5530 13
5531 13
5532 13
5533 13
5534 13
5535 13
5536 13
5537 13
5538 13
5539 13
5540 13
5541 13
5542 13
5543 13
5544 13
5545 13
5546 13
5547 13
5548 13
5549 13
5550 13
5551 13
5552 13
5553 13
5554 13
5555 13
5556 13
5557 13
5558 13
5559 13
5560 13
5561 13
5562 13
5563 13
5564 13
5565 13
5566 13
5567 13
5568 13
5569 13
5570 13
5571 13
5572 13
5573 13
5574 13
5575 13
5576 13
5577 13
5578 13
5579 13
5580 13
5581 13
5582 13
5583 13
5584 13
5585 13
5586 13
5587 13
5588 13
5589 13
5590 13
5591 13
5592 13
5593 13
5594 13
5595 13
5596 13
5597 13
5598 13
5599 13
5600 13
5601 13
5602 13
5603 13
5604 13
5605 13
5606 13
5607 13
5608 13
5609 13
5610 13
5611 13
5612 13
5613 13
5614 13
5615 13
5616 13
5617 13
5618 13
5619 13
5620 13
5621 13
5622 13
5623 13
5624 13
5625 13
5626 13
5627 13
5628 13
5629 13
5630 13
5631 13
5632 13
5633 13
5634 13
5635 13
5636 13
5637 13
5638 13
5639 13
5640 13
5641 13
5642 13
5643 13
5644 13
5645 13
5646 13
5647 13
5648 13
5649 13
5650 13
5651 13
5652 13
5653 13
5654 13
5655 13
5656 13
5657 13
5658 13
5659 13
5660 13
5661 13
5662 13
5663 13
5664 13
5665 13
5666 13
5667 13
5668 13
5669 13
5670 13
5671 13
5672 13
5673 13
5674 13
5675 13
5676 13
5677 13
5678 13
5679 13
5680 13
5681 13
5682 13
5683 13
5684 13
5685 13
5686 13
5687 13
5688 13
5689 13
5690 13
5691 13
5692 13
5693 13
5694 13
5695 13
5696 13
5697 13
5698 13
5699 13
5700 13
5701 13
5702 13
5703 13
5704 13
5705 13
5706 13
5707 13
5708 13
5709 13
5710 13
5711 13
5712 13
5713 13
5714 13
5715 13
5716 13
5717 13
5718 13
5719 13
5720 13
5721 13
5722 13
5723 13
5724 13
5725 13
5726 13
5727 13
5728 13
5729 13
5730 13
5731 13
5732 13
5733 13
5734 13
5735 13
5736 13
5737 13
5738 13
5739 13
5740 13
5741 13
5742 13
5743 13
5744 13
5745 13
5746 13
5747 13
5748 13
5749 13
5750 13
5751 13
5752 13
5753 13
5754 13
5755 13
5756 13
5757 13
5758 13
5759 13
5760 13
5761 13
5762 13
5763 13
5764 13
5765 13
5766 13
5767 13
5768 13
5769 13
5770 13
5771 13
5772 13
5773 13
5774 13
5775 13
5776 13
5777 13
5778 13
5779 13
5780 13
5781 13
5782 13
5783 13
5784 13
5785 13
5786 13
5787 13
5788 13
5789 13
5790 13
5791 13
5792 13
5793 13
5794 13
5795 13
5796 13
5797 13
5798 13
5799 13
5800 13
5801 13
5802 13
5803 13
5804 13
5805 13
5806 13
5807 13
5808 13
5809 13
5810 13
5811 13
5812 13
5813 13
5814 13
5815 13
5816 13
5817 13
5818 13
5819 13
5820 13
5821 13
5822 13
5823 13
5824 13
5825 13
5826 13
5827 13
5828 13
5829 13
5830 13
5831 13
5832 13
5833 13
5834 13
5835 13
5836 13
5837 13
5838 13
5839 13
5840 13
5841 13
5842 13
5843 13
5844 13
5845 13
5846 13
5847 13
5848 13
5849 13
5850 13
5851 13
5852 13
5853 13
5854 13
5855 13
5856 13
5857 13
5858 13
5859 13
5860 13
5861 13
5862 13
5863 13
5864 13
5865 13
5866 13
5867 13
5868 13
5869 13
5870 13
5871 13
5872 13
5873 13
5874 13
5875 13
5876 13
5877 13
5878 13
5879 13
5880 13
5881 13
5882 13
5883 13
5884 13
5885 13
5886 13
5887 13
5888 13
5889 13
5890 13
5891 13
5892 13
5893 13
5894 13
5895 13
5896 13
5897 13
5898 13
5899 13
5900 13
5901 13
5902 13
5903 13
5904 13
5905 13
5906 13
5907 13
5908 13
5909 13
5910 13
5911 13
5912 13
5913 13
5914 13
5915 13
5916 13
5917 13
5918 13
5919 13
5920 13
5921 13
5922 13
5923 13
5924 13
5925 13
5926 13
5927 13
5928 13
5929 13
5930 13
5931 13
5932 13
5933 13
5934 13
5935 13
5936 13
5937 13
5938 13
5939 13
5940 13
5941 13
5942 13
5943 13
5944 13
5945 13
5946 13
5947 13
5948 13
5949 13
5950 13
5951 13
5952 13
5953 13
5954 13
5955 13
5956 13
5957 13
5958 13
5959 13
5960 13
5961 13
5962 13
5963 13
5964 13
5965 13
5966 13
5967 13
5968 13
5969 13
5970 13
5971 13
5972 13
5973 13
5974 13
5975 13
5976 13
5977 13
5978 13
5979 13
5980 14
5981 13
5982 13
5983 13
5984 13
5985 13
5986 13
5987 13
5988 13
5989 13
5990 13
5991 13
5992 13
5993 13
5994 13
5995 13
5996 13
5997 13
5998 13
5999 15
6000 13
6001 13
6002 13
6003 13
6004 13
6005 13
6006 13
6007 13
6008 13
6009 13
6010 13
6011 13
6012 13
6013 13
6014 13
6015 13
6016 13
6017 13
6018 13
6019 13
6020 13
6021 13
6022 13
6023 13
6024 13
6025 13
6026 13
6027 13
6028 13
6029 13
6030 13
6031 13
6032 13
6033 13
6034 13
6035 13
6036 13
6037 13
6038 13
6039 13
6040 13
6041 13
6042 13
6043 13
6044 13
6045 13
6046 13
6047 13
6048 13
6049 13
6050 13
6051 13
6052 13
6053 13
6054 13
6055 13
6056 13
6057 13
6058 13
6059 13
6060 13
6061 13
6062 13
6063 13
6064 13
6065 13
6066 13
6067 13
6068 13
6069 13
6070 13
6071 13
6072 13
6073 13
6074 13
6075 13
6076 13
6077 13
6078 13
6079 13
6080 13
6081 13
6082 13
6083 13
6084 13
6085 13
6086 13
6087 13
6088 13
6089 13
6090 13
6091 13
6092 13
6093 13
6094 13
6095 13
6096 13
6097 13
6098 13
6099 13
6100 13
6101 13
6102 13
6103 13
6104 13
6105 13
6106 13
6107 13
6108 13
6109 13
6110 13
6111 13
6112 13
6113 13
6114 13
6115 13
6116 13
6117 13
6118 13
6119 13
6120 13
6121 13
6122 13
6123 13
6124 13
6125 13
6126 13
6127 13
6128 13
6129 13
6130 13
6131 13
6132 13
6133 13
6134 13
6135 13
6136 13
6137 13
6138 13
6139 13
6140 13
6141 13
6142 13
6143 13
6144 13
6145 13
6146 13
6147 13
6148 13
6149 13
6150 13
6151 13
6152 13
6153 13
6154 13
6155 13
6156 13
6157 13
6158 13
6159 13
6160 13
6161 13
6162 13
6163 13
6164 13
6165 13
6166 13
6167 13
6168 13
6169 13
6170 13
6171 13
6172 13
6173 13
6174 13
6175 13
6176 13
6177 13
6178 13
6179 13
6180 13
6181 13
6182 13
6183 13
6184 13
6185 13
6186 13
6187 13
6188 13
6189 13
6190 13
6191 13
6192 13
6193 13
6194 13
6195 13
6196 13
6197 13
6198 13
6199 13
6200 13
6201 13
6202 13
6203 13
6204 13
6205 13
6206 13
6207 13
6208 13
6209 13
6210 13
6211 13
6212 13
6213 13
6214 13
6215 13
6216 13
6217 13
6218 13
6219 13
6220 13
6221 13
6222 13
6223 13
6224 13
6225 13
6226 13
6227 13
6228 13
6229 13
6230 13
6231 13
6232 13
6233 13
6234 13
6235 13
6236 13
6237 13
6238 13
6239 13
6240 13
6241 13
6242 13
6243 13
6244 13
6245 13
6246 13
6247 13
6248 13
6249 13
6250 13
6251 13
6252 13
6253 13
6254 13
6255 13
6256 13
6257 13
6258 13
6259 13
6260 13
6261 13
6262 13
6263 13
6264 13
6265 13
6266 13
6267 13
6268 13
6269 13
6270 13
6271 13
6272 13
6273 13
6274 16
6275 13
6276 13
6277 13
6278 13
6279 13
6280 13
6281 13
6282 13
6283 13
6284 13
6285 13
6286 13
6287 13
6288 13
6289 13
6290 13
6291 13
6292 13
6293 13
6294 13
6295 13
6296 13
6297 13
6298 13
6299 13
6300 13
6301 13
6302 13
6303 13
6304 13
6305 13
6306 13
6307 13
6308 13
6309 13
6310 13
6311 13
6312 13
6313 13
6314 13
6315 13
6316 13
6317 13
6318 13
6319 13
6320 13
6321 13
6322 13
6323 13
6324 13
6325 13
6326 13
6327 13
6328 13
6329 13
6330 13
6331 13
6332 13
6333 13
6334 13
6335 13
6336 13
6337 13
6338 13
6339 13
6340 13
6341 13
6342 13
6343 13
6344 13
6345 13
6346 13
6347 13
6348 13
6349 13
6350 13
6351 13
6352 13
6353 13
6354 13
6355 13
6356 13
6357 13
6358 13
6359 13
6360 13
6361 13
6362 13
6363 13
6364 13
6365 13
6366 13
6367 13
6368 13
6369 13
6370 13
6371 13
6372 13
6373 13
6374 13
6375 13
6376 13
6377 13
6378 13
6379 13
6380 13
6381 13
6382 13
6383 13
6384 13
6385 13
6386 13
6387 13
6388 13
6389 13
6390 13
6391 13
6392 13
6393 13
6394 13
6395 13
6396 13
6397 13
6398 13
6399 13
6400 13
6401 13
6402 13
6403 13
6404 13
6405 13
6406 13
6407 13
6408 13
6409 13
6410 13
6411 13
6412 13
6413 13
6414 13
6415 13
6416 13
6417 13
6418 13
6419 13
6420 13
6421 13
6422 13
6423 13
6424 13
6425 13
6426 13
6427 13
6428 13
6429 13
6430 13
6431 13
6432 13
6433 13
6434 13
6435 13
6436 13
6437 13
6438 13
6439 13
6440 13
6441 13
6442 13
6443 13
6444 13
6445 13
6446 13
6447 13
6448 13
6449 13
6450 13
6451 13
6452 13
6453 13
6454 13
6455 13
6456 13
6457 13
6458 13
6459 13
6460 13
6461 13
6462 13
6463 13
6464 13
6465 13
6466 13
6467 13
6468 13
6469 13
6470 13
6471 13
6472 13
6473 13
6474 13
6475 13
6476 13
6477 13
6478 13
6479 13
6480 13
6481 13
6482 13
6483 13
6484 13
6485 13
6486 13
6487 13
6488 17
6489 13
6490 13
6491 13
6492 13
6493 13
6494 13
6495 13
6496 13
6497 13
6498 13
6499 13
6500 13
6501 13
6502 13
6503 13
6504 13
6505 13
6506 13
6507 13
6508 13
6509 13
6510 13
6511 13
6512 13
6513 13
6514 13
6515 13
6516 13
6517 13
6518 13
6519 13
6520 13
6521 13
6522 13
6523 13
6524 13
6525 13
6526 13
6527 13
6528 13
6529 13
6530 13
6531 13
6532 13
6533 13
6534 13
6535 13
6536 13
6537 13
6538 13
6539 13
6540 13
6541 13
6542 13
6543 13
6544 13
6545 13
6546 13
6547 13
6548 13
6549 13
6550 13
6551 13
6552 13
6553 13
6554 13
6555 13
6556 13
6557 13
6558 13
6559 13
6560 13
6561 13
6562 13
6563 13
6564 13
6565 13
6566 13
6567 13
6568 13
6569 13
6570 13
6571 13
6572 13
6573 13
6574 13
6575 13
6576 13
6577 13
6578 13
6579 13
6580 13
6581 13
6582 13
6583 13
6584 13
6585 13
6586 13
6587 13
6588 13
6589 13
6590 18
6591 13
6592 13
6593 13
6594 13
6595 13
6596 13
6597 13
6598 13
6599 13
6600 13
6601 13
6602 13
6603 13
6604 13
6605 13
6606 13
6607 13
6608 2
6609 13
6610 13
6611 13
6612 13
6613 13
6614 13
6615 19
6616 13
6617 13
6618 13
6619 13
6620 13
6621 13
6622 13
6623 13
6624 13
6625 13
6626 13
6627 13
6628 13
6629 13
6630 13
6631 13
6632 13
6633 13
6634 13
6635 13
6636 13
6637 13
6638 13
6639 13
6640 13
6641 13
6642 13
6643 13
6644 13
6645 13
6646 13
6647 13
6648 13
6649 13
6650 13
6651 13
6652 13
6653 13
6654 13
6655 13
6656 13
6657 13
6658 13
6659 13
6660 13
6661 13
6662 13
6663 13
6664 13
6665 13
6666 13
6667 13
6668 13
6669 13
6670 13
6671 13
6672 13
6673 13
6674 13
6675 13
6676 13
6677 13
6678 13
6679 13
6680 13
6681 13
6682 13
6683 13
6684 13
6685 13
6686 13
6687 13
6688 13
6689 13
6690 13
6691 13
6692 13
6693 13
6694 13
6695 13
6696 13
6697 13
6698 13
6699 13
6700 13
6701 13
6702 13
6703 13
6704 13
6705 13
6706 13
6707 13
6708 13
6709 13
6710 13
6711 13
6712 13
6713 13
6714 13
6715 13
6716 13
6717 13
6718 13
6719 13
6720 13
6721 13
6722 13
6723 13
6724 13
6725 13
6726 13
6727 13
6728 13
6729 13
6730 13
6731 13
6732 13
6733 13
6734 13
6735 13
6736 13
6737 13
6738 13
6739 13
6740 13
6741 13
6742 13
6743 13
6744 13
6745 13
6746 13
6747 13
6748 13
6749 13
6750 13
6751 13
6752 13
6753 13
6754 13
6755 13
6756 13
6757 13
6758 13
6759 13
6760 13
6761 13
6762 13
6763 13
6764 13
6765 13
6766 13
6767 13
6768 13
6769 13
6770 13
6771 13
6772 13
6773 13
6774 13
6775 13
6776 13
6777 13
6778 13
6779 13
6780 13
6781 13
6782 13
6783 13
6784 13
6785 13
6786 13
6787 13
6788 13
6789 13
6790 13
6791 13
6792 13
6793 13
6794 13
6795 13
6796 13
6797 13
6798 13
6799 13
6800 13
6801 13
6802 13
6803 13
6804 13
6805 13
6806 13
6807 13
6808 13
6809 13
6810 13
6811 13
6812 13
6813 13
6814 13
6815 13
6816 13
6817 13
6818 13
6819 13
6820 13
6821 13
6822 13
6823 13
6824 13
6825 13
6826 13
6827 13
6828 13
6829 13
6830 20
6831 13
6832 13
6833 13
6834 13
6835 13
6836 13
6837 13
6838 13
6839 13
6840 13
6841 13
6842 13
6843 13
6844 13
6845 13
6846 13
6847 13
6848 13
6849 13
6850 13
6851 13
6852 21
6853 13
6854 13
6855 13
6856 13
6857 13
6858 13
6859 13
6860 13
6861 13
6862 13
6863 13
6864 13
6865 13
6866 13
6867 13
6868 13
6869 13
6870 13
6871 13
6872 13
6873 13
6874 13
6875 13
6876 13
6877 13
6878 13
6879 13
6880 13
6881 13
6882 13
6883 13
6884 13
6885 208
6886 13
6887 13
6888 13
6889 13
6890 13
6891 13
6892 13
6893 13
6894 13
6895 13
6896 13
6897 13
6898 13
6899 13
6900 13
6901 13
6902 13
6903 13
6904 13
6905 13
6906 13
6907 13
6908 13
6909 13
6910 13
6911 13
6912 13
6913 13
6914 13
6915 13
6916 13
6917 13
6918 13
6919 13
6920 13
6921 13
6922 13
6923 13
6924 13
6925 13
6926 13
6927 13
6928 13
6929 13
6930 13
6931 13
6932 13
6933 13
6934 13
6935 13
6936 13
6937 13
6938 13
6939 13
6940 13
6941 13
6942 13
6943 13
6944 13
6945 13
6946 13
6947 13
6948 13
6949 13
6950 13
6951 13
6952 13
6953 13
6954 13
6955 13
6956 13
6957 13
6958 13
6959 13
6960 13
6961 13
6962 13
6963 22
6964 13
6965 13
6966 13
6967 13
6968 13
6969 13
6970 13
6971 13
6972 13
6973 13
6974 13
6975 13
6976 13
6977 13
6978 13
6979 13
6980 13
6981 13
6982 13
6983 13
6984 13
6985 13
6986 13
6987 13
6988 13
6989 13
6990 13
6991 13
6992 13
6993 13
6994 13
6995 13
6996 13
6997 13
6998 13
6999 13
7000 13
7001 13
7002 13
7003 13
7004 13
7005 13
7006 13
7007 13
7008 13
7009 13
7010 13
7011 13
7012 13
7013 13
7014 13
7015 13
7016 13
7017 13
7018 13
7019 13
7020 13
7021 13
7022 13
7023 13
7024 13
7025 13
7026 13
7027 13
7028 13
7029 13
7030 13
7031 13
7032 13
7033 13
7034 13
7035 13
7036 13
7037 13
7038 13
7039 13
7040 13
7041 13
7042 13
7043 13
7044 13
7045 13
7046 13
7047 13
7048 13
7049 13
7050 13
7051 13
7052 13
7053 13
7054 13
7055 13
7056 13
7057 13
7058 13
7059 13
7060 13
7061 13
7062 13
7063 13
7064 13
7065 13
7066 13
7067 13
7068 13
7069 13
7070 13
7071 13
7072 13
7073 13
7074 13
7075 13
7076 13
7077 13
7078 13
7079 13
7080 13
7081 13
7082 13
7083 13
7084 13
7085 13
7086 13
7087 13
7088 13
7089 13
7090 13
7091 13
7092 13
7093 13
7094 13
7095 13
7096 13
7097 13
7098 13
7099 13
7100 13
7101 13
7102 13
7103 13
7104 13
7105 13
7106 13
7107 13
7108 13
7109 13
7110 13
7111 13
7112 13
7113 13
7114 13
7115 13
7116 13
7117 13
7118 13
7119 13
7120 13
7121 13
7122 13
7123 13
7124 13
7125 13
7126 13
7127 13
7128 13
7129 13
7130 13
7131 13
7132 13
7133 13
7134 13
7135 13
7136 13
7137 13
7138 13
7139 13
7140 13
7141 13
7142 13
7143 13
7144 13
7145 13
7146 13
7147 13
7148 13
7149 13
7150 13
7151 13
7152 13
7153 13
7154 13
7155 13
7156 13
7157 13
7158 13
7159 13
7160 13
7161 13
7162 13
7163 13
7164 13
7165 13
7166 13
7167 13
7168 13
7169 13
7170 13
7171 13
7172 13
7173 13
7174 13
7175 13
7176 13
7177 13
7178 13
7179 13
7180 13
7181 13
7182 13
7183 13
7184 13
7185 13
7186 13
7187 13
7188 13
7189 13
7190 13
7191 13
7192 13
7193 13
7194 13
7195 13
7196 13
7197 13
7198 13
7199 13
7200 13
7201 13
7202 13
7203 13
7204 13
7205 13
7206 13
7207 13
7208 13
7209 13
7210 13
7211 13
7212 13
7213 13
7214 13
7215 13
7216 13
7217 13
7218 13
7219 13
7220 13
7221 13
7222 13
7223 13
7224 13
7225 13
7226 13
7227 13
7228 13
7229 13
7230 13
7231 13
7232 13
7233 13
7234 13
7235 13
7236 13
7237 13
7238 13
7239 13
7240 13
7241 13
7242 13
7243 13
7244 13
7245 13
7246 13
7247 13
7248 13
7249 13
7250 13
7251 13
7252 13
7253 13
7254 13
7255 13
7256 13
7257 13
7258 13
7259 13
7260 13
7261 13
7262 13
7263 13
7264 13
7265 13
7266 13
7267 13
7268 13
7269 13
7270 13
7271 13
7272 13
7273 13
7274 13
7275 13
7276 13
7277 13
7278 13
7279 13
7280 13
7281 13
7282 13
7283 13
7284 13
7285 13
7286 13
7287 13
7288 23
7289 13
7290 13
7291 13
7292 23
7293 13
7294 24
7295 13
7296 13
7297 13
7298 13
7299 13
7300 13
7301 13
7302 13
7303 13
7304 13
7305 13
7306 13
7307 13
7308 13
7309 13
7310 13
7311 13
7312 13
7313 13
7314 13
7315 13
7316 13
7317 13
7318 13
7319 13
7320 13
7321 13
7322 13
7323 13
7324 13
7325 13
7326 13
7327 13
7328 13
7329 13
7330 13
7331 13
7332 13
7333 13
7334 13
7335 13
7336 13
7337 13
7338 13
7339 13
7340 13
7341 13
7342 13
7343 13
7344 13
7345 25
7346 13
7347 13
7348 13
7349 13
7350 13
7351 13
7352 13
7353 13
7354 13
7355 13
7356 13
7357 13
7358 13
7359 13
7360 13
7361 13
7362 13
7363 13
7364 13
7365 13
7366 13
7367 13
7368 13
7369 13
7370 13
7371 13
7372 26
7373 13
7374 13
7375 13
7376 13
7377 13
7378 13
7379 13
7380 13
7381 13
7382 13
7383 13
7384 13
7385 13
7386 13
7387 13
7388 13
7389 13
7390 13
7391 13
7392 13
7393 13
7394 13
7395 13
7396 13
7397 13
7398 13
7399 13
7400 13
7401 13
7402 13
7403 13
7404 13
7405 13
7406 13
7407 13
7408 13
7409 13
7410 13
7411 13
7412 13
7413 13
7414 13
7415 13
7416 13
7417 13
7418 13
7419 13
7420 13
7421 13
7422 13
7423 13
7424 13
7425 13
7426 13
7427 13
7428 13
7429 13
7430 13
7431 13
7432 13
7433 13
7434 13
7435 13
7436 13
7437 13
7438 27
7439 13
7440 13
7441 13
7442 13
7443 13
7444 28
7445 13
7446 13
7447 13
7448 13
7449 13
7450 13
7451 13
7452 13
7453 13
7454 13
7455 13
7456 13
7457 13
7458 13
7459 13
7460 13
7461 13
7462 13
7463 13
7464 13
7465 13
7466 13
7467 13
7468 13
7469 13
7470 13
7471 13
7472 13
7473 13
7474 13
7475 13
7476 13
7477 13
7478 13
7479 13
7480 13
7481 13
7482 13
7483 13
7484 13
7485 13
7486 13
7487 13
7488 13
7489 13
7490 13
7491 13
7492 13
7493 13
7494 13
7495 13
7496 13
7497 13
7498 13
7499 13
7500 13
7501 13
7502 13
7503 13
7504 13
7505 13
7506 13
7507 13
7508 13
7509 13
7510 13
7511 13
7512 13
7513 13
7514 13
7515 13
7516 13
7517 13
7518 13
7519 13
7520 13
7521 13
7522 13
7523 13
7524 13
7525 13
7526 13
7527 13
7528 13
7529 13
7530 13
7531 13
7532 13
7533 13
7534 13
7535 29
7536 13
7537 13
7538 13
7539 13
7540 13
7541 13
7542 13
7543 13
7544 13
7545 13
7546 13
7547 13
7548 13
7549 13
7550 13
7551 13
7552 13
7553 13
7554 13
7555 13
7556 13
7557 13
7558 13
7559 13
7560 13
7561 13
7562 13
7563 13
7564 13
7565 13
7566 13
7567 13
7568 13
7569 13
7570 13
7571 13
7572 13
7573 13
7574 13
7575 13
7576 13
7577 13
7578 13
7579 13
7580 13
7581 13
7582 13
7583 13
7584 13
7585 13
7586 13
7587 13
7588 13
7589 13
7590 13
7591 13
7592 13
7593 13
7594 13
7595 13
7596 13
7597 13
7598 13
7599 13
7600 13
7601 13
7602 13
7603 13
7604 13
7605 13
7606 13
7607 13
7608 13
7609 13
7610 13
7611 13
7612 13
7613 13
7614 13
7615 13
7616 13
7617 13
7618 13
7619 13
7620 13
7621 13
7622 13
7623 13
7624 13
7625 13
7626 13
7627 13
7628 13
7629 13
7630 13
7631 13
7632 13
7633 13
7634 13
7635 13
7636 13
7637 13
7638 13
7639 13
7640 13
7641 13
7642 13
7643 13
7644 13
7645 13
7646 13
7647 13
7648 13
7649 13
7650 13
7651 13
7652 13
7653 13
7654 13
7655 13
7656 13
7657 13
7658 13
7659 13
7660 13
7661 13
7662 13
7663 13
7664 13
7665 13
7666 13
7667 13
7668 13
7669 13
7670 13
7671 13
7672 13
7673 13
7674 13
7675 13
7676 13
7677 13
7678 13
7679 13
7680 13
7681 13
7682 13
7683 13
7684 13
7685 13
7686 13
7687 13
7688 13
7689 13
7690 13
7691 13
7692 13
7693 13
7694 13
7695 13
7696 13
7697 13
7698 13
7699 13
7700 13
7701 13
7702 13
7703 13
7704 13
7705 13
7706 13
7707 13
7708 13
7709 13
7710 13
7711 13
7712 13
7713 13
7714 13
7715 13
7716 13
7717 13
7718 13
7719 13
7720 13
7721 13
7722 13
7723 13
7724 13
7725 13
7726 13
7727 13
7728 13
7729 13
7730 13
7731 13
7732 13
7733 13
7734 13
7735 13
7736 13
7737 13
7738 13
7739 13
7740 13
7741 13
7742 13
7743 13
7744 13
7745 13
7746 13
7747 13
7748 13
7749 13
7750 13
7751 13
7752 13
7753 13
7754 13
7755 13
7756 13
7757 13
7758 13
7759 13
7760 13
7761 13
7762 13
7763 13
7764 13
7765 30
7766 13
7767 13
7768 13
7769 13
7770 13
7771 13
7772 13
7773 13
7774 13
7775 13
7776 13
7777 13
7778 13
7779 13
7780 13
7781 13
7782 13
7783 13
7784 13
7785 13
7786 13
7787 13
7788 13
7789 13
7790 13
7791 13
7792 13
7793 13
7794 13
7795 13
7796 13
7797 13
7798 13
7799 13
7800 13
7801 13
7802 13
7803 13
7804 13
7805 13
7806 13
7807 13
7808 13
7809 13
7810 13
7811 13
7812 13
7813 13
7814 13
7815 13
7816 13
7817 13
7818 13
7819 13
7820 13
7821 13
7822 13
7823 13
7824 13
7825 13
7826 13
7827 13
7828 13
7829 13
7830 13
7831 13
7832 13
7833 13
7834 13
7835 13
7836 13
7837 13
7838 13
7839 13
7840 13
7841 13
7842 13
7843 13
7844 13
7845 13
7846 13
7847 13
7848 13
7849 13
7850 13
7851 13
7852 13
7853 13
7854 13
7855 13
7856 13
7857 13
7858 13
7859 13
7860 13
7861 13
7862 13
7863 13
7864 13
7865 13
7866 13
7867 13
7868 13
7869 13
7870 13
7871 13
7872 13
7873 13
7874 13
7875 13
7876 13
7877 13
7878 13
7879 13
7880 13
7881 13
7882 13
7883 13
7884 13
7885 13
7886 13
7887 13
7888 13
7889 13
7890 13
7891 13
7892 13
7893 13
7894 13
7895 13
7896 13
7897 13
7898 13
7899 13
7900 13
7901 13
7902 13
7903 13
7904 13
7905 13
7906 13
7907 13
7908 13
7909 13
7910 13
7911 13
7912 13
7913 13
7914 13
7915 13
7916 13
7917 13
7918 13
7919 13
7920 13
7921 13
7922 13
7923 13
7924 13
7925 13
7926 13
7927 13
7928 13
7929 13
7930 13
7931 13
7932 13
7933 13
7934 13
7935 13
7936 13
7937 13
7938 13
7939 13
7940 13
7941 13
7942 13
7943 13
7944 13
7945 13
7946 13
7947 13
7948 13
7949 13
7950 13
7951 13
7952 13
7953 13
7954 13
7955 13
7956 13
7957 13
7958 13
7959 13
7960 13
7961 13
7962 13
7963 13
7964 13
7965 13
7966 13
7967 13
7968 31
7969 13
7970 13
7971 13
7972 13
7973 13
7974 13
7975 13
7976 13
7977 13
7978 13
7979 13
7980 13
7981 13
7982 13
7983 13
7984 13
7985 13
7986 13
7987 32
7988 13
7989 13
7990 13
7991 13
7992 13
7993 13
7994 13
7995 13
7996 13
7997 13
7998 13
7999 13
8000 13
8001 13
8002 13
8003 13
8004 13
8005 13
8006 13
8007 13
8008 13
8009 13
8010 13
8011 13
8012 13
8013 13
8014 13
8015 13
8016 13
8017 13
8018 13
8019 13
8020 13
8021 13
8022 13
8023 13
8024 33
8025 13
8026 13
8027 13
8028 13
8029 13
8030 13
8031 13
8032 13
8033 13
8034 13
8035 13
8036 13
8037 13
8038 13
8039 13
8040 13
8041 13
8042 13
8043 13
8044 13
8045 13
8046 13
8047 13
8048 13
8049 13
8050 13
8051 13
8052 13
8053 13
8054 13
8055 13
8056 13
8057 13
8058 13
8059 13
8060 13
8061 13
8062 13
8063 13
8064 13
8065 34
8066 13
8067 115
8068 13
8069 13
8070 13
8071 13
8072 13
8073 13
8074 13
8075 13
8076 13
8077 13
8078 13
8079 13
8080 13
8081 13
8082 13
8083 13
8084 13
8085 13
8086 13
8087 13
8088 13
8089 13
8090 13
8091 13
8092 13
8093 13
8094 13
8095 13
8096 13
8097 13
8098 13
8099 13
8100 13
8101 13
8102 13
8103 13
8104 13
8105 13
8106 13
8107 13
8108 13
8109 13
8110 13
8111 13
8112 13
8113 13
8114 13
8115 13
8116 13
8117 13
8118 13
8119 13
8120 13
8121 13
8122 13
8123 13
8124 13
8125 13
8126 13
8127 13
8128 13
8129 13
8130 13
8131 13
8132 13
8133 13
8134 13
8135 13
8136 13
8137 13
8138 13
8139 13
8140 13
8141 13
8142 13
8143 13
8144 13
8145 13
8146 13
8147 13
8148 13
8149 13
8150 13
8151 13
8152 13
8153 35
8154 13
8155 13
8156 13
8157 13
8158 13
8159 13
8160 13
8161 13
8162 13
8163 13
8164 13
8165 13
8166 13
8167 13
8168 13
8169 13
8170 13
8171 13
8172 13
8173 13
8174 13
8175 13
8176 13
8177 13
8178 13
8179 13
8180 13
8181 13
8182 13
8183 13
8184 13
8185 13
8186 13
8187 13
8188 13
8189 13
8190 13
8191 13
8192 13
8193 13
8194 13
8195 13
8196 13
8197 13
8198 13
8199 13
8200 13
8201 13
8202 13
8203 13
8204 13
8205 13
8206 13
8207 13
8208 13
8209 13
8210 13
8211 13
8212 13
8213 13
8214 13
8215 13
8216 13
8217 13
8218 13
8219 13
8220 13
8221 13
8222 13
8223 13
8224 13
8225 13
8226 13
8227 13
8228 13
8229 13
8230 13
8231 13
8232 13
8233 13
8234 13
8235 13
8236 13
8237 13
8238 13
8239 13
8240 13
8241 13
8242 13
8243 13
8244 13
8245 13
8246 13
8247 13
8248 13
8249 13
8250 13
8251 13
8252 13
8253 13
8254 13
8255 13
8256 13
8257 13
8258 13
8259 13
8260 13
8261 13
8262 13
8263 13
8264 13
8265 13
8266 13
8267 13
8268 13
8269 13
8270 13
8271 13
8272 13
8273 13
8274 13
8275 13
8276 13
8277 13
8278 13
8279 13
8280 13
8281 13
8282 13
8283 13
8284 13
8285 13
8286 13
8287 13
8288 13
8289 13
8290 13
8291 13
8292 13
8293 13
8294 13
8295 13
8296 13
8297 13
8298 13
8299 13
8300 13
8301 13
8302 13
8303 13
8304 13
8305 13
8306 13
8307 13
8308 13
8309 13
8310 13
8311 13
8312 13
8313 13
8314 13
8315 13
8316 13
8317 13
8318 13
8319 13
8320 13
8321 13
8322 13
8323 13
8324 13
8325 13
8326 13
8327 13
8328 13
8329 13
8330 13
8331 13
8332 13
8333 13
8334 13
8335 13
8336 13
8337 13
8338 13
8339 13
8340 13
8341 13
8342 13
8343 13
8344 13
8345 13
8346 13
8347 13
8348 13
8349 13
8350 13
8351 13
8352 13
8353 13
8354 13
8355 13
8356 13
8357 13
8358 13
8359 13
8360 13
8361 13
8362 13
8363 13
8364 13
8365 13
8366 13
8367 13
8368 13
8369 13
8370 13
8371 13
8372 13
8373 13
8374 13
8375 13
8376 13
8377 13
8378 13
8379 13
8380 13
8381 13
8382 13
8383 13
8384 13
8385 13
8386 13
8387 13
8388 13
8389 13
8390 13
8391 13
8392 13
8393 13
8394 13
8395 13
8396 13
8397 13
8398 13
8399 13
8400 13
8401 13
8402 13
8403 13
8404 13
8405 13
8406 13
8407 13
8408 13
8409 13
8410 13
8411 13
8412 13
8413 13
8414 13
8415 13
8416 13
8417 13
8418 13
8419 13
8420 13
8421 13
8422 13
8423 13
8424 13
8425 13
8426 13
8427 13
8428 13
8429 13
8430 13
8431 13
8432 13
8433 13
8434 13
8435 13
8436 13
8437 13
8438 13
8439 13
8440 13
8441 13
8442 13
8443 13
8444 13
8445 13
8446 13
8447 13
8448 13
8449 13
8450 13
8451 13
8452 13
8453 13
8454 13
8455 13
8456 13
8457 13
8458 13
8459 13
8460 13
8461 13
8462 13
8463 13
8464 13
8465 13
8466 36
8467 13
8468 37
8469 13
8470 13
8471 13
8472 13
8473 13
8474 13
8475 13
8476 13
8477 13
8478 13
8479 13
8480 13
8481 13
8482 13
8483 13
8484 13
8485 13
8486 13
8487 38
8488 13
8489 13
8490 13
8491 13
8492 13
8493 13
8494 13
8495 13
8496 13
8497 13
8498 13
8499 13
8500 13
8501 13
8502 13
8503 13
8504 13
8505 13
8506 13
8507 13
8508 13
8509 13
8510 13
8511 13
8512 13
8513 13
8514 13
8515 13
8516 13
8517 13
8518 13
8519 13
8520 13
8521 13
8522 13
8523 13
8524 13
8525 13
8526 13
8527 13
8528 13
8529 13
8530 13
8531 13
8532 13
8533 13
8534 13
8535 13
8536 13
8537 13
8538 13
8539 13
8540 13
8541 13
8542 13
8543 13
8544 13
8545 13
8546 13
8547 13
8548 13
8549 13
8550 13
8551 13
8552 13
8553 13
8554 13
8555 13
8556 13
8557 13
8558 13
8559 13
8560 13
8561 13
8562 13
8563 13
8564 13
8565 13
8566 13
8567 13
8568 13
8569 13
8570 13
8571 13
8572 13
8573 13
8574 13
8575 13
8576 13
8577 13
8578 13
8579 39
8580 13
8581 13
8582 13
8583 13
8584 13
8585 13
8586 13
8587 13
8588 13
8589 13
8590 13
8591 13
8592 13
8593 13
8594 13
8595 13
8596 13
8597 13
8598 13
8599 13
8600 13
8601 13
8602 13
8603 13
8604 13
8605 13
8606 13
8607 13
8608 13
8609 13
8610 13
8611 13
8612 13
8613 13
8614 13
8615 13
8616 13
8617 13
8618 13
8619 13
8620 13
8621 13
8622 13
8623 13
8624 13
8625 13
8626 13
8627 13
8628 13
8629 13
8630 13
8631 13
8632 13
8633 13
8634 13
8635 13
8636 13
8637 13
8638 13
8639 13
8640 13
8641 13
8642 13
8643 13
8644 13
8645 13
8646 13
8647 13
8648 13
8649 13
8650 13
8651 13
8652 13
8653 13
8654 13
8655 13
8656 13
8657 13
8658 13
8659 13
8660 13
8661 13
8662 13
8663 13
8664 13
8665 13
8666 13
8667 13
8668 13
8669 13
8670 13
8671 13
8672 13
8673 13
8674 13
8675 13
8676 13
8677 13
8678 13
8679 13
8680 13
8681 13
8682 13
8683 13
8684 13
8685 13
8686 13
8687 13
8688 13
8689 13
8690 13
8691 13
8692 13
8693 13
8694 13
8695 13
8696 13
8697 13
8698 13
8699 13
8700 13
8701 13
8702 13
8703 13
8704 13
8705 13
8706 13
8707 13
8708 13
8709 13
8710 13
8711 13
8712 13
8713 13
8714 13
8715 13
8716 13
8717 13
8718 13
8719 13
8720 13
8721 13
8722 13
8723 13
8724 13
8725 13
8726 13
8727 13
8728 13
8729 13
8730 13
8731 13
8732 13
8733 13
8734 13
8735 13
8736 13
8737 13
8738 13
8739 13
8740 13
8741 13
8742 13
8743 13
8744 13
8745 13
8746 13
8747 13
8748 13
8749 13
8750 13
8751 13
8752 13
8753 13
8754 13
8755 13
8756 13
8757 13
8758 13
8759 13
8760 13
8761 13
8762 13
8763 13
8764 13
8765 13
8766 13
8767 13
8768 13
8769 13
8770 13
8771 13
8772 13
8773 13
8774 40
8775 13
8776 41
8777 13
8778 13
8779 13
8780 13
8781 13
8782 13
8783 13
8784 13
8785 13
8786 13
8787 13
8788 13
8789 13
8790 13
8791 13
8792 13
8793 13
8794 13
8795 13
8796 13
8797 13
8798 13
8799 13
8800 13
8801 13
8802 13
8803 13
8804 42
8805 43
8806 13
8807 13
8808 13
8809 13
8810 13
8811 13
8812 13
8813 13
8814 13
8815 13
8816 13
8817 13
8818 13
8819 13
8820 13
8821 13
8822 13
8823 13
8824 13
8825 13
8826 13
8827 13
8828 13
8829 13
8830 13
8831 13
8832 13
8833 13
8834 13
8835 13
8836 13
8837 13
8838 13
8839 13
8840 13
8841 13
8842 13
8843 13
8844 13
8845 13
8846 13
8847 13
8848 13
8849 13
8850 13
8851 13
8852 13
8853 13
8854 13
8855 13
8856 13
8857 13
8858 13
8859 13
8860 13
8861 13
8862 13
8863 13
8864 13
8865 13
8866 13
8867 13
8868 13
8869 13
8870 13
8871 13
8872 13
8873 13
8874 13
8875 13
8876 13
8877 13
8878 13
8879 13
8880 13
8881 13
8882 13
8883 13
8884 13
8885 13
8886 13
8887 13
8888 13
8889 13
8890 13
8891 13
8892 13
8893 13
8894 13
8895 13
8896 13
8897 13
8898 13
8899 13
8900 13
8901 13
8902 13
8903 13
8904 13
8905 13
8906 13
8907 13
8908 13
8909 13
8910 13
8911 13
8912 13
8913 13
8914 13
8915 13
8916 13
8917 13
8918 13
8919 13
8920 13
8921 13
8922 13
8923 13
8924 13
8925 13
8926 13
8927 13
8928 13
8929 13
8930 13
8931 13
8932 13
8933 13
8934 13
8935 13
8936 13
8937 13
8938 13
8939 13
8940 13
8941 13
8942 13
8943 13
8944 13
8945 13
8946 13
8947 13
8948 13
8949 13
8950 13
8951 13
8952 13
8953 13
8954 13
8955 13
8956 13
8957 13
8958 13
8959 13
8960 13
8961 13
8962 13
8963 13
8964 13
8965 13
8966 13
8967 13
8968 13
8969 13
8970 13
8971 13
8972 13
8973 13
8974 13
8975 13
8976 13
8977 13
8978 13
8979 13
8980 13
8981 44
8982 13
8983 13
8984 13
8985 13
8986 13
8987 13
8988 13
8989 13
8990 13
8991 13
8992 13
8993 13
8994 13
8995 13
8996 13
8997 13
8998 13
8999 13
9000 13
9001 228
9002 13
9003 13
9004 13
9005 13
9006 13
9007 13
9008 13
9009 13
9010 13
9011 13
9012 13
9013 13
9014 13
9015 13
9016 13
9017 13
9018 13
9019 13
9020 13
9021 13
9022 13
9023 13
9024 13
9025 13
9026 13
9027 13
9028 13
9029 13
9030 13
9031 13
9032 13
9033 13
9034 13
9035 13
9036 13
9037 13
9038 13
9039 13
9040 13
9041 13
9042 13
9043 13
9044 13
9045 13
9046 13
9047 13
9048 13
9049 13
9050 13
9051 13
9052 13
9053 13
9054 13
9055 13
9056 13
9057 13
9058 13
9059 13
9060 13
9061 13
9062 13
9063 13
9064 13
9065 13
9066 13
9067 13
9068 13
9069 13
9070 13
9071 13
9072 13
9073 13
9074 13
9075 13
9076 13
9077 13
9078 13
9079 13
9080 13
9081 13
9082 13
9083 13
9084 13
9085 13
9086 13
9087 13
9088 13
9089 13
9090 13
9091 13
9092 13
9093 13
9094 13
9095 13
9096 13
9097 13
9098 13
9099 13
9100 45
9101 13
9102 13
9103 13
9104 13
9105 13
9106 13
9107 13
9108 13
9109 13
9110 13
9111 13
9112 13
9113 13
9114 13
9115 13
9116 13
9117 13
9118 13
9119 13
9120 13
9121 13
9122 13
9123 13
9124 13
9125 13
9126 13
9127 13
9128 13
9129 13
9130 13
9131 13
9132 13
9133 13
9134 13
9135 13
9136 13
9137 13
9138 13
9139 13
9140 13
9141 13
9142 13
9143 13
9144 13
9145 13
9146 13
9147 13
9148 13
9149 13
9150 13
9151 13
9152 13
9153 13
9154 13
9155 13
9156 13
9157 13
9158 13
9159 13
9160 13
9161 13
9162 13
9163 13
9164 13
9165 13
9166 13
9167 13
9168 13
9169 13
9170 13
9171 13
9172 13
9173 13
9174 13
9175 13
9176 13
9177 13
9178 13
9179 13
9180 13
9181 13
9182 13
9183 13
9184 13
9185 13
9186 13
9187 13
9188 13
9189 13
9190 13
9191 13
9192 13
9193 13
9194 13
9195 13
9196 13
9197 13
9198 13
9199 13
9200 13
9201 13
9202 13
9203 13
9204 13
9205 13
9206 13
9207 13
9208 13
9209 13
9210 13
9211 13
9212 13
9213 13
9214 13
9215 13
9216 13
9217 13
9218 13
9219 13
9220 46
9221 13
9222 13
9223 13
9224 13
9225 13
9226 13
9227 13
9228 13
9229 13
9230 13
9231 13
9232 13
9233 13
9234 13
9235 13
9236 13
9237 13
9238 13
9239 13
9240 13
9241 13
9242 13
9243 13
9244 13
9245 13
9246 13
9247 13
9248 13
9249 13
9250 13
9251 13
9252 13
9253 13
9254 13
9255 13
9256 13
9257 13
9258 13
9259 13
9260 13
9261 13
9262 13
9263 13
9264 13
9265 13
9266 13
9267 13
9268 13
9269 13
9270 13
9271 13
9272 13
9273 13
9274 13
9275 13
9276 13
9277 13
9278 13
9279 13
9280 13
9281 13
9282 13
9283 13
9284 47
9285 13
9286 13
9287 13
9288 13
9289 13
9290 13
9291 13
9292 13
9293 13
9294 13
9295 13
9296 13
9297 13
9298 13
9299 13
9300 13
9301 13
9302 13
9303 13
9304 13
9305 13
9306 13
9307 13
9308 13
9309 13
9310 13
9311 13
9312 13
9313 13
9314 13
9315 13
9316 13
9317 13
9318 13
9319 13
9320 13
9321 13
9322 13
9323 13
9324 13
9325 13
9326 13
9327 13
9328 13
9329 13
9330 13
9331 13
9332 13
9333 13
9334 13
9335 13
9336 13
9337 13
9338 13
9339 13
9340 13
9341 13
9342 13
9343 13
9344 13
9345 13
9346 13
9347 13
9348 13
9349 13
9350 13
9351 13
9352 13
9353 13
9354 13
9355 13
9356 13
9357 13
9358 13
9359 13
9360 13
9361 13
9362 13
9363 13
9364 13
9365 13
9366 13
9367 13
9368 13
9369 13
9370 13
9371 13
9372 13
9373 13
9374 13
9375 13
9376 13
9377 13
9378 13
9379 13
9380 13
9381 13
9382 13
9383 13
9384 13
9385 13
9386 13
9387 13
9388 13
9389 13
9390 13
9391 13
9392 13
9393 13
9394 13
9395 13
9396 13
9397 13
9398 48
9399 13
9400 13
9401 50
9402 13
9403 13
9404 13
9405 13
9406 13
9407 13
9408 13
9409 13
9410 13
9411 13
9412 13
9413 13
9414 13
9415 13
9416 13
9417 13
9418 13
9419 13
9420 13
9421 13
9422 13
9423 13
9424 13
9425 13
9426 13
9427 13
9428 13
9429 13
9430 13
9431 13
9432 13
9433 13
9434 13
9435 13
9436 13
9437 13
9438 13
9439 13
9440 13
9441 13
9442 13
9443 13
9444 13
9445 13
9446 13
9447 13
9448 13
9449 13
9450 13
9451 13
9452 13
9453 13
9454 13
9455 13
9456 13
9457 13
9458 13
9459 13
9460 13
9461 13
9462 13
9463 13
9464 13
9465 13
9466 13
9467 13
9468 13
9469 13
9470 13
9471 13
9472 13
9473 13
9474 13
9475 13
9476 13
9477 13
9478 13
9479 13
9480 13
9481 13
9482 13
9483 13
9484 13
9485 13
9486 13
9487 13
9488 13
9489 13
9490 13
9491 13
9492 13
9493 13
9494 13
9495 13
9496 13
9497 13
9498 13
9499 13
9500 13
9501 13
9502 13
9503 13
9504 13
9505 13
9506 13
9507 13
9508 13
9509 13
9510 13
9511 13
9512 13
9513 13
9514 13
9515 13
9516 13
9517 13
9518 13
9519 13
9520 13
9521 13
9522 13
9523 13
9524 13
9525 13
9526 13
9527 13
9528 13
9529 13
9530 13
9531 13
9532 13
9533 13
9534 13
9535 13
9536 13
9537 13
9538 13
9539 13
9540 13
9541 13
9542 13
9543 13
9544 13
9545 13
9546 13
9547 13
9548 13
9549 13
9550 13
9551 13
9552 49
9553 13
9554 13
9555 13
9556 13
9557 13
9558 13
9559 13
9560 13
9561 13
9562 13
9563 13
9564 13
9565 13
9566 50
9567 13
9568 13
9569 13
9570 13
9571 13
9572 13
9573 13
9574 13
9575 13
9576 13
9577 13
9578 13
9579 13
9580 13
9581 13
9582 13
9583 13
9584 13
9585 51
9586 13
9587 13
9588 13
9589 13
9590 13
9591 13
9592 13
9593 13
9594 13
9595 13
9596 13
9597 13
9598 13
9599 13
9600 13
9601 13
9602 13
9603 13
9604 13
9605 13
9606 13
9607 13
9608 13
9609 13
9610 13
9611 13
9612 13
9613 13
9614 13
9615 13
9616 13
9617 13
9618 13
9619 13
9620 13
9621 13
9622 13
9623 13
9624 13
9625 13
9626 13
9627 13
9628 13
9629 13
9630 13
9631 13
9632 13
9633 13
9634 13
9635 13
9636 13
9637 13
9638 13
9639 13
9640 13
9641 13
9642 13
9643 13
9644 13
9645 13
9646 13
9647 13
9648 13
9649 13
9650 13
9651 13
9652 13
9653 13
9654 13
9655 13
9656 13
9657 13
9658 13
9659 13
9660 13
9661 13
9662 13
9663 13
9664 13
9665 13
9666 13
9667 13
9668 13
9669 13
9670 13
9671 13
9672 13
9673 13
9674 13
9675 13
9676 13
9677 13
9678 13
9679 13
9680 13
9681 13
9682 13
9683 13
9684 13
9685 13
9686 13
9687 13
9688 13
9689 13
9690 13
9691 13
9692 13
9693 13
9694 13
9695 13
9696 13
9697 13
9698 13
9699 13
9700 13
9701 13
9702 13
9703 13
9704 13
9705 13
9706 13
9707 13
9708 13
9709 13
9710 13
9711 13
9712 13
9713 13
9714 13
9715 13
9716 13
9717 13
9718 13
9719 13
9720 13
9721 13
9722 13
9723 13
9724 13
9725 13
9726 52
9727 13
9728 13
9729 13
9730 13
9731 13
9732 13
9733 13
9734 13
9735 13
9736 13
9737 13
9738 13
9739 13
9740 13
9741 13
9742 13
9743 13
9744 13
9745 13
9746 13
9747 13
9748 53
9749 13
9750 13
9751 13
9752 13
9753 13
9754 13
9755 13
9756 13
9757 13
9758 13
9759 13
9760 13
9761 13
9762 13
9763 13
9764 13
9765 13
9766 13
9767 13
9768 13
9769 13
9770 13
9771 13
9772 13
9773 13
9774 13
9775 13
9776 13
9777 13
9778 13
9779 13
9780 13
9781 55
9782 13
9783 13
9784 13
9785 13
9786 13
9787 13
9788 13
9789 13
9790 13
9791 13
9792 13
9793 13
9794 13
9795 13
9796 13
9797 13
9798 13
9799 13
9800 13
9801 13
9802 13
9803 13
9804 13
9805 13
9806 13
9807 13
9808 13
9809 13
9810 13
9811 13
9812 54
9813 13
9814 13
9815 13
9816 13
9817 13
9818 13
9819 13
9820 13
9821 13
9822 13
9823 13
9824 13
9825 13
9826 13
9827 13
9828 13
9829 13
9830 13
9831 13
9832 13
9833 13
9834 13
9835 13
9836 13
9837 13
9838 13
9839 13
9840 13
9841 13
9842 13
9843 13
9844 13
9845 13
9846 13
9847 13
9848 13
9849 13
9850 13
9851 13
9852 13
9853 13
9854 13
9855 13
9856 13
9857 13
9858 13
9859 13
9860 13
9861 55
9862 13
9863 13
9864 13
9865 13
9866 13
9867 13
9868 13
9869 13
9870 13
9871 13
9872 13
9873 13
9874 13
9875 13
9876 13
9877 13
9878 13
9879 13
9880 13
9881 13
9882 13
9883 13
9884 13
9885 13
9886 56
9887 13
9888 13
9889 13
9890 13
9891 13
9892 13
9893 13
9894 13
9895 13
9896 13
9897 13
9898 13
9899 13
9900 13
9901 13
9902 13
9903 13
9904 13
9905 13
9906 13
9907 13
9908 13
9909 13
9910 13
9911 13
9912 13
9913 13
9914 13
9915 13
9916 13
9917 13
9918 13
9919 13
9920 13
9921 13
9922 13
9923 13
9924 13
9925 13
9926 13
9927 13
9928 13
9929 13
9930 13
9931 13
9932 13
9933 13
9934 13
9935 13
9936 13
9937 13
9938 13
9939 13
9940 13
9941 13
9942 13
9943 13
9944 13
9945 13
9946 13
9947 13
9948 13
9949 13
9950 13
9951 13
9952 13
9953 13
9954 13
9955 57
9956 13
9957 13
9958 13
9959 13
9960 13
9961 13
9962 13
9963 13
9964 13
9965 13
9966 13
9967 13
9968 13
9969 13
9970 13
9971 13
9972 13
9973 13
9974 13
9975 13
9976 13
9977 13
9978 13
9979 13
9980 13
9981 13
9982 13
9983 13
9984 13
9985 13
9986 13
9987 13
9988 13
9989 13
9990 13
9991 13
9992 13
9993 13
9994 13
9995 13
9996 13
9997 13
9998 13
9999 13
10000 13
10001 13
10002 13
10003 13
10004 13
10005 13
10006 13
10007 13
10008 13
10009 13
10010 13
10011 13
10012 13
10013 13
10014 13
10015 13
10016 13
10017 13
10018 13
10019 13
10020 13
10021 13
10022 13
10023 13
10024 13
10025 13
10026 13
10027 13
10028 13
10029 13
10030 13
10031 13
10032 13
10033 13
10034 58
10035 13
10036 13
10037 13
10038 13
10039 13
10040 13
10041 13
10042 13
10043 13
10044 13
10045 13
10046 13
10047 13
10048 13
10049 13
10050 13
10051 13
10052 13
10053 13
10054 13
10055 13
10056 13
10057 13
10058 13
10059 13
10060 13
10061 13
10062 13
10063 13
10064 13
10065 13
10066 13
10067 13
10068 13
10069 13
10070 13
10071 13
10072 13
10073 13
10074 13
10075 13
10076 13
10077 13
10078 13
10079 13
10080 13
10081 13
10082 13
10083 13
10084 13
10085 13
10086 13
10087 13
10088 13
10089 13
10090 13
10091 13
10092 13
10093 13
10094 13
10095 13
10096 13
10097 13
10098 13
10099 13
10100 13
10101 13
10102 13
10103 13
10104 13
10105 13
10106 13
10107 13
10108 13
10109 13
10110 13
10111 13
10112 13
10113 13
10114 13
10115 13
10116 13
10117 13
10118 13
10119 13
10120 13
10121 13
10122 13
10123 59
10124 13
10125 13
10126 13
10127 13
10128 13
10129 13
10130 13
10131 13
10132 13
10133 13
10134 13
10135 13
10136 13
10137 13
10138 13
10139 13
10140 13
10141 13
10142 13
10143 13
10144 13
10145 13
10146 13
10147 13
10148 13
10149 13
10150 13
10151 13
10152 13
10153 13
10154 13
10155 13
10156 13
10157 13
10158 13
10159 13
10160 13
10161 13
10162 13
10163 13
10164 13
10165 13
10166 13
10167 13
10168 13
10169 13
10170 13
10171 13
10172 13
10173 13
10174 13
10175 13
10176 13
10177 13
10178 13
10179 13
10180 13
10181 13
10182 13
10183 13
10184 13
10185 13
10186 13
10187 13
10188 13
10189 13
10190 13
10191 13
10192 13
10193 13
10194 13
10195 13
10196 13
10197 13
10198 13
10199 13
10200 13
10201 13
10202 13
10203 13
10204 13
10205 13
10206 13
10207 13
10208 13
10209 13
10210 13
10211 13
10212 13
10213 13
10214 13
10215 13
10216 13
10217 13
10218 13
10219 13
10220 13
10221 13
10222 13
10223 13
10224 13
10225 13
10226 13
10227 13
10228 13
10229 13
10230 13
10231 13
10232 13
10233 13
10234 13
10235 60
10236 13
10237 13
10238 13
10239 13
10240 13
10241 13
10242 13
10243 13
10244 13
10245 13
10246 13
10247 13
10248 13
10249 13
10250 13
10251 13
10252 13
10253 13
10254 13
10255 13
10256 13
10257 13
10258 13
10259 13
10260 13
10261 13
10262 13
10263 13
10264 13
10265 13
10266 13
10267 13
10268 13
10269 61
10270 13
10271 13
10272 13
10273 13
10274 13
10275 62
10276 13
10277 13
10278 13
10279 13
10280 13
10281 13
10282 13
10283 13
10284 13
10285 13
10286 13
10287 13
10288 13
10289 13
10290 13
10291 13
10292 13
10293 13
10294 13
10295 13
10296 13
10297 13
10298 13
10299 13
10300 13
10301 13
10302 13
10303 13
10304 13
10305 13
10306 13
10307 13
10308 13
10309 13
10310 13
10311 13
10312 13
10313 13
10314 13
10315 13
10316 13
10317 13
10318 13
10319 13
10320 13
10321 13
10322 13
10323 13
10324 13
10325 13
10326 13
10327 13
10328 13
10329 13
10330 13
10331 13
10332 13
10333 13
10334 13
10335 13
10336 13
10337 13
10338 13
10339 13
10340 13
10341 13
10342 13
10343 13
10344 13
10345 13
10346 13
10347 13
10348 13
10349 13
10350 13
10351 13
10352 13
10353 13
10354 13
10355 13
10356 13
10357 13
10358 13
10359 13
10360 13
10361 13
10362 13
10363 13
10364 13
10365 13
10366 13
10367 13
10368 13
10369 13
10370 13
10371 13
10372 13
10373 13
10374 13
10375 13
10376 13
10377 13
10378 13
10379 13
10380 13
10381 13
10382 13
10383 13
10384 13
10385 13
10386 13
10387 13
10388 13
10389 13
10390 13
10391 13
10392 13
10393 13
10394 13
10395 13
10396 13
10397 13
10398 13
10399 13
10400 13
10401 13
10402 13
10403 13
10404 13
10405 13
10406 13
10407 13
10408 13
10409 13
10410 13
10411 13
10412 13
10413 13
10414 13
10415 13
10416 13
10417 13
10418 13
10419 13
10420 13
10421 13
10422 13
10423 13
10424 13
10425 13
10426 13
10427 13
10428 13
10429 13
10430 13
10431 13
10432 13
10433 13
10434 13
10435 13
10436 13
10437 13
10438 13
10439 13
10440 13
10441 13
10442 13
10443 13
10444 13
10445 13
10446 13
10447 13
10448 13
10449 13
10450 13
10451 13
10452 13
10453 13
10454 13
10455 63
10456 64
10457 13
10458 13
10459 13
10460 13
10461 13
10462 13
10463 13
10464 13
10465 13
10466 13
10467 13
10468 13
10469 13
10470 13
10471 13
10472 65
10473 13
10474 13
10475 13
10476 13
10477 13
10478 13
10479 13
10480 13
10481 13
10482 13
10483 13
10484 13
10485 13
10486 13
10487 13
10488 13
10489 13
10490 13
10491 13
10492 13
10493 13
10494 13
10495 13
10496 13
10497 13
10498 13
10499 13
10500 13
10501 13
10502 13
10503 13
10504 13
10505 13
10506 13
10507 13
10508 13
10509 13
10510 13
10511 13
10512 13
10513 13
10514 13
10515 13
10516 13
10517 13
10518 13
10519 13
10520 13
10521 13
10522 13
10523 13
10524 13
10525 13
10526 13
10527 13
10528 13
10529 13
10530 13
10531 13
10532 13
10533 13
10534 13
10535 13
10536 13
10537 13
10538 13
10539 13
10540 13
10541 13
10542 13
10543 13
10544 66
10545 13
10546 13
10547 13
10548 13
10549 13
10550 13
10551 13
10552 13
10553 13
10554 13
10555 13
10556 13
10557 13
10558 13
10559 13
10560 13
10561 13
10562 13
10563 13
10564 13
10565 13
10566 13
10567 13
10568 13
10569 13
10570 67
10571 13
10572 13
10573 13
10574 13
10575 13
10576 13
10577 13
10578 13
10579 13
10580 13
10581 13
10582 13
10583 13
10584 13
10585 13
10586 13
10587 13
10588 13
10589 13
10590 13
10591 13
10592 13
10593 13
10594 13
10595 13
10596 13
10597 13
10598 13
10599 13
10600 13
10601 13
10602 13
10603 13
10604 13
10605 13
10606 13
10607 13
10608 13
10609 13
10610 13
10611 13
10612 13
10613 13
10614 13
10615 13
10616 13
10617 13
10618 13
10619 13
10620 13
10621 13
10622 13
10623 13
10624 13
10625 13
10626 13
10627 13
10628 13
10629 13
10630 13
10631 13
10632 13
10633 13
10634 13
10635 13
10636 13
10637 13
10638 13
10639 13
10640 13
10641 13
10642 13
10643 13
10644 13
10645 13
10646 13
10647 13
10648 13
10649 13
10650 13
10651 13
10652 13
10653 13
10654 13
10655 13
10656 13
10657 13
10658 13
10659 13
10660 13
10661 13
10662 13
10663 13
10664 13
10665 13
10666 13
10667 13
10668 13
10669 13
10670 13
10671 13
10672 13
10673 13
10674 13
10675 13
10676 13
10677 13
10678 13
10679 13
10680 13
10681 13
10682 13
10683 13
10684 13
10685 13
10686 13
10687 13
10688 68
10689 13
10690 13
10691 13
10692 13
10693 13
10694 13
10695 13
10696 13
10697 13
10698 13
10699 13
10700 13
10701 13
10702 13
10703 13
10704 13
10705 13
10706 13
10707 13
10708 13
10709 13
10710 13
10711 13
10712 13
10713 13
10714 13
10715 13
10716 13
10717 13
10718 13
10719 13
10720 13
10721 13
10722 13
10723 13
10724 13
10725 13
10726 13
10727 13
10728 13
10729 13
10730 13
10731 13
10732 13
10733 13
10734 13
10735 13
10736 13
10737 13
10738 13
10739 13
10740 13
10741 13
10742 13
10743 13
10744 13
10745 13
10746 13
10747 13
10748 13
10749 13
10750 13
10751 13
10752 13
10753 13
10754 13
10755 13
10756 13
10757 13
10758 13
10759 13
10760 13
10761 13
10762 13
10763 13
10764 13
10765 13
10766 13
10767 13
10768 13
10769 13
10770 13
10771 13
10772 13
10773 13
10774 13
10775 13
10776 13
10777 13
10778 13
10779 13
10780 13
10781 13
10782 13
10783 13
10784 13
10785 13
10786 13
10787 13
10788 13
10789 13
10790 13
10791 13
10792 13
10793 13
10794 13
10795 13
10796 13
10797 13
10798 13
10799 13
10800 13
10801 13
10802 13
10803 13
10804 13
10805 13
10806 13
10807 13
10808 13
10809 13
10810 13
10811 13
10812 13
10813 13
10814 13
10815 13
10816 13
10817 13
10818 13
10819 13
10820 13
10821 13
10822 13
10823 13
10824 13
10825 13
10826 13
10827 13
10828 13
10829 13
10830 13
10831 13
10832 69
10833 13
10834 13
10835 13
10836 13
10837 13
10838 13
10839 13
10840 13
10841 13
10842 13
10843 13
10844 13
10845 13
10846 13
10847 13
10848 13
10849 13
10850 13
10851 13
10852 13
10853 13
10854 13
10855 13
10856 13
10857 13
10858 13
10859 13
10860 13
10861 13
10862 13
10863 13
10864 13
10865 70
10866 13
10867 13
10868 13
10869 13
10870 13
10871 13
10872 13
10873 13
10874 13
10875 13
10876 13
10877 13
10878 13
10879 13
10880 13
10881 13
10882 13
10883 13
10884 13
10885 13
10886 13
10887 13
10888 13
10889 13
10890 13
10891 13
10892 13
10893 13
10894 13
10895 13
10896 13
10897 13
10898 13
10899 13
10900 13
10901 13
10902 13
10903 13
10904 13
10905 13
10906 13
10907 13
10908 13
10909 13
10910 13
10911 13
10912 13
10913 13
10914 13
10915 13
10916 13
10917 13
10918 13
10919 13
10920 13
10921 13
10922 13
10923 13
10924 13
10925 13
10926 13
10927 13
10928 13
10929 13
10930 13
10931 13
10932 13
10933 13
10934 13
10935 71
10936 13
10937 13
10938 13
10939 13
10940 13
10941 13
10942 13
10943 13
10944 13
10945 13
10946 13
10947 13
10948 13
10949 13
10950 13
10951 13
10952 13
10953 13
10954 13
10955 13
10956 13
10957 13
10958 13
10959 13
10960 13
10961 13
10962 13
10963 13
10964 13
10965 13
10966 13
10967 13
10968 13
10969 13
10970 13
10971 13
10972 13
10973 13
10974 13
10975 13
10976 13
10977 13
10978 13
10979 13
10980 13
10981 13
10982 13
10983 13
10984 13
10985 13
10986 13
10987 13
10988 13
10989 13
10990 13
10991 13
10992 13
10993 13
10994 13
10995 13
10996 13
10997 13
10998 13
10999 13
11000 13
11001 13
11002 13
11003 13
11004 13
11005 13
11006 13
11007 13
11008 13
11009 13
11010 13
11011 13
11012 13
11013 13
11014 13
11015 13
11016 13
11017 13
11018 13
11019 13
11020 13
11021 13
11022 13
11023 13
11024 13
11025 13
11026 13
11027 13
11028 13
11029 13
11030 13
11031 13
11032 13
11033 13
11034 13
11035 13
11036 13
11037 13
11038 13
11039 13
11040 13
11041 13
11042 13
11043 13
11044 13
11045 72
11046 13
11047 13
11048 13
11049 13
11050 13
11051 13
11052 13
11053 13
11054 13
11055 13
11056 13
11057 13
11058 41
11059 13
11060 13
11061 13
11062 13
11063 13
11064 13
11065 13
11066 13
11067 13
11068 13
11069 13
11070 13
11071 13
11072 13
11073 13
11074 13
11075 13
11076 13
11077 13
11078 13
11079 13
11080 13
11081 13
11082 73
11083 13
11084 13
11085 13
11086 13
11087 13
11088 13
11089 13
11090 13
11091 13
11092 13
11093 13
11094 13
11095 13
11096 13
11097 13
11098 13
11099 13
11100 13
11101 13
11102 13
11103 13
11104 13
11105 13
11106 13
11107 13
11108 13
11109 13
11110 13
11111 13
11112 13
11113 13
11114 13
11115 13
11116 13
11117 13
11118 13
11119 13
11120 13
11121 13
11122 13
11123 13
11124 13
11125 13
11126 13
11127 13
11128 13
11129 13
11130 13
11131 13
11132 13
11133 13
11134 13
11135 13
11136 13
11137 13
11138 13
11139 13
11140 13
11141 13
11142 13
11143 13
11144 13
11145 13
11146 13
11147 13
11148 13
11149 13
11150 13
11151 13
11152 13
11153 13
11154 13
11155 74
11156 13
11157 13
11158 13
11159 13
11160 13
11161 13
11162 13
11163 13
11164 13
11165 13
11166 13
11167 13
11168 13
11169 13
11170 13
11171 13
11172 13
11173 13
11174 13
11175 13
11176 13
11177 13
11178 13
11179 13
11180 13
11181 13
11182 13
11183 13
11184 13
11185 13
11186 13
11187 13
11188 13
11189 13
11190 13
11191 13
11192 13
11193 13
11194 13
11195 13
11196 13
11197 13
11198 13
11199 13
11200 13
11201 13
11202 13
11203 13
11204 13
11205 13
11206 13
11207 13
11208 13
11209 13
11210 13
11211 13
11212 13
11213 13
11214 13
11215 13
11216 13
11217 13
11218 13
11219 13
11220 13
11221 13
11222 13
11223 13
11224 13
11225 13
11226 13
11227 13
11228 13
11229 13
11230 13
11231 13
11232 13
11233 13
11234 13
11235 13
11236 13
11237 13
11238 13
11239 13
11240 13
11241 13
11242 13
11243 13
11244 13
11245 13
11246 13
11247 13
11248 13
11249 13
11250 13
11251 13
11252 75
11253 13
11254 13
11255 13
11256 13
11257 13
11258 13
11259 13
11260 13
11261 13
11262 13
11263 13
11264 13
11265 13
11266 13
11267 13
11268 13
11269 13
11270 13
11271 13
11272 13
11273 13
11274 13
11275 13
11276 13
11277 13
11278 13
11279 13
11280 13
11281 13
11282 13
11283 13
11284 13
11285 13
11286 13
11287 13
11288 13
11289 13
11290 13
11291 13
11292 13
11293 13
11294 13
11295 13
11296 13
11297 13
11298 13
11299 13
11300 13
11301 13
11302 13
11303 13
11304 13
11305 13
11306 13
11307 13
11308 13
11309 13
11310 13
11311 13
11312 13
11313 13
11314 13
11315 13
11316 13
11317 13
11318 13
11319 13
11320 13
11321 13
11322 13
11323 13
11324 13
11325 13
11326 13
11327 13
11328 13
11329 13
11330 13
11331 13
11332 13
11333 13
11334 13
11335 13
11336 13
11337 13
11338 13
11339 13
11340 13
11341 13
11342 13
11343 13
11344 13
11345 13
11346 13
11347 13
11348 13
11349 13
11350 13
11351 13
11352 13
11353 13
11354 13
11355 13
11356 13
11357 13
11358 13
11359 13
11360 13
11361 13
11362 13
11363 13
11364 13
11365 13
11366 13
11367 13
11368 13
11369 13
11370 13
11371 13
11372 13
11373 13
11374 13
11375 13
11376 13
11377 13
11378 13
11379 13
11380 13
11381 13
11382 13
11383 13
11384 13
11385 13
11386 13
11387 13
11388 13
11389 13
11390 13
11391 13
11392 13
11393 13
11394 13
11395 13
11396 13
11397 13
11398 13
11399 13
11400 13
11401 13
11402 13
11403 13
11404 13
11405 13
11406 13
11407 13
11408 13
11409 13
11410 13
11411 13
11412 13
11413 13
11414 13
11415 13
11416 13
11417 13
11418 13
11419 13
11420 13
11421 13
11422 13
11423 13
11424 13
11425 13
11426 13
11427 13
11428 13
11429 13
11430 13
11431 13
11432 13
11433 13
11434 13
11435 13
11436 13
11437 13
11438 13
11439 13
11440 13
11441 13
11442 13
11443 13
11444 13
11445 13
11446 13
11447 13
11448 13
11449 13
11450 13
11451 13
11452 13
11453 13
11454 13
11455 13
11456 13
11457 13
11458 13
11459 13
11460 13
11461 13
11462 13
11463 13
11464 13
11465 13
11466 13
11467 13
11468 13
11469 13
11470 13
11471 13
11472 13
11473 13
11474 13
11475 13
11476 13
11477 13
11478 13
11479 13
11480 13
11481 13
11482 13
11483 13
11484 13
11485 13
11486 13
11487 13
11488 13
11489 13
11490 13
11491 13
11492 13
11493 13
11494 13
11495 13
11496 13
11497 13
11498 13
11499 13
11500 13
11501 13
11502 13
11503 13
11504 13
11505 13
11506 13
11507 13
11508 13
11509 13
11510 13
11511 13
11512 13
11513 13
11514 13
11515 13
11516 13
11517 13
11518 13
11519 13
11520 13
11521 13
11522 13
11523 13
11524 13
11525 13
11526 13
11527 13
11528 13
11529 13
11530 13
11531 13
11532 13
11533 13
11534 13
11535 13
11536 13
11537 13
11538 13
11539 13
11540 13
11541 13
11542 13
11543 13
11544 13
11545 13
11546 13
11547 13
11548 13
11549 13
11550 13
11551 13
11552 13
11553 13
11554 13
11555 13
11556 13
11557 13
11558 13
11559 13
11560 13
11561 13
11562 13
11563 13
11564 13
11565 13
11566 13
11567 13
11568 13
11569 13
11570 13
11571 13
11572 13
11573 13
11574 13
11575 13
11576 13
11577 13
11578 13
11579 13
11580 13
11581 13
11582 13
11583 13
11584 13
11585 13
11586 13
11587 13
11588 13
11589 13
11590 13
11591 13
11592 13
11593 13
11594 13
11595 13
11596 13
11597 13
11598 13
11599 13
11600 13
11601 13
11602 13
11603 13
11604 13
11605 13
11606 13
11607 13
11608 13
11609 13
11610 13
11611 13
11612 13
11613 13
11614 13
11615 13
11616 13
11617 13
11618 13
11619 13
11620 13
11621 13
11622 13
11623 13
11624 13
11625 13
11626 13
11627 13
11628 13
11629 13
11630 13
11631 13
11632 13
11633 13
11634 13
11635 13
11636 13
11637 13
11638 13
11639 13
11640 13
11641 13
11642 13
11643 13
11644 13
11645 13
11646 13
11647 13
11648 13
11649 13
11650 13
11651 13
11652 13
11653 13
11654 13
11655 13
11656 13
11657 76
11658 13
11659 13
11660 13
11661 13
11662 13
11663 13
11664 13
11665 13
11666 13
11667 13
11668 13
11669 13
11670 13
11671 13
11672 13
11673 13
11674 13
11675 13
11676 13
11677 13
11678 13
11679 13
11680 13
11681 13
11682 13
11683 13
11684 13
11685 13
11686 13
11687 13
11688 13
11689 13
11690 13
11691 13
11692 13
11693 13
11694 13
11695 13
11696 13
11697 13
11698 13
11699 13
11700 13
11701 13
11702 13
11703 13
11704 13
11705 13
11706 13
11707 13
11708 13
11709 13
11710 13
11711 13
11712 13
11713 13
11714 13
11715 13
11716 13
11717 13
11718 13
11719 13
11720 13
11721 77
11722 13
11723 13
11724 13
11725 13
11726 13
11727 13
11728 13
11729 13
11730 13
11731 13
11732 13
11733 13
11734 13
11735 13
11736 13
11737 78
11738 13
11739 13
11740 13
11741 13
11742 13
11743 13
11744 13
11745 13
11746 13
11747 13
11748 13
11749 13
11750 13
11751 13
11752 13
11753 13
11754 13
11755 13
11756 13
11757 13
11758 13
11759 13
11760 13
11761 13
11762 13
11763 13
11764 13
11765 13
11766 13
11767 13
11768 13
11769 13
11770 13
11771 13
11772 13
11773 13
11774 13
11775 13
11776 13
11777 13
11778 13
11779 13
11780 13
11781 13
11782 13
11783 13
11784 13
11785 13
11786 13
11787 13
11788 13
11789 13
11790 13
11791 13
11792 13
11793 13
11794 13
11795 13
11796 13
11797 13
11798 13
11799 13
11800 13
11801 13
11802 13
11803 13
11804 13
11805 13
11806 13
11807 13
11808 13
11809 13
11810 13
11811 13
11812 13
11813 13
11814 13
11815 13
11816 13
11817 13
11818 13
11819 13
11820 13
11821 13
11822 13
11823 13
11824 13
11825 13
11826 13
11827 13
11828 13
11829 13
11830 13
11831 13
11832 13
11833 13
11834 13
11835 13
11836 13
11837 13
11838 13
11839 13
11840 13
11841 13
11842 13
11843 13
11844 13
11845 13
11846 13
11847 13
11848 13
11849 13
11850 13
11851 13
11852 13
11853 79
11854 13
11855 13
11856 13
11857 13
11858 13
11859 13
11860 13
11861 13
11862 13
11863 13
11864 13
11865 13
11866 13
11867 13
11868 13
11869 13
11870 13
11871 13
11872 13
11873 13
11874 13
11875 13
11876 13
11877 80
11878 13
11879 13
11880 13
11881 13
11882 13
11883 13
11884 13
11885 13
11886 13
11887 13
11888 13
11889 13
11890 13
11891 13
11892 13
11893 13
11894 13
11895 13
11896 13
11897 13
11898 13
11899 13
11900 13
11901 13
11902 13
11903 13
11904 13
11905 13
11906 13
11907 13
11908 13
11909 13
11910 13
11911 13
11912 13
11913 13
11914 13
11915 13
11916 13
11917 13
11918 13
11919 13
11920 13
11921 13
11922 13
11923 13
11924 13
11925 13
11926 13
11927 13
11928 13
11929 13
11930 13
11931 13
11932 13
11933 13
11934 13
11935 13
11936 13
11937 13
11938 13
11939 13
11940 13
11941 13
11942 13
11943 13
11944 13
11945 13
11946 13
11947 13
11948 13
11949 13
11950 13
11951 13
11952 13
11953 13
11954 13
11955 13
11956 13
11957 13
11958 13
11959 13
11960 13
11961 13
11962 13
11963 13
11964 13
11965 13
11966 13
11967 13
11968 13
11969 13
11970 13
11971 13
11972 13
11973 13
11974 13
11975 13
11976 13
11977 13
11978 13
11979 13
11980 13
11981 13
11982 13
11983 13
11984 13
11985 13
11986 13
11987 13
11988 13
11989 13
11990 13
11991 13
11992 13
11993 13
11994 13
11995 13
11996 13
11997 13
11998 13
11999 13
12000 13
12001 13
12002 13
12003 13
12004 13
12005 13
12006 13
12007 13
12008 13
12009 13
12010 13
12011 13
12012 13
12013 13
12014 13
12015 13
12016 13
12017 13
12018 13
12019 13
12020 13
12021 13
12022 13
12023 13
12024 13
12025 13
12026 13
12027 13
12028 13
12029 13
12030 13
12031 13
12032 13
12033 13
12034 13
12035 13
12036 13
12037 13
12038 13
12039 13
12040 13
12041 13
12042 13
12043 13
12044 13
12045 13
12046 13
12047 13
12048 13
12049 13
12050 13
12051 13
12052 13
12053 13
12054 13
12055 13
12056 13
12057 13
12058 13
12059 13
12060 13
12061 13
12062 13
12063 13
12064 13
12065 13
12066 13
12067 13
12068 13
12069 13
12070 13
12071 13
12072 13
12073 13
12074 13
12075 13
12076 13
12077 13
12078 13
12079 13
12080 13
12081 13
12082 13
12083 13
12084 13
12085 13
12086 13
12087 13
12088 13
12089 13
12090 13
12091 13
12092 13
12093 13
12094 13
12095 13
12096 13
12097 13
12098 13
12099 13
12100 13
12101 87
12102 13
12103 13
12104 13
12105 13
12106 13
12107 13
12108 13
12109 13
12110 13
12111 13
12112 13
12113 13
12114 13
12115 13
12116 13
12117 13
12118 13
12119 13
12120 13
12121 13
12122 13
12123 13
12124 13
12125 13
12126 13
12127 13
12128 81
12129 13
12130 13
12131 82
12132 13
12133 13
12134 13
12135 82
12136 13
12137 83
12138 84
12139 13
12140 13
12141 13
12142 13
12143 13
12144 13
12145 13
12146 13
12147 13
12148 13
12149 13
12150 13
12151 13
12152 13
12153 13
12154 13
12155 13
12156 13
12157 13
12158 13
12159 13
12160 13
12161 13
12162 13
12163 13
12164 13
12165 13
12166 13
12167 13
12168 13
12169 13
12170 13
12171 85
12172 13
12173 13
12174 13
12175 13
12176 13
12177 13
12178 13
12179 13
12180 86
12181 13
12182 13
12183 13
12184 13
12185 13
12186 13
12187 13
12188 13
12189 13
12190 13
12191 13
12192 13
12193 13
12194 13
12195 13
12196 13
12197 13
12198 13
12199 13
12200 13
12201 13
12202 13
12203 13
12204 13
12205 13
12206 13
12207 13
12208 13
12209 13
12210 13
12211 13
12212 13
12213 13
12214 13
12215 13
12216 13
12217 13
12218 13
12219 13
12220 13
12221 13
12222 13
12223 13
12224 13
12225 13
12226 13
12227 13
12228 13
12229 13
12230 13
12231 13
12232 13
12233 13
12234 13
12235 13
12236 13
12237 13
12238 13
12239 13
12240 13
12241 13
12242 87
12243 13
12244 13
12245 13
12246 13
12247 13
12248 13
12249 13
12250 13
12251 13
12252 13
12253 13
12254 13
12255 13
12256 13
12257 13
12258 13
12259 13
12260 13
12261 13
12262 13
12263 13
12264 13
12265 13
12266 13
12267 13
12268 13
12269 13
12270 13
12271 13
12272 13
12273 13
12274 13
12275 13
12276 13
12277 13
12278 13
12279 13
12280 13
12281 13
12282 13
12283 13
12284 13
12285 13
12286 13
12287 13
12288 13
12289 13
12290 13
12291 13
12292 13
12293 13
12294 13
12295 13
12296 13
12297 13
12298 13
12299 13
12300 13
12301 13
12302 13
12303 13
12304 13
12305 13
12306 13
12307 13
12308 13
12309 13
12310 13
12311 13
12312 13
12313 13
12314 13
12315 13
12316 13
12317 13
12318 13
12319 13
12320 13
12321 13
12322 13
12323 13
12324 13
12325 13
12326 13
12327 13
12328 13
12329 13
12330 13
12331 13
12332 13
12333 13
12334 13
12335 13
12336 13
12337 13
12338 13
12339 13
12340 13
12341 13
12342 13
12343 13
12344 13
12345 13
12346 13
12347 13
12348 13
12349 13
12350 88
12351 13
12352 13
12353 13
12354 13
12355 13
12356 13
12357 13
12358 13
12359 13
12360 13
12361 13
12362 13
12363 13
12364 13
12365 13
12366 13
12367 13
12368 13
12369 13
12370 13
12371 89
12372 13
12373 13
12374 13
12375 13
12376 13
12377 13
12378 13
12379 13
12380 13
12381 13
12382 13
12383 13
12384 13
12385 13
12386 13
12387 13
12388 13
12389 13
12390 13
12391 90
12392 13
12393 13
12394 13
12395 13
12396 13
12397 13
12398 13
12399 13
12400 13
12401 13
12402 13
12403 13
12404 13
12405 13
12406 13
12407 13
12408 13
12409 13
12410 13
12411 13
12412 13
12413 13
12414 13
12415 13
12416 91
12417 13
12418 13
12419 13
12420 13
12421 13
12422 13
12423 13
12424 13
12425 13
12426 13
12427 92
12428 13
12429 13
12430 13
12431 13
12432 13
12433 13
12434 13
12435 13
12436 13
12437 13
12438 13
12439 13
12440 13
12441 13
12442 13
12443 13
12444 13
12445 13
12446 13
12447 13
12448 13
12449 13
12450 13
12451 13
12452 13
12453 2
12454 13
12455 13
12456 13
12457 13
12458 13
12459 13
12460 13
12461 13
12462 13
12463 13
12464 13
12465 13
12466 13
12467 13
12468 13
12469 13
12470 13
12471 13
12472 13
12473 13
12474 13
12475 13
12476 13
12477 13
12478 13
12479 13
12480 13
12481 13
12482 13
12483 13
12484 13
12485 13
12486 13
12487 13
12488 13
12489 13
12490 13
12491 13
12492 13
12493 13
12494 13
12495 13
12496 13
12497 13
12498 13
12499 13
12500 13
12501 13
12502 13
12503 13
12504 13
12505 13
12506 13
12507 13
12508 13
12509 13
12510 13
12511 13
12512 13
12513 13
12514 13
12515 13
12516 13
12517 13
12518 13
12519 13
12520 13
12521 13
12522 13
12523 13
12524 13
12525 13
12526 13
12527 13
12528 13
12529 13
12530 13
12531 13
12532 13
12533 13
12534 13
12535 13
12536 13
12537 13
12538 13
12539 13
12540 13
12541 13
12542 13
12543 13
12544 13
12545 13
12546 13
12547 13
12548 13
12549 13
12550 13
12551 13
12552 13
12553 13
12554 13
12555 13
12556 13
12557 13
12558 13
12559 13
12560 13
12561 13
12562 13
12563 13
12564 13
12565 13
12566 13
12567 13
12568 13
12569 13
12570 13
12571 13
12572 13
12573 13
12574 13
12575 13
12576 13
12577 13
12578 13
12579 13
12580 13
12581 13
12582 13
12583 13
12584 13
12585 13
12586 13
12587 13
12588 13
12589 13
12590 13
12591 13
12592 13
12593 13
12594 13
12595 13
12596 13
12597 13
12598 13
12599 13
12600 13
12601 13
12602 13
12603 13
12604 13
12605 13
12606 13
12607 13
12608 13
12609 13
12610 13
12611 13
12612 13
12613 13
12614 13
12615 13
12616 13
12617 13
12618 13
12619 13
12620 13
12621 13
12622 13
12623 13
12624 13
12625 13
12626 13
12627 13
12628 13
12629 13
12630 13
12631 13
12632 13
12633 13
12634 13
12635 13
12636 13
12637 13
12638 13
12639 13
12640 13
12641 13
12642 13
12643 13
12644 13
12645 13
12646 13
12647 13
12648 93
12649 13
12650 13
12651 13
12652 13
12653 13
12654 13
12655 13
12656 13
12657 94
12658 13
12659 13
12660 13
12661 13
12662 13
12663 13
12664 13
12665 13
12666 13
12667 13
12668 13
12669 13
12670 13
12671 13
12672 13
12673 13
12674 13
12675 13
12676 13
12677 13
12678 13
12679 13
12680 13
12681 13
12682 13
12683 13
12684 13
12685 13
12686 13
12687 13
12688 13
12689 13
12690 13
12691 13
12692 13
12693 13
12694 13
12695 13
12696 13
12697 13
12698 13
12699 13
12700 13
12701 13
12702 13
12703 13
12704 13
12705 13
12706 13
12707 13
12708 13
12709 13
12710 13
12711 13
12712 13
12713 13
12714 13
12715 13
12716 13
12717 13
12718 13
12719 13
12720 13
12721 13
12722 13
12723 13
12724 13
12725 13
12726 13
12727 13
12728 13
12729 13
12730 13
12731 13
12732 13
12733 13
12734 13
12735 13
12736 13
12737 13
12738 13
12739 13
12740 13
12741 13
12742 13
12743 13
12744 13
12745 13
12746 13
12747 13
12748 13
12749 13
12750 13
12751 13
12752 13
12753 13
12754 13
12755 13
12756 13
12757 13
12758 13
12759 13
12760 13
12761 13
12762 13
12763 13
12764 13
12765 13
12766 13
12767 13
12768 13
12769 13
12770 13
12771 13
12772 13
12773 13
12774 13
12775 13
12776 13
12777 13
12778 13
12779 13
12780 13
12781 13
12782 13
12783 13
12784 13
12785 13
12786 13
12787 13
12788 13
12789 13
12790 13
12791 13
12792 13
12793 13
12794 13
12795 13
12796 13
12797 13
12798 13
12799 13
12800 13
12801 13
12802 13
12803 13
12804 13
12805 13
12806 13
12807 13
12808 13
12809 2
12810 13
12811 13
12812 13
12813 13
12814 13
12815 13
12816 13
12817 13
12818 13
12819 13
12820 13
12821 13
12822 13
12823 13
12824 13
12825 13
12826 13
12827 13
12828 13
12829 13
12830 13
12831 13
12832 13
12833 13
12834 13
12835 13
12836 13
12837 13
12838 13
12839 96
12840 13
12841 13
12842 13
12843 13
12844 13
12845 13
12846 13
12847 13
12848 13
12849 13
12850 13
12851 13
12852 13
12853 13
12854 13
12855 13
12856 13
12857 13
12858 13
12859 13
12860 13
12861 13
12862 13
12863 13
12864 13
12865 13
12866 13
12867 13
12868 13
12869 13
12870 13
12871 13
12872 13
12873 13
12874 13
12875 13
12876 95
12877 13
12878 13
12879 13
12880 13
12881 13
12882 13
12883 13
12884 13
12885 13
12886 13
12887 13
12888 13
12889 13
12890 13
12891 13
12892 13
12893 13
12894 13
12895 13
12896 13
12897 13
12898 13
12899 13
12900 13
12901 13
12902 13
12903 13
12904 13
12905 13
12906 13
12907 13
12908 13
12909 13
12910 13
12911 13
12912 13
12913 13
12914 13
12915 13
12916 13
12917 13
12918 13
12919 13
12920 13
12921 13
12922 13
12923 13
12924 13
12925 13
12926 13
12927 13
12928 13
12929 13
12930 13
12931 13
12932 13
12933 13
12934 13
12935 13
12936 13
12937 13
12938 13
12939 13
12940 13
12941 13
12942 13
12943 13
12944 13
12945 13
12946 13
12947 13
12948 13
12949 13
12950 13
12951 13
12952 13
12953 13
12954 13
12955 13
12956 13
12957 13
12958 13
12959 13
12960 13
12961 13
12962 13
12963 13
12964 13
12965 13
12966 13
12967 13
12968 13
12969 13
12970 13
12971 13
12972 13
12973 13
12974 13
12975 13
12976 13
12977 13
12978 13
12979 13
12980 13
12981 13
12982 13
12983 13
12984 13
12985 13
12986 13
12987 13
12988 13
12989 13
12990 13
12991 13
12992 13
12993 13
12994 13
12995 96
12996 13
12997 13
12998 13
12999 13
13000 13
13001 13
13002 13
13003 13
13004 13
13005 13
13006 13
13007 13
13008 13
13009 13
13010 13
13011 13
13012 13
13013 13
13014 13
13015 13
13016 13
13017 13
13018 13
13019 13
13020 13
13021 13
13022 13
13023 13
13024 13
13025 13
13026 13
13027 13
13028 13
13029 13
13030 13
13031 13
13032 13
13033 13
13034 13
13035 13
13036 13
13037 13
13038 13
13039 13
13040 13
13041 13
13042 13
13043 13
13044 13
13045 13
13046 13
13047 13
13048 13
13049 13
13050 13
13051 13
13052 13
13053 13
13054 13
13055 13
13056 13
13057 13
13058 13
13059 13
13060 13
13061 13
13062 13
13063 13
13064 13
13065 13
13066 13
13067 97
13068 13
13069 13
13070 13
13071 13
13072 13
13073 13
13074 13
13075 13
13076 13
13077 98
13078 13
13079 98
13080 13
13081 13
13082 13
13083 13
13084 13
13085 13
13086 13
13087 13
13088 13
13089 13
13090 13
13091 13
13092 13
13093 13
13094 13
13095 13
13096 13
13097 13
13098 13
13099 13
13100 13
13101 13
13102 13
13103 13
13104 13
13105 13
13106 13
13107 13
13108 13
13109 13
13110 13
13111 13
13112 13
13113 13
13114 13
13115 13
13116 13
13117 13
13118 13
13119 13
13120 13
13121 99
13122 13
13123 13
13124 13
13125 13
13126 13
13127 13
13128 13
13129 13
13130 13
13131 13
13132 13
13133 13
13134 13
13135 13
13136 13
13137 13
13138 13
13139 13
13140 13
13141 13
13142 13
13143 13
13144 13
13145 13
13146 13
13147 13
13148 13
13149 13
13150 13
13151 13
13152 13
13153 13
13154 13
13155 13
13156 13
13157 13
13158 13
13159 13
13160 13
13161 13
13162 13
13163 13
13164 13
13165 13
13166 13
13167 13
13168 13
13169 13
13170 13
13171 13
13172 13
13173 13
13174 13
13175 13
13176 13
13177 13
13178 13
13179 13
13180 13
13181 13
13182 13
13183 13
13184 13
13185 13
13186 13
13187 13
13188 13
13189 13
13190 13
13191 13
13192 13
13193 13
13194 13
13195 13
13196 13
13197 13
13198 100
13199 13
13200 13
13201 13
13202 13
13203 13
13204 13
13205 13
13206 13
13207 13
13208 13
13209 13
13210 13
13211 13
13212 13
13213 13
13214 13
13215 13
13216 13
13217 13
13218 13
13219 13
13220 101
13221 13
13222 13
13223 13
13224 13
13225 13
13226 102
13227 13
13228 13
13229 13
13230 13
13231 103
13232 13
13233 13
13234 104
13235 13
13236 105
13237 13
13238 13
13239 13
13240 13
13241 13
13242 90
13243 13
13244 13
13245 13
13246 13
13247 13
13248 13
13249 13
13250 13
13251 13
13252 13
13253 13
13254 13
13255 13
13256 13
13257 13
13258 13
13259 13
13260 13
13261 13
13262 13
13263 13
13264 13
13265 13
13266 13
13267 13
13268 13
13269 13
13270 13
13271 13
13272 13
13273 13
13274 13
13275 13
13276 13
13277 13
13278 13
13279 13
13280 13
13281 13
13282 13
13283 13
13284 13
13285 13
13286 13
13287 13
13288 13
13289 13
13290 13
13291 13
13292 13
13293 13
13294 13
13295 13
13296 13
13297 13
13298 13
13299 13
13300 13
13301 13
13302 13
13303 13
13304 13
13305 13
13306 13
13307 13
13308 13
13309 13
13310 13
13311 13
13312 13
13313 13
13314 13
13315 13
13316 13
13317 13
13318 13
13319 13
13320 13
13321 13
13322 13
13323 13
13324 13
13325 13
13326 13
13327 13
13328 13
13329 13
13330 13
13331 13
13332 13
13333 13
13334 13
13335 13
13336 13
13337 13
13338 13
13339 13
13340 13
13341 13
13342 13
13343 13
13344 13
13345 13
13346 13
13347 13
13348 13
13349 13
13350 13
13351 13
13352 13
13353 13
13354 13
13355 13
13356 13
13357 13
13358 13
13359 13
13360 13
13361 13
13362 13
13363 13
13364 106
13365 13
13366 13
13367 13
13368 13
13369 13
13370 13
13371 13
13372 13
13373 13
13374 13
13375 13
13376 13
13377 13
13378 13
13379 13
13380 13
13381 13
13382 13
13383 13
13384 13
13385 13
13386 13
13387 13
13388 13
13389 13
13390 13
13391 13
13392 13
13393 13
13394 13
13395 13
13396 13
13397 13
13398 13
13399 13
13400 13
13401 13
13402 13
13403 13
13404 13
13405 13
13406 13
13407 13
13408 13
13409 13
13410 13
13411 13
13412 13
13413 13
13414 13
13415 13
13416 13
13417 13
13418 13
13419 13
13420 13
13421 13
13422 13
13423 13
13424 13
13425 13
13426 13
13427 13
13428 13
13429 13
13430 13
13431 13
13432 13
13433 13
13434 13
13435 13
13436 13
13437 13
13438 13
13439 13
13440 13
13441 107
13442 13
13443 13
13444 13
13445 13
13446 13
13447 13
13448 13
13449 13
13450 13
13451 13
13452 13
13453 13
13454 13
13455 13
13456 13
13457 13
13458 13
13459 13
13460 13
13461 13
13462 13
13463 13
13464 13
13465 13
13466 13
13467 13
13468 13
13469 13
13470 13
13471 13
13472 13
13473 13
13474 13
13475 13
13476 13
13477 13
13478 13
13479 13
13480 13
13481 13
13482 13
13483 13
13484 13
13485 13
13486 13
13487 13
13488 13
13489 13
13490 13
13491 13
13492 13
13493 13
13494 13
13495 13
13496 13
13497 13
13498 13
13499 13
13500 13
13501 13
13502 13
13503 13
13504 13
13505 13
13506 13
13507 13
13508 13
13509 13
13510 13
13511 13
13512 13
13513 13
13514 13
13515 13
13516 108
13517 13
13518 13
13519 13
13520 13
13521 13
13522 13
13523 13
13524 13
13525 13
13526 13
13527 13
13528 13
13529 13
13530 13
13531 13
13532 13
13533 13
13534 13
13535 13
13536 13
13537 13
13538 13
13539 13
13540 13
13541 13
13542 13
13543 13
13544 13
13545 13
13546 13
13547 13
13548 13
13549 13
13550 13
13551 13
13552 13
13553 13
13554 13
13555 13
13556 13
13557 13
13558 13
13559 13
13560 13
13561 13
13562 13
13563 13
13564 13
13565 13
13566 13
13567 13
13568 13
13569 13
13570 13
13571 13
13572 13
13573 13
13574 13
13575 13
13576 13
13577 13
13578 109
13579 110
13580 13
13581 13
13582 13
13583 13
13584 13
13585 13
13586 13
13587 13
13588 13
13589 13
13590 13
13591 13
13592 13
13593 13
13594 13
13595 13
13596 13
13597 13
13598 13
13599 13
13600 13
13601 13
13602 13
13603 13
13604 13
13605 13
13606 13
13607 13
13608 13
13609 13
13610 13
13611 13
13612 13
13613 13
13614 13
13615 13
13616 13
13617 13
13618 13
13619 13
13620 13
13621 13
13622 13
13623 13
13624 111
13625 13
13626 13
13627 13
13628 13
13629 13
13630 13
13631 13
13632 13
13633 13
13634 13
13635 112
13636 13
13637 13
13638 13
13639 13
13640 13
13641 13
13642 13
13643 13
13644 13
13645 13
13646 13
13647 13
13648 13
13649 13
13650 13
13651 13
13652 13
13653 13
13654 13
13655 13
13656 13
13657 13
13658 13
13659 13
13660 13
13661 13
13662 13
13663 13
13664 13
13665 13
13666 13
13667 13
13668 13
13669 13
13670 13
13671 13
13672 13
13673 13
13674 113
13675 13
13676 13
13677 13
13678 13
13679 13
13680 13
13681 13
13682 13
13683 13
13684 13
13685 13
13686 13
13687 111
13688 13
13689 13
13690 13
13691 13
13692 13
13693 13
13694 13
13695 13
13696 13
13697 13
13698 13
13699 13
13700 13
13701 13
13702 13
13703 13
13704 13
13705 13
13706 13
13707 13
13708 13
13709 13
13710 13
13711 13
13712 13
13713 13
13714 13
13715 13
13716 13
13717 13
13718 13
13719 13
13720 13
13721 13
13722 13
13723 13
13724 13
13725 13
13726 13
13727 13
13728 13
13729 13
13730 13
13731 13
13732 13
13733 13
13734 13
13735 13
13736 13
13737 13
13738 13
13739 13
13740 13
13741 13
13742 13
13743 13
13744 13
13745 13
13746 13
13747 13
13748 13
13749 13
13750 13
13751 13
13752 13
13753 13
13754 13
13755 13
13756 13
13757 13
13758 13
13759 13
13760 13
13761 13
13762 13
13763 13
13764 13
13765 13
13766 13
13767 13
13768 13
13769 13
13770 13
13771 13
13772 13
13773 13
13774 13
13775 13
13776 13
13777 13
13778 13
13779 13
13780 13
13781 13
13782 13
13783 13
13784 13
13785 13
13786 13
13787 13
13788 13
13789 13
13790 13
13791 13
13792 13
13793 13
13794 13
13795 13
13796 13
13797 13
13798 13
13799 13
13800 13
13801 13
13802 13
13803 13
13804 13
13805 13
13806 13
13807 13
13808 13
13809 13
13810 13
13811 13
13812 13
13813 13
13814 13
13815 13
13816 13
13817 13
13818 13
13819 13
13820 13
13821 13
13822 13
13823 13
13824 13
13825 13
13826 13
13827 13
13828 13
13829 13
13830 13
13831 13
13832 13
13833 13
13834 13
13835 13
13836 13
13837 13
13838 13
13839 13
13840 13
13841 13
13842 13
13843 13
13844 13
13845 13
13846 13
13847 13
13848 13
13849 13
13850 13
13851 13
13852 13
13853 13
13854 13
13855 13
13856 13
13857 13
13858 13
13859 13
13860 13
13861 13
13862 13
13863 13
13864 13
13865 13
13866 13
13867 13
13868 13
13869 13
13870 114
13871 13
13872 13
13873 13
13874 13
13875 13
13876 13
13877 13
13878 13
13879 13
13880 13
13881 13
13882 13
13883 13
13884 13
13885 13
13886 13
13887 13
13888 13
13889 13
13890 13
13891 13
13892 13
13893 13
13894 13
13895 13
13896 13
13897 13
13898 13
13899 13
13900 13
13901 13
13902 13
13903 13
13904 13
13905 13
13906 13
13907 13
13908 13
13909 13
13910 13
13911 13
13912 13
13913 13
13914 13
13915 13
13916 13
13917 13
13918 13
13919 13
13920 13
13921 13
13922 13
13923 13
13924 13
13925 13
13926 13
13927 13
13928 13
13929 13
13930 13
13931 13
13932 13
13933 115
13934 13
13935 13
13936 13
13937 13
13938 13
13939 13
13940 13
13941 13
13942 13
13943 13
13944 13
13945 13
13946 13
13947 13
13948 13
13949 13
13950 13
13951 13
13952 13
13953 13
13954 13
13955 13
13956 13
13957 13
13958 13
13959 13
13960 13
13961 13
13962 13
13963 13
13964 13
13965 13
13966 13
13967 13
13968 13
13969 13
13970 13
13971 13
13972 13
13973 13
13974 13
13975 13
13976 13
13977 13
13978 13
13979 13
13980 13
13981 13
13982 13
13983 13
13984 13
13985 13
13986 13
13987 13
13988 13
13989 13
13990 13
13991 13
13992 13
13993 13
13994 13
13995 13
13996 13
13997 13
13998 13
13999 13
14000 13
14001 13
14002 13
14003 13
14004 13
14005 13
14006 13
14007 13
14008 13
14009 13
14010 13
14011 13
14012 13
14013 13
14014 13
14015 13
14016 13
14017 13
14018 13
14019 13
14020 13
14021 13
14022 13
14023 13
14024 13
14025 13
14026 13
14027 13
14028 13
14029 13
14030 13
14031 13
14032 13
14033 13
14034 13
14035 13
14036 13
14037 13
14038 13
14039 13
14040 13
14041 13
14042 13
14043 13
14044 13
14045 13
14046 13
14047 13
14048 13
14049 13
14050 13
14051 13
14052 13
14053 13
14054 13
14055 13
14056 13
14057 13
14058 13
14059 13
14060 13
14061 13
14062 13
14063 13
14064 13
14065 13
14066 13
14067 13
14068 13
14069 13
14070 13
14071 13
14072 13
14073 13
14074 13
14075 13
14076 13
14077 13
14078 13
14079 13
14080 116
14081 13
14082 13
14083 13
14084 13
14085 13
14086 13
14087 13
14088 13
14089 13
14090 13
14091 13
14092 13
14093 13
14094 13
14095 13
14096 13
14097 13
14098 13
14099 13
14100 13
14101 13
14102 13
14103 117
14104 13
14105 13
14106 13
14107 13
14108 13
14109 13
14110 13
14111 13
14112 13
14113 13
14114 13
14115 13
14116 13
14117 13
14118 13
14119 13
14120 13
14121 13
14122 13
14123 13
14124 13
14125 13
14126 13
14127 13
14128 13
14129 13
14130 13
14131 13
14132 13
14133 13
14134 13
14135 13
14136 13
14137 13
14138 13
14139 13
14140 13
14141 118
14142 13
14143 13
14144 13
14145 13
14146 13
14147 13
14148 13
14149 119
14150 119
14151 13
14152 13
14153 13
14154 13
14155 13
14156 13
14157 13
14158 13
14159 13
14160 13
14161 13
14162 13
14163 13
14164 13
14165 13
14166 13
14167 13
14168 13
14169 13
14170 13
14171 120
14172 13
14173 13
14174 13
14175 13
14176 13
14177 13
14178 13
14179 13
14180 13
14181 13
14182 13
14183 13
14184 13
14185 13
14186 13
14187 13
14188 13
14189 13
14190 13
14191 13
14192 13
14193 13
14194 13
14195 121
14196 13
14197 13
14198 13
14199 13
14200 13
14201 13
14202 13
14203 13
14204 122
14205 13
14206 13
14207 13
14208 13
14209 13
14210 13
14211 13
14212 13
14213 13
14214 13
14215 13
14216 13
14217 13
14218 13
14219 13
14220 13
14221 13
14222 13
14223 13
14224 13
14225 13
14226 13
14227 13
14228 13
14229 13
14230 13
14231 13
14232 13
14233 13
14234 13
14235 13
14236 13
14237 13
14238 13
14239 13
14240 13
14241 13
14242 13
14243 13
14244 13
14245 13
14246 13
14247 13
14248 13
14249 13
14250 13
14251 13
14252 13
14253 13
14254 13
14255 13
14256 13
14257 13
14258 13
14259 13
14260 13
14261 13
14262 13
14263 13
14264 13
14265 13
14266 13
14267 13
14268 13
14269 13
14270 13
14271 13
14272 13
14273 13
14274 13
14275 13
14276 13
14277 13
14278 13
14279 13
14280 13
14281 13
14282 13
14283 13
14284 13
14285 13
14286 13
14287 13
14288 13
14289 13
14290 123
14291 13
14292 13
14293 13
14294 13
14295 13
14296 13
14297 13
14298 13
14299 13
14300 13
14301 13
14302 13
14303 13
14304 13
14305 123
14306 13
14307 13
14308 13
14309 13
14310 13
14311 13
14312 13
14313 13
14314 13
14315 13
14316 13
14317 13
14318 13
14319 13
14320 13
14321 13
14322 13
14323 13
14324 13
14325 13
14326 13
14327 13
14328 13
14329 13
14330 13
14331 13
14332 13
14333 13
14334 13
14335 13
14336 13
14337 13
14338 13
14339 13
14340 13
14341 13
14342 13
14343 13
14344 13
14345 13
14346 13
14347 13
14348 13
14349 13
14350 13
14351 13
14352 13
14353 13
14354 13
14355 13
14356 13
14357 13
14358 13
14359 13
14360 13
14361 13
14362 13
14363 13
14364 13
14365 13
14366 13
14367 13
14368 13
14369 13
14370 13
14371 13
14372 13
14373 13
14374 13
14375 13
14376 13
14377 13
14378 13
14379 13
14380 13
14381 13
14382 13
14383 13
14384 13
14385 13
14386 13
14387 13
14388 13
14389 13
14390 124
14391 13
14392 13
14393 13
14394 13
14395 13
14396 13
14397 13
14398 13
14399 13
14400 13
14401 13
14402 13
14403 13
14404 13
14405 13
14406 13
14407 13
14408 13
14409 13
14410 13
14411 13
14412 13
14413 13
14414 13
14415 13
14416 13
14417 13
14418 13
14419 13
14420 13
14421 13
14422 13
14423 13
14424 13
14425 13
14426 13
14427 13
14428 13
14429 13
14430 13
14431 13
14432 13
14433 13
14434 13
14435 13
14436 13
14437 13
14438 13
14439 13
14440 13
14441 13
14442 13
14443 13
14444 13
14445 13
14446 13
14447 13
14448 13
14449 13
14450 13
14451 13
14452 13
14453 13
14454 13
14455 13
14456 13
14457 13
14458 13
14459 13
14460 13
14461 13
14462 13
14463 13
14464 13
14465 13
14466 13
14467 13
14468 13
14469 13
14470 13
14471 13
14472 13
14473 13
14474 13
14475 13
14476 13
14477 13
14478 13
14479 13
14480 13
14481 13
14482 13
14483 13
14484 13
14485 13
14486 13
14487 125
14488 13
14489 13
14490 13
14491 13
14492 13
14493 13
14494 13
14495 13
14496 13
14497 13
14498 13
14499 13
14500 13
14501 13
14502 13
14503 13
14504 13
14505 13
14506 13
14507 13
14508 13
14509 13
14510 13
14511 13
14512 13
14513 13
14514 13
14515 13
14516 13
14517 13
14518 13
14519 13
14520 13
14521 13
14522 13
14523 13
14524 13
14525 13
14526 13
14527 13
14528 13
14529 13
14530 71
14531 13
14532 13
14533 13
14534 126
14535 13
14536 13
14537 13
14538 13
14539 13
14540 13
14541 13
14542 13
14543 13
14544 13
14545 13
14546 127
14547 127
14548 13
14549 13
14550 13
14551 13
14552 13
14553 13
14554 13
14555 13
14556 13
14557 13
14558 13
14559 13
14560 13
14561 13
14562 13
14563 13
14564 13
14565 13
14566 13
14567 13
14568 13
14569 13
14570 13
14571 13
14572 13
14573 13
14574 13
14575 13
14576 13
14577 13
14578 13
14579 13
14580 13
14581 13
14582 13
14583 13
14584 13
14585 13
14586 13
14587 13
14588 13
14589 13
14590 13
14591 13
14592 13
14593 13
14594 13
14595 13
14596 13
14597 128
14598 128
14599 13
14600 13
14601 13
14602 13
14603 13
14604 13
14605 13
14606 13
14607 13
14608 13
14609 13
14610 13
14611 13
14612 13
14613 13
14614 13
14615 13
14616 13
14617 13
14618 13
14619 13
14620 13
14621 13
14622 13
14623 13
14624 13
14625 13
14626 13
14627 13
14628 13
14629 13
14630 13
14631 13
14632 13
14633 13
14634 13
14635 13
14636 13
14637 13
14638 13
14639 13
14640 13
14641 13
14642 13
14643 129
14644 13
14645 13
14646 13
14647 13
14648 13
14649 13
14650 130
14651 13
14652 130
14653 13
14654 13
14655 13
14656 13
14657 13
14658 13
14659 13
14660 13
14661 13
14662 13
14663 13
14664 13
14665 13
14666 13
14667 13
14668 13
14669 13
14670 13
14671 13
14672 131
14673 13
14674 13
14675 13
14676 13
14677 13
14678 13
14679 13
14680 13
14681 13
14682 13
14683 13
14684 13
14685 13
14686 13
14687 13
14688 13
14689 13
14690 13
14691 13
14692 13
14693 13
14694 13
14695 13
14696 13
14697 13
14698 13
14699 13
14700 13
14701 13
14702 13
14703 13
14704 13
14705 13
14706 13
14707 13
14708 13
14709 13
14710 13
14711 13
14712 13
14713 13
14714 13
14715 13
14716 13
14717 13
14718 13
14719 13
14720 13
14721 13
14722 13
14723 132
14724 13
14725 13
14726 13
14727 13
14728 13
14729 13
14730 13
14731 13
14732 13
14733 13
14734 13
14735 13
14736 13
14737 13
14738 13
14739 13
14740 13
14741 13
14742 13
14743 13
14744 13
14745 13
14746 13
14747 13
14748 13
14749 13
14750 13
14751 13
14752 13
14753 13
14754 13
14755 13
14756 13
14757 13
14758 13
14759 13
14760 13
14761 13
14762 13
14763 13
14764 13
14765 13
14766 13
14767 13
14768 13
14769 13
14770 13
14771 13
14772 13
14773 13
14774 13
14775 13
14776 13
14777 13
14778 13
14779 13
14780 13
14781 13
14782 13
14783 13
14784 13
14785 13
14786 13
14787 13
14788 13
14789 13
14790 13
14791 13
14792 13
14793 13
14794 13
14795 13
14796 13
14797 133
14798 13
14799 13
14800 13
14801 13
14802 13
14803 13
14804 13
14805 13
14806 13
14807 13
14808 13
14809 13
14810 13
14811 13
14812 13
14813 13
14814 13
14815 13
14816 13
14817 13
14818 13
14819 13
14820 13
14821 13
14822 13
14823 13
14824 13
14825 13
14826 13
14827 13
14828 13
14829 13
14830 13
14831 13
14832 13
14833 13
14834 13
14835 13
14836 13
14837 13
14838 13
14839 13
14840 13
14841 13
14842 13
14843 13
14844 13
14845 13
14846 13
14847 13
14848 13
14849 13
14850 13
14851 13
14852 13
14853 13
14854 13
14855 13
14856 13
14857 13
14858 13
14859 13
14860 13
14861 13
14862 13
14863 13
14864 13
14865 13
14866 13
14867 13
14868 13
14869 13
14870 13
14871 13
14872 13
14873 13
14874 13
14875 13
14876 13
14877 13
14878 13
14879 13
14880 13
14881 13
14882 13
14883 13
14884 13
14885 13
14886 13
14887 13
14888 13
14889 13
14890 13
14891 13
14892 13
14893 13
14894 13
14895 13
14896 134
14897 13
14898 13
14899 13
14900 13
14901 13
14902 13
14903 13
14904 13
14905 13
14906 13
14907 13
14908 13
14909 13
14910 13
14911 13
14912 13
14913 13
14914 13
14915 13
14916 13
14917 13
14918 13
14919 13
14920 13
14921 13
14922 13
14923 13
14924 13
14925 13
14926 13
14927 13
14928 13
14929 13
14930 13
14931 13
14932 13
14933 13
14934 13
14935 13
14936 13
14937 13
14938 13
14939 13
14940 13
14941 13
14942 13
14943 13
14944 13
14945 13
14946 135
14947 13
14948 13
14949 13
14950 13
14951 13
14952 13
14953 13
14954 13
14955 13
14956 13
14957 13
14958 13
14959 13
14960 13
14961 13
14962 13
14963 13
14964 13
14965 13
14966 13
14967 13
14968 13
14969 13
14970 13
14971 13
14972 13
14973 13
14974 13
14975 13
14976 13
14977 13
14978 13
14979 13
14980 13
14981 13
14982 13
14983 135
14984 13
14985 13
14986 13
14987 13
14988 13
14989 13
14990 13
14991 13
14992 13
14993 13
14994 13
14995 13
14996 13
14997 13
14998 13
14999 13
15000 13
15001 13
15002 13
15003 13
15004 13
15005 13
15006 13
15007 13
15008 13
15009 13
15010 13
15011 13
15012 13
15013 13
15014 13
15015 13
15016 13
15017 13
15018 13
15019 13
15020 13
15021 13
15022 13
15023 13
15024 13
15025 13
15026 13
15027 13
15028 13
15029 13
15030 13
15031 13
15032 13
15033 13
15034 13
15035 13
15036 13
15037 13
15038 13
15039 13
15040 13
15041 13
15042 13
15043 13
15044 13
15045 13
15046 13
15047 13
15048 13
15049 13
15050 13
15051 13
15052 13
15053 13
15054 136
15055 13
15056 13
15057 13
15058 13
15059 13
15060 13
15061 13
15062 13
15063 13
15064 13
15065 13
15066 13
15067 13
15068 13
15069 13
15070 13
15071 13
15072 13
15073 13
15074 13
15075 218
15076 13
15077 13
15078 13
15079 13
15080 137
15081 13
15082 13
15083 13
15084 13
15085 13
15086 13
15087 13
15088 13
15089 13
15090 13
15091 13
15092 13
15093 13
15094 13
15095 13
15096 13
15097 13
15098 71
15099 13
15100 13
15101 13
15102 13
15103 13
15104 13
15105 13
15106 13
15107 13
15108 13
15109 13
15110 13
15111 47
15112 13
15113 13
15114 13
15115 13
15116 13
15117 13
15118 13
15119 13
15120 13
15121 13
15122 13
15123 13
15124 13
15125 13
15126 13
15127 13
15128 13
15129 13
15130 13
15131 13
15132 13
15133 13
15134 13
15135 13
15136 13
15137 13
15138 13
15139 13
15140 138
15141 13
15142 13
15143 13
15144 13
15145 13
15146 13
15147 13
15148 13
15149 13
15150 13
15151 13
15152 13
15153 13
15154 13
15155 13
15156 13
15157 13
15158 13
15159 13
15160 13
15161 13
15162 13
15163 13
15164 13
15165 13
15166 13
15167 13
15168 13
15169 13
15170 13
15171 13
15172 13
15173 13
15174 13
15175 13
15176 13
15177 13
15178 13
15179 13
15180 13
15181 13
15182 13
15183 139
15184 13
15185 13
15186 13
15187 13
15188 13
15189 13
15190 13
15191 13
15192 13
15193 13
15194 13
15195 13
15196 13
15197 13
15198 13
15199 140
15200 13
15201 13
15202 13
15203 141
15204 142
15205 13
15206 13
15207 143
15208 13
15209 144
15210 13
15211 13
15212 145
15213 13
15214 13
15215 13
15216 13
15217 13
15218 13
15219 146
15220 13
15221 147
15222 13
15223 13
15224 13
15225 13
15226 13
15227 13
15228 13
15229 13
15230 13
15231 13
15232 13
15233 13
15234 13
15235 13
15236 13
15237 13
15238 13
15239 13
15240 13
15241 148
15242 13
15243 13
15244 13
15245 13
15246 13
15247 149
15248 150
15249 13
15250 13
15251 13
15252 13
15253 13
15254 151
15255 13
15256 13
15257 13
15258 13
15259 13
15260 13
15261 152
15262 13
15263 13
15264 13
15265 153
15266 13
15267 13
15268 13
15269 13
15270 13
15271 13
15272 154
15273 13
15274 13
15275 13
15276 13
15277 155
15278 13
15279 13
15280 13
15281 13
15282 13
15283 156
15284 13
15285 13
15286 13
15287 13
15288 157
15289 13
15290 13
15291 13
15292 158
15293 159
15294 13
15295 13
15296 13
15297 13
15298 13
15299 13
15300 13
15301 13
15302 13
15303 13
15304 13
15305 13
15306 13
15307 13
15308 13
15309 13
15310 13
15311 160
15312 13
15313 13
15314 13
15315 13
15316 161
15317 13
15318 162
15319 13
15320 13
15321 13
15322 13
15323 13
15324 13
15325 13
15326 13
15327 13
15328 13
15329 13
15330 13
15331 13
15332 163
15333 13
15334 13
15335 13
15336 13
15337 13
15338 13
15339 13
15340 13
15341 13
15342 13
15343 13
15344 13
15345 13
15346 13
15347 13
15348 13
15349 13
15350 13
15351 13
15352 164
15353 13
15354 13
15355 13
15356 13
15357 13
15358 13
15359 165
15360 166
15361 13
15362 13
15363 13
15364 13
15365 13
15366 13
15367 13
15368 13
15369 13
15370 13
15371 13
15372 167
15373 13
15374 13
15375 13
15376 13
15377 13
15378 168
15379 13
15380 13
15381 13
15382 13
15383 13
15384 13
15385 13
15386 13
15387 13
15388 13
15389 13
15390 13
15391 13
15392 13
15393 13
15394 13
15395 13
15396 13
15397 13
15398 13
15399 13
15400 13
15401 169
15402 13
15403 13
15404 13
15405 13
15406 170
15407 13
15408 13
15409 13
15410 13
15411 13
15412 13
15413 171
15414 13
15415 13
15416 172
15417 13
15418 13
15419 13
15420 173
15421 13
15422 13
15423 13
15424 13
15425 13
15426 188
15427 13
15428 13
15429 13
15430 13
15431 13
15432 13
15433 13
15434 13
15435 13
15436 13
15437 174
15438 13
15439 13
15440 13
15441 13
15442 13
15443 13
15444 13
15445 13
15446 13
15447 13
15448 13
15449 13
15450 13
15451 13
15452 13
15453 13
15454 13
15455 13
15456 13
15457 13
15458 13
15459 13
15460 13
15461 175
15462 13
15463 13
15464 13
15465 13
15466 176
15467 13
15468 13
15469 13
15470 13
15471 13
15472 13
15473 13
15474 177
15475 13
15476 13
15477 13
15478 13
15479 13
15480 13
15481 13
15482 13
15483 13
15484 13
15485 13
15486 13
15487 13
15488 178
15489 13
15490 13
15491 13
15492 13
15493 13
15494 13
15495 13
15496 13
15497 13
15498 13
15499 13
15500 13
15501 13
15502 13
15503 13
15504 13
15505 179
15506 13
15507 13
15508 13
15509 13
15510 13
15511 13
15512 180
15513 13
15514 13
15515 13
15516 13
15517 13
15518 13
15519 13
15520 13
15521 13
15522 13
15523 13
15524 13
15525 13
15526 13
15527 13
15528 13
15529 13
15530 13
15531 13
15532 181
15533 13
15534 13
15535 13
15536 13
15537 13
15538 182
15539 183
15540 13
15541 13
15542 13
15543 13
15544 13
15545 184
15546 13
15547 13
15548 13
15549 13
15550 13
15551 13
15552 13
15553 13
15554 13
15555 13
15556 13
15557 13
15558 13
15559 13
15560 13
15561 13
15562 13
15563 13
15564 13
15565 13
15566 13
15567 13
15568 13
15569 185
15570 13
15571 13
15572 186
15573 13
15574 13
15575 13
15576 13
15577 13
15578 13
15579 187
15580 13
15581 13
15582 13
15583 13
15584 13
15585 13
15586 188
15587 189
15588 13
15589 13
15590 13
15591 13
15592 13
15593 190
15594 13
15595 13
15596 13
15597 13
15598 13
15599 13
15600 13
15601 13
15602 191
15603 191
15604 192
15605 13
15606 13
15607 13
15608 13
15609 13
15610 13
15611 13
15612 13
15613 13
15614 13
15615 13
15616 13
15617 13
15618 193
15619 13
15620 13
15621 13
15622 13
15623 13
15624 13
15625 13
15626 194
15627 13
15628 13
15629 13
15630 13
15631 13
15632 13
15633 13
15634 13
15635 13
15636 13
15637 195
15638 196
15639 13
15640 13
15641 13
15642 197
15643 13
15644 13
15645 13
15646 13
15647 13
15648 13
15649 13
15650 13
15651 13
15652 13
15653 13
15654 13
15655 13
15656 13
15657 13
15658 13
15659 13
15660 13
15661 13
15662 198
15663 13
15664 13
15665 199
15666 13
15667 13
15668 13
15669 13
15670 13
15671 13
15672 13
15673 13
15674 13
15675 13
15676 13
15677 13
15678 13
15679 13
15680 13
15681 13
15682 13
15683 13
15684 13
15685 13
15686 13
15687 13
15688 13
15689 13
15690 13
15691 13
15692 13
15693 13
15694 13
15695 13
15696 13
15697 13
15698 13
15699 13
15700 200
15701 13
15702 13
15703 13
15704 13
15705 13
15706 13
15707 13
15708 13
15709 201
15710 13
15711 13
15712 13
15713 13
15714 13
15715 13
15716 13
15717 13
15718 13
15719 13
15720 13
15721 13
15722 202
15723 13
15724 13
15725 13
15726 13
15727 13
15728 13
15729 13
15730 13
15731 13
15732 13
15733 203
15734 13
15735 13
15736 13
15737 13
15738 13
15739 13
15740 13
15741 13
15742 13
15743 204
15744 13
15745 13
15746 13
15747 13
15748 13
15749 13
15750 13
15751 13
15752 13
15753 13
15754 13
15755 13
15756 13
15757 13
15758 13
15759 13
15760 13
15761 13
15762 13
15763 13
15764 13
15765 205
15766 13
15767 13
15768 13
15769 206
15770 13
15771 13
15772 13
15773 13
15774 13
15775 13
15776 13
15777 13
15778 13
15779 13
15780 13
15781 13
15782 13
15783 13
15784 13
15785 13
15786 13
15787 13
15788 207
15789 13
15790 13
15791 13
15792 13
15793 13
15794 13
15795 13
15796 13
15797 208
15798 209
15799 13
15800 13
15801 13
15802 13
15803 13
15804 13
15805 13
15806 13
15807 13
15808 13
15809 210
15810 13
15811 13
15812 13
15813 13
15814 13
15815 13
15816 13
15817 13
15818 13
15819 13
15820 304
15821 13
15822 13
15823 13
15824 13
15825 211
15826 13
15827 13
15828 13
15829 13
15830 13
15831 13
15832 13
15833 13
15834 13
15835 13
15836 13
15837 13
15838 13
15839 13
15840 13
15841 13
15842 13
15843 13
15844 13
15845 13
15846 13
15847 13
15848 212
15849 13
15850 13
15851 13
15852 13
15853 13
15854 13
15855 13
15856 13
15857 13
15858 13
15859 13
15860 13
15861 13
15862 13
15863 13
15864 13
15865 13
15866 13
15867 13
15868 13
15869 13
15870 13
15871 13
15872 13
15873 13
15874 13
15875 13
15876 13
15877 13
15878 13
15879 213
15880 13
15881 13
15882 13
15883 214
15884 13
15885 215
15886 13
15887 13
15888 13
15889 13
15890 216
15891 13
15892 13
15893 13
15894 13
15895 13
15896 13
15897 13
15898 13
15899 13
15900 217
15901 13
15902 13
15903 13
15904 13
15905 13
15906 13
15907 13
15908 13
15909 13
15910 13
15911 13
15912 13
15913 13
15914 13
15915 13
15916 13
15917 13
15918 13
15919 13
15920 13
15921 13
15922 13
15923 13
15924 13
15925 13
15926 13
15927 13
15928 13
15929 13
15930 13
15931 13
15932 13
15933 13
15934 13
15935 13
15936 13
15937 13
15938 13
15939 13
15940 13
15941 13
15942 13
15943 13
15944 13
15945 13
15946 13
15947 13
15948 13
15949 13
15950 218
15951 13
15952 13
15953 13
15954 13
15955 13
15956 13
15957 13
15958 13
15959 13
15960 13
15961 13
15962 13
15963 13
15964 13
15965 13
15966 13
15967 13
15968 13
15969 13
15970 13
15971 13
15972 13
15973 13
15974 13
15975 13
15976 219
15977 13
15978 220
15979 13
15980 221
15981 13
15982 13
15983 13
15984 13
15985 13
15986 13
15987 13
15988 13
15989 13
15990 13
15991 13
15992 222
15993 13
15994 13
15995 13
15996 223
15997 13
15998 13
15999 13
16000 13
16001 13
16002 13
16003 13
16004 13
16005 13
16006 13
16007 13
16008 13
16009 13
16010 224
16011 13
16012 13
16013 13
16014 225
16015 13
16016 13
16017 13
16018 13
16019 13
16020 13
16021 13
16022 13
16023 13
16024 13
16025 13
16026 13
16027 13
16028 13
16029 13
16030 13
16031 13
16032 13
16033 13
16034 13
16035 13
16036 13
16037 13
16038 13
16039 13
16040 13
16041 13
16042 13
16043 13
16044 13
16045 13
16046 13
16047 13
16048 226
16049 13
16050 227
16051 13
16052 13
16053 13
16054 13
16055 13
16056 13
16057 13
16058 13
16059 228
16060 13
16061 13
16062 13
16063 13
16064 13
16065 13
16066 229
16067 230
16068 13
16069 13
16070 13
16071 13
16072 231
16073 13
16074 13
16075 13
16076 13
16077 13
16078 13
16079 13
16080 13
16081 232
16082 13
16083 13
16084 13
16085 13
16086 13
16087 13
16088 233
16089 13
16090 13
16091 13
16092 13
16093 234
16094 13
16095 13
16096 13
16097 13
16098 13
16099 13
16100 235
16101 13
16102 236
16103 13
16104 13
16105 13
16106 13
16107 13
16108 13
16109 13
16110 13
16111 13
16112 13
16113 13
16114 13
16115 13
16116 13
16117 13
16118 13
16119 13
16120 13
16121 13
16122 13
16123 13
16124 13
16125 13
16126 13
16127 13
16128 13
16129 13
16130 13
16131 13
16132 13
16133 13
16134 13
16135 13
16136 13
16137 13
16138 237
16139 13
16140 238
16141 13
16142 13
16143 13
16144 13
16145 13
16146 13
16147 13
16148 239
16149 13
16150 13
16151 13
16152 13
16153 13
16154 13
16155 13
16156 13
16157 13
16158 13
16159 13
16160 13
16161 13
16162 13
16163 13
16164 13
16165 13
16166 240
16167 13
16168 13
16169 13
16170 13
16171 13
16172 13
16173 13
16174 241
16175 13
16176 13
16177 13
16178 13
16179 13
16180 13
16181 13
16182 13
16183 13
16184 13
16185 13
16186 13
16187 242
16188 13
16189 13
16190 13
16191 13
16192 13
16193 13
16194 13
16195 13
16196 13
16197 13
16198 13
16199 13
16200 13
16201 13
16202 13
16203 13
16204 13
16205 13
16206 13
16207 13
16208 13
16209 13
16210 13
16211 243
16212 13
16213 13
16214 13
16215 244
16216 13
16217 13
16218 13
16219 13
16220 13
16221 13
16222 13
16223 13
16224 13
16225 13
16226 13
16227 13
16228 245
16229 246
16230 13
16231 13
16232 13
16233 13
16234 13
16235 247
16236 13
16237 13
16238 13
16239 13
16240 13
16241 13
16242 13
16243 13
16244 13
16245 13
16246 13
16247 248
16248 13
16249 13
16250 13
16251 13
16252 13
16253 13
16254 13
16255 13
16256 13
16257 13
16258 13
16259 13
16260 13
16261 13
16262 13
16263 13
16264 13
16265 249
16266 13
16267 13
16268 13
16269 13
16270 13
16271 13
16272 13
16273 13
16274 250
16275 13
16276 13
16277 13
16278 13
16279 13
16280 13
16281 13
16282 13
16283 251
16284 13
16285 13
16286 13
16287 13
16288 13
16289 13
16290 13
16291 13
16292 13
16293 13
16294 13
16295 13
16296 13
16297 13
16298 13
16299 13
16300 252
16301 13
16302 13
16303 13
16304 13
16305 13
16306 13
16307 13
16308 13
16309 253
16310 13
16311 13
16312 13
16313 13
16314 13
16315 13
16316 13
16317 13
16318 13
16319 13
16320 13
16321 13
16322 13
16323 13
16324 13
16325 254
16326 13
16327 13
16328 13
16329 13
16330 13
16331 13
16332 13
16333 13
16334 13
16335 13
16336 13
16337 13
16338 13
16339 13
16340 13
16341 13
16342 13
16343 13
16344 13
16345 13
16346 13
16347 13
16348 13
16349 255
16350 13
16351 13
16352 13
16353 13
16354 13
16355 13
16356 13
16357 13
16358 256
16359 13
16360 13
16361 13
16362 13
16363 13
16364 257
16365 13
16366 13
16367 13
16368 258
16369 13
16370 13
16371 379
16372 13
16373 13
16374 13
16375 13
16376 13
16377 259
16378 13
16379 13
16380 13
16381 13
16382 260
16383 13
16384 13
16385 13
16386 13
16387 261
16388 13
16389 13
16390 13
16391 13
16392 13
16393 13
16394 13
16395 262
16396 13
16397 13
16398 13
16399 13
16400 13
16401 13
16402 13
16403 13
16404 13
16405 13
16406 13
16407 13
16408 13
16409 263
16410 13
16411 13
16412 13
16413 13
16414 13
16415 13
16416 13
16417 13
16418 13
16419 13
16420 13
16421 13
16422 266
16423 13
16424 13
16425 13
16426 264
16427 13
16428 13
16429 13
16430 13
16431 13
16432 13
16433 265
16434 266
16435 13
16436 13
16437 13
16438 13
16439 13
16440 13
16441 13
16442 13
16443 13
16444 13
16445 13
16446 13
16447 13
16448 13
16449 13
16450 13
16451 13
16452 13
16453 13
16454 13
16455 13
16456 13
16457 267
16458 13
16459 13
16460 13
16461 13
16462 13
16463 13
16464 13
16465 268
16466 269
16467 270
16468 13
16469 13
16470 13
16471 13
16472 271
16473 13
16474 13
16475 13
16476 13
16477 272
16478 13
16479 273
16480 13
16481 13
16482 13
16483 13
16484 13
16485 13
16486 13
16487 13
16488 13
16489 274
16490 13
16491 275
16492 13
16493 13
16494 13
16495 13
16496 13
16497 13
16498 13
16499 13
16500 13
16501 13
16502 13
16503 276
16504 13
16505 13
16506 13
16507 13
16508 13
16509 13
16510 13
16511 277
16512 13
16513 13
16514 13
16515 13
16516 13
16517 13
16518 13
16519 13
16520 13
16521 13
16522 13
16523 13
16524 13
16525 13
16526 13
16527 13
16528 13
16529 13
16530 13
16531 13
16532 13
16533 13
16534 13
16535 13
16536 13
16537 13
16538 13
16539 13
16540 13
16541 278
16542 13
16543 13
16544 13
16545 13
16546 13
16547 13
16548 13
16549 13
16550 13
16551 13
16552 13
16553 13
16554 13
16555 13
16556 13
16557 280
16558 279
16559 13
16560 280
16561 13
16562 13
16563 13
16564 13
16565 13
16566 13
16567 13
16568 13
16569 13
16570 281
16571 13
16572 282
16573 13
16574 13
16575 13
16576 13
16577 13
16578 13
16579 13
16580 13
16581 13
16582 13
16583 13
16584 13
16585 13
16586 13
16587 13
16588 13
16589 13
16590 13
16591 13
16592 13
16593 283
16594 13
16595 13
16596 13
16597 13
16598 13
16599 13
16600 13
16601 13
16602 13
16603 13
16604 13
16605 13
16606 13
16607 13
16608 13
16609 13
16610 13
16611 13
16612 13
16613 13
16614 13
16615 13
16616 284
16617 13
16618 13
16619 285
16620 13
16621 13
16622 13
16623 13
16624 13
16625 13
16626 13
16627 13
16628 13
16629 13
16630 13
16631 286
16632 13
16633 13
16634 13
16635 13
16636 13
16637 13
16638 13
16639 13
16640 13
16641 13
16642 287
16643 13
16644 13
16645 13
16646 13
16647 13
16648 288
16649 13
16650 13
16651 13
16652 13
16653 13
16654 13
16655 13
16656 13
16657 13
16658 13
16659 13
16660 13
16661 13
16662 13
16663 13
16664 13
16665 13
16666 13
16667 13
16668 13
16669 13
16670 13
16671 13
16672 13
16673 13
16674 13
16675 13
16676 13
16677 13
16678 13
16679 13
16680 13
16681 13
16682 289
16683 13
16684 13
16685 13
16686 290
16687 13
16688 13
16689 13
16690 13
16691 13
16692 13
16693 13
16694 13
16695 13
16696 13
16697 13
16698 13
16699 13
16700 13
16701 13
16702 13
16703 13
16704 13
16705 13
16706 13
16707 291
16708 13
16709 13
16710 13
16711 13
16712 13
16713 13
16714 13
16715 13
16716 13
16717 13
16718 13
16719 13
16720 13
16721 292
16722 13
16723 13
16724 13
16725 13
16726 13
16727 13
16728 13
16729 430
16730 293
16731 13
16732 13
16733 13
16734 294
16735 13
16736 13
16737 13
16738 13
16739 13
16740 13
16741 13
16742 13
16743 13
16744 13
16745 13
16746 13
16747 13
16748 13
16749 13
16750 13
16751 13
16752 13
16753 13
16754 13
16755 13
16756 13
16757 13
16758 13
16759 13
16760 13
16761 13
16762 13
16763 13
16764 13
16765 13
16766 13
16767 13
16768 13
16769 13
16770 13
16771 295
16772 13
16773 13
16774 13
16775 13
16776 13
16777 13
16778 13
16779 13
16780 13
16781 13
16782 296
16783 13
16784 13
16785 13
16786 297
16787 13
16788 13
16789 13
16790 13
16791 13
16792 13
16793 13
16794 13
16795 13
16796 13
16797 13
16798 13
16799 13
16800 298
16801 13
16802 13
16803 13
16804 299
16805 13
16806 13
16807 13
16808 13
16809 13
16810 13
16811 13
16812 13
16813 13
16814 300
16815 13
16816 13
16817 13
16818 301
16819 13
16820 13
16821 13
16822 13
16823 13
16824 13
16825 302
16826 13
16827 13
16828 13
16829 13
16830 13
16831 13
16832 13
16833 13
16834 303
16835 13
16836 13
16837 13
16838 13
16839 13
16840 13
16841 13
16842 304
16843 13
16844 13
16845 13
16846 13
16847 13
16848 13
16849 13
16850 13
16851 13
16852 13
16853 13
16854 13
16855 13
16856 13
16857 13
16858 13
16859 13
16860 13
16861 13
16862 13
16863 13
16864 13
16865 13
16866 13
16867 13
16868 13
16869 13
16870 305
16871 13
16872 13
16873 13
16874 13
16875 13
16876 13
16877 13
16878 13
16879 13
16880 13
16881 13
16882 13
16883 13
16884 13
16885 13
16886 13
16887 13
16888 13
16889 306
16890 13
16891 13
16892 13
16893 13
16894 13
16895 13
16896 13
16897 13
16898 13
16899 307
16900 13
16901 13
16902 13
16903 13
16904 13
16905 13
16906 13
16907 13
16908 13
16909 308
16910 13
16911 309
16912 13
16913 13
16914 13
16915 310
16916 13
16917 13
16918 13
16919 13
16920 13
16921 13
16922 13
16923 13
16924 311
16925 13
16926 13
16927 13
16928 13
16929 13
16930 312
16931 13
16932 13
16933 13
16934 13
16935 13
16936 13
16937 13
16938 13
16939 13
16940 13
16941 13
16942 13
16943 13
16944 13
16945 13
16946 13
16947 13
16948 13
16949 13
16950 13
16951 13
16952 13
16953 13
16954 13
16955 13
16956 13
16957 13
16958 13
16959 13
16960 313
16961 13
16962 13
16963 13
16964 314
16965 13
16966 13
16967 13
16968 315
16969 13
16970 13
16971 13
16972 13
16973 13
16974 13
16975 13
16976 13
16977 13
16978 13
16979 13
16980 13
16981 316
16982 13
16983 13
16984 13
16985 13
16986 13
16987 13
16988 13
16989 13
16990 13
16991 13
16992 13
16993 13
16994 13
16995 13
16996 13
16997 13
16998 13
16999 13
17000 13
17001 13
17002 13
17003 13
17004 13
17005 13
17006 13
17007 13
17008 317
17009 13
17010 13
17011 13
17012 13
17013 13
17014 13
17015 13
17016 318
17017 13
17018 319
17019 13
17020 13
17021 13
17022 13
17023 13
17024 13
17025 13
17026 13
17027 13
17028 13
17029 13
17030 13
17031 13
17032 13
17033 13
17034 13
17035 13
17036 13
17037 13
17038 13
17039 13
17040 13
17041 13
17042 13
17043 13
17044 13
17045 13
17046 13
17047 13
17048 13
17049 13
17050 13
17051 13
17052 13
17053 13
17054 13
17055 13
17056 13
17057 13
17058 13
17059 13
17060 13
17061 13
17062 13
17063 13
17064 13
17065 13
17066 13
17067 13
17068 13
17069 13
17070 13
17071 13
17072 13
17073 13
17074 13
17075 13
17076 13
17077 13
17078 13
17079 320
17080 13
17081 13
17082 13
17083 13
17084 13
17085 13
17086 13
17087 13
17088 13
17089 13
17090 13
17091 13
17092 13
17093 13
17094 13
17095 13
17096 13
17097 13
17098 13
17099 13
17100 13
17101 13
17102 13
17103 13
17104 13
17105 13
17106 13
17107 13
17108 13
17109 13
17110 13
17111 13
17112 13
17113 321
17114 13
17115 13
17116 13
17117 13
17118 13
17119 13
17120 13
17121 322
17122 13
17123 13
17124 13
17125 13
17126 323
17127 13
17128 13
17129 324
17130 13
17131 13
17132 13
17133 13
17134 13
17135 13
17136 13
17137 13
17138 13
17139 13
17140 13
17141 13
17142 13
17143 13
17144 13
17145 13
17146 13
17147 13
17148 325
17149 13
17150 13
17151 13
17152 13
17153 326
17154 13
17155 13
17156 13
17157 13
17158 13
17159 13
17160 13
17161 13
17162 13
17163 13
17164 13
17165 13
17166 13
17167 13
17168 13
17169 13
17170 13
17171 13
17172 13
17173 13
17174 13
17175 13
17176 13
17177 13
17178 13
17179 13
17180 13
17181 13
17182 13
17183 13
17184 13
17185 13
17186 13
17187 13
17188 13
17189 13
17190 13
17191 13
17192 13
17193 13
17194 13
17195 13
17196 327
17197 13
17198 13
17199 13
17200 328
17201 13
17202 13
17203 13
17204 13
17205 13
17206 329
17207 13
17208 330
17209 331
17210 13
17211 13
17212 332
17213 13
17214 13
17215 13
17216 13
17217 333
17218 13
17219 13
17220 13
17221 13
17222 13
17223 334
17224 13
17225 13
17226 13
17227 13
17228 13
17229 13
17230 13
17231 13
17232 13
17233 13
17234 13
17235 13
17236 13
17237 13
17238 13
17239 13
17240 13
17241 13
17242 335
17243 13
17244 13
17245 13
17246 13
17247 13
17248 13
17249 336
17250 13
17251 13
17252 13
17253 13
17254 13
17255 13
17256 13
17257 13
17258 13
17259 13
17260 13
17261 13
17262 13
17263 13
17264 13
17265 13
17266 13
17267 13
17268 13
17269 13
17270 13
17271 337
17272 13
17273 13
17274 338
17275 13
17276 13
17277 13
17278 13
17279 13
17280 13
17281 13
17282 339
17283 13
17284 13
17285 13
17286 13
17287 13
17288 13
17289 13
17290 13
17291 13
17292 13
17293 13
17294 13
17295 13
17296 340
17297 13
17298 13
17299 13
17300 13
17301 13
17302 13
17303 13
17304 13
17305 13
17306 13
17307 341
17308 13
17309 13
17310 342
17311 13
17312 13
17313 13
17314 13
17315 13
17316 13
17317 13
17318 13
17319 13
17320 343
17321 13
17322 13
17323 13
17324 13
17325 13
17326 344
17327 13
17328 13
17329 13
17330 13
17331 13
17332 345
17333 13
17334 13
17335 13
17336 13
17337 13
17338 346
17339 13
17340 13
17341 13
17342 13
17343 13
17344 13
17345 13
17346 13
17347 13
17348 347
17349 13
17350 13
17351 13
17352 13
17353 13
17354 13
17355 13
17356 13
17357 13
17358 348
17359 13
17360 13
17361 13
17362 349
17363 13
17364 13
17365 13
17366 13
17367 13
17368 350
17369 351
17370 352
17371 13
17372 13
17373 13
17374 13
17375 13
17376 13
17377 13
17378 13
17379 13
17380 13
17381 13
17382 353
17383 354
17384 13
17385 13
17386 13
17387 13
17388 13
17389 13
17390 13
17391 13
17392 355
17393 13
17394 13
17395 356
17396 13
17397 13
17398 13
17399 13
17400 13
17401 13
17402 13
17403 13
17404 13
17405 357
17406 13
17407 358
17408 13
17409 13
17410 13
17411 13
17412 359
17413 13
17414 13
17415 13
17416 13
17417 360
17418 13
17419 13
17420 13
17421 13
17422 13
17423 13
17424 13
17425 13
17426 13
17427 13
17428 13
17429 13
17430 13
17431 13
17432 13
17433 13
17434 13
17435 13
17436 13
17437 361
17438 13
17439 13
17440 13
17441 362
17442 13
17443 13
17444 13
17445 13
17446 13
17447 13
17448 13
17449 13
17450 13
17451 13
17452 13
17453 363
17454 13
17455 13
17456 13
17457 13
17458 13
17459 13
17460 13
17461 13
17462 13
17463 13
17464 13
17465 13
17466 364
17467 13
17468 13
17469 13
17470 13
17471 13
17472 13
17473 13
17474 13
17475 13
17476 13
17477 13
17478 13
17479 13
17480 13
17481 13
17482 13
17483 13
17484 13
17485 13
17486 13
17487 13
17488 365
17489 13
17490 13
17491 13
17492 13
17493 366
17494 13
17495 367
17496 13
17497 368
17498 13
17499 13
17500 13
17501 13
17502 369
17503 13
17504 13
17505 13
17506 13
17507 13
17508 13
17509 13
17510 370
17511 371
17512 13
17513 13
17514 13
17515 13
17516 13
17517 13
17518 13
17519 13
17520 13
17521 13
17522 13
17523 13
17524 13
17525 13
17526 13
17527 13
17528 13
17529 13
17530 13
17531 13
17532 13
17533 13
17534 13
17535 13
17536 13
17537 13
17538 13
17539 13
17540 13
17541 13
17542 13
17543 13
17544 13
17545 13
17546 13
17547 13
17548 13
17549 13
17550 13
17551 13
17552 372
17553 373
17554 13
17555 13
17556 13
17557 374
17558 13
17559 13
17560 13
17561 13
17562 13
17563 13
17564 13
17565 13
17566 375
17567 13
17568 13
17569 13
17570 13
17571 13
17572 13
17573 13
17574 13
17575 13
17576 13
17577 13
17578 13
17579 13
17580 13
17581 13
17582 13
17583 13
17584 13
17585 13
17586 376
17587 13
17588 13
17589 13
17590 13
17591 13
17592 377
17593 13
17594 13
17595 13
17596 13
17597 13
17598 13
17599 13
17600 13
17601 378
17602 13
17603 13
17604 13
17605 13
17606 13
17607 13
17608 379
17609 13
17610 13
17611 13
17612 13
17613 13
17614 13
17615 13
17616 13
17617 13
17618 13
17619 13
17620 13
17621 13
17622 13
17623 13
17624 13
17625 13
17626 13
17627 13
17628 13
17629 13
17630 13
17631 13
17632 13
17633 13
17634 13
17635 13
17636 13
17637 13
17638 13
17639 13
17640 13
17641 13
17642 13
17643 13
17644 13
17645 13
17646 13
17647 13
17648 13
17649 13
17650 13
17651 13
17652 13
17653 13
17654 13
17655 13
17656 13
17657 13
17658 13
17659 380
17660 13
17661 13
17662 381
17663 13
17664 13
17665 382
17666 13
17667 383
17668 13
17669 13
17670 13
17671 13
17672 13
17673 13
17674 13
17675 384
17676 13
17677 13
17678 13
17679 13
17680 13
17681 13
17682 13
17683 13
17684 13
17685 13
17686 13
17687 13
17688 13
17689 13
17690 13
17691 13
17692 13
17693 13
17694 13
17695 13
17696 13
17697 13
17698 13
17699 13
17700 13
17701 13
17702 13
17703 13
17704 13
17705 385
17706 13
17707 13
17708 13
17709 13
17710 13
17711 13
17712 13
17713 13
17714 13
17715 13
17716 13
17717 13
17718 13
17719 13
17720 13
17721 13
17722 386
17723 13
17724 13
17725 13
17726 13
17727 387
17728 13
17729 13
17730 13
17731 388
17732 389
17733 13
17734 13
17735 390
17736 13
17737 13
17738 13
17739 13
17740 13
17741 13
17742 13
17743 13
17744 13
17745 13
17746 13
17747 13
17748 13
17749 13
17750 13
17751 13
17752 13
17753 13
17754 13
17755 13
17756 13
17757 13
17758 13
17759 13
17760 13
17761 391
17762 13
17763 13
17764 13
17765 13
17766 13
17767 13
17768 13
17769 13
17770 13
17771 13
17772 13
17773 13
17774 13
17775 13
17776 13
17777 13
17778 13
17779 13
17780 13
17781 13
17782 13
17783 13
17784 13
17785 13
17786 13
17787 13
17788 13
17789 13
17790 392
17791 13
17792 13
17793 13
17794 13
17795 13
17796 13
17797 13
17798 13
17799 393
17800 13
17801 13
17802 13
17803 13
17804 13
17805 13
17806 13
17807 13
17808 13
17809 13
17810 13
17811 13
17812 13
17813 13
17814 13
17815 394
17816 13
17817 13
17818 13
17819 13
17820 13
17821 13
17822 13
17823 13
17824 13
17825 395
17826 13
17827 13
17828 396
17829 13
17830 13
17831 13
17832 397
17833 398
17834 13
17835 13
17836 399
17837 13
17838 13
17839 13
17840 13
17841 13
17842 13
17843 13
17844 400
17845 13
17846 13
17847 13
17848 13
17849 13
17850 13
17851 13
17852 13
17853 401
17854 13
17855 13
17856 13
17857 13
17858 13
17859 13
17860 13
17861 13
17862 13
17863 13
17864 13
17865 402
17866 13
17867 403
17868 13
17869 13
17870 13
17871 13
17872 13
17873 13
17874 13
17875 13
17876 13
17877 13
17878 13
17879 13
17880 13
17881 13
17882 13
17883 13
17884 13
17885 13
17886 13
17887 13
17888 13
17889 13
17890 404
17891 13
17892 13
17893 13
17894 13
17895 13
17896 13
17897 13
17898 13
17899 13
17900 405
17901 13
17902 13
17903 13
17904 406
17905 13
17906 13
17907 13
17908 13
17909 13
17910 13
17911 13
17912 13
17913 13
17914 13
17915 13
17916 13
17917 265
17918 13
17919 13
17920 13
17921 13
17922 407
17923 13
17924 13
17925 13
17926 13
17927 13
17928 13
17929 13
17930 13
17931 13
17932 13
17933 13
17934 13
17935 13
17936 13
17937 13
17938 13
17939 408
17940 13
17941 13
17942 13
17943 13
17944 409
17945 13
17946 13
17947 13
17948 13
17949 410
17950 13
17951 13
17952 13
17953 13
17954 13
17955 13
17956 13
17957 13
17958 13
17959 13
17960 13
17961 13
17962 13
17963 13
17964 13
17965 13
17966 13
17967 13
17968 13
17969 13
17970 13
17971 13
17972 411
17973 13
17974 412
17975 13
17976 13
17977 13
17978 13
17979 13
17980 413
17981 414
17982 13
17983 13
17984 13
17985 13
17986 13
17987 13
17988 13
17989 13
17990 13
17991 13
17992 415
17993 13
17994 13
17995 416
17996 417
17997 13
17998 13
17999 13
18000 13
18001 13
18002 13
18003 13
18004 13
18005 13
18006 13
18007 13
18008 13
18009 13
18010 13
18011 13
18012 13
18013 418
18014 13
18015 13
18016 13
18017 13
18018 13
18019 13
18020 13
18021 13
18022 13
18023 13
18024 419
18025 13
18026 13
18027 420
18028 421
18029 13
18030 13
18031 13
18032 13
18033 13
18034 13
18035 13
18036 13
18037 13
18038 13
18039 13
18040 422
18041 13
18042 13
18043 13
18044 13
18045 13
18046 13
18047 13
18048 423
18049 13
18050 13
18051 13
18052 13
18053 13
18054 13
18055 13
18056 13
18057 13
18058 13
18059 13
18060 13
18061 424
18062 13
18063 13
18064 13
18065 13
18066 13
18067 13
18068 13
18069 13
18070 13
18071 13
18072 13
18073 13
18074 13
18075 13
18076 13
18077 13
18078 13
18079 13
18080 425
18081 426
18082 13
18083 13
18084 13
18085 13
18086 427
18087 13
18088 13
18089 13
18090 13
18091 13
18092 13
18093 13
18094 13
18095 13
18096 428
18097 13
18098 13
18099 13
18100 13
18101 13
18102 13
18103 13
18104 13
18105 13
18106 13
18107 429
18108 13
18109 13
18110 13
18111 13
18112 13
18113 13
18114 13
18115 13
18116 13
18117 13
18118 13
18119 13
18120 13
18121 13
18122 13
18123 13
18124 13
18125 13
18126 13
18127 13
18128 430
18129 13
18130 13
18131 13
18132 13
18133 13
18134 13
18135 13
18136 13
18137 13
18138 431
18139 432
18140 13
18141 13
18142 13
18143 13
18144 13
18145 13
18146 13
18147 13
18148 13
18149 13
18150 433
18151 13
18152 13
18153 13
18154 434
18155 13
18156 13
18157 435
18158 13
18159 13
18160 13
18161 13
18162 436
18163 13
18164 13
18165 437
18166 13
18167 13
18168 13
18169 438
18170 13
18171 13
18172 13
18173 439
18174 13
18175 440
18176 13
18177 13
18178 13
18179 13
18180 13
18181 441
18182 13
18183 13
18184 13
18185 13
18186 13
18187 13
18188 13
18189 13
18190 13
18191 442
18192 13
18193 13
18194 13
18195 13
18196 13
18197 13
18198 13
18199 443
18200 13
18201 13
18202 13
18203 13
18204 444
18205 13
18206 13
18207 13
18208 13
18209 13
18210 13
18211 13
18212 13
18213 13
18214 13
18215 13
18216 445
18217 13
18218 13
18219 13
18220 13
18221 13
18222 13
18223 13
18224 446
18225 13
18226 13
18227 13
18228 13
18229 13
18230 13
18231 13
18232 447
18233 13
18234 13
18235 13
18236 13
18237 13
18238 448
18239 13
18240 13
18241 13
18242 449
18243 450
18244 13
18245 13
18246 13
18247 13
18248 13
18249 13
18250 13
18251 13
18252 13
18253 13
18254 13
18255 13
18256 13
18257 13
18258 13
18259 13
18260 13
18261 13
18262 13
18263 13
18264 13
18265 13
18266 13
18267 13
18268 13
18269 13
18270 13
18271 13
18272 13
18273 13
18274 13
18275 451
18276 13
18277 13
18278 13
18279 13
18280 13
18281 13
18282 13
18283 13
18284 13
18285 13
18286 13
18287 13
18288 13
18289 13
18290 452
18291 13
18292 13
18293 13
18294 13
18295 13
18296 13
18297 13
18298 13
18299 13
18300 453
18301 454
18302 13
18303 455
18304 13
18305 13
18306 13
18307 13
18308 13
18309 13
18310 13
18311 13
18312 13
18313 13
18314 13
18315 13
18316 13
18317 13
18318 13
18319 13
18320 13
18321 13
18322 13
18323 13
18324 13
18325 13
18326 456
18327 13
18328 13
18329 13
18330 13
18331 13
18332 457
18333 13
18334 13
18335 458
18336 13
18337 13
18338 13
18339 13
18340 13
18341 13
18342 13
18343 13
18344 13
18345 459
18346 13
18347 13
18348 460
18349 13
18350 13
18351 13
18352 13
18353 461
18354 13
18355 13
18356 13
18357 13
18358 13
18359 13
18360 13
18361 13
18362 13
18363 13
18364 13
18365 13
18366 13
18367 13
18368 462
18369 13
18370 13
18371 13
18372 13
18373 463
18374 13
18375 13
18376 13
18377 13
18378 13
18379 13
18380 13
18381 13
18382 13
18383 13
18384 464
18385 13
18386 13
18387 13
18388 13
18389 13
18390 13
18391 465
18392 13
18393 13
18394 13
18395 13
18396 13
18397 13
18398 13
18399 13
18400 610
18401 13
18402 13
18403 466
18404 13
18405 467
18406 13
18407 13
18408 13
18409 13
18410 13
18411 13
18412 468
18413 13
18414 13
18415 13
18416 469
18417 13
18418 13
18419 13
18420 13
18421 13
18422 13
18423 13
18424 470
18425 13
18426 13
18427 13
18428 13
18429 471
18430 13
18431 13
18432 13
18433 472
18434 473
18435 13
18436 13
18437 13
18438 13
18439 13
18440 13
18441 13
18442 13
18443 13
18444 13
18445 13
18446 13
18447 13
18448 13
18449 13
18450 13
18451 13
18452 13
18453 13
18454 474
18455 13
18456 13
18457 13
18458 13
18459 13
18460 13
18461 13
18462 13
18463 13
18464 13
18465 13
18466 13
18467 13
18468 13
18469 13
18470 13
18471 13
18472 13
18473 13
18474 13
18475 539
18476 13
18477 13
18478 13
18479 13
18480 13
18481 13
18482 13
18483 13
18484 13
18485 13
18486 13
18487 13
18488 13
18489 13
18490 13
18491 13
18492 13
18493 475
18494 476
18495 13
18496 477
18497 13
18498 13
18499 13
18500 13
18501 13
18502 13
18503 13
18504 13
18505 13
18506 13
18507 13
18508 13
18509 13
18510 13
18511 13
18512 478
18513 13
18514 479
18515 13
18516 13
18517 13
18518 13
18519 13
18520 13
18521 13
18522 480
18523 13
18524 13
18525 13
18526 13
18527 481
18528 13
18529 13
18530 13
18531 13
18532 13
18533 13
18534 13
18535 13
18536 13
18537 13
18538 482
18539 13
18540 13
18541 483
18542 13
18543 13
18544 13
18545 13
18546 13
18547 13
18548 484
18549 485
18550 13
18551 486
18552 13
18553 487
18554 13
18555 13
18556 13
18557 13
18558 488
18559 13
18560 13
18561 13
18562 13
18563 13
18564 13
18565 489
18566 13
18567 13
18568 13
18569 13
18570 13
18571 13
18572 13
18573 13
18574 13
18575 490
18576 13
18577 13
18578 13
18579 13
18580 13
18581 491
18582 13
18583 492
18584 13
18585 13
18586 13
18587 493
18588 13
18589 13
18590 494
18591 13
18592 13
18593 13
18594 13
18595 495
18596 13
18597 13
18598 13
18599 13
18600 13
18601 13
18602 13
18603 13
18604 13
18605 13
18606 13
18607 496
18608 13
18609 497
18610 13
18611 13
18612 13
18613 13
18614 13
18615 13
18616 13
18617 13
18618 13
18619 498
18620 13
18621 13
18622 13
18623 13
18624 499
18625 13
18626 500
18627 13
18628 13
18629 13
18630 13
18631 501
18632 13
18633 13
18634 13
18635 13
18636 13
18637 13
18638 502
18639 13
18640 503
18641 13
18642 504
18643 13
18644 13
18645 13
18646 13
18647 13
18648 13
18649 13
18650 505
18651 13
18652 13
18653 13
18654 13
18655 13
18656 13
18657 13
18658 13
18659 13
18660 13
18661 13
18662 13
18663 13
18664 13
18665 506
18666 13
18667 13
18668 13
18669 13
18670 13
18671 13
18672 13
18673 13
18674 507
18675 13
18676 13
18677 13
18678 13
18679 13
18680 13
18681 13
18682 13
18683 13
18684 13
18685 13
18686 13
18687 188
18688 13
18689 508
18690 13
18691 13
18692 13
18693 13
18694 509
18695 13
18696 510
18697 511
18698 13
18699 13
18700 13
18701 13
18702 13
18703 512
18704 13
18705 13
18706 513
18707 514
18708 515
18709 13
18710 13
18711 13
18712 13
18713 13
18714 13
18715 13
18716 13
18717 13
18718 13
18719 13
18720 13
18721 516
18722 13
18723 13
18724 13
18725 13
18726 13
18727 13
18728 13
18729 13
18730 13
18731 13
18732 13
18733 13
18734 13
18735 13
18736 13
18737 13
18738 13
18739 13
18740 13
18741 13
18742 13
18743 517
18744 13
18745 13
18746 13
18747 13
18748 518
18749 13
18750 13
18751 519
18752 520
18753 13
18754 521
18755 522
18756 523
18757 13
18758 13
18759 13
18760 13
18761 13
18762 13
18763 13
18764 13
18765 13
18766 13
18767 13
18768 13
18769 13
18770 13
18771 13
18772 13
18773 13
18774 13
18775 13
18776 13
18777 13
18778 13
18779 13
18780 13
18781 13
18782 13
18783 13
18784 13
18785 13
18786 13
18787 13
18788 13
18789 524
18790 13
18791 13
18792 13
18793 13
18794 13
18795 13
18796 13
18797 13
18798 13
18799 13
18800 13
18801 13
18802 13
18803 13
18804 525
18805 526
18806 13
18807 527
18808 13
18809 13
18810 13
18811 13
18812 13
18813 13
18814 13
18815 13
18816 528
18817 13
18818 13
18819 13
18820 13
18821 13
18822 13
18823 529
18824 13
18825 13
18826 13
18827 13
18828 13
18829 13
18830 13
18831 13
18832 13
18833 13
18834 13
18835 530
18836 13
18837 13
18838 13
18839 13
18840 13
18841 13
18842 531
18843 13
18844 13
18845 532
18846 13
18847 533
18848 13
18849 13
18850 13
18851 13
18852 13
18853 13
18854 13
18855 13
18856 13
18857 534
18858 13
18859 535
18860 536
18861 13
18862 13
18863 13
18864 13
18865 537
18866 13
18867 13
18868 13
18869 13
18870 13
18871 13
18872 13
18873 538
18874 13
18875 13
18876 13
18877 13
18878 13
18879 13
18880 13
18881 13
18882 13
18883 13
18884 13
18885 13
18886 13
18887 13
18888 13
18889 13
18890 13
18891 13
18892 13
18893 13
18894 13
18895 13
18896 13
18897 13
18898 13
18899 13
18900 539
18901 13
18902 13
18903 13
18904 13
18905 13
18906 13
18907 13
18908 13
18909 540
18910 13
18911 13
18912 13
18913 13
18914 13
18915 13
18916 13
18917 13
18918 13
18919 13
18920 13
18921 13
18922 13
18923 13
18924 13
18925 13
18926 13
18927 13
18928 13
18929 13
18930 13
18931 13
18932 13
18933 13
18934 13
18935 13
18936 13
18937 13
18938 541
18939 13
18940 13
18941 13
18942 13
18943 13
18944 542
18945 13
18946 13
18947 13
18948 13
18949 543
18950 13
18951 13
18952 13
18953 13
18954 13
18955 13
18956 13
18957 13
18958 13
18959 13
18960 544
18961 545
18962 13
18963 13
18964 13
18965 13
18966 546
18967 13
18968 13
18969 547
18970 13
18971 13
18972 548
18973 13
18974 13
18975 13
18976 13
18977 549
18978 13
18979 13
18980 550
18981 13
18982 13
18983 13
18984 13
18985 13
18986 13
18987 13
18988 551
18989 13
18990 13
18991 13
18992 13
18993 13
18994 13
18995 552
18996 13
18997 13
18998 13
18999 13
19000 13
19001 13
19002 13
19003 13
19004 553
19005 13
19006 597
19007 13
19008 13
19009 13
19010 13
19011 13
19012 13
19013 13
19014 13
19015 13
19016 13
19017 13
19018 554
19019 13
19020 13
19021 13
19022 13
19023 555
19024 13
19025 13
19026 13
19027 13
19028 13
19029 13
19030 556
19031 13
19032 13
19033 557
19034 13
19035 13
19036 13
19037 13
19038 13
19039 13
19040 13
19041 13
19042 13
19043 13
19044 558
19045 13
19046 13
19047 13
19048 13
19049 13
19050 13
19051 13
19052 13
19053 13
19054 13
19055 13
19056 13
19057 13
19058 13
19059 559
19060 13
19061 13
19062 560
19063 13
19064 13
19065 13
19066 13
19067 13
19068 561
19069 13
19070 562
19071 13
19072 13
19073 13
19074 13
19075 13
19076 13
19077 13
19078 563
19079 13
19080 13
19081 13
19082 13
19083 13
19084 13
19085 13
19086 13
19087 13
19088 13
19089 13
19090 13
19091 13
19092 13
19093 13
19094 13
19095 13
19096 13
19097 13
19098 13
19099 564
19100 13
19101 13
19102 13
19103 13
19104 13
19105 565
19106 13
19107 13
19108 13
19109 13
19110 13
19111 566
19112 13
19113 13
19114 13
19115 567
19116 13
19117 13
19118 13
19119 13
19120 13
19121 13
19122 568
19123 13
19124 13
19125 569
19126 13
19127 13
19128 13
19129 13
19130 570
19131 13
19132 571
19133 13
19134 13
19135 13
19136 13
19137 13
19138 572
19139 573
19140 13
19141 13
19142 13
19143 13
19144 13
19145 13
19146 13
19147 13
19148 13
19149 13
19150 13
19151 13
19152 13
19153 13
19154 574
19155 13
19156 13
19157 13
19158 13
19159 13
19160 13
19161 13
19162 13
19163 13
19164 13
19165 13
19166 13
19167 13
19168 13
19169 13
19170 575
19171 13
19172 13
19173 13
19174 13
19175 13
19176 576
19177 13
19178 13
19179 577
19180 13
19181 13
19182 13
19183 578
19184 13
19185 13
19186 13
19187 13
19188 13
19189 13
19190 13
19191 13
19192 13
19193 579
19194 13
19195 13
19196 13
19197 580
19198 581
19199 13
19200 582
19201 583
19202 13
19203 13
19204 13
19205 13
19206 13
19207 13
19208 13
19209 13
19210 13
19211 584
19212 585
19213 13
19214 13
19215 586
19216 13
19217 13
19218 13
19219 13
19220 13
19221 13
19222 13
19223 587
19224 13
19225 13
19226 13
19227 13
19228 13
19229 13
19230 13
19231 13
19232 13
19233 13
19234 13
19235 13
19236 13
19237 13
19238 588
19239 13
19240 589
19241 13
19242 13
19243 13
19244 13
19245 13
19246 590
19247 13
19248 13
19249 13
19250 13
19251 13
19252 13
19253 13
19254 13
19255 13
19256 591
19257 13
19258 13
19259 13
19260 13
19261 13
19262 13
19263 13
19264 13
19265 592
19266 593
19267 13
19268 13
19269 594
19270 13
19271 13
19272 595
19273 13
19274 13
19275 13
19276 13
19277 13
19278 13
19279 596
19280 597
19281 13
19282 13
19283 598
19284 13
19285 13
19286 13
19287 599
19288 13
19289 13
19290 13
19291 13
19292 600
19293 13
19294 13
19295 13
19296 13
19297 13
19298 13
19299 13
19300 13
19301 13
19302 13
19303 13
19304 13
19305 13
19306 13
19307 601
19308 13
19309 13
19310 13
19311 13
19312 13
19313 13
19314 13
19315 13
19316 13
19317 13
19318 13
19319 602
19320 13
19321 13
19322 13
19323 13
19324 13
19325 13
19326 603
19327 604
19328 13
19329 605
19330 13
19331 606
19332 13
19333 13
19334 13
19335 13
19336 607
19337 608
19338 13
19339 13
19340 13
19341 13
19342 13
19343 13
19344 13
19345 13
19346 13
19347 13
19348 609
19349 13
19350 13
19351 13
19352 610
19353 13
19354 13
19355 13
19356 611
19357 13
19358 13
19359 13
19360 13
19361 13
19362 612
19363 13
19364 13
19365 13
19366 613
19367 13
19368 614
19369 13
19370 13
19371 13
19372 13
19373 13
19374 13
19375 615
19376 13
19377 13
19378 13
19379 13
19380 13
19381 13
19382 13
19383 616
19384 13
19385 617
19386 13
19387 13
19388 13
19389 13
19390 13
19391 13
19392 618
19393 619
19394 13
19395 13
19396 620
19397 13
19398 13
19399 13
19400 13
19401 13
19402 13
19403 13
19404 13
19405 13
19406 13
19407 621
19408 13
19409 622
19410 13
19411 13
19412 13
19413 623
19414 13
19415 624
19416 13
19417 13
19418 13
19419 13
19420 13
19421 13
19422 625
19423 13
19424 13
19425 13
19426 626
19427 13
19428 13
19429 13
19430 13
19431 13
19432 13
19433 13
19434 627
19435 13
19436 13
19437 13
19438 13
19439 13
19440 13
19441 13
19442 13
19443 13
19444 13
19445 628
19446 13
19447 13
19448 13
19449 13
19450 13
19451 13
19452 13
19453 13
19454 629
19455 630
19456 13
19457 13
19458 13
19459 13
19460 13
19461 13
19462 13
19463 13
19464 13
19465 13
19466 13
19467 13
19468 13
19469 13
19470 631
19471 13
19472 13
19473 13
19474 13
19475 13
19476 13
19477 13
19478 13
19479 13
19480 13
19481 13
19482 632
19483 13
19484 13
19485 633
19486 13
19487 13
19488 634
19489 13
19490 13
19491 13
19492 13
19493 13
19494 13
19495 13
19496 13
19497 13
19498 13
19499 13
19500 13
19501 635
19502 13
19503 13
19504 447
19505 13
19506 636
19507 13
19508 13
19509 13
19510 13
19511 637
19512 13
19513 13
19514 13
19515 13
19516 13
19517 13
19518 13
19519 13
19520 638
19521 13
19522 13
19523 639
19524 13
19525 13
19526 13
19527 640
19528 641
19529 13
19530 13
19531 13
19532 13
19533 642
19534 643
19535 13
19536 13
19537 13
19538 13
19539 13
19540 13
19541 13
19542 13
19543 13
19544 13
19545 13
19546 13
19547 644
19548 645
19549 13
19550 646
19551 647
19552 13
19553 13
19554 13
19555 13
19556 13
19557 13
19558 13
19559 13
19560 13
19561 13
19562 13
19563 13
19564 13
19565 13
19566 13
19567 13
19568 13
19569 648
19570 13
19571 13
19572 649
19573 650
19574 651
19575 13
19576 652
19577 13
19578 13
19579 13
19580 653
19581 654
19582 13
19583 655
19584 13
19585 656
19586 13
19587 13
19588 13
19589 13
19590 13
19591 13
19592 13
19593 657
19594 13
19595 13
19596 13
19597 13
19598 13
19599 13
19600 13
19601 13
19602 658
19603 13
19604 659
19605 660
19606 13
19607 661
19608 13
19609 13
19610 13
19611 13
19612 662
19613 13
19614 13
19615 13
19616 13
19617 13
19618 13
19619 13
19620 13
19621 13
19622 13
19623 13
19624 13
19625 663
19626 13
19627 13
19628 13
19629 13
19630 13
19631 13
19632 13
19633 13
19634 13
19635 13
19636 13
19637 13
19638 13
19639 13
19640 13
19641 13
19642 13
19643 664
19644 13
19645 665
19646 666
19647 667
19648 668
19649 13
19650 669
19651 670
19652 671
19653 13
19654 13
19655 13
19656 672
19657 673
19658 674
19659 13
19660 13
19661 13
19662 13
19663 13
19664 13
19665 13
19666 13
19667 13
19668 13
19669 675
19670 13
19671 676
19672 677
19673 13
19674 678
19675 13
19676 13
19677 679
19678 13
19679 680
19680 13
19681 13
19682 681
19683 13
19684 13
19685 13
19686 13
19687 13
19688 13
19689 13
19690 13
19691 13
19692 13
19693 13
19694 682
19695 683
19696 13
19697 13
19698 684
19699 685
19700 686
19701 687
19702 688
19703 689
19704 690
19705 691
19706 692
19707 693
19708 694
19709 695
19710 696
19711 697
19712 698
19713 699
19714 700
19715 701
19716 702
19717 703
19718 704
19719 705
19720 706
19721 707
19722 708
19723 709
19724 710
19725 711
19726 712
19727 713
19728 714
19729 715
19730 716
19731 717
19732 718
19733 719
19734 720
19735 721
19736 722
19737 723
19738 724
19739 725
19740 726
19741 727
19742 728
19743 729
19744 730
19745 731
19746 732
19747 733
19748 734
19749 735
19750 736
19751 737
19752 738
19753 739
19754 740
19755 741
19756 742
19757 743
19758 744
19759 745
19760 746
19761 747
19762 748
19763 749
19764 750
19765 751
19766 752
19767 753
19768 754
19769 755
19770 756
19771 757
19772 758
19773 759
19774 760
19775 761
19776 762
19777 763
19778 764
19779 765
19780 766
19781 767
19782 768
19783 769
19784 770
19785 771
19786 772
19787 773
19788 774
19789 775
19790 776
19791 777
19792 778
19793 779
19794 780
19795 781
19796 782
19797 783
19798 784
19799 785
19800 786
19801 787
19802 788
19803 789
19804 790
19805 791
19806 792
19807 793
19808 794
19809 795
19810 796
19811 797
19812 798
19813 799
19814 800
19815 801
19816 802
19817 803
19818 804
19819 805
19820 806
19821 807
19822 808
19823 809
19824 810
19825 811
19826 812
19827 813
19828 814
19829 815
19830 816
19831 817
19832 818
19833 819
19834 820
19835 821
19836 822
19837 823
19838 824
19839 825
19840 826
19841 827
19842 828
19843 829
19844 830
19845 831
19846 832
19847 833
19848 834
19849 835
19850 836
19851 837
19852 838
19853 839
19854 840
19855 841
19856 842
19857 843
19858 844
19859 845
19860 846
19861 847
19862 848
19863 849
19864 850
19865 851
19866 852
19867 853
19868 854
19869 855
19870 856
19871 857
19872 858
19873 859
19874 860
19875 861
19876 862
19877 863
19878 864
19879 865
19880 866
19881 867
19882 868
19883 869
19884 870
19885 871
19886 872
19887 873
19888 874
19889 875
19890 876
19891 877
19892 878
19893 879
19894 880
19895 881
19896 882
19897 883
19898 884
19899 885
19900 886
19901 887
19902 888
19903 889
19904 890
19905 891
19906 892
19907 893
19908 894
19909 895
19910 896
19911 897
19912 898
19913 899
19914 900
19915 901
19916 902
19917 903
19918 904
19919 905
19920 906
19921 907
19922 908
19923 909
19924 910
19925 911
19926 912
19927 913
19928 914
19929 915
19930 916
19931 917
19932 918
19933 919
19934 920
19935 921
19936 922
19937 923
19938 924
19939 925
19940 926
19941 927
19942 928
19943 929
19944 930
19945 931
19946 932
19947 933
19948 934
19949 935
19950 936
19951 937
19952 938
19953 939
19954 940
19955 941
19956 942
19957 943
19958 944
19959 945
19960 946
19961 947
19962 948
19963 949
19964 950
19965 951
19966 952
19967 953
19968 954
19969 955
19970 956
19971 957
19972 958
19973 959
19974 960
19975 961
19976 962
19977 963
19978 964
19979 965
19980 966
19981 967
19982 968
19983 969
19984 970
19985 971
19986 972
19987 973
19988 974
19989 975
19990 976
19991 977
19992 978
19993 979
19994 980
19995 981
19996 982
19997 983
19998 984
19999 985
20000 986
20001 987
20002 988
20003 989
20004 990
20005 991
20006 992
20007 993
20008 994
20009 995
20010 996
20011 997
20012 998
20013 999
20014 1000
20015 1001
20016 1002
20017 1003
20018 1004
20019 1005
20020 1006
20021 1007
20022 1008
20023 1009
20024 1010
20025 1011
20026 1012
20027 1013
20028 1014
20029 1015
20030 1016
20031 1017
20032 1018
20033 1019
20034 1020
20035 1021
20036 1022
20037 1023
20038 1024
20039 1025
20040 1026
20041 1027
20042 1028
20043 1029
20044 1030
20045 1031
20046 1032
20047 1033
20048 1034
20049 1035
20050 1036
20051 1037
20052 1038
20053 1039
20054 1040
20055 1041
20056 1042
20057 1043
20058 1044
20059 1045
20060 1046
20061 1047
20062 1048
20063 1049
20064 1050
20065 1051
20066 1052
20067 1053
20068 1054
20069 1055
20070 1056
20071 1057
20072 1058
20073 1059
20074 1060
20075 1061
20076 1062
20077 1063
20078 1064
20079 1065
20080 1066
20081 1067
20082 1068
20083 1069
20084 1070
20085 1071
20086 1072
20087 1073
20088 1074
20089 1075
20090 1076
20091 1077
20092 1078
20093 1079
20094 1080
20095 1081
20096 1082
20097 1083
20098 1084
20099 1085
20100 1086
20101 1087
20102 1088
20103 1089
20104 1090
20105 1091
20106 1092
20107 1093
20108 1094
20109 1095
20110 1096
20111 13
20112 1097
20113 1098
20114 1099
20115 1100
20116 1101
20117 1102
20118 1103
20119 1104
20120 1105
20121 1106
20122 1107
20123 1108
20124 1109
20125 1110
20126 1111
20127 1112
20128 1113
20129 1114
20130 1115
20131 1116
20132 1117
20133 1118
20134 1119
20135 1120
20136 1121
20137 1122
20138 1123
20139 1124
20140 1125
20141 1126
20142 1127
20143 1128
20144 1129
20145 1130
20146 1131
20147 1132
20148 1133
20149 1134
20150 1135
20151 1136
20152 1137
20153 1138
20154 1139
20155 1140
20156 1141
20157 1142
20158 1143
20159 1144
20160 1145
20161 1146
20162 1147
20163 1148
20164 1149
20165 1150
20166 1151
20167 1152
20168 1153
20169 1154
20170 1155
20171 1156
20172 1157
20173 1158
20174 1159
20175 1160
20176 1161
20177 1162
20178 1163
20179 1164
20180 1165
20181 1166
20182 1167
20183 1168
20184 1169
20185 1170
20186 1171
20187 1172
20188 1173
20189 1174
20190 1175
20191 1176
20192 1177
20193 1178
20194 1179
20195 1180
20196 1181
20197 1182
20198 1183
20199 1184
20200 1185
20201 1186
20202 1187
20203 1188
20204 1189
20205 1190
20206 1191
20207 1192
20208 1193
20209 1194
20210 1195
20211 1196
20212 1197
20213 1198
20214 1199
20215 1200
20216 1201
20217 1202
20218 1203
20219 1204
20220 1205
20221 1206
20222 1207
20223 1208
20224 1209
20225 1210
20226 1211
20227 1212
20228 1213
20229 1214
20230 1215
20231 1216
20232 1217
20233 1218
20234 1219
20235 1220
20236 1221
20237 1222
20238 1223
20239 1224
20240 1225
20241 1226
20242 1227
20243 1228
20244 1229
20245 1230
20246 1231
20247 1232
20248 1233
20249 1234
20250 1235
20251 1236
20252 1237
20253 1238
20254 1239
20255 1240
20256 1241
20257 1242
20258 1243
20259 1244
20260 1245
20261 13
20262 1246
20263 1247
20264 1248
20265 1249
20266 1250
20267 1251
20268 1252
20269 1253
20270 1254
20271 1255
20272 1256
20273 1257
20274 1258
20275 1259
20276 1260
20277 1261
20278 1262
20279 1263
20280 1264
20281 1265
20282 1266
20283 1267
20284 1268
20285 1269
20286 1270
20287 1271
20288 1272
20289 1273
20290 1274
20291 1275
20292 1276
20293 1277
20294 1278
20295 1279
20296 1280
20297 1281
20298 1282
20299 1283
20300 1284
20301 1285
20302 1286
20303 1287
20304 1288
20305 1289
20306 1290
20307 1291
20308 1292
20309 1293
20310 1294
20311 1295
20312 1296
20313 1297
20314 1298
20315 1299
20316 1300
20317 1301
20318 1302
20319 1303
20320 1304
20321 1305
20322 1306
20323 1307
20324 1308
20325 1309
20326 1310
20327 1311
20328 1312
20329 1313
20330 1314
20331 1315
20332 1316
20333 1317
20334 1318
20335 1319
20336 1320
20337 1321
20338 1322
20339 1323
20340 1324
20341 1325
20342 1326
20343 1327
20344 1328
20345 1329
20346 1330
20347 1331
20348 1332
20349 1333
20350 1334
20351 1335
20352 1336
20353 1337
20354 1338
20355 1339
20356 1340
20357 1341
20358 1342
20359 1343
20360 1344
20361 1345
20362 1346
20363 1347
20364 1348
20365 1349
20366 1350
20367 1351
20368 1352
20369 1353
20370 1354
20371 1355
20372 1356
20373 1357
20374 1358
20375 1359
20376 1360
20377 1361
20378 1362
20379 1363
20380 1364
20381 1365
20382 1366
20383 1367
20384 1368
20385 1369
20386 1370
20387 1371
20388 1372
20389 1373
20390 1374
20391 1375
20392 1376
20393 1377
20394 1378
20395 1379
20396 1380
20397 1381
20398 1382
20399 1383
20400 1384
20401 1385
20402 1386
20403 1387
20404 1388
20405 1389
20406 1390
20407 1391
20408 1392
20409 1393
20410 1394
20411 1395
20412 1396
20413 1397
20414 1398
20415 1399
20416 1400
20417 1401
20418 1402
20419 1403
20420 1404
20421 1405
20422 1406
20423 1407
20424 1408
20425 1409
20426 1410
20427 1411
20428 1412
20429 1413
20430 1414
20431 1415
20432 1416
20433 1417
20434 1418
20435 1419
20436 1420
20437 1421
20438 1422
20439 13
20440 1423
20441 1424
20442 1425
20443 1426
20444 1427
20445 1428
20446 1429
20447 1430
20448 1431
20449 1432
20450 1433
20451 1434
20452 1435
20453 1436
20454 1437
20455 1438
20456 1439
20457 1440
20458 1441
20459 1442
20460 1443
20461 1444
20462 1445
20463 1446
20464 1447
20465 1448
20466 1449
20467 1450
20468 1451
20469 1452
20470 1453
20471 1454
20472 1455
20473 1456
20474 1457
20475 1458
20476 1459
20477 1460
20478 1461
20479 1462
20480 1463
20481 1464
20482 1465
20483 1466
20484 1467
20485 1468
20486 1469
20487 1470
20488 1471
20489 1472
20490 1473
20491 1474
20492 1475
20493 1476
20494 1477
20495 1478
20496 1479
20497 1480
20498 1481
20499 1482
20500 1483
20501 1484
20502 1485
20503 1486
20504 1487
20505 1488
20506 1489
20507 1490
20508 1491
20509 1492
20510 1493
20511 1494
20512 1495
20513 1496
20514 1497
20515 1498
20516 1499
20517 1500
20518 1501
20519 1502
20520 1503
20521 1504
20522 1505
20523 1506
20524 1507
20525 1508
20526 1509
20527 1510
20528 1511
20529 1512
20530 1513
20531 1514
20532 1515
20533 1516
20534 1517
20535 1518
20536 1519
20537 1520
20538 1521
20539 1522
20540 1523
20541 1524
20542 1525
20543 1526
20544 1527
20545 1528
20546 1529
20547 1530
20548 1531
20549 1532
20550 1533
20551 1534
20552 1535
20553 1536
20554 1537
20555 1538
20556 1539
20557 1540
20558 1541
20559 1542
20560 1543
20561 1544
20562 1545
20563 1546
20564 1547
20565 1548
20566 1549
20567 1550
20568 1551
20569 1552
20570 1553
20571 1554
20572 1555
20573 1556
20574 1557
20575 1558
20576 1559
20577 1560
20578 1561
20579 1562
20580 1563
20581 1564
20582 1565
20583 1566
20584 1567
20585 1568
20586 1569
20587 1570
20588 1571
20589 1572
20590 1573
20591 1574
20592 1575
20593 1576
20594 1577
20595 1578
20596 1579
20597 1580
20598 1581
20599 1582
20600 1583
20601 1584
20602 1585
20603 1586
20604 1587
20605 1588
20606 1589
20607 1590
20608 1591
20609 1592
20610 1593
20611 1594
20612 1595
20613 1596
20614 1597
20615 1598
20616 1599
20617 1600
20618 1601
20619 1602
20620 1603
20621 1604
20622 1605
20623 1606
20624 1607
20625 1608
20626 1609
20627 1610
20628 1611
20629 1612
20630 1613
20631 1614
20632 1615
20633 1616
20634 1617
20635 1618
20636 1619
20637 1620
20638 1621
20639 1622
20640 1623
20641 1624
20642 1625
20643 1626
20644 1627
20645 1628
20646 1629
20647 1630
20648 1631
20649 1632
20650 1633
20651 1634
20652 1635
20653 1636
20654 1637
20655 1638
20656 1639
20657 1640
20658 1641
20659 1642
20660 1643
20661 1644
20662 1645
20663 1646
20664 1647
20665 1648
20666 1649
20667 1650
20668 1651
20669 1652
20670 1653
20671 1654
20672 1655
20673 1656
20674 1657
20675 1658
20676 1659
20677 1660
20678 1661
20679 1662
20680 1663
20681 1664
20682 1665
20683 1666
20684 1667
20685 1668
20686 1669
20687 1670
20688 1671
20689 1672
20690 1673
20691 1674
20692 1675
20693 1676
20694 1677
20695 1678
20696 1679
20697 1680
20698 1681
20699 1682
20700 1683
20701 1684
20702 1685
20703 1686
20704 1687
20705 1688
20706 1689
20707 1690
20708 1691
20709 1692
20710 1693
20711 1694
20712 1695
20713 1696
20714 1697
20715 1698
20716 1699
20717 1700
20718 1701
20719 1702
20720 1703
20721 1704
20722 1705
20723 1706
20724 1707
20725 1708
20726 1709
20727 1710
20728 1711
20729 1712
20730 1713
20731 1714
20732 1715
20733 1716
20734 1717
20735 1718
20736 1719
20737 1720
20738 1721
20739 1722
20740 1723
20741 1724
20742 1725
20743 1726
20744 1727
20745 1728
20746 1729
20747 1730
20748 1731
20749 1732
20750 1733
20751 1734
20752 1735
20753 1736
20754 1737
20755 1738
20756 1739
20757 1740
20758 1741
20759 1742
20760 1743
20761 1744
20762 1745
20763 1746
20764 1747
20765 1748
20766 1749
20767 1750
20768 1751
20769 1752
20770 1753
20771 1754
20772 1755
20773 1756
20774 1757
20775 1758
20776 1759
20777 1760
20778 1761
20779 1762
20780 1763
20781 1764
20782 1765
20783 1766
20784 1767
20785 1768
20786 1769
20787 1770
20788 1771
20789 1772
20790 1773
20791 1774
20792 1775
20793 1776
20794 1777
20795 1778
20796 1779
20797 1780
20798 1781
20799 1782
20800 1783
20801 1784
20802 1785
20803 1786
20804 1787
20805 1788
20806 1789
20807 1790
20808 1791
20809 1792
20810 1793
20811 1794
20812 1795
20813 1796
20814 1797
20815 1798
20816 1799
20817 1800
20818 1801
20819 1802
20820 1803
20821 1804
20822 1805
20823 1806
20824 1807
20825 1808
20826 1809
20827 1810
20828 1811
20829 1812
20830 1813
20831 1814
20832 1815
20833 1816
20834 1817
20835 1818
20836 1819
20837 1820
20838 1821
20839 1822
20840 1823
20841 1824
20842 1825
20843 1826
20844 1827
20845 1828
20846 1829
20847 1830
20848 1831
20849 1832
20850 1833
20851 1834
20852 1835
20853 1836
20854 1837
20855 1838
20856 1839
20857 1840
20858 1841
20859 1842
20860 1843
20861 1844
20862 1845
20863 1846
20864 1847
20865 1848
20866 1849
20867 1850
20868 1851
20869 1852
20870 1853
20871 1854
20872 1855
20873 1856
20874 1857
20875 1858
20876 1859
20877 1860
20878 1861
20879 1862
20880 1863
20881 1864
20882 1865
20883 1866
20884 1867
20885 1868
20886 1869
20887 1870
20888 1871
20889 1872
20890 1873
20891 1874
20892 1875
20893 1876
20894 1877
20895 1878
20896 1879
20897 1880
20898 1881
20899 1882
20900 1883
20901 1884
20902 1885
20903 1886
20904 1887
20905 1888
20906 1889
20907 1890
20908 1891
20909 1892
20910 1893
20911 1894
20912 1895
20913 1896
20914 1897
20915 1898
20916 1899
20917 1900
20918 1901
20919 1902
20920 1903
20921 1904
20922 1905
20923 1906
20924 1907
20925 1908
20926 1909
20927 1910
20928 13
20929 1911
20930 1912
20931 1913
20932 1914
20933 1915
20934 1916
20935 1917
20936 1918
20937 1919
20938 1920
20939 1921
20940 1922
20941 1923
20942 1924
20943 1925
20944 1926
20945 13
20946 1927
20947 1928
20948 1929
20949 1930
20950 1931
20951 1932
20952 1933
20953 1934
20954 1935
20955 1936
20956 1937
20957 1938
20958 1939
20959 1940
20960 1941
20961 1942
20962 1943
20963 1944
20964 1945
20965 1946
20966 1947
20967 1948
20968 1949
20969 1950
20970 1951
20971 1952
20972 1953
20973 1954
20974 1955
20975 1956
20976 1957
20977 1958
20978 1959
20979 1960
20980 1961
20981 1962
20982 1963
20983 1964
20984 1965
20985 1966
20986 1967
20987 1968
20988 1969
20989 1970
20990 1971
20991 1972
20992 1973
20993 1974
20994 1975
20995 1976
20996 1977
20997 1978
20998 1979
20999 1980
21000 1981
21001 1982
21002 1983
21003 1984
21004 1985
21005 1986
21006 1987
21007 1988
21008 1989
21009 1990
21010 1991
21011 1992
21012 1993
21013 1994
21014 1995
21015 1996
21016 1997
21017 1998
21018 13
21019 1999
21020 2000
21021 2001
21022 2002
21023 2003
21024 2004
21025 2005
21026 2006
21027 2007
21028 2008
21029 2009
21030 2010
21031 2011
21032 2012
21033 2013
21034 2014
21035 13
21036 2015
21037 2016
21038 2017
21039 2018
21040 2019
21041 2020
21042 2021
21043 2022
21044 2023
21045 2024
21046 2025
21047 2026
21048 2027
21049 2028
21050 2029
21051 2030
21052 2031
21053 2032
21054 2033
21055 2034
21056 2035
21057 2036
21058 2037
21059 2038
21060 2039
21061 2040
21062 2041
21063 2042
21064 2043
21065 2044
21066 2045
21067 2046
21068 2047
21069 2048
21070 2049
21071 2050
21072 2051
21073 2052
21074 2053
21075 2054
21076 2055
21077 2056
21078 2057
21079 2058
21080 2059
21081 2060
21082 2061
21083 2062
21084 2063
21085 2064
21086 2065
21087 2066
21088 2067
21089 2068
21090 2069
21091 2070
21092 2071
21093 2072
21094 2073
21095 2074
21096 2075
21097 2076
21098 2077
21099 2078
21100 2079
21101 2080
21102 2081
21103 2082
21104 2083
21105 2084
21106 2085
21107 2086
21108 2087
21109 2088
21110 2089
21111 2090
21112 2091
21113 2092
21114 2093
21115 2094
21116 2095
21117 2096
21118 2097
21119 2098
21120 2099
21121 2100
21122 2101
21123 2102
21124 2103
21125 2104
21126 2105
21127 2106
21128 2107
21129 2108
21130 2109
21131 2110
21132 2111
21133 2112
21134 2113
21135 2114
21136 2115
21137 2116
21138 2117
21139 2118
21140 2119
21141 2120
21142 2121
21143 2122
21144 2123
21145 2124
21146 2125
21147 2126
21148 2127
21149 2128
21150 2129
21151 2130
21152 2131
21153 2132
21154 2133
21155 2134
21156 2135
21157 2136
21158 2137
21159 2138
21160 2139
21161 2140
21162 2141
21163 2142
21164 2143
21165 2144
21166 2145
21167 2146
21168 2147
21169 2148
21170 2149
21171 2150
21172 2151
21173 2152
21174 2153
21175 2154
21176 2155
21177 2156
21178 2157
21179 2158
21180 2159
21181 2160
21182 2161
21183 2162
21184 2163
21185 2164
21186 2165
21187 2166
21188 2167
21189 2168
21190 2169
21191 2170
21192 2171
21193 2172
21194 2173
21195 2174
21196 2175
21197 2176
21198 2177
21199 2178
21200 2179
21201 2180
21202 2181
21203 2182
21204 2183
21205 2184
21206 2185
21207 2186
21208 2187
21209 2188
21210 2189
21211 2190
21212 2191
21213 2192
21214 2193
21215 2194
21216 2195
21217 2196
21218 2197
21219 2198
21220 2199
21221 2200
21222 2201
21223 2202
21224 2203
21225 2204
21226 2205
21227 2206
21228 2207
21229 2208
21230 2209
21231 2210
21232 2211
21233 2212
21234 2213
21235 2214
21236 2215
21237 2216
21238 2217
21239 2218
21240 2219
21241 2220
21242 2221
21243 2222
21244 2223
21245 2224
21246 2225
21247 2226
21248 2227
21249 2228
21250 2229
21251 2230
21252 2231
21253 2232
21254 2233
21255 2234
21256 2235
21257 2236
21258 2237
21259 2238
21260 2239
21261 2240
21262 2241
21263 2242
21264 2243
21265 2244
21266 2245
21267 2246
21268 2247
21269 2248
21270 2249
21271 2250
21272 2251
21273 2252
21274 2253
21275 2254
21276 2255
21277 2256
21278 2257
21279 2258
21280 2259
21281 2260
21282 2261
21283 2262
21284 2263
21285 2264
21286 2265
21287 2266
21288 2267
21289 2268
21290 2269
21291 2270
21292 2271
21293 2272
21294 2273
21295 2274
21296 2275
21297 2276
21298 2277
21299 2278
21300 2279
21301 2280
21302 2281
21303 2282
21304 2283
21305 2284
21306 2285
21307 2286
21308 2287
21309 2288
21310 2289
21311 2290
21312 2291
21313 2292
21314 2293
21315 2294
21316 2295
21317 2296
21318 2297
21319 2298
21320 2299
21321 2300
21322 2301
21323 2302
21324 2303
21325 2304
21326 2305
21327 2306
21328 2307
21329 2308
21330 2309
21331 2310
21332 2311
21333 2312
21334 2313
21335 2314
21336 2315
21337 2316
21338 2317
21339 2318
21340 2319
21341 2320
21342 2321
21343 2322
21344 2323
21345 2324
21346 2325
21347 2326
21348 2327
21349 2328
21350 2329
21351 2330
21352 2331
21353 2332
21354 2333
21355 2334
21356 2335
21357 2336
21358 2337
21359 2338
21360 2339
21361 2340
21362 2341
21363 2342
21364 2343
21365 2344
21366 2345
21367 2346
21368 2347
21369 2348
21370 2349
21371 2350
21372 2351
21373 2352
21374 2353
21375 2354
21376 2355
21377 2356
21378 2357
21379 2358
21380 2359
21381 2360
21382 2361
21383 2362
21384 2363
21385 2364
21386 2365
21387 2366
21388 2367
21389 2368
21390 2369
21391 2370
21392 2371
21393 2372
21394 2373
21395 2374
21396 2375
21397 2376
21398 2377
21399 2378
21400 2379
21401 2380
21402 2381
21403 2382
21404 2383
21405 2384
21406 2385
21407 2386
21408 2387
21409 2388
21410 2389
21411 2390
21412 2391
21413 2392
21414 2393
21415 2394
21416 2395
21417 2396
21418 2397
21419 2398
21420 2399
21421 2400
21422 2401
21423 2402
21424 2403
21425 2404
21426 2405
21427 2406
21428 2407
21429 2408
21430 2409
21431 2410
21432 2411
21433 2412
21434 2413
21435 2414
21436 2415
21437 2416
21438 2417
21439 2418
21440 2419
21441 2420
21442 2421
21443 2422
21444 2423
21445 2424
21446 2425
21447 2426
21448 2427
21449 2428
21450 2429
21451 2430
21452 2431
21453 2432
21454 2433
21455 2434
21456 2435
21457 2436
21458 2437
21459 2438
21460 2439
21461 2440
21462 2441
21463 2442
21464 2443
21465 2444
21466 2445
21467 2446
21468 2447
21469 2448
21470 2449
21471 2450
21472 2451
21473 2452
21474 2453
21475 2454
21476 2455
21477 2456
21478 2457
21479 2458
21480 2459
21481 2460
21482 2461
21483 2462
21484 2463
21485 2464
21486 2465
21487 2466
21488 2467
21489 2468
21490 2469
21491 2470
21492 2471
21493 2472
21494 2473
21495 2474
21496 2475
21497 2476
21498 2477
21499 2478
21500 2479
21501 2480
21502 2481
21503 2482
21504 2483
21505 2484
21506 2485
21507 13
21508 2486
21509 2487
21510 2488
21511 2489
21512 2490
21513 2491
21514 2492
21515 2493
21516 2494
21517 2495
21518 2496
21519 2497
21520 2498
21521 2499
21522 2500
21523 2501
21524 2502
21525 2503
21526 2504
21527 2505
21528 2506
21529 2507
21530 2508
21531 2509
21532 2510
21533 2511
21534 2512
21535 2513
21536 2514
21537 2515
21538 2516
21539 2517
21540 2518
21541 2519
21542 2520
21543 2521
21544 2522
21545 2523
21546 2524
21547 2525
21548 2526
21549 2527
21550 2528
21551 2529
21552 2530
21553 2531
21554 2532
21555 2533
21556 2534
21557 2535
21558 2536
21559 2537
21560 2538
21561 2539
21562 2540
21563 2541
21564 2542
21565 2543
21566 2544
21567 2545
21568 2546
21569 2547
21570 2548
21571 2549
21572 2550
21573 2551
21574 2552
21575 2553
21576 2554
21577 2555
21578 2556
21579 2557
21580 2558
21581 2559
21582 2560
21583 2561
21584 2562
21585 2563
21586 2564
21587 2565
21588 2566
21589 2567
21590 2568
21591 2569
21592 2570
21593 2571
21594 2572
21595 2573
21596 2574
21597 2575
21598 2576
21599 2577
21600 2578
21601 2579
21602 2580
21603 2581
21604 2582
21605 2583
21606 2584
21607 2585
21608 2586
21609 2587
21610 2588
21611 2589
21612 2590
21613 2591
21614 2592
21615 2593
21616 2594
21617 2595
21618 2596
21619 2597
21620 2598
21621 2599
21622 2600
21623 2601
21624 2602
21625 2603
21626 2604
21627 2605
21628 2606
21629 2607
21630 2608
21631 2609
21632 2610
21633 2611
21634 2612
21635 2613
21636 2614
21637 2615
21638 2616
21639 2617
21640 2618
21641 2619
21642 2620
21643 2621
21644 2622
21645 2623
21646 2624
21647 2625
21648 2626
21649 2627
21650 2628
21651 2629
21652 2630
21653 2631
21654 2632
21655 2633
21656 2634
21657 2635
21658 2636
21659 2637
21660 2638
21661 2639
21662 2640
21663 2641
21664 2642
21665 2643
21666 2644
21667 2645
21668 2646
21669 2647
21670 2648
21671 2649
21672 2650
21673 2651
21674 2652
21675 2653
21676 2654
21677 2655
21678 2656
21679 2657
21680 2658
21681 2659
21682 2660
21683 2661
21684 2662
21685 2663
21686 2664
21687 2665
21688 2666
21689 2667
21690 2668
21691 2669
21692 2670
21693 2671
21694 2672
21695 2673
21696 2674
21697 2675
21698 2676
21699 2677
21700 2678
21701 2679
21702 2680
21703 2681
21704 2682
21705 2683
21706 2684
21707 2685
21708 2686
21709 2687
21710 2688
21711 2689
21712 2690
21713 2691
21714 2692
21715 2693
21716 2694
21717 2695
21718 2696
21719 2697
21720 2698
21721 2699
21722 2700
21723 2701
21724 2702
21725 2703
21726 2704
21727 2705
21728 2706
21729 2707
21730 2708
21731 2709
21732 2710
21733 2711
21734 2712
21735 2713
21736 2714
21737 2715
21738 2716
21739 2717
21740 2718
21741 2719
21742 2720
21743 2721
21744 2722
21745 2723
21746 2724
21747 2725
21748 2726
21749 2727
21750 2728
21751 2729
21752 2730
21753 2731
21754 2732
21755 2733
21756 2734
21757 2735
21758 2736
21759 2737
21760 2738
21761 2739
21762 2740
21763 2741
21764 2742
21765 2743
21766 2744
21767 2745
21768 2746
21769 2747
21770 2748
21771 2749
21772 2750
21773 2751
21774 2752
21775 2753
21776 2754
21777 2755
21778 2756
21779 2757
21780 2758
21781 2759
21782 2760
21783 2761
21784 2762
21785 2763
21786 2764
21787 2765
21788 2766
21789 2767
21790 2768
21791 2769
21792 2770
21793 2771
21794 2772
21795 2773
21796 2774
21797 2775
21798 2776
21799 2777
21800 2778
21801 2779
21802 2780
21803 2781
21804 2782
21805 2783
21806 2784
21807 2785
21808 2786
21809 2787
21810 2788
21811 2789
21812 2790
21813 2791
21814 2792
21815 2793
21816 2794
21817 2795
21818 2796
21819 2797
21820 2798
21821 2799
21822 2800
21823 2801
21824 2802
21825 2803
21826 2804
21827 2805
21828 2806
21829 2807
21830 2808
21831 2809
21832 2810
21833 2811
21834 2812
21835 2813
21836 2814
21837 2815
21838 2816
21839 2817
21840 2818
21841 2819
21842 2820
21843 2821
21844 2822
21845 2823
21846 2824
21847 2825
21848 2826
21849 2827
21850 2828
21851 2829
21852 2830
21853 2831
21854 2832
21855 2833
21856 2834
21857 2835
21858 2836
21859 2837
21860 2838
21861 2839
21862 2840
21863 2841
21864 2842
21865 2843
21866 2844
21867 2845
21868 2846
21869 2847
21870 2848
21871 2849
21872 2850
21873 2851
21874 2852
21875 2853
21876 2854
21877 2855
21878 2856
21879 2857
21880 2858
21881 2859
21882 2860
21883 2861
21884 2862
21885 2863
21886 2864
21887 2865
21888 2866
21889 2867
21890 2868
21891 2869
21892 2870
21893 2871
21894 2872
21895 2873
21896 2874
21897 2875
21898 2876
21899 2877
21900 2878
21901 2879
21902 2880
21903 2881
21904 2882
21905 2883
21906 2884
21907 2885
21908 2886
21909 2887
21910 2888
21911 2889
21912 2890
21913 2891
21914 2892
21915 2893
21916 2894
21917 2895
21918 2896
21919 2897
21920 2898
21921 2899
21922 2900
21923 2901
21924 2902
21925 2903
21926 2904
21927 2905
21928 2906
21929 2907
21930 2908
21931 2909
21932 2910
21933 2911
21934 2912
21935 2913
21936 2914
21937 2915
21938 2916
21939 2917
21940 2918
21941 2919
21942 2920
21943 2921
21944 2922
21945 2923
21946 2924
21947 2925
21948 2926
21949 2927
21950 2928
21951 2929
21952 2930
21953 2931
21954 2932
21955 2933
21956 2934
21957 2935
21958 2936
21959 2937
21960 2938
21961 2939
21962 2940
21963 2941
21964 2942
21965 2943
21966 2944
21967 2945
21968 2946
21969 2947
21970 2948
21971 2949
21972 2950
21973 2951
21974 2952
21975 2953
21976 2954
21977 2955
21978 2956
21979 2957
21980 2958
21981 2959
21982 2960
21983 2961
21984 2962
21985 2963
21986 2964
21987 2965
21988 2966
21989 2967
21990 2968
21991 2969
21992 2970
21993 2971
21994 2972
21995 2973
21996 2974
21997 2975
21998 2976
21999 2977
22000 2978
22001 2979
22002 2980
22003 2981
22004 2982
22005 2983
22006 2984
22007 2985
22008 2986
22009 2987
22010 2988
22011 2989
22012 2990
22013 2991
22014 2992
22015 2993
22016 2994
22017 2995
22018 2996
22019 2997
22020 2998
22021 2999
22022 3000
22023 3001
22024 3002
22025 3003
22026 3004
22027 3005
22028 3006
22029 3007
22030 3008
22031 3009
22032 3010
22033 3011
22034 3012
22035 3013
22036 3014
22037 3015
22038 3016
22039 3017
22040 3018
22041 3019
22042 3020
22043 3021
22044 3022
22045 3023
22046 3024
22047 3025
22048 3026
22049 3027
22050 3028
22051 3029
22052 3030
22053 3031
22054 3032
22055 3033
22056 3034
22057 3035
22058 3036
22059 3037
22060 3038
22061 3039
22062 3040
22063 3041
22064 3042
22065 3043
22066 3044
22067 3045
22068 3046
22069 3047
22070 3048
22071 3049
22072 3050
22073 3051
22074 3052
22075 3053
22076 3054
22077 3055
22078 3056
22079 3057
22080 3058
22081 3059
22082 3060
22083 3061
22084 3062
22085 3063
22086 3064
22087 3065
22088 3066
22089 3067
22090 3068
22091 3069
22092 3070
22093 3071
22094 3072
22095 3073
22096 3074
22097 3075
22098 3076
22099 3077
22100 3078
22101 3079
22102 3080
22103 3081
22104 3082
22105 3083
22106 3084
22107 3085
22108 3086
22109 3087
22110 3088
22111 3089
22112 3090
22113 3091
22114 3092
22115 3093
22116 3094
22117 3095
22118 3096
22119 3097
22120 3098
22121 3099
22122 3100
22123 3101
22124 3102
22125 3103
22126 3104
22127 3105
22128 3106
22129 3107
22130 3108
22131 3109
22132 3110
22133 3111
22134 3112
22135 3113
22136 3114
22137 3115
22138 3116
22139 3117
22140 3118
22141 3119
22142 3120
22143 3121
22144 3122
22145 3123
22146 3124
22147 3125
22148 3126
22149 3127
22150 3128
22151 3129
22152 3130
22153 3131
22154 3132
22155 3133
22156 3134
22157 3135
22158 3136
22159 3137
22160 3138
22161 3139
22162 3140
22163 3141
22164 3142
22165 3143
22166 3144
22167 3145
22168 3146
22169 3147
22170 3148
22171 3149
22172 3150
22173 3151
22174 3152
22175 3153
22176 3154
22177 3155
22178 3156
22179 3157
22180 3158
22181 3159
22182 3160
22183 3161
22184 3162
22185 3163
22186 3164
22187 3165
22188 3166
22189 3167
22190 3168
22191 3169
22192 3170
22193 3171
22194 3172
22195 3173
22196 3174
22197 3175
22198 3176
22199 3177
22200 3178
22201 3179
22202 3180
22203 3181
22204 3182
22205 3183
22206 3184
22207 3185
22208 3186
22209 3187
22210 3188
22211 3189
22212 3190
22213 3191
22214 3192
22215 3193
22216 3194
22217 3195
22218 3196
22219 3197
22220 3198
22221 3199
22222 3200
22223 3201
22224 3202
22225 3203
22226 3204
22227 3205
22228 3206
22229 3207
22230 3208
22231 3209
22232 3210
22233 3211
22234 3212
22235 3213
22236 3214
22237 3215
22238 3216
22239 3217
22240 3218
22241 3219
22242 3220
22243 3221
22244 3222
22245 3223
22246 3224
22247 3225
22248 3226
22249 3227
22250 3228
22251 3229
22252 3230
22253 3231
22254 3232
22255 3233
22256 3234
22257 3235
22258 3236
22259 3237
22260 3238
22261 3239
22262 3240
22263 3241
22264 3242
22265 3243
22266 3244
22267 3245
22268 3246
22269 3247
22270 3248
22271 3249
22272 3250
22273 3251
22274 3252
22275 3253
22276 3254
22277 3255
22278 3256
22279 3257
22280 3258
22281 3259
22282 3260
22283 3261
22284 3262
22285 3263
22286 3264
22287 3265
22288 3266
22289 3267
22290 3268
22291 3269
22292 3270
22293 3271
22294 3272
22295 3273
22296 3274
22297 3275
22298 3276
22299 3277
22300 3278
22301 3279
22302 3280
22303 3281
22304 3282
22305 3283
22306 3284
22307 3285
22308 3286
22309 3287
22310 3288
22311 3289
22312 3290
22313 3291
22314 3292
22315 3293
22316 3294
22317 3295
22318 3296
22319 3297
22320 3298
22321 3299
22322 3300
22323 3301
22324 3302
22325 3303
22326 3304
22327 3305
22328 3306
22329 3307
22330 3308
22331 3309
22332 3310
22333 3311
22334 3312
22335 3313
22336 3314
22337 3315
22338 3316
22339 3317
22340 3318
22341 3319
22342 3320
22343 3321
22344 3322
22345 3323
22346 3324
22347 3325
22348 3326
22349 3327
22350 3328
22351 3329
22352 3330
22353 3331
22354 3332
22355 3333
22356 3334
22357 3335
22358 3336
22359 3337
22360 3338
22361 3339
22362 3340
22363 3341
22364 3342
22365 3343
22366 3344
22367 3345
22368 3346
22369 3347
22370 3348
22371 3349
22372 3350
22373 3351
22374 3352
22375 3353
22376 3354
22377 3355
22378 3356
22379 3357
22380 3358
22381 3359
22382 3360
22383 3361
22384 3362
22385 3363
22386 3364
22387 3365
22388 3366
22389 3367
22390 3368
22391 3369
22392 3370
22393 3371
22394 3372
22395 3373
22396 3374
22397 3375
22398 3376
22399 3377
22400 3378
22401 3379
22402 3380
22403 3381
22404 3382
22405 13
22406 3383
22407 3384
22408 3385
22409 3386
22410 3387
22411 3388
22412 13
22413 3389
22414 3390
22415 3391
22416 3392
22417 3393
22418 3394
22419 3395
22420 3396
22421 3397
22422 3398
22423 3399
22424 3400
22425 3401
22426 3402
22427 3403
22428 3404
22429 3405
22430 3406
22431 3407
22432 3408
22433 3409
22434 3410
22435 3411
22436 3412
22437 3413
22438 3414
22439 3415
22440 3416
22441 3417
22442 3418
22443 3419
22444 3420
22445 3421
22446 3422
22447 3423
22448 3424
22449 3425
22450 3426
22451 3427
22452 3428
22453 3429
22454 3430
22455 3431
22456 3432
22457 3433
22458 3434
22459 3435
22460 3436
22461 3437
22462 3438
22463 3439
22464 3440
22465 3441
22466 3442
22467 3443
22468 3444
22469 3445
22470 3446
22471 3447
22472 3448
22473 3449
22474 3450
22475 3451
22476 3452
22477 3453
22478 3454
22479 3455
22480 3456
22481 3457
22482 3458
22483 3459
22484 3460
22485 3461
22486 3462
22487 3463
22488 3464
22489 3465
22490 3466
22491 3467
22492 3468
22493 3469
22494 3470
22495 3471
22496 3472
22497 3473
22498 3474
22499 3475
22500 3476
22501 3477
22502 3478
22503 3479
22504 3480
22505 3481
22506 3482
22507 3483
22508 3484
22509 3485
22510 3486
22511 3487
22512 3488
22513 3489
22514 3490
22515 3491
22516 3492
22517 3493
22518 3494
22519 13
22520 3495
22521 3496
22522 3497
22523 3498
22524 3499
22525 3500
22526 3501
22527 3502
22528 3503
22529 3504
22530 3505
22531 3506
22532 3507
22533 3508
22534 3509
22535 3510
22536 3511
22537 3512
22538 3513
22539 3514
22540 3515
22541 3516
22542 3517
22543 3518
22544 3519
22545 3520
22546 3521
22547 3522
22548 3523
22549 3524
22550 3525
22551 3526
22552 3527
22553 3528
22554 3529
22555 3530
22556 3531
22557 3532
22558 3533
22559 3534
22560 3535
22561 3536
22562 3537
22563 3538
22564 3539
22565 3540
22566 3541
22567 3542
22568 3543
22569 3544
22570 3545
22571 3546
22572 3547
22573 3548
22574 3549
22575 3550
22576 3551
22577 3552
22578 3553
22579 3554
22580 3555
22581 3556
22582 3557
22583 3558
22584 3559
22585 3560
22586 3561
22587 3562
22588 3563
22589 3564
22590 3565
22591 3566
22592 3567
22593 3568
22594 3569
22595 3570
22596 3571
22597 3572
22598 3573
22599 3574
22600 3575
22601 3576
22602 3577
22603 3578
22604 3579
22605 3580
22606 3581
22607 3582
22608 3583
22609 3584
22610 3585
22611 3586
22612 3587
22613 3588
22614 3589
22615 3590
22616 3591
22617 3592
22618 3593
22619 3594
22620 3595
22621 3596
22622 3597
22623 3598
22624 3599
22625 3600
22626 3601
22627 3602
22628 3603
22629 3604
22630 3605
22631 3606
22632 3607
22633 3608
22634 3609
22635 3610
22636 3611
22637 3612
22638 3613
22639 3614
22640 3615
22641 3616
22642 3617
22643 3618
22644 3619
22645 3620
22646 3621
22647 3622
22648 3623
22649 3624
22650 3625
22651 3626
22652 3627
22653 3628
22654 3629
22655 3630
22656 3631
22657 3632
22658 3633
22659 3634
22660 3635
22661 3636
22662 3637
22663 3638
22664 3639
22665 3640
22666 3641
22667 3642
22668 3643
22669 3644
22670 3645
22671 3646
22672 3647
22673 3648
22674 3649
22675 3650
22676 3651
22677 3652
22678 3653
22679 3654
22680 3655
22681 3656
22682 3657
22683 3658
22684 3659
22685 3660
22686 3661
22687 3662
22688 3663
22689 3664
22690 3665
22691 3666
22692 3667
22693 3668
22694 3669
22695 3670
22696 3671
22697 3672
22698 3673
22699 3674
22700 3675
22701 3676
22702 3677
22703 3678
22704 3679
22705 3680
22706 3681
22707 3682
22708 3683
22709 3684
22710 3685
22711 3686
22712 3687
22713 3688
22714 3689
22715 3690
22716 3691
22717 3692
22718 3693
22719 3694
22720 3695
22721 3696
22722 3697
22723 3698
22724 3699
22725 3700
22726 3701
22727 3702
22728 3703
22729 3704
22730 3705
22731 3706
22732 3707
22733 3708
22734 3709
22735 3710
22736 3711
22737 3712
22738 3713
22739 3714
22740 3715
22741 3716
22742 3717
22743 3718
22744 3719
22745 3720
22746 3721
22747 3722
22748 3723
22749 3724
22750 3725
22751 3726
22752 3727
22753 3728
22754 3729
22755 3730
22756 3731
22757 3732
22758 3733
22759 3734
22760 3735
22761 3736
22762 3737
22763 3738
22764 3739
22765 3740
22766 3741
22767 3742
22768 3743
22769 3744
22770 3745
22771 3746
22772 3747
22773 3748
22774 3749
22775 3750
22776 3751
22777 3752
22778 3753
22779 3754
22780 3755
22781 3756
22782 3757
22783 3758
22784 3759
22785 3760
22786 3761
22787 3762
22788 3763
22789 3764
22790 3765
22791 3766
22792 3767
22793 3768
22794 3769
22795 3770
22796 3771
22797 3772
22798 3773
22799 3774
22800 3775
22801 3776
22802 3777
22803 3778
22804 3779
22805 3780
22806 3781
22807 3782
22808 3783
22809 3784
22810 3785
22811 3786
22812 3787
22813 3788
22814 3789
22815 3790
22816 3791
22817 3792
22818 3793
22819 3794
22820 3795
22821 3796
22822 3797
22823 3798
22824 3799
22825 3800
22826 3801
22827 3802
22828 3803
22829 3804
22830 3805
22831 3806
22832 3807
22833 3808
22834 3809
22835 3810
22836 3811
22837 3812
22838 3813
22839 3814
22840 3815
22841 3816
22842 3817
22843 3818
22844 3819
22845 3820
22846 3821
22847 3822
22848 3823
22849 3824
22850 3825
22851 3826
22852 3827
22853 3828
22854 3829
22855 3830
22856 3831
22857 3832
22858 3833
22859 3834
22860 3835
22861 3836
22862 3837
22863 3838
22864 3839
22865 3840
22866 3841
22867 3842
22868 3843
22869 3844
22870 3845
22871 3846
22872 3847
22873 3848
22874 3849
22875 3850
22876 3851
22877 3852
22878 3853
22879 3854
22880 3855
22881 3856
22882 3857
22883 3858
22884 3859
22885 3860
22886 3861
22887 3862
22888 3863
22889 3864
22890 3865
22891 3866
22892 3867
22893 3868
22894 3869
22895 3870
22896 3871
22897 3872
22898 3873
22899 3874
22900 3875
22901 3876
22902 3877
22903 3878
22904 3879
22905 3880
22906 3881
22907 3882
22908 3883
22909 3884
22910 3885
22911 3886
22912 3887
22913 3888
22914 3889
22915 3890
22916 3891
22917 3892
22918 3893
22919 3894
22920 3895
22921 3896
22922 3897
22923 3898
22924 3899
22925 3900
22926 3901
22927 3902
22928 3903
22929 3904
22930 3905
22931 3906
22932 3907
22933 3908
22934 3909
22935 3910
22936 3911
22937 3912
22938 3913
22939 3914
22940 3915
22941 3916
22942 3917
22943 3918
22944 3919
22945 3920
22946 3921
22947 3922
22948 3923
22949 3924
22950 3925
22951 3926
22952 3927
22953 3928
22954 3929
22955 3930
22956 3931
22957 3932
22958 3933
22959 3934
22960 3935
22961 3936
22962 3937
22963 3938
22964 3939
22965 3940
22966 3941
22967 3942
22968 3943
22969 3944
22970 3945
22971 3946
22972 3947
22973 3948
22974 3949
22975 3950
22976 3951
22977 3952
22978 3953
22979 3954
22980 3955
22981 3956
22982 3957
22983 3958
22984 3959
22985 3960
22986 3961
22987 3962
22988 3963
22989 3964
22990 3965
22991 3966
22992 3967
22993 3968
22994 3969
22995 3970
22996 3971
22997 3972
22998 3973
22999 3974
23000 3975
23001 3976
23002 3977
23003 3978
23004 3979
23005 3980
23006 3981
23007 3982
23008 3983
23009 3984
23010 3985
23011 3986
23012 3987
23013 3988
23014 3989
23015 3990
23016 3991
23017 3992
23018 3993
23019 3994
23020 3995
23021 3996
23022 3997
23023 3998
23024 3999
23025 4000
23026 4001
23027 4002
23028 4003
23029 4004
23030 4005
23031 4006
23032 4007
23033 4008
23034 4009
23035 4010
23036 4011
23037 4012
23038 4013
23039 4014
23040 4015
23041 4016
23042 4017
23043 4018
23044 13
23045 4019
23046 4020
23047 4021
23048 4022
23049 4023
23050 4024
23051 4025
23052 4026
23053 4027
23054 4028
23055 4029
23056 4030
23057 4031
23058 4032
23059 4033
23060 4034
23061 4035
23062 4036
23063 4037
23064 4038
23065 4039
23066 4040
23067 4041
23068 4042
23069 4043
23070 4044
23071 4045
23072 4046
23073 4047
23074 4048
23075 4049
23076 4050
23077 4051
23078 4052
23079 4053
23080 4054
23081 4055
23082 4056
23083 4057
23084 4058
23085 4059
23086 4060
23087 4061
23088 4062
23089 4063
23090 4064
23091 4065
23092 4066
23093 4067
23094 4068
23095 4069
23096 4070
23097 4071
23098 4072
23099 4073
23100 4074
23101 4075
23102 4076
23103 4077
23104 4078
23105 4079
23106 4080
23107 4081
23108 4082
23109 4083
23110 4084
23111 4085
23112 4086
23113 4087
23114 4088
23115 4089
23116 4090
23117 4091
23118 4092
23119 4093
23120 4094
23121 4095
23122 4096
23123 4097
23124 4098
23125 4099
23126 4100
23127 4101
23128 4102
23129 4103
23130 4104
23131 4105
23132 4106
23133 4107
23134 4108
23135 4109
23136 4110
23137 4111
23138 4112
23139 4113
23140 4114
23141 4115
23142 4116
23143 4117
23144 4118
23145 4119
23146 4120
23147 4121
23148 4122
23149 4123
23150 4124
23151 4125
23152 4126
23153 4127
23154 4128
23155 4129
23156 4130
23157 4131
23158 4132
23159 4133
23160 4134
23161 4135
23162 4136
23163 4137
23164 4138
23165 4139
23166 4140
23167 4141
23168 4142
23169 4143
23170 4144
23171 4145
23172 4146
23173 4147
23174 4148
23175 4149
23176 4150
23177 4151
23178 4152
23179 4153
23180 4154
23181 4155
23182 4156
23183 4157
23184 4158
23185 4159
23186 4160
23187 4161
23188 4162
23189 4163
23190 4164
23191 4165
23192 4166
23193 4167
23194 4168
23195 4169
23196 4170
23197 4171
23198 4172
23199 4173
23200 4174
23201 4175
23202 4176
23203 4177
23204 4178
23205 4179
23206 4180
23207 4181
23208 4182
23209 4183
23210 4184
23211 4185
23212 4186
23213 4187
23214 4188
23215 4189
23216 4190
23217 4191
23218 4192
23219 4193
23220 4194
23221 4195
23222 4196
23223 4197
23224 4198
23225 4199
23226 4200
23227 4201
23228 4202
23229 4203
23230 4204
23231 4205
23232 4206
23233 4207
23234 4208
23235 4209
23236 4210
23237 4211
23238 4212
23239 4213
23240 4214
23241 4215
23242 4216
23243 4217
23244 4218
23245 4219
23246 4220
23247 4221
23248 4222
23249 4223
23250 4224
23251 4225
23252 4226
23253 4227
23254 4228
23255 4229
23256 4230
23257 4231
23258 4232
23259 4233
23260 4234
23261 4235
23262 4236
23263 4237
23264 4238
23265 4239
23266 4240
23267 4241
23268 4242
23269 4243
23270 4244
23271 4245
23272 4246
23273 4247
23274 4248
23275 4249
23276 4250
23277 4251
23278 4252
23279 4253
23280 4254
23281 4255
23282 4256
23283 4257
23284 4258
23285 4259
23286 4260
23287 4261
23288 4262
23289 4263
23290 4264
23291 4265
23292 4266
23293 4267
23294 4268
23295 4269
23296 4270
23297 4271
23298 4272
23299 4273
23300 4274
23301 4275
23302 4276
23303 4277
23304 4278
23305 4279
23306 4280
23307 4281
23308 4282
23309 4283
23310 4284
23311 4285
23312 4286
23313 4287
23314 4288
23315 4289
23316 4290
23317 4291
23318 4292
23319 4293
23320 4294
23321 4295
23322 4296
23323 4297
23324 4298
23325 4299
23326 4300
23327 4301
23328 4302
23329 4303
23330 4304
23331 4305
23332 4306
23333 4307
23334 4308
23335 4309
23336 4310
23337 4311
23338 4312
23339 4313
23340 4314
23341 4315
23342 4316
23343 4317
23344 4318
23345 4319
23346 4320
23347 4321
23348 4322
23349 4323
23350 4324
23351 4325
23352 4326
23353 4327
23354 4328
23355 4329
23356 4330
23357 4331
23358 4332
23359 4333
23360 4334
23361 4335
23362 4336
23363 4337
23364 4338
23365 4339
23366 4340
23367 4341
23368 4342
23369 4343
23370 4344
23371 4345
23372 4346
23373 4347
23374 4348
23375 4349
23376 4350
23377 4351
23378 4352
23379 4353
23380 4354
23381 4355
23382 4356
23383 4357
23384 4358
23385 4359
23386 4360
23387 4361
23388 4362
23389 4363
23390 4364
23391 4365
23392 4366
23393 4367
23394 4368
23395 4369
23396 4370
23397 4371
23398 4372
23399 4373
23400 4374
23401 4375
23402 4376
23403 4377
23404 4378
23405 4379
23406 4380
23407 4381
23408 4382
23409 4383
23410 4384
23411 4385
23412 4386
23413 4387
23414 4388
23415 4389
23416 4390
23417 4391
23418 4392
23419 4393
23420 4394
23421 4395
23422 4396
23423 4397
23424 4398
23425 4399
23426 4400
23427 4401
23428 4402
23429 4403
23430 4404
23431 4405
23432 4406
23433 4407
23434 4408
23435 13
23436 4409
23437 4410
23438 4411
23439 4412
23440 4413
23441 4414
23442 4415
23443 4416
23444 4417
23445 4418
23446 4419
23447 4420
23448 4421
23449 4422
23450 4423
23451 4424
23452 4425
23453 4426
23454 4427
23455 4428
23456 4429
23457 4430
23458 4431
23459 4432
23460 4433
23461 4434
23462 4435
23463 4436
23464 4437
23465 4438
23466 4439
23467 4440
23468 4441
23469 4442
23470 4443
23471 4444
23472 4445
23473 4446
23474 4447
23475 4448
23476 4449
23477 4450
23478 4451
23479 4452
23480 4453
23481 4454
23482 4455
23483 4456
23484 4457
23485 4458
23486 4459
23487 4460
23488 4461
23489 4462
23490 4463
23491 4464
23492 4465
23493 4466
23494 4467
23495 4468
23496 4469
23497 4470
23498 4471
23499 4472
23500 4473
23501 4474
23502 4475
23503 4476
23504 4477
23505 4478
23506 4479
23507 4480
23508 4481
23509 4482
23510 4483
23511 4484
23512 4485
23513 4486
23514 4487
23515 4488
23516 4489
23517 4490
23518 4491
23519 4492
23520 4493
23521 4494
23522 4495
23523 4496
23524 4497
23525 4498
23526 4499
23527 4500
23528 4501
23529 4502
23530 4503
23531 4504
23532 4505
23533 4506
23534 4507
23535 4508
23536 4509
23537 4510
23538 4511
23539 4512
23540 4513
23541 4514
23542 4515
23543 4516
23544 4517
23545 4518
23546 4519
23547 4520
23548 4521
23549 4522
23550 4523
23551 4524
23552 4525
23553 4526
23554 4527
23555 4528
23556 4529
23557 4530
23558 4531
23559 4532
23560 4533
23561 4534
23562 4535
23563 4536
23564 4537
23565 4538
23566 4539
23567 4540
23568 4541
23569 4542
23570 4543
23571 4544
23572 4545
23573 4546
23574 4547
23575 4548
23576 4549
23577 4550
23578 4551
23579 4552
23580 4553
23581 4554
23582 4555
23583 4556
23584 4557
23585 4558
23586 4559
23587 4560
23588 4561
23589 4562
23590 4563
23591 4564
23592 4565
23593 4566
23594 4567
23595 4568
23596 4569
23597 4570
23598 4571
23599 4572
23600 4573
23601 4574
23602 4575
23603 4576
23604 4577
23605 4578
23606 4579
23607 4580
23608 4581
23609 4582
23610 4583
23611 4584
23612 4585
23613 4586
23614 4587
23615 4588
23616 4589
23617 4590
23618 4591
23619 4592
23620 4593
23621 4594
23622 4595
23623 4596
23624 4597
23625 4598
23626 4599
23627 4600
23628 4601
23629 4602
23630 4603
23631 4604
23632 4605
23633 4606
23634 4607
23635 4608
23636 4609
23637 4610
23638 4611
23639 4612
23640 4613
23641 4614
23642 4615
23643 4616
23644 4617
23645 4618
23646 4619
23647 4620
23648 4621
23649 4622
23650 4623
23651 4624
23652 4625
23653 4626
23654 4627
23655 4628
23656 4629
23657 13
23658 4630
23659 4631
23660 4632
23661 4633
23662 4634
23663 4635
23664 4636
23665 4637
23666 4638
23667 4639
23668 4640
23669 4641
23670 4642
23671 4643
23672 4644
23673 4645
23674 4646
23675 4647
23676 4648
23677 4649
23678 4650
23679 4651
23680 4652
23681 4653
23682 4654
23683 4655
23684 4656
23685 4657
23686 4658
23687 4659
23688 4660
23689 4661
23690 4662
23691 4663
23692 4664
23693 4665
23694 4666
23695 4667
23696 4668
23697 4669
23698 4670
23699 4671
23700 4672
23701 4673
23702 4674
23703 4675
23704 4676
23705 4677
23706 4678
23707 4679
23708 4680
23709 4681
23710 4682
23711 4683
23712 4684
23713 4685
23714 4686
23715 4687
23716 4688
23717 4689
23718 4690
23719 4691
23720 4692
23721 4693
23722 4694
23723 4695
23724 4696
23725 4697
23726 4698
23727 4699
23728 4700
23729 4701
23730 4702
23731 4703
23732 4704
23733 4705
23734 4706
23735 4707
23736 4708
23737 4709
23738 4710
23739 4711
23740 4712
23741 4713
23742 4714
23743 4715
23744 4716
23745 4717
23746 4718
23747 4719
23748 4720
23749 4721
23750 4722
23751 4723
23752 4724
23753 4725
23754 4726
23755 4727
23756 4728
23757 4729
23758 4730
23759 4731
23760 4732
23761 4733
23762 4734
23763 4735
23764 4736
23765 4737
23766 4738
23767 4739
23768 4740
23769 4741
23770 4742
23771 4743
23772 4744
23773 4745
23774 4746
23775 4747
23776 4748
23777 4749
23778 4750
23779 4751
23780 4752
23781 4753
23782 4754
23783 4755
23784 4756
23785 4757
23786 4758
23787 4759
23788 4760
23789 4761
23790 4762
23791 4763
23792 4764
23793 4765
23794 4766
23795 4767
23796 4768
23797 4769
23798 4770
23799 4771
23800 4772
23801 4773
23802 4774
23803 4775
23804 4776
23805 4777
23806 4778
23807 4779
23808 4780
23809 4781
23810 4782
23811 4783
23812 4784
23813 4785
23814 4786
23815 4787
23816 4788
23817 4789
23818 4790
23819 4791
23820 4792
23821 4793
23822 4794
23823 4795
23824 4796
23825 4797
23826 4798
23827 4799
23828 4800
23829 4801
23830 4802
23831 4803
23832 4804
23833 4805
23834 4806
23835 4807
23836 4808
23837 4809
23838 4810
23839 4811
23840 4812
23841 4813
23842 4814
23843 4815
23844 4816
23845 4817
23846 4818
23847 4819
23848 4820
23849 4821
23850 4822
23851 4823
23852 4824
23853 4825
23854 4826
23855 4827
23856 4828
23857 4829
23858 4830
23859 4831
23860 4832
23861 4833
23862 4834
23863 4835
23864 4836
23865 4837
23866 4838
23867 4839
23868 4840
23869 4841
23870 4842
23871 4843
23872 4844
23873 4845
23874 4846
23875 4847
23876 4848
23877 4849
23878 4850
23879 4851
23880 4852
23881 4853
23882 4854
23883 4855
23884 4856
23885 4857
23886 4858
23887 4859
23888 4860
23889 4861
23890 4862
23891 4863
23892 4864
23893 4865
23894 4866
23895 4867
23896 4868
23897 4869
23898 4870
23899 4871
23900 4872
23901 4873
23902 4874
23903 4875
23904 4876
23905 4877
23906 4878
23907 4879
23908 4880
23909 4881
23910 4882
23911 4883
23912 4884
23913 4885
23914 4886
23915 4887
23916 4888
23917 4889
23918 4890
23919 4891
23920 4892
23921 4893
23922 4894
23923 4895
23924 4896
23925 4897
23926 4898
23927 4899
23928 4900
23929 4901
23930 4902
23931 4903
23932 4904
23933 4905
23934 4906
23935 4907
23936 4908
23937 4909
23938 4910
23939 4911
23940 4912
23941 4913
23942 4914
23943 4915
23944 4916
23945 4917
23946 4918
23947 4919
23948 4920
23949 4921
23950 4922
23951 4923
23952 4924
23953 4925
23954 4926
23955 4927
23956 4928
23957 4929
23958 4930
23959 4931
23960 4932
23961 4933
23962 4934
23963 4935
23964 4936
23965 4937
23966 4938
23967 4939
23968 4940
23969 4941
23970 4942
23971 4943
23972 4944
23973 4945
23974 4946
23975 4947
23976 4948
23977 4949
23978 4950
23979 4951
23980 4952
23981 4953
23982 4954
23983 4955
23984 4956
23985 4957
23986 4958
23987 4959
23988 4960
23989 4961
23990 4962
23991 4963
23992 4964
23993 4965
23994 4966
23995 4967
23996 4968
23997 4969
23998 4970
23999 4971
24000 4972
24001 4973
24002 4974
24003 4975
24004 4976
24005 4977
24006 4978
24007 4979
24008 4980
24009 4981
24010 4982
24011 4983
24012 4984
24013 4985
24014 4986
24015 4987
24016 4988
24017 4989
24018 4990
24019 4991
24020 4992
24021 4993
24022 4994
24023 4995
24024 4996
24025 4997
24026 4998
24027 4999
24028 5000
24029 5001
24030 5002
24031 5003
24032 5004
24033 5005
24034 5006
24035 5007
24036 5008
24037 5009
24038 5010
24039 5011
24040 5012
24041 5013
24042 5014
24043 5015
24044 5016
24045 5017
24046 5018
24047 5019
24048 5020
24049 5021
24050 5022
24051 5023
24052 5024
24053 5025
24054 5026
24055 5027
24056 5028
24057 5029
24058 5030
24059 5031
24060 5032
24061 5033
24062 5034
24063 5035
24064 5036
24065 5037
24066 5038
24067 5039
24068 5040
24069 5041
24070 5042
24071 5043
24072 5044
24073 5045
24074 5046
24075 5047
24076 5048
24077 5049
24078 5050
24079 5051
24080 5052
24081 5053
24082 5054
24083 5055
24084 5056
24085 5057
24086 5058
24087 5059
24088 5060
24089 5061
24090 5062
24091 5063
24092 5064
24093 5065
24094 5066
24095 5067
24096 5068
24097 5069
24098 5070
24099 5071
24100 5072
24101 5073
24102 5074
24103 5075
24104 5076
24105 5077
24106 5078
24107 5079
24108 5080
24109 5081
24110 5082
24111 5083
24112 5084
24113 5085
24114 5086
24115 5087
24116 5088
24117 5089
24118 5090
24119 5091
24120 5092
24121 5093
24122 5094
24123 5095
24124 5096
24125 5097
24126 5098
24127 5099
24128 5100
24129 5101
24130 5102
24131 5103
24132 5104
24133 5105
24134 5106
24135 5107
24136 5108
24137 5109
24138 5110
24139 5111
24140 5112
24141 5113
24142 5114
24143 5115
24144 5116
24145 5117
24146 5118
24147 5119
24148 5120
24149 5121
24150 5122
24151 5123
24152 5124
24153 5125
24154 5126
24155 5127
24156 5128
24157 5129
24158 5130
24159 5130
24160 5131
24161 5132
24162 5133
24163 5134
24164 5135
24165 5136
24166 5137
24167 5138
24168 5139
24169 5140
24170 5141
24171 5142
24172 5143
24173 5144
24174 5145
24175 5146
24176 5147
24177 5148
24178 5149
24179 5150
24180 5151
24181 5152
24182 5153
24183 5154
24184 5155
24185 5156
24186 5157
24187 5158
24188 5159
24189 5160
24190 5161
24191 5162
24192 5163
24193 5164
24194 5165
24195 5166
24196 5167
24197 5168
24198 5169
24199 5170
24200 5171
24201 5172
24202 5173
24203 5174
24204 5175
24205 5176
24206 5177
24207 5178
24208 5179
24209 5180
24210 5181
24211 5182
24212 5183
24213 5184
24214 5185
24215 5186
24216 5025
24217 5026
24218 5027
24219 5028
24220 5029
24221 5030
24222 5031
24223 5032
24224 5033
24225 5034
24226 5035
24227 5036
24228 5037
24229 5038
24230 5039
24231 5040
24232 5041
24233 5042
24234 5043
24235 5044
24236 5045
24237 5046
24238 5047
24239 5048
24240 5049
24241 5050
24242 5051
24243 5052
24244 5053
24245 5054
24246 5055
24247 5056
24248 5057
24249 5058
24250 5059
24251 5060
24252 5061
24253 5062
24254 5063
24255 5064
24256 5065
24257 5066
24258 5067
24259 5068
24260 5069
24261 5070
24262 5071
24263 5072
24264 5073
24265 5074
24266 5075
24267 5076
24268 5077
24269 5078
24270 5079
24271 5080
24272 5081
24273 5082
24274 5083
24275 5084
24276 5085
24277 5086
24278 5087
24279 5088
24280 5089
24281 5090
24282 5091
24283 5092
24284 5093
24285 5094
24286 5095
24287 5096
24288 5097
24289 5098
24290 5099
24291 5100
24292 5101
24293 5102
24294 5103
24295 5104
24296 5105
24297 5106
24298 5107
24299 5108
24300 5109
24301 5110
24302 5111
24303 5112
24304 5113
24305 5114
24306 5115
24307 5116
24308 5117
24309 5118
24310 5119
24311 5120
24312 5121
24313 5122
24314 5123
24315 5124
24316 5125
24317 5126
24318 5127
24319 5128
24320 5129
24321 5130
24322 5130
24323 5131
24324 5132
24325 5133
24326 5134
24327 5135
24328 5136
24329 5137
24330 5138
24331 5139
24332 5140
24333 5141
24334 5142
24335 5143
24336 5144
24337 5145
24338 5146
24339 5147
24340 5148
24341 5149
24342 5150
24343 5151
24344 5152
24345 5153
24346 5154
24347 5155
24348 5156
24349 5157
24350 5158
24351 5159
24352 5160
24353 5161
24354 5162
24355 5163
24356 5164
24357 5165
24358 5166
24359 5167
24360 5168
24361 5169
24362 5170
24363 5171
24364 5172
24365 5173
24366 5174
24367 5175
24368 5176
24369 5177
24370 5178
24371 5179
24372 5180
24373 5181
24374 5182
24375 5183
24376 5184
24377 5185
24378 5186
24379 5187
24380 5026
24381 5027
24382 5028
24383 5029
24384 5030
24385 5031
24386 5032
24387 5033
24388 5034
24389 5035
24390 5036
24391 5037
24392 5038
24393 5039
24394 5040
24395 5041
24396 5042
24397 5043
24398 5044
24399 5045
24400 5046
24401 5047
24402 5048
24403 5049
24404 5050
24405 5051
24406 5052
24407 5053
24408 5054
24409 5055
24410 5056
24411 5057
24412 5058
24413 5059
24414 5060
24415 5061
24416 5062
24417 5063
24418 5064
24419 5065
24420 5066
24421 5067
24422 5068
24423 5069
24424 5070
24425 5071
24426 5072
24427 5073
24428 5074
24429 5075
24430 5076
24431 5077
24432 5078
24433 5079
24434 5080
24435 5081
24436 5082
24437 5083
24438 5084
24439 5085
24440 5086
24441 5087
24442 5088
24443 5089
24444 5090
24445 5091
24446 5092
24447 5093
24448 5094
24449 5095
24450 5096
24451 5097
24452 5098
24453 5099
24454 5100
24455 5101
24456 5102
24457 5103
24458 5104
24459 5105
24460 5106
24461 5107
24462 5108
24463 5109
24464 5110
24465 5111
24466 5112
24467 5113
24468 5114
24469 5115
24470 5116
24471 5117
24472 5118
24473 5119
24474 5120
24475 5121
24476 5122
24477 5123
24478 5124
24479 5125
24480 5126
24481 5127
24482 5128
24483 5129
24484 5130
24485 5130
24486 5131
24487 5132
24488 5133
24489 5134
24490 5135
24491 5136
24492 5137
24493 5138
24494 5139
24495 5140
24496 5141
24497 5142
24498 5143
24499 5144
24500 5145
24501 5146
24502 5147
24503 5148
24504 5149
24505 5150
24506 5151
24507 5152
24508 5153
24509 5154
24510 5155
24511 5156
24512 5157
24513 5158
24514 5159
24515 5160
24516 5161
24517 5162
24518 5163
24519 5164
24520 5165
24521 5166
24522 5167
24523 5168
24524 5169
24525 5170
24526 5171
24527 5172
24528 5173
24529 5174
24530 5175
24531 5176
24532 5177
24533 5178
24534 5179
24535 5180
24536 5181
24537 5182
24538 5183
24539 5184
24540 5185
24541 5186
24542 5187
24543 5188
24544 5027
24545 5028
24546 5029
24547 5030
24548 5031
24549 5032
24550 5033
24551 5034
24552 5035
24553 5036
24554 5037
24555 5038
24556 5039
24557 5040
24558 5041
24559 5042
24560 5043
24561 5044
24562 5045
24563 5046
24564 5047
24565 5048
24566 5049
24567 5050
24568 5051
24569 5052
24570 5053
24571 5054
24572 5055
24573 5056
24574 5057
24575 5058
24576 5059
24577 5060
24578 5061
24579 5062
24580 5063
24581 5064
24582 5065
24583 5066
24584 5067
24585 5068
24586 5069
24587 5070
24588 5071
24589 5072
24590 5073
24591 5074
24592 5075
24593 5076
24594 5077
24595 5078
24596 5079
24597 5080
24598 5081
24599 5082
24600 5083
24601 5084
24602 5085
24603 5086
24604 5087
24605 5088
24606 5089
24607 5090
24608 5091
24609 5092
24610 5093
24611 5094
24612 5095
24613 5096
24614 5097
24615 5098
24616 5099
24617 5100
24618 5101
24619 5102
24620 5103
24621 5104
24622 5105
24623 5106
24624 5107
24625 5108
24626 5109
24627 5110
24628 5111
24629 5112
24630 5113
24631 5114
24632 5115
24633 5116
24634 5117
24635 5118
24636 5119
24637 5120
24638 5121
24639 5122
24640 5123
24641 5124
24642 5125
24643 5126
24644 5127
24645 5128
24646 5129
24647 5130
24648 5130
24649 5131
24650 5132
24651 5133
24652 5134
24653 5135
24654 5136
24655 5137
24656 5138
24657 5139
24658 5140
24659 5141
24660 5142
24661 5143
24662 5144
24663 5145
24664 5146
24665 5147
24666 5148
24667 5149
24668 5150
24669 5151
24670 5152
24671 5153
24672 5154
24673 5155
24674 5156
24675 5157
24676 5158
24677 5159
24678 5160
24679 5161
24680 5162
24681 5163
24682 5164
24683 5165
24684 5166
24685 5167
24686 5168
24687 5169
24688 5170
24689 5171
24690 5172
24691 5173
24692 5174
24693 5175
24694 5176
24695 5177
24696 5178
24697 5179
24698 5180
24699 5181
24700 5182
24701 5183
24702 5184
24703 5185
24704 5186
24705 5187
24706 5188
24707 5189
24708 5028
24709 5029
24710 5030
24711 5031
24712 5032
24713 5033
24714 5034
24715 5035
24716 5036
24717 5037
24718 5038
24719 5039
24720 5040
24721 5041
24722 5042
24723 5043
24724 5044
24725 5045
24726 5046
24727 41
24728 41
24729 41
24730 41
24731 41
24732 41
24733 41
24734 42
24735 42
24736 42
24737 42
24738 42
24739 42
24740 42
24741 42
24742 42
24743 42
24744 42
24745 42
24746 42
24747 42
24748 42
24749 42
24750 42
24751 42
24752 42
24753 42
24754 42
24755 42
24756 42
24757 42
24758 42
