5222
0 253
1 253
2 253
3 253
4 253
5 253
6 253
7 253
8 253
9 253
10 253
11 253
12 253
13 253
14 300
15 253
16 253
17 253
18 253
19 253
20 253
21 253
22 253
23 253
24 300
25 253
26 253
27 253
28 253
29 253
30 253
31 253
32 253
33 253
34 253
35 253
36 253
37 253
38 253
39 253
40 253
41 253
42 253
43 253
44 253
45 253
46 253
47 300
48 253
49 253
50 253
51 253
52 253
53 253
54 253
55 253
56 253
57 253
58 253
59 253
60 253
61 253
62 253
63 253
64 300
65 253
66 253
67 253
68 253
69 253
70 253
71 253
72 253
73 253
74 300
75 253
76 253
77 300
78 253
79 253
80 253
81 300
82 253
83 253
84 253
85 300
86 253
87 253
88 300
89 253
90 253
91 253
92 253
93 253
94 253
95 253
96 253
97 253
98 300
99 253
100 253
101 253
102 253
103 253
104 253
105 253
106 253
107 253
108 253
109 253
110 253
111 253
112 253
113 253
114 253
115 253
116 253
117 253
118 253
119 253
120 253
121 300
122 253
123 253
124 253
125 253
126 253
127 253
128 253
129 253
130 253
131 253
132 253
133 253
134 253
135 253
136 253
137 253
138 300
139 253
140 253
141 253
142 253
143 253
144 253
145 253
146 253
147 253
148 253
149 253
150 253
151 253
152 253
153 253
154 253
155 253
156 253
157 253
158 253
159 300
160 253
161 253
162 253
163 253
164 253
165 253
166 253
167 253
168 300
169 300
170 300
171 253
172 253
173 253
174 300
175 253
176 300
177 253
178 253
179 253
180 253
181 253
182 253
183 253
184 253
185 253
186 253
187 253
188 253
189 253
190 253
191 253
192 300
193 253
194 253
195 253
196 253
197 300
198 253
199 253
200 253
201 253
202 253
203 253
204 253
205 253
206 253
207 253
208 253
209 253
210 253
211 253
212 253
213 253
214 253
215 253
216 253
217 253
218 253
219 253
220 253
221 253
222 253
223 300
224 253
225 253
226 253
227 253
228 253
229 253
230 253
231 253
232 253
233 253
234 253
235 253
236 253
237 253
238 253
239 300
240 253
241 253
242 253
243 253
244 253
245 253
246 253
247 300
248 253
249 253
250 253
251 253
252 253
253 253
254 253
255 253
256 253
257 253
258 253
259 253
260 253
261 300
262 253
263 253
264 253
265 253
266 253
267 253
268 253
269 253
270 253
271 253
272 253
273 253
274 253
275 300
276 300
277 253
278 300
279 253
280 253
281 253
282 253
283 253
284 253
285 253
286 253
287 253
288 253
289 253
290 253
291 253
292 253
293 253
294 253
295 253
296 253
297 253
298 253
299 253
300 300
301 300
302 253
303 253
304 300
305 253
306 253
307 253
308 253
309 253
310 253
311 253
312 253
313 253
314 253
315 253
316 253
317 253
318 253
319 253
320 300
321 253
322 253
323 253
324 253
325 253
326 253
327 253
328 253
329 253
330 253
331 253
332 253
333 253
334 300
335 253
336 253
337 253
338 300
339 300
340 253
341 300
342 253
343 253
344 300
345 253
346 253
347 253
348 253
349 253
350 253
351 253
352 253
353 253
354 253
355 253
356 253
357 253
358 253
359 253
360 253
361 253
362 300
363 253
364 253
365 253
366 300
367 253
368 253
369 253
370 253
371 253
372 253
373 253
374 253
375 300
376 300
377 300
378 300
379 300
380 300
381 253
382 253
383 253
384 253
385 253
386 253
387 253
388 300
389 253
390 300
391 253
392 253
393 253
394 253
395 253
396 253
397 253
398 253
399 253
400 253
401 253
402 253
403 253
404 253
405 253
406 253
407 253
408 253
409 253
410 253
411 300
412 253
413 253
414 253
415 253
416 300
417 253
418 253
419 253
420 253
421 253
422 253
423 300
424 253
425 300
426 253
427 253
428 253
429 253
430 253
431 253
432 253
433 253
434 253
435 253
436 253
437 253
438 253
439 253
440 253
441 253
442 253
443 300
444 300
445 300
446 253
447 253
448 300
449 253
450 253
451 253
452 253
453 253
454 253
455 253
456 253
457 253
458 253
459 300
460 253
461 253
462 253
463 253
464 253
465 253
466 253
467 253
468 300
469 300
470 253
471 253
472 253
473 300
474 300
475 253
476 300
477 253
478 253
479 253
480 253
481 300
482 253
483 253
484 253
485 300
486 300
487 253
488 253
489 300
490 300
491 300
492 253
493 253
494 253
495 253
496 253
497 253
498 253
499 253
500 300
501 253
502 253
503 253
504 253
505 253
506 253
507 253
508 253
509 253
510 300
511 253
512 253
513 253
514 253
515 300
516 300
517 253
518 300
519 253
520 300
521 253
522 253
523 253
524 300
525 300
526 253
527 253
528 300
529 253
530 300
531 253
532 253
533 253
534 253
535 253
536 253
537 253
538 253
539 253
540 253
541 253
542 253
543 253
544 253
545 253
546 253
547 253
548 300
549 253
550 253
551 253
552 253
553 253
554 253
555 253
556 253
557 253
558 253
559 253
560 300
561 253
562 300
563 253
564 300
565 300
566 253
567 253
568 253
569 253
570 253
571 300
572 253
573 253
574 300
575 300
576 253
577 253
578 253
579 253
580 253
581 253
582 253
583 300
584 253
585 253
586 253
587 253
588 253
589 253
590 253
591 253
592 253
593 253
594 253
595 300
596 253
597 253
598 300
599 300
600 253
601 300
602 253
603 253
604 253
605 253
606 253
607 253
608 253
609 253
610 253
611 253
612 253
613 253
614 300
615 300
616 253
617 253
618 253
619 253
620 253
621 300
622 253
623 253
624 253
625 253
626 253
627 253
628 300
629 253
630 253
631 253
632 253
633 253
634 300
635 253
636 300
637 253
638 300
639 253
640 300
641 300
642 253
643 253
644 253
645 253
646 253
647 300
648 253
649 253
650 300
651 253
652 253
653 300
654 300
655 300
656 253
657 300
658 300
659 253
660 253
661 253
662 300
663 253
664 253
665 253
666 253
667 253
668 253
669 253
670 253
671 253
672 253
673 253
674 253
675 253
676 253
677 253
678 253
679 253
680 253
681 253
682 253
683 300
684 253
685 253
686 253
687 253
688 253
689 253
690 253
691 300
692 253
693 253
694 253
695 253
696 253
697 253
698 253
699 253
700 253
701 253
702 253
703 300
704 253
705 253
706 253
707 300
708 253
709 253
710 253
711 253
712 253
713 253
714 253
715 253
716 300
717 253
718 253
719 253
720 253
721 253
722 253
723 253
724 253
725 253
726 253
727 253
728 253
729 300
730 300
731 253
732 253
733 253
734 253
735 253
736 253
737 253
738 300
739 253
740 253
741 253
742 253
743 253
744 253
745 253
746 300
747 300
748 253
749 300
750 253
751 300
752 253
753 253
754 253
755 253
756 253
757 253
758 253
759 253
760 253
761 253
762 253
763 253
764 253
765 253
766 253
767 253
768 300
769 300
770 300
771 253
772 253
773 253
774 253
775 253
776 300
777 253
778 253
779 253
780 253
781 253
782 253
783 253
784 253
785 253
786 253
787 253
788 253
789 253
790 253
791 253
792 253
793 253
794 253
795 253
796 253
797 300
798 300
799 253
800 253
801 253
802 253
803 300
804 253
805 253
806 253
807 253
808 253
809 300
810 253
811 300
812 300
813 253
814 253
815 253
816 253
817 253
818 253
819 253
820 253
821 253
822 253
823 253
824 253
825 253
826 253
827 253
828 253
829 253
830 253
831 300
832 253
833 253
834 253
835 253
836 253
837 253
838 253
839 253
840 300
841 253
842 253
843 253
844 253
845 253
846 253
847 300
848 253
849 300
850 253
851 253
852 300
853 300
854 253
855 300
856 253
857 253
858 253
859 253
860 253
861 253
862 300
863 300
864 0
865 300
866 253
867 253
868 253
869 253
870 300
871 253
872 253
873 253
874 253
875 253
876 253
877 253
878 253
879 300
880 300
881 253
882 253
883 300
884 253
885 253
886 253
887 253
888 253
889 300
890 253
891 253
892 300
893 253
894 253
895 253
896 253
897 253
898 253
899 253
900 253
901 253
902 253
903 253
904 253
905 253
906 253
907 253
908 253
909 253
910 300
911 300
912 253
913 253
914 253
915 253
916 300
917 253
918 300
919 253
920 253
921 253
922 253
923 253
924 253
925 253
926 253
927 253
928 253
929 253
930 253
931 253
932 300
933 253
934 253
935 253
936 253
937 253
938 253
939 253
940 253
941 253
942 253
943 253
944 253
945 253
946 253
947 253
948 253
949 253
950 300
951 253
952 253
953 253
954 253
955 253
956 253
957 253
958 253
959 253
960 300
961 300
962 253
963 253
964 253
965 300
966 253
967 253
968 253
969 253
970 253
971 253
972 253
973 253
974 253
975 253
976 300
977 253
978 300
979 300
980 300
981 300
982 253
983 253
984 300
985 253
986 253
987 300
988 253
989 253
990 253
991 253
992 253
993 253
994 253
995 253
996 300
997 253
998 253
999 253
1000 253
1001 253
1002 253
1003 253
1004 253
1005 253
1006 253
1007 253
1008 253
1009 253
1010 253
1011 253
1012 253
1013 253
1014 253
1015 253
1016 253
1017 253
1018 253
1019 253
1020 253
1021 253
1022 253
1023 253
1024 300
1025 253
1026 253
1027 253
1028 253
1029 253
1030 253
1031 253
1032 253
1033 253
1034 253
1035 253
1036 253
1037 253
1038 253
1039 300
1040 253
1041 253
1042 300
1043 300
1044 253
1045 300
1046 300
1047 253
1048 253
1049 253
1050 253
1051 253
1052 300
1053 300
1054 253
1055 253
1056 253
1057 253
1058 253
1059 253
1060 253
1061 253
1062 253
1063 253
1064 253
1065 253
1066 253
1067 253
1068 253
1069 300
1070 253
1071 253
1072 253
1073 253
1074 253
1075 300
1076 253
1077 253
1078 253
1079 253
1080 253
1081 253
1082 253
1083 300
1084 253
1085 253
1086 300
1087 253
1088 253
1089 253
1090 253
1091 253
1092 253
1093 253
1094 253
1095 253
1096 300
1097 300
1098 253
1099 253
1100 253
1101 300
1102 300
1103 253
1104 253
1105 253
1106 300
1107 300
1108 253
1109 253
1110 253
1111 253
1112 253
1113 253
1114 300
1115 253
1116 253
1117 253
1118 253
1119 253
1120 253
1121 253
1122 253
1123 253
1124 253
1125 253
1126 253
1127 300
1128 253
1129 253
1130 253
1131 253
1132 253
1133 253
1134 253
1135 253
1136 253
1137 253
1138 253
1139 253
1140 253
1141 300
1142 253
1143 253
1144 253
1145 253
1146 253
1147 253
1148 253
1149 253
1150 253
1151 300
1152 253
1153 253
1154 253
1155 253
1156 300
1157 253
1158 253
1159 253
1160 253
1161 253
1162 300
1163 253
1164 300
1165 253
1166 253
1167 253
1168 253
1169 253
1170 253
1171 253
1172 300
1173 253
1174 253
1175 253
1176 253
1177 253
1178 253
1179 300
1180 253
1181 253
1182 300
1183 253
1184 300
1185 253
1186 300
1187 253
1188 253
1189 253
1190 253
1191 253
1192 300
1193 300
1194 253
1195 253
1196 300
1197 253
1198 253
1199 300
1200 253
1201 253
1202 300
1203 253
1204 253
1205 253
1206 253
1207 253
1208 253
1209 253
1210 253
1211 300
1212 253
1213 253
1214 253
1215 253
1216 253
1217 253
1218 253
1219 253
1220 253
1221 253
1222 300
1223 253
1224 253
1225 300
1226 253
1227 253
1228 300
1229 253
1230 253
1231 300
1232 253
1233 253
1234 253
1235 253
1236 253
1237 253
1238 253
1239 300
1240 300
1241 253
1242 253
1243 253
1244 253
1245 253
1246 253
1247 253
1248 253
1249 253
1250 253
1251 253
1252 253
1253 253
1254 253
1255 253
1256 253
1257 253
1258 300
1259 253
1260 253
1261 253
1262 253
1263 253
1264 253
1265 253
1266 253
1267 253
1268 253
1269 253
1270 300
1271 300
1272 300
1273 253
1274 253
1275 253
1276 253
1277 253
1278 253
1279 253
1280 253
1281 253
1282 300
1283 253
1284 300
1285 253
1286 253
1287 300
1288 253
1289 253
1290 253
1291 253
1292 253
1293 253
1294 300
1295 253
1296 253
1297 253
1298 253
1299 253
1300 300
1301 253
1302 253
1303 253
1304 253
1305 253
1306 253
1307 253
1308 253
1309 300
1310 253
1311 253
1312 253
1313 253
1314 253
1315 300
1316 253
1317 300
1318 253
1319 253
1320 253
1321 253
1322 300
1323 253
1324 253
1325 253
1326 253
1327 253
1328 253
1329 253
1330 300
1331 253
1332 253
1333 253
1334 253
1335 300
1336 253
1337 253
1338 253
1339 253
1340 253
1341 253
1342 253
1343 300
1344 300
1345 300
1346 253
1347 253
1348 253
1349 253
1350 300
1351 253
1352 253
1353 253
1354 253
1355 300
1356 253
1357 253
1358 253
1359 253
1360 300
1361 253
1362 253
1363 300
1364 300
1365 300
1366 253
1367 253
1368 253
1369 253
1370 253
1371 253
1372 300
1373 300
1374 253
1375 253
1376 253
1377 253
1378 253
1379 253
1380 253
1381 300
1382 253
1383 253
1384 253
1385 253
1386 253
1387 253
1388 253
1389 253
1390 253
1391 253
1392 1
1393 253
1394 253
1395 300
1396 253
1397 253
1398 253
1399 253
1400 253
1401 253
1402 253
1403 253
1404 253
1405 253
1406 300
1407 253
1408 253
1409 253
1410 253
1411 253
1412 253
1413 300
1414 253
1415 253
1416 253
1417 253
1418 253
1419 253
1420 253
1421 253
1422 300
1423 253
1424 253
1425 253
1426 253
1427 253
1428 253
1429 300
1430 253
1431 300
1432 253
1433 300
1434 300
1435 300
1436 253
1437 253
1438 253
1439 253
1440 253
1441 300
1442 253
1443 253
1444 253
1445 253
1446 253
1447 253
1448 253
1449 253
1450 253
1451 253
1452 300
1453 300
1454 253
1455 253
1456 253
1457 300
1458 253
1459 253
1460 253
1461 253
1462 253
1463 300
1464 300
1465 253
1466 253
1467 253
1468 253
1469 253
1470 300
1471 253
1472 300
1473 253
1474 253
1475 300
1476 253
1477 300
1478 253
1479 300
1480 300
1481 253
1482 253
1483 253
1484 300
1485 253
1486 253
1487 253
1488 253
1489 253
1490 253
1491 253
1492 253
1493 253
1494 253
1495 253
1496 253
1497 253
1498 253
1499 253
1500 253
1501 253
1502 253
1503 253
1504 253
1505 300
1506 300
1507 253
1508 253
1509 253
1510 300
1511 253
1512 300
1513 300
1514 253
1515 300
1516 253
1517 300
1518 253
1519 253
1520 300
1521 253
1522 253
1523 253
1524 253
1525 253
1526 300
1527 300
1528 253
1529 253
1530 253
1531 253
1532 300
1533 253
1534 253
1535 253
1536 253
1537 300
1538 253
1539 253
1540 300
1541 253
1542 300
1543 253
1544 300
1545 300
1546 300
1547 253
1548 300
1549 253
1550 253
1551 253
1552 253
1553 300
1554 253
1555 253
1556 253
1557 253
1558 253
1559 253
1560 253
1561 253
1562 253
1563 253
1564 253
1565 253
1566 253
1567 253
1568 300
1569 253
1570 253
1571 253
1572 253
1573 253
1574 253
1575 253
1576 253
1577 300
1578 253
1579 253
1580 300
1581 253
1582 253
1583 253
1584 253
1585 253
1586 300
1587 300
1588 253
1589 253
1590 253
1591 253
1592 253
1593 253
1594 253
1595 253
1596 253
1597 253
1598 253
1599 300
1600 253
1601 300
1602 253
1603 253
1604 253
1605 253
1606 253
1607 253
1608 300
1609 300
1610 253
1611 253
1612 300
1613 253
1614 300
1615 300
1616 300
1617 300
1618 300
1619 300
1620 300
1621 300
1622 253
1623 300
1624 253
1625 253
1626 253
1627 253
1628 253
1629 300
1630 253
1631 253
1632 253
1633 300
1634 300
1635 253
1636 300
1637 253
1638 253
1639 300
1640 300
1641 300
1642 300
1643 253
1644 253
1645 300
1646 253
1647 300
1648 253
1649 300
1650 253
1651 253
1652 300
1653 253
1654 300
1655 253
1656 253
1657 253
1658 300
1659 300
1660 253
1661 253
1662 253
1663 253
1664 253
1665 253
1666 300
1667 300
1668 253
1669 253
1670 253
1671 253
1672 300
1673 300
1674 253
1675 253
1676 253
1677 253
1678 300
1679 253
1680 253
1681 300
1682 253
1683 300
1684 253
1685 300
1686 253
1687 253
1688 253
1689 253
1690 300
1691 253
1692 253
1693 253
1694 300
1695 253
1696 253
1697 300
1698 253
1699 300
1700 253
1701 253
1702 253
1703 253
1704 253
1705 253
1706 300
1707 300
1708 300
1709 253
1710 300
1711 253
1712 300
1713 300
1714 253
1715 253
1716 253
1717 300
1718 253
1719 300
1720 253
1721 253
1722 253
1723 300
1724 253
1725 300
1726 253
1727 300
1728 300
1729 253
1730 300
1731 300
1732 253
1733 253
1734 253
1735 253
1736 253
1737 300
1738 253
1739 253
1740 253
1741 253
1742 253
1743 253
1744 253
1745 253
1746 253
1747 253
1748 253
1749 253
1750 253
1751 253
1752 253
1753 300
1754 253
1755 253
1756 253
1757 253
1758 253
1759 300
1760 253
1761 253
1762 253
1763 253
1764 300
1765 253
1766 253
1767 253
1768 253
1769 253
1770 253
1771 300
1772 253
1773 253
1774 300
1775 253
1776 253
1777 300
1778 253
1779 253
1780 300
1781 253
1782 253
1783 253
1784 300
1785 253
1786 253
1787 300
1788 253
1789 253
1790 253
1791 253
1792 253
1793 253
1794 300
1795 253
1796 300
1797 253
1798 300
1799 300
1800 253
1801 253
1802 253
1803 300
1804 253
1805 253
1806 253
1807 253
1808 300
1809 253
1810 253
1811 300
1812 253
1813 253
1814 300
1815 253
1816 253
1817 253
1818 300
1819 253
1820 300
1821 300
1822 300
1823 253
1824 253
1825 253
1826 253
1827 253
1828 253
1829 253
1830 253
1831 300
1832 300
1833 253
1834 253
1835 253
1836 253
1837 300
1838 253
1839 253
1840 253
1841 253
1842 253
1843 253
1844 300
1845 253
1846 300
1847 253
1848 253
1849 253
1850 253
1851 253
1852 300
1853 253
1854 300
1855 300
1856 253
1857 253
1858 253
1859 300
1860 253
1861 300
1862 253
1863 300
1864 300
1865 300
1866 253
1867 253
1868 253
1869 300
1870 253
1871 253
1872 300
1873 253
1874 253
1875 300
1876 253
1877 253
1878 300
1879 253
1880 300
1881 253
1882 253
1883 253
1884 253
1885 253
1886 253
1887 253
1888 253
1889 253
1890 300
1891 253
1892 300
1893 253
1894 300
1895 300
1896 253
1897 253
1898 253
1899 253
1900 300
1901 300
1902 253
1903 253
1904 253
1905 253
1906 253
1907 300
1908 253
1909 300
1910 253
1911 253
1912 253
1913 253
1914 253
1915 300
1916 300
1917 253
1918 300
1919 253
1920 253
1921 300
1922 253
1923 253
1924 300
1925 300
1926 253
1927 300
1928 253
1929 300
1930 253
1931 300
1932 253
1933 300
1934 300
1935 300
1936 253
1937 253
1938 253
1939 253
1940 253
1941 300
1942 253
1943 300
1944 253
1945 253
1946 253
1947 253
1948 253
1949 253
1950 253
1951 253
1952 253
1953 253
1954 253
1955 253
1956 253
1957 253
1958 253
1959 253
1960 253
1961 253
1962 300
1963 253
1964 253
1965 253
1966 253
1967 253
1968 253
1969 253
1970 253
1971 253
1972 253
1973 300
1974 253
1975 253
1976 253
1977 253
1978 300
1979 253
1980 253
1981 253
1982 253
1983 253
1984 253
1985 253
1986 300
1987 253
1988 300
1989 253
1990 253
1991 253
1992 253
1993 253
1994 253
1995 300
1996 300
1997 253
1998 300
1999 253
2000 253
2001 300
2002 253
2003 253
2004 253
2005 253
2006 253
2007 300
2008 253
2009 300
2010 300
2011 253
2012 253
2013 253
2014 253
2015 253
2016 300
2017 253
2018 253
2019 300
2020 253
2021 253
2022 253
2023 253
2024 300
2025 253
2026 253
2027 253
2028 253
2029 253
2030 300
2031 253
2032 253
2033 253
2034 253
2035 300
2036 300
2037 253
2038 253
2039 253
2040 253
2041 253
2042 253
2043 253
2044 253
2045 253
2046 253
2047 300
2048 300
2049 253
2050 253
2051 253
2052 253
2053 253
2054 253
2055 300
2056 300
2057 300
2058 253
2059 253
2060 253
2061 300
2062 300
2063 300
2064 253
2065 300
2066 253
2067 253
2068 253
2069 253
2070 253
2071 253
2072 253
2073 300
2074 253
2075 253
2076 300
2077 253
2078 253
2079 300
2080 253
2081 253
2082 253
2083 253
2084 253
2085 253
2086 300
2087 253
2088 300
2089 253
2090 253
2091 253
2092 300
2093 253
2094 253
2095 253
2096 253
2097 253
2098 253
2099 253
2100 300
2101 253
2102 253
2103 253
2104 253
2105 253
2106 300
2107 253
2108 253
2109 253
2110 300
2111 253
2112 253
2113 300
2114 253
2115 253
2116 300
2117 253
2118 300
2119 253
2120 253
2121 300
2122 253
2123 300
2124 300
2125 253
2126 300
2127 300
2128 253
2129 300
2130 253
2131 253
2132 300
2133 300
2134 253
2135 253
2136 253
2137 253
2138 253
2139 253
2140 253
2141 300
2142 253
2143 253
2144 253
2145 300
2146 253
2147 253
2148 253
2149 300
2150 253
2151 253
2152 253
2153 253
2154 253
2155 253
2156 253
2157 253
2158 253
2159 300
2160 253
2161 253
2162 253
2163 253
2164 253
2165 253
2166 253
2167 253
2168 253
2169 253
2170 300
2171 253
2172 253
2173 300
2174 253
2175 300
2176 253
2177 253
2178 253
2179 253
2180 253
2181 253
2182 253
2183 253
2184 253
2185 300
2186 253
2187 253
2188 253
2189 253
2190 300
2191 300
2192 253
2193 300
2194 253
2195 300
2196 253
2197 253
2198 253
2199 300
2200 253
2201 300
2202 300
2203 300
2204 253
2205 253
2206 253
2207 253
2208 253
2209 300
2210 253
2211 253
2212 253
2213 253
2214 253
2215 253
2216 253
2217 253
2218 253
2219 253
2220 253
2221 300
2222 300
2223 253
2224 253
2225 253
2226 300
2227 300
2228 253
2229 253
2230 253
2231 253
2232 300
2233 253
2234 253
2235 253
2236 300
2237 300
2238 253
2239 253
2240 253
2241 300
2242 253
2243 253
2244 253
2245 253
2246 253
2247 253
2248 253
2249 300
2250 253
2251 253
2252 253
2253 253
2254 253
2255 253
2256 300
2257 253
2258 253
2259 253
2260 300
2261 253
2262 300
2263 300
2264 253
2265 253
2266 300
2267 253
2268 253
2269 300
2270 253
2271 253
2272 253
2273 253
2274 300
2275 300
2276 300
2277 300
2278 253
2279 253
2280 253
2281 300
2282 300
2283 300
2284 253
2285 300
2286 253
2287 253
2288 253
2289 253
2290 253
2291 253
2292 253
2293 300
2294 300
2295 2
2296 253
2297 253
2298 253
2299 253
2300 253
2301 253
2302 300
2303 300
2304 253
2305 253
2306 253
2307 300
2308 253
2309 300
2310 253
2311 300
2312 253
2313 253
2314 253
2315 253
2316 253
2317 300
2318 300
2319 253
2320 253
2321 253
2322 300
2323 253
2324 253
2325 300
2326 253
2327 300
2328 253
2329 253
2330 253
2331 253
2332 253
2333 253
2334 300
2335 253
2336 300
2337 253
2338 253
2339 253
2340 253
2341 253
2342 253
2343 253
2344 253
2345 253
2346 300
2347 300
2348 253
2349 253
2350 300
2351 300
2352 300
2353 253
2354 300
2355 300
2356 300
2357 253
2358 300
2359 253
2360 253
2361 253
2362 300
2363 300
2364 253
2365 300
2366 253
2367 253
2368 253
2369 300
2370 253
2371 253
2372 253
2373 300
2374 253
2375 253
2376 300
2377 300
2378 253
2379 253
2380 253
2381 253
2382 253
2383 300
2384 253
2385 300
2386 253
2387 253
2388 253
2389 253
2390 253
2391 253
2392 253
2393 253
2394 253
2395 253
2396 253
2397 253
2398 253
2399 253
2400 253
2401 300
2402 253
2403 300
2404 253
2405 300
2406 300
2407 300
2408 253
2409 253
2410 253
2411 300
2412 300
2413 253
2414 253
2415 300
2416 300
2417 253
2418 253
2419 300
2420 253
2421 253
2422 253
2423 300
2424 300
2425 253
2426 253
2427 253
2428 300
2429 253
2430 253
2431 253
2432 253
2433 253
2434 253
2435 253
2436 300
2437 300
2438 300
2439 253
2440 253
2441 253
2442 253
2443 253
2444 253
2445 253
2446 253
2447 300
2448 253
2449 253
2450 300
2451 253
2452 253
2453 253
2454 300
2455 300
2456 253
2457 253
2458 253
2459 253
2460 253
2461 300
2462 253
2463 253
2464 253
2465 300
2466 253
2467 300
2468 253
2469 253
2470 253
2471 253
2472 253
2473 253
2474 253
2475 253
2476 253
2477 253
2478 253
2479 253
2480 253
2481 253
2482 253
2483 300
2484 253
2485 253
2486 253
2487 253
2488 253
2489 300
2490 253
2491 253
2492 253
2493 253
2494 253
2495 253
2496 253
2497 253
2498 300
2499 253
2500 300
2501 253
2502 300
2503 300
2504 300
2505 253
2506 253
2507 253
2508 253
2509 300
2510 300
2511 253
2512 253
2513 253
2514 253
2515 253
2516 253
2517 300
2518 253
2519 253
2520 300
2521 253
2522 300
2523 253
2524 253
2525 253
2526 253
2527 253
2528 253
2529 253
2530 300
2531 300
2532 253
2533 300
2534 300
2535 300
2536 253
2537 253
2538 253
2539 253
2540 253
2541 253
2542 300
2543 300
2544 300
2545 253
2546 253
2547 300
2548 253
2549 253
2550 253
2551 253
2552 253
2553 300
2554 253
2555 300
2556 253
2557 253
2558 300
2559 253
2560 300
2561 253
2562 253
2563 253
2564 300
2565 253
2566 253
2567 253
2568 253
2569 253
2570 253
2571 253
2572 253
2573 253
2574 253
2575 300
2576 253
2577 300
2578 253
2579 253
2580 253
2581 253
2582 253
2583 300
2584 300
2585 253
2586 253
2587 300
2588 300
2589 300
2590 253
2591 300
2592 253
2593 253
2594 253
2595 253
2596 253
2597 253
2598 253
2599 253
2600 253
2601 253
2602 253
2603 300
2604 253
2605 253
2606 253
2607 300
2608 253
2609 300
2610 253
2611 253
2612 253
2613 253
2614 253
2615 253
2616 300
2617 253
2618 300
2619 253
2620 253
2621 300
2622 253
2623 300
2624 253
2625 253
2626 300
2627 300
2628 253
2629 253
2630 253
2631 300
2632 253
2633 300
2634 300
2635 253
2636 300
2637 300
2638 253
2639 253
2640 300
2641 253
2642 300
2643 253
2644 253
2645 253
2646 253
2647 253
2648 253
2649 253
2650 253
2651 300
2652 253
2653 253
2654 253
2655 253
2656 253
2657 253
2658 300
2659 300
2660 253
2661 253
2662 253
2663 300
2664 253
2665 300
2666 253
2667 300
2668 300
2669 253
2670 253
2671 253
2672 253
2673 253
2674 253
2675 253
2676 253
2677 300
2678 253
2679 253
2680 253
2681 253
2682 253
2683 253
2684 300
2685 253
2686 253
2687 253
2688 300
2689 253
2690 300
2691 253
2692 253
2693 253
2694 300
2695 300
2696 253
2697 300
2698 253
2699 253
2700 253
2701 253
2702 300
2703 253
2704 253
2705 300
2706 300
2707 253
2708 253
2709 253
2710 300
2711 253
2712 253
2713 253
2714 300
2715 253
2716 253
2717 253
2718 253
2719 300
2720 253
2721 253
2722 300
2723 253
2724 300
2725 300
2726 300
2727 300
2728 300
2729 253
2730 300
2731 253
2732 300
2733 300
2734 253
2735 253
2736 253
2737 253
2738 253
2739 253
2740 253
2741 253
2742 253
2743 253
2744 253
2745 300
2746 253
2747 300
2748 300
2749 253
2750 300
2751 253
2752 253
2753 253
2754 253
2755 300
2756 300
2757 253
2758 300
2759 253
2760 253
2761 253
2762 300
2763 253
2764 253
2765 253
2766 253
2767 253
2768 253
2769 253
2770 253
2771 253
2772 253
2773 253
2774 253
2775 253
2776 253
2777 253
2778 253
2779 300
2780 253
2781 300
2782 253
2783 253
2784 253
2785 253
2786 253
2787 253
2788 253
2789 253
2790 300
2791 253
2792 253
2793 300
2794 300
2795 253
2796 253
2797 300
2798 300
2799 300
2800 253
2801 253
2802 253
2803 253
2804 253
2805 253
2806 300
2807 253
2808 300
2809 253
2810 300
2811 253
2812 253
2813 300
2814 253
2815 253
2816 300
2817 253
2818 300
2819 300
2820 253
2821 300
2822 253
2823 300
2824 300
2825 253
2826 253
2827 253
2828 253
2829 300
2830 300
2831 253
2832 300
2833 253
2834 253
2835 300
2836 300
2837 300
2838 253
2839 253
2840 253
2841 300
2842 300
2843 253
2844 300
2845 300
2846 253
2847 253
2848 300
2849 253
2850 253
2851 253
2852 253
2853 300
2854 253
2855 253
2856 253
2857 300
2858 253
2859 253
2860 253
2861 300
2862 300
2863 253
2864 253
2865 300
2866 300
2867 300
2868 253
2869 253
2870 253
2871 253
2872 253
2873 300
2874 300
2875 300
2876 300
2877 253
2878 300
2879 300
2880 253
2881 253
2882 253
2883 253
2884 300
2885 300
2886 253
2887 300
2888 253
2889 300
2890 253
2891 253
2892 253
2893 253
2894 300
2895 300
2896 300
2897 253
2898 300
2899 253
2900 300
2901 253
2902 253
2903 300
2904 253
2905 253
2906 253
2907 253
2908 253
2909 253
2910 300
2911 253
2912 300
2913 253
2914 253
2915 253
2916 253
2917 253
2918 253
2919 253
2920 300
2921 253
2922 253
2923 253
2924 253
2925 253
2926 300
2927 253
2928 300
2929 253
2930 253
2931 253
2932 253
2933 300
2934 253
2935 300
2936 253
2937 300
2938 300
2939 300
2940 253
2941 300
2942 300
2943 253
2944 253
2945 253
2946 253
2947 253
2948 253
2949 253
2950 253
2951 300
2952 253
2953 253
2954 253
2955 300
2956 300
2957 300
2958 253
2959 300
2960 253
2961 253
2962 300
2963 253
2964 300
2965 253
2966 253
2967 253
2968 253
2969 253
2970 253
2971 253
2972 253
2973 253
2974 253
2975 253
2976 253
2977 300
2978 253
2979 300
2980 253
2981 300
2982 253
2983 253
2984 300
2985 253
2986 253
2987 300
2988 253
2989 300
2990 300
2991 253
2992 253
2993 253
2994 300
2995 300
2996 253
2997 253
2998 253
2999 300
3000 253
3001 253
3002 253
3003 253
3004 253
3005 253
3006 253
3007 253
3008 253
3009 300
3010 300
3011 253
3012 300
3013 300
3014 300
3015 253
3016 253
3017 300
3018 300
3019 253
3020 300
3021 300
3022 253
3023 253
3024 253
3025 253
3026 253
3027 300
3028 253
3029 253
3030 253
3031 253
3032 300
3033 300
3034 300
3035 253
3036 253
3037 253
3038 300
3039 253
3040 253
3041 300
3042 253
3043 300
3044 300
3045 300
3046 253
3047 253
3048 253
3049 253
3050 253
3051 253
3052 253
3053 253
3054 300
3055 253
3056 300
3057 253
3058 300
3059 300
3060 253
3061 253
3062 253
3063 253
3064 253
3065 253
3066 253
3067 253
3068 253
3069 300
3070 300
3071 300
3072 253
3073 253
3074 253
3075 253
3076 253
3077 300
3078 253
3079 253
3080 300
3081 253
3082 253
3083 300
3084 300
3085 253
3086 253
3087 300
3088 300
3089 253
3090 253
3091 253
3092 300
3093 300
3094 300
3095 253
3096 253
3097 300
3098 253
3099 253
3100 253
3101 253
3102 300
3103 300
3104 253
3105 300
3106 253
3107 253
3108 300
3109 300
3110 253
3111 3
3112 253
3113 253
3114 253
3115 253
3116 300
3117 300
3118 253
3119 300
3120 300
3121 253
3122 253
3123 253
3124 253
3125 253
3126 300
3127 253
3128 253
3129 300
3130 253
3131 300
3132 253
3133 300
3134 253
3135 300
3136 253
3137 253
3138 253
3139 253
3140 253
3141 300
3142 253
3143 253
3144 253
3145 253
3146 253
3147 300
3148 253
3149 300
3150 253
3151 300
3152 300
3153 300
3154 253
3155 253
3156 253
3157 253
3158 253
3159 253
3160 253
3161 300
3162 300
3163 253
3164 253
3165 253
3166 300
3167 253
3168 300
3169 253
3170 253
3171 253
3172 300
3173 253
3174 253
3175 300
3176 300
3177 300
3178 253
3179 300
3180 300
3181 300
3182 253
3183 253
3184 300
3185 253
3186 300
3187 300
3188 253
3189 253
3190 253
3191 253
3192 253
3193 253
3194 300
3195 253
3196 253
3197 300
3198 253
3199 253
3200 253
3201 300
3202 300
3203 300
3204 253
3205 253
3206 300
3207 300
3208 253
3209 300
3210 253
3211 253
3212 300
3213 253
3214 253
3215 300
3216 253
3217 253
3218 300
3219 300
3220 253
3221 253
3222 253
3223 300
3224 253
3225 300
3226 253
3227 253
3228 300
3229 253
3230 253
3231 300
3232 253
3233 253
3234 300
3235 253
3236 300
3237 253
3238 300
3239 300
3240 253
3241 253
3242 300
3243 300
3244 253
3245 253
3246 300
3247 253
3248 253
3249 300
3250 253
3251 253
3252 253
3253 253
3254 253
3255 253
3256 300
3257 300
3258 300
3259 253
3260 300
3261 253
3262 253
3263 300
3264 253
3265 253
3266 253
3267 300
3268 300
3269 300
3270 253
3271 253
3272 300
3273 253
3274 253
3275 300
3276 300
3277 300
3278 300
3279 300
3280 300
3281 253
3282 253
3283 300
3284 300
3285 253
3286 253
3287 300
3288 253
3289 253
3290 300
3291 253
3292 253
3293 300
3294 253
3295 253
3296 300
3297 253
3298 253
3299 253
3300 253
3301 300
3302 253
3303 253
3304 300
3305 253
3306 300
3307 300
3308 253
3309 300
3310 300
3311 300
3312 253
3313 253
3314 253
3315 300
3316 300
3317 300
3318 300
3319 253
3320 253
3321 253
3322 253
3323 253
3324 300
3325 253
3326 300
3327 253
3328 253
3329 253
3330 253
3331 253
3332 300
3333 300
3334 253
3335 300
3336 300
3337 253
3338 253
3339 253
3340 253
3341 300
3342 300
3343 253
3344 253
3345 300
3346 300
3347 300
3348 300
3349 253
3350 253
3351 253
3352 253
3353 253
3354 253
3355 300
3356 253
3357 253
3358 253
3359 253
3360 300
3361 300
3362 253
3363 253
3364 253
3365 253
3366 4
3367 300
3368 300
3369 300
3370 300
3371 253
3372 300
3373 300
3374 253
3375 300
3376 253
3377 253
3378 300
3379 300
3380 300
3381 300
3382 253
3383 253
3384 300
3385 300
3386 253
3387 253
3388 253
3389 253
3390 253
3391 300
3392 253
3393 253
3394 253
3395 253
3396 300
3397 253
3398 253
3399 300
3400 300
3401 300
3402 300
3403 253
3404 300
3405 300
3406 300
3407 253
3408 253
3409 300
3410 253
3411 253
3412 253
3413 300
3414 300
3415 253
3416 253
3417 253
3418 300
3419 253
3420 300
3421 253
3422 253
3423 253
3424 253
3425 300
3426 253
3427 300
3428 300
3429 253
3430 253
3431 253
3432 300
3433 253
3434 300
3435 253
3436 300
3437 253
3438 253
3439 253
3440 253
3441 300
3442 253
3443 300
3444 300
3445 300
3446 253
3447 253
3448 300
3449 300
3450 253
3451 300
3452 300
3453 300
3454 300
3455 300
3456 253
3457 300
3458 300
3459 300
3460 253
3461 253
3462 253
3463 253
3464 253
3465 253
3466 253
3467 300
3468 253
3469 300
3470 300
3471 253
3472 253
3473 253
3474 253
3475 300
3476 253
3477 253
3478 253
3479 253
3480 300
3481 253
3482 300
3483 300
3484 253
3485 300
3486 300
3487 253
3488 253
3489 300
3490 253
3491 253
3492 253
3493 300
3494 253
3495 300
3496 253
3497 253
3498 300
3499 253
3500 253
3501 300
3502 253
3503 300
3504 300
3505 300
3506 253
3507 300
3508 300
3509 300
3510 253
3511 300
3512 253
3513 253
3514 300
3515 253
3516 253
3517 300
3518 300
3519 253
3520 300
3521 253
3522 300
3523 300
3524 253
3525 253
3526 300
3527 300
3528 253
3529 300
3530 300
3531 253
3532 300
3533 300
3534 300
3535 253
3536 5
3537 253
3538 253
3539 253
3540 253
3541 253
3542 253
3543 253
3544 300
3545 300
3546 300
3547 253
3548 253
3549 253
3550 300
3551 300
3552 300
3553 300
3554 253
3555 300
3556 253
3557 300
3558 253
3559 300
3560 300
3561 253
3562 300
3563 253
3564 300
3565 300
3566 300
3567 300
3568 253
3569 253
3570 300
3571 300
3572 253
3573 300
3574 253
3575 253
3576 253
3577 253
3578 300
3579 253
3580 253
3581 300
3582 253
3583 253
3584 253
3585 253
3586 300
3587 253
3588 253
3589 300
3590 253
3591 253
3592 300
3593 253
3594 300
3595 253
3596 253
3597 253
3598 253
3599 300
3600 300
3601 253
3602 300
3603 253
3604 253
3605 253
3606 253
3607 253
3608 253
3609 253
3610 253
3611 253
3612 300
3613 300
3614 300
3615 300
3616 253
3617 300
3618 300
3619 253
3620 300
3621 253
3622 253
3623 253
3624 300
3625 300
3626 300
3627 253
3628 300
3629 300
3630 253
3631 253
3632 253
3633 300
3634 253
3635 253
3636 253
3637 253
3638 300
3639 300
3640 253
3641 253
3642 253
3643 253
3644 300
3645 300
3646 300
3647 253
3648 253
3649 300
3650 253
3651 253
3652 253
3653 253
3654 253
3655 253
3656 300
3657 253
3658 300
3659 253
3660 253
3661 253
3662 300
3663 253
3664 253
3665 300
3666 253
3667 253
3668 253
3669 300
3670 300
3671 300
3672 253
3673 300
3674 253
3675 253
3676 253
3677 300
3678 6
3679 253
3680 253
3681 300
3682 253
3683 253
3684 300
3685 300
3686 253
3687 300
3688 253
3689 253
3690 300
3691 253
3692 253
3693 300
3694 253
3695 253
3696 300
3697 253
3698 253
3699 300
3700 300
3701 300
3702 300
3703 253
3704 253
3705 300
3706 253
3707 300
3708 253
3709 253
3710 300
3711 253
3712 300
3713 300
3714 253
3715 300
3716 253
3717 253
3718 253
3719 253
3720 253
3721 253
3722 253
3723 300
3724 253
3725 253
3726 253
3727 300
3728 300
3729 253
3730 300
3731 253
3732 300
3733 253
3734 253
3735 253
3736 253
3737 253
3738 253
3739 300
3740 300
3741 300
3742 253
3743 253
3744 253
3745 253
3746 253
3747 300
3748 300
3749 253
3750 253
3751 253
3752 253
3753 253
3754 300
3755 253
3756 300
3757 300
3758 253
3759 300
3760 300
3761 300
3762 300
3763 300
3764 300
3765 300
3766 253
3767 300
3768 253
3769 253
3770 300
3771 300
3772 253
3773 300
3774 300
3775 253
3776 253
3777 253
3778 253
3779 253
3780 253
3781 253
3782 300
3783 253
3784 300
3785 253
3786 253
3787 300
3788 300
3789 253
3790 253
3791 253
3792 300
3793 253
3794 253
3795 300
3796 300
3797 253
3798 300
3799 253
3800 253
3801 253
3802 253
3803 300
3804 300
3805 300
3806 300
3807 253
3808 300
3809 300
3810 253
3811 300
3812 300
3813 253
3814 300
3815 300
3816 300
3817 253
3818 300
3819 253
3820 253
3821 253
3822 253
3823 300
3824 253
3825 253
3826 253
3827 300
3828 253
3829 300
3830 300
3831 300
3832 253
3833 7
3834 253
3835 300
3836 253
3837 300
3838 300
3839 253
3840 253
3841 300
3842 253
3843 300
3844 300
3845 253
3846 253
3847 253
3848 253
3849 300
3850 253
3851 253
3852 253
3853 300
3854 253
3855 253
3856 300
3857 300
3858 300
3859 253
3860 300
3861 253
3862 300
3863 300
3864 253
3865 300
3866 253
3867 253
3868 253
3869 300
3870 253
3871 253
3872 300
3873 253
3874 300
3875 253
3876 300
3877 300
3878 253
3879 300
3880 300
3881 253
3882 300
3883 253
3884 253
3885 253
3886 253
3887 253
3888 253
3889 300
3890 253
3891 253
3892 300
3893 300
3894 253
3895 253
3896 253
3897 300
3898 300
3899 253
3900 253
3901 253
3902 300
3903 253
3904 300
3905 300
3906 253
3907 253
3908 300
3909 300
3910 253
3911 253
3912 300
3913 300
3914 300
3915 300
3916 253
3917 300
3918 300
3919 300
3920 253
3921 300
3922 300
3923 253
3924 253
3925 300
3926 300
3927 300
3928 300
3929 300
3930 253
3931 300
3932 253
3933 253
3934 253
3935 253
3936 253
3937 300
3938 253
3939 253
3940 253
3941 253
3942 253
3943 253
3944 253
3945 300
3946 300
3947 253
3948 253
3949 300
3950 300
3951 300
3952 253
3953 300
3954 300
3955 300
3956 253
3957 300
3958 300
3959 253
3960 253
3961 253
3962 253
3963 300
3964 300
3965 253
3966 300
3967 253
3968 253
3969 253
3970 300
3971 253
3972 300
3973 253
3974 253
3975 300
3976 253
3977 253
3978 253
3979 253
3980 253
3981 300
3982 300
3983 300
3984 253
3985 300
3986 253
3987 253
3988 253
3989 253
3990 253
3991 300
3992 300
3993 300
3994 253
3995 300
3996 300
3997 300
3998 253
3999 300
4000 253
4001 300
4002 300
4003 300
4004 300
4005 253
4006 253
4007 253
4008 253
4009 253
4010 253
4011 253
4012 253
4013 253
4014 253
4015 253
4016 253
4017 253
4018 300
4019 253
4020 300
4021 253
4022 300
4023 253
4024 253
4025 300
4026 300
4027 300
4028 253
4029 253
4030 253
4031 253
4032 300
4033 253
4034 300
4035 253
4036 300
4037 300
4038 300
4039 253
4040 253
4041 253
4042 253
4043 253
4044 253
4045 300
4046 253
4047 253
4048 300
4049 300
4050 253
4051 300
4052 253
4053 253
4054 253
4055 300
4056 253
4057 300
4058 300
4059 253
4060 253
4061 300
4062 300
4063 300
4064 253
4065 253
4066 253
4067 253
4068 253
4069 300
4070 300
4071 300
4072 253
4073 253
4074 253
4075 253
4076 300
4077 253
4078 253
4079 300
4080 253
4081 253
4082 253
4083 253
4084 7
4085 300
4086 253
4087 300
4088 253
4089 253
4090 7
4091 253
4092 253
4093 253
4094 300
4095 253
4096 253
4097 253
4098 253
4099 300
4100 300
4101 253
4102 253
4103 300
4104 253
4105 253
4106 253
4107 253
4108 253
4109 253
4110 253
4111 253
4112 253
4113 253
4114 253
4115 253
4116 253
4117 253
4118 300
4119 253
4120 300
4121 253
4122 253
4123 253
4124 253
4125 253
4126 253
4127 253
4128 253
4129 300
4130 300
4131 253
4132 253
4133 300
4134 253
4135 253
4136 253
4137 300
4138 253
4139 253
4140 300
4141 8
4142 300
4143 300
4144 300
4145 253
4146 253
4147 253
4148 253
4149 253
4150 253
4151 253
4152 253
4153 300
4154 253
4155 253
4156 300
4157 253
4158 300
4159 300
4160 253
4161 300
4162 253
4163 253
4164 300
4165 300
4166 300
4167 253
4168 300
4169 253
4170 253
4171 253
4172 253
4173 300
4174 300
4175 253
4176 300
4177 253
4178 253
4179 253
4180 253
4181 300
4182 253
4183 300
4184 253
4185 300
4186 300
4187 253
4188 300
4189 253
4190 300
4191 253
4192 300
4193 253
4194 300
4195 253
4196 300
4197 300
4198 253
4199 300
4200 253
4201 300
4202 253
4203 253
4204 253
4205 300
4206 300
4207 300
4208 300
4209 300
4210 253
4211 300
4212 300
4213 253
4214 253
4215 253
4216 300
4217 300
4218 300
4219 253
4220 300
4221 300
4222 300
4223 9
4224 253
4225 253
4226 300
4227 300
4228 253
4229 300
4230 253
4231 300
4232 253
4233 253
4234 253
4235 253
4236 300
4237 300
4238 253
4239 253
4240 253
4241 253
4242 300
4243 253
4244 253
4245 253
4246 253
4247 253
4248 253
4249 253
4250 253
4251 300
4252 300
4253 300
4254 300
4255 253
4256 253
4257 300
4258 300
4259 300
4260 253
4261 300
4262 253
4263 300
4264 253
4265 253
4266 300
4267 300
4268 300
4269 300
4270 253
4271 253
4272 300
4273 253
4274 253
4275 253
4276 300
4277 253
4278 253
4279 253
4280 253
4281 253
4282 300
4283 253
4284 300
4285 300
4286 253
4287 300
4288 300
4289 253
4290 300
4291 253
4292 300
4293 253
4294 253
4295 253
4296 300
4297 253
4298 253
4299 300
4300 253
4301 253
4302 253
4303 253
4304 253
4305 300
4306 253
4307 253
4308 300
4309 300
4310 253
4311 253
4312 300
4313 253
4314 300
4315 253
4316 300
4317 253
4318 253
4319 253
4320 300
4321 253
4322 300
4323 253
4324 300
4325 300
4326 253
4327 300
4328 300
4329 253
4330 253
4331 300
4332 300
4333 300
4334 253
4335 300
4336 300
4337 253
4338 253
4339 300
4340 300
4341 300
4342 300
4343 300
4344 253
4345 300
4346 253
4347 253
4348 300
4349 253
4350 253
4351 253
4352 253
4353 253
4354 300
4355 253
4356 300
4357 300
4358 253
4359 300
4360 300
4361 253
4362 300
4363 253
4364 300
4365 300
4366 253
4367 300
4368 300
4369 253
4370 253
4371 300
4372 253
4373 253
4374 253
4375 253
4376 253
4377 253
4378 253
4379 253
4380 253
4381 253
4382 253
4383 253
4384 300
4385 253
4386 253
4387 300
4388 300
4389 300
4390 253
4391 300
4392 253
4393 300
4394 300
4395 300
4396 300
4397 300
4398 300
4399 300
4400 253
4401 253
4402 253
4403 300
4404 300
4405 300
4406 300
4407 253
4408 300
4409 300
4410 253
4411 253
4412 253
4413 253
4414 300
4415 253
4416 300
4417 300
4418 300
4419 253
4420 253
4421 300
4422 253
4423 253
4424 253
4425 300
4426 300
4427 253
4428 300
4429 253
4430 253
4431 253
4432 300
4433 253
4434 253
4435 253
4436 300
4437 300
4438 300
4439 300
4440 300
4441 253
4442 253
4443 300
4444 300
4445 300
4446 300
4447 300
4448 300
4449 300
4450 300
4451 300
4452 253
4453 300
4454 300
4455 300
4456 253
4457 300
4458 300
4459 253
4460 300
4461 253
4462 253
4463 300
4464 253
4465 300
4466 300
4467 300
4468 300
4469 300
4470 300
4471 300
4472 253
4473 300
4474 253
4475 300
4476 300
4477 300
4478 300
4479 300
4480 253
4481 253
4482 300
4483 253
4484 253
4485 300
4486 253
4487 300
4488 253
4489 300
4490 253
4491 300
4492 253
4493 300
4494 253
4495 300
4496 253
4497 253
4498 253
4499 253
4500 253
4501 300
4502 300
4503 300
4504 253
4505 253
4506 253
4507 253
4508 300
4509 253
4510 253
4511 253
4512 300
4513 253
4514 300
4515 300
4516 300
4517 300
4518 253
4519 300
4520 253
4521 253
4522 253
4523 253
4524 300
4525 253
4526 253
4527 253
4528 300
4529 300
4530 300
4531 300
4532 300
4533 300
4534 300
4535 300
4536 253
4537 300
4538 253
4539 253
4540 300
4541 300
4542 300
4543 300
4544 300
4545 253
4546 300
4547 253
4548 253
4549 300
4550 253
4551 300
4552 253
4553 300
4554 253
4555 253
4556 300
4557 253
4558 253
4559 300
4560 253
4561 253
4562 300
4563 300
4564 300
4565 300
4566 253
4567 253
4568 300
4569 253
4570 253
4571 253
4572 300
4573 253
4574 253
4575 300
4576 253
4577 253
4578 300
4579 253
4580 253
4581 300
4582 253
4583 300
4584 253
4585 300
4586 253
4587 253
4588 253
4589 253
4590 253
4591 253
4592 253
4593 253
4594 300
4595 253
4596 253
4597 253
4598 300
4599 253
4600 253
4601 253
4602 300
4603 253
4604 253
4605 253
4606 300
4607 253
4608 253
4609 253
4610 300
4611 253
4612 300
4613 300
4614 253
4615 300
4616 253
4617 300
4618 300
4619 300
4620 300
4621 300
4622 300
4623 300
4624 300
4625 253
4626 300
4627 300
4628 253
4629 253
4630 253
4631 253
4632 300
4633 253
4634 253
4635 253
4636 300
4637 300
4638 300
4639 253
4640 300
4641 300
4642 253
4643 10
4644 253
4645 300
4646 253
4647 300
4648 300
4649 253
4650 253
4651 300
4652 253
4653 300
4654 253
4655 253
4656 300
4657 300
4658 300
4659 253
4660 253
4661 300
4662 253
4663 253
4664 300
4665 253
4666 300
4667 300
4668 253
4669 300
4670 300
4671 253
4672 300
4673 300
4674 300
4675 253
4676 300
4677 253
4678 300
4679 300
4680 253
4681 253
4682 300
4683 253
4684 253
4685 253
4686 300
4687 253
4688 253
4689 253
4690 253
4691 253
4692 300
4693 253
4694 253
4695 253
4696 300
4697 300
4698 300
4699 300
4700 253
4701 253
4702 253
4703 300
4704 300
4705 253
4706 253
4707 300
4708 253
4709 253
4710 253
4711 253
4712 300
4713 300
4714 300
4715 300
4716 300
4717 253
4718 300
4719 253
4720 300
4721 300
4722 253
4723 300
4724 253
4725 253
4726 253
4727 253
4728 253
4729 253
4730 253
4731 253
4732 300
4733 300
4734 253
4735 300
4736 253
4737 300
4738 253
4739 253
4740 300
4741 300
4742 253
4743 253
4744 253
4745 253
4746 300
4747 253
4748 253
4749 253
4750 300
4751 253
4752 300
4753 253
4754 300
4755 300
4756 300
4757 253
4758 300
4759 300
4760 253
4761 300
4762 300
4763 300
4764 253
4765 253
4766 300
4767 300
4768 300
4769 253
4770 300
4771 300
4772 253
4773 253
4774 253
4775 253
4776 253
4777 300
4778 300
4779 253
4780 300
4781 300
4782 253
4783 253
4784 300
4785 253
4786 253
4787 300
4788 253
4789 300
4790 300
4791 300
4792 300
4793 253
4794 300
4795 300
4796 253
4797 300
4798 300
4799 253
4800 300
4801 253
4802 300
4803 253
4804 300
4805 300
4806 300
4807 300
4808 300
4809 300
4810 253
4811 300
4812 300
4813 300
4814 253
4815 300
4816 253
4817 253
4818 300
4819 253
4820 253
4821 253
4822 253
4823 300
4824 253
4825 300
4826 300
4827 300
4828 253
4829 253
4830 300
4831 253
4832 300
4833 253
4834 300
4835 300
4836 253
4837 253
4838 253
4839 253
4840 253
4841 253
4842 253
4843 253
4844 253
4845 253
4846 300
4847 253
4848 253
4849 300
4850 253
4851 300
4852 300
4853 300
4854 300
4855 253
4856 253
4857 253
4858 300
4859 300
4860 300
4861 253
4862 300
4863 253
4864 253
4865 253
4866 300
4867 253
4868 300
4869 253
4870 253
4871 253
4872 253
4873 253
4874 253
4875 300
4876 300
4877 300
4878 253
4879 253
4880 253
4881 253
4882 253
4883 300
4884 300
4885 253
4886 253
4887 253
4888 253
4889 300
4890 253
4891 300
4892 300
4893 253
4894 253
4895 300
4896 253
4897 300
4898 253
4899 300
4900 300
4901 253
4902 253
4903 300
4904 253
4905 253
4906 253
4907 300
4908 300
4909 300
4910 253
4911 253
4912 253
4913 253
4914 300
4915 300
4916 253
4917 300
4918 253
4919 253
4920 253
4921 300
4922 300
4923 253
4924 300
4925 300
4926 253
4927 253
4928 300
4929 253
4930 253
4931 300
4932 253
4933 300
4934 300
4935 300
4936 300
4937 253
4938 300
4939 300
4940 300
4941 300
4942 300
4943 253
4944 300
4945 253
4946 300
4947 300
4948 253
4949 300
4950 300
4951 300
4952 300
4953 300
4954 300
4955 253
4956 253
4957 300
4958 300
4959 253
4960 253
4961 253
4962 253
4963 253
4964 253
4965 300
4966 253
4967 253
4968 253
4969 253
4970 253
4971 300
4972 300
4973 253
4974 253
4975 253
4976 253
4977 253
4978 253
4979 253
4980 253
4981 253
4982 300
4983 253
4984 300
4985 253
4986 300
4987 253
4988 300
4989 300
4990 253
4991 253
4992 253
4993 253
4994 253
4995 253
4996 253
4997 253
4998 253
4999 253
5000 300
5001 253
5002 253
5003 253
5004 253
5005 300
5006 253
5007 300
5008 253
5009 300
5010 253
5011 300
5012 300
5013 253
5014 253
5015 300
5016 253
5017 300
5018 300
5019 300
5020 253
5021 253
5022 300
5023 300
5024 253
5025 300
5026 253
5027 300
5028 300
5029 253
5030 253
5031 300
5032 253
5033 253
5034 253
5035 300
5036 253
5037 300
5038 300
5039 300
5040 253
5041 300
5042 253
5043 300
5044 253
5045 300
5046 300
5047 300
5048 253
5049 300
5050 253
5051 300
5052 300
5053 253
5054 253
5055 253
5056 253
5057 300
5058 253
5059 253
5060 253
5061 300
5062 300
5063 253
5064 300
5065 253
5066 253
5067 253
5068 300
5069 253
5070 300
5071 253
5072 300
5073 300
5074 300
5075 253
5076 253
5077 253
5078 253
5079 300
5080 253
5081 253
5082 300
5083 300
5084 253
5085 300
5086 300
5087 253
5088 300
5089 253
5090 300
5091 300
5092 253
5093 300
5094 253
5095 253
5096 253
5097 300
5098 300
5099 253
5100 300
5101 300
5102 300
5103 253
5104 300
5105 253
5106 300
5107 300
5108 253
5109 253
5110 253
5111 300
5112 300
5113 253
5114 300
5115 253
5116 253
5117 253
5118 300
5119 253
5120 253
5121 253
5122 253
5123 300
5124 253
5125 300
5126 300
5127 253
5128 300
5129 300
5130 300
5131 253
5132 300
5133 253
5134 300
5135 300
5136 253
5137 300
5138 253
5139 300
5140 253
5141 300
5142 300
5143 300
5144 300
5145 253
5146 300
5147 253
5148 300
5149 300
5150 253
5151 300
5152 300
5153 300
5154 253
5155 253
5156 253
5157 253
5158 253
5159 300
5160 300
5161 253
5162 253
5163 253
5164 300
5165 253
5166 253
5167 253
5168 253
5169 300
5170 253
5171 253
5172 300
5173 253
5174 253
5175 253
5176 300
5177 300
5178 253
5179 300
5180 300
5181 253
5182 253
5183 300
5184 253
5185 300
5186 253
5187 300
5188 253
5189 253
5190 300
5191 253
5192 253
5193 253
5194 253
5195 253
5196 253
5197 253
5198 300
5199 300
5200 253
5201 300
5202 300
5203 253
5204 253
5205 300
5206 300
5207 253
5208 300
5209 253
5210 300
5211 253
5212 253
5213 253
5214 253
5215 300
5216 300
5217 300
5218 253
5219 253
5220 300
5221 253
5222 253
5223 253
5224 300
5225 253
5226 300
5227 253
5228 300
5229 300
5230 300
5231 300
5232 253
5233 300
5234 300
5235 300
5236 253
5237 253
5238 300
5239 300
5240 300
5241 300
5242 253
5243 300
5244 300
5245 300
5246 253
5247 300
5248 300
5249 300
5250 253
5251 11
5252 300
5253 253
5254 253
5255 253
5256 253
5257 253
5258 253
5259 253
5260 253
5261 253
5262 253
5263 300
5264 300
5265 253
5266 253
5267 300
5268 300
5269 253
5270 253
5271 300
5272 300
5273 300
5274 253
5275 253
5276 253
5277 253
5278 253
5279 253
5280 253
5281 253
5282 253
5283 253
5284 300
5285 253
5286 253
5287 253
5288 253
5289 253
5290 253
5291 300
5292 253
5293 300
5294 253
5295 253
5296 253
5297 253
5298 253
5299 253
5300 300
5301 253
5302 300
5303 300
5304 253
5305 253
5306 253
5307 253
5308 253
5309 253
5310 253
5311 300
5312 300
5313 253
5314 253
5315 253
5316 253
5317 253
5318 300
5319 253
5320 300
5321 253
5322 253
5323 253
5324 253
5325 300
5326 253
5327 300
5328 253
5329 253
5330 300
5331 300
5332 253
5333 253
5334 253
5335 253
5336 253
5337 300
5338 253
5339 253
5340 300
5341 253
5342 253
5343 300
5344 253
5345 300
5346 300
5347 253
5348 300
5349 253
5350 253
5351 300
5352 300
5353 300
5354 253
5355 253
5356 253
5357 253
5358 253
5359 253
5360 300
5361 300
5362 300
5363 253
5364 300
5365 300
5366 253
5367 300
5368 253
5369 253
5370 253
5371 253
5372 300
5373 300
5374 300
5375 12
5376 253
5377 300
5378 300
5379 300
5380 253
5381 253
5382 300
5383 253
5384 300
5385 253
5386 300
5387 253
5388 300
5389 300
5390 300
5391 253
5392 253
5393 300
5394 253
5395 253
5396 253
5397 300
5398 253
5399 253
5400 253
5401 253
5402 300
5403 300
5404 300
5405 300
5406 300
5407 253
5408 300
5409 253
5410 253
5411 253
5412 253
5413 253
5414 300
5415 13
5416 300
5417 300
5418 253
5419 300
5420 300
5421 300
5422 253
5423 300
5424 253
5425 253
5426 253
5427 253
5428 253
5429 253
5430 253
5431 253
5432 253
5433 253
5434 253
5435 300
5436 253
5437 300
5438 300
5439 253
5440 300
5441 253
5442 300
5443 253
5444 253
5445 253
5446 300
5447 300
5448 253
5449 300
5450 253
5451 253
5452 253
5453 253
5454 300
5455 253
5456 253
5457 253
5458 253
5459 253
5460 253
5461 300
5462 253
5463 253
5464 300
5465 253
5466 253
5467 300
5468 253
5469 253
5470 300
5471 253
5472 300
5473 300
5474 300
5475 253
5476 253
5477 253
5478 300
5479 300
5480 300
5481 253
5482 253
5483 253
5484 300
5485 300
5486 253
5487 300
5488 300
5489 300
5490 253
5491 253
5492 253
5493 300
5494 300
5495 300
5496 253
5497 253
5498 300
5499 300
5500 253
5501 300
5502 300
5503 253
5504 253
5505 253
5506 300
5507 253
5508 300
5509 253
5510 253
5511 300
5512 300
5513 253
5514 253
5515 253
5516 253
5517 253
5518 253
5519 253
5520 300
5521 253
5522 300
5523 253
5524 253
5525 253
5526 300
5527 253
5528 300
5529 253
5530 300
5531 253
5532 300
5533 253
5534 253
5535 253
5536 300
5537 253
5538 300
5539 300
5540 300
5541 253
5542 300
5543 253
5544 253
5545 300
5546 253
5547 300
5548 300
5549 300
5550 253
5551 300
5552 300
5553 253
5554 253
5555 253
5556 300
5557 253
5558 300
5559 253
5560 253
5561 253
5562 253
5563 300
5564 300
5565 253
5566 253
5567 253
5568 300
5569 300
5570 300
5571 300
5572 300
5573 253
5574 300
5575 300
5576 300
5577 253
5578 300
5579 300
5580 300
5581 300
5582 300
5583 300
5584 253
5585 300
5586 253
5587 300
5588 253
5589 300
5590 253
5591 253
5592 253
5593 300
5594 300
5595 300
5596 253
5597 253
5598 253
5599 300
5600 253
5601 300
5602 253
5603 300
5604 300
5605 300
5606 253
5607 300
5608 253
5609 300
5610 253
5611 300
5612 300
5613 253
5614 300
5615 253
5616 300
5617 253
5618 253
5619 300
5620 300
5621 300
5622 300
5623 253
5624 300
5625 253
5626 253
5627 253
5628 300
5629 253
5630 253
5631 300
5632 300
5633 300
5634 253
5635 253
5636 300
5637 253
5638 253
5639 253
5640 253
5641 253
5642 253
5643 300
5644 253
5645 253
5646 253
5647 300
5648 253
5649 253
5650 253
5651 300
5652 300
5653 253
5654 253
5655 253
5656 300
5657 300
5658 253
5659 300
5660 300
5661 253
5662 300
5663 300
5664 300
5665 253
5666 300
5667 253
5668 300
5669 300
5670 253
5671 253
5672 253
5673 300
5674 300
5675 253
5676 300
5677 14
5678 253
5679 253
5680 300
5681 253
5682 300
5683 300
5684 253
5685 253
5686 253
5687 253
5688 253
5689 253
5690 300
5691 300
5692 253
5693 253
5694 253
5695 253
5696 253
5697 253
5698 253
5699 253
5700 300
5701 253
5702 253
5703 253
5704 300
5705 253
5706 253
5707 300
5708 253
5709 253
5710 253
5711 253
5712 300
5713 300
5714 253
5715 253
5716 300
5717 253
5718 300
5719 300
5720 253
5721 300
5722 253
5723 300
5724 300
5725 300
5726 253
5727 300
5728 300
5729 300
5730 300
5731 253
5732 253
5733 253
5734 300
5735 253
5736 300
5737 300
5738 300
5739 300
5740 300
5741 253
5742 253
5743 300
5744 253
5745 300
5746 300
5747 300
5748 300
5749 300
5750 300
5751 253
5752 253
5753 300
5754 300
5755 253
5756 300
5757 253
5758 253
5759 300
5760 253
5761 300
5762 253
5763 300
5764 300
5765 253
5766 300
5767 300
5768 300
5769 300
5770 300
5771 253
5772 300
5773 253
5774 300
5775 300
5776 253
5777 300
5778 253
5779 253
5780 253
5781 300
5782 300
5783 300
5784 300
5785 253
5786 253
5787 253
5788 300
5789 300
5790 253
5791 253
5792 253
5793 253
5794 253
5795 300
5796 300
5797 253
5798 253
5799 300
5800 300
5801 253
5802 253
5803 300
5804 300
5805 300
5806 300
5807 300
5808 253
5809 300
5810 300
5811 253
5812 253
5813 300
5814 253
5815 300
5816 300
5817 300
5818 300
5819 300
5820 300
5821 300
5822 253
5823 300
5824 253
5825 253
5826 300
5827 253
5828 253
5829 253
5830 300
5831 253
5832 253
5833 300
5834 253
5835 300
5836 253
5837 253
5838 300
5839 253
5840 300
5841 300
5842 300
5843 15
5844 300
5845 300
5846 300
5847 253
5848 300
5849 253
5850 300
5851 300
5852 253
5853 253
5854 300
5855 253
5856 300
5857 253
5858 300
5859 300
5860 253
5861 253
5862 253
5863 253
5864 300
5865 253
5866 300
5867 300
5868 300
5869 253
5870 300
5871 300
5872 253
5873 300
5874 300
5875 300
5876 253
5877 300
5878 253
5879 253
5880 300
5881 253
5882 253
5883 300
5884 253
5885 300
5886 300
5887 300
5888 300
5889 300
5890 253
5891 253
5892 253
5893 253
5894 300
5895 253
5896 300
5897 253
5898 253
5899 300
5900 253
5901 253
5902 300
5903 253
5904 253
5905 300
5906 300
5907 253
5908 253
5909 300
5910 300
5911 253
5912 300
5913 300
5914 300
5915 253
5916 300
5917 300
5918 253
5919 300
5920 253
5921 300
5922 300
5923 300
5924 253
5925 300
5926 300
5927 253
5928 253
5929 300
5930 253
5931 253
5932 253
5933 300
5934 253
5935 253
5936 253
5937 253
5938 300
5939 253
5940 253
5941 300
5942 253
5943 253
5944 253
5945 253
5946 253
5947 253
5948 253
5949 300
5950 300
5951 253
5952 253
5953 253
5954 300
5955 300
5956 300
5957 253
5958 300
5959 253
5960 253
5961 253
5962 253
5963 253
5964 253
5965 253
5966 300
5967 253
5968 300
5969 253
5970 300
5971 253
5972 253
5973 253
5974 253
5975 300
5976 300
5977 253
5978 253
5979 300
5980 16
5981 300
5982 300
5983 300
5984 300
5985 253
5986 300
5987 253
5988 300
5989 300
5990 253
5991 253
5992 253
5993 253
5994 253
5995 253
5996 300
5997 300
5998 300
5999 253
6000 253
6001 253
6002 300
6003 253
6004 300
6005 253
6006 300
6007 300
6008 300
6009 253
6010 300
6011 300
6012 253
6013 253
6014 300
6015 253
6016 253
6017 253
6018 253
6019 300
6020 300
6021 300
6022 253
6023 253
6024 300
6025 300
6026 253
6027 253
6028 300
6029 300
6030 300
6031 253
6032 300
6033 253
6034 253
6035 253
6036 253
6037 253
6038 300
6039 253
6040 300
6041 253
6042 300
6043 300
6044 300
6045 253
6046 253
6047 253
6048 300
6049 300
6050 253
6051 253
6052 253
6053 300
6054 253
6055 253
6056 300
6057 253
6058 300
6059 253
6060 300
6061 300
6062 253
6063 253
6064 300
6065 253
6066 300
6067 300
6068 300
6069 253
6070 300
6071 300
6072 253
6073 253
6074 300
6075 253
6076 300
6077 300
6078 300
6079 253
6080 253
6081 253
6082 253
6083 300
6084 300
6085 300
6086 253
6087 253
6088 300
6089 253
6090 253
6091 253
6092 253
6093 300
6094 300
6095 253
6096 253
6097 300
6098 300
6099 300
6100 253
6101 253
6102 253
6103 253
6104 253
6105 300
6106 253
6107 253
6108 253
6109 253
6110 253
6111 300
6112 300
6113 300
6114 300
6115 253
6116 300
6117 253
6118 253
6119 253
6120 253
6121 300
6122 253
6123 253
6124 253
6125 300
6126 300
6127 253
6128 300
6129 253
6130 253
6131 300
6132 300
6133 253
6134 253
6135 253
6136 253
6137 253
6138 300
6139 253
6140 253
6141 300
6142 253
6143 253
6144 300
6145 253
6146 253
6147 253
6148 253
6149 300
6150 300
6151 253
6152 300
6153 300
6154 300
6155 300
6156 300
6157 253
6158 253
6159 253
6160 253
6161 300
6162 253
6163 253
6164 300
6165 300
6166 253
6167 253
6168 253
6169 300
6170 300
6171 253
6172 300
6173 253
6174 300
6175 253
6176 253
6177 253
6178 300
6179 253
6180 253
6181 253
6182 300
6183 253
6184 253
6185 253
6186 253
6187 300
6188 300
6189 300
6190 253
6191 300
6192 253
6193 253
6194 253
6195 300
6196 253
6197 300
6198 253
6199 253
6200 253
6201 253
6202 300
6203 253
6204 253
6205 253
6206 300
6207 253
6208 300
6209 253
6210 300
6211 300
6212 253
6213 300
6214 253
6215 300
6216 253
6217 253
6218 253
6219 300
6220 300
6221 253
6222 253
6223 253
6224 300
6225 300
6226 253
6227 300
6228 300
6229 253
6230 253
6231 253
6232 253
6233 253
6234 253
6235 300
6236 253
6237 300
6238 300
6239 253
6240 300
6241 300
6242 300
6243 300
6244 253
6245 253
6246 300
6247 253
6248 253
6249 253
6250 253
6251 253
6252 253
6253 253
6254 253
6255 253
6256 253
6257 253
6258 253
6259 253
6260 300
6261 300
6262 253
6263 300
6264 253
6265 300
6266 253
6267 300
6268 300
6269 253
6270 253
6271 300
6272 300
6273 253
6274 300
6275 300
6276 300
6277 300
6278 253
6279 253
6280 253
6281 300
6282 253
6283 300
6284 253
6285 300
6286 300
6287 300
6288 300
6289 253
6290 300
6291 253
6292 300
6293 300
6294 300
6295 300
6296 300
6297 253
6298 300
6299 253
6300 300
6301 300
6302 300
6303 300
6304 300
6305 253
6306 253
6307 253
6308 300
6309 253
6310 253
6311 253
6312 300
6313 253
6314 253
6315 253
6316 253
6317 253
6318 253
6319 300
6320 300
6321 300
6322 300
6323 253
6324 300
6325 253
6326 253
6327 300
6328 300
6329 300
6330 253
6331 253
6332 253
6333 253
6334 253
6335 300
6336 300
6337 300
6338 253
6339 253
6340 300
6341 253
6342 300
6343 300
6344 253
6345 300
6346 253
6347 253
6348 300
6349 253
6350 253
6351 253
6352 253
6353 253
6354 300
6355 253
6356 253
6357 300
6358 253
6359 253
6360 300
6361 300
6362 253
6363 300
6364 300
6365 300
6366 253
6367 300
6368 300
6369 300
6370 253
6371 253
6372 253
6373 253
6374 253
6375 253
6376 253
6377 300
6378 300
6379 253
6380 253
6381 300
6382 253
6383 300
6384 300
6385 253
6386 253
6387 300
6388 300
6389 300
6390 253
6391 253
6392 300
6393 253
6394 253
6395 300
6396 300
6397 253
6398 253
6399 300
6400 253
6401 253
6402 300
6403 253
6404 253
6405 300
6406 300
6407 300
6408 253
6409 253
6410 253
6411 253
6412 300
6413 300
6414 253
6415 300
6416 300
6417 253
6418 253
6419 253
6420 253
6421 253
6422 253
6423 253
6424 253
6425 253
6426 253
6427 253
6428 300
6429 253
6430 253
6431 300
6432 300
6433 253
6434 300
6435 253
6436 300
6437 253
6438 253
6439 253
6440 300
6441 253
6442 253
6443 253
6444 300
6445 253
6446 253
6447 253
6448 253
6449 300
6450 253
6451 253
6452 253
6453 253
6454 253
6455 300
6456 300
6457 300
6458 300
6459 253
6460 253
6461 253
6462 300
6463 253
6464 253
6465 253
6466 253
6467 253
6468 253
6469 300
6470 253
6471 253
6472 300
6473 253
6474 300
6475 253
6476 300
6477 300
6478 300
6479 300
6480 253
6481 300
6482 253
6483 253
6484 253
6485 253
6486 300
6487 253
6488 253
6489 300
6490 300
6491 253
6492 300
6493 253
6494 253
6495 300
6496 253
6497 253
6498 300
6499 300
6500 300
6501 253
6502 300
6503 300
6504 253
6505 253
6506 253
6507 300
6508 253
6509 300
6510 253
6511 300
6512 253
6513 300
6514 300
6515 253
6516 300
6517 253
6518 253
6519 300
6520 300
6521 300
6522 253
6523 300
6524 253
6525 300
6526 253
6527 253
6528 300
6529 253
6530 253
6531 253
6532 253
6533 300
6534 253
6535 300
6536 253
6537 300
6538 300
6539 253
6540 300
6541 253
6542 253
6543 300
6544 300
6545 253
6546 253
6547 253
6548 300
6549 253
6550 300
6551 300
6552 253
6553 253
6554 253
6555 300
6556 253
6557 253
6558 253
6559 300
6560 300
6561 300
6562 300
6563 300
6564 253
6565 300
6566 253
6567 253
6568 253
6569 300
6570 300
6571 300
6572 253
6573 253
6574 300
6575 253
6576 253
6577 300
6578 300
6579 253
6580 253
6581 300
6582 253
6583 253
6584 300
6585 300
6586 253
6587 253
6588 253
6589 253
6590 17
6591 253
6592 300
6593 253
6594 300
6595 300
6596 300
6597 300
6598 300
6599 253
6600 300
6601 253
6602 253
6603 253
6604 253
6605 300
6606 253
6607 300
6608 300
6609 253
6610 253
6611 253
6612 253
6613 253
6614 300
6615 253
6616 300
6617 253
6618 300
6619 253
6620 253
6621 300
6622 300
6623 253
6624 253
6625 253
6626 253
6627 300
6628 253
6629 253
6630 300
6631 253
6632 253
6633 253
6634 253
6635 300
6636 300
6637 253
6638 253
6639 300
6640 300
6641 253
6642 253
6643 253
6644 300
6645 253
6646 253
6647 253
6648 300
6649 253
6650 300
6651 300
6652 253
6653 300
6654 253
6655 253
6656 253
6657 253
6658 300
6659 253
6660 253
6661 253
6662 253
6663 300
6664 300
6665 253
6666 253
6667 253
6668 300
6669 253
6670 300
6671 253
6672 300
6673 253
6674 253
6675 300
6676 253
6677 253
6678 253
6679 253
6680 300
6681 253
6682 253
6683 253
6684 300
6685 300
6686 253
6687 253
6688 253
6689 253
6690 300
6691 253
6692 253
6693 300
6694 300
6695 300
6696 253
6697 253
6698 253
6699 300
6700 253
6701 253
6702 253
6703 253
6704 253
6705 253
6706 300
6707 253
6708 253
6709 253
6710 253
6711 253
6712 253
6713 300
6714 253
6715 253
6716 253
6717 253
6718 300
6719 300
6720 300
6721 253
6722 253
6723 300
6724 300
6725 253
6726 253
6727 300
6728 300
6729 253
6730 253
6731 300
6732 253
6733 253
6734 300
6735 300
6736 300
6737 300
6738 253
6739 300
6740 300
6741 253
6742 253
6743 253
6744 253
6745 253
6746 253
6747 253
6748 253
6749 253
6750 253
6751 253
6752 300
6753 253
6754 300
6755 253
6756 253
6757 253
6758 253
6759 253
6760 253
6761 253
6762 253
6763 253
6764 300
6765 253
6766 253
6767 300
6768 300
6769 253
6770 300
6771 253
6772 300
6773 300
6774 253
6775 300
6776 300
6777 253
6778 300
6779 300
6780 300
6781 300
6782 300
6783 253
6784 253
6785 253
6786 253
6787 253
6788 253
6789 253
6790 253
6791 300
6792 253
6793 253
6794 253
6795 253
6796 253
6797 300
6798 253
6799 300
6800 253
6801 300
6802 253
6803 300
6804 300
6805 253
6806 300
6807 253
6808 253
6809 253
6810 253
6811 300
6812 253
6813 253
6814 253
6815 253
6816 300
6817 253
6818 300
6819 300
6820 253
6821 300
6822 253
6823 253
6824 300
6825 300
6826 253
6827 253
6828 253
6829 300
6830 18
6831 300
6832 253
6833 253
6834 253
6835 253
6836 253
6837 253
6838 253
6839 253
6840 253
6841 253
6842 253
6843 253
6844 300
6845 253
6846 300
6847 300
6848 253
6849 300
6850 253
6851 300
6852 300
6853 253
6854 300
6855 253
6856 253
6857 253
6858 253
6859 253
6860 300
6861 253
6862 253
6863 300
6864 300
6865 253
6866 300
6867 253
6868 253
6869 253
6870 253
6871 253
6872 300
6873 300
6874 300
6875 300
6876 253
6877 300
6878 253
6879 253
6880 253
6881 300
6882 253
6883 253
6884 253
6885 163
6886 253
6887 253
6888 300
6889 253
6890 253
6891 253
6892 300
6893 253
6894 253
6895 253
6896 253
6897 253
6898 253
6899 300
6900 300
6901 300
6902 300
6903 253
6904 253
6905 253
6906 253
6907 253
6908 300
6909 253
6910 253
6911 253
6912 253
6913 253
6914 253
6915 300
6916 253
6917 253
6918 253
6919 253
6920 300
6921 253
6922 253
6923 253
6924 253
6925 300
6926 253
6927 253
6928 253
6929 300
6930 253
6931 300
6932 253
6933 253
6934 253
6935 253
6936 300
6937 253
6938 300
6939 300
6940 253
6941 253
6942 253
6943 253
6944 300
6945 253
6946 253
6947 253
6948 253
6949 300
6950 300
6951 300
6952 253
6953 300
6954 253
6955 300
6956 300
6957 300
6958 253
6959 253
6960 300
6961 253
6962 253
6963 253
6964 300
6965 253
6966 253
6967 300
6968 253
6969 300
6970 300
6971 300
6972 300
6973 253
6974 300
6975 253
6976 300
6977 253
6978 300
6979 300
6980 300
6981 253
6982 253
6983 300
6984 300
6985 253
6986 253
6987 253
6988 253
6989 253
6990 300
6991 300
6992 253
6993 300
6994 253
6995 253
6996 300
6997 253
6998 253
6999 253
7000 253
7001 253
7002 253
7003 253
7004 253
7005 300
7006 300
7007 253
7008 253
7009 253
7010 253
7011 253
7012 300
7013 300
7014 253
7015 253
7016 253
7017 253
7018 300
7019 253
7020 253
7021 253
7022 253
7023 253
7024 300
7025 300
7026 300
7027 300
7028 253
7029 253
7030 300
7031 253
7032 300
7033 253
7034 300
7035 253
7036 300
7037 300
7038 253
7039 300
7040 300
7041 300
7042 300
7043 300
7044 253
7045 253
7046 253
7047 300
7048 253
7049 253
7050 253
7051 253
7052 300
7053 253
7054 300
7055 300
7056 300
7057 253
7058 300
7059 300
7060 253
7061 300
7062 300
7063 253
7064 253
7065 300
7066 253
7067 300
7068 253
7069 253
7070 253
7071 253
7072 300
7073 253
7074 253
7075 300
7076 253
7077 300
7078 253
7079 253
7080 300
7081 253
7082 253
7083 253
7084 253
7085 253
7086 300
7087 253
7088 300
7089 253
7090 253
7091 253
7092 300
7093 300
7094 300
7095 253
7096 253
7097 253
7098 253
7099 253
7100 253
7101 300
7102 300
7103 300
7104 300
7105 300
7106 300
7107 253
7108 300
7109 253
7110 300
7111 300
7112 300
7113 300
7114 300
7115 253
7116 253
7117 253
7118 253
7119 253
7120 253
7121 300
7122 253
7123 300
7124 300
7125 300
7126 300
7127 253
7128 300
7129 300
7130 300
7131 253
7132 300
7133 253
7134 253
7135 300
7136 253
7137 253
7138 253
7139 300
7140 253
7141 300
7142 300
7143 253
7144 253
7145 300
7146 300
7147 253
7148 253
7149 300
7150 300
7151 300
7152 253
7153 300
7154 300
7155 300
7156 300
7157 253
7158 253
7159 253
7160 253
7161 253
7162 300
7163 253
7164 300
7165 300
7166 300
7167 300
7168 300
7169 253
7170 253
7171 253
7172 253
7173 300
7174 253
7175 300
7176 300
7177 300
7178 253
7179 300
7180 253
7181 300
7182 253
7183 253
7184 253
7185 300
7186 253
7187 253
7188 300
7189 253
7190 300
7191 300
7192 253
7193 300
7194 253
7195 300
7196 253
7197 253
7198 300
7199 300
7200 253
7201 253
7202 253
7203 253
7204 300
7205 253
7206 253
7207 253
7208 300
7209 253
7210 300
7211 253
7212 253
7213 253
7214 300
7215 253
7216 300
7217 300
7218 253
7219 300
7220 253
7221 253
7222 253
7223 253
7224 253
7225 253
7226 300
7227 300
7228 300
7229 300
7230 253
7231 253
7232 300
7233 300
7234 253
7235 253
7236 300
7237 253
7238 253
7239 300
7240 300
7241 253
7242 300
7243 253
7244 300
7245 253
7246 300
7247 300
7248 300
7249 253
7250 253
7251 300
7252 300
7253 300
7254 253
7255 253
7256 253
7257 253
7258 253
7259 253
7260 300
7261 300
7262 300
7263 253
7264 253
7265 253
7266 300
7267 300
7268 300
7269 253
7270 253
7271 253
7272 300
7273 300
7274 300
7275 253
7276 300
7277 253
7278 253
7279 253
7280 253
7281 300
7282 253
7283 300
7284 300
7285 253
7286 253
7287 253
7288 19
7289 300
7290 253
7291 300
7292 19
7293 300
7294 20
7295 300
7296 300
7297 253
7298 253
7299 253
7300 300
7301 253
7302 253
7303 253
7304 300
7305 300
7306 253
7307 300
7308 300
7309 300
7310 300
7311 253
7312 253
7313 300
7314 300
7315 300
7316 300
7317 300
7318 300
7319 300
7320 253
7321 253
7322 253
7323 253
7324 253
7325 253
7326 253
7327 300
7328 253
7329 253
7330 253
7331 300
7332 300
7333 253
7334 300
7335 253
7336 253
7337 253
7338 253
7339 300
7340 300
7341 253
7342 300
7343 253
7344 300
7345 21
7346 253
7347 300
7348 253
7349 300
7350 253
7351 253
7352 253
7353 253
7354 253
7355 300
7356 253
7357 253
7358 253
7359 253
7360 253
7361 253
7362 253
7363 253
7364 300
7365 300
7366 253
7367 253
7368 253
7369 253
7370 253
7371 253
7372 22
7373 253
7374 253
7375 253
7376 300
7377 300
7378 300
7379 253
7380 253
7381 300
7382 300
7383 300
7384 253
7385 253
7386 300
7387 253
7388 253
7389 253
7390 253
7391 253
7392 253
7393 253
7394 253
7395 253
7396 300
7397 253
7398 300
7399 253
7400 300
7401 300
7402 300
7403 300
7404 253
7405 253
7406 253
7407 300
7408 300
7409 300
7410 300
7411 253
7412 300
7413 300
7414 253
7415 253
7416 253
7417 253
7418 300
7419 253
7420 253
7421 300
7422 253
7423 300
7424 253
7425 300
7426 300
7427 253
7428 253
7429 253
7430 253
7431 253
7432 253
7433 253
7434 253
7435 253
7436 300
7437 300
7438 23
7439 300
7440 253
7441 300
7442 300
7443 253
7444 300
7445 300
7446 253
7447 300
7448 253
7449 300
7450 300
7451 253
7452 253
7453 300
7454 300
7455 300
7456 300
7457 300
7458 253
7459 300
7460 300
7461 253
7462 300
7463 253
7464 253
7465 300
7466 300
7467 253
7468 300
7469 300
7470 300
7471 253
7472 253
7473 300
7474 253
7475 300
7476 253
7477 253
7478 300
7479 300
7480 300
7481 253
7482 300
7483 253
7484 300
7485 300
7486 253
7487 253
7488 253
7489 253
7490 253
7491 253
7492 253
7493 253
7494 300
7495 300
7496 253
7497 300
7498 253
7499 253
7500 253
7501 253
7502 300
7503 253
7504 253
7505 300
7506 253
7507 253
7508 253
7509 300
7510 300
7511 300
7512 253
7513 253
7514 253
7515 253
7516 253
7517 300
7518 300
7519 253
7520 253
7521 300
7522 253
7523 253
7524 300
7525 253
7526 253
7527 300
7528 300
7529 253
7530 300
7531 253
7532 253
7533 300
7534 300
7535 253
7536 300
7537 253
7538 300
7539 300
7540 300
7541 253
7542 300
7543 300
7544 253
7545 300
7546 253
7547 253
7548 253
7549 300
7550 300
7551 253
7552 253
7553 300
7554 253
7555 253
7556 253
7557 300
7558 253
7559 300
7560 253
7561 253
7562 300
7563 300
7564 300
7565 300
7566 300
7567 300
7568 253
7569 253
7570 253
7571 253
7572 300
7573 300
7574 253
7575 300
7576 300
7577 253
7578 253
7579 300
7580 300
7581 253
7582 300
7583 300
7584 253
7585 300
7586 253
7587 253
7588 253
7589 253
7590 253
7591 300
7592 253
7593 253
7594 253
7595 300
7596 300
7597 300
7598 253
7599 253
7600 300
7601 300
7602 253
7603 253
7604 253
7605 300
7606 253
7607 253
7608 300
7609 253
7610 300
7611 253
7612 300
7613 253
7614 300
7615 300
7616 253
7617 253
7618 253
7619 253
7620 300
7621 253
7622 253
7623 253
7624 253
7625 253
7626 300
7627 253
7628 300
7629 253
7630 253
7631 300
7632 253
7633 253
7634 253
7635 253
7636 253
7637 253
7638 253
7639 253
7640 253
7641 300
7642 300
7643 253
7644 300
7645 253
7646 300
7647 253
7648 300
7649 300
7650 253
7651 253
7652 253
7653 253
7654 253
7655 253
7656 300
7657 300
7658 300
7659 253
7660 300
7661 300
7662 300
7663 253
7664 300
7665 253
7666 300
7667 253
7668 253
7669 253
7670 253
7671 300
7672 253
7673 253
7674 253
7675 300
7676 253
7677 253
7678 300
7679 300
7680 300
7681 253
7682 253
7683 253
7684 300
7685 253
7686 300
7687 300
7688 253
7689 300
7690 300
7691 300
7692 253
7693 253
7694 253
7695 253
7696 300
7697 253
7698 253
7699 253
7700 300
7701 300
7702 300
7703 253
7704 253
7705 253
7706 253
7707 300
7708 253
7709 253
7710 300
7711 253
7712 300
7713 300
7714 300
7715 253
7716 300
7717 300
7718 300
7719 253
7720 253
7721 253
7722 300
7723 253
7724 253
7725 300
7726 253
7727 253
7728 300
7729 253
7730 300
7731 300
7732 253
7733 253
7734 300
7735 300
7736 300
7737 300
7738 253
7739 300
7740 300
7741 253
7742 253
7743 253
7744 300
7745 253
7746 253
7747 253
7748 300
7749 300
7750 253
7751 300
7752 300
7753 253
7754 300
7755 300
7756 253
7757 253
7758 253
7759 253
7760 253
7761 253
7762 253
7763 253
7764 300
7765 253
7766 300
7767 300
7768 300
7769 300
7770 300
7771 253
7772 300
7773 253
7774 300
7775 253
7776 300
7777 253
7778 253
7779 253
7780 300
7781 300
7782 253
7783 253
7784 253
7785 253
7786 253
7787 253
7788 253
7789 300
7790 300
7791 253
7792 300
7793 300
7794 300
7795 300
7796 253
7797 253
7798 253
7799 253
7800 300
7801 300
7802 300
7803 253
7804 253
7805 300
7806 300
7807 300
7808 300
7809 253
7810 300
7811 300
7812 253
7813 300
7814 253
7815 300
7816 300
7817 300
7818 300
7819 253
7820 253
7821 253
7822 253
7823 253
7824 253
7825 300
7826 253
7827 300
7828 253
7829 300
7830 253
7831 253
7832 253
7833 253
7834 253
7835 253
7836 253
7837 253
7838 300
7839 300
7840 253
7841 253
7842 253
7843 300
7844 253
7845 300
7846 300
7847 300
7848 253
7849 253
7850 300
7851 253
7852 253
7853 300
7854 300
7855 300
7856 300
7857 253
7858 300
7859 253
7860 253
7861 253
7862 300
7863 300
7864 300
7865 300
7866 253
7867 300
7868 300
7869 253
7870 253
7871 300
7872 253
7873 253
7874 253
7875 253
7876 300
7877 300
7878 253
7879 253
7880 253
7881 300
7882 300
7883 253
7884 253
7885 253
7886 300
7887 300
7888 253
7889 253
7890 253
7891 300
7892 253
7893 253
7894 253
7895 300
7896 253
7897 300
7898 300
7899 253
7900 300
7901 300
7902 253
7903 300
7904 253
7905 253
7906 253
7907 253
7908 253
7909 300
7910 253
7911 253
7912 300
7913 300
7914 253
7915 253
7916 253
7917 253
7918 300
7919 253
7920 253
7921 253
7922 300
7923 300
7924 300
7925 253
7926 300
7927 300
7928 300
7929 300
7930 253
7931 253
7932 253
7933 300
7934 253
7935 300
7936 253
7937 253
7938 253
7939 253
7940 253
7941 253
7942 253
7943 253
7944 253
7945 253
7946 253
7947 253
7948 300
7949 300
7950 253
7951 300
7952 253
7953 253
7954 253
7955 253
7956 253
7957 300
7958 300
7959 300
7960 300
7961 300
7962 300
7963 253
7964 300
7965 300
7966 300
7967 300
7968 24
7969 300
7970 300
7971 253
7972 253
7973 300
7974 300
7975 253
7976 300
7977 300
7978 300
7979 253
7980 300
7981 253
7982 253
7983 253
7984 253
7985 300
7986 253
7987 25
7988 253
7989 253
7990 300
7991 300
7992 253
7993 253
7994 300
7995 253
7996 300
7997 253
7998 253
7999 300
8000 253
8001 253
8002 253
8003 253
8004 300
8005 253
8006 300
8007 253
8008 300
8009 253
8010 253
8011 253
8012 253
8013 253
8014 300
8015 253
8016 300
8017 253
8018 300
8019 300
8020 253
8021 300
8022 253
8023 300
8024 253
8025 253
8026 253
8027 253
8028 253
8029 300
8030 253
8031 300
8032 253
8033 300
8034 253
8035 253
8036 253
8037 253
8038 300
8039 300
8040 253
8041 300
8042 253
8043 300
8044 300
8045 253
8046 253
8047 300
8048 253
8049 253
8050 300
8051 300
8052 253
8053 253
8054 253
8055 300
8056 300
8057 253
8058 300
8059 253
8060 253
8061 253
8062 300
8063 300
8064 253
8065 253
8066 253
8067 80
8068 300
8069 300
8070 253
8071 253
8072 300
8073 300
8074 300
8075 300
8076 253
8077 253
8078 253
8079 300
8080 253
8081 253
8082 253
8083 253
8084 253
8085 253
8086 253
8087 253
8088 253
8089 253
8090 253
8091 253
8092 300
8093 300
8094 300
8095 253
8096 253
8097 300
8098 253
8099 253
8100 253
8101 300
8102 253
8103 253
8104 253
8105 300
8106 253
8107 253
8108 300
8109 300
8110 300
8111 253
8112 253
8113 300
8114 253
8115 300
8116 300
8117 253
8118 300
8119 253
8120 253
8121 253
8122 300
8123 253
8124 300
8125 253
8126 253
8127 300
8128 253
8129 253
8130 300
8131 253
8132 253
8133 300
8134 300
8135 300
8136 300
8137 300
8138 253
8139 253
8140 253
8141 300
8142 253
8143 300
8144 253
8145 253
8146 300
8147 300
8148 300
8149 253
8150 300
8151 253
8152 253
8153 253
8154 253
8155 253
8156 253
8157 300
8158 300
8159 253
8160 300
8161 253
8162 300
8163 253
8164 300
8165 300
8166 253
8167 300
8168 300
8169 300
8170 253
8171 253
8172 253
8173 253
8174 253
8175 300
8176 300
8177 300
8178 300
8179 300
8180 300
8181 253
8182 300
8183 300
8184 300
8185 253
8186 253
8187 300
8188 300
8189 253
8190 253
8191 253
8192 253
8193 253
8194 300
8195 253
8196 253
8197 300
8198 253
8199 253
8200 300
8201 300
8202 300
8203 253
8204 253
8205 300
8206 300
8207 300
8208 300
8209 300
8210 300
8211 300
8212 300
8213 253
8214 300
8215 253
8216 300
8217 300
8218 300
8219 300
8220 300
8221 253
8222 300
8223 253
8224 253
8225 253
8226 300
8227 300
8228 253
8229 300
8230 253
8231 253
8232 253
8233 300
8234 253
8235 300
8236 300
8237 300
8238 300
8239 253
8240 253
8241 253
8242 253
8243 300
8244 300
8245 300
8246 253
8247 300
8248 253
8249 300
8250 300
8251 253
8252 253
8253 253
8254 253
8255 253
8256 253
8257 300
8258 300
8259 253
8260 300
8261 253
8262 253
8263 253
8264 253
8265 300
8266 253
8267 253
8268 253
8269 300
8270 300
8271 300
8272 253
8273 253
8274 253
8275 253
8276 253
8277 253
8278 300
8279 253
8280 253
8281 300
8282 300
8283 253
8284 253
8285 300
8286 253
8287 300
8288 300
8289 253
8290 253
8291 300
8292 300
8293 253
8294 253
8295 300
8296 300
8297 253
8298 253
8299 300
8300 253
8301 300
8302 300
8303 253
8304 253
8305 253
8306 253
8307 300
8308 300
8309 253
8310 300
8311 253
8312 253
8313 300
8314 300
8315 253
8316 253
8317 253
8318 253
8319 253
8320 253
8321 300
8322 300
8323 300
8324 253
8325 253
8326 253
8327 253
8328 253
8329 300
8330 300
8331 253
8332 253
8333 253
8334 253
8335 253
8336 300
8337 253
8338 300
8339 253
8340 253
8341 300
8342 300
8343 300
8344 253
8345 253
8346 300
8347 300
8348 253
8349 300
8350 253
8351 253
8352 253
8353 253
8354 300
8355 300
8356 300
8357 253
8358 300
8359 300
8360 253
8361 253
8362 300
8363 300
8364 300
8365 253
8366 253
8367 300
8368 253
8369 253
8370 300
8371 300
8372 253
8373 253
8374 253
8375 253
8376 253
8377 253
8378 300
8379 300
8380 253
8381 300
8382 300
8383 253
8384 253
8385 300
8386 253
8387 300
8388 253
8389 300
8390 253
8391 253
8392 300
8393 300
8394 253
8395 253
8396 253
8397 253
8398 253
8399 300
8400 300
8401 253
8402 300
8403 253
8404 253
8405 300
8406 253
8407 253
8408 253
8409 300
8410 253
8411 253
8412 300
8413 300
8414 300
8415 300
8416 300
8417 300
8418 253
8419 253
8420 300
8421 300
8422 253
8423 253
8424 253
8425 253
8426 253
8427 300
8428 300
8429 253
8430 253
8431 253
8432 300
8433 253
8434 300
8435 253
8436 300
8437 300
8438 300
8439 300
8440 300
8441 253
8442 300
8443 300
8444 253
8445 253
8446 253
8447 253
8448 253
8449 253
8450 300
8451 253
8452 300
8453 253
8454 253
8455 300
8456 300
8457 300
8458 253
8459 300
8460 253
8461 253
8462 253
8463 300
8464 253
8465 253
8466 26
8467 300
8468 27
8469 300
8470 253
8471 300
8472 300
8473 253
8474 300
8475 300
8476 300
8477 300
8478 253
8479 300
8480 300
8481 253
8482 300
8483 253
8484 253
8485 253
8486 253
8487 28
8488 253
8489 300
8490 253
8491 300
8492 253
8493 253
8494 253
8495 300
8496 253
8497 253
8498 253
8499 253
8500 300
8501 253
8502 253
8503 300
8504 300
8505 253
8506 300
8507 253
8508 253
8509 253
8510 253
8511 253
8512 300
8513 253
8514 253
8515 253
8516 253
8517 253
8518 253
8519 253
8520 300
8521 253
8522 300
8523 300
8524 300
8525 300
8526 253
8527 300
8528 253
8529 300
8530 253
8531 300
8532 253
8533 253
8534 300
8535 253
8536 300
8537 300
8538 300
8539 253
8540 253
8541 253
8542 253
8543 253
8544 253
8545 300
8546 253
8547 300
8548 253
8549 253
8550 253
8551 253
8552 300
8553 253
8554 300
8555 253
8556 300
8557 300
8558 300
8559 253
8560 253
8561 300
8562 300
8563 300
8564 253
8565 300
8566 300
8567 253
8568 300
8569 300
8570 253
8571 300
8572 253
8573 300
8574 300
8575 253
8576 253
8577 253
8578 253
8579 29
8580 253
8581 253
8582 253
8583 300
8584 253
8585 300
8586 300
8587 253
8588 253
8589 253
8590 300
8591 300
8592 300
8593 253
8594 253
8595 253
8596 253
8597 300
8598 253
8599 300
8600 253
8601 300
8602 300
8603 300
8604 253
8605 253
8606 300
8607 253
8608 253
8609 253
8610 253
8611 253
8612 253
8613 253
8614 253
8615 253
8616 300
8617 253
8618 300
8619 253
8620 253
8621 300
8622 300
8623 253
8624 300
8625 300
8626 300
8627 253
8628 300
8629 253
8630 253
8631 253
8632 253
8633 300
8634 253
8635 253
8636 300
8637 253
8638 300
8639 253
8640 300
8641 253
8642 300
8643 253
8644 253
8645 300
8646 300
8647 300
8648 300
8649 253
8650 253
8651 253
8652 253
8653 253
8654 253
8655 300
8656 300
8657 300
8658 300
8659 253
8660 253
8661 253
8662 253
8663 253
8664 300
8665 253
8666 300
8667 253
8668 253
8669 300
8670 300
8671 300
8672 300
8673 300
8674 253
8675 300
8676 253
8677 253
8678 253
8679 300
8680 253
8681 300
8682 253
8683 300
8684 253
8685 253
8686 253
8687 253
8688 253
8689 300
8690 253
8691 253
8692 300
8693 253
8694 300
8695 300
8696 253
8697 300
8698 300
8699 300
8700 253
8701 253
8702 253
8703 253
8704 300
8705 300
8706 300
8707 253
8708 253
8709 253
8710 300
8711 253
8712 253
8713 253
8714 300
8715 253
8716 253
8717 253
8718 253
8719 253
8720 253
8721 253
8722 300
8723 300
8724 300
8725 253
8726 300
8727 300
8728 253
8729 300
8730 300
8731 253
8732 253
8733 300
8734 300
8735 253
8736 300
8737 253
8738 253
8739 253
8740 253
8741 300
8742 300
8743 300
8744 300
8745 253
8746 253
8747 300
8748 300
8749 300
8750 300
8751 300
8752 253
8753 253
8754 300
8755 253
8756 300
8757 253
8758 300
8759 300
8760 300
8761 300
8762 300
8763 300
8764 253
8765 253
8766 300
8767 253
8768 300
8769 300
8770 253
8771 253
8772 253
8773 253
8774 30
8775 253
8776 300
8777 300
8778 253
8779 253
8780 253
8781 300
8782 300
8783 253
8784 300
8785 300
8786 253
8787 300
8788 253
8789 300
8790 253
8791 253
8792 253
8793 300
8794 300
8795 300
8796 253
8797 253
8798 300
8799 300
8800 300
8801 253
8802 300
8803 300
8804 31
8805 300
8806 253
8807 300
8808 253
8809 300
8810 300
8811 300
8812 253
8813 253
8814 253
8815 253
8816 300
8817 300
8818 300
8819 300
8820 300
8821 300
8822 300
8823 253
8824 253
8825 253
8826 300
8827 300
8828 253
8829 253
8830 253
8831 300
8832 253
8833 253
8834 300
8835 300
8836 300
8837 253
8838 300
8839 300
8840 253
8841 300
8842 300
8843 253
8844 300
8845 300
8846 300
8847 300
8848 300
8849 253
8850 300
8851 253
8852 253
8853 253
8854 253
8855 253
8856 253
8857 253
8858 253
8859 253
8860 300
8861 253
8862 253
8863 300
8864 300
8865 300
8866 300
8867 300
8868 253
8869 253
8870 253
8871 253
8872 300
8873 253
8874 253
8875 253
8876 253
8877 300
8878 300
8879 253
8880 300
8881 300
8882 253
8883 300
8884 253
8885 253
8886 300
8887 253
8888 253
8889 253
8890 253
8891 253
8892 253
8893 300
8894 300
8895 253
8896 253
8897 253
8898 253
8899 253
8900 300
8901 253
8902 300
8903 300
8904 253
8905 253
8906 300
8907 253
8908 253
8909 300
8910 253
8911 253
8912 253
8913 300
8914 253
8915 253
8916 300
8917 253
8918 300
8919 253
8920 300
8921 253
8922 300
8923 300
8924 253
8925 253
8926 300
8927 300
8928 300
8929 253
8930 253
8931 300
8932 300
8933 300
8934 300
8935 253
8936 253
8937 300
8938 253
8939 300
8940 253
8941 253
8942 300
8943 300
8944 300
8945 300
8946 253
8947 300
8948 253
8949 253
8950 300
8951 253
8952 300
8953 300
8954 253
8955 253
8956 300
8957 300
8958 300
8959 253
8960 253
8961 253
8962 253
8963 253
8964 300
8965 300
8966 253
8967 300
8968 300
8969 253
8970 300
8971 300
8972 253
8973 253
8974 253
8975 300
8976 300
8977 253
8978 300
8979 253
8980 253
8981 300
8982 253
8983 253
8984 300
8985 300
8986 300
8987 253
8988 253
8989 253
8990 253
8991 253
8992 300
8993 300
8994 253
8995 300
8996 253
8997 300
8998 253
8999 300
9000 253
9001 180
9002 300
9003 253
9004 253
9005 300
9006 300
9007 253
9008 253
9009 300
9010 253
9011 253
9012 253
9013 300
9014 300
9015 300
9016 253
9017 253
9018 300
9019 253
9020 253
9021 253
9022 253
9023 300
9024 253
9025 300
9026 253
9027 300
9028 300
9029 253
9030 300
9031 253
9032 300
9033 253
9034 253
9035 300
9036 253
9037 253
9038 300
9039 300
9040 253
9041 253
9042 253
9043 300
9044 253
9045 300
9046 253
9047 253
9048 300
9049 300
9050 300
9051 253
9052 253
9053 253
9054 253
9055 253
9056 253
9057 253
9058 300
9059 253
9060 300
9061 253
9062 300
9063 253
9064 300
9065 253
9066 300
9067 300
9068 253
9069 300
9070 253
9071 253
9072 253
9073 253
9074 253
9075 300
9076 253
9077 253
9078 253
9079 253
9080 253
9081 253
9082 253
9083 253
9084 253
9085 253
9086 253
9087 300
9088 300
9089 253
9090 300
9091 253
9092 253
9093 253
9094 253
9095 253
9096 300
9097 300
9098 253
9099 300
9100 300
9101 253
9102 253
9103 253
9104 300
9105 253
9106 300
9107 253
9108 253
9109 253
9110 253
9111 300
9112 300
9113 253
9114 253
9115 300
9116 300
9117 300
9118 300
9119 253
9120 253
9121 300
9122 253
9123 300
9124 300
9125 300
9126 253
9127 300
9128 300
9129 253
9130 253
9131 300
9132 253
9133 300
9134 300
9135 300
9136 253
9137 300
9138 300
9139 253
9140 300
9141 300
9142 253
9143 300
9144 300
9145 300
9146 300
9147 253
9148 300
9149 300
9150 300
9151 300
9152 253
9153 300
9154 300
9155 300
9156 300
9157 300
9158 300
9159 253
9160 253
9161 253
9162 300
9163 300
9164 253
9165 253
9166 253
9167 253
9168 253
9169 300
9170 300
9171 253
9172 253
9173 253
9174 253
9175 300
9176 253
9177 300
9178 253
9179 253
9180 253
9181 253
9182 300
9183 300
9184 300
9185 300
9186 253
9187 253
9188 253
9189 300
9190 300
9191 300
9192 300
9193 300
9194 253
9195 253
9196 253
9197 253
9198 253
9199 300
9200 253
9201 253
9202 300
9203 300
9204 253
9205 253
9206 253
9207 300
9208 300
9209 300
9210 300
9211 300
9212 253
9213 300
9214 253
9215 253
9216 253
9217 253
9218 300
9219 253
9220 32
9221 253
9222 253
9223 300
9224 300
9225 253
9226 300
9227 253
9228 253
9229 253
9230 300
9231 253
9232 300
9233 300
9234 253
9235 300
9236 300
9237 300
9238 300
9239 300
9240 253
9241 300
9242 253
9243 253
9244 300
9245 253
9246 253
9247 253
9248 253
9249 253
9250 300
9251 300
9252 253
9253 300
9254 253
9255 300
9256 300
9257 253
9258 300
9259 253
9260 253
9261 253
9262 300
9263 300
9264 253
9265 300
9266 300
9267 300
9268 300
9269 300
9270 253
9271 300
9272 300
9273 300
9274 253
9275 300
9276 300
9277 300
9278 253
9279 300
9280 253
9281 253
9282 300
9283 300
9284 33
9285 300
9286 300
9287 253
9288 300
9289 300
9290 253
9291 253
9292 253
9293 253
9294 300
9295 253
9296 300
9297 300
9298 253
9299 300
9300 300
9301 253
9302 300
9303 253
9304 300
9305 300
9306 300
9307 253
9308 253
9309 300
9310 253
9311 300
9312 253
9313 253
9314 300
9315 253
9316 253
9317 253
9318 253
9319 253
9320 300
9321 253
9322 253
9323 253
9324 300
9325 253
9326 253
9327 300
9328 253
9329 253
9330 253
9331 300
9332 253
9333 253
9334 300
9335 253
9336 253
9337 253
9338 300
9339 300
9340 253
9341 253
9342 253
9343 253
9344 300
9345 300
9346 253
9347 253
9348 253
9349 300
9350 300
9351 253
9352 253
9353 300
9354 300
9355 253
9356 300
9357 300
9358 253
9359 253
9360 253
9361 253
9362 300
9363 300
9364 253
9365 300
9366 300
9367 300
9368 253
9369 300
9370 300
9371 253
9372 253
9373 253
9374 253
9375 253
9376 300
9377 253
9378 300
9379 300
9380 253
9381 300
9382 253
9383 300
9384 300
9385 300
9386 253
9387 253
9388 253
9389 253
9390 253
9391 300
9392 300
9393 300
9394 253
9395 253
9396 253
9397 300
9398 300
9399 300
9400 300
9401 35
9402 253
9403 253
9404 300
9405 300
9406 253
9407 253
9408 253
9409 253
9410 300
9411 253
9412 300
9413 253
9414 300
9415 300
9416 300
9417 253
9418 300
9419 300
9420 300
9421 253
9422 300
9423 253
9424 300
9425 253
9426 253
9427 253
9428 300
9429 253
9430 253
9431 253
9432 253
9433 253
9434 253
9435 300
9436 253
9437 253
9438 300
9439 253
9440 300
9441 300
9442 300
9443 253
9444 300
9445 253
9446 300
9447 300
9448 300
9449 253
9450 253
9451 300
9452 253
9453 253
9454 253
9455 300
9456 253
9457 300
9458 300
9459 253
9460 300
9461 300
9462 300
9463 253
9464 300
9465 300
9466 253
9467 300
9468 253
9469 300
9470 253
9471 300
9472 253
9473 300
9474 300
9475 253
9476 253
9477 300
9478 253
9479 300
9480 253
9481 253
9482 253
9483 253
9484 253
9485 300
9486 253
9487 253
9488 253
9489 253
9490 253
9491 300
9492 253
9493 253
9494 253
9495 300
9496 253
9497 300
9498 253
9499 300
9500 253
9501 300
9502 300
9503 253
9504 300
9505 253
9506 300
9507 300
9508 253
9509 253
9510 253
9511 300
9512 253
9513 253
9514 253
9515 300
9516 300
9517 253
9518 253
9519 253
9520 253
9521 300
9522 253
9523 300
9524 300
9525 253
9526 253
9527 253
9528 300
9529 300
9530 300
9531 253
9532 300
9533 253
9534 253
9535 300
9536 300
9537 300
9538 253
9539 253
9540 253
9541 253
9542 300
9543 300
9544 300
9545 300
9546 253
9547 300
9548 253
9549 253
9550 300
9551 253
9552 34
9553 253
9554 253
9555 300
9556 300
9557 253
9558 300
9559 300
9560 300
9561 253
9562 300
9563 253
9564 253
9565 300
9566 35
9567 253
9568 253
9569 253
9570 300
9571 253
9572 300
9573 253
9574 253
9575 253
9576 300
9577 300
9578 300
9579 253
9580 300
9581 300
9582 253
9583 253
9584 253
9585 253
9586 300
9587 253
9588 300
9589 300
9590 300
9591 300
9592 253
9593 300
9594 300
9595 253
9596 253
9597 253
9598 253
9599 253
9600 253
9601 300
9602 253
9603 253
9604 253
9605 253
9606 300
9607 300
9608 300
9609 300
9610 300
9611 253
9612 300
9613 253
9614 253
9615 300
9616 300
9617 300
9618 300
9619 253
9620 253
9621 253
9622 300
9623 253
9624 253
9625 253
9626 300
9627 253
9628 300
9629 300
9630 300
9631 300
9632 253
9633 253
9634 300
9635 253
9636 253
9637 253
9638 253
9639 253
9640 253
9641 253
9642 300
9643 300
9644 300
9645 300
9646 253
9647 253
9648 300
9649 253
9650 300
9651 253
9652 253
9653 253
9654 300
9655 300
9656 253
9657 300
9658 253
9659 300
9660 300
9661 253
9662 300
9663 300
9664 253
9665 300
9666 253
9667 253
9668 300
9669 300
9670 253
9671 253
9672 253
9673 300
9674 300
9675 253
9676 253
9677 253
9678 253
9679 253
9680 300
9681 253
9682 253
9683 253
9684 253
9685 253
9686 253
9687 300
9688 253
9689 253
9690 300
9691 300
9692 300
9693 253
9694 300
9695 253
9696 253
9697 253
9698 253
9699 253
9700 300
9701 253
9702 253
9703 300
9704 300
9705 300
9706 300
9707 300
9708 253
9709 300
9710 300
9711 300
9712 300
9713 253
9714 253
9715 300
9716 253
9717 300
9718 253
9719 300
9720 253
9721 253
9722 253
9723 300
9724 253
9725 300
9726 300
9727 253
9728 253
9729 253
9730 253
9731 253
9732 253
9733 253
9734 253
9735 253
9736 253
9737 253
9738 300
9739 300
9740 253
9741 300
9742 300
9743 253
9744 300
9745 253
9746 253
9747 300
9748 300
9749 300
9750 300
9751 253
9752 300
9753 300
9754 300
9755 300
9756 300
9757 253
9758 300
9759 253
9760 253
9761 300
9762 253
9763 253
9764 300
9765 300
9766 253
9767 253
9768 300
9769 253
9770 253
9771 300
9772 253
9773 253
9774 253
9775 253
9776 253
9777 300
9778 300
9779 300
9780 253
9781 36
9782 253
9783 253
9784 300
9785 300
9786 253
9787 300
9788 253
9789 253
9790 300
9791 300
9792 253
9793 253
9794 300
9795 300
9796 300
9797 300
9798 253
9799 253
9800 253
9801 300
9802 253
9803 253
9804 300
9805 253
9806 253
9807 253
9808 300
9809 253
9810 253
9811 300
9812 253
9813 253
9814 300
9815 300
9816 253
9817 300
9818 300
9819 253
9820 253
9821 300
9822 253
9823 253
9824 253
9825 253
9826 253
9827 253
9828 253
9829 300
9830 253
9831 300
9832 300
9833 253
9834 300
9835 253
9836 300
9837 253
9838 253
9839 253
9840 300
9841 253
9842 300
9843 300
9844 300
9845 300
9846 300
9847 300
9848 300
9849 253
9850 300
9851 253
9852 253
9853 253
9854 253
9855 300
9856 300
9857 300
9858 300
9859 300
9860 253
9861 36
9862 253
9863 300
9864 253
9865 253
9866 253
9867 300
9868 300
9869 300
9870 300
9871 300
9872 300
9873 253
9874 253
9875 300
9876 253
9877 300
9878 253
9879 253
9880 253
9881 253
9882 300
9883 253
9884 253
9885 253
9886 300
9887 253
9888 253
9889 253
9890 300
9891 253
9892 300
9893 253
9894 300
9895 300
9896 300
9897 253
9898 300
9899 253
9900 253
9901 300
9902 253
9903 300
9904 253
9905 253
9906 253
9907 253
9908 253
9909 300
9910 253
9911 253
9912 300
9913 253
9914 300
9915 300
9916 253
9917 300
9918 253
9919 253
9920 253
9921 300
9922 253
9923 253
9924 253
9925 300
9926 300
9927 253
9928 300
9929 253
9930 253
9931 300
9932 253
9933 300
9934 253
9935 300
9936 300
9937 300
9938 253
9939 300
9940 253
9941 253
9942 300
9943 253
9944 300
9945 300
9946 253
9947 253
9948 253
9949 253
9950 300
9951 253
9952 253
9953 253
9954 300
9955 37
9956 300
9957 253
9958 253
9959 300
9960 300
9961 300
9962 253
9963 253
9964 300
9965 253
9966 253
9967 300
9968 300
9969 253
9970 253
9971 300
9972 253
9973 300
9974 253
9975 300
9976 300
9977 300
9978 300
9979 253
9980 253
9981 253
9982 253
9983 300
9984 253
9985 253
9986 253
9987 300
9988 253
9989 300
9990 253
9991 253
9992 253
9993 253
9994 253
9995 253
9996 253
9997 253
9998 253
9999 253
10000 300
10001 300
10002 253
10003 253
10004 253
10005 253
10006 253
10007 253
10008 253
10009 253
10010 300
10011 300
10012 253
10013 300
10014 253
10015 300
10016 300
10017 253
10018 253
10019 253
10020 253
10021 300
10022 300
10023 253
10024 300
10025 300
10026 253
10027 253
10028 253
10029 253
10030 300
10031 253
10032 300
10033 300
10034 300
10035 300
10036 300
10037 253
10038 300
10039 300
10040 253
10041 300
10042 300
10043 300
10044 253
10045 253
10046 300
10047 253
10048 253
10049 253
10050 300
10051 300
10052 253
10053 253
10054 253
10055 253
10056 300
10057 300
10058 300
10059 253
10060 253
10061 300
10062 300
10063 253
10064 300
10065 300
10066 253
10067 300
10068 253
10069 253
10070 300
10071 253
10072 300
10073 300
10074 253
10075 253
10076 253
10077 253
10078 300
10079 253
10080 300
10081 300
10082 253
10083 253
10084 300
10085 300
10086 253
10087 253
10088 253
10089 300
10090 253
10091 300
10092 253
10093 253
10094 253
10095 253
10096 253
10097 300
10098 300
10099 300
10100 253
10101 253
10102 253
10103 300
10104 253
10105 253
10106 253
10107 253
10108 253
10109 300
10110 253
10111 300
10112 300
10113 253
10114 253
10115 300
10116 300
10117 300
10118 253
10119 253
10120 253
10121 253
10122 300
10123 300
10124 253
10125 300
10126 253
10127 253
10128 253
10129 253
10130 300
10131 253
10132 300
10133 300
10134 253
10135 300
10136 300
10137 253
10138 253
10139 300
10140 300
10141 300
10142 253
10143 253
10144 300
10145 253
10146 300
10147 253
10148 253
10149 253
10150 300
10151 300
10152 253
10153 253
10154 253
10155 253
10156 253
10157 253
10158 253
10159 300
10160 300
10161 253
10162 253
10163 253
10164 253
10165 253
10166 300
10167 253
10168 253
10169 253
10170 253
10171 253
10172 300
10173 300
10174 253
10175 253
10176 253
10177 300
10178 300
10179 253
10180 253
10181 300
10182 253
10183 253
10184 300
10185 300
10186 253
10187 300
10188 300
10189 300
10190 253
10191 253
10192 300
10193 300
10194 300
10195 253
10196 300
10197 253
10198 300
10199 253
10200 300
10201 253
10202 300
10203 300
10204 300
10205 300
10206 300
10207 253
10208 300
10209 300
10210 253
10211 253
10212 253
10213 300
10214 300
10215 253
10216 253
10217 253
10218 253
10219 300
10220 300
10221 253
10222 253
10223 253
10224 253
10225 253
10226 253
10227 253
10228 300
10229 300
10230 253
10231 300
10232 253
10233 253
10234 300
10235 38
10236 253
10237 300
10238 300
10239 253
10240 253
10241 253
10242 253
10243 253
10244 253
10245 253
10246 300
10247 300
10248 300
10249 300
10250 253
10251 300
10252 253
10253 300
10254 253
10255 253
10256 253
10257 253
10258 253
10259 253
10260 253
10261 253
10262 300
10263 253
10264 253
10265 300
10266 253
10267 300
10268 300
10269 39
10270 300
10271 300
10272 300
10273 300
10274 300
10275 300
10276 300
10277 253
10278 300
10279 253
10280 300
10281 253
10282 253
10283 300
10284 300
10285 253
10286 300
10287 300
10288 300
10289 253
10290 253
10291 253
10292 253
10293 300
10294 300
10295 253
10296 300
10297 300
10298 300
10299 253
10300 253
10301 253
10302 253
10303 300
10304 253
10305 253
10306 300
10307 300
10308 253
10309 253
10310 253
10311 253
10312 253
10313 300
10314 253
10315 253
10316 300
10317 300
10318 253
10319 300
10320 253
10321 300
10322 253
10323 253
10324 253
10325 253
10326 253
10327 300
10328 253
10329 253
10330 300
10331 253
10332 300
10333 253
10334 300
10335 300
10336 253
10337 300
10338 300
10339 253
10340 253
10341 253
10342 300
10343 253
10344 253
10345 253
10346 253
10347 253
10348 300
10349 300
10350 300
10351 253
10352 253
10353 253
10354 253
10355 253
10356 300
10357 300
10358 300
10359 253
10360 300
10361 253
10362 300
10363 253
10364 253
10365 253
10366 300
10367 253
10368 253
10369 300
10370 300
10371 300
10372 253
10373 253
10374 300
10375 253
10376 253
10377 253
10378 300
10379 253
10380 300
10381 253
10382 253
10383 253
10384 253
10385 253
10386 300
10387 253
10388 300
10389 253
10390 253
10391 300
10392 253
10393 300
10394 300
10395 300
10396 300
10397 300
10398 253
10399 253
10400 300
10401 253
10402 253
10403 253
10404 253
10405 300
10406 300
10407 253
10408 300
10409 253
10410 300
10411 300
10412 253
10413 253
10414 253
10415 253
10416 253
10417 300
10418 253
10419 300
10420 300
10421 300
10422 253
10423 253
10424 253
10425 253
10426 300
10427 253
10428 300
10429 253
10430 253
10431 253
10432 253
10433 300
10434 253
10435 253
10436 253
10437 253
10438 300
10439 300
10440 300
10441 300
10442 253
10443 253
10444 253
10445 300
10446 253
10447 300
10448 253
10449 253
10450 253
10451 300
10452 300
10453 253
10454 253
10455 40
10456 41
10457 253
10458 253
10459 253
10460 253
10461 253
10462 253
10463 300
10464 300
10465 300
10466 300
10467 300
10468 300
10469 300
10470 300
10471 253
10472 42
10473 253
10474 253
10475 253
10476 253
10477 300
10478 300
10479 253
10480 300
10481 300
10482 253
10483 300
10484 253
10485 253
10486 253
10487 253
10488 253
10489 253
10490 253
10491 253
10492 253
10493 300
10494 300
10495 300
10496 253
10497 300
10498 253
10499 300
10500 253
10501 300
10502 253
10503 300
10504 300
10505 300
10506 253
10507 300
10508 300
10509 300
10510 300
10511 253
10512 253
10513 300
10514 253
10515 253
10516 253
10517 253
10518 253
10519 300
10520 253
10521 253
10522 300
10523 253
10524 300
10525 253
10526 253
10527 300
10528 253
10529 300
10530 253
10531 253
10532 300
10533 300
10534 253
10535 253
10536 253
10537 253
10538 253
10539 253
10540 300
10541 253
10542 300
10543 300
10544 43
10545 253
10546 300
10547 300
10548 253
10549 253
10550 300
10551 300
10552 300
10553 253
10554 253
10555 253
10556 300
10557 300
10558 300
10559 253
10560 300
10561 253
10562 253
10563 253
10564 300
10565 300
10566 300
10567 300
10568 253
10569 253
10570 44
10571 253
10572 253
10573 253
10574 300
10575 253
10576 253
10577 300
10578 300
10579 253
10580 253
10581 253
10582 253
10583 300
10584 300
10585 300
10586 300
10587 300
10588 300
10589 300
10590 300
10591 253
10592 300
10593 300
10594 253
10595 300
10596 300
10597 253
10598 253
10599 300
10600 253
10601 253
10602 300
10603 300
10604 253
10605 300
10606 300
10607 300
10608 300
10609 300
10610 300
10611 253
10612 253
10613 253
10614 253
10615 253
10616 253
10617 300
10618 253
10619 300
10620 300
10621 253
10622 300
10623 253
10624 300
10625 253
10626 253
10627 300
10628 300
10629 300
10630 253
10631 253
10632 253
10633 253
10634 253
10635 253
10636 300
10637 300
10638 253
10639 253
10640 300
10641 253
10642 253
10643 300
10644 300
10645 253
10646 300
10647 300
10648 300
10649 253
10650 253
10651 300
10652 300
10653 300
10654 300
10655 253
10656 300
10657 300
10658 253
10659 253
10660 300
10661 300
10662 253
10663 300
10664 300
10665 300
10666 300
10667 300
10668 253
10669 253
10670 253
10671 253
10672 253
10673 300
10674 253
10675 253
10676 253
10677 253
10678 300
10679 253
10680 253
10681 300
10682 300
10683 253
10684 253
10685 300
10686 253
10687 300
10688 300
10689 253
10690 300
10691 300
10692 253
10693 253
10694 253
10695 253
10696 253
10697 300
10698 253
10699 253
10700 253
10701 300
10702 253
10703 253
10704 300
10705 253
10706 253
10707 300
10708 253
10709 300
10710 253
10711 253
10712 253
10713 300
10714 300
10715 253
10716 253
10717 300
10718 253
10719 253
10720 253
10721 253
10722 253
10723 253
10724 300
10725 253
10726 300
10727 300
10728 253
10729 253
10730 300
10731 300
10732 300
10733 300
10734 300
10735 253
10736 253
10737 300
10738 253
10739 253
10740 253
10741 300
10742 253
10743 300
10744 300
10745 253
10746 300
10747 300
10748 300
10749 300
10750 300
10751 300
10752 253
10753 253
10754 253
10755 300
10756 300
10757 300
10758 300
10759 253
10760 300
10761 253
10762 253
10763 253
10764 253
10765 300
10766 253
10767 253
10768 300
10769 300
10770 300
10771 253
10772 300
10773 253
10774 300
10775 300
10776 300
10777 300
10778 300
10779 300
10780 300
10781 253
10782 300
10783 300
10784 300
10785 300
10786 253
10787 253
10788 253
10789 300
10790 253
10791 253
10792 253
10793 253
10794 253
10795 253
10796 300
10797 253
10798 253
10799 253
10800 300
10801 300
10802 300
10803 300
10804 300
10805 253
10806 253
10807 300
10808 300
10809 253
10810 300
10811 253
10812 253
10813 300
10814 253
10815 253
10816 253
10817 300
10818 253
10819 253
10820 300
10821 253
10822 253
10823 253
10824 253
10825 253
10826 253
10827 253
10828 300
10829 253
10830 253
10831 253
10832 45
10833 253
10834 300
10835 253
10836 300
10837 300
10838 253
10839 253
10840 300
10841 253
10842 253
10843 300
10844 253
10845 253
10846 300
10847 300
10848 300
10849 300
10850 300
10851 300
10852 300
10853 253
10854 253
10855 253
10856 300
10857 300
10858 300
10859 253
10860 253
10861 253
10862 253
10863 253
10864 253
10865 46
10866 300
10867 300
10868 300
10869 300
10870 253
10871 253
10872 300
10873 300
10874 253
10875 300
10876 300
10877 253
10878 253
10879 253
10880 253
10881 300
10882 253
10883 253
10884 253
10885 300
10886 253
10887 300
10888 300
10889 253
10890 253
10891 253
10892 253
10893 253
10894 300
10895 253
10896 253
10897 253
10898 253
10899 300
10900 253
10901 300
10902 300
10903 253
10904 253
10905 253
10906 253
10907 300
10908 300
10909 253
10910 300
10911 300
10912 300
10913 300
10914 300
10915 253
10916 253
10917 253
10918 253
10919 253
10920 300
10921 300
10922 300
10923 253
10924 253
10925 300
10926 300
10927 300
10928 253
10929 253
10930 300
10931 300
10932 300
10933 300
10934 253
10935 47
10936 300
10937 300
10938 300
10939 300
10940 300
10941 300
10942 253
10943 253
10944 300
10945 253
10946 300
10947 253
10948 253
10949 253
10950 253
10951 253
10952 253
10953 300
10954 253
10955 300
10956 300
10957 300
10958 253
10959 253
10960 300
10961 300
10962 253
10963 253
10964 253
10965 253
10966 253
10967 253
10968 300
10969 300
10970 300
10971 253
10972 253
10973 300
10974 300
10975 253
10976 300
10977 253
10978 253
10979 300
10980 253
10981 253
10982 253
10983 253
10984 253
10985 253
10986 300
10987 300
10988 253
10989 300
10990 253
10991 300
10992 253
10993 300
10994 300
10995 253
10996 300
10997 253
10998 300
10999 253
11000 300
11001 300
11002 300
11003 300
11004 253
11005 253
11006 300
11007 300
11008 253
11009 253
11010 253
11011 253
11012 300
11013 300
11014 300
11015 300
11016 253
11017 253
11018 300
11019 253
11020 253
11021 253
11022 300
11023 253
11024 300
11025 300
11026 300
11027 300
11028 300
11029 300
11030 253
11031 300
11032 253
11033 253
11034 300
11035 300
11036 300
11037 253
11038 300
11039 253
11040 253
11041 253
11042 253
11043 300
11044 253
11045 48
11046 253
11047 253
11048 253
11049 300
11050 300
11051 300
11052 300
11053 300
11054 300
11055 300
11056 253
11057 253
11058 300
11059 253
11060 253
11061 253
11062 300
11063 300
11064 253
11065 300
11066 253
11067 300
11068 300
11069 300
11070 300
11071 253
11072 253
11073 253
11074 253
11075 253
11076 300
11077 253
11078 300
11079 300
11080 300
11081 253
11082 49
11083 300
11084 300
11085 300
11086 253
11087 300
11088 253
11089 300
11090 300
11091 300
11092 300
11093 253
11094 253
11095 253
11096 300
11097 300
11098 300
11099 300
11100 253
11101 253
11102 253
11103 253
11104 300
11105 253
11106 253
11107 253
11108 300
11109 253
11110 300
11111 300
11112 253
11113 300
11114 300
11115 253
11116 253
11117 300
11118 300
11119 253
11120 253
11121 253
11122 300
11123 253
11124 253
11125 253
11126 253
11127 253
11128 300
11129 253
11130 300
11131 300
11132 300
11133 253
11134 253
11135 300
11136 300
11137 253
11138 300
11139 300
11140 253
11141 300
11142 300
11143 300
11144 300
11145 253
11146 253
11147 300
11148 300
11149 253
11150 253
11151 300
11152 253
11153 300
11154 253
11155 50
11156 300
11157 253
11158 253
11159 300
11160 253
11161 253
11162 300
11163 300
11164 300
11165 253
11166 300
11167 300
11168 300
11169 253
11170 253
11171 300
11172 300
11173 253
11174 300
11175 253
11176 300
11177 300
11178 300
11179 253
11180 300
11181 300
11182 300
11183 300
11184 253
11185 253
11186 300
11187 253
11188 253
11189 300
11190 253
11191 253
11192 300
11193 253
11194 300
11195 300
11196 253
11197 253
11198 253
11199 300
11200 300
11201 253
11202 300
11203 253
11204 253
11205 300
11206 253
11207 253
11208 253
11209 300
11210 300
11211 300
11212 300
11213 300
11214 253
11215 253
11216 300
11217 253
11218 300
11219 300
11220 300
11221 300
11222 253
11223 253
11224 253
11225 253
11226 253
11227 300
11228 300
11229 253
11230 253
11231 253
11232 253
11233 253
11234 253
11235 253
11236 253
11237 300
11238 300
11239 300
11240 300
11241 300
11242 300
11243 300
11244 253
11245 253
11246 253
11247 300
11248 253
11249 253
11250 253
11251 253
11252 51
11253 300
11254 300
11255 300
11256 253
11257 300
11258 300
11259 300
11260 300
11261 253
11262 253
11263 300
11264 253
11265 253
11266 253
11267 300
11268 253
11269 300
11270 253
11271 300
11272 253
11273 300
11274 300
11275 253
11276 300
11277 300
11278 300
11279 300
11280 253
11281 300
11282 253
11283 300
11284 300
11285 253
11286 253
11287 253
11288 300
11289 300
11290 300
11291 253
11292 253
11293 253
11294 253
11295 253
11296 253
11297 300
11298 300
11299 300
11300 300
11301 253
11302 253
11303 253
11304 253
11305 253
11306 253
11307 253
11308 253
11309 300
11310 300
11311 300
11312 253
11313 300
11314 300
11315 300
11316 300
11317 253
11318 253
11319 253
11320 253
11321 253
11322 300
11323 300
11324 300
11325 253
11326 300
11327 253
11328 300
11329 300
11330 253
11331 253
11332 300
11333 253
11334 253
11335 253
11336 253
11337 253
11338 300
11339 300
11340 300
11341 300
11342 253
11343 300
11344 300
11345 253
11346 300
11347 253
11348 300
11349 253
11350 300
11351 253
11352 300
11353 253
11354 253
11355 253
11356 300
11357 300
11358 300
11359 300
11360 253
11361 300
11362 253
11363 253
11364 253
11365 253
11366 300
11367 300
11368 253
11369 300
11370 300
11371 300
11372 300
11373 253
11374 253
11375 253
11376 253
11377 300
11378 300
11379 300
11380 300
11381 253
11382 300
11383 300
11384 253
11385 300
11386 300
11387 300
11388 300
11389 300
11390 300
11391 253
11392 300
11393 253
11394 253
11395 300
11396 253
11397 253
11398 253
11399 300
11400 253
11401 300
11402 300
11403 300
11404 300
11405 300
11406 300
11407 253
11408 300
11409 300
11410 253
11411 253
11412 253
11413 300
11414 300
11415 253
11416 300
11417 300
11418 300
11419 300
11420 253
11421 300
11422 300
11423 253
11424 253
11425 253
11426 300
11427 300
11428 253
11429 300
11430 300
11431 253
11432 253
11433 300
11434 253
11435 300
11436 253
11437 300
11438 253
11439 253
11440 253
11441 253
11442 300
11443 253
11444 253
11445 253
11446 253
11447 253
11448 253
11449 253
11450 253
11451 300
11452 253
11453 300
11454 300
11455 253
11456 300
11457 300
11458 253
11459 300
11460 253
11461 300
11462 253
11463 300
11464 253
11465 300
11466 300
11467 300
11468 253
11469 253
11470 253
11471 300
11472 253
11473 253
11474 300
11475 300
11476 300
11477 253
11478 253
11479 253
11480 300
11481 300
11482 253
11483 253
11484 253
11485 300
11486 253
11487 253
11488 300
11489 300
11490 300
11491 300
11492 300
11493 253
11494 253
11495 253
11496 253
11497 300
11498 300
11499 300
11500 253
11501 253
11502 300
11503 253
11504 300
11505 300
11506 300
11507 300
11508 253
11509 253
11510 300
11511 300
11512 253
11513 300
11514 253
11515 253
11516 253
11517 253
11518 253
11519 300
11520 300
11521 253
11522 253
11523 253
11524 253
11525 300
11526 253
11527 253
11528 253
11529 300
11530 253
11531 253
11532 300
11533 300
11534 253
11535 300
11536 300
11537 300
11538 300
11539 253
11540 300
11541 300
11542 253
11543 253
11544 253
11545 253
11546 253
11547 300
11548 300
11549 300
11550 253
11551 253
11552 253
11553 253
11554 300
11555 253
11556 253
11557 253
11558 253
11559 300
11560 253
11561 300
11562 300
11563 300
11564 253
11565 300
11566 300
11567 300
11568 300
11569 253
11570 300
11571 253
11572 300
11573 253
11574 253
11575 253
11576 253
11577 300
11578 300
11579 300
11580 300
11581 300
11582 300
11583 253
11584 300
11585 300
11586 300
11587 300
11588 253
11589 300
11590 300
11591 253
11592 300
11593 253
11594 300
11595 300
11596 300
11597 300
11598 300
11599 300
11600 300
11601 300
11602 253
11603 300
11604 300
11605 253
11606 300
11607 300
11608 253
11609 253
11610 253
11611 300
11612 253
11613 253
11614 300
11615 253
11616 253
11617 300
11618 300
11619 253
11620 300
11621 300
11622 300
11623 253
11624 300
11625 253
11626 253
11627 300
11628 253
11629 253
11630 253
11631 300
11632 300
11633 253
11634 300
11635 253
11636 253
11637 300
11638 300
11639 300
11640 253
11641 300
11642 300
11643 300
11644 253
11645 253
11646 300
11647 300
11648 253
11649 300
11650 300
11651 300
11652 300
11653 300
11654 300
11655 253
11656 253
11657 52
11658 300
11659 300
11660 253
11661 253
11662 300
11663 253
11664 300
11665 300
11666 253
11667 253
11668 253
11669 253
11670 253
11671 300
11672 300
11673 300
11674 300
11675 253
11676 253
11677 300
11678 253
11679 300
11680 253
11681 300
11682 300
11683 300
11684 300
11685 253
11686 253
11687 300
11688 253
11689 253
11690 300
11691 253
11692 253
11693 253
11694 253
11695 300
11696 253
11697 300
11698 253
11699 300
11700 253
11701 253
11702 253
11703 253
11704 253
11705 253
11706 300
11707 253
11708 253
11709 300
11710 253
11711 253
11712 300
11713 300
11714 300
11715 253
11716 300
11717 300
11718 253
11719 253
11720 253
11721 53
11722 300
11723 300
11724 253
11725 253
11726 253
11727 300
11728 253
11729 300
11730 253
11731 253
11732 253
11733 253
11734 253
11735 253
11736 253
11737 54
11738 300
11739 300
11740 300
11741 253
11742 253
11743 300
11744 253
11745 253
11746 300
11747 253
11748 300
11749 300
11750 253
11751 253
11752 300
11753 300
11754 300
11755 253
11756 253
11757 300
11758 253
11759 300
11760 253
11761 300
11762 300
11763 253
11764 300
11765 253
11766 300
11767 253
11768 253
11769 253
11770 300
11771 300
11772 300
11773 300
11774 300
11775 253
11776 253
11777 253
11778 253
11779 300
11780 300
11781 253
11782 253
11783 300
11784 300
11785 253
11786 253
11787 300
11788 253
11789 253
11790 300
11791 253
11792 300
11793 253
11794 253
11795 300
11796 300
11797 300
11798 253
11799 253
11800 253
11801 253
11802 300
11803 300
11804 253
11805 253
11806 253
11807 253
11808 253
11809 300
11810 300
11811 253
11812 300
11813 253
11814 253
11815 253
11816 253
11817 300
11818 300
11819 300
11820 300
11821 253
11822 300
11823 300
11824 253
11825 300
11826 253
11827 300
11828 253
11829 253
11830 253
11831 300
11832 253
11833 300
11834 300
11835 253
11836 253
11837 253
11838 253
11839 253
11840 253
11841 253
11842 253
11843 253
11844 300
11845 300
11846 253
11847 300
11848 253
11849 253
11850 300
11851 300
11852 300
11853 55
11854 253
11855 253
11856 253
11857 300
11858 253
11859 300
11860 253
11861 253
11862 300
11863 253
11864 300
11865 300
11866 253
11867 253
11868 300
11869 300
11870 300
11871 300
11872 253
11873 253
11874 300
11875 253
11876 253
11877 56
11878 253
11879 300
11880 253
11881 253
11882 253
11883 300
11884 300
11885 253
11886 253
11887 253
11888 253
11889 253
11890 300
11891 253
11892 253
11893 253
11894 300
11895 300
11896 253
11897 300
11898 300
11899 300
11900 253
11901 253
11902 300
11903 300
11904 300
11905 253
11906 300
11907 300
11908 300
11909 300
11910 300
11911 300
11912 300
11913 300
11914 253
11915 300
11916 253
11917 253
11918 253
11919 300
11920 253
11921 300
11922 253
11923 300
11924 253
11925 300
11926 253
11927 253
11928 253
11929 300
11930 253
11931 253
11932 300
11933 300
11934 300
11935 253
11936 300
11937 300
11938 253
11939 253
11940 253
11941 300
11942 300
11943 300
11944 253
11945 300
11946 253
11947 253
11948 300
11949 300
11950 300
11951 253
11952 253
11953 253
11954 300
11955 300
11956 300
11957 253
11958 253
11959 300
11960 300
11961 300
11962 253
11963 300
11964 253
11965 253
11966 300
11967 253
11968 253
11969 300
11970 300
11971 253
11972 300
11973 253
11974 300
11975 253
11976 253
11977 300
11978 253
11979 253
11980 300
11981 300
11982 300
11983 300
11984 300
11985 300
11986 300
11987 300
11988 300
11989 253
11990 300
11991 300
11992 300
11993 253
11994 253
11995 253
11996 253
11997 253
11998 300
11999 300
12000 253
12001 253
12002 253
12003 300
12004 300
12005 253
12006 253
12007 300
12008 300
12009 300
12010 300
12011 300
12012 253
12013 253
12014 300
12015 300
12016 253
12017 300
12018 253
12019 300
12020 253
12021 253
12022 300
12023 300
12024 300
12025 300
12026 253
12027 300
12028 300
12029 300
12030 300
12031 253
12032 300
12033 300
12034 253
12035 253
12036 253
12037 253
12038 300
12039 300
12040 300
12041 300
12042 300
12043 253
12044 253
12045 253
12046 253
12047 300
12048 253
12049 253
12050 253
12051 253
12052 253
12053 253
12054 300
12055 300
12056 253
12057 300
12058 300
12059 253
12060 253
12061 253
12062 300
12063 253
12064 300
12065 300
12066 253
12067 300
12068 300
12069 253
12070 300
12071 253
12072 300
12073 253
12074 253
12075 300
12076 300
12077 253
12078 300
12079 300
12080 300
12081 253
12082 253
12083 300
12084 253
12085 300
12086 300
12087 253
12088 300
12089 253
12090 300
12091 253
12092 300
12093 253
12094 253
12095 300
12096 253
12097 253
12098 253
12099 300
12100 253
12101 57
12102 253
12103 300
12104 300
12105 300
12106 253
12107 253
12108 253
12109 253
12110 300
12111 300
12112 253
12113 253
12114 253
12115 253
12116 253
12117 253
12118 300
12119 253
12120 300
12121 300
12122 253
12123 253
12124 300
12125 300
12126 253
12127 300
12128 58
12129 300
12130 253
12131 59
12132 300
12133 253
12134 253
12135 59
12136 300
12137 60
12138 61
12139 253
12140 253
12141 253
12142 253
12143 300
12144 253
12145 300
12146 253
12147 253
12148 300
12149 253
12150 300
12151 300
12152 300
12153 300
12154 300
12155 300
12156 253
12157 253
12158 253
12159 253
12160 300
12161 253
12162 253
12163 300
12164 300
12165 253
12166 253
12167 300
12168 253
12169 300
12170 253
12171 62
12172 253
12173 300
12174 300
12175 300
12176 300
12177 300
12178 253
12179 253
12180 300
12181 300
12182 253
12183 300
12184 253
12185 300
12186 253
12187 300
12188 253
12189 253
12190 253
12191 300
12192 253
12193 300
12194 300
12195 300
12196 300
12197 300
12198 253
12199 300
12200 300
12201 253
12202 253
12203 300
12204 253
12205 300
12206 300
12207 253
12208 253
12209 300
12210 253
12211 300
12212 253
12213 253
12214 300
12215 253
12216 300
12217 253
12218 253
12219 300
12220 253
12221 300
12222 253
12223 253
12224 253
12225 300
12226 253
12227 253
12228 300
12229 300
12230 300
12231 300
12232 253
12233 300
12234 253
12235 300
12236 300
12237 253
12238 253
12239 300
12240 300
12241 253
12242 57
12243 300
12244 253
12245 300
12246 253
12247 300
12248 300
12249 300
12250 300
12251 253
12252 253
12253 253
12254 253
12255 253
12256 300
12257 253
12258 300
12259 253
12260 300
12261 253
12262 300
12263 253
12264 253
12265 253
12266 253
12267 300
12268 253
12269 253
12270 253
12271 300
12272 300
12273 253
12274 300
12275 253
12276 300
12277 300
12278 300
12279 253
12280 253
12281 253
12282 300
12283 253
12284 300
12285 253
12286 253
12287 253
12288 300
12289 300
12290 253
12291 300
12292 300
12293 253
12294 253
12295 253
12296 253
12297 300
12298 300
12299 253
12300 253
12301 300
12302 253
12303 253
12304 253
12305 300
12306 253
12307 253
12308 300
12309 300
12310 300
12311 300
12312 300
12313 300
12314 300
12315 300
12316 253
12317 253
12318 253
12319 300
12320 253
12321 253
12322 253
12323 253
12324 253
12325 300
12326 300
12327 253
12328 300
12329 253
12330 300
12331 253
12332 300
12333 253
12334 300
12335 300
12336 300
12337 300
12338 253
12339 300
12340 300
12341 253
12342 253
12343 300
12344 253
12345 253
12346 300
12347 253
12348 253
12349 253
12350 63
12351 300
12352 300
12353 253
12354 253
12355 300
12356 253
12357 253
12358 300
12359 253
12360 253
12361 300
12362 300
12363 253
12364 300
12365 300
12366 300
12367 300
12368 300
12369 253
12370 253
12371 64
12372 253
12373 253
12374 253
12375 300
12376 253
12377 300
12378 253
12379 300
12380 300
12381 253
12382 253
12383 300
12384 300
12385 253
12386 300
12387 300
12388 300
12389 300
12390 253
12391 253
12392 300
12393 300
12394 253
12395 253
12396 253
12397 253
12398 253
12399 253
12400 300
12401 300
12402 253
12403 300
12404 253
12405 253
12406 253
12407 253
12408 300
12409 253
12410 253
12411 253
12412 300
12413 253
12414 253
12415 253
12416 65
12417 300
12418 253
12419 300
12420 253
12421 300
12422 253
12423 253
12424 300
12425 253
12426 300
12427 250
12428 253
12429 253
12430 253
12431 300
12432 300
12433 300
12434 300
12435 253
12436 253
12437 300
12438 253
12439 253
12440 253
12441 300
12442 253
12443 300
12444 253
12445 253
12446 253
12447 253
12448 300
12449 253
12450 253
12451 253
12452 253
12453 300
12454 300
12455 300
12456 253
12457 253
12458 253
12459 253
12460 253
12461 300
12462 253
12463 300
12464 253
12465 300
12466 300
12467 253
12468 300
12469 300
12470 300
12471 253
12472 300
12473 253
12474 300
12475 300
12476 253
12477 300
12478 253
12479 300
12480 253
12481 253
12482 300
12483 300
12484 253
12485 253
12486 253
12487 300
12488 300
12489 300
12490 253
12491 300
12492 300
12493 253
12494 253
12495 300
12496 300
12497 300
12498 300
12499 253
12500 300
12501 253
12502 253
12503 300
12504 253
12505 300
12506 253
12507 253
12508 253
12509 300
12510 300
12511 253
12512 253
12513 253
12514 300
12515 300
12516 253
12517 253
12518 300
12519 253
12520 253
12521 300
12522 253
12523 253
12524 300
12525 300
12526 253
12527 300
12528 253
12529 300
12530 253
12531 253
12532 253
12533 300
12534 253
12535 253
12536 300
12537 253
12538 253
12539 253
12540 300
12541 300
12542 253
12543 300
12544 253
12545 253
12546 300
12547 253
12548 253
12549 300
12550 300
12551 300
12552 300
12553 300
12554 300
12555 253
12556 300
12557 300
12558 253
12559 253
12560 253
12561 300
12562 253
12563 300
12564 253
12565 300
12566 253
12567 300
12568 300
12569 253
12570 253
12571 300
12572 300
12573 253
12574 253
12575 253
12576 253
12577 253
12578 300
12579 300
12580 253
12581 300
12582 300
12583 253
12584 300
12585 253
12586 253
12587 300
12588 300
12589 253
12590 300
12591 253
12592 253
12593 253
12594 300
12595 300
12596 300
12597 300
12598 253
12599 253
12600 300
12601 300
12602 300
12603 300
12604 253
12605 253
12606 253
12607 300
12608 253
12609 253
12610 253
12611 253
12612 300
12613 253
12614 253
12615 300
12616 300
12617 300
12618 300
12619 253
12620 253
12621 253
12622 253
12623 300
12624 300
12625 253
12626 253
12627 253
12628 253
12629 300
12630 300
12631 300
12632 300
12633 300
12634 300
12635 300
12636 300
12637 300
12638 300
12639 300
12640 300
12641 253
12642 300
12643 253
12644 253
12645 300
12646 300
12647 253
12648 66
12649 300
12650 300
12651 253
12652 253
12653 253
12654 300
12655 253
12656 300
12657 300
12658 253
12659 300
12660 300
12661 253
12662 253
12663 253
12664 300
12665 300
12666 300
12667 253
12668 300
12669 300
12670 253
12671 300
12672 253
12673 300
12674 300
12675 300
12676 253
12677 300
12678 253
12679 253
12680 300
12681 300
12682 253
12683 253
12684 253
12685 253
12686 300
12687 253
12688 300
12689 253
12690 300
12691 300
12692 253
12693 253
12694 253
12695 253
12696 300
12697 253
12698 253
12699 253
12700 300
12701 253
12702 253
12703 253
12704 253
12705 300
12706 253
12707 253
12708 300
12709 253
12710 300
12711 300
12712 300
12713 253
12714 253
12715 300
12716 300
12717 253
12718 300
12719 300
12720 300
12721 253
12722 300
12723 300
12724 253
12725 253
12726 300
12727 253
12728 253
12729 300
12730 253
12731 253
12732 253
12733 253
12734 253
12735 253
12736 300
12737 253
12738 253
12739 253
12740 300
12741 253
12742 253
12743 253
12744 300
12745 253
12746 253
12747 253
12748 253
12749 253
12750 253
12751 300
12752 253
12753 300
12754 253
12755 253
12756 300
12757 253
12758 300
12759 253
12760 300
12761 253
12762 253
12763 300
12764 253
12765 300
12766 253
12767 253
12768 253
12769 300
12770 253
12771 253
12772 253
12773 300
12774 253
12775 253
12776 300
12777 300
12778 253
12779 253
12780 253
12781 253
12782 300
12783 253
12784 253
12785 300
12786 300
12787 300
12788 253
12789 300
12790 253
12791 300
12792 300
12793 253
12794 253
12795 300
12796 300
12797 300
12798 253
12799 300
12800 253
12801 300
12802 300
12803 253
12804 253
12805 253
12806 253
12807 300
12808 253
12809 300
12810 300
12811 253
12812 300
12813 253
12814 253
12815 253
12816 300
12817 300
12818 300
12819 300
12820 253
12821 300
12822 253
12823 253
12824 300
12825 300
12826 300
12827 253
12828 253
12829 300
12830 253
12831 253
12832 300
12833 253
12834 300
12835 253
12836 300
12837 253
12838 300
12839 253
12840 253
12841 253
12842 253
12843 253
12844 300
12845 253
12846 253
12847 300
12848 253
12849 253
12850 300
12851 300
12852 300
12853 253
12854 253
12855 253
12856 300
12857 253
12858 253
12859 300
12860 300
12861 253
12862 253
12863 300
12864 253
12865 300
12866 253
12867 253
12868 253
12869 300
12870 300
12871 253
12872 253
12873 300
12874 253
12875 253
12876 253
12877 300
12878 253
12879 253
12880 300
12881 253
12882 253
12883 253
12884 300
12885 300
12886 253
12887 300
12888 300
12889 253
12890 253
12891 253
12892 300
12893 300
12894 253
12895 300
12896 253
12897 253
12898 253
12899 253
12900 300
12901 253
12902 253
12903 253
12904 253
12905 300
12906 300
12907 300
12908 253
12909 300
12910 253
12911 253
12912 253
12913 253
12914 253
12915 300
12916 253
12917 253
12918 253
12919 300
12920 253
12921 253
12922 300
12923 300
12924 300
12925 253
12926 253
12927 253
12928 253
12929 300
12930 300
12931 300
12932 253
12933 253
12934 300
12935 300
12936 253
12937 253
12938 300
12939 300
12940 300
12941 253
12942 253
12943 253
12944 253
12945 300
12946 253
12947 253
12948 300
12949 253
12950 300
12951 253
12952 300
12953 253
12954 253
12955 253
12956 253
12957 253
12958 253
12959 300
12960 300
12961 300
12962 300
12963 253
12964 253
12965 300
12966 300
12967 253
12968 253
12969 253
12970 300
12971 253
12972 253
12973 253
12974 300
12975 300
12976 253
12977 300
12978 300
12979 300
12980 253
12981 300
12982 300
12983 300
12984 253
12985 300
12986 253
12987 300
12988 253
12989 253
12990 253
12991 253
12992 253
12993 300
12994 253
12995 253
12996 300
12997 253
12998 253
12999 300
13000 253
13001 300
13002 253
13003 253
13004 253
13005 300
13006 253
13007 300
13008 300
13009 253
13010 300
13011 300
13012 253
13013 253
13014 300
13015 300
13016 253
13017 300
13018 300
13019 300
13020 300
13021 300
13022 253
13023 300
13024 300
13025 300
13026 300
13027 253
13028 300
13029 253
13030 300
13031 300
13032 300
13033 300
13034 253
13035 300
13036 253
13037 253
13038 253
13039 253
13040 300
13041 253
13042 253
13043 300
13044 253
13045 253
13046 253
13047 253
13048 253
13049 300
13050 253
13051 253
13052 253
13053 300
13054 253
13055 300
13056 300
13057 253
13058 253
13059 300
13060 253
13061 253
13062 300
13063 300
13064 253
13065 253
13066 300
13067 67
13068 253
13069 300
13070 253
13071 300
13072 300
13073 300
13074 300
13075 253
13076 300
13077 68
13078 253
13079 68
13080 300
13081 300
13082 300
13083 300
13084 300
13085 253
13086 300
13087 253
13088 300
13089 300
13090 253
13091 300
13092 300
13093 300
13094 300
13095 300
13096 300
13097 253
13098 253
13099 253
13100 253
13101 300
13102 253
13103 300
13104 253
13105 253
13106 300
13107 253
13108 253
13109 253
13110 253
13111 253
13112 253
13113 300
13114 300
13115 300
13116 300
13117 300
13118 253
13119 253
13120 300
13121 69
13122 253
13123 253
13124 253
13125 300
13126 300
13127 300
13128 300
13129 300
13130 300
13131 253
13132 253
13133 253
13134 300
13135 253
13136 300
13137 300
13138 253
13139 253
13140 300
13141 300
13142 300
13143 300
13144 253
13145 253
13146 300
13147 253
13148 300
13149 300
13150 300
13151 300
13152 300
13153 300
13154 253
13155 300
13156 253
13157 300
13158 253
13159 253
13160 253
13161 253
13162 253
13163 300
13164 300
13165 253
13166 300
13167 300
13168 253
13169 253
13170 253
13171 300
13172 253
13173 253
13174 253
13175 300
13176 253
13177 253
13178 253
13179 253
13180 253
13181 253
13182 300
13183 300
13184 300
13185 300
13186 253
13187 253
13188 253
13189 300
13190 300
13191 253
13192 253
13193 253
13194 253
13195 300
13196 253
13197 300
13198 253
13199 300
13200 253
13201 253
13202 300
13203 300
13204 300
13205 300
13206 300
13207 253
13208 300
13209 253
13210 253
13211 300
13212 253
13213 300
13214 253
13215 300
13216 300
13217 253
13218 253
13219 253
13220 253
13221 253
13222 253
13223 253
13224 253
13225 300
13226 70
13227 253
13228 253
13229 253
13230 253
13231 71
13232 253
13233 253
13234 72
13235 253
13236 300
13237 300
13238 253
13239 253
13240 300
13241 253
13242 253
13243 253
13244 253
13245 253
13246 253
13247 300
13248 300
13249 253
13250 300
13251 253
13252 300
13253 253
13254 300
13255 300
13256 300
13257 253
13258 253
13259 300
13260 253
13261 253
13262 253
13263 300
13264 253
13265 253
13266 253
13267 300
13268 253
13269 253
13270 253
13271 253
13272 300
13273 300
13274 300
13275 300
13276 253
13277 253
13278 253
13279 253
13280 253
13281 253
13282 300
13283 300
13284 300
13285 300
13286 253
13287 253
13288 253
13289 253
13290 253
13291 300
13292 253
13293 300
13294 300
13295 253
13296 253
13297 300
13298 300
13299 300
13300 253
13301 253
13302 253
13303 253
13304 253
13305 253
13306 253
13307 300
13308 253
13309 300
13310 253
13311 253
13312 253
13313 300
13314 253
13315 253
13316 300
13317 253
13318 253
13319 300
13320 300
13321 253
13322 253
13323 300
13324 253
13325 300
13326 253
13327 253
13328 300
13329 253
13330 253
13331 253
13332 300
13333 300
13334 300
13335 253
13336 300
13337 253
13338 253
13339 253
13340 253
13341 253
13342 253
13343 300
13344 300
13345 300
13346 253
13347 253
13348 253
13349 300
13350 253
13351 300
13352 253
13353 300
13354 253
13355 253
13356 300
13357 300
13358 300
13359 253
13360 253
13361 300
13362 253
13363 253
13364 73
13365 300
13366 300
13367 300
13368 253
13369 300
13370 300
13371 253
13372 300
13373 300
13374 300
13375 300
13376 300
13377 253
13378 253
13379 253
13380 253
13381 253
13382 300
13383 300
13384 300
13385 253
13386 300
13387 253
13388 253
13389 253
13390 300
13391 300
13392 253
13393 253
13394 300
13395 300
13396 253
13397 253
13398 300
13399 300
13400 253
13401 300
13402 300
13403 253
13404 300
13405 300
13406 300
13407 300
13408 253
13409 300
13410 300
13411 253
13412 253
13413 253
13414 253
13415 300
13416 300
13417 300
13418 253
13419 253
13420 300
13421 253
13422 300
13423 300
13424 253
13425 300
13426 253
13427 253
13428 253
13429 253
13430 300
13431 300
13432 300
13433 253
13434 253
13435 300
13436 300
13437 253
13438 300
13439 253
13440 300
13441 74
13442 253
13443 253
13444 253
13445 253
13446 300
13447 300
13448 253
13449 253
13450 253
13451 253
13452 300
13453 253
13454 253
13455 300
13456 300
13457 300
13458 300
13459 300
13460 300
13461 253
13462 253
13463 253
13464 253
13465 300
13466 253
13467 300
13468 253
13469 300
13470 300
13471 253
13472 253
13473 253
13474 253
13475 253
13476 300
13477 253
13478 253
13479 253
13480 253
13481 253
13482 253
13483 253
13484 253
13485 300
13486 253
13487 253
13488 253
13489 300
13490 300
13491 253
13492 253
13493 300
13494 253
13495 253
13496 300
13497 300
13498 300
13499 253
13500 300
13501 300
13502 253
13503 253
13504 253
13505 300
13506 300
13507 253
13508 253
13509 253
13510 253
13511 253
13512 300
13513 253
13514 300
13515 300
13516 300
13517 253
13518 253
13519 300
13520 300
13521 253
13522 300
13523 253
13524 300
13525 300
13526 300
13527 300
13528 253
13529 300
13530 253
13531 253
13532 300
13533 253
13534 300
13535 300
13536 253
13537 253
13538 300
13539 300
13540 253
13541 253
13542 253
13543 253
13544 300
13545 300
13546 253
13547 253
13548 253
13549 300
13550 253
13551 300
13552 253
13553 300
13554 253
13555 253
13556 300
13557 300
13558 253
13559 253
13560 300
13561 300
13562 253
13563 300
13564 300
13565 300
13566 253
13567 300
13568 253
13569 253
13570 253
13571 300
13572 253
13573 300
13574 300
13575 300
13576 300
13577 253
13578 75
13579 76
13580 300
13581 300
13582 300
13583 253
13584 253
13585 253
13586 300
13587 300
13588 253
13589 253
13590 300
13591 300
13592 300
13593 253
13594 253
13595 253
13596 300
13597 300
13598 253
13599 253
13600 253
13601 253
13602 253
13603 300
13604 300
13605 253
13606 300
13607 253
13608 300
13609 253
13610 300
13611 253
13612 300
13613 253
13614 253
13615 300
13616 300
13617 253
13618 253
13619 253
13620 253
13621 253
13622 253
13623 253
13624 77
13625 253
13626 300
13627 300
13628 300
13629 253
13630 300
13631 253
13632 300
13633 253
13634 300
13635 78
13636 300
13637 253
13638 300
13639 300
13640 253
13641 253
13642 253
13643 253
13644 253
13645 300
13646 253
13647 300
13648 300
13649 300
13650 300
13651 300
13652 300
13653 300
13654 253
13655 300
13656 253
13657 300
13658 300
13659 253
13660 253
13661 300
13662 253
13663 253
13664 300
13665 253
13666 253
13667 253
13668 300
13669 300
13670 253
13671 253
13672 300
13673 300
13674 250
13675 253
13676 253
13677 253
13678 253
13679 300
13680 300
13681 300
13682 253
13683 253
13684 253
13685 300
13686 300
13687 77
13688 300
13689 300
13690 253
13691 300
13692 253
13693 300
13694 253
13695 300
13696 253
13697 253
13698 253
13699 300
13700 253
13701 253
13702 253
13703 253
13704 253
13705 300
13706 300
13707 253
13708 253
13709 253
13710 300
13711 253
13712 253
13713 253
13714 253
13715 300
13716 253
13717 253
13718 300
13719 300
13720 300
13721 300
13722 300
13723 253
13724 300
13725 253
13726 253
13727 253
13728 300
13729 300
13730 300
13731 253
13732 300
13733 253
13734 300
13735 300
13736 253
13737 253
13738 253
13739 253
13740 253
13741 253
13742 253
13743 300
13744 253
13745 300
13746 253
13747 300
13748 253
13749 300
13750 253
13751 300
13752 253
13753 253
13754 300
13755 300
13756 253
13757 300
13758 253
13759 253
13760 300
13761 300
13762 300
13763 300
13764 253
13765 253
13766 253
13767 253
13768 300
13769 253
13770 300
13771 300
13772 253
13773 300
13774 253
13775 253
13776 253
13777 300
13778 253
13779 300
13780 253
13781 300
13782 253
13783 253
13784 300
13785 300
13786 253
13787 253
13788 253
13789 300
13790 253
13791 253
13792 253
13793 253
13794 300
13795 253
13796 253
13797 300
13798 253
13799 253
13800 300
13801 300
13802 300
13803 300
13804 253
13805 300
13806 253
13807 253
13808 253
13809 253
13810 300
13811 300
13812 253
13813 253
13814 253
13815 253
13816 253
13817 253
13818 253
13819 300
13820 253
13821 253
13822 253
13823 253
13824 253
13825 300
13826 253
13827 253
13828 253
13829 253
13830 300
13831 300
13832 253
13833 300
13834 253
13835 300
13836 253
13837 253
13838 253
13839 300
13840 300
13841 253
13842 253
13843 253
13844 253
13845 300
13846 253
13847 253
13848 300
13849 300
13850 300
13851 253
13852 253
13853 300
13854 300
13855 253
13856 300
13857 300
13858 300
13859 300
13860 300
13861 253
13862 300
13863 253
13864 253
13865 253
13866 253
13867 253
13868 253
13869 300
13870 79
13871 300
13872 253
13873 253
13874 300
13875 300
13876 253
13877 253
13878 300
13879 253
13880 253
13881 300
13882 253
13883 253
13884 253
13885 253
13886 300
13887 253
13888 300
13889 253
13890 253
13891 300
13892 300
13893 253
13894 300
13895 300
13896 253
13897 253
13898 253
13899 300
13900 253
13901 253
13902 253
13903 300
13904 300
13905 253
13906 253
13907 300
13908 253
13909 253
13910 300
13911 300
13912 300
13913 300
13914 300
13915 253
13916 253
13917 300
13918 300
13919 253
13920 253
13921 300
13922 300
13923 300
13924 253
13925 300
13926 300
13927 253
13928 253
13929 253
13930 300
13931 300
13932 300
13933 80
13934 300
13935 300
13936 300
13937 253
13938 253
13939 253
13940 300
13941 253
13942 253
13943 253
13944 300
13945 253
13946 253
13947 253
13948 300
13949 253
13950 300
13951 300
13952 300
13953 253
13954 253
13955 253
13956 300
13957 300
13958 300
13959 253
13960 253
13961 300
13962 300
13963 253
13964 253
13965 253
13966 253
13967 300
13968 253
13969 253
13970 253
13971 300
13972 253
13973 253
13974 300
13975 253
13976 300
13977 253
13978 300
13979 253
13980 253
13981 300
13982 300
13983 300
13984 253
13985 300
13986 300
13987 300
13988 253
13989 253
13990 300
13991 300
13992 300
13993 253
13994 300
13995 300
13996 300
13997 253
13998 300
13999 253
14000 253
14001 253
14002 253
14003 300
14004 253
14005 300
14006 300
14007 300
14008 300
14009 300
14010 253
14011 253
14012 253
14013 300
14014 300
14015 253
14016 300
14017 300
14018 300
14019 300
14020 300
14021 253
14022 253
14023 253
14024 253
14025 253
14026 300
14027 253
14028 253
14029 253
14030 300
14031 300
14032 253
14033 253
14034 300
14035 253
14036 253
14037 253
14038 300
14039 253
14040 300
14041 300
14042 253
14043 300
14044 253
14045 253
14046 253
14047 300
14048 300
14049 300
14050 253
14051 253
14052 253
14053 300
14054 253
14055 253
14056 300
14057 253
14058 300
14059 300
14060 253
14061 253
14062 300
14063 300
14064 300
14065 300
14066 300
14067 300
14068 300
14069 253
14070 300
14071 253
14072 253
14073 300
14074 253
14075 300
14076 300
14077 253
14078 253
14079 253
14080 81
14081 300
14082 253
14083 300
14084 300
14085 253
14086 253
14087 300
14088 300
14089 253
14090 300
14091 253
14092 300
14093 300
14094 253
14095 253
14096 300
14097 253
14098 253
14099 300
14100 253
14101 300
14102 300
14103 82
14104 253
14105 253
14106 253
14107 300
14108 253
14109 253
14110 253
14111 253
14112 300
14113 300
14114 300
14115 253
14116 253
14117 300
14118 300
14119 300
14120 253
14121 253
14122 253
14123 253
14124 253
14125 253
14126 300
14127 300
14128 300
14129 253
14130 300
14131 253
14132 300
14133 300
14134 253
14135 253
14136 253
14137 253
14138 253
14139 253
14140 253
14141 83
14142 300
14143 253
14144 253
14145 300
14146 300
14147 253
14148 253
14149 84
14150 84
14151 253
14152 300
14153 300
14154 300
14155 253
14156 300
14157 300
14158 300
14159 300
14160 253
14161 253
14162 253
14163 300
14164 300
14165 253
14166 253
14167 253
14168 300
14169 253
14170 253
14171 85
14172 300
14173 253
14174 253
14175 253
14176 300
14177 300
14178 253
14179 253
14180 253
14181 300
14182 300
14183 253
14184 300
14185 253
14186 300
14187 253
14188 300
14189 253
14190 253
14191 300
14192 300
14193 253
14194 300
14195 86
14196 300
14197 253
14198 300
14199 253
14200 253
14201 300
14202 300
14203 300
14204 87
14205 300
14206 300
14207 300
14208 253
14209 253
14210 300
14211 300
14212 253
14213 300
14214 253
14215 300
14216 253
14217 253
14218 300
14219 253
14220 253
14221 300
14222 300
14223 253
14224 300
14225 300
14226 253
14227 253
14228 253
14229 300
14230 253
14231 253
14232 300
14233 253
14234 300
14235 253
14236 253
14237 300
14238 300
14239 300
14240 253
14241 253
14242 300
14243 253
14244 300
14245 300
14246 253
14247 253
14248 253
14249 300
14250 253
14251 300
14252 253
14253 253
14254 253
14255 300
14256 300
14257 300
14258 300
14259 300
14260 300
14261 253
14262 253
14263 253
14264 253
14265 253
14266 300
14267 300
14268 300
14269 253
14270 253
14271 253
14272 300
14273 300
14274 253
14275 300
14276 300
14277 253
14278 300
14279 253
14280 253
14281 253
14282 253
14283 253
14284 300
14285 253
14286 300
14287 300
14288 253
14289 300
14290 88
14291 300
14292 300
14293 300
14294 300
14295 300
14296 253
14297 253
14298 300
14299 253
14300 253
14301 253
14302 253
14303 300
14304 253
14305 88
14306 300
14307 253
14308 253
14309 253
14310 253
14311 300
14312 253
14313 300
14314 253
14315 253
14316 300
14317 253
14318 253
14319 253
14320 253
14321 300
14322 253
14323 253
14324 300
14325 300
14326 253
14327 300
14328 300
14329 300
14330 253
14331 253
14332 300
14333 300
14334 300
14335 300
14336 253
14337 253
14338 300
14339 300
14340 300
14341 253
14342 253
14343 253
14344 253
14345 300
14346 300
14347 253
14348 253
14349 253
14350 253
14351 253
14352 253
14353 300
14354 253
14355 253
14356 253
14357 253
14358 253
14359 300
14360 253
14361 300
14362 253
14363 300
14364 300
14365 253
14366 300
14367 253
14368 253
14369 253
14370 253
14371 300
14372 253
14373 253
14374 300
14375 253
14376 253
14377 253
14378 253
14379 253
14380 253
14381 253
14382 300
14383 300
14384 300
14385 253
14386 253
14387 253
14388 253
14389 300
14390 253
14391 253
14392 253
14393 253
14394 300
14395 300
14396 300
14397 300
14398 253
14399 253
14400 253
14401 300
14402 300
14403 253
14404 253
14405 253
14406 300
14407 300
14408 300
14409 300
14410 300
14411 253
14412 300
14413 300
14414 253
14415 253
14416 253
14417 253
14418 253
14419 253
14420 253
14421 300
14422 253
14423 253
14424 300
14425 300
14426 300
14427 300
14428 253
14429 300
14430 253
14431 253
14432 300
14433 300
14434 253
14435 253
14436 300
14437 300
14438 253
14439 253
14440 300
14441 253
14442 253
14443 300
14444 253
14445 253
14446 253
14447 253
14448 300
14449 300
14450 253
14451 253
14452 300
14453 300
14454 253
14455 253
14456 300
14457 300
14458 300
14459 300
14460 300
14461 253
14462 300
14463 300
14464 300
14465 300
14466 300
14467 253
14468 253
14469 253
14470 300
14471 253
14472 253
14473 253
14474 300
14475 253
14476 253
14477 253
14478 300
14479 300
14480 300
14481 253
14482 253
14483 300
14484 253
14485 253
14486 300
14487 89
14488 253
14489 300
14490 300
14491 300
14492 300
14493 300
14494 300
14495 253
14496 253
14497 253
14498 300
14499 300
14500 253
14501 253
14502 253
14503 253
14504 253
14505 253
14506 253
14507 300
14508 300
14509 253
14510 253
14511 300
14512 253
14513 253
14514 253
14515 300
14516 300
14517 253
14518 253
14519 300
14520 253
14521 253
14522 300
14523 253
14524 300
14525 253
14526 253
14527 300
14528 253
14529 253
14530 47
14531 253
14532 300
14533 253
14534 90
14535 300
14536 300
14537 253
14538 300
14539 253
14540 300
14541 253
14542 300
14543 300
14544 300
14545 253
14546 91
14547 91
14548 253
14549 300
14550 253
14551 253
14552 300
14553 253
14554 253
14555 253
14556 300
14557 300
14558 253
14559 253
14560 253
14561 300
14562 300
14563 300
14564 253
14565 300
14566 253
14567 253
14568 253
14569 300
14570 253
14571 300
14572 253
14573 300
14574 253
14575 300
14576 300
14577 253
14578 253
14579 253
14580 300
14581 300
14582 253
14583 253
14584 300
14585 253
14586 300
14587 300
14588 253
14589 300
14590 253
14591 300
14592 253
14593 253
14594 300
14595 300
14596 253
14597 253
14598 253
14599 253
14600 253
14601 253
14602 253
14603 300
14604 253
14605 300
14606 300
14607 300
14608 300
14609 300
14610 253
14611 300
14612 253
14613 300
14614 253
14615 253
14616 253
14617 253
14618 253
14619 253
14620 253
14621 300
14622 300
14623 300
14624 300
14625 253
14626 300
14627 253
14628 300
14629 253
14630 300
14631 253
14632 253
14633 253
14634 300
14635 253
14636 253
14637 300
14638 253
14639 300
14640 300
14641 300
14642 253
14643 92
14644 300
14645 300
14646 253
14647 253
14648 300
14649 253
14650 93
14651 300
14652 93
14653 253
14654 253
14655 300
14656 253
14657 300
14658 253
14659 300
14660 300
14661 253
14662 253
14663 300
14664 253
14665 300
14666 300
14667 300
14668 300
14669 300
14670 253
14671 300
14672 253
14673 300
14674 253
14675 253
14676 300
14677 300
14678 253
14679 253
14680 253
14681 253
14682 253
14683 253
14684 300
14685 253
14686 300
14687 300
14688 253
14689 253
14690 300
14691 253
14692 253
14693 253
14694 300
14695 300
14696 300
14697 253
14698 253
14699 253
14700 253
14701 300
14702 253
14703 253
14704 300
14705 253
14706 300
14707 253
14708 253
14709 253
14710 253
14711 300
14712 300
14713 300
14714 253
14715 300
14716 253
14717 253
14718 300
14719 300
14720 253
14721 253
14722 253
14723 300
14724 253
14725 300
14726 300
14727 253
14728 253
14729 300
14730 253
14731 253
14732 253
14733 253
14734 300
14735 253
14736 300
14737 300
14738 253
14739 253
14740 300
14741 300
14742 300
14743 300
14744 300
14745 300
14746 300
14747 300
14748 300
14749 253
14750 253
14751 300
14752 300
14753 300
14754 253
14755 253
14756 300
14757 300
14758 253
14759 300
14760 253
14761 300
14762 253
14763 300
14764 253
14765 300
14766 300
14767 300
14768 253
14769 253
14770 253
14771 253
14772 300
14773 253
14774 300
14775 300
14776 253
14777 300
14778 253
14779 253
14780 253
14781 253
14782 253
14783 300
14784 253
14785 253
14786 300
14787 253
14788 253
14789 300
14790 300
14791 300
14792 253
14793 253
14794 253
14795 300
14796 300
14797 253
14798 300
14799 253
14800 300
14801 300
14802 300
14803 253
14804 253
14805 300
14806 253
14807 300
14808 300
14809 253
14810 300
14811 253
14812 300
14813 300
14814 300
14815 300
14816 253
14817 253
14818 300
14819 253
14820 253
14821 253
14822 253
14823 300
14824 253
14825 253
14826 300
14827 253
14828 300
14829 253
14830 253
14831 253
14832 300
14833 253
14834 300
14835 253
14836 300
14837 253
14838 300
14839 253
14840 253
14841 253
14842 253
14843 253
14844 253
14845 300
14846 253
14847 253
14848 300
14849 300
14850 300
14851 300
14852 253
14853 300
14854 300
14855 253
14856 253
14857 300
14858 253
14859 300
14860 253
14861 253
14862 300
14863 253
14864 253
14865 253
14866 300
14867 253
14868 253
14869 300
14870 300
14871 300
14872 253
14873 253
14874 253
14875 253
14876 253
14877 253
14878 300
14879 300
14880 300
14881 300
14882 300
14883 253
14884 300
14885 253
14886 300
14887 300
14888 300
14889 300
14890 300
14891 300
14892 253
14893 300
14894 253
14895 300
14896 300
14897 300
14898 300
14899 300
14900 300
14901 253
14902 253
14903 253
14904 253
14905 300
14906 300
14907 300
14908 253
14909 253
14910 253
14911 253
14912 253
14913 253
14914 300
14915 300
14916 300
14917 300
14918 253
14919 300
14920 253
14921 300
14922 300
14923 253
14924 300
14925 300
14926 300
14927 300
14928 253
14929 300
14930 253
14931 253
14932 253
14933 300
14934 300
14935 253
14936 253
14937 300
14938 253
14939 300
14940 300
14941 253
14942 253
14943 253
14944 253
14945 300
14946 300
14947 300
14948 253
14949 253
14950 300
14951 253
14952 253
14953 300
14954 253
14955 300
14956 253
14957 253
14958 253
14959 300
14960 300
14961 253
14962 253
14963 253
14964 300
14965 300
14966 253
14967 253
14968 253
14969 253
14970 300
14971 300
14972 253
14973 253
14974 253
14975 253
14976 253
14977 253
14978 253
14979 253
14980 253
14981 300
14982 253
14983 300
14984 253
14985 253
14986 300
14987 300
14988 253
14989 300
14990 253
14991 253
14992 300
14993 253
14994 300
14995 300
14996 253
14997 300
14998 300
14999 253
15000 300
15001 253
15002 300
15003 300
15004 253
15005 300
15006 300
15007 253
15008 300
15009 253
15010 300
15011 253
15012 253
15013 253
15014 253
15015 253
15016 300
15017 300
15018 253
15019 300
15020 253
15021 253
15022 300
15023 300
15024 253
15025 300
15026 253
15027 253
15028 253
15029 300
15030 253
15031 300
15032 300
15033 300
15034 300
15035 253
15036 300
15037 253
15038 300
15039 300
15040 253
15041 300
15042 253
15043 253
15044 253
15045 253
15046 253
15047 253
15048 253
15049 253
15050 253
15051 253
15052 300
15053 253
15054 94
15055 300
15056 300
15057 253
15058 253
15059 253
15060 300
15061 253
15062 300
15063 300
15064 253
15065 300
15066 253
15067 300
15068 253
15069 253
15070 300
15071 253
15072 253
15073 300
15074 253
15075 95
15076 300
15077 300
15078 253
15079 300
15080 300
15081 300
15082 300
15083 300
15084 300
15085 253
15086 253
15087 300
15088 253
15089 300
15090 253
15091 300
15092 253
15093 253
15094 253
15095 300
15096 253
15097 253
15098 47
15099 253
15100 253
15101 253
15102 300
15103 253
15104 300
15105 253
15106 300
15107 300
15108 253
15109 253
15110 253
15111 33
15112 253
15113 253
15114 253
15115 253
15116 253
15117 253
15118 300
15119 253
15120 300
15121 300
15122 253
15123 253
15124 253
15125 300
15126 300
15127 253
15128 300
15129 300
15130 300
15131 300
15132 253
15133 253
15134 300
15135 253
15136 253
15137 253
15138 253
15139 300
15140 253
15141 300
15142 253
15143 253
15144 300
15145 253
15146 300
15147 300
15148 300
15149 300
15150 253
15151 253
15152 253
15153 253
15154 253
15155 253
15156 253
15157 300
15158 253
15159 253
15160 253
15161 253
15162 253
15163 253
15164 300
15165 253
15166 300
15167 300
15168 253
15169 300
15170 300
15171 253
15172 300
15173 300
15174 253
15175 253
15176 300
15177 300
15178 300
15179 300
15180 253
15181 300
15182 253
15183 253
15184 253
15185 300
15186 253
15187 253
15188 253
15189 300
15190 300
15191 300
15192 253
15193 300
15194 253
15195 253
15196 253
15197 253
15198 253
15199 96
15200 253
15201 300
15202 253
15203 97
15204 98
15205 253
15206 300
15207 99
15208 253
15209 100
15210 300
15211 253
15212 101
15213 300
15214 253
15215 300
15216 300
15217 253
15218 253
15219 102
15220 300
15221 103
15222 253
15223 300
15224 253
15225 253
15226 300
15227 300
15228 253
15229 253
15230 300
15231 253
15232 253
15233 253
15234 253
15235 253
15236 253
15237 300
15238 253
15239 253
15240 253
15241 104
15242 300
15243 253
15244 300
15245 253
15246 253
15247 105
15248 106
15249 253
15250 300
15251 253
15252 300
15253 300
15254 107
15255 253
15256 253
15257 300
15258 253
15259 300
15260 253
15261 108
15262 253
15263 253
15264 300
15265 109
15266 253
15267 300
15268 300
15269 300
15270 253
15271 253
15272 110
15273 253
15274 300
15275 253
15276 300
15277 111
15278 300
15279 253
15280 253
15281 300
15282 300
15283 112
15284 253
15285 253
15286 253
15287 253
15288 113
15289 300
15290 300
15291 300
15292 114
15293 115
15294 253
15295 253
15296 300
15297 300
15298 253
15299 253
15300 253
15301 253
15302 253
15303 300
15304 253
15305 253
15306 300
15307 253
15308 300
15309 253
15310 300
15311 116
15312 300
15313 253
15314 253
15315 253
15316 117
15317 253
15318 118
15319 300
15320 253
15321 300
15322 300
15323 253
15324 253
15325 300
15326 300
15327 253
15328 253
15329 253
15330 253
15331 253
15332 253
15333 253
15334 300
15335 300
15336 300
15337 300
15338 253
15339 253
15340 253
15341 253
15342 253
15343 300
15344 253
15345 300
15346 253
15347 300
15348 253
15349 300
15350 253
15351 253
15352 119
15353 253
15354 253
15355 300
15356 253
15357 300
15358 253
15359 120
15360 121
15361 253
15362 300
15363 253
15364 300
15365 300
15366 253
15367 253
15368 300
15369 253
15370 300
15371 253
15372 122
15373 300
15374 300
15375 253
15376 253
15377 300
15378 123
15379 253
15380 253
15381 253
15382 300
15383 300
15384 300
15385 300
15386 253
15387 300
15388 253
15389 253
15390 300
15391 253
15392 253
15393 253
15394 300
15395 300
15396 253
15397 300
15398 253
15399 300
15400 253
15401 124
15402 253
15403 300
15404 253
15405 253
15406 125
15407 253
15408 253
15409 253
15410 253
15411 253
15412 253
15413 126
15414 253
15415 300
15416 127
15417 253
15418 300
15419 300
15420 128
15421 300
15422 300
15423 253
15424 253
15425 253
15426 143
15427 253
15428 253
15429 300
15430 300
15431 300
15432 300
15433 300
15434 300
15435 253
15436 253
15437 129
15438 300
15439 300
15440 253
15441 253
15442 253
15443 253
15444 253
15445 300
15446 300
15447 300
15448 253
15449 300
15450 300
15451 253
15452 253
15453 300
15454 300
15455 300
15456 253
15457 253
15458 253
15459 253
15460 253
15461 130
15462 253
15463 300
15464 253
15465 300
15466 131
15467 253
15468 253
15469 300
15470 253
15471 253
15472 253
15473 253
15474 132
15475 253
15476 253
15477 253
15478 253
15479 300
15480 253
15481 300
15482 253
15483 300
15484 253
15485 300
15486 300
15487 253
15488 133
15489 253
15490 253
15491 300
15492 253
15493 253
15494 253
15495 300
15496 253
15497 300
15498 253
15499 300
15500 253
15501 300
15502 300
15503 300
15504 300
15505 134
15506 300
15507 300
15508 253
15509 300
15510 300
15511 300
15512 135
15513 253
15514 253
15515 300
15516 300
15517 253
15518 300
15519 253
15520 300
15521 253
15522 253
15523 253
15524 253
15525 253
15526 253
15527 253
15528 300
15529 253
15530 300
15531 300
15532 136
15533 253
15534 300
15535 300
15536 300
15537 253
15538 137
15539 138
15540 300
15541 300
15542 253
15543 253
15544 300
15545 139
15546 300
15547 253
15548 253
15549 300
15550 300
15551 300
15552 253
15553 300
15554 300
15555 253
15556 253
15557 253
15558 300
15559 300
15560 253
15561 300
15562 300
15563 300
15564 300
15565 300
15566 253
15567 300
15568 253
15569 140
15570 253
15571 253
15572 141
15573 253
15574 253
15575 253
15576 300
15577 253
15578 253
15579 142
15580 253
15581 300
15582 300
15583 253
15584 300
15585 253
15586 143
15587 144
15588 253
15589 300
15590 253
15591 300
15592 300
15593 145
15594 300
15595 300
15596 253
15597 300
15598 253
15599 253
15600 253
15601 253
15602 146
15603 146
15604 147
15605 253
15606 253
15607 253
15608 253
15609 253
15610 253
15611 253
15612 253
15613 300
15614 300
15615 300
15616 300
15617 300
15618 148
15619 253
15620 253
15621 253
15622 253
15623 300
15624 253
15625 253
15626 149
15627 253
15628 253
15629 300
15630 253
15631 253
15632 300
15633 300
15634 253
15635 300
15636 253
15637 150
15638 151
15639 253
15640 300
15641 253
15642 152
15643 300
15644 253
15645 253
15646 253
15647 300
15648 253
15649 300
15650 300
15651 300
15652 253
15653 300
15654 253
15655 300
15656 253
15657 253
15658 253
15659 300
15660 300
15661 253
15662 153
15663 300
15664 253
15665 154
15666 300
15667 253
15668 300
15669 253
15670 300
15671 253
15672 253
15673 300
15674 253
15675 253
15676 300
15677 300
15678 253
15679 253
15680 300
15681 300
15682 253
15683 300
15684 253
15685 300
15686 300
15687 300
15688 253
15689 253
15690 253
15691 253
15692 253
15693 253
15694 253
15695 253
15696 253
15697 253
15698 300
15699 253
15700 155
15701 300
15702 300
15703 253
15704 300
15705 253
15706 300
15707 253
15708 253
15709 156
15710 253
15711 300
15712 300
15713 253
15714 300
15715 300
15716 300
15717 300
15718 300
15719 253
15720 300
15721 253
15722 157
15723 253
15724 253
15725 300
15726 253
15727 300
15728 253
15729 300
15730 300
15731 253
15732 253
15733 158
15734 300
15735 253
15736 253
15737 300
15738 253
15739 253
15740 300
15741 300
15742 300
15743 159
15744 253
15745 253
15746 253
15747 300
15748 300
15749 300
15750 253
15751 300
15752 300
15753 253
15754 253
15755 253
15756 253
15757 253
15758 253
15759 300
15760 253
15761 253
15762 300
15763 253
15764 300
15765 160
15766 253
15767 253
15768 253
15769 161
15770 300
15771 253
15772 300
15773 253
15774 300
15775 253
15776 300
15777 253
15778 253
15779 253
15780 300
15781 253
15782 253
15783 300
15784 253
15785 300
15786 300
15787 300
15788 162
15789 300
15790 253
15791 253
15792 300
15793 300
15794 300
15795 300
15796 300
15797 163
15798 164
15799 300
15800 253
15801 253
15802 300
15803 300
15804 253
15805 300
15806 253
15807 253
15808 253
15809 165
15810 300
15811 300
15812 253
15813 300
15814 253
15815 300
15816 300
15817 253
15818 300
15819 253
15820 249
15821 300
15822 253
15823 253
15824 253
15825 166
15826 253
15827 300
15828 300
15829 253
15830 253
15831 253
15832 300
15833 253
15834 300
15835 253
15836 253
15837 300
15838 300
15839 300
15840 300
15841 253
15842 300
15843 253
15844 300
15845 253
15846 253
15847 253
15848 167
15849 300
15850 253
15851 253
15852 253
15853 300
15854 253
15855 253
15856 253
15857 253
15858 300
15859 253
15860 253
15861 300
15862 300
15863 300
15864 253
15865 253
15866 300
15867 253
15868 253
15869 253
15870 253
15871 300
15872 253
15873 300
15874 300
15875 300
15876 253
15877 300
15878 300
15879 168
15880 300
15881 300
15882 253
15883 169
15884 300
15885 170
15886 253
15887 300
15888 253
15889 253
15890 171
15891 300
15892 253
15893 300
15894 300
15895 253
15896 253
15897 300
15898 253
15899 253
15900 172
15901 300
15902 253
15903 300
15904 300
15905 253
15906 300
15907 300
15908 253
15909 300
15910 253
15911 253
15912 253
15913 300
15914 253
15915 300
15916 300
15917 300
15918 253
15919 300
15920 300
15921 300
15922 300
15923 253
15924 300
15925 300
15926 253
15927 300
15928 300
15929 253
15930 300
15931 253
15932 253
15933 253
15934 253
15935 300
15936 300
15937 253
15938 300
15939 253
15940 300
15941 253
15942 253
15943 300
15944 253
15945 300
15946 300
15947 253
15948 300
15949 300
15950 95
15951 253
15952 300
15953 253
15954 300
15955 253
15956 300
15957 253
15958 253
15959 253
15960 300
15961 253
15962 300
15963 253
15964 253
15965 253
15966 253
15967 253
15968 253
15969 253
15970 253
15971 300
15972 253
15973 300
15974 253
15975 253
15976 173
15977 300
15978 174
15979 253
15980 175
15981 253
15982 300
15983 253
15984 253
15985 300
15986 253
15987 253
15988 253
15989 300
15990 300
15991 253
15992 176
15993 253
15994 300
15995 300
15996 177
15997 253
15998 300
15999 253
16000 300
16001 300
16002 300
16003 300
16004 253
16005 253
16006 300
16007 300
16008 253
16009 253
16010 300
16011 300
16012 253
16013 253
16014 178
16015 300
16016 300
16017 253
16018 253
16019 300
16020 300
16021 253
16022 300
16023 300
16024 253
16025 300
16026 300
16027 300
16028 300
16029 253
16030 253
16031 253
16032 253
16033 300
16034 253
16035 300
16036 300
16037 253
16038 300
16039 300
16040 253
16041 300
16042 253
16043 253
16044 253
16045 253
16046 253
16047 253
16048 179
16049 253
16050 300
16051 253
16052 253
16053 300
16054 300
16055 253
16056 300
16057 300
16058 300
16059 180
16060 300
16061 300
16062 253
16063 253
16064 300
16065 300
16066 181
16067 182
16068 300
16069 253
16070 253
16071 253
16072 183
16073 253
16074 253
16075 300
16076 300
16077 300
16078 300
16079 300
16080 253
16081 184
16082 253
16083 300
16084 300
16085 253
16086 253
16087 253
16088 185
16089 253
16090 300
16091 300
16092 253
16093 186
16094 253
16095 253
16096 300
16097 300
16098 300
16099 253
16100 187
16101 253
16102 188
16103 253
16104 253
16105 300
16106 300
16107 300
16108 300
16109 300
16110 300
16111 253
16112 253
16113 300
16114 253
16115 253
16116 300
16117 253
16118 300
16119 253
16120 300
16121 300
16122 300
16123 300
16124 253
16125 300
16126 253
16127 300
16128 300
16129 253
16130 253
16131 300
16132 253
16133 300
16134 253
16135 253
16136 253
16137 300
16138 189
16139 300
16140 190
16141 300
16142 300
16143 253
16144 300
16145 300
16146 300
16147 253
16148 172
16149 253
16150 253
16151 300
16152 253
16153 253
16154 253
16155 300
16156 253
16157 253
16158 253
16159 253
16160 253
16161 300
16162 253
16163 300
16164 300
16165 300
16166 250
16167 253
16168 253
16169 300
16170 253
16171 253
16172 300
16173 300
16174 250
16175 300
16176 253
16177 300
16178 253
16179 253
16180 300
16181 300
16182 300
16183 300
16184 300
16185 300
16186 253
16187 250
16188 300
16189 300
16190 253
16191 253
16192 300
16193 253
16194 253
16195 300
16196 253
16197 253
16198 300
16199 253
16200 253
16201 253
16202 300
16203 300
16204 253
16205 300
16206 300
16207 253
16208 253
16209 300
16210 253
16211 191
16212 253
16213 300
16214 300
16215 192
16216 253
16217 300
16218 300
16219 300
16220 253
16221 300
16222 300
16223 300
16224 300
16225 300
16226 253
16227 300
16228 193
16229 194
16230 253
16231 253
16232 300
16233 300
16234 300
16235 195
16236 300
16237 253
16238 253
16239 253
16240 253
16241 300
16242 300
16243 253
16244 253
16245 300
16246 253
16247 196
16248 253
16249 253
16250 300
16251 300
16252 300
16253 253
16254 253
16255 300
16256 300
16257 253
16258 253
16259 253
16260 253
16261 300
16262 300
16263 300
16264 253
16265 197
16266 300
16267 300
16268 253
16269 300
16270 253
16271 253
16272 300
16273 253
16274 198
16275 253
16276 300
16277 253
16278 300
16279 300
16280 253
16281 253
16282 253
16283 199
16284 300
16285 300
16286 300
16287 253
16288 300
16289 300
16290 300
16291 253
16292 300
16293 253
16294 300
16295 300
16296 253
16297 300
16298 253
16299 253
16300 250
16301 253
16302 300
16303 300
16304 253
16305 253
16306 253
16307 253
16308 253
16309 200
16310 300
16311 300
16312 253
16313 300
16314 300
16315 300
16316 253
16317 300
16318 300
16319 300
16320 253
16321 253
16322 253
16323 253
16324 253
16325 201
16326 253
16327 300
16328 253
16329 300
16330 253
16331 253
16332 253
16333 253
16334 300
16335 253
16336 300
16337 253
16338 253
16339 253
16340 300
16341 300
16342 300
16343 253
16344 253
16345 300
16346 300
16347 253
16348 300
16349 202
16350 300
16351 253
16352 300
16353 253
16354 253
16355 253
16356 253
16357 253
16358 203
16359 300
16360 300
16361 300
16362 300
16363 253
16364 204
16365 300
16366 300
16367 300
16368 300
16369 300
16370 300
16371 250
16372 300
16373 253
16374 300
16375 300
16376 300
16377 205
16378 300
16379 253
16380 300
16381 253
16382 206
16383 300
16384 300
16385 253
16386 300
16387 207
16388 253
16389 253
16390 253
16391 253
16392 253
16393 300
16394 253
16395 208
16396 253
16397 253
16398 300
16399 253
16400 300
16401 300
16402 253
16403 253
16404 300
16405 253
16406 300
16407 253
16408 300
16409 209
16410 253
16411 300
16412 253
16413 253
16414 253
16415 300
16416 253
16417 253
16418 253
16419 253
16420 300
16421 300
16422 212
16423 253
16424 300
16425 300
16426 210
16427 300
16428 253
16429 300
16430 253
16431 300
16432 300
16433 211
16434 212
16435 300
16436 253
16437 300
16438 300
16439 300
16440 300
16441 253
16442 300
16443 300
16444 300
16445 300
16446 253
16447 300
16448 253
16449 253
16450 300
16451 253
16452 253
16453 253
16454 300
16455 300
16456 253
16457 213
16458 300
16459 253
16460 253
16461 300
16462 300
16463 253
16464 300
16465 214
16466 215
16467 216
16468 300
16469 300
16470 253
16471 300
16472 217
16473 300
16474 300
16475 253
16476 253
16477 218
16478 253
16479 219
16480 253
16481 300
16482 300
16483 253
16484 253
16485 253
16486 300
16487 300
16488 253
16489 220
16490 253
16491 221
16492 300
16493 253
16494 300
16495 253
16496 253
16497 253
16498 253
16499 253
16500 300
16501 300
16502 253
16503 222
16504 300
16505 253
16506 300
16507 300
16508 253
16509 253
16510 253
16511 223
16512 253
16513 300
16514 300
16515 300
16516 300
16517 300
16518 253
16519 300
16520 253
16521 300
16522 300
16523 253
16524 253
16525 253
16526 300
16527 253
16528 300
16529 253
16530 253
16531 300
16532 300
16533 300
16534 253
16535 253
16536 300
16537 300
16538 253
16539 300
16540 300
16541 224
16542 300
16543 253
16544 300
16545 253
16546 300
16547 300
16548 253
16549 253
16550 300
16551 300
16552 253
16553 300
16554 253
16555 300
16556 300
16557 226
16558 225
16559 300
16560 226
16561 253
16562 300
16563 300
16564 300
16565 300
16566 253
16567 300
16568 253
16569 300
16570 227
16571 253
16572 228
16573 300
16574 300
16575 253
16576 300
16577 300
16578 253
16579 253
16580 253
16581 253
16582 300
16583 253
16584 253
16585 300
16586 253
16587 300
16588 253
16589 300
16590 300
16591 300
16592 300
16593 229
16594 300
16595 300
16596 300
16597 253
16598 253
16599 253
16600 253
16601 253
16602 253
16603 253
16604 253
16605 300
16606 253
16607 300
16608 300
16609 300
16610 253
16611 253
16612 253
16613 300
16614 300
16615 300
16616 230
16617 300
16618 253
16619 231
16620 300
16621 253
16622 253
16623 253
16624 253
16625 253
16626 253
16627 300
16628 253
16629 300
16630 253
16631 232
16632 253
16633 253
16634 300
16635 300
16636 300
16637 300
16638 253
16639 300
16640 253
16641 253
16642 233
16643 253
16644 300
16645 300
16646 300
16647 253
16648 234
16649 300
16650 253
16651 253
16652 300
16653 253
16654 300
16655 253
16656 300
16657 300
16658 253
16659 300
16660 300
16661 300
16662 253
16663 300
16664 300
16665 253
16666 300
16667 253
16668 300
16669 253
16670 300
16671 253
16672 300
16673 300
16674 300
16675 253
16676 300
16677 300
16678 300
16679 300
16680 300
16681 253
16682 235
16683 300
16684 300
16685 300
16686 300
16687 253
16688 253
16689 300
16690 253
16691 300
16692 253
16693 253
16694 253
16695 300
16696 253
16697 300
16698 300
16699 253
16700 253
16701 253
16702 300
16703 300
16704 300
16705 300
16706 300
16707 236
16708 300
16709 300
16710 253
16711 253
16712 300
16713 253
16714 253
16715 253
16716 253
16717 300
16718 300
16719 300
16720 253
16721 237
16722 300
16723 253
16724 300
16725 300
16726 253
16727 253
16728 300
16729 300
16730 238
16731 300
16732 253
16733 253
16734 239
16735 300
16736 253
16737 253
16738 253
16739 300
16740 253
16741 253
16742 300
16743 300
16744 300
16745 300
16746 300
16747 253
16748 300
16749 253
16750 300
16751 253
16752 253
16753 253
16754 300
16755 253
16756 253
16757 300
16758 253
16759 300
16760 253
16761 253
16762 253
16763 300
16764 253
16765 300
16766 300
16767 253
16768 300
16769 253
16770 300
16771 240
16772 253
16773 253
16774 253
16775 253
16776 300
16777 253
16778 253
16779 300
16780 300
16781 300
16782 241
16783 253
16784 300
16785 300
16786 242
16787 300
16788 300
16789 253
16790 300
16791 253
16792 253
16793 253
16794 300
16795 300
16796 253
16797 300
16798 253
16799 253
16800 243
16801 253
16802 253
16803 300
16804 244
16805 300
16806 300
16807 300
16808 253
16809 253
16810 300
16811 300
16812 300
16813 300
16814 245
16815 300
16816 253
16817 253
16818 246
16819 300
16820 300
16821 300
16822 253
16823 300
16824 300
16825 247
16826 253
16827 300
16828 253
16829 300
16830 253
16831 253
16832 300
16833 300
16834 248
16835 253
16836 253
16837 253
16838 253
16839 300
16840 253
16841 300
16842 249
16843 253
16844 300
16845 253
16846 253
16847 253
16848 253
16849 253
16850 253
16851 253
16852 253
16853 253
16854 253
16855 253
16856 253
16857 300
16858 300
16859 253
16860 300
16861 300
16862 300
16863 300
16864 300
16865 300
16866 300
16867 300
16868 300
16869 300
16870 250
16871 300
16872 300
16873 253
16874 253
16875 253
16876 300
16877 300
16878 300
16879 253
16880 300
16881 253
16882 253
16883 253
16884 300
16885 253
16886 300
16887 300
16888 253
16889 251
16890 253
16891 253
16892 300
16893 253
16894 253
16895 253
16896 300
16897 253
16898 300
16899 300
16900 253
16901 253
16902 253
16903 253
16904 300
16905 300
16906 253
16907 300
16908 253
16909 252
16910 300
16911 250
16912 253
16913 300
16914 300
16915 250
16916 300
16917 300
16918 253
16919 300
16920 300
16921 253
16922 253
16923 253
16924 250
16925 253
16926 300
16927 253
16928 253
16929 300
16930 250
16931 253
16932 253
16933 253
16934 253
16935 300
16936 253
16937 253
16938 253
16939 253
16940 253
16941 253
16942 300
16943 253
16944 300
16945 253
16946 300
16947 300
16948 300
16949 253
16950 300
16951 253
16952 253
16953 253
16954 300
16955 253
16956 300
16957 300
16958 300
16959 300
16960 6
16961 253
16962 300
16963 300
16964 253
16965 253
16966 300
16967 253
16968 6
16969 253
16970 253
16971 300
16972 300
16973 253
16974 253
16975 253
16976 253
16977 300
16978 300
16979 253
16980 253
16981 300
16982 300
16983 300
16984 253
16985 300
16986 253
16987 300
16988 300
16989 300
16990 253
16991 300
16992 253
16993 253
16994 253
16995 253
16996 300
16997 253
16998 253
16999 253
17000 253
17001 300
17002 253
17003 253
17004 300
17005 300
17006 300
17007 253
17008 300
17009 253
17010 300
17011 300
17012 253
17013 300
17014 300
17015 300
17016 300
17017 300
17018 300
17019 300
17020 300
17021 300
17022 253
17023 253
17024 253
17025 253
17026 253
17027 253
17028 300
17029 300
17030 253
17031 300
17032 300
17033 253
17034 253
17035 300
17036 300
17037 300
17038 300
17039 300
17040 300
17041 253
17042 300
17043 300
17044 253
17045 253
17046 300
17047 300
17048 253
17049 300
17050 253
17051 300
17052 253
17053 300
17054 253
17055 253
17056 300
17057 253
17058 300
17059 253
17060 300
17061 253
17062 253
17063 253
17064 253
17065 253
17066 300
17067 253
17068 300
17069 300
17070 300
17071 300
17072 253
17073 300
17074 300
17075 253
17076 300
17077 300
17078 300
17079 253
17080 253
17081 253
17082 253
17083 300
17084 300
17085 253
17086 300
17087 253
17088 253
17089 253
17090 300
17091 300
17092 253
17093 253
17094 300
17095 300
17096 300
17097 253
17098 253
17099 300
17100 300
17101 300
17102 253
17103 300
17104 300
17105 253
17106 253
17107 300
17108 253
17109 300
17110 253
17111 253
17112 253
17113 254
17114 253
17115 300
17116 300
17117 253
17118 253
17119 253
17120 300
17121 255
17122 253
17123 300
17124 253
17125 253
17126 256
17127 300
17128 253
17129 253
17130 253
17131 253
17132 253
17133 253
17134 253
17135 253
17136 300
17137 253
17138 253
17139 300
17140 300
17141 300
17142 253
17143 300
17144 253
17145 300
17146 300
17147 300
17148 257
17149 253
17150 300
17151 300
17152 253
17153 300
17154 300
17155 300
17156 253
17157 253
17158 300
17159 300
17160 253
17161 253
17162 300
17163 253
17164 253
17165 253
17166 253
17167 253
17168 253
17169 253
17170 300
17171 300
17172 300
17173 253
17174 300
17175 300
17176 300
17177 253
17178 253
17179 253
17180 253
17181 300
17182 300
17183 300
17184 300
17185 300
17186 300
17187 300
17188 253
17189 300
17190 253
17191 300
17192 300
17193 300
17194 253
17195 300
17196 258
17197 253
17198 253
17199 300
17200 259
17201 253
17202 253
17203 300
17204 300
17205 300
17206 260
17207 253
17208 261
17209 262
17210 300
17211 300
17212 263
17213 253
17214 253
17215 300
17216 253
17217 264
17218 300
17219 300
17220 253
17221 253
17222 253
17223 265
17224 300
17225 253
17226 253
17227 253
17228 253
17229 300
17230 253
17231 300
17232 300
17233 253
17234 253
17235 300
17236 253
17237 253
17238 253
17239 300
17240 253
17241 253
17242 266
17243 253
17244 253
17245 253
17246 253
17247 253
17248 300
17249 253
17250 253
17251 253
17252 253
17253 300
17254 300
17255 253
17256 253
17257 253
17258 253
17259 253
17260 300
17261 253
17262 253
17263 253
17264 300
17265 253
17266 300
17267 300
17268 300
17269 253
17270 300
17271 267
17272 300
17273 253
17274 268
17275 300
17276 300
17277 253
17278 253
17279 253
17280 253
17281 253
17282 269
17283 253
17284 253
17285 300
17286 253
17287 300
17288 253
17289 253
17290 253
17291 300
17292 253
17293 300
17294 300
17295 253
17296 300
17297 300
17298 253
17299 253
17300 300
17301 253
17302 253
17303 300
17304 300
17305 253
17306 300
17307 270
17308 253
17309 253
17310 271
17311 300
17312 300
17313 253
17314 300
17315 253
17316 253
17317 300
17318 253
17319 300
17320 272
17321 253
17322 300
17323 300
17324 300
17325 253
17326 273
17327 300
17328 253
17329 300
17330 300
17331 300
17332 274
17333 300
17334 300
17335 300
17336 300
17337 253
17338 275
17339 253
17340 300
17341 253
17342 300
17343 300
17344 300
17345 300
17346 300
17347 300
17348 276
17349 253
17350 253
17351 253
17352 300
17353 253
17354 253
17355 253
17356 253
17357 253
17358 277
17359 253
17360 253
17361 253
17362 253
17363 253
17364 253
17365 300
17366 253
17367 300
17368 278
17369 279
17370 280
17371 253
17372 253
17373 253
17374 300
17375 300
17376 300
17377 253
17378 300
17379 300
17380 300
17381 300
17382 281
17383 282
17384 300
17385 253
17386 300
17387 300
17388 253
17389 253
17390 253
17391 253
17392 283
17393 300
17394 253
17395 284
17396 300
17397 300
17398 300
17399 253
17400 300
17401 253
17402 253
17403 253
17404 300
17405 285
17406 300
17407 286
17408 253
17409 253
17410 253
17411 253
17412 287
17413 300
17414 253
17415 253
17416 253
17417 300
17418 300
17419 300
17420 300
17421 300
17422 253
17423 300
17424 300
17425 300
17426 300
17427 253
17428 253
17429 253
17430 300
17431 253
17432 300
17433 253
17434 253
17435 253
17436 300
17437 288
17438 300
17439 253
17440 300
17441 289
17442 253
17443 253
17444 253
17445 253
17446 300
17447 253
17448 300
17449 253
17450 300
17451 253
17452 253
17453 290
17454 300
17455 253
17456 253
17457 253
17458 253
17459 300
17460 253
17461 300
17462 300
17463 253
17464 253
17465 253
17466 253
17467 253
17468 253
17469 300
17470 300
17471 253
17472 300
17473 300
17474 300
17475 300
17476 253
17477 300
17478 300
17479 253
17480 253
17481 253
17482 253
17483 300
17484 253
17485 300
17486 300
17487 253
17488 291
17489 300
17490 253
17491 300
17492 300
17493 292
17494 253
17495 293
17496 300
17497 294
17498 253
17499 253
17500 253
17501 253
17502 295
17503 253
17504 253
17505 253
17506 300
17507 300
17508 253
17509 253
17510 296
17511 297
17512 300
17513 253
17514 300
17515 253
17516 300
17517 300
17518 300
17519 300
17520 253
17521 253
17522 253
17523 300
17524 253
17525 300
17526 300
17527 253
17528 253
17529 253
17530 253
17531 300
17532 253
17533 300
17534 253
17535 253
17536 253
17537 300
17538 300
17539 300
17540 253
17541 300
17542 300
17543 253
17544 253
17545 253
17546 253
17547 300
17548 253
17549 300
17550 300
17551 253
17552 298
17553 299
17554 253
17555 253
17556 300
17557 300
17558 300
17559 300
17560 300
17561 300
17562 253
17563 300
17564 253
17565 253
17566 67
17567 253
17568 253
17569 300
17570 300
17571 253
17572 253
17573 300
17574 253
17575 253
17576 300
17577 253
17578 253
17579 253
17580 300
17581 300
17582 300
17583 253
17584 253
17585 300
17586 250
17587 300
17588 300
17589 300
17590 300
17591 253
17592 250
17593 253
17594 300
17595 300
17596 300
17597 300
17598 253
17599 300
17600 300
17601 250
17602 253
17603 253
17604 253
17605 253
17606 253
17607 253
17608 250
17609 253
17610 300
17611 253
17612 253
17613 300
17614 300
17615 253
17616 253
17617 300
17618 253
17619 253
17620 300
17621 300
17622 300
17623 300
17624 300
17625 253
17626 253
17627 300
17628 253
17629 300
17630 253
17631 300
17632 253
17633 300
17634 300
17635 253
17636 300
17637 300
17638 300
17639 300
17640 300
17641 253
17642 253
17643 253
17644 253
17645 300
17646 300
17647 300
17648 253
17649 253
17650 300
17651 253
17652 253
17653 253
17654 253
17655 300
17656 300
17657 300
17658 300
17659 250
17660 300
17661 300
17662 250
17663 300
17664 253
17665 250
17666 253
17667 300
17668 300
17669 253
17670 253
17671 300
17672 253
17673 300
17674 253
17675 300
17676 300
17677 300
17678 253
17679 300
17680 300
17681 253
17682 300
17683 300
17684 253
17685 300
17686 253
17687 253
17688 253
17689 300
17690 300
17691 253
17692 253
17693 300
17694 253
17695 253
17696 300
17697 300
17698 253
17699 300
17700 300
17701 300
17702 300
17703 300
17704 253
17705 301
17706 253
17707 253
17708 300
17709 300
17710 300
17711 300
17712 253
17713 300
17714 300
17715 300
17716 253
17717 253
17718 300
17719 253
17720 253
17721 300
17722 302
17723 300
17724 253
17725 253
17726 300
17727 303
17728 300
17729 253
17730 253
17731 304
17732 6
17733 253
17734 300
17735 253
17736 300
17737 300
17738 300
17739 253
17740 253
17741 300
17742 300
17743 300
17744 253
17745 253
17746 253
17747 253
17748 253
17749 300
17750 253
17751 300
17752 253
17753 300
17754 253
17755 300
17756 300
17757 253
17758 253
17759 253
17760 300
17761 6
17762 253
17763 300
17764 253
17765 300
17766 300
17767 300
17768 253
17769 300
17770 253
17771 253
17772 253
17773 300
17774 253
17775 253
17776 253
17777 300
17778 300
17779 300
17780 253
17781 300
17782 253
17783 253
17784 300
17785 253
17786 253
17787 253
17788 253
17789 253
17790 300
17791 300
17792 300
17793 253
17794 253
17795 253
17796 253
17797 253
17798 300
17799 300
17800 300
17801 300
17802 300
17803 300
17804 253
17805 253
17806 253
17807 253
17808 253
17809 300
17810 300
17811 253
17812 300
17813 300
17814 300
17815 300
17816 253
17817 300
17818 300
17819 300
17820 253
17821 300
17822 253
17823 300
17824 253
17825 300
17826 253
17827 253
17828 384
17829 253
17830 300
17831 300
17832 384
17833 300
17834 253
17835 253
17836 253
17837 253
17838 300
17839 300
17840 253
17841 300
17842 300
17843 300
17844 300
17845 300
17846 300
17847 253
17848 300
17849 253
17850 253
17851 253
17852 300
17853 300
17854 253
17855 253
17856 300
17857 300
17858 300
17859 253
17860 300
17861 253
17862 253
17863 253
17864 253
17865 300
17866 300
17867 300
17868 300
17869 300
17870 300
17871 253
17872 253
17873 253
17874 253
17875 300
17876 253
17877 300
17878 300
17879 253
17880 300
17881 253
17882 253
17883 253
17884 253
17885 300
17886 300
17887 253
17888 253
17889 253
17890 305
17891 253
17892 300
17893 253
17894 253
17895 253
17896 300
17897 253
17898 253
17899 253
17900 306
17901 253
17902 253
17903 300
17904 307
17905 300
17906 300
17907 253
17908 253
17909 253
17910 300
17911 253
17912 300
17913 253
17914 253
17915 300
17916 253
17917 211
17918 300
17919 253
17920 300
17921 300
17922 308
17923 300
17924 300
17925 300
17926 253
17927 300
17928 253
17929 253
17930 300
17931 300
17932 300
17933 253
17934 253
17935 253
17936 300
17937 300
17938 253
17939 309
17940 253
17941 300
17942 253
17943 253
17944 310
17945 300
17946 300
17947 300
17948 253
17949 311
17950 253
17951 300
17952 253
17953 300
17954 253
17955 253
17956 253
17957 300
17958 253
17959 253
17960 253
17961 253
17962 253
17963 300
17964 300
17965 253
17966 300
17967 300
17968 253
17969 253
17970 253
17971 253
17972 312
17973 253
17974 313
17975 253
17976 253
17977 300
17978 253
17979 253
17980 314
17981 315
17982 300
17983 253
17984 253
17985 300
17986 300
17987 253
17988 253
17989 253
17990 300
17991 300
17992 316
17993 300
17994 253
17995 317
17996 318
17997 253
17998 253
17999 253
18000 253
18001 253
18002 253
18003 253
18004 253
18005 253
18006 253
18007 253
18008 253
18009 300
18010 300
18011 300
18012 300
18013 319
18014 300
18015 300
18016 300
18017 300
18018 300
18019 300
18020 253
18021 253
18022 253
18023 300
18024 320
18025 253
18026 300
18027 321
18028 322
18029 253
18030 253
18031 253
18032 253
18033 300
18034 253
18035 253
18036 300
18037 253
18038 253
18039 253
18040 323
18041 253
18042 300
18043 253
18044 253
18045 253
18046 300
18047 253
18048 324
18049 253
18050 253
18051 300
18052 253
18053 253
18054 253
18055 300
18056 253
18057 300
18058 253
18059 300
18060 253
18061 300
18062 300
18063 253
18064 253
18065 253
18066 253
18067 253
18068 300
18069 300
18070 253
18071 300
18072 300
18073 300
18074 253
18075 300
18076 300
18077 300
18078 253
18079 253
18080 325
18081 326
18082 300
18083 253
18084 300
18085 253
18086 327
18087 300
18088 253
18089 300
18090 300
18091 253
18092 300
18093 300
18094 300
18095 253
18096 300
18097 300
18098 253
18099 253
18100 253
18101 300
18102 253
18103 300
18104 253
18105 300
18106 300
18107 328
18108 300
18109 300
18110 253
18111 300
18112 300
18113 300
18114 253
18115 253
18116 253
18117 300
18118 253
18119 300
18120 253
18121 253
18122 253
18123 253
18124 253
18125 253
18126 300
18127 253
18128 300
18129 253
18130 253
18131 300
18132 253
18133 300
18134 253
18135 253
18136 253
18137 300
18138 329
18139 330
18140 253
18141 253
18142 253
18143 300
18144 253
18145 300
18146 300
18147 253
18148 300
18149 253
18150 331
18151 300
18152 253
18153 300
18154 332
18155 300
18156 253
18157 333
18158 253
18159 300
18160 300
18161 253
18162 334
18163 300
18164 253
18165 335
18166 253
18167 300
18168 253
18169 336
18170 300
18171 253
18172 300
18173 337
18174 253
18175 338
18176 300
18177 253
18178 253
18179 253
18180 300
18181 300
18182 300
18183 300
18184 253
18185 300
18186 253
18187 300
18188 253
18189 300
18190 300
18191 339
18192 253
18193 253
18194 253
18195 300
18196 300
18197 253
18198 253
18199 340
18200 253
18201 300
18202 253
18203 253
18204 341
18205 300
18206 253
18207 300
18208 253
18209 300
18210 253
18211 300
18212 253
18213 300
18214 253
18215 253
18216 342
18217 253
18218 300
18219 253
18220 253
18221 253
18222 300
18223 253
18224 343
18225 253
18226 300
18227 300
18228 253
18229 300
18230 253
18231 253
18232 253
18233 253
18234 253
18235 300
18236 253
18237 253
18238 344
18239 253
18240 253
18241 300
18242 345
18243 253
18244 300
18245 253
18246 253
18247 300
18248 300
18249 300
18250 300
18251 253
18252 253
18253 253
18254 253
18255 300
18256 253
18257 253
18258 300
18259 253
18260 253
18261 253
18262 300
18263 253
18264 253
18265 300
18266 253
18267 253
18268 253
18269 253
18270 300
18271 300
18272 253
18273 300
18274 300
18275 300
18276 300
18277 300
18278 253
18279 300
18280 253
18281 300
18282 300
18283 253
18284 300
18285 253
18286 300
18287 300
18288 300
18289 253
18290 346
18291 253
18292 253
18293 300
18294 300
18295 300
18296 300
18297 253
18298 253
18299 253
18300 347
18301 300
18302 300
18303 300
18304 253
18305 253
18306 253
18307 253
18308 300
18309 300
18310 300
18311 253
18312 300
18313 253
18314 300
18315 300
18316 300
18317 253
18318 253
18319 253
18320 300
18321 300
18322 253
18323 253
18324 253
18325 300
18326 348
18327 300
18328 253
18329 253
18330 300
18331 253
18332 349
18333 253
18334 253
18335 350
18336 253
18337 253
18338 253
18339 253
18340 253
18341 253
18342 253
18343 253
18344 300
18345 351
18346 300
18347 253
18348 300
18349 300
18350 300
18351 253
18352 253
18353 352
18354 253
18355 253
18356 300
18357 300
18358 253
18359 253
18360 253
18361 300
18362 300
18363 300
18364 300
18365 300
18366 253
18367 300
18368 353
18369 253
18370 253
18371 253
18372 253
18373 354
18374 300
18375 253
18376 253
18377 253
18378 253
18379 253
18380 300
18381 300
18382 253
18383 253
18384 355
18385 300
18386 300
18387 300
18388 300
18389 253
18390 300
18391 300
18392 300
18393 300
18394 253
18395 300
18396 300
18397 253
18398 253
18399 300
18400 300
18401 300
18402 300
18403 356
18404 300
18405 357
18406 253
18407 300
18408 300
18409 253
18410 253
18411 300
18412 300
18413 300
18414 253
18415 300
18416 358
18417 300
18418 253
18419 253
18420 300
18421 300
18422 253
18423 253
18424 359
18425 253
18426 300
18427 253
18428 253
18429 360
18430 300
18431 300
18432 253
18433 361
18434 362
18435 300
18436 300
18437 253
18438 253
18439 300
18440 300
18441 300
18442 253
18443 300
18444 300
18445 300
18446 300
18447 253
18448 300
18449 300
18450 300
18451 253
18452 300
18453 300
18454 300
18455 253
18456 300
18457 253
18458 253
18459 300
18460 300
18461 300
18462 300
18463 300
18464 300
18465 300
18466 253
18467 253
18468 300
18469 253
18470 253
18471 300
18472 253
18473 253
18474 300
18475 415
18476 300
18477 300
18478 300
18479 300
18480 300
18481 300
18482 253
18483 300
18484 253
18485 300
18486 253
18487 253
18488 253
18489 300
18490 300
18491 300
18492 253
18493 363
18494 364
18495 300
18496 365
18497 253
18498 300
18499 300
18500 300
18501 253
18502 253
18503 300
18504 253
18505 253
18506 300
18507 300
18508 253
18509 253
18510 300
18511 300
18512 366
18513 300
18514 367
18515 300
18516 300
18517 300
18518 300
18519 300
18520 253
18521 253
18522 368
18523 253
18524 300
18525 300
18526 300
18527 369
18528 300
18529 253
18530 300
18531 300
18532 300
18533 300
18534 300
18535 300
18536 300
18537 253
18538 370
18539 253
18540 253
18541 253
18542 253
18543 300
18544 300
18545 300
18546 253
18547 253
18548 371
18549 372
18550 253
18551 373
18552 300
18553 374
18554 253
18555 253
18556 253
18557 253
18558 300
18559 300
18560 253
18561 253
18562 300
18563 253
18564 253
18565 375
18566 300
18567 253
18568 300
18569 300
18570 300
18571 253
18572 300
18573 300
18574 253
18575 376
18576 300
18577 300
18578 300
18579 253
18580 253
18581 377
18582 253
18583 300
18584 300
18585 253
18586 300
18587 378
18588 300
18589 253
18590 300
18591 300
18592 300
18593 300
18594 300
18595 300
18596 253
18597 300
18598 300
18599 253
18600 253
18601 300
18602 300
18603 253
18604 253
18605 300
18606 300
18607 379
18608 300
18609 380
18610 300
18611 300
18612 300
18613 253
18614 300
18615 253
18616 300
18617 300
18618 253
18619 381
18620 300
18621 300
18622 253
18623 300
18624 382
18625 300
18626 383
18627 300
18628 300
18629 300
18630 300
18631 384
18632 253
18633 300
18634 300
18635 300
18636 253
18637 300
18638 385
18639 253
18640 386
18641 300
18642 387
18643 253
18644 300
18645 253
18646 253
18647 300
18648 300
18649 253
18650 300
18651 253
18652 300
18653 300
18654 300
18655 300
18656 253
18657 253
18658 253
18659 300
18660 300
18661 253
18662 300
18663 300
18664 300
18665 388
18666 253
18667 253
18668 253
18669 300
18670 300
18671 253
18672 300
18673 253
18674 300
18675 253
18676 253
18677 300
18678 300
18679 300
18680 300
18681 300
18682 300
18683 253
18684 253
18685 300
18686 253
18687 143
18688 300
18689 389
18690 300
18691 300
18692 253
18693 300
18694 390
18695 253
18696 391
18697 392
18698 253
18699 253
18700 300
18701 300
18702 300
18703 393
18704 253
18705 300
18706 394
18707 395
18708 300
18709 300
18710 300
18711 253
18712 253
18713 300
18714 300
18715 253
18716 300
18717 300
18718 253
18719 300
18720 253
18721 396
18722 253
18723 253
18724 300
18725 253
18726 253
18727 253
18728 253
18729 300
18730 253
18731 300
18732 300
18733 300
18734 253
18735 300
18736 253
18737 300
18738 300
18739 300
18740 300
18741 253
18742 300
18743 397
18744 300
18745 300
18746 253
18747 253
18748 398
18749 253
18750 300
18751 399
18752 400
18753 300
18754 401
18755 402
18756 300
18757 300
18758 300
18759 253
18760 300
18761 253
18762 300
18763 253
18764 300
18765 253
18766 300
18767 300
18768 300
18769 253
18770 300
18771 300
18772 300
18773 300
18774 300
18775 253
18776 253
18777 300
18778 300
18779 300
18780 253
18781 300
18782 253
18783 253
18784 300
18785 253
18786 300
18787 253
18788 300
18789 253
18790 253
18791 300
18792 253
18793 300
18794 253
18795 253
18796 300
18797 253
18798 300
18799 253
18800 253
18801 253
18802 300
18803 300
18804 403
18805 404
18806 300
18807 405
18808 253
18809 300
18810 300
18811 300
18812 300
18813 300
18814 253
18815 253
18816 406
18817 253
18818 300
18819 253
18820 300
18821 253
18822 253
18823 407
18824 253
18825 253
18826 300
18827 253
18828 253
18829 300
18830 300
18831 253
18832 300
18833 300
18834 300
18835 408
18836 300
18837 253
18838 253
18839 300
18840 300
18841 300
18842 300
18843 253
18844 300
18845 409
18846 253
18847 410
18848 300
18849 300
18850 300
18851 253
18852 300
18853 253
18854 253
18855 300
18856 300
18857 411
18858 253
18859 412
18860 413
18861 300
18862 300
18863 253
18864 300
18865 414
18866 253
18867 300
18868 300
18869 300
18870 300
18871 253
18872 300
18873 300
18874 253
18875 300
18876 300
18877 253
18878 253
18879 300
18880 300
18881 300
18882 253
18883 253
18884 300
18885 300
18886 253
18887 253
18888 300
18889 253
18890 300
18891 253
18892 300
18893 300
18894 300
18895 300
18896 253
18897 300
18898 300
18899 253
18900 415
18901 253
18902 253
18903 253
18904 300
18905 300
18906 300
18907 253
18908 253
18909 253
18910 300
18911 300
18912 253
18913 253
18914 300
18915 253
18916 300
18917 300
18918 300
18919 300
18920 253
18921 253
18922 300
18923 300
18924 253
18925 300
18926 300
18927 300
18928 300
18929 300
18930 253
18931 300
18932 253
18933 253
18934 300
18935 300
18936 253
18937 253
18938 300
18939 253
18940 300
18941 300
18942 253
18943 253
18944 416
18945 253
18946 300
18947 300
18948 253
18949 417
18950 253
18951 253
18952 300
18953 300
18954 253
18955 300
18956 300
18957 253
18958 253
18959 253
18960 418
18961 419
18962 300
18963 300
18964 253
18965 253
18966 300
18967 253
18968 300
18969 300
18970 253
18971 300
18972 420
18973 300
18974 300
18975 300
18976 300
18977 421
18978 300
18979 300
18980 422
18981 300
18982 253
18983 253
18984 253
18985 253
18986 253
18987 300
18988 423
18989 253
18990 300
18991 253
18992 300
18993 253
18994 300
18995 424
18996 253
18997 253
18998 300
18999 253
19000 300
19001 253
19002 253
19003 300
19004 425
19005 300
19006 300
19007 300
19008 300
19009 253
19010 300
19011 300
19012 253
19013 253
19014 300
19015 300
19016 300
19017 253
19018 426
19019 300
19020 300
19021 253
19022 253
19023 427
19024 253
19025 253
19026 253
19027 253
19028 300
19029 300
19030 428
19031 300
19032 253
19033 300
19034 253
19035 300
19036 300
19037 300
19038 253
19039 300
19040 300
19041 253
19042 300
19043 253
19044 300
19045 253
19046 253
19047 253
19048 300
19049 300
19050 253
19051 300
19052 253
19053 253
19054 300
19055 253
19056 300
19057 300
19058 253
19059 429
19060 253
19061 300
19062 430
19063 253
19064 300
19065 300
19066 300
19067 253
19068 431
19069 253
19070 432
19071 253
19072 300
19073 300
19074 300
19075 300
19076 253
19077 300
19078 433
19079 300
19080 300
19081 253
19082 253
19083 300
19084 300
19085 253
19086 300
19087 253
19088 253
19089 253
19090 300
19091 300
19092 253
19093 300
19094 253
19095 300
19096 300
19097 300
19098 253
19099 434
19100 253
19101 300
19102 300
19103 300
19104 253
19105 435
19106 253
19107 253
19108 300
19109 300
19110 253
19111 436
19112 253
19113 300
19114 300
19115 437
19116 300
19117 300
19118 300
19119 300
19120 253
19121 253
19122 438
19123 253
19124 253
19125 439
19126 300
19127 253
19128 253
19129 253
19130 253
19131 253
19132 440
19133 253
19134 253
19135 300
19136 300
19137 253
19138 441
19139 300
19140 300
19141 300
19142 253
19143 300
19144 300
19145 300
19146 253
19147 300
19148 253
19149 253
19150 253
19151 300
19152 300
19153 253
19154 442
19155 300
19156 300
19157 253
19158 300
19159 253
19160 253
19161 253
19162 300
19163 300
19164 253
19165 300
19166 253
19167 300
19168 253
19169 253
19170 443
19171 300
19172 253
19173 253
19174 300
19175 300
19176 444
19177 253
19178 253
19179 445
19180 300
19181 300
19182 300
19183 446
19184 253
19185 300
19186 253
19187 300
19188 253
19189 253
19190 300
19191 300
19192 253
19193 447
19194 253
19195 253
19196 300
19197 448
19198 449
19199 253
19200 450
19201 451
19202 253
19203 300
19204 300
19205 300
19206 253
19207 300
19208 253
19209 300
19210 300
19211 452
19212 453
19213 253
19214 253
19215 454
19216 300
19217 300
19218 253
19219 253
19220 253
19221 300
19222 300
19223 455
19224 253
19225 300
19226 300
19227 300
19228 253
19229 253
19230 253
19231 253
19232 300
19233 300
19234 300
19235 253
19236 253
19237 253
19238 456
19239 300
19240 457
19241 300
19242 253
19243 300
19244 253
19245 253
19246 458
19247 300
19248 300
19249 300
19250 253
19251 253
19252 253
19253 253
19254 300
19255 300
19256 459
19257 253
19258 253
19259 300
19260 300
19261 253
19262 253
19263 253
19264 253
19265 460
19266 461
19267 300
19268 300
19269 462
19270 300
19271 300
19272 463
19273 253
19274 300
19275 300
19276 253
19277 300
19278 253
19279 464
19280 300
19281 300
19282 253
19283 465
19284 300
19285 253
19286 300
19287 300
19288 253
19289 253
19290 253
19291 253
19292 253
19293 253
19294 300
19295 253
19296 300
19297 300
19298 300
19299 253
19300 300
19301 253
19302 253
19303 300
19304 253
19305 300
19306 253
19307 7
19308 300
19309 253
19310 253
19311 300
19312 253
19313 300
19314 300
19315 300
19316 253
19317 300
19318 253
19319 69
19320 253
19321 300
19322 253
19323 253
19324 300
19325 253
19326 253
19327 253
19328 253
19329 253
19330 253
19331 253
19332 253
19333 300
19334 300
19335 300
19336 253
19337 300
19338 300
19339 253
19340 253
19341 300
19342 300
19343 253
19344 253
19345 253
19346 300
19347 253
19348 253
19349 300
19350 253
19351 300
19352 300
19353 253
19354 300
19355 300
19356 253
19357 300
19358 253
19359 300
19360 300
19361 300
19362 253
19363 253
19364 300
19365 300
19366 300
19367 253
19368 300
19369 300
19370 300
19371 300
19372 253
19373 253
19374 253
19375 300
19376 300
19377 300
19378 300
19379 253
19380 253
19381 300
19382 300
19383 300
19384 253
19385 300
19386 253
19387 253
19388 253
19389 253
19390 253
19391 253
19392 300
19393 300
19394 300
19395 300
19396 300
19397 300
19398 253
19399 253
19400 253
19401 300
19402 300
19403 300
19404 300
19405 253
19406 253
19407 466
19408 253
19409 300
19410 253
19411 253
19412 253
19413 7
19414 253
19415 300
19416 300
19417 253
19418 300
19419 300
19420 300
19421 300
19422 253
19423 300
19424 300
19425 300
19426 300
19427 300
19428 300
19429 300
19430 300
19431 253
19432 253
19433 300
19434 253
19435 253
19436 300
19437 253
19438 253
19439 253
19440 253
19441 253
19442 253
19443 300
19444 300
19445 253
19446 253
19447 253
19448 253
19449 300
19450 253
19451 300
19452 253
19453 253
19454 253
19455 253
19456 253
19457 300
19458 300
19459 300
19460 253
19461 300
19462 300
19463 300
19464 253
19465 253
19466 300
19467 300
19468 300
19469 300
19470 253
19471 300
19472 253
19473 300
19474 253
19475 300
19476 300
19477 253
19478 300
19479 253
19480 300
19481 300
19482 467
19483 300
19484 253
19485 468
19486 300
19487 300
19488 469
19489 253
19490 300
19491 253
19492 253
19493 300
19494 253
19495 253
19496 300
19497 253
19498 253
19499 300
19500 253
19501 470
19502 253
19503 300
19504 253
19505 253
19506 471
19507 253
19508 300
19509 253
19510 253
19511 472
19512 300
19513 253
19514 300
19515 300
19516 253
19517 300
19518 300
19519 253
19520 473
19521 253
19522 300
19523 474
19524 300
19525 253
19526 253
19527 475
19528 476
19529 253
19530 253
19531 253
19532 300
19533 477
19534 478
19535 253
19536 253
19537 253
19538 253
19539 300
19540 300
19541 253
19542 253
19543 300
19544 253
19545 253
19546 300
19547 479
19548 480
19549 300
19550 481
19551 482
19552 300
19553 253
19554 253
19555 253
19556 300
19557 253
19558 253
19559 253
19560 300
19561 300
19562 300
19563 253
19564 300
19565 300
19566 253
19567 253
19568 300
19569 483
19570 253
19571 253
19572 484
19573 485
19574 486
19575 300
19576 487
19577 253
19578 253
19579 300
19580 488
19581 489
19582 300
19583 490
19584 253
19585 491
19586 300
19587 300
19588 300
19589 253
19590 253
19591 253
19592 300
19593 492
19594 253
19595 253
19596 253
19597 253
19598 300
19599 253
19600 253
19601 253
19602 493
19603 300
19604 494
19605 495
19606 300
19607 496
19608 253
19609 300
19610 300
19611 253
19612 497
19613 300
19614 253
19615 300
19616 253
19617 300
19618 300
19619 300
19620 300
19621 300
19622 253
19623 300
19624 300
19625 498
19626 300
19627 300
19628 253
19629 253
19630 253
19631 300
19632 300
19633 300
19634 253
19635 300
19636 253
19637 300
19638 300
19639 253
19640 253
19641 253
19642 300
19643 499
19644 253
19645 500
19646 501
19647 502
19648 503
19649 300
19650 504
19651 505
19652 253
19653 253
19654 253
19655 300
19656 300
19657 253
19658 253
19659 300
19660 253
19661 253
19662 253
19663 300
19664 300
19665 253
19666 300
19667 253
19668 300
19669 253
19670 300
19671 253
19672 253
19673 253
19674 253
19675 253
19676 300
19677 506
19678 253
19679 507
19680 253
19681 253
19682 508
19683 300
19684 300
19685 253
19686 253
19687 253
19688 253
19689 300
19690 253
19691 253
19692 253
19693 300
19694 509
19695 510
19696 253
19697 300
19698 511
19699 512
19700 513
19701 514
19702 515
19703 516
19704 517
19705 518
19706 519
19707 520
19708 521
19709 522
19710 523
19711 524
19712 525
19713 526
19714 527
19715 528
19716 529
19717 530
19718 531
19719 532
19720 533
19721 534
19722 535
19723 536
19724 537
19725 538
19726 539
19727 540
19728 541
19729 542
19730 543
19731 544
19732 545
19733 546
19734 547
19735 548
19736 549
19737 550
19738 551
19739 552
19740 553
19741 554
19742 555
19743 556
19744 557
19745 558
19746 559
19747 560
19748 561
19749 562
19750 563
19751 564
19752 565
19753 566
19754 567
19755 568
19756 569
19757 570
19758 571
19759 572
19760 573
19761 574
19762 575
19763 576
19764 577
19765 578
19766 579
19767 580
19768 581
19769 582
19770 583
19771 584
19772 585
19773 586
19774 587
19775 588
19776 589
19777 590
19778 591
19779 592
19780 593
19781 594
19782 595
19783 596
19784 597
19785 598
19786 599
19787 600
19788 601
19789 602
19790 603
19791 604
19792 605
19793 606
19794 607
19795 608
19796 609
19797 610
19798 611
19799 612
19800 613
19801 614
19802 615
19803 616
19804 617
19805 618
19806 619
19807 620
19808 621
19809 622
19810 623
19811 624
19812 625
19813 626
19814 627
19815 628
19816 629
19817 630
19818 631
19819 632
19820 633
19821 634
19822 635
19823 636
19824 637
19825 638
19826 639
19827 640
19828 641
19829 642
19830 643
19831 644
19832 645
19833 646
19834 647
19835 648
19836 649
19837 650
19838 651
19839 652
19840 653
19841 654
19842 655
19843 656
19844 657
19845 658
19846 659
19847 660
19848 661
19849 662
19850 663
19851 664
19852 665
19853 666
19854 667
19855 668
19856 669
19857 670
19858 671
19859 672
19860 673
19861 674
19862 675
19863 676
19864 677
19865 678
19866 679
19867 680
19868 681
19869 682
19870 683
19871 684
19872 685
19873 686
19874 687
19875 688
19876 689
19877 690
19878 691
19879 692
19880 693
19881 694
19882 695
19883 696
19884 697
19885 698
19886 699
19887 700
19888 701
19889 702
19890 703
19891 704
19892 705
19893 706
19894 707
19895 708
19896 709
19897 710
19898 711
19899 712
19900 713
19901 714
19902 715
19903 716
19904 717
19905 718
19906 719
19907 720
19908 721
19909 722
19910 723
19911 724
19912 725
19913 726
19914 727
19915 728
19916 729
19917 730
19918 731
19919 732
19920 733
19921 734
19922 735
19923 736
19924 737
19925 738
19926 739
19927 740
19928 741
19929 742
19930 743
19931 744
19932 745
19933 746
19934 747
19935 748
19936 749
19937 750
19938 751
19939 752
19940 753
19941 754
19942 755
19943 756
19944 757
19945 758
19946 759
19947 760
19948 761
19949 762
19950 763
19951 764
19952 765
19953 766
19954 767
19955 768
19956 769
19957 770
19958 771
19959 772
19960 773
19961 774
19962 775
19963 776
19964 777
19965 778
19966 779
19967 780
19968 781
19969 782
19970 783
19971 784
19972 785
19973 786
19974 787
19975 788
19976 789
19977 790
19978 791
19979 792
19980 793
19981 794
19982 795
19983 796
19984 797
19985 798
19986 799
19987 800
19988 801
19989 802
19990 803
19991 804
19992 805
19993 806
19994 807
19995 808
19996 809
19997 810
19998 811
19999 812
20000 813
20001 814
20002 815
20003 816
20004 817
20005 818
20006 819
20007 820
20008 821
20009 822
20010 823
20011 824
20012 825
20013 826
20014 827
20015 828
20016 829
20017 830
20018 831
20019 832
20020 833
20021 834
20022 835
20023 836
20024 837
20025 838
20026 839
20027 840
20028 841
20029 842
20030 843
20031 844
20032 845
20033 846
20034 847
20035 848
20036 849
20037 850
20038 851
20039 852
20040 853
20041 854
20042 855
20043 856
20044 857
20045 858
20046 859
20047 860
20048 861
20049 862
20050 863
20051 864
20052 865
20053 866
20054 867
20055 868
20056 869
20057 870
20058 871
20059 872
20060 873
20061 874
20062 875
20063 876
20064 877
20065 878
20066 879
20067 880
20068 881
20069 882
20070 883
20071 884
20072 885
20073 886
20074 887
20075 888
20076 889
20077 890
20078 891
20079 892
20080 893
20081 894
20082 895
20083 896
20084 897
20085 898
20086 899
20087 900
20088 901
20089 902
20090 903
20091 904
20092 905
20093 906
20094 907
20095 908
20096 909
20097 910
20098 911
20099 912
20100 913
20101 914
20102 915
20103 916
20104 917
20105 918
20106 919
20107 920
20108 921
20109 922
20110 923
20111 253
20112 924
20113 925
20114 926
20115 927
20116 928
20117 929
20118 930
20119 931
20120 932
20121 933
20122 934
20123 935
20124 936
20125 937
20126 938
20127 939
20128 940
20129 941
20130 942
20131 943
20132 944
20133 945
20134 946
20135 947
20136 948
20137 949
20138 950
20139 951
20140 952
20141 953
20142 954
20143 955
20144 956
20145 957
20146 958
20147 959
20148 960
20149 961
20150 962
20151 963
20152 964
20153 965
20154 966
20155 967
20156 968
20157 969
20158 970
20159 971
20160 972
20161 973
20162 974
20163 975
20164 976
20165 977
20166 978
20167 979
20168 980
20169 981
20170 982
20171 983
20172 984
20173 985
20174 986
20175 987
20176 988
20177 989
20178 990
20179 991
20180 992
20181 993
20182 994
20183 995
20184 996
20185 997
20186 998
20187 999
20188 1000
20189 1001
20190 1002
20191 1003
20192 1004
20193 1005
20194 1006
20195 1007
20196 1008
20197 1009
20198 1010
20199 1011
20200 1012
20201 1013
20202 1014
20203 1015
20204 1016
20205 1017
20206 1018
20207 1019
20208 1020
20209 1021
20210 1022
20211 1023
20212 1024
20213 1025
20214 1026
20215 1027
20216 1028
20217 1029
20218 1030
20219 1031
20220 1032
20221 1033
20222 1034
20223 1035
20224 1036
20225 1037
20226 1038
20227 1039
20228 1040
20229 1041
20230 1042
20231 1043
20232 1044
20233 1045
20234 1046
20235 1047
20236 1048
20237 1049
20238 1050
20239 1051
20240 1052
20241 1053
20242 1054
20243 1055
20244 1056
20245 1057
20246 1058
20247 1059
20248 1060
20249 1061
20250 1062
20251 1063
20252 1064
20253 1065
20254 1066
20255 1067
20256 1068
20257 1069
20258 1070
20259 1071
20260 1072
20261 300
20262 1073
20263 1074
20264 1075
20265 1076
20266 1077
20267 1078
20268 1079
20269 1080
20270 1081
20271 1082
20272 1083
20273 1084
20274 1085
20275 1086
20276 1087
20277 1088
20278 1089
20279 1090
20280 1091
20281 1092
20282 1093
20283 1094
20284 1095
20285 1096
20286 1097
20287 1098
20288 1099
20289 1100
20290 1101
20291 1102
20292 1103
20293 1104
20294 1105
20295 1106
20296 1107
20297 1108
20298 1109
20299 1110
20300 1111
20301 1112
20302 1113
20303 1114
20304 1115
20305 1116
20306 1117
20307 1118
20308 1119
20309 1120
20310 1121
20311 1122
20312 1123
20313 1124
20314 1125
20315 1126
20316 1127
20317 1128
20318 1129
20319 1130
20320 1131
20321 1132
20322 1133
20323 1134
20324 1135
20325 1136
20326 1137
20327 1138
20328 1139
20329 1140
20330 1141
20331 1142
20332 1143
20333 1144
20334 1145
20335 1146
20336 1147
20337 1148
20338 1149
20339 1150
20340 1151
20341 1152
20342 1153
20343 1154
20344 1155
20345 1156
20346 1157
20347 1158
20348 1159
20349 1160
20350 1161
20351 1162
20352 1163
20353 1164
20354 1165
20355 1166
20356 1167
20357 1168
20358 1169
20359 1170
20360 1171
20361 1172
20362 1173
20363 1174
20364 1175
20365 1176
20366 1177
20367 1178
20368 1179
20369 1180
20370 1181
20371 1182
20372 1183
20373 1184
20374 1185
20375 1186
20376 1187
20377 1188
20378 1189
20379 1190
20380 1191
20381 1192
20382 1193
20383 1194
20384 1195
20385 1196
20386 1197
20387 1198
20388 1199
20389 1200
20390 1201
20391 1202
20392 1203
20393 1204
20394 1205
20395 1206
20396 1207
20397 1208
20398 1209
20399 1210
20400 1211
20401 1212
20402 1213
20403 1214
20404 1215
20405 1216
20406 1217
20407 1218
20408 1219
20409 1220
20410 1221
20411 1222
20412 1223
20413 1224
20414 1225
20415 1226
20416 1227
20417 1228
20418 1229
20419 1230
20420 1231
20421 1232
20422 1233
20423 1234
20424 1235
20425 1236
20426 1237
20427 1238
20428 1239
20429 1240
20430 1241
20431 1242
20432 1243
20433 1244
20434 1245
20435 1246
20436 1247
20437 1248
20438 1249
20439 253
20440 1250
20441 1251
20442 1252
20443 1253
20444 1254
20445 1255
20446 1256
20447 1257
20448 1258
20449 1259
20450 1260
20451 1261
20452 1262
20453 1263
20454 1264
20455 1265
20456 1266
20457 1267
20458 1268
20459 1269
20460 1270
20461 1271
20462 1272
20463 1273
20464 1274
20465 1275
20466 1276
20467 1277
20468 1278
20469 1279
20470 1280
20471 1281
20472 1282
20473 1283
20474 1284
20475 1285
20476 1286
20477 1287
20478 1288
20479 1289
20480 1290
20481 1291
20482 1292
20483 1293
20484 1294
20485 1295
20486 1296
20487 1297
20488 1298
20489 1299
20490 1300
20491 1301
20492 1302
20493 1303
20494 1304
20495 1305
20496 1306
20497 1307
20498 1308
20499 1309
20500 1310
20501 1311
20502 1312
20503 1313
20504 1314
20505 1315
20506 1316
20507 1317
20508 1318
20509 1319
20510 1320
20511 1321
20512 1322
20513 1323
20514 1324
20515 1325
20516 1326
20517 1327
20518 1328
20519 1329
20520 1330
20521 1331
20522 1332
20523 1333
20524 1334
20525 1335
20526 1336
20527 1337
20528 1338
20529 1339
20530 1340
20531 1341
20532 1342
20533 1343
20534 1344
20535 1345
20536 1346
20537 1347
20538 1348
20539 1349
20540 1350
20541 1351
20542 1352
20543 1353
20544 1354
20545 1355
20546 1356
20547 1357
20548 1358
20549 1359
20550 1360
20551 1361
20552 1362
20553 1363
20554 1364
20555 1365
20556 1366
20557 1367
20558 1368
20559 1369
20560 1370
20561 1371
20562 1372
20563 1373
20564 1374
20565 1375
20566 1376
20567 1377
20568 1378
20569 1379
20570 1380
20571 1381
20572 1382
20573 1383
20574 1384
20575 1385
20576 1386
20577 1387
20578 1388
20579 1389
20580 1390
20581 1391
20582 1392
20583 1393
20584 1394
20585 1395
20586 1396
20587 1397
20588 1398
20589 1399
20590 1400
20591 1401
20592 1402
20593 1403
20594 1404
20595 1405
20596 1406
20597 1407
20598 1408
20599 1409
20600 1410
20601 1411
20602 1412
20603 1413
20604 1414
20605 1415
20606 1416
20607 1417
20608 1418
20609 1419
20610 1420
20611 1421
20612 1422
20613 1423
20614 1424
20615 1425
20616 1426
20617 1427
20618 1428
20619 1429
20620 1430
20621 1431
20622 1432
20623 1433
20624 1434
20625 1435
20626 1436
20627 1437
20628 1438
20629 1439
20630 1440
20631 1441
20632 1442
20633 1443
20634 1444
20635 1445
20636 1446
20637 1447
20638 1448
20639 1449
20640 1450
20641 1451
20642 1452
20643 1453
20644 1454
20645 1455
20646 1456
20647 1457
20648 1458
20649 1459
20650 1460
20651 1461
20652 1462
20653 1463
20654 1464
20655 1465
20656 1466
20657 1467
20658 1468
20659 1469
20660 1470
20661 1471
20662 1472
20663 1473
20664 1474
20665 1475
20666 1476
20667 1477
20668 1478
20669 1479
20670 1480
20671 1481
20672 1482
20673 1483
20674 1484
20675 1485
20676 1486
20677 1487
20678 1488
20679 1489
20680 1490
20681 1491
20682 1492
20683 1493
20684 1494
20685 1495
20686 1496
20687 1497
20688 1498
20689 1499
20690 1500
20691 1501
20692 1502
20693 1503
20694 1504
20695 1505
20696 1506
20697 1507
20698 1508
20699 1509
20700 1510
20701 1511
20702 1512
20703 1513
20704 1514
20705 1515
20706 1516
20707 1517
20708 1518
20709 1519
20710 1520
20711 1521
20712 1522
20713 1523
20714 1524
20715 1525
20716 1526
20717 1527
20718 1528
20719 1529
20720 1530
20721 1531
20722 1532
20723 1533
20724 1534
20725 1535
20726 1536
20727 1537
20728 1538
20729 1539
20730 1540
20731 1541
20732 1542
20733 1543
20734 1544
20735 1545
20736 1546
20737 1547
20738 1548
20739 1549
20740 1550
20741 1551
20742 1552
20743 1553
20744 1554
20745 1555
20746 1556
20747 1557
20748 1558
20749 1559
20750 1560
20751 1561
20752 1562
20753 1563
20754 1564
20755 1565
20756 1566
20757 1567
20758 1568
20759 1569
20760 1570
20761 1571
20762 1572
20763 1573
20764 1574
20765 1575
20766 1576
20767 1577
20768 1578
20769 1579
20770 1580
20771 1581
20772 1582
20773 1583
20774 1584
20775 1585
20776 1586
20777 1587
20778 1588
20779 1589
20780 1590
20781 1591
20782 1592
20783 1593
20784 1594
20785 1595
20786 1596
20787 1597
20788 1598
20789 1599
20790 1600
20791 1601
20792 1602
20793 1603
20794 1604
20795 1605
20796 1606
20797 1607
20798 1608
20799 1609
20800 1610
20801 1611
20802 1612
20803 1613
20804 1614
20805 1615
20806 1616
20807 1617
20808 1618
20809 1619
20810 1620
20811 1621
20812 1622
20813 1623
20814 1624
20815 1625
20816 1626
20817 1627
20818 1628
20819 1629
20820 1630
20821 1631
20822 1632
20823 1633
20824 1634
20825 1635
20826 1636
20827 1637
20828 1638
20829 1639
20830 1640
20831 1641
20832 1642
20833 1643
20834 1644
20835 1645
20836 1646
20837 1647
20838 1648
20839 1649
20840 1650
20841 1651
20842 1652
20843 1653
20844 1654
20845 1655
20846 1656
20847 1657
20848 1658
20849 1659
20850 1660
20851 1661
20852 1662
20853 1663
20854 1664
20855 1665
20856 1666
20857 1667
20858 1668
20859 1669
20860 1670
20861 1671
20862 1672
20863 1673
20864 1674
20865 1675
20866 1676
20867 1677
20868 1678
20869 1679
20870 1680
20871 1681
20872 1682
20873 1683
20874 1684
20875 1685
20876 1686
20877 1687
20878 1688
20879 1689
20880 1690
20881 1691
20882 1692
20883 1693
20884 1694
20885 1695
20886 1696
20887 1697
20888 1698
20889 1699
20890 1700
20891 1701
20892 1702
20893 1703
20894 1704
20895 1705
20896 1706
20897 1707
20898 1708
20899 1709
20900 1710
20901 1711
20902 1712
20903 1713
20904 1714
20905 1715
20906 1716
20907 1717
20908 1718
20909 1719
20910 1720
20911 1721
20912 1722
20913 1723
20914 1724
20915 1725
20916 1726
20917 1727
20918 1728
20919 1729
20920 1730
20921 1731
20922 1732
20923 1733
20924 1734
20925 1735
20926 1736
20927 1737
20928 253
20929 1738
20930 1739
20931 1740
20932 1741
20933 1742
20934 1743
20935 1744
20936 1745
20937 1746
20938 1747
20939 1748
20940 1749
20941 1750
20942 1751
20943 1752
20944 1753
20945 253
20946 1754
20947 1755
20948 1756
20949 1757
20950 1758
20951 1759
20952 1760
20953 1761
20954 1762
20955 1763
20956 1764
20957 1765
20958 1766
20959 1767
20960 1768
20961 1769
20962 1770
20963 1771
20964 1772
20965 1773
20966 1774
20967 1775
20968 1776
20969 1777
20970 1778
20971 1779
20972 1780
20973 1781
20974 1782
20975 1783
20976 1784
20977 1785
20978 1786
20979 1787
20980 1788
20981 1789
20982 1790
20983 1791
20984 1792
20985 1793
20986 1794
20987 1795
20988 1796
20989 1797
20990 1798
20991 1799
20992 1800
20993 1801
20994 1802
20995 1803
20996 1804
20997 1805
20998 1806
20999 1807
21000 1808
21001 1809
21002 1810
21003 1811
21004 1812
21005 1813
21006 1814
21007 1815
21008 1816
21009 1817
21010 1818
21011 1819
21012 1820
21013 1821
21014 1822
21015 1823
21016 1824
21017 1825
21018 300
21019 1826
21020 1827
21021 1828
21022 1829
21023 1830
21024 1831
21025 1832
21026 1833
21027 1834
21028 1835
21029 1836
21030 1837
21031 1838
21032 1839
21033 1840
21034 1841
21035 253
21036 1842
21037 1843
21038 1844
21039 1845
21040 1846
21041 1847
21042 1848
21043 1849
21044 1850
21045 1851
21046 1852
21047 1853
21048 1854
21049 1855
21050 1856
21051 1857
21052 1858
21053 1859
21054 1860
21055 1861
21056 1862
21057 1863
21058 1864
21059 1865
21060 1866
21061 1867
21062 1868
21063 1869
21064 1870
21065 1871
21066 1872
21067 1873
21068 1874
21069 1875
21070 1876
21071 1877
21072 1878
21073 1879
21074 1880
21075 1881
21076 1882
21077 1883
21078 1884
21079 1885
21080 1886
21081 1887
21082 1888
21083 1889
21084 1890
21085 1891
21086 1892
21087 1893
21088 1894
21089 1895
21090 1896
21091 1897
21092 1898
21093 1899
21094 1900
21095 1901
21096 1902
21097 1903
21098 1904
21099 1905
21100 1906
21101 1907
21102 1908
21103 1909
21104 1910
21105 1911
21106 1912
21107 1913
21108 1914
21109 1915
21110 1916
21111 1917
21112 1918
21113 1919
21114 1920
21115 1921
21116 1922
21117 1923
21118 1924
21119 1925
21120 1926
21121 1927
21122 1928
21123 1929
21124 1930
21125 1931
21126 1932
21127 1933
21128 1934
21129 1935
21130 1936
21131 1937
21132 1938
21133 1939
21134 1940
21135 1941
21136 1942
21137 1943
21138 1944
21139 1945
21140 1946
21141 1947
21142 1948
21143 1949
21144 1950
21145 1951
21146 1952
21147 1953
21148 1954
21149 1955
21150 1956
21151 1957
21152 1958
21153 1959
21154 1960
21155 1961
21156 1962
21157 1963
21158 1964
21159 1965
21160 1966
21161 1967
21162 1968
21163 1969
21164 1970
21165 1971
21166 1972
21167 1973
21168 1974
21169 1975
21170 1976
21171 1977
21172 1978
21173 1979
21174 1980
21175 1981
21176 1982
21177 1983
21178 1984
21179 1985
21180 1986
21181 1987
21182 1988
21183 1989
21184 1990
21185 1991
21186 1992
21187 1993
21188 1994
21189 1995
21190 1996
21191 1997
21192 1998
21193 1999
21194 2000
21195 2001
21196 2002
21197 2003
21198 2004
21199 2005
21200 2006
21201 2007
21202 2008
21203 2009
21204 2010
21205 2011
21206 2012
21207 2013
21208 2014
21209 2015
21210 2016
21211 2017
21212 2018
21213 2019
21214 2020
21215 2021
21216 2022
21217 2023
21218 2024
21219 2025
21220 2026
21221 2027
21222 2028
21223 2029
21224 2030
21225 2031
21226 2032
21227 2033
21228 2034
21229 2035
21230 2036
21231 2037
21232 2038
21233 2039
21234 2040
21235 2041
21236 2042
21237 2043
21238 2044
21239 2045
21240 2046
21241 2047
21242 2048
21243 2049
21244 2050
21245 2051
21246 2052
21247 2053
21248 2054
21249 2055
21250 2056
21251 2057
21252 2058
21253 2059
21254 2060
21255 2061
21256 2062
21257 2063
21258 2064
21259 2065
21260 2066
21261 2067
21262 2068
21263 2069
21264 2070
21265 2071
21266 2072
21267 2073
21268 2074
21269 2075
21270 2076
21271 2077
21272 2078
21273 2079
21274 2080
21275 2081
21276 2082
21277 2083
21278 2084
21279 2085
21280 2086
21281 2087
21282 2088
21283 2089
21284 2090
21285 2091
21286 2092
21287 2093
21288 2094
21289 2095
21290 2096
21291 2097
21292 2098
21293 2099
21294 2100
21295 2101
21296 2102
21297 2103
21298 2104
21299 2105
21300 2106
21301 2107
21302 2108
21303 2109
21304 2110
21305 2111
21306 2112
21307 2113
21308 2114
21309 2115
21310 2116
21311 2117
21312 2118
21313 2119
21314 2120
21315 2121
21316 2122
21317 2123
21318 2124
21319 2125
21320 2126
21321 2127
21322 2128
21323 2129
21324 2130
21325 2131
21326 2132
21327 2133
21328 2134
21329 2135
21330 2136
21331 2137
21332 2138
21333 2139
21334 2140
21335 2141
21336 2142
21337 2143
21338 2144
21339 2145
21340 2146
21341 2147
21342 2148
21343 2149
21344 2150
21345 2151
21346 2152
21347 2153
21348 2154
21349 2155
21350 2156
21351 2157
21352 2158
21353 2159
21354 2160
21355 2161
21356 2162
21357 2163
21358 2164
21359 2165
21360 2166
21361 2167
21362 2168
21363 2169
21364 2170
21365 2171
21366 2172
21367 2173
21368 2174
21369 2175
21370 2176
21371 2177
21372 2178
21373 2179
21374 2180
21375 2181
21376 2182
21377 2183
21378 2184
21379 2185
21380 2186
21381 2187
21382 2188
21383 2189
21384 2190
21385 2191
21386 2192
21387 2193
21388 2194
21389 2195
21390 2196
21391 2197
21392 2198
21393 2199
21394 2200
21395 2201
21396 2202
21397 2203
21398 2204
21399 2205
21400 2206
21401 2207
21402 2208
21403 2209
21404 2210
21405 2211
21406 2212
21407 2213
21408 2214
21409 2215
21410 2216
21411 2217
21412 2218
21413 2219
21414 2220
21415 2221
21416 2222
21417 2223
21418 2224
21419 2225
21420 2226
21421 2227
21422 2228
21423 2229
21424 2230
21425 2231
21426 2232
21427 2233
21428 2234
21429 2235
21430 2236
21431 2237
21432 2238
21433 2239
21434 2240
21435 2241
21436 2242
21437 2243
21438 2244
21439 2245
21440 2246
21441 2247
21442 2248
21443 2249
21444 2250
21445 2251
21446 2252
21447 2253
21448 2254
21449 2255
21450 2256
21451 2257
21452 2258
21453 2259
21454 2260
21455 2261
21456 2262
21457 2263
21458 2264
21459 2265
21460 2266
21461 2267
21462 2268
21463 2269
21464 2270
21465 2271
21466 2272
21467 2273
21468 2274
21469 2275
21470 2276
21471 2277
21472 2278
21473 2279
21474 2280
21475 2281
21476 2282
21477 2283
21478 2284
21479 2285
21480 2286
21481 2287
21482 2288
21483 2289
21484 2290
21485 2291
21486 2292
21487 2293
21488 2294
21489 2295
21490 2296
21491 2297
21492 2298
21493 2299
21494 2300
21495 2301
21496 2302
21497 2303
21498 2304
21499 2305
21500 2306
21501 2307
21502 2308
21503 2309
21504 2310
21505 2311
21506 2312
21507 253
21508 2313
21509 2314
21510 2315
21511 2316
21512 2317
21513 2318
21514 2319
21515 2320
21516 2321
21517 2322
21518 2323
21519 2324
21520 2325
21521 2326
21522 2327
21523 2328
21524 2329
21525 2330
21526 2331
21527 2332
21528 2333
21529 2334
21530 2335
21531 2336
21532 2337
21533 2338
21534 2339
21535 2340
21536 2341
21537 2342
21538 2343
21539 2344
21540 2345
21541 2346
21542 2347
21543 2348
21544 2349
21545 2350
21546 2351
21547 2352
21548 2353
21549 2354
21550 2355
21551 2356
21552 2357
21553 2358
21554 2359
21555 2360
21556 2361
21557 2362
21558 2363
21559 2364
21560 2365
21561 2366
21562 2367
21563 2368
21564 2369
21565 2370
21566 2371
21567 2372
21568 2373
21569 2374
21570 2375
21571 2376
21572 2377
21573 2378
21574 2379
21575 2380
21576 2381
21577 2382
21578 2383
21579 2384
21580 2385
21581 2386
21582 2387
21583 2388
21584 2389
21585 2390
21586 2391
21587 2392
21588 2393
21589 2394
21590 2395
21591 2396
21592 2397
21593 2398
21594 2399
21595 2400
21596 2401
21597 2402
21598 2403
21599 2404
21600 2405
21601 2406
21602 2407
21603 2408
21604 2409
21605 2410
21606 2411
21607 2412
21608 2413
21609 2414
21610 2415
21611 2416
21612 2417
21613 2418
21614 2419
21615 2420
21616 2421
21617 2422
21618 2423
21619 2424
21620 2425
21621 2426
21622 2427
21623 2428
21624 2429
21625 2430
21626 2431
21627 2432
21628 2433
21629 2434
21630 2435
21631 2436
21632 2437
21633 2438
21634 2439
21635 2440
21636 2441
21637 2442
21638 2443
21639 2444
21640 2445
21641 2446
21642 2447
21643 2448
21644 2449
21645 2450
21646 2451
21647 2452
21648 2453
21649 2454
21650 2455
21651 2456
21652 2457
21653 2458
21654 2459
21655 2460
21656 2461
21657 2462
21658 2463
21659 2464
21660 2465
21661 2466
21662 2467
21663 2468
21664 2469
21665 2470
21666 2471
21667 2472
21668 2473
21669 2474
21670 2475
21671 2476
21672 2477
21673 2478
21674 2479
21675 2480
21676 2481
21677 2482
21678 2483
21679 2484
21680 2485
21681 2486
21682 2487
21683 2488
21684 2489
21685 2490
21686 2491
21687 2492
21688 2493
21689 2494
21690 2495
21691 2496
21692 2497
21693 2498
21694 2499
21695 2500
21696 2501
21697 2502
21698 2503
21699 2504
21700 2505
21701 2506
21702 2507
21703 2508
21704 2509
21705 2510
21706 2511
21707 2512
21708 2513
21709 2514
21710 2515
21711 2516
21712 2517
21713 2518
21714 2519
21715 2520
21716 2521
21717 2522
21718 2523
21719 2524
21720 2525
21721 2526
21722 2527
21723 2528
21724 2529
21725 2530
21726 2531
21727 2532
21728 2533
21729 2534
21730 2535
21731 2536
21732 2537
21733 2538
21734 2539
21735 2540
21736 2541
21737 2542
21738 2543
21739 2544
21740 2545
21741 2546
21742 2547
21743 2548
21744 2549
21745 2550
21746 2551
21747 2552
21748 2553
21749 2554
21750 2555
21751 2556
21752 2557
21753 2558
21754 2559
21755 2560
21756 2561
21757 2562
21758 2563
21759 2564
21760 2565
21761 2566
21762 2567
21763 2568
21764 2569
21765 2570
21766 2571
21767 2572
21768 2573
21769 2574
21770 2575
21771 2576
21772 2577
21773 2578
21774 2579
21775 2580
21776 2581
21777 2582
21778 2583
21779 2584
21780 2585
21781 2586
21782 2587
21783 2588
21784 2589
21785 2590
21786 2591
21787 2592
21788 2593
21789 2594
21790 2595
21791 2596
21792 2597
21793 2598
21794 2599
21795 2600
21796 2601
21797 2602
21798 2603
21799 2604
21800 2605
21801 2606
21802 2607
21803 2608
21804 2609
21805 2610
21806 2611
21807 2612
21808 2613
21809 2614
21810 2615
21811 2616
21812 2617
21813 2618
21814 2619
21815 2620
21816 2621
21817 2622
21818 2623
21819 2624
21820 2625
21821 2626
21822 2627
21823 2628
21824 2629
21825 2630
21826 2631
21827 2632
21828 2633
21829 2634
21830 2635
21831 2636
21832 2637
21833 2638
21834 2639
21835 2640
21836 2641
21837 2642
21838 2643
21839 2644
21840 2645
21841 2646
21842 2647
21843 2648
21844 2649
21845 2650
21846 2651
21847 2652
21848 2653
21849 2654
21850 2655
21851 2656
21852 2657
21853 2658
21854 2659
21855 2660
21856 2661
21857 2662
21858 2663
21859 2664
21860 2665
21861 2666
21862 2667
21863 2668
21864 2669
21865 2670
21866 2671
21867 2672
21868 2673
21869 2674
21870 2675
21871 2676
21872 2677
21873 2678
21874 2679
21875 2680
21876 2681
21877 2682
21878 2683
21879 2684
21880 2685
21881 2686
21882 2687
21883 2688
21884 2689
21885 2690
21886 2691
21887 2692
21888 2693
21889 2694
21890 2695
21891 2696
21892 2697
21893 2698
21894 2699
21895 2700
21896 2701
21897 2702
21898 2703
21899 2704
21900 2705
21901 2706
21902 2707
21903 2708
21904 2709
21905 2710
21906 2711
21907 2712
21908 2713
21909 2714
21910 2715
21911 2716
21912 2717
21913 2718
21914 2719
21915 2720
21916 2721
21917 2722
21918 2723
21919 2724
21920 2725
21921 2726
21922 2727
21923 2728
21924 2729
21925 2730
21926 2731
21927 2732
21928 2733
21929 2734
21930 2735
21931 2736
21932 2737
21933 2738
21934 2739
21935 2740
21936 2741
21937 2742
21938 2743
21939 2744
21940 2745
21941 2746
21942 2747
21943 2748
21944 2749
21945 2750
21946 2751
21947 2752
21948 2753
21949 2754
21950 2755
21951 2756
21952 2757
21953 2758
21954 2759
21955 2760
21956 2761
21957 2762
21958 2763
21959 2764
21960 2765
21961 2766
21962 2767
21963 2768
21964 2769
21965 2770
21966 2771
21967 2772
21968 2773
21969 2774
21970 2775
21971 2776
21972 2777
21973 2778
21974 2779
21975 2780
21976 2781
21977 2782
21978 2783
21979 2784
21980 2785
21981 2786
21982 2787
21983 2788
21984 2789
21985 2790
21986 2791
21987 2792
21988 2793
21989 2794
21990 2795
21991 2796
21992 2797
21993 2798
21994 2799
21995 2800
21996 2801
21997 2802
21998 2803
21999 2804
22000 2805
22001 2806
22002 2807
22003 2808
22004 2809
22005 2810
22006 2811
22007 2812
22008 2813
22009 2814
22010 2815
22011 2816
22012 2817
22013 2818
22014 2819
22015 2820
22016 2821
22017 2822
22018 2823
22019 2824
22020 2825
22021 2826
22022 2827
22023 2828
22024 2829
22025 2830
22026 2831
22027 2832
22028 2833
22029 2834
22030 2835
22031 2836
22032 2837
22033 2838
22034 2839
22035 2840
22036 2841
22037 2842
22038 2843
22039 2844
22040 2845
22041 2846
22042 2847
22043 2848
22044 2849
22045 2850
22046 2851
22047 2852
22048 2853
22049 2854
22050 2855
22051 2856
22052 2857
22053 2858
22054 2859
22055 2860
22056 2861
22057 2862
22058 2863
22059 2864
22060 2865
22061 2866
22062 2867
22063 2868
22064 2869
22065 2870
22066 2871
22067 2872
22068 2873
22069 2874
22070 2875
22071 2876
22072 2877
22073 2878
22074 2879
22075 2880
22076 2881
22077 2882
22078 2883
22079 2884
22080 2885
22081 2886
22082 2887
22083 2888
22084 2889
22085 2890
22086 2891
22087 2892
22088 2893
22089 2894
22090 2895
22091 2896
22092 2897
22093 2898
22094 2899
22095 2900
22096 2901
22097 2902
22098 2903
22099 2904
22100 2905
22101 2906
22102 2907
22103 2908
22104 2909
22105 2910
22106 2911
22107 2912
22108 2913
22109 2914
22110 2915
22111 2916
22112 2917
22113 2918
22114 2919
22115 2920
22116 2921
22117 2922
22118 2923
22119 2924
22120 2925
22121 2926
22122 2927
22123 2928
22124 2929
22125 2930
22126 2931
22127 2932
22128 2933
22129 2934
22130 2935
22131 2936
22132 2937
22133 2938
22134 2939
22135 2940
22136 2941
22137 2942
22138 2943
22139 2944
22140 2945
22141 2946
22142 2947
22143 2948
22144 2949
22145 2950
22146 2951
22147 2952
22148 2953
22149 2954
22150 2955
22151 2956
22152 2957
22153 2958
22154 2959
22155 2960
22156 2961
22157 2962
22158 2963
22159 2964
22160 2965
22161 2966
22162 2967
22163 2968
22164 2969
22165 2970
22166 2971
22167 2972
22168 2973
22169 2974
22170 2975
22171 2976
22172 2977
22173 2978
22174 2979
22175 2980
22176 2981
22177 2982
22178 2983
22179 2984
22180 2985
22181 2986
22182 2987
22183 2988
22184 2989
22185 2990
22186 2991
22187 2992
22188 2993
22189 2994
22190 2995
22191 2996
22192 2997
22193 2998
22194 2999
22195 3000
22196 3001
22197 3002
22198 3003
22199 3004
22200 3005
22201 3006
22202 3007
22203 3008
22204 3009
22205 3010
22206 3011
22207 3012
22208 3013
22209 3014
22210 3015
22211 3016
22212 3017
22213 3018
22214 3019
22215 3020
22216 3021
22217 3022
22218 3023
22219 3024
22220 3025
22221 3026
22222 3027
22223 3028
22224 3029
22225 3030
22226 3031
22227 3032
22228 3033
22229 3034
22230 3035
22231 3036
22232 3037
22233 3038
22234 3039
22235 3040
22236 3041
22237 3042
22238 3043
22239 3044
22240 3045
22241 3046
22242 3047
22243 3048
22244 3049
22245 3050
22246 3051
22247 3052
22248 3053
22249 3054
22250 3055
22251 3056
22252 3057
22253 3058
22254 3059
22255 3060
22256 3061
22257 3062
22258 3063
22259 3064
22260 3065
22261 3066
22262 3067
22263 3068
22264 3069
22265 3070
22266 3071
22267 3072
22268 3073
22269 3074
22270 3075
22271 3076
22272 3077
22273 3078
22274 3079
22275 3080
22276 3081
22277 3082
22278 3083
22279 3084
22280 3085
22281 3086
22282 3087
22283 3088
22284 3089
22285 3090
22286 3091
22287 3092
22288 3093
22289 3094
22290 3095
22291 3096
22292 3097
22293 3098
22294 3099
22295 3100
22296 3101
22297 3102
22298 3103
22299 3104
22300 3105
22301 3106
22302 3107
22303 3108
22304 3109
22305 3110
22306 3111
22307 3112
22308 3113
22309 3114
22310 3115
22311 3116
22312 3117
22313 3118
22314 3119
22315 3120
22316 3121
22317 3122
22318 3123
22319 3124
22320 3125
22321 3126
22322 3127
22323 3128
22324 3129
22325 3130
22326 3131
22327 3132
22328 3133
22329 3134
22330 3135
22331 3136
22332 3137
22333 3138
22334 3139
22335 3140
22336 3141
22337 3142
22338 3143
22339 3144
22340 3145
22341 3146
22342 3147
22343 3148
22344 3149
22345 3150
22346 3151
22347 3152
22348 3153
22349 3154
22350 3155
22351 3156
22352 3157
22353 3158
22354 3159
22355 3160
22356 3161
22357 3162
22358 3163
22359 3164
22360 3165
22361 3166
22362 3167
22363 3168
22364 3169
22365 3170
22366 3171
22367 3172
22368 3173
22369 3174
22370 3175
22371 3176
22372 3177
22373 3178
22374 3179
22375 3180
22376 3181
22377 3182
22378 3183
22379 3184
22380 3185
22381 3186
22382 3187
22383 3188
22384 3189
22385 3190
22386 3191
22387 3192
22388 3193
22389 3194
22390 3195
22391 3196
22392 3197
22393 3198
22394 3199
22395 3200
22396 3201
22397 3202
22398 3203
22399 3204
22400 3205
22401 3206
22402 3207
22403 3208
22404 3209
22405 300
22406 3210
22407 3211
22408 3212
22409 3213
22410 3214
22411 3215
22412 253
22413 3216
22414 3217
22415 3218
22416 3219
22417 3220
22418 3221
22419 3222
22420 3223
22421 3224
22422 3225
22423 3226
22424 3227
22425 3228
22426 3229
22427 3230
22428 3231
22429 3232
22430 3233
22431 3234
22432 3235
22433 3236
22434 3237
22435 3238
22436 3239
22437 3240
22438 3241
22439 3242
22440 3243
22441 3244
22442 3245
22443 3246
22444 3247
22445 3248
22446 3249
22447 3250
22448 3251
22449 3252
22450 3253
22451 3254
22452 3255
22453 3256
22454 3257
22455 3258
22456 3259
22457 3260
22458 3261
22459 3262
22460 3263
22461 3264
22462 3265
22463 3266
22464 3267
22465 3268
22466 3269
22467 3270
22468 3271
22469 3272
22470 3273
22471 3274
22472 3275
22473 3276
22474 3277
22475 3278
22476 3279
22477 3280
22478 3281
22479 3282
22480 3283
22481 3284
22482 3285
22483 3286
22484 3287
22485 3288
22486 3289
22487 3290
22488 3291
22489 3292
22490 3293
22491 3294
22492 3295
22493 3296
22494 3297
22495 3298
22496 3299
22497 3300
22498 3301
22499 3302
22500 3303
22501 3304
22502 3305
22503 3306
22504 3307
22505 3308
22506 3309
22507 3310
22508 3311
22509 3312
22510 3313
22511 3314
22512 3315
22513 3316
22514 3317
22515 3318
22516 3319
22517 3320
22518 3321
22519 300
22520 3322
22521 3323
22522 3324
22523 3325
22524 3326
22525 3327
22526 3328
22527 3329
22528 3330
22529 3331
22530 3332
22531 3333
22532 3334
22533 3335
22534 3336
22535 3337
22536 3338
22537 3339
22538 3340
22539 3341
22540 3342
22541 3343
22542 3344
22543 3345
22544 3346
22545 3347
22546 3348
22547 3349
22548 3350
22549 3351
22550 3352
22551 3353
22552 3354
22553 3355
22554 3356
22555 3357
22556 3358
22557 3359
22558 3360
22559 3361
22560 3362
22561 3363
22562 3364
22563 3365
22564 3366
22565 3367
22566 3368
22567 3369
22568 3370
22569 3371
22570 3372
22571 3373
22572 3374
22573 3375
22574 3376
22575 3377
22576 3378
22577 3379
22578 3380
22579 3381
22580 3382
22581 3383
22582 3384
22583 3385
22584 3386
22585 3387
22586 3388
22587 3389
22588 3390
22589 3391
22590 3392
22591 3393
22592 3394
22593 3395
22594 3396
22595 3397
22596 3398
22597 3399
22598 3400
22599 3401
22600 3402
22601 3403
22602 3404
22603 3405
22604 3406
22605 3407
22606 3408
22607 3409
22608 3410
22609 3411
22610 3412
22611 3413
22612 3414
22613 3415
22614 3416
22615 3417
22616 3418
22617 3419
22618 3420
22619 3421
22620 3422
22621 3423
22622 3424
22623 3425
22624 3426
22625 3427
22626 3428
22627 3429
22628 3430
22629 3431
22630 3432
22631 3433
22632 3434
22633 3435
22634 3436
22635 3437
22636 3438
22637 3439
22638 3440
22639 3441
22640 3442
22641 3443
22642 3444
22643 3445
22644 3446
22645 3447
22646 3448
22647 3449
22648 3450
22649 3451
22650 3452
22651 3453
22652 3454
22653 3455
22654 3456
22655 3457
22656 3458
22657 3459
22658 3460
22659 3461
22660 3462
22661 3463
22662 3464
22663 3465
22664 3466
22665 3467
22666 3468
22667 3469
22668 3470
22669 3471
22670 3472
22671 3473
22672 3474
22673 3475
22674 3476
22675 3477
22676 3478
22677 3479
22678 3480
22679 3481
22680 3482
22681 3483
22682 3484
22683 3485
22684 3486
22685 3487
22686 3488
22687 3489
22688 3490
22689 3491
22690 3492
22691 3493
22692 3494
22693 3495
22694 3496
22695 3497
22696 3498
22697 3499
22698 3500
22699 3501
22700 3502
22701 3503
22702 3504
22703 3505
22704 3506
22705 3507
22706 3508
22707 3509
22708 3510
22709 3511
22710 3512
22711 3513
22712 3514
22713 3515
22714 3516
22715 3517
22716 3518
22717 3519
22718 3520
22719 3521
22720 3522
22721 3523
22722 3524
22723 3525
22724 3526
22725 3527
22726 3528
22727 3529
22728 3530
22729 3531
22730 3532
22731 3533
22732 3534
22733 3535
22734 3536
22735 3537
22736 3538
22737 3539
22738 3540
22739 3541
22740 3542
22741 3543
22742 3544
22743 3545
22744 3546
22745 3547
22746 3548
22747 3549
22748 3550
22749 3551
22750 3552
22751 3553
22752 3554
22753 3555
22754 3556
22755 3557
22756 3558
22757 3559
22758 3560
22759 3561
22760 3562
22761 3563
22762 3564
22763 3565
22764 3566
22765 3567
22766 3568
22767 3569
22768 3570
22769 3571
22770 3572
22771 3573
22772 3574
22773 3575
22774 3576
22775 3577
22776 3578
22777 3579
22778 3580
22779 3581
22780 3582
22781 3583
22782 3584
22783 3585
22784 3586
22785 3587
22786 3588
22787 3589
22788 3590
22789 3591
22790 3592
22791 3593
22792 3594
22793 3595
22794 3596
22795 3597
22796 3598
22797 3599
22798 3600
22799 3601
22800 3602
22801 3603
22802 3604
22803 3605
22804 3606
22805 3607
22806 3608
22807 3609
22808 3610
22809 3611
22810 3612
22811 3613
22812 3614
22813 3615
22814 3616
22815 3617
22816 3618
22817 3619
22818 3620
22819 3621
22820 3622
22821 3623
22822 3624
22823 3625
22824 3626
22825 3627
22826 3628
22827 3629
22828 3630
22829 3631
22830 3632
22831 3633
22832 3634
22833 3635
22834 3636
22835 3637
22836 3638
22837 3639
22838 3640
22839 3641
22840 3642
22841 3643
22842 3644
22843 3645
22844 3646
22845 3647
22846 3648
22847 3649
22848 3650
22849 3651
22850 3652
22851 3653
22852 3654
22853 3655
22854 3656
22855 3657
22856 3658
22857 3659
22858 3660
22859 3661
22860 3662
22861 3663
22862 3664
22863 3665
22864 3666
22865 3667
22866 3668
22867 3669
22868 3670
22869 3671
22870 3672
22871 3673
22872 3674
22873 3675
22874 3676
22875 3677
22876 3678
22877 3679
22878 3680
22879 3681
22880 3682
22881 3683
22882 3684
22883 3685
22884 3686
22885 3687
22886 3688
22887 3689
22888 3690
22889 3691
22890 3692
22891 3693
22892 3694
22893 3695
22894 3696
22895 3697
22896 3698
22897 3699
22898 3700
22899 3701
22900 3702
22901 3703
22902 3704
22903 3705
22904 3706
22905 3707
22906 3708
22907 3709
22908 3710
22909 3711
22910 3712
22911 3713
22912 3714
22913 3715
22914 3716
22915 3717
22916 3718
22917 3719
22918 3720
22919 3721
22920 3722
22921 3723
22922 3724
22923 3725
22924 3726
22925 3727
22926 3728
22927 3729
22928 3730
22929 3731
22930 3732
22931 3733
22932 3734
22933 3735
22934 3736
22935 3737
22936 3738
22937 3739
22938 3740
22939 3741
22940 3742
22941 3743
22942 3744
22943 3745
22944 3746
22945 3747
22946 3748
22947 3749
22948 3750
22949 3751
22950 3752
22951 3753
22952 3754
22953 3755
22954 3756
22955 3757
22956 3758
22957 3759
22958 3760
22959 3761
22960 3762
22961 3763
22962 3764
22963 3765
22964 3766
22965 3767
22966 3768
22967 3769
22968 3770
22969 3771
22970 3772
22971 3773
22972 3774
22973 3775
22974 3776
22975 3777
22976 3778
22977 3779
22978 3780
22979 3781
22980 3782
22981 3783
22982 3784
22983 3785
22984 3786
22985 3787
22986 3788
22987 3789
22988 3790
22989 3791
22990 3792
22991 3793
22992 3794
22993 3795
22994 3796
22995 3797
22996 3798
22997 3799
22998 3800
22999 3801
23000 3802
23001 3803
23002 3804
23003 3805
23004 3806
23005 3807
23006 3808
23007 3809
23008 3810
23009 3811
23010 3812
23011 3813
23012 3814
23013 3815
23014 3816
23015 3817
23016 3818
23017 3819
23018 3820
23019 3821
23020 3822
23021 3823
23022 3824
23023 3825
23024 3826
23025 3827
23026 3828
23027 3829
23028 3830
23029 3831
23030 3832
23031 3833
23032 3834
23033 3835
23034 3836
23035 3837
23036 3838
23037 3839
23038 3840
23039 3841
23040 3842
23041 3843
23042 3844
23043 3845
23044 253
23045 3846
23046 3847
23047 3848
23048 3849
23049 3850
23050 3851
23051 3852
23052 3853
23053 3854
23054 3855
23055 3856
23056 3857
23057 3858
23058 3859
23059 3860
23060 3861
23061 3862
23062 3863
23063 3864
23064 3865
23065 3866
23066 3867
23067 3868
23068 3869
23069 3870
23070 3871
23071 3872
23072 3873
23073 3874
23074 3875
23075 3876
23076 3877
23077 3878
23078 3879
23079 3880
23080 3881
23081 3882
23082 3883
23083 3884
23084 3885
23085 3886
23086 3887
23087 3888
23088 3889
23089 3890
23090 3891
23091 3892
23092 3893
23093 3894
23094 3895
23095 3896
23096 3897
23097 3898
23098 3899
23099 3900
23100 3901
23101 3902
23102 3903
23103 3904
23104 3905
23105 3906
23106 3907
23107 3908
23108 3909
23109 3910
23110 3911
23111 3912
23112 3913
23113 3914
23114 3915
23115 3916
23116 3917
23117 3918
23118 3919
23119 3920
23120 3921
23121 3922
23122 3923
23123 3924
23124 3925
23125 3926
23126 3927
23127 3928
23128 3929
23129 3930
23130 3931
23131 3932
23132 3933
23133 3934
23134 3935
23135 3936
23136 3937
23137 3938
23138 3939
23139 3940
23140 3941
23141 3942
23142 3943
23143 3944
23144 3945
23145 3946
23146 3947
23147 3948
23148 3949
23149 3950
23150 3951
23151 3952
23152 3953
23153 3954
23154 3955
23155 3956
23156 3957
23157 3958
23158 3959
23159 3960
23160 3961
23161 3962
23162 3963
23163 3964
23164 3965
23165 3966
23166 3967
23167 3968
23168 3969
23169 3970
23170 3971
23171 3972
23172 3973
23173 3974
23174 3975
23175 3976
23176 3977
23177 3978
23178 3979
23179 3980
23180 3981
23181 3982
23182 3983
23183 3984
23184 3985
23185 3986
23186 3987
23187 3988
23188 3989
23189 3990
23190 3991
23191 3992
23192 3993
23193 3994
23194 3995
23195 3996
23196 3997
23197 3998
23198 3999
23199 4000
23200 4001
23201 4002
23202 4003
23203 4004
23204 4005
23205 4006
23206 4007
23207 4008
23208 4009
23209 4010
23210 4011
23211 4012
23212 4013
23213 4014
23214 4015
23215 4016
23216 4017
23217 4018
23218 4019
23219 4020
23220 4021
23221 4022
23222 4023
23223 4024
23224 4025
23225 4026
23226 4027
23227 4028
23228 4029
23229 4030
23230 4031
23231 4032
23232 4033
23233 4034
23234 4035
23235 4036
23236 4037
23237 4038
23238 4039
23239 4040
23240 4041
23241 4042
23242 4043
23243 4044
23244 4045
23245 4046
23246 4047
23247 4048
23248 4049
23249 4050
23250 4051
23251 4052
23252 4053
23253 4054
23254 4055
23255 4056
23256 4057
23257 4058
23258 4059
23259 4060
23260 4061
23261 4062
23262 4063
23263 4064
23264 4065
23265 4066
23266 4067
23267 4068
23268 4069
23269 4070
23270 4071
23271 4072
23272 4073
23273 4074
23274 4075
23275 4076
23276 4077
23277 4078
23278 4079
23279 4080
23280 4081
23281 4082
23282 4083
23283 4084
23284 4085
23285 4086
23286 4087
23287 4088
23288 4089
23289 4090
23290 4091
23291 4092
23292 4093
23293 4094
23294 4095
23295 4096
23296 4097
23297 4098
23298 4099
23299 4100
23300 4101
23301 4102
23302 4103
23303 4104
23304 4105
23305 4106
23306 4107
23307 4108
23308 4109
23309 4110
23310 4111
23311 4112
23312 4113
23313 4114
23314 4115
23315 4116
23316 4117
23317 4118
23318 4119
23319 4120
23320 4121
23321 4122
23322 4123
23323 4124
23324 4125
23325 4126
23326 4127
23327 4128
23328 4129
23329 4130
23330 4131
23331 4132
23332 4133
23333 4134
23334 4135
23335 4136
23336 4137
23337 4138
23338 4139
23339 4140
23340 4141
23341 4142
23342 4143
23343 4144
23344 4145
23345 4146
23346 4147
23347 4148
23348 4149
23349 4150
23350 4151
23351 4152
23352 4153
23353 4154
23354 4155
23355 4156
23356 4157
23357 4158
23358 4159
23359 4160
23360 4161
23361 4162
23362 4163
23363 4164
23364 4165
23365 4166
23366 4167
23367 4168
23368 4169
23369 4170
23370 4171
23371 4172
23372 4173
23373 4174
23374 4175
23375 4176
23376 4177
23377 4178
23378 4179
23379 4180
23380 4181
23381 4182
23382 4183
23383 4184
23384 4185
23385 4186
23386 4187
23387 4188
23388 4189
23389 4190
23390 4191
23391 4192
23392 4193
23393 4194
23394 4195
23395 4196
23396 4197
23397 4198
23398 4199
23399 4200
23400 4201
23401 4202
23402 4203
23403 4204
23404 4205
23405 4206
23406 4207
23407 4208
23408 4209
23409 4210
23410 4211
23411 4212
23412 4213
23413 4214
23414 4215
23415 4216
23416 4217
23417 4218
23418 4219
23419 4220
23420 4221
23421 4222
23422 4223
23423 4224
23424 4225
23425 4226
23426 4227
23427 4228
23428 4229
23429 4230
23430 4231
23431 4232
23432 4233
23433 4234
23434 4235
23435 253
23436 4236
23437 4237
23438 4238
23439 4239
23440 4240
23441 4241
23442 4242
23443 4243
23444 4244
23445 4245
23446 4246
23447 4247
23448 4248
23449 4249
23450 4250
23451 4251
23452 4252
23453 4253
23454 4254
23455 4255
23456 4256
23457 4257
23458 4258
23459 4259
23460 4260
23461 4261
23462 4262
23463 4263
23464 4264
23465 4265
23466 4266
23467 4267
23468 4268
23469 4269
23470 4270
23471 4271
23472 4272
23473 4273
23474 4274
23475 4275
23476 4276
23477 4277
23478 4278
23479 4279
23480 4280
23481 4281
23482 4282
23483 4283
23484 4284
23485 4285
23486 4286
23487 4287
23488 4288
23489 4289
23490 4290
23491 4291
23492 4292
23493 4293
23494 4294
23495 4295
23496 4296
23497 4297
23498 4298
23499 4299
23500 4300
23501 4301
23502 4302
23503 4303
23504 4304
23505 4305
23506 4306
23507 4307
23508 4308
23509 4309
23510 4310
23511 4311
23512 4312
23513 4313
23514 4314
23515 4315
23516 4316
23517 4317
23518 4318
23519 4319
23520 4320
23521 4321
23522 4322
23523 4323
23524 4324
23525 4325
23526 4326
23527 4327
23528 4328
23529 4329
23530 4330
23531 4331
23532 4332
23533 4333
23534 4334
23535 4335
23536 4336
23537 4337
23538 4338
23539 4339
23540 4340
23541 4341
23542 4342
23543 4343
23544 4344
23545 4345
23546 4346
23547 4347
23548 4348
23549 4349
23550 4350
23551 4351
23552 4352
23553 4353
23554 4354
23555 4355
23556 4356
23557 4357
23558 4358
23559 4359
23560 4360
23561 4361
23562 4362
23563 4363
23564 4364
23565 4365
23566 4366
23567 4367
23568 4368
23569 4369
23570 4370
23571 4371
23572 4372
23573 4373
23574 4374
23575 4375
23576 4376
23577 4377
23578 4378
23579 4379
23580 4380
23581 4381
23582 4382
23583 4383
23584 4384
23585 4385
23586 4386
23587 4387
23588 4388
23589 4389
23590 4390
23591 4391
23592 4392
23593 4393
23594 4394
23595 4395
23596 4396
23597 4397
23598 4398
23599 4399
23600 4400
23601 4401
23602 4402
23603 4403
23604 4404
23605 4405
23606 4406
23607 4407
23608 4408
23609 4409
23610 4410
23611 4411
23612 4412
23613 4413
23614 4414
23615 4415
23616 4416
23617 4417
23618 4418
23619 4419
23620 4420
23621 4421
23622 4422
23623 4423
23624 4424
23625 4425
23626 4426
23627 4427
23628 4428
23629 4429
23630 4430
23631 4431
23632 4432
23633 4433
23634 4434
23635 4435
23636 4436
23637 4437
23638 4438
23639 4439
23640 4440
23641 4441
23642 4442
23643 4443
23644 4444
23645 4445
23646 4446
23647 4447
23648 4448
23649 4449
23650 4450
23651 4451
23652 4452
23653 4453
23654 4454
23655 4455
23656 4456
23657 300
23658 4457
23659 4458
23660 4459
23661 4460
23662 4461
23663 4462
23664 4463
23665 4464
23666 4465
23667 4466
23668 4467
23669 4468
23670 4469
23671 4470
23672 4471
23673 4472
23674 4473
23675 4474
23676 4475
23677 4476
23678 4477
23679 4478
23680 4479
23681 4480
23682 4481
23683 4482
23684 4483
23685 4484
23686 4485
23687 4486
23688 4487
23689 4488
23690 4489
23691 4490
23692 4491
23693 4492
23694 4493
23695 4494
23696 4495
23697 4496
23698 4497
23699 4498
23700 4499
23701 4500
23702 4501
23703 4502
23704 4503
23705 4504
23706 4505
23707 4506
23708 4507
23709 4508
23710 4509
23711 4510
23712 4511
23713 4512
23714 4513
23715 4514
23716 4515
23717 4516
23718 4517
23719 4518
23720 4519
23721 4520
23722 4521
23723 4522
23724 4523
23725 4524
23726 4525
23727 4526
23728 4527
23729 4528
23730 4529
23731 4530
23732 4531
23733 4532
23734 4533
23735 4534
23736 4535
23737 4536
23738 4537
23739 4538
23740 4539
23741 4540
23742 4541
23743 4542
23744 4543
23745 4544
23746 4545
23747 4546
23748 4547
23749 4548
23750 4549
23751 4550
23752 4551
23753 4552
23754 4553
23755 4554
23756 4555
23757 4556
23758 4557
23759 4558
23760 4559
23761 4560
23762 4561
23763 4562
23764 4563
23765 4564
23766 4565
23767 4566
23768 4567
23769 4568
23770 4569
23771 4570
23772 4571
23773 4572
23774 4573
23775 4574
23776 4575
23777 4576
23778 4577
23779 4578
23780 4579
23781 4580
23782 4581
23783 4582
23784 4583
23785 4584
23786 4585
23787 4586
23788 4587
23789 4588
23790 4589
23791 4590
23792 4591
23793 4592
23794 4593
23795 4594
23796 4595
23797 4596
23798 4597
23799 4598
23800 4599
23801 4600
23802 4601
23803 4602
23804 4603
23805 4604
23806 4605
23807 4606
23808 4607
23809 4608
23810 4609
23811 4610
23812 4611
23813 4612
23814 4613
23815 4614
23816 4615
23817 4616
23818 4617
23819 4618
23820 4619
23821 4620
23822 4621
23823 4622
23824 4623
23825 4624
23826 4625
23827 4626
23828 4627
23829 4628
23830 4629
23831 4630
23832 4631
23833 4632
23834 4633
23835 4634
23836 4635
23837 4636
23838 4637
23839 4638
23840 4639
23841 4640
23842 4641
23843 4642
23844 4643
23845 4644
23846 4645
23847 4646
23848 4647
23849 4648
23850 4649
23851 4650
23852 4651
23853 4652
23854 4653
23855 4654
23856 4655
23857 4656
23858 4657
23859 4658
23860 4659
23861 4660
23862 4661
23863 4662
23864 4663
23865 4664
23866 4665
23867 4666
23868 4667
23869 4668
23870 4669
23871 4670
23872 4671
23873 4672
23874 4673
23875 4674
23876 4675
23877 4676
23878 4677
23879 4678
23880 4679
23881 4680
23882 4681
23883 4682
23884 4683
23885 4684
23886 4685
23887 4686
23888 4687
23889 4688
23890 4689
23891 4690
23892 4691
23893 4692
23894 4693
23895 4694
23896 4695
23897 4696
23898 4697
23899 4698
23900 4699
23901 4700
23902 4701
23903 4702
23904 4703
23905 4704
23906 4705
23907 4706
23908 4707
23909 4708
23910 4709
23911 4710
23912 4711
23913 4712
23914 4713
23915 4714
23916 4715
23917 4716
23918 4717
23919 4718
23920 4719
23921 4720
23922 4721
23923 4722
23924 4723
23925 4724
23926 4725
23927 4726
23928 4727
23929 4728
23930 4729
23931 4730
23932 4731
23933 4732
23934 4733
23935 4734
23936 4735
23937 4736
23938 4737
23939 4738
23940 4739
23941 4740
23942 4741
23943 4742
23944 4743
23945 4744
23946 4745
23947 4746
23948 4747
23949 4748
23950 4749
23951 4750
23952 4751
23953 4752
23954 4753
23955 4754
23956 4755
23957 4756
23958 4757
23959 4758
23960 4759
23961 4760
23962 4761
23963 4762
23964 4763
23965 4764
23966 4765
23967 4766
23968 4767
23969 4768
23970 4769
23971 4770
23972 4771
23973 4772
23974 4773
23975 4774
23976 4775
23977 4776
23978 4777
23979 4778
23980 4779
23981 4780
23982 4781
23983 4782
23984 4783
23985 4784
23986 4785
23987 4786
23988 4787
23989 4788
23990 4789
23991 4790
23992 4791
23993 4792
23994 4793
23995 4794
23996 4795
23997 4796
23998 4797
23999 4798
24000 4799
24001 4800
24002 4801
24003 4802
24004 4803
24005 4804
24006 4805
24007 4806
24008 4807
24009 4808
24010 4809
24011 4810
24012 4811
24013 4812
24014 4813
24015 4814
24016 4815
24017 4816
24018 4817
24019 4818
24020 4819
24021 4820
24022 4821
24023 4822
24024 4823
24025 4824
24026 4825
24027 4826
24028 4827
24029 4828
24030 4829
24031 4830
24032 4831
24033 4832
24034 4833
24035 4834
24036 4835
24037 4836
24038 4837
24039 4838
24040 4839
24041 4840
24042 4841
24043 4842
24044 4843
24045 4844
24046 4845
24047 4846
24048 4847
24049 4848
24050 4849
24051 4850
24052 4851
24053 4852
24054 4853
24055 4854
24056 4855
24057 4856
24058 4857
24059 4858
24060 4859
24061 4860
24062 4861
24063 4862
24064 4863
24065 4864
24066 4865
24067 4866
24068 4867
24069 4868
24070 4869
24071 4870
24072 4871
24073 4872
24074 4873
24075 4874
24076 4875
24077 4876
24078 4877
24079 4878
24080 4879
24081 4880
24082 4881
24083 4882
24084 4883
24085 4884
24086 4885
24087 4886
24088 4887
24089 4888
24090 4889
24091 4890
24092 4891
24093 4892
24094 4893
24095 4894
24096 4895
24097 4896
24098 4897
24099 4898
24100 4899
24101 4900
24102 4901
24103 4902
24104 4903
24105 4904
24106 4905
24107 4906
24108 4907
24109 4908
24110 4909
24111 4910
24112 4911
24113 4912
24114 4913
24115 4914
24116 4915
24117 4916
24118 4917
24119 4918
24120 4919
24121 4920
24122 4921
24123 4922
24124 4923
24125 4924
24126 4925
24127 4926
24128 4927
24129 4928
24130 4929
24131 4930
24132 4931
24133 4932
24134 4933
24135 4934
24136 4935
24137 4936
24138 4937
24139 4938
24140 4939
24141 4940
24142 4941
24143 4942
24144 4943
24145 4944
24146 4945
24147 4946
24148 4947
24149 4948
24150 4949
24151 4950
24152 4951
24153 4952
24154 4953
24155 4954
24156 4955
24157 4956
24158 4957
24159 4958
24160 4959
24161 4960
24162 4961
24163 4962
24164 4963
24165 4964
24166 4965
24167 4966
24168 4967
24169 4968
24170 4969
24171 4970
24172 4971
24173 4972
24174 4973
24175 4974
24176 4975
24177 4976
24178 4977
24179 4978
24180 4979
24181 4980
24182 4981
24183 4982
24184 4983
24185 4984
24186 4985
24187 4986
24188 4987
24189 4988
24190 4989
24191 4990
24192 4991
24193 4992
24194 4993
24195 4994
24196 4995
24197 4996
24198 4997
24199 4998
24200 4999
24201 5000
24202 5001
24203 5002
24204 5003
24205 5004
24206 5005
24207 5006
24208 5007
24209 5008
24210 5009
24211 5010
24212 5011
24213 5012
24214 5013
24215 5014
24216 5015
24217 5016
24218 5017
24219 5018
24220 5019
24221 5020
24222 5021
24223 5022
24224 5023
24225 5024
24226 5025
24227 5026
24228 5027
24229 5028
24230 5029
24231 5030
24232 5031
24233 5032
24234 5033
24235 5034
24236 5035
24237 5036
24238 5037
24239 5038
24240 5039
24241 5040
24242 5041
24243 5042
24244 5043
24245 5044
24246 5045
24247 5046
24248 5047
24249 5048
24250 5049
24251 5050
24252 5051
24253 5052
24254 5053
24255 5054
24256 5055
24257 5056
24258 5057
24259 5058
24260 5059
24261 5060
24262 5061
24263 5062
24264 5063
24265 5064
24266 5065
24267 5066
24268 5067
24269 5068
24270 5069
24271 5070
24272 5071
24273 5072
24274 5073
24275 5074
24276 5075
24277 5076
24278 5077
24279 5078
24280 5079
24281 5080
24282 5081
24283 5082
24284 5083
24285 5084
24286 5085
24287 5086
24288 5087
24289 5088
24290 5089
24291 5090
24292 5091
24293 5092
24294 5093
24295 5094
24296 5095
24297 5096
24298 5097
24299 5098
24300 5099
24301 5100
24302 5101
24303 5102
24304 5103
24305 5104
24306 5105
24307 5106
24308 5107
24309 5108
24310 5109
24311 5110
24312 5111
24313 5112
24314 5113
24315 5114
24316 5115
24317 5116
24318 5117
24319 5118
24320 5119
24321 5120
24322 5121
24323 5122
24324 5123
24325 5124
24326 5125
24327 5126
24328 5127
24329 5128
24330 5129
24331 5130
24332 5131
24333 5132
24334 5133
24335 5134
24336 5135
24337 5136
24338 5137
24339 5138
24340 5139
24341 5140
24342 5141
24343 5142
24344 5143
24345 5144
24346 5145
24347 5146
24348 5147
24349 5148
24350 5149
24351 5150
24352 5151
24353 5152
24354 5153
24355 5154
24356 5155
24357 5156
24358 5157
24359 5158
24360 5159
24361 5160
24362 5161
24363 5162
24364 5163
24365 5164
24366 5165
24367 5166
24368 5167
24369 5168
24370 5169
24371 5170
24372 5171
24373 5172
24374 5173
24375 5174
24376 5175
24377 5176
24378 5177
24379 5178
24380 5179
24381 5180
24382 5181
24383 5182
24384 5183
24385 5184
24386 5185
24387 5186
24388 5187
24389 5188
24390 5189
24391 5190
24392 5191
24393 5192
24394 5193
24395 5194
24396 5194
24397 5195
24398 5196
24399 5188
24400 5189
24401 5190
24402 5191
24403 5192
24404 5193
24405 5194
24406 5194
24407 5195
24408 5196
24409 5194
24410 5194
24411 5195
24412 5196
24413 5196
24414 5203
24415 5204
24416 5205
24417 5206
24418 5207
24419 5194
24420 5194
24421 5195
24422 5196
24423 5196
24424 5203
24425 5204
24426 5176
24427 5177
24428 5178
24429 5179
24430 5180
24431 5181
24432 5182
24433 5183
24434 5184
24435 5185
24436 5186
24437 5187
24438 5188
24439 5189
24440 5190
24441 5191
24442 5192
24443 5193
24444 5194
24445 5194
24446 5195
24447 5196
24448 5188
24449 5189
24450 5190
24451 5191
24452 5192
24453 5193
24454 5194
24455 5194
24456 5195
24457 5196
24458 5194
24459 5194
24460 5195
24461 5196
24462 5196
24463 5203
24464 5204
24465 5205
24466 5206
24467 5207
24468 5194
24469 5194
24470 5195
24471 5196
24472 5196
24473 5203
24474 5204
24475 5205
24476 5206
24477 5207
24478 5204
24479 5205
24480 5206
24481 5207
24482 5207
24483 5214
24484 5215
24485 5216
24486 5217
24487 5218
24488 5204
24489 5205
24490 5206
24491 5207
24492 5207
24493 5214
24494 5215
24495 5186
24496 5187
24497 5188
24498 5189
24499 5190
24500 5191
24501 5192
24502 5193
24503 5194
24504 5194
24505 5195
24506 5196
24507 5194
24508 5194
24509 5195
24510 5196
24511 5196
24512 5203
24513 5204
24514 5205
24515 5206
24516 5207
24517 5194
24518 5194
24519 5195
24520 5196
24521 5196
24522 5203
24523 5204
24524 5205
24525 5206
24526 5207
24527 5204
24528 5205
24529 5206
24530 5207
24531 5207
24532 5214
24533 5215
24534 5216
24535 5217
24536 5218
24537 5204
24538 5205
24539 5206
24540 5207
24541 5207
24542 5214
24543 5215
24544 5216
24545 5217
24546 5218
24547 5215
24548 5216
24549 5217
24550 5218
24551 5218
24552 5225
24553 5226
24554 5227
24555 5228
24556 5229
24557 5215
24558 5216
24559 5217
24560 5218
24561 5218
24562 5225
24563 5226
24564 5196
24565 5193
24566 5194
24567 5194
24568 5195
24569 5196
24570 5196
24571 5203
24572 5204
24573 5205
24574 5206
24575 5207
24576 5204
24577 5205
24578 5206
24579 5207
24580 5207
24581 5214
24582 5215
24583 5216
24584 5217
24585 5218
24586 5204
24587 5205
24588 5206
24589 5207
24590 5207
24591 5214
24592 5215
24593 5216
24594 5217
24595 5218
24596 5215
24597 5216
24598 5217
24599 5218
24600 5218
24601 5225
24602 5226
24603 5227
24604 5228
24605 5229
24606 5215
24607 5216
24608 5217
24609 5218
24610 5218
24611 5225
24612 5226
24613 5227
24614 5228
24615 5229
24616 5226
24617 5227
24618 5228
24619 5229
24620 5229
24621 5234
24622 5235
24623 5236
24624 5237
24625 5238
24626 5226
24627 5227
24628 5228
24629 5229
24630 5229
24631 5234
24632 5235
24633 5207
24634 5203
24635 5204
24636 5205
24637 5206
24638 5207
24639 5207
24640 5214
24641 5215
24642 5216
24643 5217
24644 5218
24645 5215
24646 5216
24647 5217
24648 5218
24649 5218
24650 5225
24651 5226
24652 5227
24653 5228
24654 5229
24655 5215
24656 5216
24657 5217
24658 5218
24659 5218
24660 5225
24661 5226
24662 5227
24663 5228
24664 5229
24665 5226
24666 5227
24667 5228
24668 5229
24669 5229
24670 5234
24671 5235
24672 5236
24673 5237
24674 5238
24675 5226
24676 5227
24677 5228
24678 5229
24679 5229
24680 5234
24681 5235
24682 5236
24683 5237
24684 5238
24685 5235
24686 5236
24687 5237
24688 5238
24689 5238
24690 5243
24691 5244
24692 5245
24693 5246
24694 5247
24695 5235
24696 5236
24697 5237
24698 5238
24699 5238
24700 5243
24701 5244
24702 5218
24703 5214
24704 5215
24705 5216
24706 5217
24707 5218
24708 5218
24709 5225
24710 5226
24711 5227
24712 5228
24713 5229
24714 5226
24715 5227
24716 5228
24717 5229
24718 5229
24719 5234
24720 5235
24721 5236
24722 5237
24723 5238
24724 5226
24725 5227
24726 5228
24727 5229
24728 5229
24729 5234
24730 5235
24731 5236
24732 5237
24733 5238
24734 5235
24735 5236
24736 5237
24737 5238
24738 5238
24739 5243
24740 5244
24741 5245
24742 5246
24743 5247
24744 5235
24745 5236
24746 5237
24747 5238
24748 5238
24749 5243
24750 5244
24751 5245
24752 5246
24753 5247
24754 5244
24755 5245
24756 5246
24757 5247
24758 5247
