326
0 6
1 197
2 197
3 135
4 198
5 181
6 198
7 163
8 150
9 9
10 4
11 163
12 110
13 198
14 198
15 247
16 198
17 147
18 163
19 181
20 219
21 181
22 124
23 7
24 7
25 198
26 3
27 9
28 181
29 84
30 7
31 198
32 150
33 150
34 151
35 109
36 181
37 57
38 151
39 151
40 163
41 163
42 135
43 163
44 163
45 6
46 151
47 89
48 109
49 9
50 163
51 0
52 78
53 147
54 9
55 84
56 198
57 151
58 124
59 135
60 124
61 135
62 151
63 198
64 135
65 1
66 109
67 197
68 109
69 135
70 181
71 54
72 110
73 63
74 150
75 135
76 135
77 110
78 33
79 198
80 4
81 198
82 198
83 151
84 151
85 151
86 63
87 110
88 110
89 198
90 198
91 84
92 181
93 26
94 78
95 198
96 109
97 78
98 163
99 163
100 33
101 33
102 163
103 33
104 197
105 181
106 135
107 198
108 135
109 64
110 163
111 20
112 181
113 151
114 8
115 55
116 163
117 198
118 197
119 136
120 163
121 64
122 197
123 63
124 198
125 110
126 197
127 197
128 3
129 198
130 82
131 181
132 151
133 124
134 110
135 124
136 9
137 33
138 78
139 147
140 197
141 2
142 78
143 198
144 163
145 151
146 84
147 4
148 4
149 198
150 4
151 33
152 7
153 4
154 197
155 135
156 84
157 3
158 78
159 78
160 78
161 33
162 89
163 89
164 110
165 147
166 197
167 124
168 4
169 84
170 3
171 184
172 78
173 163
174 181
175 163
176 147
177 4
178 33
179 126
180 5
181 150
182 150
183 110
184 124
185 9
186 110
187 150
188 110
189 150
190 89
191 124
192 151
193 197
194 131
195 110
196 84
197 78
198 33
199 78
200 8
201 197
202 197
203 4
204 78
205 33
206 163
207 110
208 151
209 109
210 7
211 33
212 33
213 151
214 63
215 84
216 163
217 151
218 7
219 7
220 4
221 78
222 147
223 181
224 198
225 147
226 147
227 198
228 163
229 163
230 63
231 4
232 89
233 4
234 151
235 4
236 95
237 26
238 198
239 209
240 198
241 37
242 9
243 135
244 151
245 181
246 198
247 181
248 4
249 4
250 151
251 131
252 126
253 198
254 110
255 147
256 147
257 147
258 84
259 33
260 163
261 84
262 163
263 135
264 197
265 181
266 197
267 147
268 7
269 8
270 89
271 89
272 7
273 181
274 181
275 84
276 7
277 4
278 163
279 198
280 198
281 163
282 4
283 2
284 198
285 8
286 198
287 135
288 4
289 135
290 4
291 78
292 163
293 163
294 197
295 9
296 163
297 181
298 150
299 4
300 198
301 9
302 147
303 9
304 9
305 109
306 163
307 197
308 197
309 10
310 9
311 151
312 204
313 198
314 198
315 4
316 139
317 7
318 84
319 81
320 78
321 126
322 4
323 33
324 181
325 89
326 198
327 163
328 163
329 9
330 198
331 151
332 33
333 26
334 110
335 33
336 9
337 4
338 150
339 7
340 151
341 221
342 163
343 109
344 4
345 110
346 110
347 197
348 33
349 78
350 3
351 11
352 64
353 135
354 4
355 198
356 197
357 151
358 78
359 139
360 135
361 135
362 163
363 63
364 12
365 181
366 163
367 135
368 84
369 33
370 163
371 8
372 151
373 110
374 13
375 45
376 7
377 150
378 110
379 126
380 33
381 163
382 78
383 3
384 163
385 63
386 108
387 181
388 33
389 7
390 4
391 181
392 296
393 4
394 110
395 198
396 150
397 63
398 128
399 198
400 163
401 147
402 135
403 139
404 9
405 163
406 198
407 198
408 4
409 84
410 163
411 9
412 9
413 63
414 14
415 151
416 84
417 181
418 135
419 7
420 198
421 78
422 110
423 15
424 131
425 7
426 273
427 33
428 16
429 84
430 181
431 63
432 198
433 63
434 197
435 4
436 163
437 163
438 163
439 198
440 89
441 17
442 8
443 163
444 18
445 197
446 84
447 273
448 151
449 151
450 3
451 163
452 3
453 151
454 3
455 3
456 198
457 198
458 89
459 163
460 78
461 151
462 4
463 109
464 192
465 181
466 4
467 198
468 198
469 84
470 151
471 89
472 163
473 181
474 84
475 33
476 181
477 63
478 147
479 7
480 198
481 198
482 198
483 151
484 84
485 64
486 64
487 181
488 197
489 9
490 197
491 4
492 4
493 4
494 124
495 3
496 197
497 0
498 89
499 181
500 151
501 198
502 135
503 163
504 261
505 84
506 163
507 84
508 163
509 151
510 151
511 181
512 89
513 7
514 159
515 3
516 7
517 198
518 151
519 84
520 181
521 163
522 198
523 163
524 198
525 197
526 84
527 151
528 198
529 260
530 135
531 33
532 89
533 84
534 20
535 151
536 150
537 4
538 181
539 163
540 147
541 33
542 198
543 135
544 3
545 198
546 7
547 89
548 4
549 78
550 197
551 163
552 89
553 9
554 124
555 198
556 78
557 110
558 4
559 89
560 89
561 181
562 4
563 124
564 135
565 226
566 4
567 33
568 84
569 163
570 151
571 110
572 22
573 163
574 181
575 147
576 197
577 6
578 78
579 197
580 7
581 3
582 163
583 151
584 110
585 63
586 147
587 7
588 181
589 147
590 218
591 197
592 135
593 151
594 197
595 181
596 110
597 181
598 19
599 197
600 198
601 198
602 135
603 163
604 110
605 7
606 84
607 78
608 198
609 135
610 197
611 197
612 135
613 181
614 8
615 181
616 151
617 135
618 198
619 198
620 4
621 181
622 147
623 198
624 4
625 4
626 135
627 110
628 197
629 33
630 89
631 181
632 135
633 33
634 89
635 4
636 84
637 197
638 124
639 131
640 198
641 33
642 163
643 9
644 89
645 197
646 4
647 9
648 21
649 197
650 4
651 4
652 89
653 89
654 197
655 6
656 20
657 151
658 181
659 181
660 163
661 89
662 33
663 22
664 163
665 147
666 198
667 151
668 33
669 78
670 129
671 84
672 63
673 4
674 135
675 110
676 197
677 63
678 198
679 280
680 33
681 278
682 4
683 151
684 197
685 63
686 135
687 151
688 26
689 89
690 151
691 84
692 4
693 6
694 181
695 84
696 198
697 198
698 23
699 197
700 163
701 7
702 151
703 147
704 197
705 150
706 84
707 9
708 135
709 3
710 151
711 7
712 198
713 181
714 33
715 9
716 33
717 197
718 135
719 3
720 163
721 135
722 163
723 50
724 163
725 84
726 8
727 147
728 197
729 110
730 8
731 9
732 151
733 109
734 163
735 151
736 4
737 4
738 197
739 135
740 197
741 7
742 181
743 181
744 226
745 33
746 64
747 198
748 197
749 198
750 147
751 89
752 151
753 4
754 7
755 181
756 198
757 163
758 84
759 4
760 110
761 109
762 239
763 13
764 13
765 8
766 4
767 181
768 198
769 7
770 163
771 85
772 163
773 3
774 33
775 109
776 63
777 110
778 181
779 110
780 4
781 24
782 78
783 163
784 197
785 181
786 84
787 188
788 135
789 33
790 150
791 63
792 8
793 84
794 151
795 197
796 84
797 163
798 26
799 4
800 84
801 4
802 33
803 89
804 7
805 135
806 198
807 89
808 151
809 135
810 84
811 63
812 147
813 181
814 84
815 197
816 9
817 4
818 151
819 163
820 84
821 63
822 151
823 135
824 181
825 4
826 163
827 26
828 131
829 181
830 84
831 198
832 181
833 198
834 89
835 198
836 7
837 181
838 4
839 163
840 197
841 135
842 150
843 151
844 163
845 198
846 70
847 84
848 135
849 124
850 163
851 181
852 181
853 89
854 89
855 26
856 135
857 135
858 163
859 198
860 198
861 181
862 84
863 78
864 89
865 110
866 198
867 197
868 150
869 25
870 4
871 151
872 9
873 163
874 163
875 4
876 163
877 151
878 135
879 7
880 150
881 78
882 151
883 163
884 135
885 198
886 131
887 8
888 198
889 151
890 63
891 131
892 197
893 135
894 131
895 197
896 197
897 181
898 7
899 301
900 8
901 85
902 84
903 147
904 151
905 198
906 26
907 151
908 198
909 29
910 109
911 26
912 163
913 4
914 9
915 147
916 84
917 8
918 181
919 163
920 4
921 4
922 147
923 163
924 163
925 26
926 4
927 198
928 198
929 84
930 151
931 197
932 63
933 198
934 163
935 7
936 84
937 147
938 181
939 4
940 163
941 181
942 197
943 33
944 163
945 3
946 9
947 63
948 8
949 198
950 6
951 181
952 64
953 110
954 84
955 151
956 163
957 181
958 198
959 124
960 9
961 135
962 135
963 84
964 84
965 198
966 151
967 163
968 84
969 84
970 4
971 124
972 181
973 63
974 197
975 89
976 181
977 84
978 84
979 33
980 84
981 4
982 197
983 163
984 84
985 84
986 197
987 151
988 198
989 64
990 163
991 26
992 151
993 151
994 151
995 163
996 147
997 4
998 4
999 4
1000 151
1001 181
1002 181
1003 151
1004 124
1005 110
1006 151
1007 151
1008 197
1009 27
1010 135
1011 110
1012 33
1013 4
1014 84
1015 26
1016 197
1017 151
1018 84
1019 197
1020 150
1021 198
1022 198
1023 89
1024 142
1025 4
1026 150
1027 4
1028 150
1029 163
1030 151
1031 84
1032 2
1033 151
1034 147
1035 84
1036 84
1037 151
1038 89
1039 89
1040 4
1041 7
1042 147
1043 163
1044 181
1045 197
1046 4
1047 110
1048 227
1049 4
1050 4
1051 151
1052 7
1053 147
1054 156
1055 198
1056 8
1057 163
1058 151
1059 6
1060 84
1061 151
1062 84
1063 197
1064 4
1065 7
1066 198
1067 198
1068 198
1069 181
1070 198
1071 84
1072 84
1073 151
1074 139
1075 181
1076 9
1077 7
1078 198
1079 26
1080 198
1081 197
1082 197
1083 181
1084 151
1085 110
1086 7
1087 9
1088 84
1089 7
1090 4
1091 89
1092 33
1093 33
1094 7
1095 181
1096 33
1097 6
1098 33
1099 84
1100 63
1101 4
1102 198
1103 198
1104 78
1105 163
1106 268
1107 124
1108 84
1109 151
1110 147
1111 89
1112 147
1113 147
1114 151
1115 163
1116 163
1117 63
1118 7
1119 28
1120 64
1121 29
1122 63
1123 163
1124 4
1125 89
1126 151
1127 33
1128 110
1129 8
1130 197
1131 151
1132 147
1133 84
1134 197
1135 84
1136 89
1137 198
1138 226
1139 33
1140 7
1141 33
1142 181
1143 30
1144 31
1145 273
1146 147
1147 110
1148 198
1149 197
1150 33
1151 33
1152 33
1153 7
1154 84
1155 84
1156 197
1157 150
1158 197
1159 110
1160 163
1161 147
1162 89
1163 181
1164 124
1165 135
1166 163
1167 198
1168 33
1169 135
1170 181
1171 198
1172 198
1173 151
1174 323
1175 124
1176 89
1177 9
1178 147
1179 63
1180 4
1181 84
1182 109
1183 198
1184 109
1185 163
1186 163
1187 147
1188 124
1189 131
1190 198
1191 198
1192 135
1193 197
1194 135
1195 181
1196 181
1197 135
1198 198
1199 207
1200 126
1201 181
1202 181
1203 48
1204 163
1205 198
1206 197
1207 124
1208 151
1209 197
1210 198
1211 151
1212 78
1213 181
1214 63
1215 9
1216 198
1217 163
1218 147
1219 147
1220 9
1221 89
1222 4
1223 4
1224 163
1225 9
1226 26
1227 163
1228 32
1229 151
1230 9
1231 4
1232 89
1233 147
1234 163
1235 163
1236 151
1237 109
1238 124
1239 33
1240 33
1241 76
1242 4
1243 150
1244 139
1245 9
1246 89
1247 84
1248 84
1249 4
1250 198
1251 197
1252 150
1253 163
1254 131
1255 264
1256 163
1257 198
1258 198
1259 151
1260 7
1261 84
1262 151
1263 4
1264 33
1265 198
1266 7
1267 89
1268 163
1269 63
1270 84
1271 151
1272 7
1273 63
1274 89
1275 84
1276 7
1277 147
1278 4
1279 2
1280 197
1281 151
1282 33
1283 189
1284 181
1285 198
1286 151
1287 84
1288 151
1289 181
1290 198
1291 110
1292 198
1293 78
1294 84
1295 198
1296 198
1297 163
1298 163
1299 124
1300 181
1301 4
1302 197
1303 124
1304 139
1305 198
1306 89
1307 135
1308 163
1309 163
1310 9
1311 9
1312 8
1313 163
1314 198
1315 2
1316 150
1317 26
1318 163
1319 54
1320 64
1321 147
1322 163
1323 33
1324 9
1325 181
1326 84
1327 198
1328 135
1329 139
1330 163
1331 84
1332 198
1333 147
1334 135
1335 110
1336 4
1337 110
1338 110
1339 20
1340 197
1341 2
1342 197
1343 89
1344 7
1345 147
1346 89
1347 198
1348 84
1349 84
1350 33
1351 33
1352 9
1353 147
1354 78
1355 139
1356 151
1357 4
1358 110
1359 151
1360 198
1361 124
1362 124
1363 84
1364 181
1365 135
1366 84
1367 197
1368 64
1369 198
1370 151
1371 110
1372 7
1373 110
1374 110
1375 198
1376 198
1377 135
1378 198
1379 78
1380 4
1381 20
1382 163
1383 181
1384 4
1385 163
1386 84
1387 4
1388 7
1389 163
1390 84
1391 4
1392 7
1393 89
1394 78
1395 110
1396 197
1397 63
1398 135
1399 110
1400 33
1401 63
1402 198
1403 9
1404 163
1405 197
1406 110
1407 197
1408 89
1409 163
1410 124
1411 84
1412 135
1413 147
1414 151
1415 109
1416 4
1417 151
1418 84
1419 163
1420 33
1421 147
1422 4
1423 198
1424 168
1425 2
1426 64
1427 135
1428 214
1429 78
1430 181
1431 9
1432 84
1433 147
1434 151
1435 64
1436 197
1437 151
1438 197
1439 181
1440 181
1441 151
1442 139
1443 198
1444 150
1445 151
1446 135
1447 64
1448 151
1449 163
1450 197
1451 197
1452 17
1453 89
1454 64
1455 3
1456 181
1457 135
1458 84
1459 226
1460 11
1461 181
1462 33
1463 163
1464 84
1465 163
1466 197
1467 9
1468 197
1469 198
1470 150
1471 84
1472 163
1473 7
1474 26
1475 26
1476 9
1477 84
1478 135
1479 198
1480 4
1481 7
1482 197
1483 34
1484 323
1485 197
1486 197
1487 197
1488 84
1489 89
1490 4
1491 198
1492 35
1493 4
1494 198
1495 78
1496 78
1497 33
1498 163
1499 163
1500 197
1501 89
1502 135
1503 181
1504 7
1505 84
1506 151
1507 47
1508 109
1509 151
1510 181
1511 181
1512 2
1513 163
1514 197
1515 33
1516 163
1517 150
1518 33
1519 20
1520 181
1521 89
1522 110
1523 147
1524 197
1525 84
1526 9
1527 147
1528 163
1529 198
1530 198
1531 110
1532 84
1533 124
1534 124
1535 181
1536 4
1537 135
1538 36
1539 4
1540 163
1541 33
1542 197
1543 163
1544 124
1545 151
1546 109
1547 8
1548 84
1549 163
1550 181
1551 135
1552 198
1553 198
1554 84
1555 20
1556 109
1557 89
1558 135
1559 163
1560 151
1561 4
1562 8
1563 33
1564 4
1565 163
1566 135
1567 198
1568 198
1569 110
1570 198
1571 33
1572 197
1573 4
1574 151
1575 163
1576 181
1577 109
1578 197
1579 63
1580 135
1581 7
1582 147
1583 110
1584 131
1585 198
1586 110
1587 181
1588 37
1589 78
1590 163
1591 84
1592 163
1593 84
1594 198
1595 163
1596 151
1597 84
1598 181
1599 4
1600 110
1601 135
1602 9
1603 198
1604 198
1605 89
1606 197
1607 181
1608 163
1609 89
1610 7
1611 135
1612 84
1613 8
1614 150
1615 89
1616 163
1617 9
1618 6
1619 63
1620 197
1621 33
1622 135
1623 38
1624 197
1625 163
1626 181
1627 4
1628 126
1629 84
1630 163
1631 4
1632 135
1633 135
1634 198
1635 147
1636 84
1637 109
1638 4
1639 89
1640 151
1641 39
1642 78
1643 198
1644 40
1645 197
1646 181
1647 110
1648 163
1649 4
1650 197
1651 273
1652 4
1653 198
1654 147
1655 151
1656 84
1657 163
1658 147
1659 135
1660 197
1661 26
1662 84
1663 135
1664 33
1665 163
1666 84
1667 198
1668 89
1669 26
1670 135
1671 3
1672 63
1673 41
1674 147
1675 33
1676 126
1677 181
1678 42
1679 197
1680 64
1681 147
1682 198
1683 33
1684 135
1685 7
1686 17
1687 109
1688 43
1689 110
1690 198
1691 147
1692 7
1693 135
1694 33
1695 151
1696 198
1697 147
1698 176
1699 135
1700 181
1701 135
1702 281
1703 163
1704 167
1705 63
1706 44
1707 3
1708 147
1709 163
1710 147
1711 181
1712 198
1713 9
1714 4
1715 84
1716 135
1717 44
1718 163
1719 8
1720 147
1721 198
1722 198
1723 84
1724 181
1725 135
1726 78
1727 4
1728 33
1729 89
1730 151
1731 110
1732 4
1733 197
1734 33
1735 4
1736 150
1737 6
1738 198
1739 6
1740 8
1741 7
1742 198
1743 45
1744 7
1745 198
1746 163
1747 147
1748 4
1749 2
1750 198
1751 4
1752 198
1753 181
1754 7
1755 26
1756 26
1757 135
1758 63
1759 89
1760 135
1761 183
1762 197
1763 89
1764 151
1765 7
1766 151
1767 109
1768 7
1769 147
1770 26
1771 68
1772 46
1773 151
1774 4
1775 163
1776 163
1777 80
1778 4
1779 4
1780 84
1781 89
1782 109
1783 4
1784 89
1785 147
1786 163
1787 84
1788 147
1789 18
1790 4
1791 84
1792 181
1793 84
1794 4
1795 147
1796 124
1797 226
1798 163
1799 163
1800 151
1801 7
1802 84
1803 163
1804 12
1805 110
1806 89
1807 151
1808 110
1809 198
1810 47
1811 198
1812 4
1813 84
1814 4
1815 135
1816 89
1817 181
1818 4
1819 198
1820 310
1821 33
1822 78
1823 198
1824 84
1825 7
1826 30
1827 163
1828 181
1829 197
1830 7
1831 4
1832 9
1833 84
1834 135
1835 284
1836 110
1837 110
1838 26
1839 151
1840 163
1841 4
1842 198
1843 78
1844 48
1845 26
1846 63
1847 197
1848 163
1849 84
1850 198
1851 4
1852 7
1853 163
1854 198
1855 163
1856 198
1857 197
1858 33
1859 4
1860 33
1861 135
1862 147
1863 151
1864 33
1865 135
1866 2
1867 151
1868 135
1869 33
1870 197
1871 151
1872 89
1873 4
1874 147
1875 33
1876 181
1877 9
1878 84
1879 135
1880 33
1881 163
1882 135
1883 115
1884 9
1885 124
1886 181
1887 84
1888 63
1889 181
1890 89
1891 84
1892 163
1893 163
1894 181
1895 151
1896 89
1897 198
1898 163
1899 33
1900 198
1901 49
1902 135
1903 197
1904 20
1905 163
1906 84
1907 181
1908 4
1909 198
1910 89
1911 135
1912 84
1913 150
1914 50
1915 110
1916 151
1917 3
1918 197
1919 33
1920 163
1921 84
1922 63
1923 147
1924 163
1925 198
1926 197
1927 198
1928 9
1929 9
1930 4
1931 163
1932 135
1933 163
1934 89
1935 89
1936 84
1937 181
1938 197
1939 64
1940 4
1941 197
1942 147
1943 110
1944 151
1945 197
1946 84
1947 198
1948 4
1949 84
1950 33
1951 78
1952 84
1953 147
1954 181
1955 64
1956 181
1957 135
1958 198
1959 198
1960 198
1961 33
1962 84
1963 109
1964 181
1965 147
1966 163
1967 9
1968 4
1969 198
1970 151
1971 112
1972 89
1973 135
1974 4
1975 110
1976 4
1977 147
1978 78
1979 147
1980 33
1981 197
1982 147
1983 198
1984 163
1985 181
1986 89
1987 4
1988 163
1989 4
1990 89
1991 89
1992 84
1993 151
1994 197
1995 197
1996 78
1997 84
1998 163
1999 163
2000 163
2001 151
2002 150
2003 181
2004 147
2005 181
2006 151
2007 163
2008 147
2009 181
2010 147
2011 181
2012 198
2013 181
2014 181
2015 110
2016 147
2017 163
2018 181
2019 51
2020 181
2021 63
2022 4
2023 163
2024 151
2025 89
2026 147
2027 147
2028 110
2029 110
2030 84
2031 84
2032 9
2033 151
2034 147
2035 33
2036 181
2037 151
2038 28
2039 4
2040 197
2041 197
2042 89
2043 181
2044 4
2045 84
2046 4
2047 26
2048 163
2049 84
2050 198
2051 151
2052 197
2053 110
2054 84
2055 151
2056 181
2057 6
2058 163
2059 197
2060 9
2061 237
2062 163
2063 181
2064 150
2065 151
2066 2
2067 281
2068 33
2069 181
2070 78
2071 197
2072 135
2073 198
2074 197
2075 147
2076 4
2077 181
2078 84
2079 195
2080 84
2081 109
2082 147
2083 4
2084 198
2085 84
2086 8
2087 198
2088 78
2089 163
2090 63
2091 63
2092 135
2093 197
2094 110
2095 198
2096 84
2097 197
2098 33
2099 198
2100 33
2101 163
2102 78
2103 151
2104 9
2105 197
2106 78
2107 64
2108 84
2109 33
2110 198
2111 33
2112 181
2113 78
2114 198
2115 4
2116 43
2117 135
2118 163
2119 8
2120 163
2121 151
2122 147
2123 110
2124 198
2125 4
2126 4
2127 89
2128 197
2129 198
2130 33
2131 163
2132 26
2133 151
2134 110
2135 197
2136 197
2137 181
2138 150
2139 181
2140 197
2141 4
2142 126
2143 197
2144 135
2145 198
2146 135
2147 323
2148 163
2149 4
2150 151
2151 9
2152 151
2153 110
2154 151
2155 181
2156 198
2157 3
2158 198
2159 198
2160 7
2161 63
2162 9
2163 110
2164 135
2165 163
2166 54
2167 84
2168 4
2169 89
2170 151
2171 89
2172 3
2173 110
2174 7
2175 163
2176 163
2177 9
2178 84
2179 197
2180 26
2181 198
2182 210
2183 9
2184 89
2185 78
2186 273
2187 163
2188 109
2189 4
2190 46
2191 191
2192 124
2193 163
2194 89
2195 181
2196 181
2197 110
2198 197
2199 4
2200 26
2201 151
2202 4
2203 197
2204 151
2205 198
2206 84
2207 273
2208 181
2209 84
2210 181
2211 163
2212 89
2213 9
2214 147
2215 181
2216 135
2217 163
2218 84
2219 7
2220 147
2221 78
2222 4
2223 135
2224 163
2225 7
2226 198
2227 197
2228 9
2229 197
2230 151
2231 197
2232 33
2233 66
2234 131
2235 131
2236 181
2237 147
2238 151
2239 151
2240 197
2241 198
2242 147
2243 181
2244 9
2245 147
2246 198
2247 78
2248 163
2249 4
2250 163
2251 110
2252 84
2253 198
2254 78
2255 89
2256 198
2257 89
2258 84
2259 181
2260 181
2261 84
2262 198
2263 84
2264 147
2265 181
2266 84
2267 181
2268 181
2269 181
2270 197
2271 181
2272 163
2273 7
2274 147
2275 181
2276 84
2277 4
2278 150
2279 52
2280 89
2281 198
2282 33
2283 198
2284 63
2285 4
2286 4
2287 84
2288 197
2289 198
2290 89
2291 89
2292 181
2293 9
2294 181
2295 181
2296 147
2297 163
2298 151
2299 163
2300 147
2301 198
2302 151
2303 163
2304 163
2305 135
2306 147
2307 150
2308 181
2309 4
2310 197
2311 135
2312 4
2313 53
2314 9
2315 33
2316 197
2317 33
2318 84
2319 89
2320 181
2321 163
2322 250
2323 226
2324 110
2325 151
2326 64
2327 78
2328 147
2329 4
2330 4
2331 89
2332 181
2333 147
2334 198
2335 54
2336 4
2337 84
2338 198
2339 197
2340 26
2341 198
2342 63
2343 197
2344 89
2345 151
2346 7
2347 135
2348 197
2349 198
2350 198
2351 163
2352 181
2353 7
2354 63
2355 163
2356 89
2357 33
2358 84
2359 151
2360 198
2361 198
2362 84
2363 84
2364 197
2365 197
2366 124
2367 120
2368 198
2369 273
2370 8
2371 33
2372 4
2373 4
2374 163
2375 109
2376 235
2377 197
2378 110
2379 124
2380 198
2381 7
2382 181
2383 197
2384 55
2385 3
2386 198
2387 197
2388 147
2389 109
2390 3
2391 197
2392 197
2393 163
2394 63
2395 78
2396 9
2397 163
2398 198
2399 150
2400 109
2401 198
2402 86
2403 4
2404 290
2405 163
2406 124
2407 4
2408 151
2409 33
2410 198
2411 181
2412 198
2413 163
2414 181
2415 151
2416 150
2417 151
2418 26
2419 135
2420 147
2421 181
2422 147
2423 135
2424 181
2425 197
2426 63
2427 151
2428 163
2429 110
2430 151
2431 84
2432 135
2433 197
2434 198
2435 163
2436 9
2437 89
2438 181
2439 197
2440 135
2441 89
2442 163
2443 33
2444 3
2445 163
2446 4
2447 89
2448 197
2449 89
2450 198
2451 56
2452 151
2453 33
2454 139
2455 9
2456 181
2457 84
2458 4
2459 163
2460 163
2461 7
2462 57
2463 4
2464 4
2465 198
2466 198
2467 198
2468 84
2469 9
2470 84
2471 163
2472 147
2473 163
2474 4
2475 197
2476 84
2477 78
2478 33
2479 163
2480 200
2481 58
2482 181
2483 198
2484 4
2485 33
2486 151
2487 151
2488 8
2489 4
2490 126
2491 198
2492 4
2493 197
2494 89
2495 181
2496 135
2497 110
2498 84
2499 163
2500 151
2501 197
2502 78
2503 198
2504 84
2505 26
2506 198
2507 151
2508 124
2509 59
2510 211
2511 198
2512 147
2513 181
2514 197
2515 84
2516 135
2517 33
2518 215
2519 198
2520 33
2521 135
2522 147
2523 4
2524 198
2525 198
2526 181
2527 181
2528 135
2529 84
2530 147
2531 198
2532 198
2533 26
2534 198
2535 150
2536 151
2537 198
2538 84
2539 89
2540 181
2541 181
2542 89
2543 7
2544 181
2545 78
2546 147
2547 151
2548 78
2549 151
2550 181
2551 4
2552 4
2553 26
2554 4
2555 60
2556 163
2557 4
2558 63
2559 84
2560 198
2561 163
2562 110
2563 151
2564 151
2565 151
2566 4
2567 163
2568 84
2569 163
2570 4
2571 20
2572 181
2573 9
2574 198
2575 4
2576 26
2577 197
2578 84
2579 110
2580 197
2581 163
2582 181
2583 63
2584 33
2585 89
2586 33
2587 131
2588 198
2589 8
2590 197
2591 110
2592 198
2593 135
2594 198
2595 198
2596 198
2597 163
2598 198
2599 147
2600 61
2601 26
2602 163
2603 198
2604 4
2605 151
2606 163
2607 7
2608 4
2609 163
2610 163
2611 163
2612 197
2613 163
2614 198
2615 181
2616 150
2617 181
2618 197
2619 7
2620 147
2621 197
2622 163
2623 163
2624 86
2625 151
2626 89
2627 131
2628 135
2629 197
2630 198
2631 4
2632 89
2633 163
2634 135
2635 163
2636 9
2637 181
2638 198
2639 62
2640 33
2641 110
2642 163
2643 84
2644 198
2645 135
2646 104
2647 198
2648 33
2649 6
2650 7
2651 163
2652 147
2653 33
2654 89
2655 4
2656 151
2657 198
2658 89
2659 151
2660 63
2661 147
2662 6
2663 147
2664 135
2665 26
2666 63
2667 181
2668 147
2669 198
2670 163
2671 198
2672 126
2673 163
2674 163
2675 84
2676 89
2677 163
2678 181
2679 181
2680 181
2681 147
2682 135
2683 89
2684 198
2685 20
2686 9
2687 84
2688 33
2689 84
2690 197
2691 135
2692 63
2693 198
2694 198
2695 8
2696 198
2697 4
2698 9
2699 181
2700 135
2701 163
2702 198
2703 198
2704 4
2705 9
2706 64
2707 163
2708 65
2709 140
2710 89
2711 163
2712 4
2713 7
2714 7
2715 163
2716 151
2717 33
2718 84
2719 198
2720 20
2721 89
2722 197
2723 181
2724 147
2725 134
2726 198
2727 4
2728 124
2729 8
2730 84
2731 131
2732 84
2733 66
2734 67
2735 151
2736 84
2737 213
2738 135
2739 135
2740 197
2741 110
2742 151
2743 2
2744 126
2745 198
2746 139
2747 63
2748 181
2749 68
2750 3
2751 7
2752 6
2753 181
2754 163
2755 4
2756 198
2757 197
2758 135
2759 163
2760 135
2761 198
2762 9
2763 181
2764 4
2765 4
2766 63
2767 135
2768 89
2769 2
2770 4
2771 151
2772 198
2773 151
2774 135
2775 181
2776 150
2777 163
2778 89
2779 33
2780 198
2781 110
2782 198
2783 198
2784 2
2785 84
2786 197
2787 135
2788 7
2789 4
2790 33
2791 110
2792 4
2793 45
2794 69
2795 198
2796 64
2797 198
2798 4
2799 147
2800 2
2801 135
2802 4
2803 84
2804 181
2805 147
2806 124
2807 163
2808 163
2809 110
2810 126
2811 2
2812 70
2813 163
2814 147
2815 4
2816 4
2817 197
2818 84
2819 33
2820 181
2821 198
2822 163
2823 124
2824 220
2825 181
2826 4
2827 84
2828 63
2829 89
2830 110
2831 84
2832 3
2833 84
2834 89
2835 181
2836 84
2837 163
2838 33
2839 89
2840 33
2841 135
2842 84
2843 163
2844 197
2845 63
2846 151
2847 84
2848 33
2849 89
2850 197
2851 163
2852 151
2853 197
2854 197
2855 198
2856 198
2857 124
2858 7
2859 163
2860 197
2861 7
2862 198
2863 197
2864 163
2865 198
2866 89
2867 198
2868 135
2869 84
2870 9
2871 4
2872 84
2873 151
2874 110
2875 89
2876 135
2877 163
2878 181
2879 198
2880 89
2881 4
2882 135
2883 9
2884 4
2885 3
2886 131
2887 7
2888 84
2889 181
2890 198
2891 163
2892 4
2893 135
2894 3
2895 71
2896 7
2897 151
2898 198
2899 181
2900 72
2901 151
2902 135
2903 197
2904 135
2905 197
2906 198
2907 84
2908 147
2909 4
2910 109
2911 198
2912 198
2913 84
2914 147
2915 151
2916 7
2917 198
2918 109
2919 163
2920 181
2921 84
2922 78
2923 151
2924 63
2925 78
2926 26
2927 135
2928 26
2929 198
2930 151
2931 124
2932 135
2933 197
2934 198
2935 9
2936 135
2937 163
2938 63
2939 181
2940 135
2941 135
2942 198
2943 84
2944 110
2945 110
2946 110
2947 181
2948 84
2949 109
2950 78
2951 84
2952 124
2953 163
2954 198
2955 197
2956 163
2957 181
2958 26
2959 64
2960 197
2961 73
2962 198
2963 84
2964 163
2965 181
2966 151
2967 181
2968 125
2969 151
2970 135
2971 89
2972 131
2973 89
2974 181
2975 33
2976 63
2977 197
2978 212
2979 135
2980 148
2981 135
2982 163
2983 151
2984 89
2985 84
2986 131
2987 232
2988 163
2989 163
2990 135
2991 135
2992 151
2993 230
2994 153
2995 89
2996 84
2997 163
2998 163
2999 151
3000 4
3001 110
3002 4
3003 151
3004 4
3005 197
3006 26
3007 4
3008 198
3009 109
3010 181
3011 147
3012 84
3013 147
3014 198
3015 198
3016 84
3017 20
3018 73
3019 198
3020 4
3021 151
3022 4
3023 198
3024 4
3025 89
3026 26
3027 163
3028 163
3029 197
3030 163
3031 7
3032 20
3033 198
3034 89
3035 26
3036 26
3037 4
3038 198
3039 163
3040 89
3041 197
3042 84
3043 63
3044 4
3045 4
3046 33
3047 84
3048 151
3049 63
3050 151
3051 163
3052 84
3053 198
3054 84
3055 181
3056 84
3057 197
3058 6
3059 163
3060 198
3061 151
3062 198
3063 84
3064 150
3065 89
3066 181
3067 151
3068 163
3069 163
3070 4
3071 198
3072 163
3073 197
3074 84
3075 110
3076 84
3077 63
3078 7
3079 63
3080 7
3081 151
3082 163
3083 9
3084 89
3085 135
3086 3
3087 110
3088 7
3089 135
3090 63
3091 4
3092 181
3093 198
3094 181
3095 151
3096 198
3097 4
3098 181
3099 3
3100 151
3101 150
3102 84
3103 84
3104 198
3105 4
3106 4
3107 2
3108 198
3109 4
3110 78
3111 181
3112 126
3113 33
3114 151
3115 198
3116 163
3117 63
3118 163
3119 8
3120 163
3121 163
3122 163
3123 198
3124 8
3125 89
3126 197
3127 33
3128 163
3129 198
3130 135
3131 197
3132 33
3133 150
3134 197
3135 8
3136 135
3137 181
3138 110
3139 7
3140 198
3141 151
3142 84
3143 4
3144 197
3145 163
3146 147
3147 110
3148 181
3149 197
3150 135
3151 84
3152 110
3153 181
3154 4
3155 89
3156 89
3157 4
3158 163
3159 151
3160 135
3161 124
3162 33
3163 198
3164 151
3165 181
3166 4
3167 151
3168 64
3169 7
3170 197
3171 89
3172 110
3173 124
3174 89
3175 89
3176 7
3177 3
3178 110
3179 33
3180 4
3181 74
3182 150
3183 172
3184 198
3185 6
3186 63
3187 181
3188 198
3189 9
3190 4
3191 135
3192 135
3193 135
3194 4
3195 181
3196 197
3197 163
3198 126
3199 84
3200 163
3201 26
3202 84
3203 163
3204 84
3205 89
3206 197
3207 181
3208 4
3209 181
3210 33
3211 109
3212 89
3213 4
3214 4
3215 89
3216 4
3217 89
3218 4
3219 135
3220 4
3221 197
3222 181
3223 163
3224 198
3225 163
3226 181
3227 139
3228 198
3229 4
3230 78
3231 110
3232 84
3233 124
3234 8
3235 4
3236 181
3237 110
3238 163
3239 273
3240 126
3241 4
3242 33
3243 84
3244 163
3245 89
3246 135
3247 198
3248 181
3249 198
3250 89
3251 135
3252 197
3253 89
3254 110
3255 89
3256 135
3257 110
3258 4
3259 75
3260 4
3261 163
3262 163
3263 4
3264 4
3265 84
3266 151
3267 181
3268 84
3269 7
3270 181
3271 181
3272 4
3273 8
3274 33
3275 26
3276 84
3277 4
3278 17
3279 197
3280 4
3281 124
3282 135
3283 4
3284 197
3285 197
3286 151
3287 7
3288 3
3289 7
3290 84
3291 181
3292 198
3293 76
3294 163
3295 9
3296 9
3297 139
3298 151
3299 110
3300 151
3301 7
3302 151
3303 181
3304 150
3305 77
3306 4
3307 198
3308 4
3309 4
3310 84
3311 198
3312 163
3313 163
3314 163
3315 181
3316 135
3317 163
3318 4
3319 181
3320 256
3321 197
3322 64
3323 163
3324 33
3325 147
3326 163
3327 9
3328 9
3329 163
3330 150
3331 158
3332 33
3333 197
3334 151
3335 151
3336 109
3337 197
3338 151
3339 163
3340 3
3341 163
3342 78
3343 78
3344 198
3345 198
3346 163
3347 110
3348 93
3349 4
3350 59
3351 198
3352 163
3353 4
3354 26
3355 124
3356 9
3357 181
3358 198
3359 8
3360 181
3361 61
3362 124
3363 198
3364 4
3365 9
3366 163
3367 181
3368 198
3369 4
3370 197
3371 198
3372 163
3373 89
3374 197
3375 89
3376 89
3377 4
3378 163
3379 64
3380 181
3381 4
3382 135
3383 163
3384 79
3385 147
3386 4
3387 151
3388 80
3389 20
3390 197
3391 7
3392 181
3393 181
3394 33
3395 4
3396 151
3397 109
3398 84
3399 33
3400 4
3401 110
3402 4
3403 7
3404 147
3405 147
3406 163
3407 81
3408 89
3409 33
3410 198
3411 110
3412 197
3413 89
3414 109
3415 110
3416 151
3417 163
3418 84
3419 163
3420 33
3421 84
3422 3
3423 181
3424 198
3425 63
3426 151
3427 197
3428 147
3429 198
3430 181
3431 135
3432 89
3433 84
3434 4
3435 9
3436 181
3437 135
3438 4
3439 197
3440 197
3441 110
3442 147
3443 181
3444 7
3445 163
3446 181
3447 181
3448 197
3449 33
3450 197
3451 163
3452 147
3453 78
3454 181
3455 163
3456 197
3457 291
3458 135
3459 150
3460 82
3461 197
3462 135
3463 4
3464 84
3465 84
3466 163
3467 163
3468 84
3469 84
3470 147
3471 110
3472 151
3473 6
3474 151
3475 181
3476 163
3477 33
3478 9
3479 163
3480 198
3481 151
3482 84
3483 83
3484 4
3485 89
3486 151
3487 197
3488 78
3489 4
3490 181
3491 4
3492 181
3493 89
3494 181
3495 181
3496 147
3497 110
3498 84
3499 181
3500 181
3501 84
3502 151
3503 7
3504 45
3505 109
3506 78
3507 84
3508 4
3509 84
3510 33
3511 181
3512 8
3513 197
3514 197
3515 197
3516 151
3517 4
3518 4
3519 181
3520 151
3521 86
3522 181
3523 84
3524 89
3525 110
3526 198
3527 151
3528 33
3529 87
3530 198
3531 184
3532 84
3533 198
3534 198
3535 198
3536 84
3537 9
3538 150
3539 198
3540 4
3541 84
3542 89
3543 4
3544 198
3545 8
3546 110
3547 163
3548 33
3549 33
3550 84
3551 41
3552 84
3553 88
3554 33
3555 151
3556 198
3557 198
3558 4
3559 150
3560 9
3561 31
3562 198
3563 31
3564 135
3565 89
3566 150
3567 198
3568 197
3569 197
3570 84
3571 150
3572 109
3573 84
3574 198
3575 163
3576 163
3577 78
3578 135
3579 197
3580 97
3581 141
3582 198
3583 33
3584 63
3585 110
3586 163
3587 163
3588 126
3589 4
3590 163
3591 4
3592 151
3593 147
3594 163
3595 198
3596 89
3597 8
3598 135
3599 33
3600 181
3601 197
3602 163
3603 197
3604 110
3605 9
3606 89
3607 147
3608 9
3609 135
3610 147
3611 198
3612 135
3613 15
3614 7
3615 151
3616 110
3617 135
3618 131
3619 9
3620 84
3621 109
3622 163
3623 135
3624 63
3625 163
3626 197
3627 151
3628 181
3629 144
3630 181
3631 151
3632 84
3633 197
3634 147
3635 163
3636 197
3637 147
3638 4
3639 151
3640 151
3641 89
3642 63
3643 45
3644 84
3645 78
3646 4
3647 101
3648 33
3649 135
3650 9
3651 7
3652 20
3653 135
3654 33
3655 198
3656 7
3657 163
3658 4
3659 181
3660 151
3661 4
3662 4
3663 4
3664 198
3665 8
3666 135
3667 84
3668 163
3669 198
3670 163
3671 100
3672 198
3673 197
3674 135
3675 197
3676 224
3677 89
3678 197
3679 197
3680 4
3681 124
3682 124
3683 135
3684 151
3685 4
3686 4
3687 181
3688 147
3689 64
3690 197
3691 9
3692 198
3693 181
3694 2
3695 64
3696 124
3697 201
3698 119
3699 181
3700 181
3701 198
3702 147
3703 2
3704 181
3705 270
3706 63
3707 63
3708 33
3709 90
3710 151
3711 147
3712 151
3713 33
3714 89
3715 63
3716 163
3717 84
3718 181
3719 110
3720 151
3721 163
3722 147
3723 110
3724 197
3725 151
3726 151
3727 4
3728 84
3729 246
3730 151
3731 4
3732 9
3733 89
3734 2
3735 151
3736 110
3737 147
3738 89
3739 135
3740 7
3741 198
3742 89
3743 131
3744 33
3745 89
3746 181
3747 163
3748 163
3749 84
3750 163
3751 7
3752 84
3753 84
3754 197
3755 198
3756 64
3757 198
3758 150
3759 135
3760 124
3761 147
3762 9
3763 2
3764 198
3765 78
3766 181
3767 198
3768 197
3769 197
3770 181
3771 163
3772 33
3773 151
3774 22
3775 151
3776 110
3777 198
3778 198
3779 198
3780 110
3781 4
3782 64
3783 135
3784 33
3785 4
3786 65
3787 110
3788 110
3789 197
3790 64
3791 181
3792 181
3793 84
3794 33
3795 151
3796 33
3797 197
3798 181
3799 109
3800 4
3801 89
3802 64
3803 109
3804 6
3805 33
3806 198
3807 198
3808 150
3809 198
3810 163
3811 198
3812 213
3813 139
3814 6
3815 7
3816 150
3817 110
3818 84
3819 109
3820 198
3821 7
3822 181
3823 135
3824 163
3825 63
3826 84
3827 150
3828 84
3829 20
3830 73
3831 4
3832 33
3833 151
3834 198
3835 198
3836 197
3837 197
3838 135
3839 64
3840 147
3841 84
3842 181
3843 84
3844 244
3845 84
3846 84
3847 150
3848 84
3849 4
3850 198
3851 91
3852 91
3853 198
3854 163
3855 151
3856 7
3857 147
3858 197
3859 197
3860 151
3861 4
3862 33
3863 198
3864 198
3865 175
3866 33
3867 197
3868 197
3869 163
3870 110
3871 26
3872 150
3873 181
3874 84
3875 4
3876 198
3877 198
3878 197
3879 198
3880 124
3881 89
3882 109
3883 26
3884 309
3885 33
3886 150
3887 163
3888 181
3889 84
3890 181
3891 198
3892 197
3893 84
3894 64
3895 151
3896 33
3897 197
3898 198
3899 198
3900 198
3901 4
3902 118
3903 33
3904 198
3905 197
3906 9
3907 4
3908 84
3909 198
3910 197
3911 4
3912 4
3913 181
3914 163
3915 135
3916 84
3917 139
3918 151
3919 135
3920 4
3921 64
3922 135
3923 147
3924 78
3925 151
3926 181
3927 63
3928 4
3929 4
3930 151
3931 33
3932 197
3933 33
3934 147
3935 181
3936 84
3937 135
3938 135
3939 131
3940 3
3941 64
3942 198
3943 151
3944 135
3945 147
3946 64
3947 163
3948 135
3949 4
3950 33
3951 84
3952 4
3953 20
3954 9
3955 92
3956 197
3957 198
3958 93
3959 198
3960 151
3961 124
3962 198
3963 210
3964 4
3965 151
3966 197
3967 163
3968 181
3969 197
3970 181
3971 197
3972 20
3973 20
3974 84
3975 89
3976 197
3977 163
3978 110
3979 4
3980 163
3981 181
3982 151
3983 163
3984 89
3985 151
3986 131
3987 84
3988 163
3989 84
3990 9
3991 135
3992 56
3993 135
3994 89
3995 6
3996 89
3997 181
3998 163
3999 109
4000 198
4001 263
4002 198
4003 163
4004 33
4005 94
4006 163
4007 78
4008 151
4009 151
4010 7
4011 135
4012 150
4013 110
4014 9
4015 105
4016 89
4017 135
4018 198
4019 198
4020 20
4021 181
4022 135
4023 181
4024 181
4025 9
4026 163
4027 109
4028 131
4029 7
4030 163
4031 89
4032 33
4033 110
4034 64
4035 95
4036 135
4037 9
4038 4
4039 150
4040 63
4041 181
4042 63
4043 281
4044 96
4045 84
4046 131
4047 84
4048 7
4049 147
4050 197
4051 97
4052 110
4053 147
4054 147
4055 197
4056 7
4057 181
4058 110
4059 135
4060 163
4061 4
4062 4
4063 147
4064 181
4065 147
4066 84
4067 4
4068 124
4069 147
4070 147
4071 4
4072 84
4073 110
4074 3
4075 89
4076 150
4077 21
4078 198
4079 163
4080 6
4081 197
4082 198
4083 33
4084 7
4085 63
4086 84
4087 151
4088 110
4089 150
4090 181
4091 9
4092 307
4093 84
4094 197
4095 198
4096 135
4097 106
4098 181
4099 4
4100 78
4101 135
4102 198
4103 4
4104 4
4105 198
4106 135
4107 33
4108 157
4109 9
4110 174
4111 7
4112 147
4113 163
4114 151
4115 147
4116 4
4117 198
4118 89
4119 9
4120 300
4121 163
4122 124
4123 63
4124 181
4125 198
4126 147
4127 4
4128 109
4129 181
4130 197
4131 4
4132 151
4133 181
4134 151
4135 198
4136 198
4137 4
4138 151
4139 89
4140 33
4141 150
4142 124
4143 241
4144 78
4145 78
4146 9
4147 197
4148 84
4149 181
4150 20
4151 109
4152 151
4153 147
4154 198
4155 7
4156 163
4157 151
4158 198
4159 163
4160 135
4161 64
4162 163
4163 78
4164 135
4165 89
4166 197
4167 7
4168 33
4169 89
4170 151
4171 151
4172 64
4173 139
4174 163
4175 163
4176 151
4177 84
4178 4
4179 181
4180 124
4181 7
4182 197
4183 197
4184 4
4185 181
4186 198
4187 89
4188 217
4189 6
4190 2
4191 4
4192 7
4193 181
4194 147
4195 4
4196 78
4197 4
4198 197
4199 198
4200 33
4201 197
4202 63
4203 163
4204 163
4205 135
4206 33
4207 197
4208 84
4209 7
4210 33
4211 26
4212 198
4213 223
4214 135
4215 7
4216 163
4217 181
4218 33
4219 181
4220 32
4221 110
4222 197
4223 109
4224 163
4225 197
4226 4
4227 135
4228 84
4229 84
4230 163
4231 198
4232 198
4233 17
4234 181
4235 164
4236 124
4237 151
4238 33
4239 198
4240 63
4241 84
4242 147
4243 275
4244 181
4245 84
4246 7
4247 151
4248 181
4249 198
4250 150
4251 163
4252 4
4253 198
4254 135
4255 33
4256 198
4257 151
4258 163
4259 3
4260 124
4261 163
4262 163
4263 163
4264 78
4265 155
4266 110
4267 124
4268 135
4269 198
4270 7
4271 26
4272 163
4273 84
4274 4
4275 4
4276 197
4277 33
4278 197
4279 84
4280 33
4281 64
4282 2
4283 151
4284 137
4285 198
4286 151
4287 163
4288 163
4289 4
4290 150
4291 84
4292 197
4293 84
4294 89
4295 4
4296 78
4297 181
4298 84
4299 4
4300 89
4301 151
4302 151
4303 4
4304 33
4305 147
4306 4
4307 33
4308 33
4309 181
4310 64
4311 7
4312 198
4313 33
4314 181
4315 163
4316 33
4317 198
4318 7
4319 4
4320 63
4321 84
4322 198
4323 198
4324 4
4325 78
4326 197
4327 9
4328 197
4329 89
4330 198
4331 151
4332 89
4333 17
4334 197
4335 197
4336 151
4337 198
4338 89
4339 163
4340 34
4341 33
4342 3
4343 84
4344 163
4345 147
4346 197
4347 163
4348 4
4349 197
4350 124
4351 7
4352 110
4353 198
4354 181
4355 4
4356 151
4357 84
4358 9
4359 74
4360 151
4361 151
4362 84
4363 4
4364 4
4365 33
4366 147
4367 78
4368 9
4369 135
4370 78
4371 163
4372 3
4373 3
4374 251
4375 163
4376 197
4377 84
4378 198
4379 84
4380 197
4381 7
4382 78
4383 181
4384 33
4385 84
4386 33
4387 197
4388 98
4389 147
4390 4
4391 4
4392 198
4393 4
4394 89
4395 3
4396 7
4397 163
4398 33
4399 7
4400 197
4401 135
4402 4
4403 84
4404 268
4405 99
4406 198
4407 147
4408 4
4409 151
4410 2
4411 84
4412 4
4413 4
4414 181
4415 4
4416 197
4417 198
4418 198
4419 33
4420 147
4421 84
4422 7
4423 124
4424 163
4425 185
4426 89
4427 170
4428 7
4429 9
4430 273
4431 163
4432 147
4433 4
4434 181
4435 135
4436 150
4437 147
4438 135
4439 198
4440 9
4441 318
4442 197
4443 181
4444 181
4445 181
4446 33
4447 198
4448 135
4449 139
4450 147
4451 110
4452 163
4453 110
4454 109
4455 135
4456 197
4457 63
4458 151
4459 181
4460 131
4461 197
4462 181
4463 7
4464 273
4465 181
4466 126
4467 9
4468 4
4469 89
4470 181
4471 197
4472 4
4473 4
4474 9
4475 181
4476 84
4477 181
4478 197
4479 151
4480 84
4481 181
4482 197
4483 181
4484 197
4485 135
4486 198
4487 63
4488 151
4489 9
4490 78
4491 181
4492 147
4493 64
4494 163
4495 89
4496 150
4497 150
4498 89
4499 151
4500 135
4501 135
4502 151
4503 198
4504 163
4505 163
4506 147
4507 84
4508 151
4509 197
4510 110
4511 198
4512 7
4513 33
4514 163
4515 84
4516 3
4517 198
4518 163
4519 78
4520 198
4521 130
4522 3
4523 150
4524 163
4525 45
4526 181
4527 151
4528 135
4529 84
4530 198
4531 84
4532 109
4533 197
4534 135
4535 181
4536 181
4537 63
4538 89
4539 135
4540 78
4541 7
4542 4
4543 181
4544 9
4545 84
4546 147
4547 198
4548 135
4549 181
4550 89
4551 135
4552 3
4553 7
4554 135
4555 151
4556 124
4557 197
4558 4
4559 131
4560 7
4561 139
4562 151
4563 46
4564 110
4565 135
4566 139
4567 84
4568 4
4569 147
4570 273
4571 4
4572 273
4573 163
4574 147
4575 147
4576 197
4577 135
4578 151
4579 135
4580 197
4581 78
4582 147
4583 135
4584 181
4585 151
4586 107
4587 163
4588 163
4589 198
4590 163
4591 89
4592 163
4593 163
4594 63
4595 4
4596 151
4597 64
4598 4
4599 147
4600 9
4601 198
4602 163
4603 84
4604 135
4605 4
4606 4
4607 84
4608 64
4609 163
4610 210
4611 151
4612 78
4613 197
4614 89
4615 135
4616 151
4617 151
4618 147
4619 63
4620 4
4621 163
4622 4
4623 100
4624 33
4625 6
4626 163
4627 147
4628 197
4629 147
4630 135
4631 3
4632 150
4633 89
4634 151
4635 84
4636 7
4637 9
4638 197
4639 198
4640 151
4641 197
4642 151
4643 147
4644 101
4645 4
4646 181
4647 135
4648 163
4649 78
4650 203
4651 135
4652 9
4653 89
4654 78
4655 197
4656 163
4657 163
4658 135
4659 163
4660 102
4661 163
4662 163
4663 4
4664 26
4665 181
4666 150
4667 170
4668 84
4669 147
4670 33
4671 64
4672 163
4673 4
4674 4
4675 10
4676 198
4677 163
4678 4
4679 4
4680 103
4681 198
4682 4
4683 7
4684 8
4685 198
4686 163
4687 198
4688 4
4689 181
4690 151
4691 126
4692 147
4693 197
4694 4
4695 104
4696 33
4697 104
4698 197
4699 163
4700 89
4701 8
4702 7
4703 9
4704 198
4705 197
4706 6
4707 163
4708 181
4709 181
4710 63
4711 181
4712 110
4713 198
4714 181
4715 198
4716 198
4717 33
4718 105
4719 135
4720 84
4721 147
4722 147
4723 4
4724 197
4725 197
4726 84
4727 6
4728 135
4729 9
4730 198
4731 9
4732 84
4733 151
4734 106
4735 181
4736 151
4737 4
4738 84
4739 135
4740 68
4741 163
4742 198
4743 135
4744 4
4745 151
4746 181
4747 197
4748 151
4749 4
4750 84
4751 163
4752 197
4753 9
4754 163
4755 107
4756 163
4757 197
4758 203
4759 4
4760 163
4761 9
4762 26
4763 3
4764 198
4765 89
4766 135
4767 135
4768 109
4769 147
4770 8
4771 198
4772 163
4773 84
4774 124
4775 170
4776 273
4777 89
4778 89
4779 33
4780 135
4781 147
4782 9
4783 228
4784 151
4785 151
4786 4
4787 197
4788 151
4789 181
4790 110
4791 33
4792 163
4793 84
4794 4
4795 89
4796 4
4797 163
4798 198
4799 7
4800 163
4801 63
4802 198
4803 151
4804 163
4805 197
4806 135
4807 135
4808 9
4809 84
4810 89
4811 163
4812 89
4813 181
4814 84
4815 197
4816 181
4817 20
4818 150
4819 33
4820 84
4821 135
4822 33
4823 84
4824 163
4825 163
4826 163
4827 33
4828 198
4829 198
4830 197
4831 197
4832 181
4833 4
4834 198
4835 33
4836 84
4837 135
4838 7
4839 163
4840 147
4841 181
4842 89
4843 8
4844 84
4845 197
4846 198
4847 109
4848 226
4849 9
4850 78
4851 110
4852 198
4853 108
4854 181
4855 198
4856 151
4857 109
4858 124
4859 110
4860 9
4861 84
4862 151
4863 151
4864 84
4865 6
4866 151
4867 147
4868 150
4869 198
4870 197
4871 198
4872 151
4873 181
4874 9
4875 51
4876 84
4877 55
4878 163
4879 33
4880 63
4881 33
4882 135
4883 198
4884 163
4885 4
4886 89
4887 197
4888 89
4889 4
4890 89
4891 89
4892 84
4893 84
4894 89
4895 109
4896 135
4897 89
4898 197
4899 109
4900 198
4901 197
4902 89
4903 150
4904 151
4905 198
4906 33
4907 89
4908 111
4909 6
4910 197
4911 198
4912 112
4913 147
4914 84
4915 4
4916 84
4917 113
4918 4
4919 198
4920 84
4921 89
4922 135
4923 4
4924 197
4925 163
4926 84
4927 110
4928 110
4929 197
4930 89
4931 124
4932 78
4933 181
4934 4
4935 147
4936 4
4937 198
4938 4
4939 163
4940 4
4941 9
4942 198
4943 151
4944 89
4945 9
4946 181
4947 114
4948 181
4949 150
4950 147
4951 135
4952 197
4953 135
4954 151
4955 163
4956 110
4957 197
4958 163
4959 151
4960 84
4961 110
4962 198
4963 110
4964 89
4965 9
4966 109
4967 109
4968 89
4969 150
4970 6
4971 198
4972 33
4973 84
4974 4
4975 89
4976 33
4977 163
4978 61
4979 163
4980 89
4981 151
4982 115
4983 147
4984 181
4985 197
4986 78
4987 3
4988 147
4989 198
4990 4
4991 198
4992 198
4993 109
4994 163
4995 89
4996 197
4997 181
4998 110
4999 64
5000 89
5001 89
5002 151
5003 151
5004 177
5005 163
5006 4
5007 163
5008 151
5009 163
5010 197
5011 4
5012 181
5013 7
5014 64
5015 181
5016 109
5017 198
5018 4
5019 8
5020 163
5021 163
5022 87
5023 135
5024 63
5025 198
5026 7
5027 198
5028 197
5029 147
5030 198
5031 308
5032 181
5033 89
5034 179
5035 116
5036 147
5037 151
5038 197
5039 67
5040 33
5041 135
5042 181
5043 124
5044 181
5045 78
5046 64
5047 163
5048 4
5049 23
5050 78
5051 110
5052 7
5053 181
5054 197
5055 197
5056 163
5057 84
5058 135
5059 163
5060 151
5061 147
5062 147
5063 150
5064 198
5065 198
5066 33
5067 223
5068 258
5069 2
5070 147
5071 84
5072 9
5073 151
5074 151
5075 135
5076 139
5077 4
5078 63
5079 84
5080 64
5081 4
5082 4
5083 84
5084 89
5085 8
5086 135
5087 198
5088 89
5089 7
5090 7
5091 151
5092 4
5093 163
5094 89
5095 135
5096 63
5097 198
5098 163
5099 89
5100 117
5101 4
5102 135
5103 26
5104 7
5105 163
5106 197
5107 89
5108 163
5109 8
5110 4
5111 150
5112 181
5113 163
5114 163
5115 131
5116 7
5117 150
5118 118
5119 147
5120 181
5121 163
5122 198
5123 33
5124 135
5125 198
5126 4
5127 89
5128 4
5129 163
5130 3
5131 151
5132 163
5133 198
5134 163
5135 198
5136 198
5137 109
5138 110
5139 181
5140 9
5141 181
5142 297
5143 163
5144 84
5145 181
5146 151
5147 150
5148 163
5149 198
5150 8
5151 84
5152 8
5153 89
5154 124
5155 197
5156 135
5157 305
5158 3
5159 197
5160 119
5161 9
5162 163
5163 163
5164 163
5165 150
5166 131
5167 198
5168 150
5169 135
5170 63
5171 84
5172 7
5173 181
5174 163
5175 135
5176 78
5177 78
5178 84
5179 197
5180 84
5181 64
5182 84
5183 198
5184 33
5185 181
5186 9
5187 198
5188 151
5189 4
5190 3
5191 4
5192 151
5193 197
5194 147
5195 103
5196 198
5197 163
5198 4
5199 197
5200 197
5201 4
5202 147
5203 109
5204 163
5205 181
5206 78
5207 163
5208 147
5209 163
5210 151
5211 150
5212 181
5213 84
5214 78
5215 135
5216 33
5217 109
5218 150
5219 147
5220 33
5221 181
5222 110
5223 84
5224 150
5225 84
5226 109
5227 181
5228 181
5229 78
5230 163
5231 147
5232 8
5233 197
5234 120
5235 135
5236 151
5237 151
5238 135
5239 197
5240 135
5241 33
5242 84
5243 163
5244 198
5245 163
5246 147
5247 135
5248 110
5249 4
5250 84
5251 63
5252 197
5253 198
5254 78
5255 84
5256 9
5257 198
5258 163
5259 8
5260 4
5261 150
5262 4
5263 89
5264 4
5265 197
5266 198
5267 163
5268 151
5269 26
5270 89
5271 63
5272 7
5273 135
5274 7
5275 7
5276 63
5277 63
5278 163
5279 151
5280 197
5281 3
5282 121
5283 3
5284 7
5285 3
5286 3
5287 181
5288 121
5289 163
5290 7
5291 3
5292 150
5293 3
5294 110
5295 3
5296 3
5297 84
5298 3
5299 63
5300 198
5301 8
5302 163
5303 181
5304 163
5305 63
5306 181
5307 33
5308 33
5309 84
5310 3
5311 162
5312 3
5313 9
5314 163
5315 124
5316 26
5317 78
5318 198
5319 7
5320 181
5321 198
5322 89
5323 109
5324 3
5325 163
5326 3
5327 4
5328 163
5329 4
5330 110
5331 3
5332 163
5333 181
5334 163
5335 181
5336 89
5337 151
5338 4
5339 181
5340 84
5341 181
5342 198
5343 3
5344 7
5345 122
5346 313
5347 164
5348 9
5349 197
5350 84
5351 84
5352 147
5353 197
5354 151
5355 3
5356 147
5357 197
5358 33
5359 9
5360 163
5361 63
5362 89
5363 181
5364 89
5365 151
5366 73
5367 151
5368 33
5369 9
5370 78
5371 89
5372 123
5373 84
5374 150
5375 84
5376 150
5377 198
5378 163
5379 181
5380 163
5381 84
5382 84
5383 198
5384 198
5385 8
5386 151
5387 135
5388 197
5389 84
5390 84
5391 4
5392 198
5393 124
5394 198
5395 8
5396 135
5397 151
5398 198
5399 4
5400 163
5401 198
5402 163
5403 151
5404 163
5405 197
5406 26
5407 198
5408 163
5409 64
5410 163
5411 63
5412 26
5413 135
5414 150
5415 150
5416 197
5417 109
5418 273
5419 84
5420 2
5421 163
5422 125
5423 135
5424 273
5425 147
5426 197
5427 163
5428 7
5429 151
5430 197
5431 151
5432 197
5433 110
5434 9
5435 181
5436 147
5437 197
5438 131
5439 89
5440 84
5441 84
5442 4
5443 78
5444 147
5445 198
5446 7
5447 198
5448 151
5449 198
5450 4
5451 151
5452 131
5453 135
5454 198
5455 4
5456 163
5457 181
5458 151
5459 181
5460 139
5461 198
5462 198
5463 151
5464 150
5465 6
5466 181
5467 84
5468 147
5469 135
5470 33
5471 198
5472 33
5473 109
5474 181
5475 163
5476 151
5477 151
5478 126
5479 4
5480 151
5481 135
5482 4
5483 4
5484 147
5485 84
5486 198
5487 197
5488 7
5489 2
5490 163
5491 109
5492 197
5493 4
5494 78
5495 7
5496 197
5497 197
5498 4
5499 78
5500 7
5501 2
5502 84
5503 151
5504 151
5505 151
5506 163
5507 163
5508 147
5509 84
5510 135
5511 147
5512 33
5513 60
5514 6
5515 135
5516 33
5517 33
5518 78
5519 198
5520 151
5521 89
5522 216
5523 151
5524 135
5525 197
5526 135
5527 110
5528 4
5529 198
5530 198
5531 163
5532 135
5533 9
5534 163
5535 124
5536 163
5537 163
5538 151
5539 33
5540 4
5541 109
5542 9
5543 135
5544 151
5545 147
5546 181
5547 198
5548 4
5549 163
5550 124
5551 151
5552 150
5553 84
5554 89
5555 135
5556 181
5557 63
5558 33
5559 7
5560 110
5561 198
5562 110
5563 198
5564 135
5565 4
5566 4
5567 181
5568 109
5569 63
5570 181
5571 135
5572 110
5573 197
5574 33
5575 197
5576 135
5577 147
5578 4
5579 84
5580 151
5581 84
5582 117
5583 89
5584 4
5585 151
5586 163
5587 163
5588 147
5589 4
5590 3
5591 163
5592 163
5593 7
5594 110
5595 197
5596 163
5597 127
5598 127
5599 7
5600 110
5601 84
5602 197
5603 181
5604 9
5605 124
5606 4
5607 84
5608 3
5609 64
5610 84
5611 198
5612 149
5613 89
5614 89
5615 198
5616 163
5617 135
5618 84
5619 311
5620 124
5621 84
5622 4
5623 198
5624 73
5625 2
5626 163
5627 229
5628 4
5629 4
5630 181
5631 89
5632 9
5633 273
5634 151
5635 4
5636 198
5637 163
5638 181
5639 197
5640 197
5641 197
5642 163
5643 26
5644 9
5645 197
5646 4
5647 9
5648 7
5649 181
5650 151
5651 89
5652 135
5653 72
5654 84
5655 72
5656 147
5657 273
5658 151
5659 64
5660 109
5661 198
5662 8
5663 181
5664 89
5665 163
5666 163
5667 89
5668 89
5669 147
5670 151
5671 147
5672 147
5673 147
5674 131
5675 197
5676 197
5677 197
5678 128
5679 147
5680 151
5681 151
5682 129
5683 198
5684 4
5685 151
5686 163
5687 4
5688 4
5689 135
5690 84
5691 4
5692 163
5693 130
5694 151
5695 151
5696 163
5697 33
5698 110
5699 78
5700 9
5701 135
5702 151
5703 163
5704 89
5705 4
5706 163
5707 89
5708 181
5709 163
5710 181
5711 151
5712 64
5713 198
5714 163
5715 3
5716 85
5717 124
5718 181
5719 163
5720 198
5721 197
5722 6
5723 150
5724 151
5725 33
5726 163
5727 151
5728 84
5729 89
5730 198
5731 84
5732 4
5733 198
5734 163
5735 252
5736 84
5737 181
5738 64
5739 198
5740 7
5741 7
5742 4
5743 198
5744 33
5745 198
5746 89
5747 163
5748 6
5749 163
5750 135
5751 197
5752 135
5753 198
5754 163
5755 89
5756 197
5757 163
5758 197
5759 151
5760 110
5761 4
5762 226
5763 4
5764 150
5765 198
5766 4
5767 4
5768 33
5769 248
5770 147
5771 198
5772 110
5773 163
5774 197
5775 33
5776 89
5777 151
5778 151
5779 163
5780 151
5781 33
5782 78
5783 4
5784 113
5785 8
5786 17
5787 84
5788 197
5789 135
5790 198
5791 181
5792 181
5793 147
5794 3
5795 163
5796 163
5797 9
5798 89
5799 63
5800 7
5801 135
5802 150
5803 181
5804 135
5805 151
5806 78
5807 163
5808 135
5809 197
5810 131
5811 151
5812 33
5813 109
5814 110
5815 20
5816 84
5817 109
5818 197
5819 197
5820 132
5821 133
5822 198
5823 181
5824 78
5825 84
5826 4
5827 84
5828 163
5829 131
5830 8
5831 197
5832 26
5833 236
5834 33
5835 163
5836 124
5837 147
5838 33
5839 84
5840 42
5841 84
5842 4
5843 181
5844 205
5845 198
5846 163
5847 147
5848 131
5849 163
5850 110
5851 147
5852 163
5853 124
5854 84
5855 2
5856 198
5857 198
5858 139
5859 163
5860 1
5861 33
5862 7
5863 151
5864 181
5865 151
5866 151
5867 33
5868 6
5869 78
5870 163
5871 150
5872 63
5873 4
5874 135
5875 135
5876 240
5877 8
5878 163
5879 110
5880 150
5881 163
5882 163
5883 181
5884 181
5885 110
5886 197
5887 84
5888 4
5889 63
5890 9
5891 197
5892 4
5893 89
5894 110
5895 150
5896 197
5897 198
5898 89
5899 135
5900 163
5901 198
5902 96
5903 151
5904 151
5905 181
5906 33
5907 198
5908 181
5909 78
5910 4
5911 163
5912 10
5913 114
5914 135
5915 163
5916 84
5917 147
5918 33
5919 151
5920 198
5921 4
5922 64
5923 20
5924 135
5925 4
5926 198
5927 271
5928 9
5929 20
5930 163
5931 9
5932 147
5933 4
5934 4
5935 147
5936 6
5937 151
5938 198
5939 124
5940 84
5941 163
5942 163
5943 199
5944 181
5945 135
5946 33
5947 78
5948 198
5949 4
5950 63
5951 89
5952 150
5953 89
5954 181
5955 134
5956 197
5957 63
5958 198
5959 197
5960 4
5961 163
5962 198
5963 147
5964 89
5965 151
5966 197
5967 7
5968 181
5969 197
5970 64
5971 181
5972 89
5973 198
5974 150
5975 151
5976 84
5977 110
5978 198
5979 163
5980 197
5981 197
5982 151
5983 135
5984 4
5985 197
5986 147
5987 89
5988 64
5989 198
5990 151
5991 3
5992 110
5993 181
5994 135
5995 135
5996 163
5997 151
5998 181
5999 181
6000 163
6001 181
6002 135
6003 3
6004 163
6005 197
6006 26
6007 198
6008 197
6009 7
6010 163
6011 64
6012 64
6013 33
6014 63
6015 63
6016 7
6017 198
6018 181
6019 78
6020 78
6021 151
6022 151
6023 181
6024 306
6025 197
6026 33
6027 64
6028 64
6029 151
6030 2
6031 198
6032 198
6033 8
6034 135
6035 197
6036 163
6037 110
6038 33
6039 33
6040 151
6041 147
6042 135
6043 33
6044 197
6045 197
6046 84
6047 4
6048 151
6049 4
6050 4
6051 181
6052 197
6053 150
6054 163
6055 151
6056 151
6057 78
6058 163
6059 163
6060 26
6061 136
6062 135
6063 150
6064 147
6065 109
6066 84
6067 135
6068 54
6069 198
6070 151
6071 110
6072 163
6073 9
6074 181
6075 181
6076 197
6077 197
6078 7
6079 181
6080 63
6081 181
6082 4
6083 163
6084 33
6085 135
6086 4
6087 84
6088 147
6089 198
6090 135
6091 181
6092 137
6093 84
6094 197
6095 33
6096 89
6097 84
6098 147
6099 33
6100 163
6101 181
6102 163
6103 109
6104 151
6105 84
6106 151
6107 89
6108 63
6109 33
6110 197
6111 181
6112 135
6113 135
6114 7
6115 198
6116 147
6117 181
6118 89
6119 197
6120 4
6121 6
6122 64
6123 197
6124 45
6125 198
6126 9
6127 163
6128 131
6129 163
6130 84
6131 131
6132 147
6133 33
6134 64
6135 198
6136 198
6137 198
6138 84
6139 9
6140 9
6141 198
6142 151
6143 181
6144 197
6145 163
6146 135
6147 33
6148 181
6149 3
6150 147
6151 138
6152 7
6153 151
6154 4
6155 135
6156 89
6157 110
6158 84
6159 151
6160 33
6161 147
6162 9
6163 131
6164 151
6165 9
6166 140
6167 197
6168 84
6169 8
6170 56
6171 197
6172 147
6173 163
6174 163
6175 78
6176 139
6177 181
6178 89
6179 33
6180 163
6181 33
6182 135
6183 151
6184 198
6185 147
6186 109
6187 63
6188 4
6189 109
6190 163
6191 151
6192 141
6193 197
6194 276
6195 110
6196 163
6197 4
6198 181
6199 198
6200 7
6201 33
6202 135
6203 135
6204 163
6205 33
6206 163
6207 151
6208 181
6209 33
6210 63
6211 181
6212 135
6213 163
6214 77
6215 151
6216 147
6217 84
6218 198
6219 110
6220 89
6221 163
6222 84
6223 181
6224 163
6225 163
6226 147
6227 4
6228 4
6229 109
6230 84
6231 109
6232 109
6233 84
6234 198
6235 198
6236 163
6237 109
6238 84
6239 4
6240 4
6241 63
6242 197
6243 33
6244 147
6245 4
6246 4
6247 147
6248 181
6249 84
6250 197
6251 163
6252 151
6253 78
6254 163
6255 4
6256 4
6257 197
6258 50
6259 142
6260 198
6261 63
6262 163
6263 147
6264 4
6265 161
6266 150
6267 84
6268 143
6269 6
6270 4
6271 7
6272 45
6273 84
6274 144
6275 33
6276 163
6277 163
6278 110
6279 163
6280 89
6281 4
6282 4
6283 181
6284 110
6285 63
6286 163
6287 7
6288 163
6289 84
6290 33
6291 4
6292 181
6293 163
6294 84
6295 84
6296 7
6297 144
6298 151
6299 147
6300 135
6301 135
6302 4
6303 147
6304 151
6305 202
6306 147
6307 4
6308 197
6309 151
6310 197
6311 4
6312 33
6313 163
6314 33
6315 151
6316 33
6317 151
6318 3
6319 78
6320 73
6321 7
6322 110
6323 4
6324 181
6325 147
6326 151
6327 84
6328 147
6329 64
6330 151
6331 64
6332 163
6333 110
6334 64
6335 197
6336 9
6337 272
6338 110
6339 163
6340 116
6341 8
6342 197
6343 33
6344 126
6345 163
6346 131
6347 135
6348 4
6349 151
6350 181
6351 109
6352 135
6353 109
6354 9
6355 151
6356 124
6357 197
6358 181
6359 84
6360 198
6361 145
6362 145
6363 151
6364 84
6365 110
6366 198
6367 64
6368 84
6369 110
6370 163
6371 78
6372 110
6373 4
6374 9
6375 4
6376 147
6377 197
6378 147
6379 110
6380 7
6381 84
6382 163
6383 181
6384 197
6385 33
6386 109
6387 151
6388 135
6389 4
6390 197
6391 3
6392 56
6393 147
6394 17
6395 110
6396 7
6397 110
6398 84
6399 84
6400 163
6401 151
6402 163
6403 151
6404 109
6405 2
6406 110
6407 197
6408 181
6409 4
6410 78
6411 64
6412 151
6413 197
6414 198
6415 135
6416 203
6417 33
6418 310
6419 299
6420 197
6421 163
6422 9
6423 135
6424 41
6425 163
6426 20
6427 147
6428 110
6429 198
6430 163
6431 4
6432 109
6433 151
6434 89
6435 7
6436 84
6437 33
6438 197
6439 89
6440 163
6441 163
6442 197
6443 84
6444 89
6445 146
6446 89
6447 3
6448 151
6449 4
6450 110
6451 198
6452 89
6453 89
6454 147
6455 4
6456 151
6457 150
6458 151
6459 63
6460 151
6461 9
6462 3
6463 3
6464 3
6465 163
6466 4
6467 84
6468 84
6469 84
6470 181
6471 198
6472 135
6473 89
6474 163
6475 110
6476 198
6477 109
6478 135
6479 190
6480 33
6481 150
6482 8
6483 63
6484 4
6485 110
6486 163
6487 163
6488 9
6489 84
6490 197
6491 135
6492 273
6493 135
6494 197
6495 84
6496 9
6497 135
6498 198
6499 151
6500 197
6501 131
6502 3
6503 197
6504 135
6505 3
6506 78
6507 135
6508 147
6509 9
6510 73
6511 181
6512 151
6513 78
6514 89
6515 151
6516 197
6517 147
6518 110
6519 78
6520 4
6521 89
6522 198
6523 109
6524 198
6525 181
6526 163
6527 110
6528 110
6529 151
6530 109
6531 151
6532 163
6533 7
6534 135
6535 131
6536 3
6537 197
6538 4
6539 197
6540 7
6541 7
6542 4
6543 151
6544 3
6545 151
6546 3
6547 84
6548 197
6549 147
6550 151
6551 33
6552 64
6553 181
6554 84
6555 33
6556 197
6557 33
6558 7
6559 20
6560 84
6561 147
6562 33
6563 84
6564 84
6565 110
6566 84
6567 147
6568 163
6569 163
6570 4
6571 197
6572 163
6573 197
6574 147
6575 151
6576 33
6577 197
6578 110
6579 4
6580 147
6581 150
6582 181
6583 110
6584 110
6585 89
6586 150
6587 181
6588 109
6589 197
6590 150
6591 150
6592 150
6593 181
6594 147
6595 151
6596 2
6597 78
6598 197
6599 84
6600 84
6601 163
6602 4
6603 89
6604 150
6605 163
6606 109
6607 147
6608 84
6609 147
6610 147
6611 109
6612 4
6613 197
6614 181
6615 147
6616 110
6617 4
6618 197
6619 135
6620 85
6621 151
6622 198
6623 33
6624 135
6625 3
6626 4
6627 6
6628 62
6629 151
6630 84
6631 3
6632 147
6633 163
6634 147
6635 6
6636 109
6637 147
6638 147
6639 198
6640 89
6641 126
6642 151
6643 147
6644 181
6645 63
6646 84
6647 63
6648 3
6649 3
6650 63
6651 84
6652 198
6653 4
6654 181
6655 3
6656 3
6657 198
6658 181
6659 4
6660 181
6661 126
6662 70
6663 33
6664 9
6665 198
6666 64
6667 89
6668 78
6669 3
6670 84
6671 151
6672 151
6673 4
6674 124
6675 197
6676 150
6677 147
6678 4
6679 110
6680 4
6681 151
6682 181
6683 181
6684 151
6685 135
6686 110
6687 63
6688 7
6689 3
6690 3
6691 3
6692 163
6693 3
6694 7
6695 7
6696 7
6697 147
6698 7
6699 3
6700 89
6701 33
6702 84
6703 84
6704 4
6705 181
6706 4
6707 147
6708 151
6709 147
6710 7
6711 321
6712 197
6713 163
6714 197
6715 9
6716 84
6717 78
6718 33
6719 151
6720 135
6721 7
6722 84
6723 135
6724 181
6725 151
6726 33
6727 33
6728 109
6729 7
6730 151
6731 110
6732 33
6733 151
6734 63
6735 163
6736 191
6737 147
6738 131
6739 109
6740 87
6741 84
6742 3
6743 148
6744 181
6745 89
6746 197
6747 132
6748 181
6749 8
6750 20
6751 197
6752 4
6753 181
6754 163
6755 89
6756 198
6757 163
6758 197
6759 109
6760 163
6761 124
6762 163
6763 63
6764 89
6765 197
6766 197
6767 33
6768 9
6769 198
6770 135
6771 181
6772 197
6773 198
6774 198
6775 149
6776 110
6777 4
6778 150
6779 151
6780 4
6781 163
6782 197
6783 7
6784 4
6785 152
6786 151
6787 84
6788 181
6789 110
6790 33
6791 181
6792 63
6793 181
6794 181
6795 135
6796 135
6797 110
6798 163
6799 124
6800 150
6801 198
6802 9
6803 198
6804 63
6805 110
6806 197
6807 126
6808 110
6809 8
6810 197
6811 63
6812 147
6813 197
6814 151
6815 7
6816 110
6817 198
6818 135
6819 181
6820 135
6821 4
6822 9
6823 163
6824 147
6825 109
6826 131
6827 198
6828 147
6829 84
6830 150
6831 84
6832 6
6833 197
6834 163
6835 151
6836 84
6837 4
6838 4
6839 64
6840 151
6841 4
6842 163
6843 198
6844 33
6845 151
6846 147
6847 151
6848 147
6849 84
6850 131
6851 89
6852 26
6853 110
6854 89
6855 151
6856 181
6857 4
6858 135
6859 198
6860 150
6861 163
6862 9
6863 181
6864 89
6865 84
6866 181
6867 4
6868 163
6869 150
6870 4
6871 198
6872 86
6873 198
6874 4
6875 110
6876 4
6877 197
6878 198
6879 147
6880 89
6881 4
6882 147
6883 151
6884 4
6885 8
6886 2
6887 2
6888 151
6889 198
6890 4
6891 135
6892 124
6893 197
6894 181
6895 163
6896 84
6897 198
6898 39
6899 89
6900 9
6901 163
6902 151
6903 151
6904 33
6905 84
6906 4
6907 147
6908 20
6909 135
6910 181
6911 181
6912 181
6913 109
6914 84
6915 139
6916 7
6917 163
6918 151
6919 3
6920 151
6921 181
6922 151
6923 150
6924 109
6925 4
6926 197
6927 83
6928 3
6929 109
6930 163
6931 197
6932 151
6933 33
6934 84
6935 84
6936 198
6937 198
6938 110
6939 33
6940 33
6941 110
6942 33
6943 197
6944 198
6945 89
6946 89
6947 63
6948 198
6949 135
6950 84
6951 78
6952 33
6953 110
6954 151
6955 181
6956 20
6957 7
6958 151
6959 151
6960 110
6961 110
6962 135
6963 163
6964 7
6965 84
6966 151
6967 89
6968 198
6969 198
6970 198
6971 163
6972 163
6973 197
6974 163
6975 3
6976 63
6977 197
6978 197
6979 151
6980 7
6981 163
6982 3
6983 3
6984 163
6985 7
6986 163
6987 63
6988 63
6989 110
6990 151
6991 84
6992 163
6993 63
6994 163
6995 33
6996 9
6997 63
6998 147
6999 84
7000 4
7001 84
7002 89
7003 153
7004 84
7005 163
7006 197
7007 147
7008 33
7009 151
7010 4
7011 78
7012 150
7013 3
7014 84
7015 151
7016 198
7017 132
7018 84
7019 135
7020 181
7021 198
7022 135
7023 197
7024 198
7025 197
7026 181
7027 197
7028 89
7029 110
7030 84
7031 163
7032 147
7033 89
7034 135
7035 150
7036 8
7037 4
7038 147
7039 84
7040 197
7041 4
7042 197
7043 4
7044 135
7045 84
7046 84
7047 198
7048 163
7049 131
7050 124
7051 198
7052 135
7053 4
7054 135
7055 198
7056 84
7057 97
7058 135
7059 110
7060 7
7061 20
7062 9
7063 33
7064 197
7065 110
7066 151
7067 151
7068 89
7069 151
7070 163
7071 4
7072 135
7073 181
7074 109
7075 33
7076 197
7077 151
7078 135
7079 181
7080 9
7081 198
7082 109
7083 198
7084 63
7085 163
7086 197
7087 147
7088 8
7089 151
7090 84
7091 150
7092 198
7093 197
7094 110
7095 89
7096 151
7097 89
7098 163
7099 131
7100 33
7101 84
7102 163
7103 163
7104 7
7105 7
7106 3
7107 150
7108 150
7109 150
7110 197
7111 63
7112 147
7113 198
7114 197
7115 135
7116 163
7117 7
7118 135
7119 135
7120 163
7121 151
7122 181
7123 181
7124 4
7125 9
7126 147
7127 33
7128 84
7129 33
7130 110
7131 163
7132 109
7133 135
7134 163
7135 89
7136 89
7137 109
7138 109
7139 154
7140 197
7141 63
7142 62
7143 197
7144 7
7145 63
7146 109
7147 135
7148 198
7149 84
7150 147
7151 89
7152 197
7153 124
7154 110
7155 147
7156 131
7157 151
7158 50
7159 163
7160 198
7161 1
7162 198
7163 163
7164 267
7165 3
7166 3
7167 150
7168 7
7169 135
7170 109
7171 198
7172 147
7173 135
7174 198
7175 197
7176 163
7177 63
7178 109
7179 197
7180 72
7181 2
7182 135
7183 197
7184 84
7185 4
7186 135
7187 198
7188 84
7189 197
7190 198
7191 109
7192 147
7193 147
7194 163
7195 63
7196 33
7197 147
7198 155
7199 197
7200 181
7201 3
7202 64
7203 147
7204 151
7205 135
7206 156
7207 7
7208 135
7209 163
7210 63
7211 78
7212 197
7213 3
7214 89
7215 110
7216 147
7217 63
7218 89
7219 89
7220 151
7221 69
7222 163
7223 33
7224 197
7225 135
7226 181
7227 4
7228 135
7229 84
7230 135
7231 33
7232 33
7233 197
7234 131
7235 147
7236 197
7237 8
7238 181
7239 198
7240 84
7241 33
7242 4
7243 6
7244 147
7245 163
7246 147
7247 4
7248 4
7249 84
7250 110
7251 84
7252 147
7253 89
7254 197
7255 151
7256 78
7257 181
7258 89
7259 4
7260 4
7261 4
7262 147
7263 197
7264 151
7265 84
7266 197
7267 110
7268 181
7269 33
7270 7
7271 163
7272 197
7273 197
7274 160
7275 89
7276 89
7277 163
7278 198
7279 163
7280 197
7281 151
7282 147
7283 84
7284 84
7285 163
7286 163
7287 150
7288 181
7289 135
7290 89
7291 151
7292 163
7293 78
7294 163
7295 84
7296 163
7297 198
7298 163
7299 89
7300 135
7301 84
7302 33
7303 33
7304 198
7305 181
7306 198
7307 197
7308 63
7309 3
7310 33
7311 181
7312 110
7313 109
7314 163
7315 163
7316 181
7317 197
7318 84
7319 84
7320 135
7321 151
7322 135
7323 163
7324 147
7325 4
7326 135
7327 197
7328 163
7329 135
7330 151
7331 64
7332 150
7333 198
7334 26
7335 169
7336 163
7337 181
7338 78
7339 151
7340 78
7341 9
7342 110
7343 163
7344 198
7345 186
7346 84
7347 124
7348 163
7349 84
7350 110
7351 110
7352 63
7353 135
7354 135
7355 151
7356 135
7357 163
7358 63
7359 163
7360 3
7361 198
7362 33
7363 163
7364 163
7365 147
7366 33
7367 26
7368 78
7369 163
7370 151
7371 9
7372 151
7373 63
7374 163
7375 163
7376 135
7377 33
7378 135
7379 63
7380 163
7381 6
7382 84
7383 147
7384 135
7385 163
7386 7
7387 3
7388 198
7389 163
7390 3
7391 84
7392 198
7393 181
7394 157
7395 135
7396 163
7397 151
7398 158
7399 163
7400 84
7401 33
7402 4
7403 163
7404 110
7405 84
7406 3
7407 33
7408 3
7409 163
7410 163
7411 3
7412 273
7413 198
7414 89
7415 3
7416 147
7417 7
7418 151
7419 163
7420 84
7421 84
7422 3
7423 3
7424 163
7425 163
7426 3
7427 7
7428 163
7429 198
7430 64
7431 9
7432 181
7433 84
7434 110
7435 110
7436 197
7437 85
7438 110
7439 9
7440 198
7441 181
7442 89
7443 135
7444 287
7445 88
7446 33
7447 151
7448 84
7449 124
7450 198
7451 147
7452 3
7453 163
7454 3
7455 197
7456 7
7457 163
7458 7
7459 4
7460 151
7461 197
7462 197
7463 63
7464 197
7465 198
7466 181
7467 4
7468 181
7469 197
7470 147
7471 84
7472 7
7473 163
7474 126
7475 37
7476 3
7477 33
7478 4
7479 147
7480 163
7481 109
7482 84
7483 63
7484 6
7485 198
7486 198
7487 198
7488 147
7489 89
7490 181
7491 6
7492 151
7493 198
7494 197
7495 109
7496 7
7497 163
7498 198
7499 213
7500 151
7501 147
7502 4
7503 163
7504 3
7505 151
7506 163
7507 3
7508 3
7509 7
7510 163
7511 163
7512 7
7513 3
7514 163
7515 3
7516 63
7517 147
7518 163
7519 3
7520 33
7521 181
7522 78
7523 3
7524 163
7525 151
7526 150
7527 147
7528 135
7529 163
7530 151
7531 198
7532 4
7533 124
7534 63
7535 4
7536 4
7537 4
7538 4
7539 7
7540 7
7541 7
7542 3
7543 3
7544 163
7545 7
7546 198
7547 84
7548 2
7549 170
7550 8
7551 34
7552 151
7553 84
7554 131
7555 163
7556 198
7557 89
7558 110
7559 4
7560 3
7561 131
7562 84
7563 63
7564 3
7565 63
7566 84
7567 163
7568 3
7569 7
7570 3
7571 78
7572 163
7573 89
7574 109
7575 4
7576 7
7577 3
7578 181
7579 151
7580 181
7581 4
7582 163
7583 4
7584 172
7585 181
7586 135
7587 197
7588 197
7589 151
7590 110
7591 198
7592 150
7593 4
7594 135
7595 84
7596 84
7597 198
7598 89
7599 135
7600 135
7601 151
7602 150
7603 84
7604 63
7605 9
7606 151
7607 4
7608 198
7609 180
7610 163
7611 151
7612 135
7613 9
7614 163
7615 110
7616 33
7617 9
7618 135
7619 4
7620 124
7621 163
7622 89
7623 181
7624 151
7625 198
7626 33
7627 163
7628 198
7629 78
7630 163
7631 110
7632 139
7633 198
7634 197
7635 150
7636 110
7637 163
7638 87
7639 151
7640 181
7641 198
7642 163
7643 147
7644 163
7645 7
7646 4
7647 198
7648 84
7649 198
7650 33
7651 63
7652 4
7653 84
7654 181
7655 89
7656 110
7657 84
7658 78
7659 163
7660 84
7661 78
7662 147
7663 135
7664 7
7665 135
7666 147
7667 84
7668 163
7669 151
7670 110
7671 3
7672 198
7673 151
7674 84
7675 135
7676 7
7677 7
7678 33
7679 4
7680 110
7681 150
7682 78
7683 7
7684 151
7685 163
7686 197
7687 163
7688 139
7689 198
7690 3
7691 33
7692 198
7693 109
7694 147
7695 89
7696 151
7697 198
7698 63
7699 110
7700 198
7701 198
7702 198
7703 84
7704 163
7705 150
7706 147
7707 198
7708 151
7709 198
7710 109
7711 33
7712 147
7713 163
7714 181
7715 33
7716 197
7717 181
7718 4
7719 63
7720 151
7721 33
7722 163
7723 151
7724 135
7725 151
7726 3
7727 151
7728 63
7729 135
7730 181
7731 135
7732 135
7733 181
7734 181
7735 163
7736 4
7737 197
7738 4
7739 197
7740 2
7741 163
7742 33
7743 7
7744 151
7745 84
7746 135
7747 197
7748 9
7749 84
7750 198
7751 89
7752 84
7753 49
7754 135
7755 197
7756 197
7757 147
7758 89
7759 84
7760 7
7761 4
7762 7
7763 198
7764 147
7765 198
7766 7
7767 4
7768 197
7769 7
7770 3
7771 159
7772 147
7773 163
7774 89
7775 4
7776 84
7777 109
7778 110
7779 197
7780 181
7781 67
7782 198
7783 33
7784 197
7785 198
7786 151
7787 181
7788 198
7789 78
7790 163
7791 181
7792 7
7793 63
7794 150
7795 110
7796 8
7797 110
7798 89
7799 243
7800 147
7801 33
7802 147
7803 8
7804 89
7805 110
7806 163
7807 89
7808 197
7809 4
7810 147
7811 63
7812 151
7813 64
7814 163
7815 33
7816 147
7817 198
7818 151
7819 4
7820 181
7821 84
7822 109
7823 135
7824 147
7825 197
7826 64
7827 198
7828 181
7829 181
7830 147
7831 4
7832 78
7833 197
7834 147
7835 181
7836 151
7837 4
7838 151
7839 135
7840 163
7841 163
7842 181
7843 84
7844 181
7845 89
7846 33
7847 198
7848 4
7849 110
7850 4
7851 181
7852 181
7853 135
7854 198
7855 234
7856 89
7857 89
7858 33
7859 151
7860 3
7861 197
7862 78
7863 150
7864 2
7865 198
7866 151
7867 7
7868 9
7869 135
7870 163
7871 197
7872 163
7873 151
7874 33
7875 7
7876 110
7877 110
7878 147
7879 198
7880 147
7881 7
7882 89
7883 2
7884 151
7885 84
7886 163
7887 124
7888 135
7889 63
7890 63
7891 4
7892 151
7893 9
7894 84
7895 84
7896 197
7897 84
7898 33
7899 288
7900 181
7901 7
7902 198
7903 84
7904 110
7905 198
7906 110
7907 109
7908 89
7909 163
7910 147
7911 7
7912 7
7913 197
7914 9
7915 151
7916 151
7917 7
7918 3
7919 160
7920 131
7921 198
7922 197
7923 161
7924 163
7925 89
7926 163
7927 135
7928 109
7929 147
7930 147
7931 181
7932 3
7933 151
7934 84
7935 151
7936 33
7937 181
7938 135
7939 151
7940 151
7941 7
7942 63
7943 3
7944 163
7945 3
7946 63
7947 7
7948 7
7949 162
7950 135
7951 151
7952 33
7953 181
7954 67
7955 163
7956 197
7957 84
7958 124
7959 26
7960 147
7961 198
7962 197
7963 109
7964 84
7965 84
7966 151
7967 198
7968 33
7969 7
7970 197
7971 151
7972 64
7973 84
7974 163
7975 7
7976 3
7977 3
7978 163
7979 84
7980 3
7981 7
7982 7
7983 197
7984 3
7985 78
7986 63
7987 71
7988 198
7989 163
7990 89
7991 231
7992 197
7993 7
7994 110
7995 84
7996 151
7997 89
7998 126
7999 63
8000 17
8001 197
8002 151
8003 33
8004 163
8005 181
8006 197
8007 181
8008 3
8009 135
8010 198
8011 147
8012 84
8013 197
8014 151
8015 9
8016 3
8017 9
8018 9
8019 319
8020 197
8021 4
8022 163
8023 163
8024 33
8025 63
8026 269
8027 89
8028 33
8029 33
8030 163
8031 89
8032 163
8033 198
8034 151
8035 84
8036 84
8037 181
8038 163
8039 90
8040 197
8041 63
8042 151
8043 323
8044 197
8045 147
8046 197
8047 78
8048 151
8049 84
8050 33
8051 147
8052 78
8053 78
8054 259
8055 89
8056 109
8057 197
8058 135
8059 131
8060 63
8061 3
8062 147
8063 197
8064 198
8065 181
8066 197
8067 163
8068 7
8069 78
8070 181
8071 110
8072 8
8073 84
8074 151
8075 3
8076 7
8077 151
8078 147
8079 163
8080 163
8081 163
8082 84
8083 197
8084 197
8085 150
8086 135
8087 147
8088 151
8089 163
8090 151
8091 198
8092 33
8093 7
8094 89
8095 63
8096 7
8097 163
8098 181
8099 4
8100 164
8101 3
8102 163
8103 3
8104 7
8105 89
8106 163
8107 3
8108 163
8109 198
8110 150
8111 181
8112 87
8113 198
8114 181
8115 135
8116 135
8117 135
8118 197
8119 33
8120 64
8121 64
8122 64
8123 64
8124 303
8125 147
8126 63
8127 181
8128 3
8129 3
8130 7
8131 151
8132 7
8133 197
8134 7
8135 3
8136 3
8137 3
8138 163
8139 147
8140 7
8141 3
8142 110
8143 3
8144 198
8145 84
8146 163
8147 3
8148 3
8149 151
8150 3
8151 7
8152 7
8153 181
8154 84
8155 181
8156 139
8157 84
8158 78
8159 3
8160 163
8161 89
8162 3
8163 135
8164 7
8165 151
8166 147
8167 197
8168 84
8169 181
8170 151
8171 33
8172 9
8173 52
8174 198
8175 151
8176 151
8177 147
8178 198
8179 110
8180 163
8181 84
8182 78
8183 109
8184 197
8185 7
8186 197
8187 63
8188 89
8189 163
8190 147
8191 110
8192 4
8193 181
8194 4
8195 151
8196 150
8197 197
8198 151
8199 147
8200 8
8201 84
8202 163
8203 135
8204 135
8205 63
8206 135
8207 147
8208 20
8209 147
8210 165
8211 147
8212 63
8213 147
8214 78
8215 181
8216 198
8217 197
8218 135
8219 84
8220 197
8221 198
8222 110
8223 198
8224 147
8225 84
8226 163
8227 197
8228 110
8229 110
8230 124
8231 151
8232 7
8233 198
8234 63
8235 147
8236 194
8237 33
8238 163
8239 197
8240 151
8241 151
8242 89
8243 33
8244 197
8245 163
8246 198
8247 181
8248 110
8249 63
8250 4
8251 89
8252 198
8253 89
8254 63
8255 181
8256 181
8257 84
8258 135
8259 4
8260 124
8261 197
8262 197
8263 181
8264 135
8265 163
8266 89
8267 131
8268 163
8269 84
8270 181
8271 84
8272 151
8273 131
8274 122
8275 163
8276 181
8277 245
8278 78
8279 84
8280 89
8281 33
8282 163
8283 163
8284 135
8285 197
8286 64
8287 150
8288 151
8289 4
8290 181
8291 26
8292 131
8293 181
8294 181
8295 198
8296 84
8297 163
8298 151
8299 163
8300 151
8301 151
8302 26
8303 163
8304 124
8305 109
8306 166
8307 84
8308 151
8309 198
8310 89
8311 89
8312 89
8313 151
8314 63
8315 89
8316 198
8317 298
8318 63
8319 78
8320 7
8321 135
8322 147
8323 84
8324 197
8325 9
8326 9
8327 89
8328 163
8329 163
8330 181
8331 89
8332 147
8333 7
8334 197
8335 150
8336 7
8337 124
8338 84
8339 33
8340 163
8341 147
8342 198
8343 135
8344 198
8345 135
8346 181
8347 110
8348 135
8349 181
8350 135
8351 84
8352 89
8353 7
8354 151
8355 33
8356 7
8357 135
8358 197
8359 63
8360 3
8361 198
8362 147
8363 163
8364 198
8365 197
8366 198
8367 84
8368 7
8369 181
8370 151
8371 197
8372 89
8373 9
8374 147
8375 198
8376 33
8377 151
8378 3
8379 197
8380 163
8381 163
8382 163
8383 150
8384 198
8385 84
8386 139
8387 78
8388 63
8389 197
8390 265
8391 151
8392 173
8393 124
8394 181
8395 163
8396 150
8397 135
8398 6
8399 167
8400 147
8401 33
8402 84
8403 84
8404 9
8405 266
8406 7
8407 198
8408 198
8409 84
8410 84
8411 109
8412 198
8413 109
8414 84
8415 163
8416 7
8417 163
8418 7
8419 7
8420 3
8421 3
8422 3
8423 3
8424 273
8425 3
8426 197
8427 163
8428 147
8429 4
8430 198
8431 198
8432 163
8433 109
8434 9
8435 123
8436 131
8437 181
8438 198
8439 163
8440 9
8441 9
8442 147
8443 89
8444 135
8445 151
8446 89
8447 7
8448 163
8449 109
8450 168
8451 181
8452 163
8453 197
8454 151
8455 78
8456 63
8457 197
8458 135
8459 92
8460 163
8461 110
8462 16
8463 84
8464 198
8465 135
8466 151
8467 197
8468 63
8469 63
8470 84
8471 6
8472 9
8473 138
8474 163
8475 78
8476 33
8477 135
8478 181
8479 163
8480 163
8481 198
8482 152
8483 163
8484 163
8485 135
8486 110
8487 163
8488 181
8489 196
8490 109
8491 163
8492 197
8493 78
8494 89
8495 110
8496 89
8497 110
8498 163
8499 181
8500 84
8501 147
8502 33
8503 3
8504 4
8505 63
8506 63
8507 135
8508 181
8509 4
8510 4
8511 84
8512 89
8513 84
8514 147
8515 89
8516 89
8517 131
8518 181
8519 78
8520 89
8521 151
8522 181
8523 147
8524 197
8525 110
8526 89
8527 89
8528 7
8529 3
8530 197
8531 3
8532 3
8533 150
8534 63
8535 110
8536 110
8537 110
8538 147
8539 109
8540 163
8541 135
8542 33
8543 151
8544 147
8545 110
8546 124
8547 126
8548 301
8549 198
8550 123
8551 63
8552 3
8553 3
8554 151
8555 3
8556 124
8557 109
8558 33
8559 33
8560 163
8561 78
8562 163
8563 4
8564 4
8565 197
8566 150
8567 33
8568 33
8569 197
8570 151
8571 151
8572 151
8573 163
8574 181
8575 135
8576 197
8577 197
8578 124
8579 84
8580 33
8581 63
8582 163
8583 163
8584 124
8585 3
8586 163
8587 63
8588 163
8589 197
8590 135
8591 135
8592 78
8593 78
8594 3
8595 3
8596 89
8597 151
8598 63
8599 181
8600 151
8601 181
8602 84
8603 151
8604 26
8605 124
8606 84
8607 147
8608 135
8609 4
8610 198
8611 84
8612 84
8613 7
8614 84
8615 110
8616 147
8617 169
8618 4
8619 4
8620 131
8621 170
8622 84
8623 163
8624 3
8625 163
8626 163
8627 124
8628 3
8629 4
8630 198
8631 163
8632 84
8633 163
8634 197
8635 197
8636 3
8637 197
8638 131
8639 89
8640 163
8641 84
8642 135
8643 135
8644 84
8645 84
8646 163
8647 197
8648 9
8649 7
8650 78
8651 124
8652 193
8653 4
8654 110
8655 20
8656 7
8657 7
8658 151
8659 171
8660 197
8661 135
8662 110
8663 135
8664 181
8665 84
8666 63
8667 135
8668 197
8669 163
8670 268
8671 135
8672 26
8673 7
8674 198
8675 198
8676 147
8677 163
8678 147
8679 197
8680 163
8681 78
8682 84
8683 84
8684 110
8685 163
8686 131
8687 8
8688 163
8689 163
8690 197
8691 150
8692 163
8693 181
8694 84
8695 151
8696 84
8697 198
8698 198
8699 78
8700 124
8701 4
8702 135
8703 26
8704 148
8705 33
8706 163
8707 163
8708 135
8709 198
8710 89
8711 163
8712 163
8713 89
8714 198
8715 181
8716 26
8717 84
8718 172
8719 3
8720 198
8721 63
8722 163
8723 198
8724 135
8725 64
8726 89
8727 163
8728 181
8729 163
8730 198
8731 163
8732 197
8733 135
8734 110
8735 7
8736 64
8737 64
8738 64
8739 173
8740 9
8741 163
8742 197
8743 151
8744 151
8745 7
8746 78
8747 197
8748 320
8749 197
8750 9
8751 198
8752 174
8753 110
8754 7
8755 198
8756 147
8757 8
8758 151
8759 4
8760 163
8761 3
8762 175
8763 197
8764 150
8765 150
8766 63
8767 84
8768 163
8769 181
8770 3
8771 198
8772 33
8773 135
8774 84
8775 78
8776 147
8777 147
8778 198
8779 181
8780 4
8781 197
8782 124
8783 188
8784 198
8785 170
8786 151
8787 53
8788 131
8789 78
8790 63
8791 135
8792 109
8793 84
8794 89
8795 9
8796 163
8797 163
8798 38
8799 197
8800 147
8801 84
8802 151
8803 33
8804 197
8805 9
8806 198
8807 131
8808 181
8809 197
8810 124
8811 126
8812 50
8813 33
8814 50
8815 197
8816 135
8817 4
8818 198
8819 135
8820 163
8821 198
8822 89
8823 163
8824 89
8825 133
8826 27
8827 163
8828 151
8829 9
8830 89
8831 4
8832 89
8833 78
8834 85
8835 110
8836 198
8837 135
8838 151
8839 143
8840 84
8841 84
8842 163
8843 33
8844 198
8845 78
8846 171
8847 109
8848 33
8849 163
8850 84
8851 282
8852 147
8853 110
8854 4
8855 197
8856 4
8857 198
8858 110
8859 78
8860 163
8861 197
8862 109
8863 4
8864 163
8865 109
8866 197
8867 33
8868 151
8869 4
8870 4
8871 78
8872 181
8873 176
8874 89
8875 177
8876 99
8877 84
8878 110
8879 198
8880 89
8881 69
8882 9
8883 110
8884 147
8885 198
8886 84
8887 315
8888 7
8889 163
8890 84
8891 63
8892 63
8893 163
8894 63
8895 33
8896 20
8897 3
8898 95
8899 198
8900 197
8901 63
8902 198
8903 84
8904 124
8905 257
8906 2
8907 4
8908 198
8909 109
8910 147
8911 198
8912 163
8913 33
8914 110
8915 163
8916 84
8917 198
8918 181
8919 78
8920 163
8921 197
8922 110
8923 197
8924 4
8925 197
8926 163
8927 63
8928 110
8929 33
8930 150
8931 135
8932 163
8933 110
8934 197
8935 63
8936 163
8937 4
8938 198
8939 151
8940 4
8941 163
8942 9
8943 151
8944 163
8945 89
8946 197
8947 84
8948 84
8949 78
8950 4
8951 197
8952 147
8953 84
8954 84
8955 150
8956 3
8957 197
8958 110
8959 198
8960 181
8961 147
8962 151
8963 4
8964 151
8965 197
8966 198
8967 198
8968 3
8969 32
8970 7
8971 163
8972 84
8973 7
8974 78
8975 7
8976 150
8977 163
8978 163
8979 151
8980 3
8981 3
8982 63
8983 33
8984 84
8985 198
8986 163
8987 89
8988 89
8989 4
8990 163
8991 110
8992 4
8993 4
8994 33
8995 197
8996 78
8997 7
8998 163
8999 198
9000 151
9001 7
9002 163
9003 147
9004 3
9005 315
9006 124
9007 178
9008 33
9009 163
9010 3
9011 197
9012 84
9013 124
9014 9
9015 197
9016 151
9017 89
9018 147
9019 124
9020 163
9021 63
9022 163
9023 198
9024 84
9025 135
9026 151
9027 84
9028 135
9029 135
9030 110
9031 14
9032 198
9033 163
9034 163
9035 151
9036 163
9037 135
9038 197
9039 8
9040 135
9041 163
9042 84
9043 163
9044 181
9045 197
9046 198
9047 84
9048 7
9049 135
9050 89
9051 197
9052 197
9053 163
9054 181
9055 147
9056 181
9057 197
9058 135
9059 163
9060 198
9061 26
9062 89
9063 110
9064 198
9065 181
9066 197
9067 7
9068 197
9069 9
9070 33
9071 163
9072 7
9073 33
9074 198
9075 135
9076 4
9077 84
9078 84
9079 78
9080 7
9081 4
9082 7
9083 64
9084 198
9085 163
9086 7
9087 163
9088 163
9089 78
9090 9
9091 9
9092 181
9093 135
9094 151
9095 89
9096 135
9097 197
9098 181
9099 4
9100 4
9101 109
9102 151
9103 181
9104 89
9105 110
9106 147
9107 254
9108 198
9109 151
9110 181
9111 213
9112 124
9113 50
9114 198
9115 147
9116 89
9117 147
9118 179
9119 109
9120 7
9121 151
9122 197
9123 147
9124 151
9125 89
9126 110
9127 163
9128 89
9129 135
9130 4
9131 198
9132 89
9133 9
9134 33
9135 180
9136 147
9137 33
9138 180
9139 163
9140 163
9141 109
9142 163
9143 33
9144 135
9145 151
9146 124
9147 197
9148 33
9149 163
9150 109
9151 4
9152 163
9153 84
9154 198
9155 139
9156 63
9157 197
9158 109
9159 163
9160 150
9161 7
9162 78
9163 198
9164 150
9165 33
9166 4
9167 89
9168 110
9169 135
9170 110
9171 151
9172 163
9173 9
9174 197
9175 198
9176 89
9177 181
9178 63
9179 63
9180 151
9181 197
9182 135
9183 198
9184 146
9185 198
9186 151
9187 197
9188 78
9189 181
9190 89
9191 84
9192 181
9193 84
9194 84
9195 7
9196 63
9197 198
9198 89
9199 33
9200 163
9201 124
9202 181
9203 4
9204 84
9205 4
9206 163
9207 8
9208 8
9209 4
9210 163
9211 197
9212 198
9213 181
9214 4
9215 197
9216 163
9217 6
9218 197
9219 84
9220 84
9221 151
9222 163
9223 33
9224 89
9225 181
9226 89
9227 262
9228 131
9229 198
9230 163
9231 181
9232 139
9233 135
9234 110
9235 135
9236 9
9237 135
9238 163
9239 4
9240 181
9241 255
9242 198
9243 163
9244 33
9245 33
9246 198
9247 89
9248 89
9249 198
9250 197
9251 198
9252 198
9253 135
9254 78
9255 32
9256 110
9257 9
9258 63
9259 84
9260 135
9261 7
9262 4
9263 4
9264 7
9265 84
9266 110
9267 33
9268 135
9269 163
9270 26
9271 163
9272 33
9273 151
9274 198
9275 9
9276 198
9277 84
9278 84
9279 4
9280 135
9281 135
9282 198
9283 4
9284 151
9285 54
9286 150
9287 78
9288 84
9289 7
9290 89
9291 151
9292 2
9293 7
9294 151
9295 151
9296 163
9297 84
9298 9
9299 182
9300 182
9301 151
9302 151
9303 197
9304 197
9305 89
9306 151
9307 4
9308 84
9309 4
9310 163
9311 163
9312 84
9313 89
9314 79
9315 151
9316 8
9317 147
9318 4
9319 147
9320 198
9321 3
9322 33
9323 198
9324 197
9325 2
9326 109
9327 151
9328 33
9329 89
9330 163
9331 198
9332 163
9333 198
9334 7
9335 147
9336 181
9337 33
9338 33
9339 33
9340 78
9341 90
9342 181
9343 147
9344 151
9345 110
9346 135
9347 181
9348 198
9349 33
9350 163
9351 6
9352 181
9353 163
9354 163
9355 147
9356 26
9357 2
9358 7
9359 89
9360 84
9361 150
9362 4
9363 135
9364 4
9365 197
9366 151
9367 197
9368 181
9369 63
9370 78
9371 4
9372 181
9373 124
9374 151
9375 4
9376 109
9377 110
9378 84
9379 197
9380 163
9381 147
9382 4
9383 78
9384 7
9385 33
9386 163
9387 4
9388 151
9389 163
9390 109
9391 54
9392 147
9393 84
9394 9
9395 110
9396 84
9397 198
9398 198
9399 262
9400 84
9401 109
9402 84
9403 163
9404 151
9405 163
9406 33
9407 151
9408 7
9409 198
9410 198
9411 135
9412 33
9413 226
9414 84
9415 109
9416 198
9417 151
9418 197
9419 33
9420 181
9421 4
9422 151
9423 181
9424 198
9425 198
9426 4
9427 135
9428 84
9429 63
9430 181
9431 181
9432 84
9433 150
9434 63
9435 213
9436 181
9437 197
9438 198
9439 151
9440 151
9441 89
9442 26
9443 151
9444 151
9445 198
9446 4
9447 7
9448 181
9449 135
9450 4
9451 89
9452 151
9453 163
9454 198
9455 109
9456 151
9457 197
9458 151
9459 183
9460 4
9461 2
9462 33
9463 89
9464 89
9465 89
9466 151
9467 84
9468 7
9469 163
9470 4
9471 163
9472 4
9473 45
9474 7
9475 135
9476 197
9477 181
9478 63
9479 131
9480 8
9481 147
9482 184
9483 33
9484 135
9485 78
9486 150
9487 150
9488 181
9489 26
9490 151
9491 151
9492 78
9493 150
9494 181
9495 135
9496 163
9497 181
9498 163
9499 151
9500 198
9501 151
9502 3
9503 78
9504 151
9505 2
9506 163
9507 181
9508 197
9509 181
9510 181
9511 181
9512 84
9513 197
9514 89
9515 4
9516 2
9517 4
9518 131
9519 124
9520 135
9521 181
9522 150
9523 135
9524 163
9525 89
9526 135
9527 84
9528 135
9529 84
9530 131
9531 198
9532 163
9533 151
9534 135
9535 135
9536 197
9537 197
9538 135
9539 84
9540 151
9541 151
9542 163
9543 163
9544 84
9545 7
9546 198
9547 89
9548 151
9549 181
9550 151
9551 110
9552 84
9553 110
9554 163
9555 147
9556 198
9557 73
9558 151
9559 109
9560 147
9561 89
9562 84
9563 4
9564 2
9565 198
9566 109
9567 185
9568 135
9569 4
9570 33
9571 197
9572 163
9573 151
9574 4
9575 197
9576 181
9577 151
9578 135
9579 151
9580 151
9581 6
9582 4
9583 151
9584 198
9585 147
9586 198
9587 9
9588 181
9589 78
9590 181
9591 26
9592 84
9593 84
9594 89
9595 109
9596 63
9597 151
9598 151
9599 163
9600 109
9601 33
9602 198
9603 109
9604 4
9605 197
9606 197
9607 33
9608 84
9609 84
9610 163
9611 163
9612 33
9613 124
9614 197
9615 181
9616 110
9617 198
9618 151
9619 110
9620 89
9621 163
9622 139
9623 150
9624 78
9625 147
9626 63
9627 109
9628 109
9629 110
9630 163
9631 33
9632 4
9633 6
9634 109
9635 78
9636 84
9637 6
9638 4
9639 63
9640 163
9641 89
9642 198
9643 4
9644 40
9645 163
9646 163
9647 84
9648 151
9649 197
9650 135
9651 4
9652 63
9653 63
9654 163
9655 7
9656 124
9657 181
9658 4
9659 198
9660 109
9661 198
9662 197
9663 163
9664 4
9665 4
9666 150
9667 163
9668 110
9669 9
9670 186
9671 147
9672 163
9673 187
9674 197
9675 110
9676 181
9677 198
9678 197
9679 181
9680 3
9681 181
9682 197
9683 84
9684 151
9685 324
9686 181
9687 84
9688 135
9689 273
9690 2
9691 135
9692 78
9693 198
9694 163
9695 135
9696 50
9697 4
9698 78
9699 147
9700 89
9701 198
9702 2
9703 85
9704 198
9705 135
9706 2
9707 135
9708 181
9709 181
9710 181
9711 89
9712 198
9713 151
9714 4
9715 8
9716 163
9717 8
9718 197
9719 78
9720 20
9721 84
9722 84
9723 20
9724 135
9725 181
9726 197
9727 23
9728 151
9729 163
9730 151
9731 63
9732 7
9733 181
9734 139
9735 33
9736 2
9737 135
9738 4
9739 2
9740 197
9741 84
9742 198
9743 198
9744 181
9745 9
9746 150
9747 4
9748 131
9749 78
9750 197
9751 181
9752 84
9753 20
9754 110
9755 14
9756 84
9757 4
9758 198
9759 197
9760 4
9761 163
9762 4
9763 135
9764 110
9765 7
9766 78
9767 4
9768 198
9769 151
9770 163
9771 181
9772 181
9773 135
9774 197
9775 181
9776 197
9777 89
9778 197
9779 198
9780 33
9781 3
9782 135
9783 163
9784 198
9785 151
9786 197
9787 198
9788 124
9789 135
9790 163
9791 63
9792 197
9793 151
9794 63
9795 84
9796 163
9797 20
9798 181
9799 181
9800 89
9801 33
9802 78
9803 7
9804 188
9805 84
9806 7
9807 110
9808 4
9809 197
9810 124
9811 197
9812 8
9813 135
9814 198
9815 89
9816 151
9817 63
9818 78
9819 84
9820 110
9821 135
9822 151
9823 9
9824 163
9825 150
9826 147
9827 155
9828 197
9829 3
9830 135
9831 135
9832 198
9833 84
9834 181
9835 103
9836 181
9837 150
9838 151
9839 163
9840 64
9841 151
9842 135
9843 151
9844 4
9845 84
9846 4
9847 198
9848 4
9849 197
9850 4
9851 110
9852 84
9853 198
9854 198
9855 151
9856 78
9857 198
9858 173
9859 197
9860 151
9861 147
9862 198
9863 198
9864 198
9865 163
9866 198
9867 198
9868 135
9869 135
9870 33
9871 184
9872 151
9873 181
9874 64
9875 78
9876 9
9877 273
9878 147
9879 147
9880 163
9881 197
9882 151
9883 181
9884 197
9885 84
9886 163
9887 197
9888 84
9889 189
9890 135
9891 89
9892 124
9893 63
9894 8
9895 4
9896 110
9897 110
9898 198
9899 198
9900 78
9901 2
9902 6
9903 163
9904 163
9905 147
9906 135
9907 4
9908 4
9909 135
9910 163
9911 163
9912 147
9913 33
9914 7
9915 4
9916 4
9917 84
9918 84
9919 197
9920 78
9921 149
9922 147
9923 78
9924 20
9925 84
9926 84
9927 151
9928 151
9929 135
9930 233
9931 124
9932 197
9933 163
9934 84
9935 131
9936 163
9937 9
9938 84
9939 9
9940 89
9941 84
9942 151
9943 151
9944 78
9945 9
9946 110
9947 147
9948 4
9949 163
9950 163
9951 124
9952 163
9953 84
9954 6
9955 181
9956 163
9957 198
9958 89
9959 197
9960 4
9961 198
9962 78
9963 181
9964 33
9965 151
9966 4
9967 197
9968 181
9969 198
9970 33
9971 3
9972 197
9973 197
9974 197
9975 198
9976 135
9977 163
9978 181
9979 20
9980 197
9981 181
9982 4
9983 20
9984 197
9985 163
9986 151
9987 147
9988 63
9989 197
9990 139
9991 6
9992 197
9993 109
9994 181
9995 63
9996 89
9997 9
9998 197
9999 110
10000 89
10001 84
10002 20
10003 150
10004 151
10005 4
10006 181
10007 181
10008 146
10009 163
10010 4
10011 135
10012 181
10013 181
10014 84
10015 190
10016 163
10017 198
10018 151
10019 131
10020 181
10021 151
10022 63
10023 7
10024 163
10025 198
10026 3
10027 163
10028 198
10029 7
10030 89
10031 7
10032 7
10033 197
10034 151
10035 163
10036 84
10037 163
10038 163
10039 150
10040 147
10041 4
10042 147
10043 151
10044 191
10045 3
10046 151
10047 181
10048 33
10049 4
10050 33
10051 110
10052 181
10053 124
10054 33
10055 163
10056 150
10057 151
10058 163
10059 84
10060 139
10061 151
10062 151
10063 151
10064 4
10065 131
10066 181
10067 17
10068 151
10069 197
10070 84
10071 163
10072 89
10073 7
10074 151
10075 151
10076 4
10077 163
10078 198
10079 3
10080 181
10081 163
10082 197
10083 151
10084 163
10085 151
10086 198
10087 163
10088 135
10089 89
10090 4
10091 198
10092 197
10093 198
10094 109
10095 147
10096 147
10097 150
10098 89
10099 192
10100 193
10101 181
10102 9
10103 198
10104 151
10105 151
10106 3
10107 124
10108 84
10109 198
10110 84
10111 84
10112 7
10113 7
10114 20
10115 89
10116 3
10117 3
10118 163
10119 3
10120 3
10121 4
10122 163
10123 147
10124 109
10125 151
10126 78
10127 3
10128 151
10129 163
10130 323
10131 78
10132 26
10133 64
10134 110
10135 198
10136 135
10137 8
10138 198
10139 198
10140 135
10141 135
10142 151
10143 181
10144 124
10145 163
10146 181
10147 163
10148 84
10149 181
10150 84
10151 163
10152 163
10153 181
10154 64
10155 2
10156 2
10157 33
10158 163
10159 147
10160 135
10161 150
10162 2
10163 33
10164 151
10165 163
10166 147
10167 198
10168 151
10169 33
10170 63
10171 163
10172 135
10173 89
10174 194
10175 72
10176 146
10177 7
10178 163
10179 33
10180 147
10181 163
10182 163
10183 163
10184 197
10185 197
10186 181
10187 4
10188 4
10189 33
10190 33
10191 151
10192 4
10193 163
10194 181
10195 63
10196 147
10197 150
10198 163
10199 151
10200 198
10201 2
10202 135
10203 163
10204 163
10205 323
10206 197
10207 33
10208 3
10209 151
10210 181
10211 109
10212 4
10213 60
10214 89
10215 4
10216 195
10217 89
10218 196
10219 110
10220 135
10221 163
10222 163
10223 33
10224 150
10225 4
10226 4
10227 151
10228 151
10229 33
10230 163
10231 4
10232 197
10233 9
10234 4
10235 89
10236 131
10237 7
10238 110
10239 197
10240 197
10241 9
10242 4
10243 151
10244 7
10245 84
10246 33
10247 84
10248 163
10249 163
10250 147
10251 110
10252 89
10253 4
10254 197
10255 198
10256 4
10257 113
10258 151
10259 3
10260 197
10261 63
10262 4
10263 181
10264 89
10265 198
10266 198
10267 151
10268 147
10269 78
10270 147
10271 33
10272 163
10273 198
10274 198
10275 198
10276 198
10277 7
10278 124
10279 163
10280 63
10281 33
10282 198
10283 4
10284 198
10285 4
10286 197
10287 181
10288 135
10289 9
10290 78
10291 33
10292 110
10293 84
10294 26
10295 163
10296 139
10297 63
10298 198
10299 198
10300 10
10301 8
10302 33
10303 198
10304 110
10305 151
10306 84
10307 151
10308 84
10309 147
10310 147
10311 147
10312 109
10313 89
10314 151
10315 197
10316 198
10317 78
10318 181
10319 84
10320 110
10321 135
10322 163
10323 150
10324 135
10325 84
10326 7
10327 135
10328 197
10329 198
10330 4
10331 33
10332 2
10333 198
10334 63
10335 197
10336 131
10337 4
10338 181
10339 199
10340 211
10341 33
10342 4
10343 197
10344 89
10345 198
10346 198
10347 198
10348 181
10349 63
10350 151
10351 78
10352 84
10353 89
10354 163
10355 4
10356 135
10357 33
10358 163
10359 147
10360 4
10361 7
10362 163
10363 89
10364 198
10365 181
10366 147
10367 163
10368 181
10369 197
10370 7
10371 163
10372 78
10373 4
10374 151
10375 4
10376 151
10377 3
10378 135
10379 163
10380 197
10381 4
10382 9
10383 200
10384 135
10385 33
10386 78
10387 181
10388 151
10389 2
10390 151
10391 198
10392 181
10393 155
10394 163
10395 151
10396 163
10397 223
10398 84
10399 198
10400 151
10401 4
10402 4
10403 197
10404 197
10405 110
10406 84
10407 198
10408 181
10409 84
10410 89
10411 151
10412 151
10413 147
10414 6
10415 163
10416 33
10417 151
10418 198
10419 4
10420 109
10421 81
10422 181
10423 8
10424 163
10425 163
10426 7
10427 198
10428 198
10429 201
10430 4
10431 147
10432 211
10433 131
10434 131
10435 135
10436 197
10437 135
10438 4
10439 181
10440 26
10441 198
10442 198
10443 163
10444 7
10445 202
10446 198
10447 135
10448 7
10449 4
10450 7
10451 163
10452 198
10453 181
10454 26
10455 89
10456 3
10457 151
10458 151
10459 110
10460 158
10461 197
10462 151
10463 147
10464 84
10465 147
10466 151
10467 198
10468 4
10469 33
10470 147
10471 197
10472 89
10473 4
10474 163
10475 110
10476 181
10477 84
10478 163
10479 9
10480 78
10481 198
10482 198
10483 110
10484 89
10485 124
10486 163
10487 7
10488 3
10489 56
10490 78
10491 181
10492 9
10493 84
10494 84
10495 197
10496 84
10497 147
10498 150
10499 126
10500 124
10501 273
10502 151
10503 151
10504 181
10505 63
10506 181
10507 4
10508 198
10509 181
10510 181
10511 198
10512 89
10513 181
10514 4
10515 4
10516 84
10517 198
10518 9
10519 151
10520 33
10521 78
10522 151
10523 197
10524 83
10525 7
10526 110
10527 7
10528 7
10529 3
10530 3
10531 3
10532 7
10533 7
10534 151
10535 163
10536 7
10537 3
10538 3
10539 3
10540 163
10541 7
10542 3
10543 3
10544 163
10545 7
10546 7
10547 163
10548 3
10549 3
10550 7
10551 163
10552 163
10553 89
10554 4
10555 163
10556 110
10557 181
10558 163
10559 198
10560 163
10561 147
10562 181
10563 4
10564 89
10565 197
10566 84
10567 3
10568 181
10569 109
10570 181
10571 151
10572 89
10573 4
10574 3
10575 187
10576 89
10577 181
10578 78
10579 78
10580 80
10581 104
10582 181
10583 8
10584 163
10585 197
10586 33
10587 9
10588 3
10589 198
10590 4
10591 33
10592 89
10593 151
10594 147
10595 9
10596 135
10597 110
10598 4
10599 181
10600 163
10601 151
10602 4
10603 89
10604 110
10605 181
10606 26
10607 63
10608 181
10609 198
10610 198
10611 222
10612 151
10613 84
10614 181
10615 198
10616 163
10617 198
10618 110
10619 7
10620 131
10621 84
10622 17
10623 4
10624 198
10625 4
10626 84
10627 226
10628 135
10629 151
10630 26
10631 197
10632 8
10633 198
10634 4
10635 163
10636 163
10637 110
10638 147
10639 84
10640 135
10641 150
10642 150
10643 4
10644 4
10645 9
10646 135
10647 151
10648 181
10649 7
10650 89
10651 135
10652 197
10653 84
10654 135
10655 150
10656 89
10657 198
10658 151
10659 150
10660 135
10661 139
10662 163
10663 181
10664 84
10665 89
10666 181
10667 181
10668 163
10669 135
10670 20
10671 150
10672 89
10673 33
10674 181
10675 89
10676 181
10677 4
10678 84
10679 197
10680 89
10681 135
10682 110
10683 181
10684 197
10685 135
10686 151
10687 3
10688 181
10689 109
10690 84
10691 135
10692 89
10693 89
10694 4
10695 197
10696 7
10697 4
10698 89
10699 7
10700 89
10701 135
10702 181
10703 197
10704 198
10705 89
10706 8
10707 84
10708 181
10709 135
10710 197
10711 197
10712 110
10713 109
10714 110
10715 89
10716 181
10717 78
10718 151
10719 20
10720 150
10721 89
10722 150
10723 197
10724 33
10725 7
10726 147
10727 181
10728 63
10729 197
10730 147
10731 150
10732 147
10733 147
10734 198
10735 84
10736 63
10737 33
10738 4
10739 4
10740 151
10741 147
10742 2
10743 110
10744 3
10745 135
10746 151
10747 181
10748 181
10749 147
10750 147
10751 163
10752 181
10753 151
10754 20
10755 85
10756 163
10757 181
10758 63
10759 33
10760 84
10761 197
10762 197
10763 8
10764 8
10765 84
10766 135
10767 33
10768 181
10769 198
10770 163
10771 198
10772 4
10773 9
10774 4
10775 135
10776 181
10777 150
10778 163
10779 147
10780 147
10781 204
10782 15
10783 135
10784 197
10785 197
10786 4
10787 4
10788 151
10789 181
10790 4
10791 147
10792 197
10793 135
10794 181
10795 163
10796 110
10797 26
10798 16
10799 151
10800 163
10801 163
10802 110
10803 135
10804 163
10805 198
10806 197
10807 198
10808 33
10809 151
10810 151
10811 4
10812 198
10813 151
10814 84
10815 197
10816 89
10817 197
10818 198
10819 197
10820 151
10821 126
10822 72
10823 135
10824 4
10825 84
10826 151
10827 150
10828 135
10829 198
10830 4
10831 151
10832 110
10833 197
10834 150
10835 197
10836 151
10837 181
10838 151
10839 135
10840 26
10841 4
10842 63
10843 181
10844 7
10845 131
10846 33
10847 4
10848 181
10849 163
10850 4
10851 151
10852 163
10853 2
10854 197
10855 84
10856 4
10857 181
10858 84
10859 84
10860 163
10861 163
10862 151
10863 198
10864 198
10865 151
10866 163
10867 181
10868 110
10869 135
10870 4
10871 33
10872 151
10873 33
10874 163
10875 198
10876 198
10877 163
10878 64
10879 63
10880 4
10881 89
10882 163
10883 198
10884 4
10885 64
10886 84
10887 33
10888 163
10889 163
10890 4
10891 198
10892 110
10893 197
10894 147
10895 181
10896 151
10897 33
10898 4
10899 7
10900 84
10901 84
10902 4
10903 163
10904 198
10905 135
10906 78
10907 78
10908 163
10909 163
10910 20
10911 4
10912 84
10913 110
10914 110
10915 98
10916 4
10917 147
10918 163
10919 181
10920 147
10921 147
10922 147
10923 89
10924 198
10925 163
10926 147
10927 172
10928 147
10929 163
10930 135
10931 78
10932 181
10933 63
10934 89
10935 181
10936 124
10937 8
10938 135
10939 151
10940 151
10941 163
10942 89
10943 163
10944 64
10945 4
10946 198
10947 322
10948 4
10949 151
10950 84
10951 8
10952 4
10953 198
10954 84
10955 147
10956 4
10957 84
10958 197
10959 89
10960 163
10961 4
10962 151
10963 198
10964 135
10965 63
10966 84
10967 8
10968 181
10969 4
10970 4
10971 135
10972 33
10973 197
10974 4
10975 33
10976 4
10977 205
10978 151
10979 33
10980 135
10981 84
10982 197
10983 198
10984 163
10985 197
10986 163
10987 151
10988 163
10989 4
10990 198
10991 198
10992 56
10993 9
10994 4
10995 181
10996 198
10997 163
10998 181
10999 181
11000 197
11001 9
11002 131
11003 26
11004 147
11005 181
11006 63
11007 84
11008 139
11009 110
11010 163
11011 4
11012 147
11013 163
11014 181
11015 4
11016 197
11017 273
11018 197
11019 6
11020 181
11021 198
11022 84
11023 198
11024 135
11025 197
11026 84
11027 151
11028 181
11029 110
11030 147
11031 163
11032 89
11033 163
11034 151
11035 4
11036 110
11037 33
11038 4
11039 89
11040 84
11041 197
11042 198
11043 4
11044 147
11045 163
11046 163
11047 198
11048 198
11049 181
11050 198
11051 135
11052 24
11053 33
11054 9
11055 163
11056 63
11057 7
11058 9
11059 89
11060 181
11061 163
11062 8
11063 163
11064 3
11065 110
11066 181
11067 135
11068 181
11069 154
11070 197
11071 181
11072 78
11073 84
11074 3
11075 110
11076 89
11077 7
11078 7
11079 7
11080 147
11081 7
11082 84
11083 84
11084 181
11085 7
11086 163
11087 150
11088 163
11089 163
11090 2
11091 181
11092 4
11093 2
11094 4
11095 9
11096 150
11097 147
11098 135
11099 78
11100 163
11101 124
11102 9
11103 84
11104 198
11105 64
11106 64
11107 293
11108 198
11109 131
11110 163
11111 84
11112 63
11113 4
11114 64
11115 7
11116 7
11117 4
11118 7
11119 151
11120 84
11121 163
11122 7
11123 197
11124 206
11125 163
11126 3
11127 9
11128 151
11129 163
11130 7
11131 139
11132 147
11133 9
11134 198
11135 3
11136 7
11137 3
11138 3
11139 147
11140 3
11141 7
11142 151
11143 163
11144 3
11145 7
11146 197
11147 3
11148 3
11149 7
11150 197
11151 4
11152 207
11153 7
11154 7
11155 3
11156 163
11157 151
11158 163
11159 63
11160 3
11161 7
11162 3
11163 78
11164 181
11165 110
11166 33
11167 181
11168 84
11169 3
11170 63
11171 198
11172 181
11173 36
11174 8
11175 151
11176 163
11177 8
11178 84
11179 33
11180 4
11181 4
11182 181
11183 84
11184 181
11185 151
11186 4
11187 151
11188 197
11189 197
11190 84
11191 151
11192 197
11193 197
11194 163
11195 89
11196 198
11197 131
11198 181
11199 151
11200 110
11201 84
11202 63
11203 208
11204 3
11205 124
11206 163
11207 84
11208 198
11209 163
11210 4
11211 8
11212 110
11213 4
11214 151
11215 163
11216 135
11217 147
11218 198
11219 4
11220 181
11221 163
11222 151
11223 89
11224 147
11225 64
11226 135
11227 124
11228 33
11229 9
11230 4
11231 150
11232 3
11233 198
11234 4
11235 181
11236 198
11237 109
11238 163
11239 26
11240 181
11241 9
11242 197
11243 108
11244 110
11245 89
11246 84
11247 151
11248 7
11249 33
11250 4
11251 135
11252 198
11253 163
11254 4
11255 84
11256 89
11257 4
11258 78
11259 89
11260 198
11261 26
11262 163
11263 84
11264 151
11265 8
11266 163
11267 9
11268 198
11269 109
11270 198
11271 9
11272 135
11273 197
11274 197
11275 7
11276 198
11277 163
11278 110
11279 198
11280 89
11281 7
11282 198
11283 4
11284 163
11285 151
11286 7
11287 151
11288 181
11289 4
11290 197
11291 181
11292 131
11293 197
11294 135
11295 110
11296 181
11297 20
11298 89
11299 7
11300 151
11301 147
11302 181
11303 181
11304 197
11305 3
11306 131
11307 197
11308 4
11309 33
11310 33
11311 124
11312 4
11313 181
11314 209
11315 6
11316 33
11317 6
11318 89
11319 147
11320 33
11321 110
11322 197
11323 151
11324 64
11325 84
11326 135
11327 63
11328 4
11329 33
11330 198
11331 198
11332 198
11333 4
11334 135
11335 198
11336 163
11337 163
11338 163
11339 198
11340 163
11341 198
11342 226
11343 109
11344 63
11345 2
11346 181
11347 163
11348 181
11349 147
11350 7
11351 151
11352 197
11353 84
11354 7
11355 163
11356 7
11357 150
11358 89
11359 3
11360 63
11361 3
11362 3
11363 4
11364 64
11365 3
11366 163
11367 181
11368 4
11369 3
11370 147
11371 198
11372 7
11373 7
11374 6
11375 210
11376 163
11377 93
11378 84
11379 198
11380 56
11381 198
11382 151
11383 198
11384 4
11385 4
11386 147
11387 28
11388 7
11389 135
11390 147
11391 181
11392 150
11393 135
11394 163
11395 163
11396 63
11397 135
11398 33
11399 26
11400 78
11401 151
11402 33
11403 135
11404 144
11405 2
11406 197
11407 4
11408 4
11409 4
11410 33
11411 3
11412 111
11413 131
11414 151
11415 7
11416 151
11417 147
11418 89
11419 110
11420 108
11421 84
11422 197
11423 163
11424 147
11425 6
11426 181
11427 151
11428 84
11429 181
11430 147
11431 63
11432 63
11433 3
11434 7
11435 9
11436 163
11437 4
11438 4
11439 17
11440 147
11441 4
11442 135
11443 151
11444 181
11445 78
11446 4
11447 4
11448 198
11449 3
11450 213
11451 151
11452 151
11453 198
11454 198
11455 4
11456 181
11457 89
11458 4
11459 147
11460 197
11461 181
11462 147
11463 151
11464 89
11465 181
11466 197
11467 89
11468 181
11469 84
11470 147
11471 147
11472 238
11473 147
11474 89
11475 78
11476 33
11477 135
11478 33
11479 78
11480 109
11481 109
11482 181
11483 84
11484 4
11485 197
11486 33
11487 150
11488 150
11489 9
11490 33
11491 163
11492 63
11493 7
11494 4
11495 147
11496 110
11497 163
11498 78
11499 151
11500 139
11501 151
11502 89
11503 147
11504 197
11505 124
11506 151
11507 150
11508 110
11509 135
11510 89
11511 78
11512 151
11513 163
11514 110
11515 109
11516 181
11517 109
11518 109
11519 181
11520 147
11521 7
11522 151
11523 151
11524 135
11525 198
11526 4
11527 197
11528 163
11529 151
11530 181
11531 110
11532 163
11533 163
11534 198
11535 122
11536 164
11537 163
11538 151
11539 33
11540 64
11541 64
11542 198
11543 211
11544 7
11545 3
11546 4
11547 7
11548 110
11549 163
11550 7
11551 181
11552 181
11553 26
11554 3
11555 197
11556 198
11557 151
11558 3
11559 78
11560 4
11561 197
11562 4
11563 89
11564 181
11565 198
11566 197
11567 33
11568 4
11569 181
11570 150
11571 89
11572 181
11573 4
11574 4
11575 212
11576 181
11577 20
11578 84
11579 198
11580 147
11581 147
11582 151
11583 84
11584 198
11585 198
11586 33
11587 213
11588 163
11589 84
11590 9
11591 64
11592 64
11593 150
11594 4
11595 198
11596 151
11597 214
11598 163
11599 214
11600 163
11601 63
11602 197
11603 135
11604 197
11605 109
11606 7
11607 215
11608 4
11609 216
11610 197
11611 63
11612 89
11613 203
11614 181
11615 181
11616 33
11617 63
11618 151
11619 4
11620 4
11621 181
11622 198
11623 84
11624 198
11625 163
11626 131
11627 198
11628 3
11629 151
11630 181
11631 7
11632 3
11633 8
11634 163
11635 151
11636 163
11637 3
11638 63
11639 151
11640 7
11641 197
11642 131
11643 163
11644 181
11645 197
11646 181
11647 7
11648 198
11649 135
11650 135
11651 135
11652 135
11653 3
11654 135
11655 197
11656 3
11657 3
11658 3
11659 63
11660 3
11661 3
11662 151
11663 181
11664 63
11665 7
11666 3
11667 147
11668 7
11669 4
11670 151
11671 150
11672 197
11673 84
11674 7
11675 135
11676 3
11677 163
11678 197
11679 84
11680 89
11681 7
11682 7
11683 151
11684 163
11685 212
11686 197
11687 163
11688 84
11689 197
11690 7
11691 181
11692 9
11693 135
11694 63
11695 181
11696 33
11697 63
11698 4
11699 26
11700 150
11701 197
11702 150
11703 197
11704 151
11705 181
11706 135
11707 110
11708 151
11709 325
11710 151
11711 60
11712 26
11713 206
11714 3
11715 181
11716 4
11717 198
11718 181
11719 181
11720 110
11721 110
11722 103
11723 151
11724 7
11725 151
11726 33
11727 151
11728 151
11729 26
11730 4
11731 4
11732 163
11733 163
11734 3
11735 163
11736 78
11737 110
11738 198
11739 151
11740 163
11741 163
11742 96
11743 89
11744 109
11745 181
11746 9
11747 64
11748 84
11749 4
11750 84
11751 181
11752 84
11753 135
11754 150
11755 135
11756 198
11757 2
11758 150
11759 198
11760 163
11761 151
11762 198
11763 4
11764 147
11765 135
11766 84
11767 84
11768 163
11769 213
11770 163
11771 131
11772 63
11773 4
11774 33
11775 3
11776 84
11777 147
11778 147
11779 78
11780 110
11781 197
11782 84
11783 33
11784 150
11785 84
11786 33
11787 7
11788 7
11789 197
11790 181
11791 84
11792 7
11793 8
11794 181
11795 150
11796 163
11797 84
11798 7
11799 89
11800 110
11801 197
11802 163
11803 4
11804 9
11805 151
11806 89
11807 67
11808 217
11809 147
11810 151
11811 151
11812 198
11813 197
11814 4
11815 4
11816 4
11817 151
11818 180
11819 147
11820 151
11821 151
11822 84
11823 152
11824 198
11825 135
11826 198
11827 150
11828 84
11829 84
11830 197
11831 147
11832 163
11833 163
11834 110
11835 33
11836 147
11837 63
11838 198
11839 110
11840 198
11841 151
11842 135
11843 89
11844 163
11845 110
11846 110
11847 151
11848 89
11849 4
11850 89
11851 9
11852 197
11853 63
11854 26
11855 151
11856 181
11857 4
11858 4
11859 84
11860 151
11861 150
11862 163
11863 285
11864 78
11865 78
11866 163
11867 163
11868 197
11869 110
11870 110
11871 151
11872 147
11873 33
11874 181
11875 4
11876 151
11877 131
11878 135
11879 9
11880 151
11881 197
11882 198
11883 198
11884 163
11885 6
11886 4
11887 63
11888 197
11889 103
11890 315
11891 197
11892 151
11893 4
11894 110
11895 126
11896 197
11897 198
11898 197
11899 151
11900 6
11901 135
11902 126
11903 4
11904 4
11905 135
11906 84
11907 89
11908 33
11909 139
11910 163
11911 151
11912 89
11913 151
11914 7
11915 197
11916 3
11917 20
11918 9
11919 84
11920 198
11921 3
11922 78
11923 3
11924 6
11925 7
11926 7
11927 197
11928 89
11929 7
11930 3
11931 3
11932 163
11933 3
11934 3
11935 7
11936 3
11937 135
11938 110
11939 197
11940 110
11941 218
11942 197
11943 151
11944 89
11945 150
11946 89
11947 163
11948 163
11949 33
11950 181
11951 163
11952 89
11953 3
11954 163
11955 197
11956 3
11957 197
11958 181
11959 198
11960 109
11961 163
11962 181
11963 3
11964 7
11965 135
11966 33
11967 7
11968 151
11969 63
11970 4
11971 197
11972 89
11973 20
11974 89
11975 135
11976 4
11977 78
11978 63
11979 2
11980 151
11981 151
11982 181
11983 84
11984 3
11985 151
11986 4
11987 84
11988 8
11989 33
11990 181
11991 197
11992 151
11993 89
11994 7
11995 198
11996 78
11997 8
11998 198
11999 110
12000 181
12001 135
12002 3
12003 163
12004 33
12005 6
12006 181
12007 197
12008 43
12009 89
12010 197
12011 78
12012 198
12013 33
12014 181
12015 198
12016 110
12017 198
12018 8
12019 219
12020 198
12021 3
12022 84
12023 151
12024 78
12025 3
12026 33
12027 151
12028 124
12029 197
12030 163
12031 181
12032 181
12033 89
12034 181
12035 63
12036 78
12037 163
12038 151
12039 198
12040 9
12041 147
12042 78
12043 198
12044 7
12045 151
12046 163
12047 78
12048 9
12049 163
12050 135
12051 89
12052 33
12053 135
12054 25
12055 181
12056 147
12057 181
12058 181
12059 139
12060 78
12061 163
12062 163
12063 9
12064 19
12065 89
12066 8
12067 64
12068 198
12069 33
12070 4
12071 6
12072 89
12073 151
12074 197
12075 197
12076 151
12077 181
12078 78
12079 84
12080 89
12081 8
12082 197
12083 253
12084 181
12085 84
12086 110
12087 84
12088 64
12089 84
12090 181
12091 198
12092 198
12093 147
12094 198
12095 198
12096 3
12097 197
12098 198
12099 181
12100 197
12101 163
12102 3
12103 198
12104 20
12105 109
12106 197
12107 197
12108 7
12109 110
12110 198
12111 135
12112 197
12113 84
12114 135
12115 84
12116 198
12117 148
12118 7
12119 4
12120 151
12121 7
12122 110
12123 20
12124 33
12125 3
12126 197
12127 7
12128 197
12129 151
12130 197
12131 135
12132 126
12133 147
12134 110
12135 151
12136 150
12137 89
12138 163
12139 181
12140 4
12141 84
12142 84
12143 4
12144 84
12145 33
12146 64
12147 197
12148 150
12149 4
12150 63
12151 163
12152 197
12153 33
12154 163
12155 33
12156 181
12157 163
12158 4
12159 126
12160 163
12161 3
12162 7
12163 163
12164 198
12165 64
12166 7
12167 147
12168 197
12169 198
12170 147
12171 78
12172 63
12173 3
12174 135
12175 181
12176 151
12177 4
12178 3
12179 3
12180 4
12181 163
12182 3
12183 181
12184 7
12185 78
12186 33
12187 197
12188 198
12189 63
12190 7
12191 7
12192 163
12193 3
12194 7
12195 7
12196 139
12197 7
12198 78
12199 3
12200 3
12201 3
12202 3
12203 78
12204 3
12205 197
12206 7
12207 135
12208 197
12209 7
12210 151
12211 3
12212 163
12213 135
12214 63
12215 3
12216 3
12217 150
12218 3
12219 165
12220 3
12221 63
12222 3
12223 163
12224 3
12225 181
12226 3
12227 63
12228 181
12229 3
12230 3
12231 3
12232 7
12233 3
12234 84
12235 131
12236 163
12237 84
12238 9
12239 131
12240 151
12241 135
12242 110
12243 163
12244 197
12245 150
12246 163
12247 151
12248 203
12249 151
12250 84
12251 33
12252 198
12253 7
12254 198
12255 9
12256 4
12257 84
12258 135
12259 181
12260 84
12261 33
12262 151
12263 4
12264 163
12265 135
12266 4
12267 84
12268 4
12269 163
12270 198
12271 63
12272 135
12273 84
12274 151
12275 84
12276 197
12277 198
12278 220
12279 3
12280 181
12281 4
12282 197
12283 3
12284 7
12285 3
12286 151
12287 181
12288 3
12289 197
12290 84
12291 197
12292 163
12293 110
12294 151
12295 89
12296 89
12297 3
12298 7
12299 3
12300 4
12301 181
12302 7
12303 163
12304 181
12305 3
12306 197
12307 2
12308 163
12309 84
12310 147
12311 124
12312 279
12313 84
12314 197
12315 151
12316 26
12317 20
12318 78
12319 163
12320 163
12321 63
12322 7
12323 12
12324 163
12325 151
12326 33
12327 147
12328 9
12329 187
12330 163
12331 63
12332 7
12333 33
12334 181
12335 150
12336 33
12337 163
12338 4
12339 26
12340 84
12341 163
12342 181
12343 6
12344 78
12345 8
12346 198
12347 198
12348 3
12349 9
12350 7
12351 181
12352 84
12353 147
12354 163
12355 89
12356 6
12357 151
12358 181
12359 84
12360 163
12361 181
12362 109
12363 33
12364 181
12365 135
12366 7
12367 198
12368 4
12369 197
12370 198
12371 33
12372 163
12373 198
12374 221
12375 249
12376 150
12377 4
12378 89
12379 110
12380 135
12381 181
12382 135
12383 4
12384 89
12385 78
12386 33
12387 110
12388 163
12389 163
12390 151
12391 163
12392 163
12393 197
12394 7
12395 151
12396 198
12397 197
12398 63
12399 162
12400 33
12401 150
12402 197
12403 4
12404 163
12405 135
12406 197
12407 89
12408 84
12409 3
12410 3
12411 7
12412 33
12413 181
12414 84
12415 181
12416 63
12417 4
12418 181
12419 181
12420 84
12421 151
12422 197
12423 151
12424 84
12425 181
12426 181
12427 84
12428 163
12429 110
12430 150
12431 33
12432 197
12433 3
12434 3
12435 63
12436 26
12437 163
12438 63
12439 163
12440 3
12441 7
12442 181
12443 5
12444 163
12445 89
12446 135
12447 131
12448 95
12449 131
12450 78
12451 151
12452 198
12453 198
12454 197
12455 163
12456 150
12457 163
12458 163
12459 3
12460 163
12461 84
12462 135
12463 124
12464 4
12465 151
12466 110
12467 181
12468 84
12469 4
12470 89
12471 197
12472 147
12473 78
12474 4
12475 197
12476 78
12477 147
12478 151
12479 147
12480 181
12481 33
12482 147
12483 135
12484 84
12485 84
12486 181
12487 163
12488 4
12489 151
12490 197
12491 147
12492 3
12493 198
12494 131
12495 198
12496 33
12497 151
12498 197
12499 151
12500 33
12501 64
12502 163
12503 63
12504 89
12505 197
12506 163
12507 64
12508 2
12509 7
12510 135
12511 4
12512 9
12513 89
12514 163
12515 163
12516 198
12517 8
12518 84
12519 58
12520 4
12521 163
12522 150
12523 84
12524 197
12525 26
12526 103
12527 198
12528 147
12529 4
12530 163
12531 89
12532 198
12533 78
12534 163
12535 110
12536 8
12537 78
12538 147
12539 4
12540 163
12541 126
12542 181
12543 198
12544 163
12545 139
12546 163
12547 198
12548 4
12549 64
12550 197
12551 147
12552 163
12553 198
12554 163
12555 151
12556 63
12557 84
12558 198
12559 163
12560 4
12561 9
12562 135
12563 9
12564 163
12565 181
12566 84
12567 197
12568 63
12569 4
12570 124
12571 109
12572 7
12573 151
12574 163
12575 84
12576 222
12577 198
12578 198
12579 4
12580 163
12581 33
12582 198
12583 84
12584 163
12585 78
12586 78
12587 198
12588 135
12589 84
12590 147
12591 9
12592 78
12593 163
12594 151
12595 9
12596 84
12597 33
12598 26
12599 110
12600 147
12601 9
12602 97
12603 163
12604 163
12605 64
12606 197
12607 98
12608 163
12609 151
12610 64
12611 150
12612 163
12613 151
12614 63
12615 89
12616 198
12617 163
12618 124
12619 9
12620 2
12621 198
12622 224
12623 124
12624 197
12625 163
12626 198
12627 139
12628 4
12629 84
12630 33
12631 89
12632 135
12633 9
12634 150
12635 198
12636 163
12637 63
12638 63
12639 4
12640 135
12641 110
12642 150
12643 33
12644 225
12645 63
12646 181
12647 8
12648 197
12649 163
12650 198
12651 198
12652 84
12653 163
12654 84
12655 147
12656 9
12657 7
12658 181
12659 151
12660 150
12661 151
12662 135
12663 197
12664 110
12665 9
12666 163
12667 151
12668 26
12669 181
12670 6
12671 181
12672 151
12673 33
12674 4
12675 151
12676 163
12677 181
12678 198
12679 197
12680 198
12681 135
12682 2
12683 151
12684 4
12685 84
12686 163
12687 109
12688 151
12689 197
12690 197
12691 163
12692 163
12693 89
12694 63
12695 33
12696 147
12697 150
12698 197
12699 147
12700 198
12701 64
12702 89
12703 135
12704 197
12705 84
12706 197
12707 4
12708 135
12709 7
12710 150
12711 181
12712 26
12713 7
12714 9
12715 89
12716 163
12717 163
12718 147
12719 139
12720 63
12721 4
12722 33
12723 33
12724 197
12725 198
12726 4
12727 109
12728 110
12729 163
12730 181
12731 197
12732 78
12733 198
12734 163
12735 163
12736 198
12737 198
12738 147
12739 33
12740 197
12741 147
12742 33
12743 157
12744 84
12745 151
12746 283
12747 110
12748 84
12749 181
12750 135
12751 9
12752 163
12753 181
12754 147
12755 110
12756 163
12757 198
12758 181
12759 3
12760 89
12761 4
12762 197
12763 147
12764 84
12765 198
12766 4
12767 227
12768 197
12769 181
12770 181
12771 2
12772 197
12773 147
12774 163
12775 181
12776 84
12777 197
12778 4
12779 181
12780 198
12781 102
12782 163
12783 110
12784 8
12785 151
12786 163
12787 4
12788 150
12789 131
12790 151
12791 163
12792 198
12793 198
12794 4
12795 151
12796 151
12797 135
12798 109
12799 78
12800 33
12801 163
12802 84
12803 213
12804 228
12805 32
12806 181
12807 163
12808 110
12809 4
12810 163
12811 198
12812 163
12813 163
12814 181
12815 163
12816 110
12817 4
12818 151
12819 163
12820 9
12821 163
12822 181
12823 9
12824 4
12825 198
12826 198
12827 147
12828 163
12829 110
12830 9
12831 84
12832 110
12833 9
12834 84
12835 197
12836 151
12837 109
12838 89
12839 198
12840 198
12841 85
12842 181
12843 4
12844 197
12845 110
12846 33
12847 198
12848 33
12849 163
12850 7
12851 163
12852 198
12853 181
12854 78
12855 33
12856 4
12857 198
12858 4
12859 187
12860 33
12861 89
12862 147
12863 147
12864 9
12865 84
12866 84
12867 78
12868 147
12869 197
12870 93
12871 135
12872 131
12873 78
12874 198
12875 181
12876 197
12877 163
12878 84
12879 110
12880 198
12881 89
12882 84
12883 135
12884 63
12885 198
12886 110
12887 197
12888 163
12889 151
12890 229
12891 151
12892 197
12893 89
12894 181
12895 181
12896 163
12897 151
12898 198
12899 163
12900 163
12901 163
12902 147
12903 181
12904 4
12905 198
12906 198
12907 26
12908 198
12909 198
12910 163
12911 163
12912 33
12913 151
12914 135
12915 4
12916 135
12917 198
12918 7
12919 163
12920 163
12921 151
12922 181
12923 84
12924 163
12925 197
12926 6
12927 131
12928 84
12929 230
12930 109
12931 8
12932 231
12933 139
12934 197
12935 151
12936 151
12937 84
12938 135
12939 78
12940 198
12941 125
12942 7
12943 33
12944 147
12945 163
12946 198
12947 3
12948 78
12949 7
12950 33
12951 181
12952 4
12953 198
12954 232
12955 84
12956 197
12957 197
12958 163
12959 3
12960 197
12961 151
12962 163
12963 198
12964 126
12965 2
12966 197
12967 163
12968 9
12969 233
12970 223
12971 198
12972 56
12973 163
12974 9
12975 163
12976 89
12977 56
12978 78
12979 163
12980 7
12981 163
12982 181
12983 181
12984 84
12985 7
12986 135
12987 33
12988 150
12989 135
12990 68
12991 147
12992 147
12993 84
12994 4
12995 181
12996 198
12997 7
12998 147
12999 131
13000 84
13001 181
13002 163
13003 151
13004 151
13005 4
13006 181
13007 110
13008 197
13009 78
13010 181
13011 89
13012 181
13013 84
13014 151
13015 197
13016 9
13017 7
13018 151
13019 150
13020 150
13021 198
13022 163
13023 89
13024 197
13025 151
13026 135
13027 84
13028 135
13029 6
13030 147
13031 78
13032 124
13033 147
13034 110
13035 33
13036 4
13037 89
13038 198
13039 4
13040 181
13041 151
13042 163
13043 84
13044 151
13045 84
13046 56
13047 84
13048 63
13049 151
13050 110
13051 151
13052 4
13053 26
13054 8
13055 9
13056 163
13057 197
13058 135
13059 4
13060 84
13061 181
13062 198
13063 4
13064 20
13065 84
13066 151
13067 163
13068 26
13069 234
13070 33
13071 131
13072 84
13073 197
13074 110
13075 4
13076 163
13077 181
13078 163
13079 33
13080 26
13081 4
13082 198
13083 163
13084 78
13085 110
13086 7
13087 151
13088 84
13089 147
13090 147
13091 3
13092 33
13093 163
13094 163
13095 147
13096 197
13097 163
13098 163
13099 78
13100 84
13101 197
13102 151
13103 110
13104 181
13105 151
13106 198
13107 181
13108 171
13109 109
13110 4
13111 84
13112 33
13113 89
13114 197
13115 84
13116 198
13117 150
13118 135
13119 198
13120 151
13121 84
13122 235
13123 135
13124 151
13125 145
13126 198
13127 151
13128 197
13129 198
13130 163
13131 163
13132 150
13133 4
13134 236
13135 131
13136 151
13137 197
13138 291
13139 163
13140 64
13141 87
13142 198
13143 33
13144 64
13145 4
13146 26
13147 84
13148 151
13149 147
13150 198
13151 198
13152 4
13153 84
13154 197
13155 9
13156 163
13157 147
13158 197
13159 110
13160 163
13161 8
13162 163
13163 151
13164 237
13165 163
13166 197
13167 124
13168 33
13169 4
13170 163
13171 4
13172 135
13173 157
13174 109
13175 9
13176 139
13177 4
13178 73
13179 135
13180 151
13181 151
13182 181
13183 84
13184 9
13185 8
13186 4
13187 198
13188 198
13189 181
13190 4
13191 33
13192 63
13193 147
13194 89
13195 9
13196 135
13197 181
13198 4
13199 89
13200 26
13201 89
13202 151
13203 232
13204 78
13205 109
13206 238
13207 197
13208 84
13209 3
13210 131
13211 4
13212 17
13213 124
13214 151
13215 151
13216 6
13217 151
13218 198
13219 89
13220 197
13221 151
13222 198
13223 84
13224 84
13225 181
13226 78
13227 26
13228 163
13229 9
13230 166
13231 109
13232 151
13233 197
13234 163
13235 4
13236 151
13237 84
13238 151
13239 4
13240 163
13241 33
13242 163
13243 135
13244 151
13245 198
13246 163
13247 151
13248 198
13249 109
13250 163
13251 163
13252 151
13253 163
13254 198
13255 163
13256 197
13257 181
13258 84
13259 151
13260 147
13261 7
13262 135
13263 147
13264 181
13265 78
13266 151
13267 64
13268 198
13269 135
13270 163
13271 198
13272 181
13273 181
13274 147
13275 163
13276 163
13277 181
13278 26
13279 110
13280 155
13281 197
13282 163
13283 84
13284 198
13285 84
13286 273
13287 26
13288 197
13289 163
13290 9
13291 84
13292 94
13293 7
13294 33
13295 239
13296 197
13297 7
13298 181
13299 163
13300 147
13301 63
13302 150
13303 151
13304 198
13305 84
13306 163
13307 89
13308 7
13309 198
13310 33
13311 151
13312 151
13313 4
13314 197
13315 197
13316 151
13317 110
13318 163
13319 26
13320 78
13321 89
13322 135
13323 84
13324 147
13325 163
13326 4
13327 84
13328 147
13329 84
13330 135
13331 198
13332 163
13333 26
13334 135
13335 9
13336 181
13337 89
13338 135
13339 240
13340 3
13341 150
13342 4
13343 163
13344 4
13345 147
13346 151
13347 181
13348 181
13349 33
13350 197
13351 33
13352 89
13353 124
13354 78
13355 4
13356 4
13357 89
13358 198
13359 64
13360 9
13361 109
13362 110
13363 147
13364 7
13365 147
13366 170
13367 150
13368 63
13369 147
13370 197
13371 2
13372 197
13373 163
13374 198
13375 163
13376 3
13377 198
13378 84
13379 89
13380 147
13381 181
13382 163
13383 56
13384 84
13385 197
13386 147
13387 163
13388 84
13389 124
13390 33
13391 33
13392 109
13393 181
13394 197
13395 198
13396 150
13397 181
13398 7
13399 84
13400 147
13401 110
13402 147
13403 151
13404 151
13405 147
13406 198
13407 181
13408 197
13409 163
13410 181
13411 198
13412 163
13413 151
13414 163
13415 20
13416 198
13417 163
13418 78
13419 4
13420 198
13421 184
13422 84
13423 181
13424 84
13425 78
13426 197
13427 181
13428 126
13429 110
13430 4
13431 64
13432 8
13433 9
13434 151
13435 198
13436 84
13437 198
13438 198
13439 181
13440 163
13441 151
13442 151
13443 197
13444 84
13445 181
13446 181
13447 181
13448 124
13449 131
13450 64
13451 9
13452 84
13453 147
13454 7
13455 110
13456 4
13457 181
13458 110
13459 163
13460 198
13461 198
13462 197
13463 198
13464 7
13465 150
13466 181
13467 197
13468 151
13469 7
13470 2
13471 89
13472 84
13473 198
13474 323
13475 198
13476 163
13477 241
13478 147
13479 64
13480 135
13481 198
13482 198
13483 151
13484 4
13485 147
13486 4
13487 4
13488 124
13489 135
13490 181
13491 178
13492 151
13493 197
13494 6
13495 6
13496 151
13497 7
13498 48
13499 197
13500 78
13501 78
13502 198
13503 198
13504 84
13505 64
13506 139
13507 163
13508 139
13509 89
13510 151
13511 89
13512 197
13513 197
13514 84
13515 4
13516 135
13517 186
13518 181
13519 135
13520 163
13521 33
13522 33
13523 84
13524 44
13525 84
13526 147
13527 197
13528 135
13529 181
13530 181
13531 89
13532 63
13533 197
13534 89
13535 84
13536 181
13537 197
13538 84
13539 9
13540 151
13541 135
13542 84
13543 198
13544 33
13545 64
13546 84
13547 198
13548 163
13549 110
13550 4
13551 197
13552 181
13553 163
13554 64
13555 33
13556 198
13557 89
13558 242
13559 242
13560 151
13561 135
13562 197
13563 197
13564 181
13565 135
13566 135
13567 4
13568 9
13569 181
13570 181
13571 151
13572 89
13573 7
13574 181
13575 147
13576 8
13577 243
13578 200
13579 89
13580 198
13581 84
13582 4
13583 147
13584 84
13585 2
13586 198
13587 163
13588 63
13589 151
13590 7
13591 150
13592 198
13593 151
13594 84
13595 89
13596 33
13597 181
13598 110
13599 4
13600 197
13601 198
13602 84
13603 89
13604 197
13605 73
13606 109
13607 4
13608 198
13609 197
13610 163
13611 244
13612 163
13613 3
13614 110
13615 198
13616 163
13617 181
13618 110
13619 147
13620 135
13621 64
13622 84
13623 150
13624 109
13625 198
13626 124
13627 131
13628 151
13629 110
13630 151
13631 151
13632 4
13633 9
13634 198
13635 63
13636 163
13637 33
13638 151
13639 89
13640 89
13641 197
13642 9
13643 89
13644 135
13645 198
13646 103
13647 151
13648 151
13649 151
13650 245
13651 109
13652 197
13653 147
13654 198
13655 197
13656 4
13657 131
13658 197
13659 9
13660 85
13661 3
13662 7
13663 150
13664 150
13665 198
13666 4
13667 4
13668 163
13669 147
13670 78
13671 26
13672 135
13673 198
13674 135
13675 197
13676 4
13677 198
13678 151
13679 78
13680 147
13681 147
13682 110
13683 135
13684 33
13685 163
13686 181
13687 239
13688 151
13689 147
13690 56
13691 163
13692 163
13693 9
13694 33
13695 197
13696 64
13697 197
13698 163
13699 163
13700 151
13701 198
13702 198
13703 4
13704 151
13705 63
13706 198
13707 198
13708 163
13709 150
13710 147
13711 9
13712 198
13713 150
13714 147
13715 109
13716 147
13717 246
13718 181
13719 197
13720 151
13721 110
13722 197
13723 84
13724 151
13725 262
13726 7
13727 147
13728 163
13729 9
13730 124
13731 89
13732 181
13733 33
13734 163
13735 151
13736 84
13737 124
13738 163
13739 4
13740 139
13741 126
13742 225
13743 89
13744 110
13745 78
13746 6
13747 84
13748 151
13749 135
13750 4
13751 84
13752 84
13753 135
13754 8
13755 135
13756 135
13757 109
13758 198
13759 181
13760 89
13761 84
13762 197
13763 110
13764 20
13765 64
13766 247
13767 151
13768 197
13769 9
13770 33
13771 151
13772 147
13773 151
13774 181
13775 151
13776 197
13777 147
13778 26
13779 151
13780 89
13781 89
13782 163
13783 64
13784 197
13785 198
13786 151
13787 4
13788 198
13789 197
13790 198
13791 273
13792 198
13793 84
13794 4
13795 151
13796 89
13797 33
13798 198
13799 135
13800 78
13801 33
13802 33
13803 33
13804 197
13805 150
13806 135
13807 84
13808 89
13809 110
13810 181
13811 151
13812 198
13813 197
13814 63
13815 6
13816 181
13817 163
13818 4
13819 84
13820 163
13821 163
13822 147
13823 198
13824 33
13825 198
13826 135
13827 198
13828 6
13829 63
13830 84
13831 248
13832 89
13833 89
13834 110
13835 181
13836 110
13837 3
13838 84
13839 4
13840 4
13841 7
13842 7
13843 110
13844 33
13845 163
13846 8
13847 7
13848 89
13849 33
13850 243
13851 84
13852 63
13853 197
13854 147
13855 198
13856 198
13857 147
13858 163
13859 201
13860 181
13861 7
13862 198
13863 33
13864 249
13865 4
13866 89
13867 197
13868 163
13869 124
13870 84
13871 250
13872 163
13873 163
13874 7
13875 64
13876 33
13877 151
13878 131
13879 150
13880 4
13881 150
13882 62
13883 197
13884 4
13885 4
13886 163
13887 124
13888 110
13889 147
13890 64
13891 147
13892 273
13893 163
13894 163
13895 26
13896 198
13897 89
13898 9
13899 163
13900 124
13901 198
13902 163
13903 163
13904 203
13905 63
13906 63
13907 197
13908 135
13909 110
13910 33
13911 7
13912 181
13913 139
13914 110
13915 181
13916 89
13917 198
13918 181
13919 33
13920 163
13921 84
13922 133
13923 4
13924 33
13925 4
13926 180
13927 135
13928 163
13929 84
13930 197
13931 89
13932 151
13933 163
13934 135
13935 4
13936 151
13937 78
13938 4
13939 150
13940 163
13941 7
13942 135
13943 63
13944 163
13945 198
13946 124
13947 181
13948 198
13949 181
13950 198
13951 151
13952 147
13953 4
13954 181
13955 251
13956 163
13957 198
13958 163
13959 26
13960 163
13961 56
13962 33
13963 197
13964 84
13965 198
13966 135
13967 198
13968 197
13969 110
13970 110
13971 151
13972 7
13973 84
13974 181
13975 163
13976 197
13977 198
13978 4
13979 89
13980 109
13981 84
13982 110
13983 84
13984 84
13985 181
13986 9
13987 135
13988 181
13989 33
13990 84
13991 198
13992 197
13993 163
13994 63
13995 89
13996 197
13997 135
13998 85
13999 197
14000 84
14001 4
14002 110
14003 181
14004 124
14005 151
14006 135
14007 109
14008 4
14009 198
14010 84
14011 198
14012 147
14013 4
14014 4
14015 181
14016 110
14017 181
14018 4
14019 181
14020 163
14021 84
14022 181
14023 4
14024 198
14025 198
14026 151
14027 84
14028 84
14029 151
14030 87
14031 163
14032 197
14033 4
14034 7
14035 151
14036 163
14037 4
14038 139
14039 163
14040 89
14041 163
14042 151
14043 226
14044 181
14045 4
14046 33
14047 181
14048 4
14049 252
14050 89
14051 9
14052 89
14053 181
14054 7
14055 253
14056 64
14057 110
14058 151
14059 84
14060 181
14061 254
14062 84
14063 197
14064 4
14065 151
14066 197
14067 151
14068 151
14069 64
14070 89
14071 163
14072 151
14073 135
14074 33
14075 135
14076 33
14077 147
14078 33
14079 131
14080 63
14081 198
14082 20
14083 2
14084 7
14085 151
14086 147
14087 84
14088 20
14089 147
14090 181
14091 63
14092 7
14093 151
14094 198
14095 181
14096 198
14097 7
14098 197
14099 63
14100 163
14101 181
14102 150
14103 150
14104 135
14105 151
14106 2
14107 33
14108 197
14109 4
14110 4
14111 4
14112 255
14113 4
14114 8
14115 198
14116 84
14117 151
14118 198
14119 198
14120 4
14121 163
14122 89
14123 198
14124 110
14125 198
14126 198
14127 197
14128 150
14129 7
14130 84
14131 69
14132 151
14133 9
14134 163
14135 78
14136 181
14137 84
14138 181
14139 163
14140 109
14141 198
14142 4
14143 4
14144 163
14145 78
14146 4
14147 78
14148 84
14149 9
14150 150
14151 78
14152 163
14153 163
14154 163
14155 197
14156 84
14157 150
14158 9
14159 63
14160 124
14161 163
14162 4
14163 3
14164 26
14165 84
14166 163
14167 198
14168 9
14169 197
14170 181
14171 139
14172 197
14173 4
14174 147
14175 84
14176 163
14177 181
14178 198
14179 163
14180 256
14181 198
14182 4
14183 163
14184 163
14185 4
14186 84
14187 63
14188 84
14189 198
14190 33
14191 150
14192 9
14193 163
14194 6
14195 109
14196 4
14197 89
14198 198
14199 84
14200 197
14201 198
14202 198
14203 84
14204 151
14205 124
14206 147
14207 257
14208 9
14209 84
14210 163
14211 4
14212 33
14213 273
14214 151
14215 110
14216 258
14217 110
14218 147
14219 139
14220 78
14221 150
14222 124
14223 63
14224 197
14225 197
14226 33
14227 181
14228 8
14229 4
14230 33
14231 147
14232 139
14233 147
14234 135
14235 163
14236 163
14237 7
14238 197
14239 198
14240 163
14241 163
14242 4
14243 4
14244 4
14245 89
14246 157
14247 151
14248 110
14249 63
14250 198
14251 150
14252 89
14253 89
14254 7
14255 151
14256 151
14257 147
14258 110
14259 198
14260 150
14261 135
14262 9
14263 135
14264 181
14265 181
14266 294
14267 198
14268 4
14269 181
14270 150
14271 163
14272 197
14273 163
14274 135
14275 63
14276 63
14277 198
14278 4
14279 259
14280 9
14281 89
14282 197
14283 9
14284 147
14285 4
14286 197
14287 198
14288 26
14289 147
14290 84
14291 33
14292 198
14293 151
14294 9
14295 84
14296 33
14297 89
14298 181
14299 147
14300 163
14301 9
14302 163
14303 197
14304 197
14305 163
14306 7
14307 198
14308 33
14309 9
14310 181
14311 181
14312 7
14313 135
14314 151
14315 7
14316 4
14317 4
14318 197
14319 110
14320 89
14321 33
14322 167
14323 4
14324 7
14325 7
14326 181
14327 151
14328 197
14329 33
14330 291
14331 64
14332 197
14333 3
14334 84
14335 195
14336 198
14337 147
14338 163
14339 4
14340 163
14341 236
14342 198
14343 314
14344 84
14345 7
14346 151
14347 33
14348 84
14349 163
14350 135
14351 4
14352 197
14353 163
14354 197
14355 135
14356 198
14357 135
14358 198
14359 163
14360 198
14361 151
14362 131
14363 147
14364 163
14365 33
14366 197
14367 84
14368 163
14369 4
14370 4
14371 7
14372 163
14373 197
14374 181
14375 181
14376 63
14377 78
14378 84
14379 84
14380 198
14381 109
14382 84
14383 151
14384 198
14385 197
14386 181
14387 63
14388 151
14389 84
14390 4
14391 163
14392 135
14393 84
14394 7
14395 84
14396 78
14397 110
14398 181
14399 3
14400 168
14401 163
14402 84
14403 197
14404 84
14405 4
14406 89
14407 163
14408 109
14409 135
14410 163
14411 4
14412 260
14413 147
14414 181
14415 163
14416 163
14417 163
14418 54
14419 181
14420 198
14421 181
14422 163
14423 89
14424 147
14425 198
14426 33
14427 8
14428 8
14429 314
14430 181
14431 197
14432 84
14433 135
14434 110
14435 135
14436 181
14437 198
14438 110
14439 33
14440 181
14441 197
14442 9
14443 181
14444 147
14445 181
14446 147
14447 147
14448 163
14449 198
14450 4
14451 84
14452 150
14453 198
14454 198
14455 84
14456 163
14457 163
14458 147
14459 33
14460 151
14461 163
14462 4
14463 151
14464 3
14465 151
14466 181
14467 89
14468 89
14469 78
14470 7
14471 181
14472 33
14473 151
14474 163
14475 109
14476 7
14477 139
14478 135
14479 197
14480 163
14481 147
14482 151
14483 150
14484 4
14485 7
14486 84
14487 181
14488 198
14489 135
14490 124
14491 64
14492 163
14493 84
14494 33
14495 78
14496 151
14497 33
14498 33
14499 131
14500 124
14501 3
14502 3
14503 78
14504 197
14505 84
14506 78
14507 3
14508 33
14509 198
14510 84
14511 4
14512 4
14513 7
14514 286
14515 3
14516 7
14517 7
14518 3
14519 4
14520 181
14521 3
14522 151
14523 84
14524 7
14525 7
14526 147
14527 163
14528 163
14529 33
14530 7
14531 151
14532 147
14533 4
14534 147
14535 7
14536 3
14537 7
14538 163
14539 7
14540 197
14541 4
14542 163
14543 89
14544 198
14545 4
14546 198
14547 9
14548 84
14549 151
14550 8
14551 151
14552 9
14553 135
14554 86
14555 197
14556 198
14557 150
14558 6
14559 4
14560 9
14561 197
14562 181
14563 84
14564 163
14565 45
14566 150
14567 135
14568 197
14569 89
14570 163
14571 56
14572 4
14573 163
14574 135
14575 147
14576 163
14577 8
14578 84
14579 163
14580 4
14581 198
14582 198
14583 135
14584 33
14585 124
14586 150
14587 84
14588 84
14589 84
14590 89
14591 84
14592 124
14593 84
14594 198
14595 89
14596 259
14597 7
14598 198
14599 33
14600 151
14601 4
14602 163
14603 7
14604 135
14605 135
14606 151
14607 150
14608 84
14609 150
14610 9
14611 163
14612 197
14613 33
14614 163
14615 197
14616 84
14617 89
14618 3
14619 147
14620 181
14621 197
14622 8
14623 151
14624 109
14625 197
14626 198
14627 151
14628 33
14629 198
14630 198
14631 151
14632 151
14633 9
14634 9
14635 4
14636 198
14637 33
14638 33
14639 63
14640 4
14641 3
14642 4
14643 4
14644 163
14645 163
14646 113
14647 198
14648 84
14649 198
14650 198
14651 4
14652 198
14653 163
14654 198
14655 198
14656 181
14657 147
14658 84
14659 45
14660 26
14661 84
14662 4
14663 151
14664 198
14665 4
14666 147
14667 78
14668 8
14669 131
14670 7
14671 7
14672 147
14673 9
14674 197
14675 89
14676 151
14677 261
14678 7
14679 56
14680 64
14681 4
14682 198
14683 135
14684 198
14685 4
14686 197
14687 147
14688 197
14689 197
14690 197
14691 197
14692 135
14693 7
14694 150
14695 135
14696 9
14697 131
14698 9
14699 197
14700 197
14701 198
14702 197
14703 198
14704 198
14705 6
14706 197
14707 8
14708 198
14709 163
14710 89
14711 7
14712 3
14713 3
14714 7
14715 197
14716 3
14717 181
14718 147
14719 33
14720 147
14721 131
14722 84
14723 3
14724 197
14725 163
14726 7
14727 3
14728 63
14729 316
14730 7
14731 63
14732 7
14733 131
14734 64
14735 135
14736 63
14737 197
14738 124
14739 197
14740 135
14741 4
14742 181
14743 197
14744 4
14745 4
14746 147
14747 135
14748 4
14749 33
14750 78
14751 84
14752 4
14753 198
14754 124
14755 198
14756 198
14757 147
14758 198
14759 89
14760 181
14761 163
14762 135
14763 6
14764 197
14765 4
14766 181
14767 63
14768 110
14769 64
14770 4
14771 147
14772 4
14773 197
14774 26
14775 163
14776 26
14777 135
14778 110
14779 198
14780 135
14781 197
14782 89
14783 4
14784 151
14785 163
14786 4
14787 151
14788 163
14789 8
14790 163
14791 84
14792 33
14793 131
14794 151
14795 197
14796 262
14797 89
14798 181
14799 150
14800 78
14801 110
14802 33
14803 150
14804 151
14805 78
14806 198
14807 4
14808 135
14809 197
14810 110
14811 131
14812 64
14813 84
14814 147
14815 147
14816 151
14817 147
14818 84
14819 147
14820 181
14821 84
14822 78
14823 78
14824 63
14825 78
14826 181
14827 150
14828 148
14829 198
14830 63
14831 198
14832 131
14833 4
14834 147
14835 63
14836 263
14837 63
14838 163
14839 4
14840 135
14841 181
14842 198
14843 33
14844 163
14845 197
14846 4
14847 181
14848 40
14849 135
14850 8
14851 197
14852 3
14853 4
14854 4
14855 147
14856 4
14857 198
14858 4
14859 110
14860 147
14861 198
14862 89
14863 198
14864 9
14865 181
14866 3
14867 7
14868 33
14869 124
14870 151
14871 33
14872 84
14873 110
14874 198
14875 210
14876 33
14877 63
14878 147
14879 197
14880 131
14881 109
14882 181
14883 84
14884 135
14885 198
14886 147
14887 147
14888 181
14889 33
14890 181
14891 33
14892 197
14893 9
14894 151
14895 89
14896 110
14897 89
14898 135
14899 110
14900 89
14901 4
14902 181
14903 135
14904 78
14905 150
14906 109
14907 84
14908 135
14909 198
14910 198
14911 135
14912 89
14913 3
14914 33
14915 197
14916 181
14917 89
14918 135
14919 4
14920 4
14921 163
14922 198
14923 163
14924 197
14925 84
14926 198
14927 89
14928 84
14929 163
14930 197
14931 198
14932 64
14933 64
14934 63
14935 163
14936 131
14937 163
14938 163
14939 181
14940 4
14941 163
14942 89
14943 198
14944 33
14945 4
14946 84
14947 181
14948 135
14949 89
14950 6
14951 78
14952 197
14953 181
14954 110
14955 89
14956 147
14957 4
14958 89
14959 33
14960 78
14961 198
14962 89
14963 7
14964 135
14965 109
14966 147
14967 197
14968 4
14969 84
14970 147
14971 163
14972 135
14973 131
14974 197
14975 33
14976 35
14977 147
14978 89
14979 151
14980 197
14981 124
14982 84
14983 135
14984 78
14985 139
14986 63
14987 63
14988 135
14989 147
14990 109
14991 198
14992 197
14993 147
14994 135
14995 181
14996 151
14997 163
14998 163
14999 147
15000 33
15001 84
15002 197
15003 181
15004 109
15005 33
15006 84
15007 84
15008 33
15009 84
15010 84
15011 151
15012 147
15013 163
15014 147
15015 33
15016 181
15017 163
15018 84
15019 3
15020 163
15021 135
15022 9
15023 135
15024 3
15025 3
15026 89
15027 197
15028 163
15029 9
15030 33
15031 124
15032 89
15033 84
15034 163
15035 147
15036 63
15037 181
15038 198
15039 89
15040 110
15041 4
15042 6
15043 110
15044 151
15045 147
15046 4
15047 4
15048 151
15049 135
15050 84
15051 110
15052 33
15053 198
15054 63
15055 110
15056 181
15057 110
15058 181
15059 4
15060 198
15061 163
15062 84
15063 150
15064 7
15065 197
15066 181
15067 56
15068 131
15069 131
15070 84
15071 197
15072 197
15073 33
15074 110
15075 124
15076 151
15077 151
15078 78
15079 163
15080 197
15081 198
15082 63
15083 198
15084 163
15085 181
15086 9
15087 151
15088 110
15089 78
15090 63
15091 9
15092 89
15093 135
15094 150
15095 4
15096 151
15097 181
15098 197
15099 163
15100 4
15101 4
15102 163
15103 84
15104 3
15105 7
15106 198
15107 7
15108 3
15109 110
15110 198
15111 264
15112 110
15113 135
15114 84
15115 198
15116 198
15117 8
15118 33
15119 147
15120 89
15121 198
15122 9
15123 9
15124 84
15125 48
15126 135
15127 34
15128 163
15129 181
15130 151
15131 9
15132 140
15133 109
15134 135
15135 84
15136 84
15137 163
15138 197
15139 63
15140 151
15141 135
15142 151
15143 181
15144 3
15145 7
15146 3
15147 208
15148 151
15149 147
15150 265
15151 163
15152 151
15153 198
15154 33
15155 63
15156 84
15157 84
15158 9
15159 3
15160 147
15161 4
15162 84
15163 4
15164 163
15165 151
15166 147
15167 8
15168 198
15169 289
15170 151
15171 4
15172 151
15173 84
15174 139
15175 84
15176 163
15177 151
15178 151
15179 163
15180 197
15181 197
15182 147
15183 198
15184 163
15185 110
15186 7
15187 89
15188 163
15189 40
15190 63
15191 84
15192 151
15193 109
15194 8
15195 197
15196 135
15197 151
15198 151
15199 84
15200 163
15201 33
15202 131
15203 181
15204 163
15205 24
15206 135
15207 4
15208 147
15209 163
15210 4
15211 197
15212 89
15213 110
15214 163
15215 135
15216 84
15217 147
15218 33
15219 181
15220 151
15221 197
15222 139
15223 197
15224 181
15225 78
15226 110
15227 151
15228 84
15229 84
15230 3
15231 89
15232 84
15233 281
15234 84
15235 151
15236 150
15237 135
15238 147
15239 181
15240 84
15241 181
15242 89
15243 139
15244 266
15245 181
15246 4
15247 163
15248 63
15249 36
15250 197
15251 33
15252 20
15253 84
15254 197
15255 198
15256 33
15257 197
15258 110
15259 198
15260 84
15261 131
15262 84
15263 163
15264 33
15265 110
15266 151
15267 151
15268 198
15269 7
15270 33
15271 150
15272 4
15273 84
15274 84
15275 89
15276 109
15277 63
15278 198
15279 198
15280 197
15281 198
15282 7
15283 150
15284 181
15285 150
15286 151
15287 197
15288 3
15289 110
15290 197
15291 4
15292 163
15293 84
15294 63
15295 197
15296 4
15297 110
15298 110
15299 109
15300 135
15301 197
15302 7
15303 63
15304 78
15305 3
15306 163
15307 3
15308 197
15309 78
15310 163
15311 163
15312 89
15313 3
15314 163
15315 198
15316 84
15317 151
15318 165
15319 84
15320 198
15321 147
15322 163
15323 135
15324 7
15325 124
15326 3
15327 3
15328 267
15329 3
15330 7
15331 63
15332 3
15333 7
15334 3
15335 3
15336 150
15337 151
15338 151
15339 7
15340 7
15341 3
15342 147
15343 197
15344 163
15345 147
15346 135
15347 151
15348 67
15349 178
15350 151
15351 84
15352 163
15353 151
15354 78
15355 78
15356 89
15357 197
15358 3
15359 63
15360 33
15361 124
15362 4
15363 147
15364 84
15365 181
15366 89
15367 135
15368 268
15369 84
15370 197
15371 151
15372 198
15373 135
15374 163
15375 163
15376 181
15377 2
15378 269
15379 197
15380 151
15381 33
15382 151
15383 151
15384 135
15385 4
15386 135
15387 78
15388 4
15389 89
15390 270
15391 181
15392 163
15393 7
15394 151
15395 84
15396 181
15397 147
15398 17
15399 4
15400 163
15401 89
15402 78
15403 4
15404 4
15405 163
15406 135
15407 150
15408 84
15409 147
15410 33
15411 151
15412 124
15413 89
15414 124
15415 89
15416 147
15417 33
15418 198
15419 198
15420 4
15421 151
15422 6
15423 181
15424 84
15425 151
15426 163
15427 151
15428 271
15429 151
15430 198
15431 4
15432 151
15433 151
15434 197
15435 197
15436 9
15437 163
15438 198
15439 78
15440 110
15441 135
15442 84
15443 181
15444 84
15445 163
15446 198
15447 151
15448 89
15449 151
15450 89
15451 89
15452 135
15453 150
15454 89
15455 33
15456 4
15457 4
15458 4
15459 151
15460 4
15461 151
15462 203
15463 84
15464 277
15465 4
15466 197
15467 151
15468 147
15469 151
15470 135
15471 135
15472 89
15473 147
15474 181
15475 181
15476 151
15477 181
15478 4
15479 4
15480 9
15481 135
15482 197
15483 7
15484 4
15485 3
15486 2
15487 84
15488 7
15489 163
15490 198
15491 197
15492 135
15493 135
15494 163
15495 4
15496 151
15497 163
15498 181
15499 198
15500 3
15501 110
15502 89
15503 64
15504 197
15505 198
15506 89
15507 197
15508 9
15509 9
15510 163
15511 9
15512 151
15513 163
15514 151
15515 131
15516 151
15517 64
15518 198
15519 4
15520 164
15521 198
15522 131
15523 135
15524 151
15525 78
15526 163
15527 197
15528 89
15529 89
15530 184
15531 297
15532 110
15533 17
15534 33
15535 151
15536 151
15537 163
15538 163
15539 198
15540 75
15541 147
15542 63
15543 26
15544 272
15545 139
15546 84
15547 78
15548 198
15549 108
15550 20
15551 135
15552 84
15553 110
15554 33
15555 151
15556 33
15557 89
15558 84
15559 163
15560 147
15561 198
15562 78
15563 84
15564 135
15565 147
15566 197
15567 110
15568 21
15569 197
15570 151
15571 163
15572 135
15573 7
15574 197
15575 135
15576 89
15577 181
15578 181
15579 33
15580 78
15581 109
15582 3
15583 163
15584 197
15585 110
15586 163
15587 170
15588 150
15589 4
15590 4
15591 4
15592 110
15593 147
15594 147
15595 181
15596 151
15597 8
15598 110
15599 197
15600 198
15601 163
15602 89
15603 181
15604 181
15605 197
15606 163
15607 163
15608 163
15609 181
15610 33
15611 110
15612 33
15613 197
15614 84
15615 63
15616 89
15617 135
15618 147
15619 64
15620 33
15621 181
15622 135
15623 163
15624 110
15625 147
15626 33
15627 163
15628 2
15629 2
15630 84
15631 63
15632 20
15633 198
15634 197
15635 163
15636 151
15637 250
15638 274
15639 6
15640 163
15641 151
15642 64
15643 110
15644 198
15645 135
15646 197
15647 163
15648 197
15649 147
15650 198
15651 4
15652 151
15653 63
15654 33
15655 7
15656 147
15657 150
15658 14
15659 203
15660 150
15661 64
15662 163
15663 275
15664 197
15665 197
15666 181
15667 151
15668 89
15669 163
15670 4
15671 163
15672 3
15673 163
15674 84
15675 135
15676 181
15677 151
15678 163
15679 231
15680 84
15681 163
15682 163
15683 3
15684 150
15685 33
15686 109
15687 3
15688 151
15689 147
15690 150
15691 84
15692 163
15693 197
15694 135
15695 9
15696 181
15697 147
15698 72
15699 197
15700 84
15701 151
15702 163
15703 7
15704 197
15705 197
15706 4
15707 163
15708 109
15709 128
15710 276
15711 109
15712 151
15713 110
15714 163
15715 151
15716 84
15717 163
15718 4
15719 151
15720 197
15721 6
15722 33
15723 84
15724 147
15725 147
15726 163
15727 63
15728 181
15729 181
15730 89
15731 163
15732 89
15733 181
15734 84
15735 147
15736 147
15737 151
15738 89
15739 198
15740 131
15741 135
15742 163
15743 147
15744 151
15745 33
15746 33
15747 89
15748 151
15749 163
15750 7
15751 163
15752 197
15753 163
15754 151
15755 3
15756 181
15757 147
15758 151
15759 163
15760 198
15761 163
15762 198
15763 147
15764 150
15765 151
15766 132
15767 163
15768 151
15769 4
15770 163
15771 198
15772 198
15773 84
15774 63
15775 135
15776 203
15777 198
15778 4
15779 163
15780 7
15781 151
15782 147
15783 4
15784 4
15785 7
15786 198
15787 277
15788 84
15789 4
15790 4
15791 3
15792 198
15793 163
15794 135
15795 163
15796 89
15797 198
15798 4
15799 278
15800 163
15801 135
15802 197
15803 163
15804 9
15805 84
15806 163
15807 26
15808 198
15809 150
15810 135
15811 197
15812 273
15813 63
15814 163
15815 26
15816 197
15817 197
15818 163
15819 151
15820 78
15821 147
15822 84
15823 63
15824 89
15825 163
15826 147
15827 64
15828 150
15829 26
15830 26
15831 33
15832 163
15833 135
15834 110
15835 84
15836 4
15837 33
15838 198
15839 198
15840 78
15841 135
15842 33
15843 163
15844 197
15845 110
15846 124
15847 4
15848 2
15849 8
15850 110
15851 181
15852 163
15853 198
15854 84
15855 147
15856 78
15857 150
15858 109
15859 197
15860 9
15861 279
15862 89
15863 147
15864 33
15865 150
15866 4
15867 197
15868 181
15869 89
15870 8
15871 9
15872 4
15873 2
15874 163
15875 135
15876 315
15877 198
15878 198
15879 89
15880 181
15881 147
15882 198
15883 151
15884 151
15885 4
15886 163
15887 109
15888 197
15889 163
15890 151
15891 124
15892 84
15893 89
15894 84
15895 9
15896 197
15897 110
15898 163
15899 197
15900 151
15901 135
15902 197
15903 3
15904 151
15905 135
15906 302
15907 84
15908 4
15909 89
15910 84
15911 197
15912 4
15913 151
15914 7
15915 135
15916 9
15917 135
15918 197
15919 3
15920 151
15921 147
15922 181
15923 163
15924 163
15925 4
15926 8
15927 151
15928 151
15929 181
15930 163
15931 150
15932 147
15933 147
15934 124
15935 84
15936 135
15937 4
15938 181
15939 78
15940 89
15941 110
15942 198
15943 151
15944 33
15945 124
15946 163
15947 135
15948 198
15949 135
15950 181
15951 110
15952 2
15953 163
15954 147
15955 135
15956 151
15957 50
15958 26
15959 73
15960 84
15961 163
15962 2
15963 84
15964 198
15965 198
15966 197
15967 110
15968 33
15969 147
15970 110
15971 63
15972 63
15973 33
15974 84
15975 124
15976 4
15977 198
15978 197
15979 163
15980 181
15981 197
15982 78
15983 280
15984 84
15985 151
15986 89
15987 181
15988 163
15989 181
15990 163
15991 198
15992 197
15993 84
15994 8
15995 198
15996 163
15997 3
15998 197
15999 198
16000 3
16001 67
16002 4
16003 197
16004 163
16005 197
16006 198
16007 9
16008 163
16009 110
16010 135
16011 6
16012 163
16013 78
16014 135
16015 7
16016 78
16017 163
16018 151
16019 3
16020 163
16021 110
16022 213
16023 2
16024 33
16025 4
16026 197
16027 63
16028 84
16029 7
16030 197
16031 4
16032 4
16033 181
16034 151
16035 147
16036 181
16037 45
16038 33
16039 163
16040 20
16041 109
16042 85
16043 135
16044 63
16045 4
16046 181
16047 84
16048 197
16049 50
16050 197
16051 84
16052 197
16053 135
16054 135
16055 147
16056 150
16057 197
16058 33
16059 131
16060 151
16061 84
16062 89
16063 9
16064 9
16065 131
16066 9
16067 151
16068 181
16069 197
16070 135
16071 78
16072 198
16073 197
16074 151
16075 163
16076 150
16077 135
16078 110
16079 151
16080 198
16081 151
16082 109
16083 240
16084 135
16085 197
16086 181
16087 198
16088 197
16089 33
16090 84
16091 33
16092 163
16093 135
16094 181
16095 84
16096 150
16097 163
16098 110
16099 198
16100 3
16101 181
16102 181
16103 281
16104 163
16105 101
16106 181
16107 33
16108 33
16109 295
16110 163
16111 147
16112 198
16113 33
16114 33
16115 63
16116 163
16117 197
16118 110
16119 163
16120 89
16121 26
16122 33
16123 110
16124 84
16125 4
16126 9
16127 84
16128 147
16129 7
16130 9
16131 135
16132 197
16133 63
16134 89
16135 9
16136 163
16137 197
16138 135
16139 33
16140 198
16141 131
16142 198
16143 197
16144 163
16145 163
16146 84
16147 135
16148 163
16149 135
16150 151
16151 89
16152 198
16153 151
16154 135
16155 147
16156 26
16157 9
16158 135
16159 163
16160 84
16161 7
16162 185
16163 244
16164 84
16165 84
16166 3
16167 63
16168 147
16169 63
16170 4
16171 198
16172 8
16173 135
16174 135
16175 163
16176 84
16177 135
16178 93
16179 163
16180 110
16181 163
16182 4
16183 150
16184 151
16185 197
16186 197
16187 63
16188 63
16189 135
16190 151
16191 3
16192 198
16193 89
16194 3
16195 317
16196 63
16197 78
16198 9
16199 181
16200 63
16201 84
16202 163
16203 3
16204 3
16205 3
16206 151
16207 151
16208 7
16209 163
16210 131
16211 181
16212 181
16213 163
16214 33
16215 4
16216 147
16217 33
16218 7
16219 89
16220 4
16221 9
16222 84
16223 7
16224 63
16225 163
16226 110
16227 197
16228 4
16229 89
16230 304
16231 78
16232 147
16233 84
16234 89
16235 84
16236 198
16237 151
16238 135
16239 135
16240 84
16241 163
16242 63
16243 198
16244 20
16245 147
16246 63
16247 89
16248 4
16249 135
16250 198
16251 4
16252 63
16253 63
16254 63
16255 197
16256 3
16257 222
16258 2
16259 131
16260 151
16261 147
16262 151
16263 78
16264 78
16265 7
16266 135
16267 84
16268 151
16269 135
16270 147
16271 33
16272 7
16273 7
16274 33
16275 3
16276 4
16277 151
16278 78
16279 3
16280 7
16281 63
16282 7
16283 151
16284 63
16285 181
16286 7
16287 163
16288 163
16289 109
16290 163
16291 91
16292 109
16293 78
16294 7
16295 139
16296 151
16297 124
16298 198
16299 163
16300 163
16301 63
16302 63
16303 147
16304 163
16305 33
16306 197
16307 63
16308 4
16309 181
16310 89
16311 131
16312 197
16313 181
16314 197
16315 151
16316 7
16317 135
16318 4
16319 64
16320 64
16321 124
16322 198
16323 198
16324 223
16325 110
16326 110
16327 198
16328 135
16329 4
16330 163
16331 84
16332 63
16333 145
16334 84
16335 198
16336 110
16337 315
16338 147
16339 84
16340 163
16341 282
16342 126
16343 110
16344 84
16345 135
16346 147
16347 163
16348 110
16349 246
16350 64
16351 151
16352 197
16353 4
16354 78
16355 3
16356 151
16357 3
16358 197
16359 181
16360 4
16361 8
16362 181
16363 163
16364 163
16365 89
16366 4
16367 197
16368 181
16369 63
16370 3
16371 3
16372 135
16373 5
16374 151
16375 3
16376 9
16377 33
16378 33
16379 135
16380 3
16381 135
16382 63
16383 3
16384 3
16385 163
16386 3
16387 163
16388 163
16389 3
16390 163
16391 3
16392 84
16393 9
16394 78
16395 7
16396 197
16397 9
16398 4
16399 89
16400 3
16401 3
16402 150
16403 3
16404 3
16405 7
16406 7
16407 7
16408 7
16409 3
16410 3
16411 150
16412 7
16413 135
16414 3
16415 163
16416 3
16417 3
16418 7
16419 89
16420 3
16421 163
16422 33
16423 181
16424 198
16425 163
16426 150
16427 163
16428 151
16429 84
16430 6
16431 198
16432 163
16433 163
16434 84
16435 4
16436 84
16437 3
16438 147
16439 3
16440 3
16441 3
16442 7
16443 151
16444 198
16445 151
16446 3
16447 3
16448 3
16449 7
16450 3
16451 151
16452 7
16453 163
16454 147
16455 198
16456 151
16457 131
16458 8
16459 33
16460 63
16461 89
16462 89
16463 197
16464 78
16465 3
16466 7
16467 63
16468 7
16469 7
16470 94
16471 135
16472 9
16473 147
16474 198
16475 197
16476 181
16477 197
16478 163
16479 181
16480 147
16481 2
16482 181
16483 163
16484 198
16485 283
16486 84
16487 181
16488 163
16489 197
16490 198
16491 197
16492 163
16493 147
16494 135
16495 89
16496 254
16497 163
16498 3
16499 26
16500 163
16501 284
16502 163
16503 3
16504 151
16505 63
16506 7
16507 197
16508 63
16509 63
16510 131
16511 139
16512 151
16513 198
16514 181
16515 163
16516 197
16517 163
16518 163
16519 89
16520 163
16521 64
16522 4
16523 181
16524 163
16525 84
16526 197
16527 197
16528 181
16529 139
16530 181
16531 7
16532 181
16533 181
16534 163
16535 197
16536 7
16537 7
16538 163
16539 3
16540 33
16541 33
16542 135
16543 109
16544 110
16545 20
16546 198
16547 163
16548 197
16549 7
16550 63
16551 150
16552 7
16553 163
16554 110
16555 197
16556 198
16557 198
16558 4
16559 109
16560 3
16561 33
16562 33
16563 20
16564 198
16565 151
16566 163
16567 4
16568 197
16569 274
16570 198
16571 7
16572 150
16573 197
16574 147
16575 198
16576 198
16577 151
16578 285
16579 181
16580 181
16581 9
16582 150
16583 110
16584 197
16585 3
16586 3
16587 163
16588 89
16589 63
16590 63
16591 84
16592 84
16593 89
16594 135
16595 163
16596 163
16597 151
16598 8
16599 110
16600 198
16601 198
16602 135
16603 151
16604 135
16605 4
16606 135
16607 181
16608 198
16609 163
16610 151
16611 135
16612 7
16613 89
16614 4
16615 7
16616 163
16617 163
16618 198
16619 135
16620 4
16621 163
16622 4
16623 89
16624 198
16625 3
16626 163
16627 78
16628 134
16629 84
16630 4
16631 7
16632 151
16633 181
16634 151
16635 110
16636 197
16637 85
16638 163
16639 163
16640 181
16641 163
16642 135
16643 198
16644 197
16645 198
16646 4
16647 110
16648 163
16649 33
16650 4
16651 89
16652 89
16653 181
16654 7
16655 7
16656 9
16657 198
16658 135
16659 63
16660 3
16661 4
16662 163
16663 6
16664 84
16665 47
16666 89
16667 147
16668 163
16669 198
16670 181
16671 84
16672 4
16673 151
16674 286
16675 63
16676 84
16677 181
16678 181
16679 84
16680 89
16681 4
16682 181
16683 135
16684 197
16685 4
16686 163
16687 163
16688 89
16689 84
16690 181
16691 198
16692 135
16693 78
16694 89
16695 163
16696 181
16697 198
16698 78
16699 181
16700 7
16701 147
16702 198
16703 163
16704 151
16705 11
16706 197
16707 198
16708 78
16709 4
16710 7
16711 78
16712 163
16713 33
16714 163
16715 78
16716 84
16717 197
16718 198
16719 84
16720 135
16721 135
16722 4
16723 26
16724 163
16725 197
16726 287
16727 198
16728 181
16729 181
16730 198
16731 197
16732 147
16733 147
16734 64
16735 135
16736 135
16737 135
16738 135
16739 147
16740 151
16741 197
16742 4
16743 175
16744 4
16745 288
16746 163
16747 84
16748 163
16749 163
16750 198
16751 163
16752 181
16753 151
16754 4
16755 151
16756 151
16757 163
16758 4
16759 131
16760 84
16761 63
16762 124
16763 33
16764 198
16765 20
16766 289
16767 4
16768 197
16769 110
16770 163
16771 197
16772 151
16773 7
16774 181
16775 4
16776 84
16777 197
16778 181
16779 163
16780 151
16781 8
16782 78
16783 33
16784 4
16785 181
16786 115
16787 84
16788 151
16789 151
16790 163
16791 63
16792 3
16793 7
16794 7
16795 84
16796 63
16797 198
16798 181
16799 63
16800 3
16801 63
16802 9
16803 110
16804 181
16805 292
16806 84
16807 163
16808 135
16809 84
16810 7
16811 151
16812 9
16813 89
16814 198
16815 6
16816 198
16817 198
16818 163
16819 84
16820 290
16821 147
16822 3
16823 3
16824 3
16825 198
16826 163
16827 163
16828 163
16829 198
16830 89
16831 163
16832 151
16833 89
16834 63
16835 163
16836 1
16837 20
16838 273
16839 84
16840 150
16841 181
16842 197
16843 198
16844 151
16845 89
16846 198
16847 197
16848 163
16849 7
16850 151
16851 9
16852 9
16853 198
16854 181
16855 84
16856 84
16857 151
16858 103
16859 151
16860 124
16861 124
16862 198
16863 198
16864 2
16865 147
16866 33
16867 122
16868 198
16869 4
16870 139
16871 198
16872 4
16873 84
16874 151
16875 197
16876 163
16877 3
16878 197
16879 198
16880 63
16881 151
16882 89
16883 3
16884 124
16885 109
16886 33
16887 147
16888 150
16889 63
16890 2
16891 64
16892 198
16893 198
16894 2
16895 4
16896 197
16897 151
16898 78
16899 63
16900 89
16901 216
16902 4
16903 78
16904 147
16905 63
16906 162
16907 163
16908 110
16909 151
16910 33
16911 84
16912 135
16913 198
16914 135
16915 4
16916 151
16917 147
16918 4
16919 14
16920 33
16921 151
16922 181
16923 56
16924 151
16925 291
16926 151
16927 84
16928 9
16929 198
16930 151
16931 84
16932 84
16933 181
16934 147
16935 163
16936 84
16937 181
16938 226
16939 110
16940 3
16941 4
16942 131
16943 292
16944 4
16945 20
16946 197
16947 110
16948 163
16949 89
16950 4
16951 84
16952 33
16953 163
16954 126
16955 63
16956 7
16957 4
16958 163
16959 197
16960 151
16961 197
16962 163
16963 293
16964 198
16965 84
16966 33
16967 33
16968 181
16969 4
16970 139
16971 151
16972 4
16973 151
16974 170
16975 198
16976 197
16977 163
16978 244
16979 151
16980 197
16981 163
16982 197
16983 294
16984 197
16985 147
16986 109
16987 147
16988 92
16989 198
16990 135
16991 197
16992 78
16993 147
16994 147
16995 63
16996 163
16997 197
16998 147
16999 197
17000 78
17001 151
17002 7
17003 181
17004 198
17005 151
17006 84
17007 163
17008 84
17009 84
17010 197
17011 295
17012 84
17013 84
17014 9
17015 198
17016 163
17017 151
17018 33
17019 197
17020 2
17021 296
17022 131
17023 68
17024 63
17025 197
17026 163
17027 7
17028 3
17029 3
17030 151
17031 163
17032 84
17033 163
17034 7
17035 7
17036 3
17037 84
17038 4
17039 7
17040 286
17041 3
17042 110
17043 84
17044 147
17045 198
17046 198
17047 87
17048 181
17049 26
17050 135
17051 110
17052 151
17053 163
17054 147
17055 150
17056 197
17057 135
17058 63
17059 151
17060 110
17061 64
17062 197
17063 181
17064 181
17065 78
17066 89
17067 89
17068 33
17069 20
17070 163
17071 33
17072 265
17073 151
17074 163
17075 84
17076 4
17077 197
17078 84
17079 181
17080 63
17081 7
17082 163
17083 198
17084 3
17085 89
17086 181
17087 84
17088 110
17089 181
17090 147
17091 4
17092 7
17093 84
17094 150
17095 151
17096 163
17097 198
17098 151
17099 4
17100 20
17101 110
17102 4
17103 89
17104 3
17105 124
17106 181
17107 197
17108 198
17109 78
17110 297
17111 110
17112 197
17113 7
17114 110
17115 84
17116 110
17117 298
17118 181
17119 9
17120 163
17121 181
17122 9
17123 197
17124 163
17125 135
17126 163
17127 9
17128 7
17129 4
17130 197
17131 7
17132 124
17133 33
17134 84
17135 147
17136 151
17137 198
17138 151
17139 7
17140 163
17141 3
17142 3
17143 299
17144 151
17145 3
17146 3
17147 163
17148 151
17149 135
17150 84
17151 151
17152 84
17153 151
17154 4
17155 63
17156 151
17157 147
17158 181
17159 198
17160 198
17161 147
17162 89
17163 89
17164 135
17165 163
17166 89
17167 9
17168 89
17169 198
17170 163
17171 197
17172 151
17173 197
17174 84
17175 4
17176 84
17177 197
17178 3
17179 3
17180 163
17181 84
17182 7
17183 198
17184 151
17185 151
17186 135
17187 89
17188 89
17189 163
17190 252
17191 163
17192 150
17193 7
17194 151
17195 110
17196 64
17197 151
17198 78
17199 3
17200 197
17201 4
17202 89
17203 89
17204 197
17205 78
17206 84
17207 163
17208 209
17209 84
17210 56
17211 6
17212 7
17213 78
17214 147
17215 197
17216 147
17217 3
17218 163
17219 78
17220 163
17221 135
17222 163
17223 197
17224 124
17225 3
17226 78
17227 3
17228 116
17229 163
17230 84
17231 64
17232 89
17233 33
17234 151
17235 3
17236 197
17237 89
17238 164
17239 4
17240 84
17241 26
17242 151
17243 33
17244 151
17245 163
17246 84
17247 63
17248 2
17249 197
17250 181
17251 163
17252 63
17253 84
17254 198
17255 151
17256 4
17257 163
17258 181
17259 198
17260 84
17261 198
17262 89
17263 151
17264 197
17265 147
17266 33
17267 163
17268 181
17269 84
17270 124
17271 151
17272 181
17273 197
17274 198
17275 163
17276 151
17277 135
17278 163
17279 198
17280 9
17281 181
17282 4
17283 198
17284 33
17285 63
17286 4
17287 33
17288 33
17289 84
17290 4
17291 163
17292 147
17293 89
17294 197
17295 4
17296 181
17297 150
17298 300
17299 151
17300 147
17301 4
17302 7
17303 63
17304 7
17305 198
17306 198
17307 135
17308 7
17309 163
17310 163
17311 181
17312 197
17313 33
17314 63
17315 310
17316 109
17317 9
17318 84
17319 3
17320 26
17321 3
17322 147
17323 83
17324 4
17325 163
17326 198
17327 163
17328 198
17329 89
17330 135
17331 9
17332 163
17333 151
17334 163
17335 89
17336 84
17337 9
17338 198
17339 163
17340 6
17341 198
17342 181
17343 163
17344 6
17345 163
17346 89
17347 147
17348 197
17349 89
17350 229
17351 198
17352 110
17353 198
17354 181
17355 33
17356 163
17357 84
17358 9
17359 7
17360 181
17361 26
17362 163
17363 151
17364 312
17365 203
17366 181
17367 151
17368 135
17369 197
17370 198
17371 4
17372 163
17373 4
17374 151
17375 181
17376 33
17377 8
17378 163
17379 183
17380 4
17381 198
17382 151
17383 84
17384 9
17385 163
17386 84
17387 135
17388 89
17389 3
17390 181
17391 89
17392 151
17393 163
17394 4
17395 151
17396 8
17397 197
17398 151
17399 84
17400 198
17401 33
17402 198
17403 110
17404 163
17405 147
17406 198
17407 89
17408 4
17409 197
17410 64
17411 135
17412 181
17413 163
17414 181
17415 163
17416 163
17417 197
17418 181
17419 4
17420 147
17421 7
17422 181
17423 4
17424 4
17425 4
17426 181
17427 197
17428 163
17429 197
17430 84
17431 197
17432 4
17433 100
17434 131
17435 33
17436 197
17437 135
17438 135
17439 4
17440 110
17441 151
17442 151
17443 181
17444 4
17445 4
17446 301
17447 163
17448 33
17449 198
17450 4
17451 198
17452 84
17453 110
17454 147
17455 4
17456 4
17457 302
17458 26
17459 26
17460 4
17461 151
17462 163
17463 181
17464 198
17465 151
17466 147
17467 198
17468 150
17469 4
17470 163
17471 33
17472 198
17473 78
17474 181
17475 109
17476 163
17477 150
17478 135
17479 45
17480 181
17481 151
17482 84
17483 84
17484 163
17485 197
17486 197
17487 20
17488 163
17489 163
17490 198
17491 8
17492 4
17493 33
17494 84
17495 85
17496 147
17497 3
17498 57
17499 4
17500 198
17501 151
17502 163
17503 151
17504 151
17505 147
17506 163
17507 198
17508 4
17509 198
17510 197
17511 6
17512 163
17513 89
17514 89
17515 163
17516 78
17517 163
17518 181
17519 181
17520 78
17521 303
17522 8
17523 89
17524 151
17525 181
17526 151
17527 131
17528 151
17529 163
17530 198
17531 135
17532 131
17533 4
17534 33
17535 147
17536 147
17537 63
17538 198
17539 197
17540 103
17541 110
17542 8
17543 8
17544 33
17545 181
17546 181
17547 151
17548 198
17549 8
17550 197
17551 124
17552 7
17553 181
17554 8
17555 163
17556 84
17557 198
17558 37
17559 4
17560 135
17561 6
17562 113
17563 151
17564 181
17565 304
17566 227
17567 150
17568 150
17569 197
17570 237
17571 63
17572 151
17573 198
17574 197
17575 78
17576 84
17577 84
17578 197
17579 197
17580 124
17581 4
17582 232
17583 63
17584 4
17585 110
17586 110
17587 197
17588 84
17589 63
17590 110
17591 198
17592 147
17593 84
17594 163
17595 7
17596 198
17597 147
17598 135
17599 78
17600 9
17601 151
17602 4
17603 4
17604 0
17605 135
17606 64
17607 84
17608 26
17609 84
17610 135
17611 169
17612 64
17613 163
17614 167
17615 197
17616 26
17617 151
17618 129
17619 135
17620 163
17621 131
17622 163
17623 8
17624 151
17625 197
17626 9
17627 151
17628 64
17629 152
17630 163
17631 163
17632 147
17633 147
17634 147
17635 84
17636 147
17637 84
17638 163
17639 139
17640 151
17641 85
17642 7
17643 273
17644 84
17645 197
17646 215
17647 84
17648 305
17649 3
17650 151
17651 151
17652 110
17653 198
17654 84
17655 151
17656 181
17657 135
17658 9
17659 4
17660 4
17661 84
17662 84
17663 4
17664 306
17665 63
17666 197
17667 135
17668 7
17669 181
17670 84
17671 89
17672 84
17673 307
17674 181
17675 151
17676 147
17677 197
17678 3
17679 110
17680 89
17681 33
17682 3
17683 135
17684 33
17685 6
17686 181
17687 99
17688 308
17689 84
17690 151
17691 4
17692 33
17693 84
17694 135
17695 78
17696 198
17697 135
17698 181
17699 181
17700 197
17701 110
17702 63
17703 150
17704 163
17705 135
17706 181
17707 4
17708 110
17709 89
17710 135
17711 181
17712 33
17713 198
17714 163
17715 181
17716 163
17717 4
17718 109
17719 84
17720 163
17721 124
17722 84
17723 181
17724 135
17725 33
17726 89
17727 181
17728 198
17729 84
17730 8
17731 89
17732 181
17733 63
17734 89
17735 131
17736 197
17737 181
17738 84
17739 144
17740 197
17741 63
17742 197
17743 33
17744 151
17745 84
17746 151
17747 198
17748 181
17749 84
17750 89
17751 63
17752 163
17753 197
17754 7
17755 89
17756 84
17757 226
17758 197
17759 147
17760 78
17761 163
17762 89
17763 135
17764 197
17765 84
17766 135
17767 195
17768 4
17769 147
17770 198
17771 163
17772 89
17773 197
17774 163
17775 147
17776 150
17777 147
17778 110
17779 84
17780 52
17781 150
17782 150
17783 181
17784 110
17785 147
17786 89
17787 7
17788 135
17789 63
17790 163
17791 150
17792 198
17793 151
17794 7
17795 3
17796 63
17797 3
17798 110
17799 78
17800 3
17801 63
17802 3
17803 3
17804 151
17805 7
17806 110
17807 197
17808 135
17809 163
17810 181
17811 110
17812 3
17813 248
17814 84
17815 33
17816 135
17817 181
17818 147
17819 147
17820 33
17821 110
17822 4
17823 63
17824 150
17825 78
17826 181
17827 181
17828 150
17829 147
17830 135
17831 163
17832 6
17833 124
17834 33
17835 163
17836 84
17837 181
17838 147
17839 135
17840 4
17841 84
17842 151
17843 64
17844 181
17845 63
17846 131
17847 198
17848 8
17849 110
17850 181
17851 3
17852 181
17853 110
17854 181
17855 110
17856 89
17857 89
17858 151
17859 4
17860 89
17861 147
17862 99
17863 135
17864 89
17865 198
17866 135
17867 89
17868 163
17869 131
17870 198
17871 181
17872 151
17873 4
17874 33
17875 197
17876 197
17877 110
17878 147
17879 135
17880 110
17881 181
17882 135
17883 7
17884 84
17885 184
17886 64
17887 135
17888 110
17889 151
17890 147
17891 198
17892 84
17893 197
17894 181
17895 198
17896 298
17897 163
17898 198
17899 147
17900 147
17901 109
17902 33
17903 8
17904 109
17905 7
17906 89
17907 7
17908 4
17909 151
17910 309
17911 197
17912 144
17913 7
17914 84
17915 181
17916 84
17917 197
17918 33
17919 147
17920 197
17921 33
17922 8
17923 163
17924 181
17925 135
17926 33
17927 124
17928 7
17929 110
17930 163
17931 197
17932 33
17933 135
17934 147
17935 197
17936 198
17937 33
17938 135
17939 89
17940 197
17941 181
17942 147
17943 89
17944 147
17945 198
17946 78
17947 89
17948 163
17949 124
17950 150
17951 135
17952 20
17953 33
17954 7
17955 151
17956 84
17957 84
17958 310
17959 151
17960 197
17961 197
17962 33
17963 84
17964 84
17965 84
17966 8
17967 147
17968 197
17969 89
17970 150
17971 84
17972 84
17973 135
17974 150
17975 9
17976 197
17977 84
17978 147
17979 197
17980 151
17981 163
17982 9
17983 110
17984 181
17985 181
17986 188
17987 84
17988 197
17989 181
17990 181
17991 147
17992 63
17993 84
17994 197
17995 135
17996 33
17997 181
17998 135
17999 9
18000 84
18001 3
18002 151
18003 84
18004 135
18005 33
18006 311
18007 64
18008 4
18009 4
18010 151
18011 197
18012 110
18013 150
18014 163
18015 151
18016 33
18017 63
18018 4
18019 124
18020 147
18021 197
18022 20
18023 151
18024 181
18025 78
18026 197
18027 110
18028 84
18029 197
18030 198
18031 89
18032 4
18033 197
18034 84
18035 151
18036 197
18037 20
18038 85
18039 163
18040 163
18041 110
18042 198
18043 151
18044 84
18045 181
18046 150
18047 9
18048 84
18049 147
18050 4
18051 163
18052 181
18053 248
18054 198
18055 198
18056 110
18057 314
18058 9
18059 109
18060 63
18061 147
18062 3
18063 135
18064 197
18065 89
18066 151
18067 33
18068 151
18069 197
18070 7
18071 151
18072 73
18073 33
18074 198
18075 78
18076 33
18077 4
18078 89
18079 198
18080 150
18081 135
18082 4
18083 181
18084 33
18085 198
18086 163
18087 89
18088 181
18089 20
18090 89
18091 84
18092 181
18093 89
18094 110
18095 84
18096 163
18097 147
18098 33
18099 20
18100 4
18101 181
18102 89
18103 110
18104 84
18105 4
18106 124
18107 4
18108 84
18109 4
18110 84
18111 84
18112 197
18113 147
18114 4
18115 163
18116 4
18117 197
18118 89
18119 181
18120 89
18121 135
18122 197
18123 197
18124 151
18125 151
18126 135
18127 126
18128 84
18129 181
18130 109
18131 85
18132 110
18133 89
18134 78
18135 151
18136 197
18137 89
18138 124
18139 33
18140 84
18141 197
18142 197
18143 135
18144 197
18145 150
18146 33
18147 151
18148 151
18149 135
18150 89
18151 197
18152 198
18153 135
18154 63
18155 181
18156 191
18157 147
18158 84
18159 85
18160 147
18161 84
18162 135
18163 89
18164 8
18165 84
18166 33
18167 198
18168 147
18169 78
18170 33
18171 7
18172 181
18173 151
18174 147
18175 109
18176 109
18177 78
18178 181
18179 124
18180 312
18181 198
18182 110
18183 89
18184 109
18185 313
18186 314
18187 197
18188 198
18189 25
18190 33
18191 109
18192 9
18193 315
18194 163
18195 163
18196 135
18197 147
18198 198
18199 163
18200 33
18201 131
18202 3
18203 110
18204 4
18205 181
18206 107
18207 63
18208 33
18209 8
18210 198
18211 135
18212 84
18213 151
18214 89
18215 110
18216 147
18217 197
18218 89
18219 163
18220 33
18221 197
18222 147
18223 4
18224 78
18225 147
18226 84
18227 197
18228 33
18229 84
18230 8
18231 110
18232 84
18233 151
18234 163
18235 33
18236 198
18237 147
18238 181
18239 198
18240 163
18241 147
18242 198
18243 4
18244 4
18245 181
18246 198
18247 198
18248 163
18249 135
18250 3
18251 181
18252 147
18253 147
18254 84
18255 124
18256 84
18257 4
18258 181
18259 84
18260 110
18261 181
18262 4
18263 63
18264 151
18265 135
18266 181
18267 181
18268 4
18269 286
18270 197
18271 4
18272 163
18273 84
18274 84
18275 84
18276 151
18277 110
18278 135
18279 151
18280 89
18281 78
18282 198
18283 198
18284 163
18285 291
18286 151
18287 9
18288 9
18289 4
18290 150
18291 109
18292 109
18293 181
18294 89
18295 198
18296 197
18297 181
18298 84
18299 4
18300 3
18301 147
18302 4
18303 4
18304 84
18305 7
18306 197
18307 84
18308 84
18309 163
18310 110
18311 110
18312 84
18313 273
18314 197
18315 84
18316 181
18317 4
18318 135
18319 163
18320 197
18321 9
18322 120
18323 197
18324 85
18325 135
18326 89
18327 89
18328 181
18329 163
18330 151
18331 197
18332 84
18333 197
18334 197
18335 84
18336 84
18337 163
18338 64
18339 163
18340 150
18341 3
18342 7
18343 3
18344 3
18345 3
18346 181
18347 316
18348 181
18349 63
18350 151
18351 7
18352 7
18353 198
18354 78
18355 203
18356 8
18357 7
18358 135
18359 198
18360 197
18361 3
18362 7
18363 63
18364 3
18365 7
18366 7
18367 317
18368 3
18369 151
18370 151
18371 7
18372 7
18373 3
18374 7
18375 7
18376 7
18377 3
18378 3
18379 163
18380 3
18381 151
18382 163
18383 4
18384 151
18385 3
18386 7
18387 163
18388 163
18389 197
18390 3
18391 84
18392 84
18393 198
18394 163
18395 78
18396 110
18397 151
18398 3
18399 7
18400 7
18401 147
18402 84
18403 198
18404 89
18405 84
18406 181
18407 110
18408 3
18409 124
18410 9
18411 1
18412 63
18413 89
18414 84
18415 3
18416 9
18417 131
18418 63
18419 151
18420 197
18421 318
18422 115
18423 7
18424 163
18425 181
18426 198
18427 181
18428 197
18429 89
18430 89
18431 8
18432 181
18433 197
18434 84
18435 84
18436 33
18437 197
18438 7
18439 197
18440 151
18441 163
18442 78
18443 7
18444 89
18445 163
18446 151
18447 3
18448 163
18449 3
18450 3
18451 163
18452 198
18453 163
18454 84
18455 78
18456 110
18457 63
18458 198
18459 181
18460 151
18461 163
18462 63
18463 3
18464 181
18465 7
18466 7
18467 163
18468 139
18469 84
18470 63
18471 7
18472 3
18473 3
18474 7
18475 7
18476 151
18477 3
18478 63
18479 163
18480 7
18481 163
18482 163
18483 197
18484 84
18485 89
18486 150
18487 197
18488 135
18489 135
18490 3
18491 135
18492 110
18493 33
18494 163
18495 84
18496 63
18497 109
18498 9
18499 151
18500 197
18501 135
18502 181
18503 319
18504 9
18505 163
18506 135
18507 197
18508 84
18509 197
18510 84
18511 84
18512 163
18513 135
18514 7
18515 198
18516 3
18517 135
18518 3
18519 7
18520 135
18521 135
18522 163
18523 3
18524 33
18525 89
18526 151
18527 63
18528 197
18529 197
18530 198
18531 84
18532 2
18533 135
18534 181
18535 124
18536 320
18537 181
18538 89
18539 89
18540 89
18541 4
18542 135
18543 197
18544 3
18545 4
18546 151
18547 198
18548 9
18549 197
18550 84
18551 84
18552 197
18553 131
18554 197
18555 110
18556 163
18557 197
18558 198
18559 181
18560 321
18561 4
18562 4
18563 135
18564 322
18565 26
18566 163
18567 151
18568 163
18569 163
18570 4
18571 147
18572 4
18573 84
18574 109
18575 20
18576 163
18577 26
18578 9
18579 163
18580 163
18581 163
18582 89
18583 110
18584 4
18585 89
18586 163
18587 323
18588 8
18589 150
18590 198
18591 181
18592 150
18593 9
18594 198
18595 163
18596 147
18597 150
18598 163
18599 198
18600 135
18601 163
18602 89
18603 181
18604 84
18605 197
18606 110
18607 4
18608 181
18609 181
18610 110
18611 163
18612 197
18613 198
18614 63
18615 8
18616 124
18617 8
18618 89
18619 63
18620 131
18621 84
18622 197
18623 198
18624 151
18625 163
18626 163
18627 135
18628 84
18629 197
18630 33
18631 240
18632 197
18633 84
18634 110
18635 4
18636 84
18637 163
18638 181
18639 197
18640 151
18641 163
18642 181
18643 163
18644 89
18645 135
18646 131
18647 181
18648 197
18649 181
18650 4
18651 147
18652 89
18653 163
18654 131
18655 26
18656 163
18657 198
18658 181
18659 147
18660 197
18661 163
18662 78
18663 126
18664 84
18665 110
18666 197
18667 84
18668 124
18669 151
18670 89
18671 84
18672 197
18673 135
18674 84
18675 163
18676 7
18677 324
18678 84
18679 135
18680 163
18681 89
18682 151
18683 89
18684 63
18685 143
18686 147
18687 163
18688 151
18689 8
18690 147
18691 197
18692 4
18693 197
18694 197
18695 135
18696 84
18697 84
18698 151
18699 181
18700 197
18701 147
18702 135
18703 135
18704 197
18705 63
18706 197
18707 124
18708 150
18709 198
18710 4
18711 89
18712 110
18713 6
18714 64
18715 163
18716 151
18717 151
18718 147
18719 84
18720 198
18721 197
18722 163
18723 150
18724 33
18725 84
18726 110
18727 89
18728 109
18729 33
18730 151
18731 84
18732 163
18733 131
18734 170
18735 151
18736 197
18737 4
18738 151
18739 197
18740 4
18741 78
18742 198
18743 135
18744 198
18745 163
18746 325
18747 198
18748 181
18749 78
18750 163
18751 163
18752 197
18753 131
18754 33
18755 3
18756 89
18757 181
18758 4
18759 51
18760 198
18761 272
18762 89
18763 163
18764 198
18765 163
18766 33
18767 4
18768 139
18769 151
18770 63
