310
0 179
1 198
2 69
3 25
4 105
5 12
6 63
7 69
8 69
9 302
10 25
11 12
12 12
13 30
14 30
15 114
16 51
17 35
18 30
19 69
20 69
21 179
22 69
23 179
24 69
25 179
26 118
27 171
28 105
29 35
30 28
31 105
32 35
33 12
34 25
35 35
36 12
37 35
38 105
39 12
40 35
41 30
42 298
43 118
44 35
45 0
46 0
47 77
48 12
49 12
50 35
51 28
52 105
53 198
54 25
55 35
56 69
57 69
58 114
59 19
60 12
61 179
62 35
63 1
64 28
65 77
66 51
67 35
68 23
69 69
70 30
71 105
72 35
73 77
74 25
75 105
76 35
77 105
78 28
79 105
80 114
81 210
82 77
83 23
84 86
85 19
86 19
87 283
88 19
89 19
90 23
91 86
92 69
93 77
94 28
95 12
96 35
97 19
98 23
99 28
100 69
101 90
102 2
103 69
104 19
105 35
106 30
107 105
108 12
109 12
110 179
111 12
112 30
113 118
114 179
115 90
116 35
117 179
118 35
119 51
120 3
121 77
122 23
123 30
124 28
125 4
126 179
127 118
128 118
129 35
130 179
131 69
132 77
133 12
134 53
135 12
136 179
137 35
138 30
139 118
140 114
141 105
142 30
143 114
144 5
145 179
146 51
147 19
148 12
149 30
150 61
151 105
152 35
153 179
154 179
155 12
156 12
157 5
158 12
159 19
160 142
161 6
162 6
163 105
164 30
165 69
166 69
167 7
168 105
169 19
170 105
171 30
172 35
173 35
174 118
175 19
176 114
177 8
178 69
179 28
180 35
181 12
182 35
183 179
184 35
185 19
186 30
187 86
188 35
189 51
190 30
191 179
192 25
193 118
194 61
195 179
196 90
197 23
198 61
199 179
200 30
201 69
202 9
203 25
204 189
205 189
206 105
207 12
208 35
209 114
210 69
211 105
212 5
213 69
214 105
215 56
216 77
217 35
218 12
219 118
220 28
221 105
222 28
223 179
224 35
225 278
226 77
227 77
228 179
229 118
230 105
231 211
232 28
233 69
234 132
235 61
236 69
237 179
238 77
239 179
240 2
241 69
242 25
243 12
244 12
245 69
246 51
247 12
248 10
249 12
250 35
251 19
252 30
253 51
254 11
255 30
256 179
257 28
258 28
259 30
260 35
261 61
262 12
263 77
264 28
265 35
266 23
267 12
268 114
269 179
270 105
271 12
272 118
273 12
274 35
275 56
276 28
277 35
278 28
279 28
280 12
281 23
282 114
283 179
284 19
285 19
286 179
287 86
288 56
289 12
290 47
291 12
292 30
293 12
294 28
295 51
296 12
297 35
298 28
299 30
300 51
301 35
302 179
303 35
304 12
305 179
306 114
307 25
308 118
309 13
310 118
311 30
312 118
313 229
314 19
315 19
316 273
317 28
318 28
319 12
320 118
321 19
322 118
323 105
324 51
325 35
326 229
327 25
328 35
329 14
330 179
331 118
332 56
333 28
334 118
335 35
336 25
337 229
338 229
339 12
340 30
341 19
342 19
343 19
344 114
345 15
346 12
347 51
348 12
349 105
350 118
351 28
352 28
353 51
354 2
355 19
356 28
357 12
358 23
359 23
360 35
361 30
362 179
363 16
364 180
365 69
366 179
367 179
368 69
369 69
370 12
371 30
372 77
373 118
374 12
375 51
376 118
377 35
378 35
379 179
380 25
381 179
382 12
383 28
384 51
385 179
386 17
387 90
388 19
389 229
390 35
391 35
392 118
393 9
394 118
395 18
396 12
397 298
398 229
399 77
400 28
401 69
402 12
403 118
404 118
405 90
406 114
407 28
408 28
409 216
410 69
411 12
412 51
413 12
414 35
415 12
416 12
417 19
418 114
419 77
420 77
421 12
422 12
423 35
424 12
425 12
426 19
427 12
428 19
429 19
430 12
431 229
432 86
433 35
434 77
435 30
436 105
437 118
438 179
439 118
440 28
441 179
442 179
443 12
444 86
445 86
446 19
447 12
448 28
449 56
450 30
451 12
452 30
453 28
454 125
455 30
456 105
457 20
458 229
459 118
460 229
461 35
462 245
463 35
464 35
465 28
466 69
467 17
468 12
469 23
470 23
471 179
472 77
473 28
474 56
475 118
476 22
477 23
478 69
479 25
480 105
481 28
482 0
483 30
484 15
485 23
486 23
487 35
488 25
489 35
490 19
491 24
492 12
493 28
494 35
495 35
496 25
497 12
498 27
499 12
500 12
501 105
502 23
503 118
504 61
505 35
506 12
507 175
508 35
509 114
510 19
511 56
512 69
513 28
514 114
515 26
516 30
517 35
518 69
519 12
520 51
521 27
522 118
523 28
524 28
525 118
526 28
527 35
528 28
529 77
530 28
531 19
532 35
533 77
534 23
535 51
536 27
537 90
538 77
539 30
540 118
541 12
542 28
543 179
544 105
545 105
546 105
547 118
548 28
549 28
550 51
551 118
552 35
553 25
554 35
555 29
556 12
557 35
558 28
559 12
560 30
561 30
562 179
563 56
564 86
565 30
566 86
567 86
568 12
569 28
570 35
571 35
572 31
573 5
574 51
575 77
576 179
577 19
578 105
579 105
580 35
581 32
582 35
583 179
584 196
585 25
586 30
587 19
588 12
589 35
590 77
591 114
592 19
593 12
594 69
595 198
596 19
597 28
598 77
599 86
600 30
601 19
602 118
603 77
604 12
605 35
606 5
607 118
608 118
609 90
610 19
611 179
612 285
613 30
614 51
615 105
616 80
617 33
618 77
619 35
620 114
621 114
622 19
623 90
624 0
625 12
626 69
627 105
628 179
629 34
630 25
631 35
632 54
633 19
634 19
635 86
636 86
637 12
638 30
639 179
640 179
641 179
642 90
643 69
644 12
645 35
646 179
647 118
648 69
649 35
650 255
651 56
652 35
653 12
654 105
655 56
656 118
657 25
658 179
659 179
660 30
661 51
662 28
663 2
664 56
665 179
666 86
667 36
668 105
669 30
670 35
671 37
672 118
673 23
674 86
675 12
676 12
677 179
678 38
679 35
680 114
681 25
682 51
683 12
684 86
685 35
686 2
687 19
688 35
689 35
690 21
691 77
692 12
693 179
694 35
695 56
696 23
697 179
698 23
699 28
700 114
701 86
702 30
703 12
704 229
705 118
706 35
707 86
708 69
709 19
710 19
711 90
712 30
713 41
714 12
715 77
716 40
717 30
718 229
719 77
720 77
721 28
722 30
723 12
724 28
725 35
726 30
727 51
728 35
729 35
730 105
731 12
732 25
733 19
734 69
735 28
736 179
737 41
738 118
739 25
740 69
741 28
742 30
743 19
744 35
745 42
746 198
747 64
748 5
749 56
750 12
751 77
752 56
753 12
754 229
755 28
756 30
757 77
758 12
759 90
760 30
761 28
762 86
763 12
764 56
765 21
766 32
767 25
768 35
769 77
770 179
771 12
772 69
773 19
774 12
775 56
776 12
777 69
778 77
779 28
780 12
781 77
782 12
783 61
784 25
785 77
786 23
787 35
788 35
789 12
790 12
791 118
792 198
793 30
794 27
795 118
796 19
797 23
798 294
799 179
800 28
801 209
802 118
803 43
804 179
805 69
806 56
807 44
808 35
809 19
810 12
811 28
812 179
813 56
814 114
815 12
816 179
817 105
818 105
819 56
820 45
821 12
822 28
823 179
824 0
825 19
826 35
827 19
828 46
829 30
830 5
831 12
832 69
833 25
834 56
835 47
836 48
837 80
838 51
839 12
840 49
841 0
842 69
843 77
844 77
845 118
846 86
847 28
848 105
849 19
850 44
851 28
852 61
853 28
854 77
855 30
856 44
857 118
858 56
859 179
860 179
861 50
862 28
863 10
864 12
865 90
866 19
867 28
868 12
869 28
870 0
871 118
872 35
873 35
874 179
875 56
876 35
877 19
878 35
879 118
880 28
881 30
882 30
883 30
884 19
885 51
886 35
887 12
888 118
889 35
890 114
891 19
892 56
893 35
894 35
895 69
896 30
897 12
898 30
899 105
900 179
901 179
902 69
903 69
904 12
905 69
906 28
907 80
908 23
909 35
910 179
911 118
912 77
913 51
914 35
915 56
916 28
917 80
918 77
919 19
920 28
921 179
922 86
923 179
924 114
925 28
926 35
927 51
928 198
929 12
930 35
931 12
932 77
933 118
934 118
935 12
936 86
937 12
938 105
939 19
940 12
941 25
942 52
943 69
944 35
945 179
946 28
947 21
948 19
949 114
950 12
951 12
952 12
953 12
954 105
955 35
956 30
957 53
958 51
959 105
960 118
961 105
962 105
963 12
964 105
965 118
966 105
967 19
968 105
969 12
970 12
971 19
972 19
973 19
974 19
975 28
976 54
977 35
978 77
979 118
980 118
981 12
982 19
983 35
984 118
985 55
986 118
987 118
988 118
989 77
990 28
991 114
992 179
993 28
994 12
995 61
996 28
997 35
998 90
999 77
1000 28
1001 105
1002 28
1003 118
1004 90
1005 28
1006 12
1007 19
1008 179
1009 179
1010 23
1011 77
1012 28
1013 69
1014 19
1015 28
1016 229
1017 114
1018 12
1019 35
1020 19
1021 35
1022 12
1023 51
1024 25
1025 179
1026 12
1027 118
1028 118
1029 12
1030 35
1031 35
1032 57
1033 118
1034 179
1035 267
1036 77
1037 58
1038 2
1039 35
1040 12
1041 3
1042 56
1043 59
1044 118
1045 51
1046 12
1047 28
1048 35
1049 77
1050 118
1051 105
1052 118
1053 28
1054 60
1055 28
1056 28
1057 77
1058 114
1059 25
1060 25
1061 19
1062 35
1063 19
1064 179
1065 23
1066 69
1067 12
1068 179
1069 179
1070 118
1071 25
1072 12
1073 19
1074 69
1075 229
1076 35
1077 35
1078 69
1079 69
1080 35
1081 51
1082 69
1083 19
1084 62
1085 56
1086 77
1087 69
1088 114
1089 25
1090 64
1091 114
1092 28
1093 19
1094 52
1095 118
1096 12
1097 19
1098 19
1099 19
1100 25
1101 114
1102 56
1103 0
1104 63
1105 25
1106 51
1107 19
1108 229
1109 69
1110 28
1111 179
1112 21
1113 25
1114 28
1115 64
1116 28
1117 12
1118 28
1119 147
1120 52
1121 23
1122 183
1123 28
1124 28
1125 28
1126 5
1127 105
1128 35
1129 23
1130 30
1131 19
1132 69
1133 19
1134 105
1135 69
1136 35
1137 30
1138 35
1139 0
1140 12
1141 12
1142 114
1143 2
1144 12
1145 35
1146 118
1147 35
1148 19
1149 19
1150 77
1151 28
1152 30
1153 30
1154 118
1155 90
1156 118
1157 56
1158 19
1159 30
1160 77
1161 28
1162 51
1163 12
1164 65
1165 35
1166 56
1167 30
1168 90
1169 105
1170 66
1171 12
1172 35
1173 179
1174 77
1175 12
1176 30
1177 35
1178 147
1179 118
1180 118
1181 51
1182 35
1183 19
1184 179
1185 30
1186 105
1187 114
1188 35
1189 69
1190 179
1191 114
1192 105
1193 35
1194 69
1195 77
1196 105
1197 30
1198 12
1199 28
1200 28
1201 12
1202 12
1203 179
1204 77
1205 118
1206 114
1207 118
1208 105
1209 30
1210 69
1211 69
1212 90
1213 69
1214 25
1215 30
1216 30
1217 151
1218 86
1219 21
1220 30
1221 30
1222 35
1223 35
1224 35
1225 35
1226 114
1227 35
1228 12
1229 12
1230 179
1231 105
1232 69
1233 179
1234 69
1235 77
1236 30
1237 35
1238 114
1239 77
1240 23
1241 56
1242 69
1243 28
1244 51
1245 118
1246 179
1247 61
1248 35
1249 69
1250 179
1251 12
1252 0
1253 51
1254 35
1255 56
1256 67
1257 77
1258 12
1259 25
1260 77
1261 28
1262 56
1263 35
1264 105
1265 12
1266 56
1267 35
1268 77
1269 28
1270 77
1271 114
1272 179
1273 35
1274 118
1275 51
1276 12
1277 51
1278 77
1279 30
1280 12
1281 12
1282 12
1283 19
1284 19
1285 12
1286 114
1287 118
1288 68
1289 28
1290 30
1291 61
1292 198
1293 77
1294 12
1295 118
1296 35
1297 35
1298 118
1299 8
1300 23
1301 12
1302 118
1303 114
1304 19
1305 105
1306 23
1307 5
1308 5
1309 51
1310 28
1311 90
1312 30
1313 185
1314 12
1315 35
1316 77
1317 35
1318 12
1319 19
1320 12
1321 25
1322 118
1323 77
1324 30
1325 69
1326 19
1327 12
1328 30
1329 30
1330 23
1331 30
1332 35
1333 105
1334 69
1335 51
1336 23
1337 12
1338 25
1339 32
1340 25
1341 30
1342 12
1343 105
1344 179
1345 35
1346 12
1347 179
1348 90
1349 30
1350 86
1351 118
1352 179
1353 19
1354 25
1355 118
1356 118
1357 35
1358 114
1359 28
1360 179
1361 28
1362 69
1363 35
1364 61
1365 118
1366 179
1367 12
1368 12
1369 35
1370 35
1371 86
1372 25
1373 114
1374 23
1375 35
1376 35
1377 35
1378 28
1379 25
1380 69
1381 69
1382 77
1383 19
1384 51
1385 61
1386 12
1387 25
1388 66
1389 28
1390 51
1391 12
1392 12
1393 105
1394 12
1395 229
1396 30
1397 30
1398 0
1399 56
1400 51
1401 25
1402 25
1403 35
1404 105
1405 35
1406 179
1407 35
1408 28
1409 69
1410 35
1411 77
1412 28
1413 69
1414 35
1415 260
1416 12
1417 77
1418 61
1419 0
1420 56
1421 105
1422 69
1423 19
1424 90
1425 12
1426 179
1427 69
1428 69
1429 118
1430 70
1431 12
1432 118
1433 30
1434 69
1435 118
1436 35
1437 23
1438 179
1439 56
1440 23
1441 118
1442 12
1443 12
1444 114
1445 23
1446 19
1447 118
1448 118
1449 51
1450 12
1451 105
1452 56
1453 35
1454 30
1455 28
1456 19
1457 77
1458 56
1459 12
1460 179
1461 51
1462 56
1463 19
1464 12
1465 179
1466 71
1467 69
1468 69
1469 261
1470 21
1471 35
1472 179
1473 114
1474 69
1475 86
1476 105
1477 69
1478 35
1479 195
1480 118
1481 69
1482 77
1483 23
1484 51
1485 12
1486 105
1487 25
1488 198
1489 179
1490 28
1491 12
1492 28
1493 179
1494 35
1495 118
1496 35
1497 19
1498 213
1499 28
1500 72
1501 179
1502 35
1503 30
1504 23
1505 35
1506 28
1507 19
1508 28
1509 12
1510 30
1511 30
1512 35
1513 35
1514 77
1515 30
1516 118
1517 19
1518 51
1519 179
1520 179
1521 30
1522 179
1523 118
1524 19
1525 12
1526 35
1527 12
1528 35
1529 51
1530 86
1531 179
1532 12
1533 19
1534 86
1535 28
1536 105
1537 105
1538 105
1539 105
1540 12
1541 179
1542 84
1543 12
1544 35
1545 77
1546 19
1547 35
1548 35
1549 51
1550 105
1551 28
1552 35
1553 86
1554 69
1555 35
1556 179
1557 30
1558 19
1559 12
1560 25
1561 35
1562 179
1563 73
1564 28
1565 118
1566 51
1567 32
1568 23
1569 118
1570 114
1571 114
1572 118
1573 35
1574 35
1575 30
1576 35
1577 69
1578 179
1579 51
1580 56
1581 69
1582 114
1583 12
1584 61
1585 12
1586 61
1587 61
1588 35
1589 12
1590 30
1591 86
1592 19
1593 35
1594 28
1595 77
1596 35
1597 27
1598 77
1599 72
1600 23
1601 35
1602 118
1603 28
1604 74
1605 198
1606 28
1607 77
1608 25
1609 30
1610 69
1611 118
1612 69
1613 56
1614 51
1615 51
1616 12
1617 35
1618 2
1619 118
1620 90
1621 35
1622 114
1623 23
1624 15
1625 179
1626 61
1627 28
1628 179
1629 69
1630 28
1631 61
1632 30
1633 69
1634 23
1635 35
1636 30
1637 114
1638 35
1639 179
1640 35
1641 114
1642 114
1643 12
1644 118
1645 12
1646 19
1647 77
1648 61
1649 19
1650 25
1651 28
1652 25
1653 30
1654 35
1655 30
1656 69
1657 179
1658 114
1659 77
1660 12
1661 179
1662 28
1663 118
1664 179
1665 12
1666 118
1667 179
1668 56
1669 105
1670 30
1671 21
1672 51
1673 30
1674 28
1675 179
1676 54
1677 35
1678 51
1679 179
1680 179
1681 12
1682 105
1683 12
1684 12
1685 105
1686 105
1687 105
1688 61
1689 30
1690 56
1691 108
1692 179
1693 179
1694 35
1695 25
1696 35
1697 25
1698 105
1699 105
1700 61
1701 105
1702 105
1703 12
1704 179
1705 105
1706 105
1707 77
1708 23
1709 23
1710 105
1711 118
1712 30
1713 105
1714 105
1715 105
1716 105
1717 12
1718 118
1719 30
1720 35
1721 86
1722 86
1723 90
1724 114
1725 35
1726 35
1727 19
1728 33
1729 25
1730 105
1731 35
1732 105
1733 105
1734 69
1735 214
1736 19
1737 105
1738 75
1739 30
1740 118
1741 105
1742 0
1743 90
1744 105
1745 51
1746 105
1747 105
1748 105
1749 77
1750 45
1751 35
1752 105
1753 69
1754 105
1755 105
1756 12
1757 105
1758 23
1759 35
1760 230
1761 105
1762 105
1763 91
1764 23
1765 105
1766 28
1767 35
1768 35
1769 77
1770 12
1771 30
1772 114
1773 28
1774 28
1775 189
1776 41
1777 126
1778 179
1779 28
1780 12
1781 77
1782 23
1783 118
1784 28
1785 30
1786 105
1787 56
1788 23
1789 76
1790 56
1791 105
1792 77
1793 77
1794 118
1795 23
1796 179
1797 28
1798 56
1799 118
1800 118
1801 179
1802 19
1803 30
1804 105
1805 56
1806 35
1807 105
1808 105
1809 28
1810 28
1811 35
1812 105
1813 77
1814 179
1815 35
1816 23
1817 51
1818 114
1819 28
1820 35
1821 179
1822 56
1823 86
1824 179
1825 56
1826 12
1827 105
1828 78
1829 35
1830 69
1831 77
1832 105
1833 179
1834 105
1835 105
1836 105
1837 118
1838 45
1839 79
1840 30
1841 23
1842 69
1843 23
1844 105
1845 105
1846 12
1847 118
1848 114
1849 179
1850 105
1851 21
1852 77
1853 69
1854 25
1855 77
1856 35
1857 35
1858 35
1859 19
1860 118
1861 118
1862 35
1863 303
1864 56
1865 114
1866 105
1867 12
1868 81
1869 105
1870 114
1871 105
1872 35
1873 105
1874 69
1875 23
1876 35
1877 23
1878 105
1879 30
1880 105
1881 118
1882 30
1883 118
1884 71
1885 262
1886 118
1887 179
1888 118
1889 179
1890 118
1891 35
1892 35
1893 82
1894 69
1895 28
1896 77
1897 69
1898 77
1899 30
1900 179
1901 114
1902 23
1903 30
1904 83
1905 51
1906 28
1907 118
1908 114
1909 19
1910 12
1911 105
1912 90
1913 61
1914 77
1915 86
1916 28
1917 28
1918 86
1919 209
1920 30
1921 35
1922 35
1923 290
1924 12
1925 77
1926 12
1927 77
1928 51
1929 28
1930 84
1931 23
1932 77
1933 35
1934 28
1935 86
1936 114
1937 179
1938 28
1939 30
1940 69
1941 28
1942 30
1943 23
1944 30
1945 19
1946 69
1947 23
1948 69
1949 69
1950 107
1951 30
1952 85
1953 179
1954 25
1955 19
1956 114
1957 35
1958 179
1959 35
1960 30
1961 69
1962 179
1963 86
1964 35
1965 28
1966 118
1967 19
1968 35
1969 56
1970 28
1971 30
1972 114
1973 2
1974 28
1975 28
1976 23
1977 51
1978 35
1979 51
1980 19
1981 90
1982 77
1983 87
1984 118
1985 179
1986 69
1987 69
1988 28
1989 30
1990 19
1991 19
1992 118
1993 35
1994 30
1995 118
1996 61
1997 28
1998 51
1999 48
2000 12
2001 88
2002 23
2003 23
2004 179
2005 23
2006 35
2007 35
2008 35
2009 35
2010 35
2011 69
2012 30
2013 35
2014 28
2015 30
2016 89
2017 90
2018 35
2019 179
2020 28
2021 35
2022 35
2023 69
2024 30
2025 10
2026 69
2027 86
2028 69
2029 19
2030 114
2031 179
2032 118
2033 239
2034 114
2035 28
2036 28
2037 77
2038 19
2039 179
2040 86
2041 12
2042 118
2043 61
2044 35
2045 23
2046 19
2047 179
2048 30
2049 35
2050 179
2051 114
2052 284
2053 105
2054 30
2055 12
2056 23
2057 90
2058 35
2059 12
2060 25
2061 105
2062 90
2063 69
2064 25
2065 12
2066 77
2067 35
2068 69
2069 51
2070 69
2071 69
2072 35
2073 28
2074 179
2075 28
2076 35
2077 35
2078 118
2079 35
2080 198
2081 89
2082 77
2083 30
2084 118
2085 51
2086 12
2087 28
2088 69
2089 12
2090 12
2091 12
2092 35
2093 12
2094 12
2095 69
2096 28
2097 23
2098 179
2099 28
2100 105
2101 80
2102 118
2103 56
2104 30
2105 23
2106 51
2107 105
2108 35
2109 69
2110 19
2111 30
2112 118
2113 2
2114 118
2115 32
2116 77
2117 23
2118 30
2119 118
2120 28
2121 23
2122 25
2123 62
2124 118
2125 179
2126 28
2127 35
2128 118
2129 12
2130 12
2131 118
2132 90
2133 28
2134 35
2135 12
2136 12
2137 69
2138 53
2139 105
2140 19
2141 28
2142 28
2143 47
2144 105
2145 30
2146 105
2147 105
2148 91
2149 35
2150 179
2151 118
2152 69
2153 229
2154 35
2155 35
2156 19
2157 35
2158 28
2159 28
2160 118
2161 12
2162 35
2163 28
2164 86
2165 12
2166 35
2167 118
2168 32
2169 198
2170 12
2171 35
2172 118
2173 19
2174 23
2175 80
2176 52
2177 51
2178 25
2179 291
2180 292
2181 179
2182 92
2183 92
2184 12
2185 12
2186 51
2187 77
2188 105
2189 105
2190 105
2191 28
2192 179
2193 30
2194 93
2195 105
2196 56
2197 114
2198 179
2199 35
2200 94
2201 94
2202 5
2203 105
2204 19
2205 69
2206 35
2207 105
2208 56
2209 35
2210 179
2211 90
2212 30
2213 179
2214 77
2215 19
2216 114
2217 179
2218 69
2219 114
2220 35
2221 95
2222 35
2223 35
2224 12
2225 12
2226 28
2227 179
2228 77
2229 69
2230 12
2231 30
2232 19
2233 30
2234 69
2235 105
2236 28
2237 25
2238 118
2239 35
2240 69
2241 32
2242 21
2243 118
2244 28
2245 118
2246 118
2247 12
2248 96
2249 35
2250 12
2251 35
2252 69
2253 21
2254 118
2255 97
2256 51
2257 114
2258 12
2259 28
2260 0
2261 21
2262 19
2263 179
2264 19
2265 118
2266 90
2267 69
2268 118
2269 56
2270 86
2271 179
2272 105
2273 51
2274 35
2275 25
2276 19
2277 30
2278 25
2279 23
2280 98
2281 179
2282 21
2283 99
2284 30
2285 105
2286 51
2287 118
2288 35
2289 179
2290 12
2291 12
2292 105
2293 90
2294 28
2295 100
2296 35
2297 35
2298 90
2299 25
2300 30
2301 56
2302 105
2303 12
2304 118
2305 198
2306 21
2307 28
2308 12
2309 19
2310 114
2311 113
2312 19
2313 19
2314 28
2315 35
2316 12
2317 19
2318 69
2319 69
2320 12
2321 61
2322 198
2323 51
2324 51
2325 169
2326 30
2327 19
2328 19
2329 105
2330 21
2331 118
2332 179
2333 28
2334 19
2335 19
2336 114
2337 101
2338 73
2339 179
2340 30
2341 179
2342 118
2343 179
2344 12
2345 35
2346 105
2347 179
2348 12
2349 35
2350 30
2351 25
2352 51
2353 30
2354 114
2355 118
2356 23
2357 102
2358 61
2359 114
2360 23
2361 12
2362 5
2363 69
2364 56
2365 25
2366 86
2367 28
2368 114
2369 28
2370 28
2371 103
2372 118
2373 23
2374 118
2375 25
2376 105
2377 35
2378 114
2379 35
2380 0
2381 69
2382 35
2383 179
2384 104
2385 105
2386 105
2387 12
2388 30
2389 118
2390 106
2391 12
2392 118
2393 114
2394 12
2395 118
2396 35
2397 118
2398 51
2399 30
2400 69
2401 118
2402 105
2403 30
2404 118
2405 69
2406 19
2407 30
2408 30
2409 21
2410 30
2411 118
2412 118
2413 25
2414 0
2415 105
2416 107
2417 56
2418 30
2419 30
2420 108
2421 51
2422 5
2423 30
2424 35
2425 105
2426 32
2427 229
2428 25
2429 109
2430 77
2431 179
2432 77
2433 28
2434 114
2435 90
2436 30
2437 110
2438 12
2439 35
2440 69
2441 69
2442 111
2443 28
2444 77
2445 86
2446 12
2447 28
2448 118
2449 112
2450 28
2451 35
2452 23
2453 56
2454 105
2455 118
2456 69
2457 179
2458 105
2459 77
2460 105
2461 77
2462 113
2463 69
2464 19
2465 179
2466 77
2467 23
2468 12
2469 35
2470 35
2471 35
2472 114
2473 30
2474 179
2475 35
2476 114
2477 28
2478 35
2479 35
2480 77
2481 115
2482 90
2483 105
2484 118
2485 105
2486 19
2487 118
2488 90
2489 118
2490 35
2491 118
2492 19
2493 86
2494 67
2495 77
2496 77
2497 51
2498 69
2499 118
2500 51
2501 229
2502 12
2503 105
2504 19
2505 118
2506 23
2507 118
2508 0
2509 77
2510 12
2511 69
2512 46
2513 0
2514 25
2515 105
2516 105
2517 12
2518 12
2519 25
2520 179
2521 30
2522 77
2523 77
2524 116
2525 118
2526 12
2527 19
2528 19
2529 56
2530 12
2531 0
2532 30
2533 262
2534 12
2535 114
2536 118
2537 35
2538 90
2539 118
2540 32
2541 19
2542 229
2543 30
2544 35
2545 114
2546 2
2547 51
2548 19
2549 179
2550 12
2551 19
2552 12
2553 23
2554 35
2555 21
2556 30
2557 69
2558 30
2559 69
2560 56
2561 105
2562 35
2563 77
2564 69
2565 105
2566 19
2567 114
2568 30
2569 77
2570 307
2571 30
2572 30
2573 35
2574 35
2575 86
2576 105
2577 12
2578 105
2579 23
2580 179
2581 118
2582 105
2583 161
2584 12
2585 25
2586 28
2587 120
2588 12
2589 97
2590 30
2591 35
2592 51
2593 35
2594 69
2595 30
2596 23
2597 179
2598 117
2599 30
2600 35
2601 12
2602 19
2603 23
2604 114
2605 179
2606 35
2607 35
2608 35
2609 118
2610 118
2611 114
2612 28
2613 28
2614 179
2615 118
2616 119
2617 28
2618 12
2619 35
2620 69
2621 114
2622 114
2623 12
2624 30
2625 35
2626 220
2627 69
2628 28
2629 86
2630 12
2631 61
2632 12
2633 12
2634 105
2635 19
2636 0
2637 35
2638 30
2639 12
2640 56
2641 120
2642 12
2643 118
2644 19
2645 28
2646 51
2647 35
2648 30
2649 12
2650 69
2651 69
2652 69
2653 0
2654 77
2655 69
2656 12
2657 23
2658 114
2659 301
2660 105
2661 35
2662 30
2663 77
2664 12
2665 35
2666 23
2667 25
2668 69
2669 118
2670 105
2671 19
2672 105
2673 69
2674 69
2675 56
2676 12
2677 114
2678 69
2679 28
2680 35
2681 19
2682 64
2683 12
2684 114
2685 69
2686 69
2687 28
2688 77
2689 69
2690 19
2691 12
2692 25
2693 118
2694 114
2695 86
2696 12
2697 56
2698 30
2699 30
2700 118
2701 179
2702 69
2703 28
2704 118
2705 28
2706 35
2707 51
2708 56
2709 12
2710 12
2711 308
2712 35
2713 179
2714 56
2715 23
2716 12
2717 51
2718 51
2719 179
2720 25
2721 30
2722 77
2723 69
2724 51
2725 179
2726 179
2727 19
2728 19
2729 28
2730 28
2731 28
2732 35
2733 86
2734 12
2735 51
2736 80
2737 105
2738 86
2739 30
2740 76
2741 28
2742 179
2743 77
2744 38
2745 179
2746 118
2747 51
2748 121
2749 30
2750 30
2751 118
2752 51
2753 12
2754 23
2755 147
2756 12
2757 229
2758 51
2759 30
2760 28
2761 114
2762 35
2763 69
2764 179
2765 114
2766 35
2767 12
2768 118
2769 21
2770 118
2771 12
2772 122
2773 28
2774 35
2775 28
2776 19
2777 90
2778 35
2779 61
2780 35
2781 56
2782 118
2783 35
2784 23
2785 35
2786 69
2787 30
2788 35
2789 118
2790 56
2791 56
2792 28
2793 23
2794 114
2795 28
2796 30
2797 61
2798 28
2799 118
2800 123
2801 21
2802 51
2803 118
2804 28
2805 27
2806 118
2807 12
2808 12
2809 35
2810 12
2811 12
2812 25
2813 35
2814 28
2815 124
2816 179
2817 35
2818 125
2819 179
2820 35
2821 118
2822 279
2823 56
2824 179
2825 114
2826 90
2827 130
2828 12
2829 51
2830 35
2831 118
2832 35
2833 105
2834 105
2835 179
2836 19
2837 25
2838 114
2839 114
2840 28
2841 12
2842 35
2843 35
2844 12
2845 28
2846 105
2847 28
2848 32
2849 12
2850 118
2851 179
2852 30
2853 114
2854 2
2855 11
2856 35
2857 28
2858 118
2859 105
2860 280
2861 114
2862 12
2863 23
2864 86
2865 105
2866 28
2867 23
2868 114
2869 118
2870 28
2871 25
2872 118
2873 61
2874 105
2875 105
2876 134
2877 56
2878 179
2879 30
2880 126
2881 56
2882 108
2883 118
2884 105
2885 35
2886 77
2887 35
2888 28
2889 229
2890 86
2891 19
2892 179
2893 28
2894 35
2895 19
2896 254
2897 105
2898 118
2899 105
2900 105
2901 105
2902 28
2903 35
2904 12
2905 35
2906 23
2907 30
2908 12
2909 69
2910 56
2911 51
2912 77
2913 118
2914 28
2915 69
2916 51
2917 23
2918 28
2919 12
2920 28
2921 30
2922 86
2923 35
2924 86
2925 118
2926 13
2927 77
2928 12
2929 35
2930 12
2931 77
2932 56
2933 35
2934 35
2935 179
2936 19
2937 114
2938 118
2939 118
2940 28
2941 114
2942 25
2943 28
2944 179
2945 19
2946 12
2947 80
2948 127
2949 12
2950 118
2951 118
2952 35
2953 39
2954 61
2955 30
2956 30
2957 25
2958 28
2959 87
2960 179
2961 12
2962 179
2963 5
2964 187
2965 68
2966 61
2967 77
2968 105
2969 19
2970 12
2971 229
2972 189
2973 90
2974 118
2975 118
2976 61
2977 35
2978 69
2979 179
2980 28
2981 51
2982 61
2983 35
2984 118
2985 28
2986 19
2987 19
2988 35
2989 35
2990 35
2991 56
2992 25
2993 105
2994 25
2995 90
2996 77
2997 35
2998 77
2999 86
3000 28
3001 90
3002 30
3003 51
3004 25
3005 179
3006 28
3007 19
3008 114
3009 23
3010 35
3011 51
3012 105
3013 30
3014 69
3015 28
3016 86
3017 179
3018 51
3019 51
3020 56
3021 69
3022 30
3023 21
3024 69
3025 35
3026 35
3027 49
3028 2
3029 128
3030 56
3031 28
3032 35
3033 179
3034 30
3035 90
3036 12
3037 118
3038 69
3039 69
3040 28
3041 35
3042 25
3043 19
3044 69
3045 118
3046 129
3047 69
3048 90
3049 21
3050 30
3051 179
3052 12
3053 69
3054 35
3055 105
3056 28
3057 77
3058 51
3059 105
3060 118
3061 35
3062 80
3063 12
3064 35
3065 19
3066 30
3067 19
3068 179
3069 69
3070 12
3071 51
3072 80
3073 90
3074 179
3075 30
3076 51
3077 118
3078 35
3079 51
3080 35
3081 84
3082 179
3083 130
3084 82
3085 69
3086 90
3087 77
3088 118
3089 12
3090 133
3091 12
3092 12
3093 23
3094 28
3095 131
3096 19
3097 114
3098 28
3099 25
3100 28
3101 12
3102 132
3103 133
3104 69
3105 19
3106 19
3107 28
3108 25
3109 61
3110 35
3111 30
3112 35
3113 118
3114 179
3115 118
3116 77
3117 114
3118 12
3119 179
3120 134
3121 12
3122 69
3123 69
3124 77
3125 114
3126 105
3127 69
3128 12
3129 35
3130 90
3131 19
3132 19
3133 12
3134 28
3135 35
3136 19
3137 179
3138 12
3139 28
3140 56
3141 12
3142 19
3143 30
3144 30
3145 105
3146 179
3147 35
3148 30
3149 12
3150 35
3151 90
3152 12
3153 61
3154 30
3155 12
3156 179
3157 105
3158 105
3159 105
3160 12
3161 77
3162 28
3163 69
3164 12
3165 28
3166 30
3167 12
3168 179
3169 30
3170 179
3171 61
3172 35
3173 30
3174 179
3175 30
3176 179
3177 179
3178 61
3179 179
3180 69
3181 274
3182 179
3183 28
3184 179
3185 179
3186 12
3187 2
3188 25
3189 19
3190 268
3191 105
3192 179
3193 179
3194 179
3195 56
3196 77
3197 179
3198 105
3199 135
3200 114
3201 56
3202 12
3203 12
3204 28
3205 12
3206 56
3207 12
3208 69
3209 179
3210 118
3211 86
3212 255
3213 174
3214 23
3215 35
3216 179
3217 179
3218 28
3219 25
3220 118
3221 56
3222 61
3223 114
3224 51
3225 105
3226 118
3227 179
3228 179
3229 25
3230 118
3231 30
3232 118
3233 19
3234 30
3235 86
3236 12
3237 179
3238 2
3239 56
3240 25
3241 28
3242 28
3243 84
3244 51
3245 105
3246 11
3247 77
3248 69
3249 28
3250 12
3251 19
3252 77
3253 86
3254 118
3255 118
3256 69
3257 77
3258 86
3259 69
3260 105
3261 118
3262 12
3263 30
3264 105
3265 35
3266 118
3267 12
3268 35
3269 114
3270 105
3271 46
3272 114
3273 35
3274 136
3275 0
3276 105
3277 105
3278 105
3279 179
3280 105
3281 105
3282 56
3283 28
3284 0
3285 35
3286 28
3287 77
3288 28
3289 28
3290 118
3291 35
3292 10
3293 179
3294 118
3295 35
3296 35
3297 118
3298 25
3299 35
3300 69
3301 12
3302 56
3303 34
3304 119
3305 105
3306 114
3307 61
3308 124
3309 12
3310 86
3311 61
3312 179
3313 114
3314 35
3315 114
3316 23
3317 30
3318 179
3319 69
3320 208
3321 30
3322 51
3323 35
3324 28
3325 12
3326 90
3327 35
3328 90
3329 35
3330 77
3331 118
3332 25
3333 19
3334 35
3335 35
3336 105
3337 23
3338 51
3339 12
3340 69
3341 69
3342 12
3343 86
3344 12
3345 77
3346 84
3347 35
3348 118
3349 12
3350 35
3351 56
3352 12
3353 105
3354 137
3355 61
3356 51
3357 51
3358 23
3359 19
3360 69
3361 118
3362 12
3363 77
3364 179
3365 12
3366 35
3367 114
3368 12
3369 19
3370 138
3371 77
3372 35
3373 12
3374 105
3375 179
3376 30
3377 28
3378 77
3379 105
3380 35
3381 86
3382 103
3383 19
3384 118
3385 69
3386 118
3387 23
3388 12
3389 5
3390 114
3391 21
3392 86
3393 35
3394 114
3395 167
3396 179
3397 66
3398 12
3399 139
3400 118
3401 114
3402 12
3403 105
3404 35
3405 229
3406 12
3407 118
3408 56
3409 30
3410 35
3411 12
3412 12
3413 114
3414 24
3415 118
3416 35
3417 77
3418 35
3419 51
3420 23
3421 21
3422 86
3423 2
3424 140
3425 2
3426 35
3427 30
3428 118
3429 105
3430 105
3431 35
3432 12
3433 105
3434 28
3435 141
3436 35
3437 69
3438 118
3439 69
3440 179
3441 229
3442 12
3443 56
3444 179
3445 30
3446 35
3447 105
3448 114
3449 77
3450 19
3451 179
3452 86
3453 90
3454 28
3455 30
3456 114
3457 294
3458 69
3459 12
3460 69
3461 12
3462 19
3463 19
3464 142
3465 69
3466 35
3467 51
3468 53
3469 61
3470 28
3471 21
3472 56
3473 30
3474 77
3475 69
3476 23
3477 30
3478 77
3479 90
3480 30
3481 30
3482 118
3483 25
3484 77
3485 12
3486 12
3487 35
3488 179
3489 25
3490 12
3491 12
3492 179
3493 28
3494 56
3495 233
3496 12
3497 118
3498 77
3499 179
3500 69
3501 2
3502 51
3503 143
3504 12
3505 229
3506 56
3507 30
3508 179
3509 69
3510 105
3511 35
3512 144
3513 28
3514 28
3515 114
3516 19
3517 30
3518 28
3519 179
3520 28
3521 77
3522 35
3523 145
3524 77
3525 19
3526 19
3527 12
3528 69
3529 118
3530 118
3531 179
3532 28
3533 19
3534 19
3535 179
3536 19
3537 35
3538 179
3539 12
3540 12
3541 179
3542 23
3543 12
3544 35
3545 175
3546 179
3547 35
3548 56
3549 51
3550 12
3551 61
3552 12
3553 25
3554 28
3555 25
3556 77
3557 51
3558 12
3559 118
3560 30
3561 30
3562 19
3563 35
3564 118
3565 19
3566 0
3567 25
3568 12
3569 51
3570 69
3571 194
3572 0
3573 35
3574 35
3575 105
3576 12
3577 35
3578 69
3579 179
3580 77
3581 28
3582 179
3583 12
3584 12
3585 118
3586 35
3587 35
3588 105
3589 146
3590 105
3591 118
3592 69
3593 179
3594 179
3595 114
3596 35
3597 179
3598 25
3599 25
3600 28
3601 28
3602 61
3603 118
3604 35
3605 51
3606 118
3607 12
3608 23
3609 12
3610 35
3611 69
3612 28
3613 118
3614 77
3615 61
3616 35
3617 30
3618 12
3619 21
3620 39
3621 19
3622 30
3623 77
3624 12
3625 28
3626 30
3627 12
3628 0
3629 105
3630 105
3631 105
3632 105
3633 12
3634 69
3635 69
3636 21
3637 21
3638 25
3639 35
3640 179
3641 118
3642 105
3643 12
3644 114
3645 12
3646 19
3647 114
3648 114
3649 30
3650 198
3651 105
3652 35
3653 77
3654 19
3655 28
3656 28
3657 25
3658 28
3659 28
3660 35
3661 23
3662 35
3663 30
3664 77
3665 35
3666 35
3667 12
3668 12
3669 12
3670 114
3671 23
3672 35
3673 35
3674 12
3675 86
3676 35
3677 35
3678 30
3679 265
3680 25
3681 35
3682 19
3683 30
3684 114
3685 19
3686 35
3687 23
3688 118
3689 30
3690 35
3691 30
3692 179
3693 69
3694 90
3695 12
3696 90
3697 90
3698 35
3699 35
3700 28
3701 114
3702 51
3703 179
3704 25
3705 21
3706 105
3707 35
3708 12
3709 12
3710 12
3711 12
3712 90
3713 56
3714 114
3715 21
3716 30
3717 86
3718 237
3719 12
3720 77
3721 56
3722 61
3723 30
3724 35
3725 114
3726 28
3727 28
3728 77
3729 120
3730 35
3731 198
3732 35
3733 308
3734 118
3735 30
3736 2
3737 23
3738 2
3739 12
3740 179
3741 35
3742 118
3743 56
3744 51
3745 114
3746 90
3747 118
3748 12
3749 28
3750 118
3751 35
3752 35
3753 90
3754 77
3755 56
3756 28
3757 61
3758 28
3759 12
3760 118
3761 77
3762 35
3763 28
3764 118
3765 118
3766 35
3767 69
3768 56
3769 12
3770 69
3771 148
3772 19
3773 148
3774 35
3775 28
3776 118
3777 12
3778 114
3779 35
3780 35
3781 105
3782 25
3783 118
3784 149
3785 105
3786 105
3787 69
3788 35
3789 35
3790 150
3791 118
3792 77
3793 43
3794 179
3795 28
3796 0
3797 51
3798 118
3799 77
3800 25
3801 19
3802 229
3803 151
3804 25
3805 61
3806 179
3807 28
3808 69
3809 12
3810 28
3811 69
3812 30
3813 19
3814 77
3815 179
3816 77
3817 105
3818 118
3819 30
3820 179
3821 30
3822 110
3823 19
3824 35
3825 23
3826 114
3827 25
3828 118
3829 152
3830 77
3831 56
3832 105
3833 118
3834 105
3835 105
3836 179
3837 105
3838 113
3839 105
3840 105
3841 53
3842 105
3843 12
3844 12
3845 35
3846 35
3847 56
3848 14
3849 179
3850 129
3851 19
3852 114
3853 105
3854 12
3855 28
3856 12
3857 306
3858 69
3859 179
3860 114
3861 77
3862 23
3863 19
3864 51
3865 179
3866 56
3867 86
3868 12
3869 12
3870 118
3871 86
3872 12
3873 179
3874 179
3875 35
3876 35
3877 12
3878 30
3879 35
3880 28
3881 12
3882 35
3883 179
3884 30
3885 118
3886 77
3887 69
3888 77
3889 12
3890 12
3891 77
3892 35
3893 12
3894 30
3895 77
3896 51
3897 77
3898 153
3899 19
3900 179
3901 12
3902 179
3903 154
3904 25
3905 35
3906 90
3907 86
3908 118
3909 19
3910 12
3911 23
3912 19
3913 35
3914 118
3915 179
3916 179
3917 35
3918 294
3919 69
3920 118
3921 199
3922 114
3923 229
3924 12
3925 35
3926 51
3927 105
3928 77
3929 77
3930 45
3931 179
3932 12
3933 179
3934 114
3935 114
3936 30
3937 118
3938 28
3939 12
3940 114
3941 179
3942 179
3943 30
3944 105
3945 118
3946 35
3947 28
3948 12
3949 35
3950 155
3951 23
3952 51
3953 77
3954 69
3955 12
3956 12
3957 30
3958 77
3959 30
3960 30
3961 105
3962 118
3963 118
3964 12
3965 35
3966 179
3967 69
3968 51
3969 12
3970 12
3971 179
3972 35
3973 105
3974 19
3975 35
3976 179
3977 114
3978 35
3979 118
3980 119
3981 19
3982 12
3983 77
3984 105
3985 56
3986 138
3987 69
3988 300
3989 179
3990 179
3991 156
3992 35
3993 179
3994 118
3995 12
3996 12
3997 25
3998 12
3999 105
4000 105
4001 118
4002 179
4003 35
4004 19
4005 28
4006 5
4007 86
4008 35
4009 30
4010 19
4011 56
4012 118
4013 51
4014 35
4015 35
4016 51
4017 157
4018 25
4019 69
4020 12
4021 77
4022 30
4023 30
4024 114
4025 198
4026 28
4027 77
4028 12
4029 77
4030 179
4031 179
4032 35
4033 118
4034 221
4035 86
4036 25
4037 69
4038 69
4039 179
4040 179
4041 12
4042 179
4043 69
4044 86
4045 25
4046 105
4047 69
4048 179
4049 51
4050 69
4051 35
4052 179
4053 105
4054 118
4055 28
4056 179
4057 179
4058 207
4059 77
4060 12
4061 35
4062 35
4063 12
4064 179
4065 179
4066 114
4067 12
4068 77
4069 51
4070 114
4071 179
4072 118
4073 25
4074 25
4075 179
4076 179
4077 179
4078 28
4079 86
4080 179
4081 105
4082 179
4083 105
4084 179
4085 86
4086 108
4087 179
4088 30
4089 25
4090 69
4091 69
4092 69
4093 12
4094 12
4095 51
4096 105
4097 105
4098 105
4099 23
4100 12
4101 105
4102 35
4103 35
4104 158
4105 69
4106 114
4107 179
4108 77
4109 25
4110 35
4111 159
4112 51
4113 25
4114 28
4115 69
4116 12
4117 19
4118 77
4119 56
4120 35
4121 118
4122 28
4123 69
4124 30
4125 28
4126 118
4127 30
4128 30
4129 30
4130 12
4131 300
4132 12
4133 69
4134 35
4135 77
4136 82
4137 69
4138 69
4139 179
4140 12
4141 69
4142 35
4143 69
4144 114
4145 77
4146 287
4147 19
4148 28
4149 51
4150 118
4151 229
4152 25
4153 86
4154 19
4155 35
4156 19
4157 179
4158 35
4159 25
4160 69
4161 35
4162 30
4163 35
4164 69
4165 77
4166 179
4167 179
4168 28
4169 179
4170 28
4171 118
4172 56
4173 69
4174 35
4175 28
4176 12
4177 30
4178 35
4179 56
4180 12
4181 77
4182 179
4183 32
4184 69
4185 114
4186 118
4187 23
4188 118
4189 69
4190 35
4191 118
4192 118
4193 77
4194 5
4195 19
4196 118
4197 35
4198 30
4199 35
4200 61
4201 118
4202 179
4203 179
4204 179
4205 23
4206 179
4207 30
4208 90
4209 70
4210 51
4211 69
4212 35
4213 51
4214 28
4215 69
4216 61
4217 35
4218 28
4219 118
4220 12
4221 35
4222 28
4223 30
4224 23
4225 35
4226 35
4227 105
4228 35
4229 35
4230 69
4231 179
4232 28
4233 12
4234 105
4235 179
4236 35
4237 69
4238 69
4239 179
4240 28
4241 179
4242 30
4243 56
4244 118
4245 69
4246 12
4247 179
4248 12
4249 35
4250 12
4251 12
4252 286
4253 35
4254 105
4255 35
4256 118
4257 118
4258 35
4259 30
4260 35
4261 105
4262 69
4263 35
4264 69
4265 28
4266 118
4267 35
4268 77
4269 160
4270 118
4271 19
4272 61
4273 23
4274 56
4275 182
4276 12
4277 12
4278 12
4279 12
4280 61
4281 23
4282 28
4283 179
4284 28
4285 19
4286 179
4287 118
4288 114
4289 35
4290 179
4291 77
4292 118
4293 69
4294 35
4295 179
4296 19
4297 19
4298 19
4299 35
4300 56
4301 22
4302 28
4303 28
4304 12
4305 69
4306 105
4307 181
4308 105
4309 105
4310 28
4311 23
4312 28
4313 51
4314 105
4315 105
4316 105
4317 146
4318 30
4319 12
4320 105
4321 105
4322 28
4323 118
4324 61
4325 30
4326 12
4327 118
4328 118
4329 28
4330 123
4331 29
4332 69
4333 51
4334 86
4335 105
4336 51
4337 179
4338 12
4339 12
4340 69
4341 179
4342 56
4343 56
4344 19
4345 179
4346 28
4347 77
4348 23
4349 161
4350 179
4351 28
4352 28
4353 105
4354 12
4355 179
4356 12
4357 12
4358 77
4359 289
4360 179
4361 179
4362 30
4363 105
4364 118
4365 30
4366 30
4367 12
4368 114
4369 12
4370 19
4371 198
4372 35
4373 69
4374 35
4375 12
4376 25
4377 35
4378 12
4379 105
4380 69
4381 35
4382 23
4383 105
4384 35
4385 105
4386 35
4387 35
4388 105
4389 105
4390 105
4391 35
4392 105
4393 105
4394 105
4395 105
4396 105
4397 105
4398 77
4399 105
4400 30
4401 28
4402 28
4403 12
4404 179
4405 69
4406 35
4407 114
4408 35
4409 25
4410 12
4411 19
4412 77
4413 69
4414 35
4415 12
4416 23
4417 114
4418 32
4419 23
4420 35
4421 35
4422 179
4423 179
4424 118
4425 179
4426 179
4427 105
4428 105
4429 153
4430 12
4431 35
4432 23
4433 105
4434 12
4435 149
4436 69
4437 86
4438 28
4439 69
4440 30
4441 118
4442 35
4443 30
4444 162
4445 179
4446 12
4447 105
4448 105
4449 114
4450 105
4451 105
4452 28
4453 105
4454 77
4455 77
4456 35
4457 35
4458 21
4459 12
4460 77
4461 25
4462 186
4463 30
4464 35
4465 19
4466 90
4467 28
4468 105
4469 86
4470 28
4471 179
4472 179
4473 30
4474 35
4475 179
4476 163
4477 229
4478 118
4479 86
4480 179
4481 51
4482 179
4483 35
4484 179
4485 69
4486 105
4487 28
4488 118
4489 118
4490 179
4491 35
4492 12
4493 19
4494 179
4495 35
4496 30
4497 25
4498 25
4499 56
4500 179
4501 179
4502 28
4503 28
4504 19
4505 19
4506 28
4507 118
4508 19
4509 114
4510 35
4511 179
4512 56
4513 19
4514 30
4515 118
4516 12
4517 51
4518 179
4519 179
4520 69
4521 23
4522 35
4523 28
4524 179
4525 179
4526 56
4527 77
4528 105
4529 12
4530 118
4531 35
4532 229
4533 12
4534 164
4535 35
4536 19
4537 179
4538 35
4539 28
4540 12
4541 12
4542 12
4543 179
4544 19
4545 51
4546 12
4547 179
4548 179
4549 5
4550 118
4551 105
4552 105
4553 12
4554 12
4555 30
4556 12
4557 118
4558 35
4559 18
4560 25
4561 77
4562 19
4563 25
4564 90
4565 30
4566 12
4567 19
4568 69
4569 61
4570 69
4571 23
4572 10
4573 12
4574 77
4575 178
4576 35
4577 179
4578 179
4579 179
4580 28
4581 118
4582 165
4583 105
4584 61
4585 69
4586 30
4587 51
4588 179
4589 69
4590 25
4591 28
4592 69
4593 86
4594 24
4595 24
4596 30
4597 19
4598 19
4599 19
4600 19
4601 179
4602 77
4603 179
4604 179
4605 179
4606 179
4607 12
4608 28
4609 12
4610 51
4611 0
4612 166
4613 28
4614 118
4615 19
4616 77
4617 12
4618 229
4619 77
4620 28
4621 28
4622 19
4623 12
4624 39
4625 35
4626 28
4627 61
4628 69
4629 69
4630 30
4631 179
4632 118
4633 179
4634 12
4635 86
4636 35
4637 118
4638 56
4639 19
4640 12
4641 32
4642 69
4643 35
4644 35
4645 179
4646 90
4647 30
4648 118
4649 167
4650 19
4651 30
4652 28
4653 35
4654 168
4655 77
4656 19
4657 12
4658 105
4659 69
4660 77
4661 12
4662 28
4663 105
4664 80
4665 105
4666 51
4667 19
4668 118
4669 69
4670 35
4671 114
4672 12
4673 30
4674 28
4675 118
4676 35
4677 69
4678 28
4679 28
4680 19
4681 105
4682 12
4683 35
4684 28
4685 118
4686 118
4687 30
4688 69
4689 19
4690 19
4691 28
4692 179
4693 179
4694 23
4695 179
4696 69
4697 105
4698 77
4699 35
4700 35
4701 35
4702 118
4703 35
4704 35
4705 77
4706 56
4707 179
4708 19
4709 77
4710 77
4711 77
4712 77
4713 35
4714 198
4715 12
4716 12
4717 86
4718 19
4719 56
4720 28
4721 164
4722 118
4723 118
4724 61
4725 77
4726 105
4727 105
4728 56
4729 105
4730 105
4731 118
4732 12
4733 169
4734 28
4735 61
4736 118
4737 30
4738 209
4739 114
4740 105
4741 105
4742 35
4743 105
4744 105
4745 77
4746 12
4747 105
4748 105
4749 12
4750 69
4751 26
4752 179
4753 86
4754 51
4755 35
4756 105
4757 19
4758 159
4759 118
4760 105
4761 12
4762 23
4763 25
4764 30
4765 28
4766 23
4767 23
4768 35
4769 51
4770 12
4771 23
4772 51
4773 179
4774 179
4775 25
4776 105
4777 35
4778 35
4779 56
4780 35
4781 86
4782 118
4783 28
4784 118
4785 19
4786 69
4787 35
4788 170
4789 179
4790 118
4791 118
4792 12
4793 114
4794 12
4795 105
4796 35
4797 12
4798 19
4799 19
4800 209
4801 69
4802 23
4803 28
4804 28
4805 19
4806 19
4807 30
4808 90
4809 105
4810 105
4811 86
4812 118
4813 25
4814 32
4815 69
4816 35
4817 12
4818 35
4819 171
4820 12
4821 19
4822 28
4823 12
4824 118
4825 118
4826 23
4827 30
4828 172
4829 105
4830 19
4831 35
4832 35
4833 12
4834 12
4835 69
4836 69
4837 30
4838 179
4839 23
4840 12
4841 12
4842 118
4843 229
4844 179
4845 69
4846 173
4847 173
4848 51
4849 12
4850 179
4851 12
4852 35
4853 12
4854 19
4855 69
4856 69
4857 28
4858 105
4859 179
4860 179
4861 35
4862 179
4863 118
4864 179
4865 35
4866 12
4867 77
4868 12
4869 77
4870 229
4871 174
4872 118
4873 77
4874 118
4875 30
4876 27
4877 105
4878 12
4879 35
4880 25
4881 28
4882 118
4883 12
4884 35
4885 272
4886 21
4887 118
4888 105
4889 118
4890 77
4891 30
4892 28
4893 90
4894 77
4895 12
4896 179
4897 25
4898 198
4899 12
4900 118
4901 23
4902 12
4903 35
4904 118
4905 12
4906 25
4907 69
4908 179
4909 105
4910 12
4911 175
4912 35
4913 51
4914 69
4915 179
4916 30
4917 118
4918 30
4919 179
4920 23
4921 23
4922 35
4923 30
4924 35
4925 77
4926 30
4927 30
4928 35
4929 105
4930 179
4931 51
4932 21
4933 35
4934 35
4935 114
4936 25
4937 19
4938 28
4939 118
4940 12
4941 56
4942 105
4943 105
4944 105
4945 19
4946 12
4947 179
4948 176
4949 28
4950 69
4951 69
4952 177
4953 35
4954 30
4955 12
4956 118
4957 19
4958 51
4959 35
4960 69
4961 12
4962 114
4963 105
4964 105
4965 77
4966 35
4967 90
4968 189
4969 178
4970 105
4971 28
4972 56
4973 12
4974 69
4975 179
4976 30
4977 35
4978 28
4979 179
4980 30
4981 30
4982 105
4983 179
4984 30
4985 12
4986 77
4987 118
4988 229
4989 12
4990 114
4991 179
4992 179
4993 51
4994 69
4995 30
4996 12
4997 23
4998 179
4999 30
5000 25
5001 140
5002 35
5003 30
5004 179
5005 180
5006 32
5007 179
5008 51
5009 179
5010 179
5011 19
5012 127
5013 69
5014 51
5015 34
5016 12
5017 78
5018 28
5019 19
5020 25
5021 51
5022 105
5023 35
5024 12
5025 35
5026 77
5027 105
5028 28
5029 12
5030 12
5031 30
5032 12
5033 35
5034 118
5035 30
5036 12
5037 2
5038 179
5039 181
5040 30
5041 35
5042 69
5043 35
5044 19
5045 182
5046 12
5047 179
5048 118
5049 77
5050 19
5051 69
5052 35
5053 28
5054 118
5055 30
5056 179
5057 23
5058 19
5059 30
5060 35
5061 37
5062 77
5063 105
5064 105
5065 28
5066 12
5067 77
5068 38
5069 171
5070 86
5071 28
5072 69
5073 69
5074 105
5075 28
5076 179
5077 30
5078 12
5079 229
5080 114
5081 12
5082 56
5083 32
5084 51
5085 19
5086 35
5087 35
5088 12
5089 86
5090 35
5091 28
5092 66
5093 17
5094 17
5095 35
5096 118
5097 0
5098 30
5099 66
5100 28
5101 28
5102 77
5103 12
5104 35
5105 30
5106 25
5107 30
5108 30
5109 179
5110 25
5111 118
5112 105
5113 179
5114 179
5115 12
5116 179
5117 30
5118 28
5119 118
5120 51
5121 61
5122 118
5123 86
5124 23
5125 105
5126 23
5127 105
5128 105
5129 61
5130 12
5131 28
5132 30
5133 30
5134 35
5135 179
5136 179
5137 118
5138 51
5139 28
5140 198
5141 118
5142 19
5143 25
5144 30
5145 35
5146 30
5147 165
5148 179
5149 179
5150 35
5151 28
5152 19
5153 0
5154 271
5155 28
5156 51
5157 28
5158 86
5159 51
5160 56
5161 23
5162 25
5163 183
5164 28
5165 118
5166 19
5167 61
5168 77
5169 118
5170 108
5171 0
5172 56
5173 179
5174 69
5175 179
5176 105
5177 181
5178 179
5179 179
5180 179
5181 181
5182 179
5183 28
5184 179
5185 179
5186 28
5187 105
5188 12
5189 105
5190 19
5191 51
5192 51
5193 77
5194 179
5195 114
5196 28
5197 28
5198 118
5199 5
5200 5
5201 184
5202 118
5203 69
5204 19
5205 35
5206 12
5207 28
5208 12
5209 114
5210 23
5211 90
5212 12
5213 27
5214 105
5215 118
5216 294
5217 19
5218 69
5219 12
5220 35
5221 25
5222 28
5223 56
5224 105
5225 12
5226 12
5227 19
5228 52
5229 35
5230 69
5231 25
5232 28
5233 69
5234 12
5235 12
5236 69
5237 35
5238 296
5239 28
5240 185
5241 35
5242 86
5243 118
5244 118
5245 77
5246 77
5247 28
5248 61
5249 12
5250 23
5251 114
5252 35
5253 105
5254 90
5255 90
5256 28
5257 105
5258 105
5259 179
5260 105
5261 179
5262 35
5263 105
5264 118
5265 179
5266 105
5267 35
5268 179
5269 23
5270 118
5271 12
5272 12
5273 114
5274 12
5275 12
5276 19
5277 12
5278 35
5279 105
5280 12
5281 114
5282 12
5283 51
5284 179
5285 28
5286 12
5287 28
5288 105
5289 12
5290 69
5291 28
5292 23
5293 35
5294 12
5295 12
5296 56
5297 28
5298 179
5299 105
5300 28
5301 179
5302 28
5303 179
5304 105
5305 28
5306 198
5307 12
5308 35
5309 12
5310 86
5311 35
5312 12
5313 5
5314 25
5315 63
5316 77
5317 51
5318 19
5319 12
5320 294
5321 118
5322 186
5323 187
5324 105
5325 28
5326 28
5327 179
5328 118
5329 188
5330 179
5331 179
5332 179
5333 51
5334 35
5335 51
5336 118
5337 105
5338 105
5339 118
5340 118
5341 229
5342 179
5343 179
5344 179
5345 12
5346 77
5347 12
5348 23
5349 35
5350 114
5351 28
5352 118
5353 12
5354 179
5355 179
5356 51
5357 189
5358 189
5359 12
5360 203
5361 35
5362 30
5363 77
5364 5
5365 5
5366 19
5367 19
5368 105
5369 248
5370 25
5371 0
5372 56
5373 12
5374 28
5375 280
5376 23
5377 12
5378 166
5379 35
5380 35
5381 69
5382 69
5383 86
5384 240
5385 246
5386 19
5387 30
5388 30
5389 77
5390 190
5391 0
5392 77
5393 28
5394 179
5395 0
5396 25
5397 5
5398 2
5399 19
5400 19
5401 204
5402 102
5403 179
5404 86
5405 12
5406 179
5407 229
5408 56
5409 0
5410 25
5411 28
5412 12
5413 30
5414 25
5415 77
5416 35
5417 114
5418 179
5419 179
5420 28
5421 12
5422 30
5423 229
5424 30
5425 118
5426 25
5427 86
5428 191
5429 191
5430 118
5431 77
5432 30
5433 19
5434 28
5435 105
5436 114
5437 51
5438 51
5439 221
5440 179
5441 201
5442 14
5443 74
5444 114
5445 25
5446 30
5447 69
5448 179
5449 30
5450 179
5451 12
5452 35
5453 118
5454 56
5455 12
5456 112
5457 112
5458 12
5459 30
5460 12
5461 35
5462 114
5463 179
5464 35
5465 28
5466 0
5467 28
5468 77
5469 250
5470 280
5471 69
5472 86
5473 69
5474 118
5475 28
5476 30
5477 12
5478 77
5479 51
5480 105
5481 118
5482 118
5483 51
5484 86
5485 28
5486 12
5487 12
5488 12
5489 179
5490 28
5491 106
5492 179
5493 12
5494 118
5495 30
5496 35
5497 114
5498 35
5499 192
5500 118
5501 28
5502 28
5503 28
5504 28
5505 28
5506 77
5507 61
5508 35
5509 28
5510 28
5511 30
5512 294
5513 118
5514 23
5515 30
5516 69
5517 179
5518 19
5519 35
5520 105
5521 30
5522 30
5523 12
5524 5
5525 179
5526 105
5527 12
5528 56
5529 19
5530 56
5531 32
5532 51
5533 3
5534 69
5535 28
5536 23
5537 77
5538 35
5539 12
5540 12
5541 196
5542 225
5543 30
5544 12
5545 105
5546 19
5547 105
5548 118
5549 51
5550 28
5551 179
5552 179
5553 179
5554 179
5555 25
5556 179
5557 12
5558 19
5559 35
5560 12
5561 23
5562 19
5563 30
5564 0
5565 179
5566 86
5567 35
5568 46
5569 2
5570 28
5571 86
5572 179
5573 30
5574 12
5575 118
5576 114
5577 77
5578 19
5579 35
5580 35
5581 30
5582 151
5583 19
5584 19
5585 30
5586 25
5587 28
5588 193
5589 69
5590 12
5591 69
5592 105
5593 12
5594 179
5595 25
5596 35
5597 179
5598 28
5599 77
5600 28
5601 105
5602 105
5603 12
5604 19
5605 28
5606 19
5607 51
5608 30
5609 105
5610 12
5611 30
5612 12
5613 35
5614 179
5615 28
5616 118
5617 69
5618 171
5619 114
5620 105
5621 0
5622 19
5623 229
5624 30
5625 179
5626 179
5627 30
5628 179
5629 179
5630 69
5631 69
5632 77
5633 12
5634 19
5635 77
5636 35
5637 77
5638 77
5639 28
5640 118
5641 86
5642 77
5643 90
5644 69
5645 56
5646 114
5647 105
5648 105
5649 23
5650 118
5651 19
5652 77
5653 35
5654 35
5655 56
5656 76
5657 12
5658 114
5659 179
5660 28
5661 56
5662 28
5663 118
5664 23
5665 297
5666 105
5667 35
5668 179
5669 35
5670 56
5671 114
5672 23
5673 105
5674 114
5675 12
5676 105
5677 35
5678 35
5679 19
5680 12
5681 105
5682 86
5683 77
5684 90
5685 12
5686 114
5687 12
5688 19
5689 12
5690 51
5691 12
5692 25
5693 179
5694 12
5695 69
5696 12
5697 12
5698 35
5699 12
5700 179
5701 105
5702 69
5703 12
5704 30
5705 86
5706 30
5707 56
5708 69
5709 30
5710 118
5711 114
5712 30
5713 77
5714 30
5715 12
5716 28
5717 35
5718 114
5719 19
5720 179
5721 51
5722 30
5723 69
5724 69
5725 35
5726 179
5727 35
5728 28
5729 118
5730 35
5731 105
5732 28
5733 35
5734 61
5735 12
5736 51
5737 12
5738 51
5739 194
5740 179
5741 118
5742 12
5743 162
5744 23
5745 12
5746 30
5747 35
5748 77
5749 35
5750 25
5751 28
5752 30
5753 23
5754 12
5755 69
5756 179
5757 12
5758 2
5759 105
5760 12
5761 35
5762 30
5763 23
5764 25
5765 77
5766 35
5767 69
5768 184
5769 51
5770 77
5771 35
5772 35
5773 27
5774 69
5775 77
5776 25
5777 114
5778 28
5779 35
5780 35
5781 25
5782 179
5783 35
5784 105
5785 118
5786 5
5787 77
5788 30
5789 35
5790 35
5791 32
5792 35
5793 35
5794 69
5795 28
5796 179
5797 30
5798 19
5799 28
5800 12
5801 35
5802 86
5803 51
5804 118
5805 12
5806 198
5807 12
5808 69
5809 35
5810 51
5811 28
5812 90
5813 179
5814 77
5815 35
5816 35
5817 35
5818 105
5819 114
5820 65
5821 65
5822 35
5823 35
5824 32
5825 108
5826 86
5827 35
5828 35
5829 19
5830 51
5831 56
5832 86
5833 86
5834 5
5835 195
5836 56
5837 114
5838 19
5839 51
5840 118
5841 114
5842 12
5843 90
5844 114
5845 35
5846 105
5847 23
5848 23
5849 77
5850 105
5851 56
5852 105
5853 19
5854 23
5855 0
5856 105
5857 179
5858 105
5859 23
5860 35
5861 118
5862 12
5863 30
5864 19
5865 35
5866 105
5867 30
5868 61
5869 179
5870 30
5871 86
5872 35
5873 28
5874 56
5875 61
5876 35
5877 118
5878 196
5879 30
5880 179
5881 77
5882 23
5883 56
5884 105
5885 35
5886 35
5887 86
5888 69
5889 114
5890 35
5891 30
5892 90
5893 12
5894 86
5895 35
5896 73
5897 114
5898 12
5899 62
5900 179
5901 19
5902 108
5903 51
5904 12
5905 19
5906 12
5907 179
5908 262
5909 28
5910 77
5911 28
5912 30
5913 35
5914 12
5915 114
5916 5
5917 105
5918 69
5919 51
5920 35
5921 30
5922 12
5923 77
5924 30
5925 30
5926 69
5927 0
5928 35
5929 69
5930 77
5931 61
5932 35
5933 257
5934 12
5935 35
5936 25
5937 118
5938 77
5939 179
5940 69
5941 12
5942 90
5943 229
5944 69
5945 56
5946 25
5947 12
5948 118
5949 19
5950 35
5951 190
5952 77
5953 12
5954 12
5955 69
5956 35
5957 179
5958 12
5959 25
5960 19
5961 229
5962 308
5963 12
5964 179
5965 179
5966 35
5967 30
5968 56
5969 35
5970 28
5971 28
5972 20
5973 12
5974 12
5975 105
5976 105
5977 105
5978 105
5979 105
5980 105
5981 105
5982 105
5983 12
5984 105
5985 105
5986 105
5987 105
5988 105
5989 105
5990 105
5991 77
5992 105
5993 12
5994 105
5995 105
5996 105
5997 118
5998 12
5999 86
6000 35
6001 12
6002 19
6003 19
6004 19
6005 35
6006 61
6007 69
6008 35
6009 114
6010 77
6011 69
6012 12
6013 179
6014 56
6015 179
6016 105
6017 56
6018 179
6019 23
6020 35
6021 86
6022 179
6023 105
6024 56
6025 228
6026 35
6027 25
6028 69
6029 105
6030 105
6031 86
6032 105
6033 179
6034 105
6035 105
6036 105
6037 35
6038 35
6039 179
6040 12
6041 118
6042 12
6043 105
6044 30
6045 179
6046 114
6047 86
6048 19
6049 105
6050 146
6051 25
6052 12
6053 30
6054 12
6055 30
6056 30
6057 118
6058 56
6059 69
6060 118
6061 146
6062 12
6063 25
6064 77
6065 35
6066 19
6067 35
6068 105
6069 77
6070 30
6071 19
6072 105
6073 105
6074 28
6075 12
6076 77
6077 35
6078 35
6079 77
6080 105
6081 12
6082 105
6083 32
6084 77
6085 56
6086 19
6087 35
6088 35
6089 28
6090 77
6091 28
6092 28
6093 35
6094 120
6095 12
6096 57
6097 105
6098 118
6099 35
6100 294
6101 28
6102 56
6103 30
6104 12
6105 118
6106 30
6107 35
6108 77
6109 114
6110 197
6111 77
6112 12
6113 189
6114 118
6115 35
6116 35
6117 19
6118 12
6119 77
6120 30
6121 179
6122 105
6123 51
6124 30
6125 12
6126 114
6127 118
6128 35
6129 179
6130 35
6131 118
6132 179
6133 25
6134 77
6135 12
6136 90
6137 90
6138 51
6139 35
6140 25
6141 51
6142 12
6143 12
6144 69
6145 30
6146 105
6147 114
6148 23
6149 61
6150 12
6151 51
6152 198
6153 86
6154 179
6155 23
6156 28
6157 56
6158 90
6159 28
6160 35
6161 69
6162 179
6163 77
6164 23
6165 105
6166 77
6167 105
6168 12
6169 105
6170 56
6171 105
6172 91
6173 105
6174 105
6175 105
6176 12
6177 77
6178 27
6179 69
6180 35
6181 12
6182 35
6183 35
6184 12
6185 35
6186 114
6187 35
6188 105
6189 28
6190 69
6191 28
6192 28
6193 12
6194 114
6195 41
6196 23
6197 28
6198 12
6199 35
6200 28
6201 56
6202 267
6203 27
6204 118
6205 118
6206 118
6207 179
6208 199
6209 200
6210 118
6211 179
6212 12
6213 105
6214 105
6215 77
6216 105
6217 56
6218 12
6219 25
6220 69
6221 35
6222 179
6223 69
6224 90
6225 90
6226 51
6227 12
6228 118
6229 25
6230 77
6231 105
6232 19
6233 19
6234 51
6235 51
6236 77
6237 76
6238 35
6239 35
6240 12
6241 12
6242 105
6243 35
6244 105
6245 105
6246 19
6247 105
6248 118
6249 105
6250 179
6251 35
6252 118
6253 35
6254 23
6255 35
6256 77
6257 179
6258 77
6259 12
6260 105
6261 28
6262 56
6263 35
6264 30
6265 30
6266 90
6267 35
6268 35
6269 90
6270 179
6271 179
6272 77
6273 155
6274 86
6275 35
6276 105
6277 35
6278 179
6279 30
6280 77
6281 179
6282 30
6283 118
6284 198
6285 229
6286 35
6287 19
6288 19
6289 12
6290 35
6291 58
6292 86
6293 30
6294 70
6295 30
6296 90
6297 12
6298 179
6299 201
6300 118
6301 35
6302 105
6303 12
6304 105
6305 35
6306 105
6307 179
6308 30
6309 30
6310 19
6311 56
6312 35
6313 69
6314 179
6315 77
6316 28
6317 12
6318 114
6319 77
6320 77
6321 28
6322 77
6323 105
6324 118
6325 202
6326 51
6327 23
6328 203
6329 5
6330 105
6331 90
6332 12
6333 105
6334 56
6335 19
6336 0
6337 179
6338 35
6339 51
6340 118
6341 23
6342 12
6343 19
6344 56
6345 56
6346 19
6347 28
6348 35
6349 128
6350 51
6351 51
6352 55
6353 145
6354 21
6355 2
6356 19
6357 35
6358 204
6359 28
6360 139
6361 105
6362 28
6363 86
6364 179
6365 229
6366 193
6367 105
6368 114
6369 166
6370 28
6371 28
6372 30
6373 105
6374 51
6375 12
6376 12
6377 35
6378 35
6379 35
6380 30
6381 105
6382 105
6383 19
6384 114
6385 118
6386 35
6387 28
6388 179
6389 176
6390 69
6391 69
6392 69
6393 19
6394 229
6395 23
6396 56
6397 28
6398 118
6399 118
6400 35
6401 2
6402 56
6403 179
6404 35
6405 179
6406 28
6407 12
6408 12
6409 19
6410 35
6411 23
6412 28
6413 12
6414 35
6415 35
6416 12
6417 77
6418 105
6419 51
6420 12
6421 12
6422 90
6423 114
6424 2
6425 30
6426 28
6427 118
6428 28
6429 25
6430 69
6431 179
6432 105
6433 105
6434 23
6435 19
6436 12
6437 179
6438 35
6439 160
6440 234
6441 90
6442 51
6443 118
6444 12
6445 12
6446 77
6447 54
6448 12
6449 114
6450 229
6451 205
6452 205
6453 19
6454 198
6455 30
6456 179
6457 35
6458 30
6459 35
6460 118
6461 35
6462 19
6463 28
6464 23
6465 118
6466 25
6467 105
6468 61
6469 77
6470 179
6471 69
6472 2
6473 28
6474 12
6475 30
6476 114
6477 30
6478 208
6479 28
6480 118
6481 56
6482 19
6483 35
6484 30
6485 23
6486 86
6487 35
6488 90
6489 69
6490 118
6491 179
6492 179
6493 206
6494 118
6495 179
6496 27
6497 35
6498 28
6499 35
6500 35
6501 12
6502 179
6503 61
6504 198
6505 118
6506 28
6507 19
6508 25
6509 179
6510 35
6511 12
6512 179
6513 28
6514 35
6515 69
6516 179
6517 61
6518 12
6519 35
6520 77
6521 35
6522 118
6523 118
6524 30
6525 0
6526 114
6527 35
6528 30
6529 179
6530 19
6531 19
6532 28
6533 28
6534 77
6535 61
6536 118
6537 30
6538 23
6539 35
6540 118
6541 35
6542 23
6543 105
6544 207
6545 35
6546 61
6547 25
6548 12
6549 19
6550 77
6551 69
6552 77
6553 86
6554 35
6555 56
6556 77
6557 114
6558 179
6559 28
6560 179
6561 208
6562 179
6563 179
6564 179
6565 51
6566 69
6567 56
6568 179
6569 41
6570 179
6571 28
6572 179
6573 179
6574 179
6575 118
6576 118
6577 77
6578 114
6579 28
6580 12
6581 19
6582 118
6583 19
6584 35
6585 118
6586 114
6587 179
6588 12
6589 229
6590 28
6591 12
6592 35
6593 12
6594 30
6595 19
6596 105
6597 28
6598 35
6599 229
6600 114
6601 69
6602 28
6603 28
6604 179
6605 118
6606 23
6607 35
6608 69
6609 30
6610 105
6611 30
6612 105
6613 51
6614 35
6615 35
6616 51
6617 19
6618 69
6619 30
6620 105
6621 23
6622 12
6623 35
6624 80
6625 77
6626 19
6627 179
6628 51
6629 35
6630 23
6631 61
6632 51
6633 60
6634 23
6635 77
6636 179
6637 28
6638 69
6639 30
6640 23
6641 12
6642 12
6643 28
6644 23
6645 51
6646 28
6647 28
6648 77
6649 61
6650 35
6651 30
6652 25
6653 12
6654 35
6655 61
6656 28
6657 23
6658 35
6659 90
6660 23
6661 69
6662 69
6663 114
6664 118
6665 118
6666 77
6667 51
6668 44
6669 56
6670 241
6671 118
6672 77
6673 118
6674 30
6675 76
6676 51
6677 35
6678 28
6679 19
6680 69
6681 118
6682 30
6683 56
6684 12
6685 30
6686 105
6687 105
6688 19
6689 179
6690 28
6691 229
6692 28
6693 105
6694 12
6695 35
6696 25
6697 28
6698 19
6699 12
6700 21
6701 35
6702 118
6703 86
6704 28
6705 179
6706 28
6707 108
6708 69
6709 19
6710 35
6711 19
6712 118
6713 80
6714 56
6715 28
6716 77
6717 35
6718 118
6719 19
6720 69
6721 276
6722 35
6723 69
6724 56
6725 56
6726 105
6727 12
6728 105
6729 35
6730 35
6731 209
6732 206
6733 12
6734 12
6735 30
6736 198
6737 77
6738 56
6739 105
6740 30
6741 105
6742 32
6743 105
6744 118
6745 219
6746 35
6747 27
6748 105
6749 69
6750 23
6751 28
6752 118
6753 77
6754 12
6755 118
6756 77
6757 12
6758 171
6759 229
6760 209
6761 30
6762 51
6763 114
6764 35
6765 12
6766 294
6767 69
6768 64
6769 28
6770 56
6771 69
6772 202
6773 202
6774 114
6775 35
6776 77
6777 105
6778 23
6779 41
6780 77
6781 30
6782 30
6783 294
6784 77
6785 12
6786 114
6787 35
6788 12
6789 179
6790 12
6791 19
6792 61
6793 25
6794 35
6795 50
6796 12
6797 118
6798 19
6799 19
6800 77
6801 21
6802 19
6803 35
6804 28
6805 69
6806 35
6807 30
6808 105
6809 69
6810 69
6811 179
6812 12
6813 35
6814 90
6815 69
6816 12
6817 105
6818 35
6819 35
6820 179
6821 179
6822 105
6823 35
6824 105
6825 27
6826 35
6827 19
6828 35
6829 28
6830 105
6831 179
6832 12
6833 12
6834 118
6835 179
6836 280
6837 118
6838 12
6839 28
6840 35
6841 12
6842 112
6843 28
6844 77
6845 25
6846 293
6847 12
6848 128
6849 210
6850 118
6851 12
6852 12
6853 32
6854 12
6855 259
6856 23
6857 209
6858 0
6859 77
6860 77
6861 19
6862 179
6863 25
6864 23
6865 105
6866 69
6867 35
6868 118
6869 30
6870 105
6871 105
6872 114
6873 118
6874 89
6875 118
6876 179
6877 23
6878 35
6879 179
6880 28
6881 90
6882 25
6883 28
6884 19
6885 52
6886 105
6887 23
6888 77
6889 12
6890 23
6891 12
6892 36
6893 28
6894 12
6895 86
6896 28
6897 105
6898 12
6899 19
6900 77
6901 179
6902 77
6903 77
6904 30
6905 105
6906 105
6907 33
6908 35
6909 114
6910 114
6911 35
6912 51
6913 118
6914 35
6915 97
6916 114
6917 179
6918 105
6919 179
6920 179
6921 69
6922 77
6923 229
6924 229
6925 23
6926 30
6927 35
6928 179
6929 77
6930 77
6931 137
6932 51
6933 35
6934 114
6935 179
6936 51
6937 12
6938 270
6939 35
6940 77
6941 25
6942 25
6943 77
6944 77
6945 118
6946 35
6947 83
6948 114
6949 179
6950 179
6951 105
6952 61
6953 179
6954 23
6955 179
6956 35
6957 35
6958 12
6959 77
6960 12
6961 77
6962 28
6963 25
6964 77
6965 35
6966 35
6967 179
6968 77
6969 61
6970 114
6971 35
6972 12
6973 118
6974 179
6975 77
6976 21
6977 105
6978 105
6979 35
6980 118
6981 28
6982 114
6983 211
6984 179
6985 56
6986 118
6987 118
6988 51
6989 118
6990 77
6991 179
6992 229
6993 179
6994 25
6995 12
6996 114
6997 30
6998 105
6999 69
7000 179
7001 35
7002 69
7003 179
7004 35
7005 212
7006 23
7007 30
7008 179
7009 35
7010 12
7011 69
7012 35
7013 213
7014 90
7015 35
7016 56
7017 179
7018 118
7019 118
7020 118
7021 28
7022 56
7023 12
7024 69
7025 25
7026 30
7027 214
7028 25
7029 12
7030 21
7031 12
7032 118
7033 189
7034 118
7035 35
7036 25
7037 69
7038 105
7039 28
7040 114
7041 118
7042 118
7043 12
7044 51
7045 35
7046 35
7047 215
7048 77
7049 105
7050 61
7051 51
7052 105
7053 179
7054 179
7055 179
7056 35
7057 21
7058 216
7059 28
7060 28
7061 69
7062 217
7063 25
7064 12
7065 179
7066 69
7067 35
7068 51
7069 108
7070 25
7071 25
7072 86
7073 35
7074 25
7075 179
7076 179
7077 103
7078 69
7079 56
7080 86
7081 35
7082 69
7083 56
7084 32
7085 242
7086 139
7087 218
7088 218
7089 105
7090 12
7091 105
7092 56
7093 28
7094 28
7095 77
7096 13
7097 179
7098 23
7099 114
7100 25
7101 35
7102 90
7103 28
7104 179
7105 30
7106 28
7107 25
7108 219
7109 27
7110 12
7111 118
7112 118
7113 35
7114 118
7115 35
7116 179
7117 28
7118 179
7119 12
7120 12
7121 28
7122 69
7123 114
7124 23
7125 229
7126 118
7127 114
7128 118
7129 198
7130 12
7131 23
7132 19
7133 28
7134 35
7135 52
7136 22
7137 294
7138 69
7139 179
7140 118
7141 179
7142 35
7143 12
7144 105
7145 105
7146 179
7147 77
7148 105
7149 118
7150 35
7151 35
7152 19
7153 90
7154 19
7155 77
7156 23
7157 28
7158 19
7159 35
7160 23
7161 35
7162 28
7163 35
7164 30
7165 179
7166 77
7167 114
7168 86
7169 198
7170 12
7171 28
7172 28
7173 179
7174 118
7175 28
7176 12
7177 294
7178 21
7179 69
7180 179
7181 114
7182 179
7183 179
7184 30
7185 179
7186 179
7187 220
7188 51
7189 28
7190 19
7191 28
7192 69
7193 23
7194 23
7195 12
7196 118
7197 12
7198 118
7199 229
7200 28
7201 19
7202 179
7203 12
7204 179
7205 28
7206 12
7207 77
7208 56
7209 25
7210 12
7211 179
7212 28
7213 77
7214 105
7215 7
7216 69
7217 28
7218 69
7219 51
7220 30
7221 30
7222 12
7223 69
7224 19
7225 28
7226 179
7227 12
7228 231
7229 35
7230 179
7231 179
7232 12
7233 222
7234 90
7235 28
7236 114
7237 77
7238 105
7239 105
7240 86
7241 28
7242 179
7243 86
7244 61
7245 179
7246 221
7247 229
7248 69
7249 86
7250 69
7251 179
7252 179
7253 25
7254 179
7255 30
7256 222
7257 179
7258 30
7259 221
7260 179
7261 165
7262 56
7263 223
7264 30
7265 28
7266 188
7267 105
7268 105
7269 69
7270 118
7271 23
7272 51
7273 12
7274 114
7275 30
7276 28
7277 25
7278 28
7279 12
7280 90
7281 51
7282 30
7283 179
7284 118
7285 12
7286 105
7287 69
7288 30
7289 56
7290 12
7291 86
7292 28
7293 25
7294 25
7295 35
7296 27
7297 27
7298 56
7299 56
7300 224
7301 28
7302 12
7303 171
7304 35
7305 12
7306 51
7307 171
7308 179
7309 105
7310 77
7311 77
7312 69
7313 69
7314 118
7315 90
7316 114
7317 105
7318 19
7319 12
7320 179
7321 77
7322 35
7323 35
7324 28
7325 28
7326 118
7327 51
7328 118
7329 12
7330 12
7331 12
7332 105
7333 179
7334 179
7335 105
7336 12
7337 35
7338 12
7339 69
7340 229
7341 12
7342 35
7343 30
7344 77
7345 69
7346 12
7347 28
7348 25
7349 69
7350 19
7351 118
7352 28
7353 12
7354 12
7355 35
7356 51
7357 90
7358 105
7359 12
7360 51
7361 51
7362 19
7363 19
7364 114
7365 28
7366 51
7367 28
7368 35
7369 118
7370 35
7371 25
7372 19
7373 72
7374 86
7375 27
7376 35
7377 35
7378 30
7379 69
7380 56
7381 35
7382 28
7383 28
7384 51
7385 12
7386 69
7387 12
7388 28
7389 105
7390 179
7391 35
7392 25
7393 61
7394 95
7395 77
7396 69
7397 179
7398 118
7399 19
7400 35
7401 105
7402 105
7403 61
7404 35
7405 30
7406 3
7407 23
7408 28
7409 105
7410 105
7411 105
7412 105
7413 35
7414 35
7415 12
7416 118
7417 30
7418 19
7419 90
7420 23
7421 35
7422 114
7423 179
7424 118
7425 19
7426 19
7427 77
7428 86
7429 12
7430 19
7431 12
7432 179
7433 77
7434 35
7435 35
7436 27
7437 12
7438 51
7439 56
7440 12
7441 114
7442 28
7443 28
7444 77
7445 86
7446 69
7447 35
7448 69
7449 25
7450 86
7451 86
7452 19
7453 19
7454 12
7455 19
7456 12
7457 229
7458 35
7459 105
7460 179
7461 114
7462 56
7463 69
7464 86
7465 179
7466 179
7467 179
7468 179
7469 295
7470 179
7471 179
7472 179
7473 105
7474 118
7475 179
7476 12
7477 12
7478 19
7479 12
7480 12
7481 77
7482 179
7483 165
7484 105
7485 30
7486 12
7487 56
7488 19
7489 179
7490 27
7491 77
7492 28
7493 105
7494 51
7495 77
7496 35
7497 90
7498 12
7499 23
7500 179
7501 23
7502 69
7503 179
7504 35
7505 3
7506 23
7507 90
7508 12
7509 12
7510 118
7511 56
7512 225
7513 35
7514 19
7515 19
7516 35
7517 12
7518 179
7519 69
7520 74
7521 35
7522 19
7523 105
7524 118
7525 5
7526 35
7527 226
7528 19
7529 19
7530 118
7531 12
7532 19
7533 28
7534 179
7535 30
7536 105
7537 227
7538 19
7539 103
7540 61
7541 179
7542 77
7543 179
7544 51
7545 61
7546 35
7547 179
7548 107
7549 179
7550 19
7551 2
7552 114
7553 19
7554 25
7555 12
7556 19
7557 19
7558 28
7559 229
7560 12
7561 105
7562 208
7563 105
7564 28
7565 282
7566 35
7567 179
7568 35
7569 12
7570 35
7571 30
7572 5
7573 28
7574 28
7575 12
7576 69
7577 179
7578 86
7579 12
7580 30
7581 0
7582 179
7583 179
7584 179
7585 30
7586 30
7587 30
7588 39
7589 77
7590 28
7591 105
7592 114
7593 118
7594 30
7595 304
7596 19
7597 12
7598 12
7599 12
7600 77
7601 69
7602 12
7603 19
7604 105
7605 28
7606 12
7607 35
7608 77
7609 12
7610 25
7611 77
7612 56
7613 30
7614 35
7615 179
7616 118
7617 105
7618 179
7619 118
7620 105
7621 69
7622 118
7623 179
7624 118
7625 30
7626 179
7627 23
7628 179
7629 61
7630 229
7631 179
7632 56
7633 179
7634 69
7635 179
7636 23
7637 12
7638 35
7639 77
7640 28
7641 179
7642 179
7643 118
7644 69
7645 179
7646 181
7647 179
7648 12
7649 69
7650 12
7651 30
7652 21
7653 105
7654 118
7655 179
7656 19
7657 118
7658 114
7659 56
7660 179
7661 28
7662 35
7663 12
7664 35
7665 25
7666 35
7667 228
7668 118
7669 69
7670 179
7671 114
7672 69
7673 105
7674 28
7675 12
7676 51
7677 30
7678 90
7679 35
7680 114
7681 28
7682 77
7683 35
7684 105
7685 30
7686 32
7687 30
7688 69
7689 19
7690 56
7691 56
7692 179
7693 69
7694 69
7695 51
7696 179
7697 12
7698 179
7699 12
7700 118
7701 19
7702 77
7703 23
7704 28
7705 179
7706 69
7707 28
7708 118
7709 28
7710 118
7711 28
7712 32
7713 25
7714 77
7715 229
7716 30
7717 30
7718 19
7719 12
7720 12
7721 122
7722 69
7723 25
7724 23
7725 229
7726 12
7727 105
7728 30
7729 28
7730 25
7731 179
7732 25
7733 28
7734 118
7735 118
7736 35
7737 179
7738 12
7739 69
7740 35
7741 12
7742 105
7743 105
7744 28
7745 179
7746 0
7747 179
7748 179
7749 77
7750 179
7751 56
7752 28
7753 64
7754 61
7755 28
7756 30
7757 77
7758 12
7759 51
7760 35
7761 114
7762 35
7763 69
7764 35
7765 229
7766 30
7767 30
7768 77
7769 19
7770 30
7771 105
7772 51
7773 12
7774 32
7775 76
7776 179
7777 6
7778 262
7779 179
7780 25
7781 90
7782 19
7783 179
7784 25
7785 25
7786 19
7787 23
7788 269
7789 12
7790 86
7791 114
7792 89
7793 277
7794 12
7795 5
7796 27
7797 35
7798 28
7799 90
7800 30
7801 12
7802 90
7803 35
7804 12
7805 179
7806 179
7807 12
7808 118
7809 30
7810 61
7811 77
7812 12
7813 118
7814 105
7815 179
7816 28
7817 56
7818 0
7819 51
7820 12
7821 105
7822 105
7823 12
7824 115
7825 56
7826 21
7827 25
7828 21
7829 77
7830 179
7831 19
7832 12
7833 86
7834 161
7835 114
7836 28
7837 12
7838 118
7839 77
7840 28
7841 30
7842 35
7843 35
7844 35
7845 51
7846 105
7847 27
7848 28
7849 179
7850 179
7851 230
7852 12
7853 61
7854 35
7855 229
7856 69
7857 118
7858 12
7859 105
7860 25
7861 179
7862 19
7863 77
7864 105
7865 28
7866 231
7867 12
7868 118
7869 114
7870 179
7871 32
7872 35
7873 232
7874 12
7875 77
7876 28
7877 35
7878 164
7879 30
7880 69
7881 19
7882 114
7883 56
7884 51
7885 118
7886 35
7887 114
7888 179
7889 23
7890 12
7891 118
7892 51
7893 69
7894 77
7895 12
7896 19
7897 114
7898 12
7899 56
7900 179
7901 28
7902 233
7903 114
7904 21
7905 30
7906 12
7907 105
7908 12
7909 86
7910 35
7911 35
7912 118
7913 77
7914 12
7915 234
7916 30
7917 23
7918 23
7919 23
7920 105
7921 61
7922 105
7923 28
7924 105
7925 105
7926 25
7927 28
7928 51
7929 35
7930 235
7931 118
7932 25
7933 114
7934 35
7935 12
7936 69
7937 77
7938 28
7939 69
7940 35
7941 51
7942 30
7943 23
7944 35
7945 12
7946 12
7947 30
7948 51
7949 118
7950 77
7951 140
7952 12
7953 5
7954 19
7955 35
7956 12
7957 118
7958 223
7959 114
7960 179
7961 105
7962 179
7963 28
7964 179
7965 105
7966 19
7967 86
7968 77
7969 12
7970 118
7971 19
7972 51
7973 56
7974 12
7975 35
7976 5
7977 77
7978 23
7979 28
7980 12
7981 118
7982 25
7983 105
7984 51
7985 69
7986 35
7987 105
7988 236
7989 299
7990 35
7991 30
7992 35
7993 12
7994 56
7995 19
7996 179
7997 69
7998 56
7999 300
8000 30
8001 19
8002 28
8003 77
8004 51
8005 118
8006 19
8007 12
8008 51
8009 12
8010 237
8011 120
8012 200
8013 35
8014 35
8015 35
8016 35
8017 238
8018 77
8019 12
8020 179
8021 179
8022 19
8023 229
8024 35
8025 12
8026 35
8027 12
8028 69
8029 56
8030 12
8031 239
8032 105
8033 35
8034 35
8035 12
8036 144
8037 114
8038 12
8039 12
8040 69
8041 69
8042 77
8043 23
8044 30
8045 12
8046 35
8047 27
8048 179
8049 35
8050 179
8051 69
8052 35
8053 30
8054 179
8055 90
8056 69
8057 163
8058 105
8059 105
8060 23
8061 118
8062 179
8063 69
8064 69
8065 12
8066 77
8067 61
8068 19
8069 179
8070 77
8071 19
8072 118
8073 51
8074 32
8075 12
8076 77
8077 23
8078 179
8079 246
8080 179
8081 23
8082 179
8083 35
8084 179
8085 179
8086 35
8087 11
8088 30
8089 179
8090 114
8091 56
8092 69
8093 114
8094 77
8095 2
8096 28
8097 35
8098 157
8099 35
8100 12
8101 61
8102 19
8103 69
8104 12
8105 30
8106 30
8107 105
8108 35
8109 28
8110 69
8111 51
8112 105
8113 35
8114 272
8115 179
8116 28
8117 199
8118 12
8119 19
8120 69
8121 25
8122 77
8123 12
8124 2
8125 30
8126 12
8127 23
8128 179
8129 179
8130 12
8131 118
8132 35
8133 30
8134 12
8135 28
8136 12
8137 61
8138 118
8139 25
8140 12
8141 198
8142 198
8143 23
8144 12
8145 64
8146 118
8147 12
8148 77
8149 69
8150 30
8151 114
8152 30
8153 28
8154 51
8155 35
8156 198
8157 14
8158 19
8159 77
8160 77
8161 294
8162 56
8163 19
8164 25
8165 25
8166 240
8167 105
8168 105
8169 69
8170 179
8171 232
8172 56
8173 86
8174 105
8175 77
8176 25
8177 241
8178 77
8179 19
8180 179
8181 69
8182 105
8183 179
8184 118
8185 105
8186 30
8187 61
8188 51
8189 28
8190 105
8191 179
8192 30
8193 35
8194 179
8195 118
8196 12
8197 25
8198 12
8199 77
8200 12
8201 19
8202 77
8203 229
8204 28
8205 12
8206 118
8207 30
8208 56
8209 35
8210 69
8211 105
8212 90
8213 12
8214 35
8215 28
8216 2
8217 12
8218 118
8219 28
8220 19
8221 258
8222 19
8223 28
8224 30
8225 28
8226 77
8227 118
8228 35
8229 12
8230 35
8231 19
8232 242
8233 170
8234 51
8235 77
8236 25
8237 51
8238 51
8239 77
8240 69
8241 12
8242 35
8243 90
8244 69
8245 0
8246 28
8247 179
8248 243
8249 12
8250 35
8251 2
8252 118
8253 105
8254 12
8255 134
8256 105
8257 82
8258 23
8259 28
8260 179
8261 118
8262 153
8263 12
8264 90
8265 12
8266 30
8267 19
8268 27
8269 77
8270 30
8271 179
8272 28
8273 105
8274 179
8275 12
8276 25
8277 35
8278 77
8279 51
8280 19
8281 75
8282 12
8283 12
8284 179
8285 105
8286 56
8287 12
8288 23
8289 69
8290 28
8291 179
8292 35
8293 12
8294 12
8295 244
8296 118
8297 12
8298 12
8299 28
8300 118
8301 25
8302 69
8303 118
8304 28
8305 28
8306 12
8307 69
8308 245
8309 118
8310 77
8311 35
8312 118
8313 25
8314 179
8315 56
8316 35
8317 105
8318 179
8319 118
8320 19
8321 179
8322 2
8323 19
8324 90
8325 90
8326 19
8327 118
8328 77
8329 118
8330 229
8331 23
8332 229
8333 118
8334 12
8335 51
8336 25
8337 69
8338 19
8339 19
8340 19
8341 105
8342 69
8343 12
8344 62
8345 114
8346 179
8347 12
8348 105
8349 56
8350 77
8351 35
8352 25
8353 35
8354 118
8355 30
8356 118
8357 118
8358 35
8359 246
8360 35
8361 35
8362 118
8363 114
8364 28
8365 35
8366 12
8367 179
8368 56
8369 23
8370 105
8371 56
8372 77
8373 35
8374 179
8375 118
8376 69
8377 28
8378 118
8379 229
8380 247
8381 19
8382 5
8383 5
8384 86
8385 56
8386 229
8387 19
8388 248
8389 77
8390 30
8391 0
8392 249
8393 179
8394 35
8395 105
8396 12
8397 21
8398 179
8399 51
8400 12
8401 12
8402 12
8403 12
8404 262
8405 179
8406 30
8407 51
8408 35
8409 35
8410 114
8411 118
8412 12
8413 250
8414 228
8415 179
8416 28
8417 114
8418 12
8419 28
8420 118
8421 35
8422 118
8423 189
8424 23
8425 77
8426 28
8427 118
8428 179
8429 118
8430 179
8431 90
8432 179
8433 118
8434 12
8435 23
8436 118
8437 3
8438 114
8439 118
8440 179
8441 109
8442 29
8443 105
8444 114
8445 251
8446 12
8447 179
8448 19
8449 61
8450 12
8451 51
8452 19
8453 105
8454 77
8455 77
8456 12
8457 12
8458 35
8459 179
8460 28
8461 179
8462 35
8463 105
8464 118
8465 30
8466 198
8467 32
8468 114
8469 35
8470 12
8471 12
8472 56
8473 23
8474 77
8475 35
8476 77
8477 35
8478 118
8479 12
8480 35
8481 229
8482 19
8483 35
8484 252
8485 19
8486 19
8487 12
8488 30
8489 105
8490 77
8491 35
8492 12
8493 23
8494 30
8495 28
8496 77
8497 253
8498 77
8499 25
8500 179
8501 35
8502 198
8503 19
8504 12
8505 12
8506 77
8507 35
8508 25
8509 25
8510 35
8511 118
8512 179
8513 30
8514 19
8515 30
8516 21
8517 30
8518 12
8519 56
8520 179
8521 105
8522 25
8523 179
8524 77
8525 32
8526 12
8527 23
8528 61
8529 179
8530 105
8531 23
8532 77
8533 25
8534 105
8535 105
8536 56
8537 47
8538 105
8539 81
8540 105
8541 79
8542 105
8543 105
8544 105
8545 30
8546 105
8547 179
8548 254
8549 12
8550 86
8551 51
8552 179
8553 77
8554 12
8555 35
8556 19
8557 118
8558 179
8559 21
8560 90
8561 12
8562 51
8563 69
8564 61
8565 56
8566 61
8567 61
8568 19
8569 23
8570 19
8571 118
8572 90
8573 255
8574 35
8575 12
8576 19
8577 35
8578 30
8579 35
8580 12
8581 238
8582 19
8583 28
8584 86
8585 25
8586 19
8587 56
8588 69
8589 80
8590 12
8591 12
8592 272
8593 19
8594 99
8595 28
8596 28
8597 12
8598 35
8599 21
8600 2
8601 30
8602 179
8603 105
8604 77
8605 51
8606 105
8607 179
8608 118
8609 30
8610 51
8611 12
8612 69
8613 172
8614 105
8615 105
8616 90
8617 4
8618 51
8619 28
8620 28
8621 56
8622 166
8623 19
8624 19
8625 105
8626 86
8627 105
8628 12
8629 96
8630 12
8631 179
8632 51
8633 77
8634 118
8635 118
8636 28
8637 90
8638 28
8639 35
8640 35
8641 77
8642 30
8643 35
8644 30
8645 35
8646 51
8647 53
8648 35
8649 12
8650 118
8651 30
8652 30
8653 114
8654 105
8655 69
8656 77
8657 35
8658 12
8659 28
8660 69
8661 69
8662 118
8663 12
8664 208
8665 35
8666 35
8667 179
8668 28
8669 12
8670 118
8671 118
8672 12
8673 118
8674 12
8675 12
8676 105
8677 51
8678 179
8679 23
8680 19
8681 229
8682 179
8683 12
8684 35
8685 23
8686 19
8687 69
8688 35
8689 235
8690 105
8691 179
8692 12
8693 35
8694 51
8695 35
8696 28
8697 93
8698 105
8699 19
8700 77
8701 105
8702 19
8703 77
8704 105
8705 105
8706 35
8707 69
8708 118
8709 137
8710 137
8711 137
8712 229
8713 105
8714 28
8715 179
8716 12
8717 118
8718 179
8719 69
8720 35
8721 35
8722 118
8723 118
8724 12
8725 30
8726 12
8727 118
8728 143
8729 30
8730 23
8731 77
8732 51
8733 35
8734 35
8735 25
8736 51
8737 179
8738 12
8739 12
8740 35
8741 114
8742 19
8743 118
8744 256
8745 77
8746 23
8747 30
8748 69
8749 35
8750 77
8751 12
8752 179
8753 179
8754 61
8755 12
8756 77
8757 28
8758 71
8759 118
8760 12
8761 105
8762 12
8763 114
8764 21
8765 28
8766 12
8767 69
8768 30
8769 12
8770 114
8771 69
8772 30
8773 30
8774 86
8775 12
8776 108
8777 19
8778 294
8779 19
8780 39
8781 56
8782 40
8783 35
8784 30
8785 25
8786 25
8787 118
8788 77
8789 69
8790 35
8791 118
8792 69
8793 135
8794 56
8795 35
8796 30
8797 69
8798 114
8799 179
8800 179
8801 35
8802 105
8803 179
8804 32
8805 30
8806 51
8807 30
8808 61
8809 25
8810 35
8811 179
8812 118
8813 257
8814 77
8815 77
8816 27
8817 118
8818 229
8819 35
8820 218
8821 12
8822 35
8823 25
8824 118
8825 19
8826 69
8827 35
8828 28
8829 179
8830 118
8831 258
8832 259
8833 260
8834 30
8835 12
8836 294
8837 51
8838 118
8839 114
8840 56
8841 19
8842 118
8843 118
8844 30
8845 61
8846 30
8847 51
8848 261
8849 51
8850 30
8851 12
8852 30
8853 30
8854 118
8855 28
8856 32
8857 118
8858 12
8859 77
8860 35
8861 114
8862 114
8863 35
8864 25
8865 19
8866 12
8867 12
8868 19
8869 56
8870 77
8871 12
8872 19
8873 105
8874 294
8875 35
8876 35
8877 30
8878 69
8879 35
8880 114
8881 69
8882 30
8883 12
8884 35
8885 21
8886 86
8887 67
8888 114
8889 12
8890 51
8891 30
8892 12
8893 35
8894 28
8895 21
8896 35
8897 77
8898 179
8899 32
8900 77
8901 35
8902 35
8903 30
8904 19
8905 77
8906 25
8907 77
8908 12
8909 51
8910 86
8911 309
8912 77
8913 77
8914 77
8915 35
8916 77
8917 35
8918 12
8919 12
8920 105
8921 28
8922 61
8923 30
8924 77
8925 114
8926 12
8927 19
8928 262
8929 211
8930 35
8931 23
8932 69
8933 12
8934 179
8935 179
8936 69
8937 28
8938 118
8939 19
8940 12
8941 77
8942 263
8943 30
8944 23
8945 64
8946 12
8947 30
8948 166
8949 35
8950 114
8951 69
8952 179
8953 179
8954 28
8955 264
8956 12
8957 179
8958 69
8959 25
8960 25
8961 30
8962 232
8963 179
8964 179
8965 69
8966 49
8967 5
8968 118
8969 35
8970 77
8971 35
8972 35
8973 69
8974 179
8975 164
8976 19
8977 35
8978 35
8979 179
8980 35
8981 19
8982 0
8983 77
8984 179
8985 35
8986 179
8987 179
8988 61
8989 118
8990 61
8991 118
8992 35
8993 35
8994 89
8995 179
8996 77
8997 105
8998 105
8999 118
9000 114
9001 28
9002 12
9003 56
9004 56
9005 114
9006 118
9007 179
9008 19
9009 12
9010 114
9011 265
9012 35
9013 131
9014 19
9015 30
9016 19
9017 266
9018 35
9019 28
9020 262
9021 118
9022 118
9023 56
9024 30
9025 12
9026 69
9027 267
9028 35
9029 35
9030 23
9031 86
9032 23
9033 28
9034 35
9035 12
9036 183
9037 69
9038 118
9039 93
9040 105
9041 105
9042 28
9043 105
9044 118
9045 23
9046 118
9047 126
9048 90
9049 118
9050 30
9051 229
9052 90
9053 105
9054 105
9055 12
9056 51
9057 28
9058 35
9059 35
9060 108
9061 118
9062 86
9063 105
9064 114
9065 28
9066 118
9067 77
9068 114
9069 118
9070 179
9071 179
9072 35
9073 118
9074 28
9075 28
9076 28
9077 61
9078 118
9079 28
9080 65
9081 35
9082 69
9083 35
9084 35
9085 56
9086 28
9087 35
9088 28
9089 19
9090 12
9091 30
9092 28
9093 28
9094 118
9095 35
9096 19
9097 77
9098 179
9099 51
9100 30
9101 12
9102 35
9103 89
9104 69
9105 2
9106 2
9107 229
9108 77
9109 247
9110 19
9111 56
9112 105
9113 114
9114 25
9115 28
9116 179
9117 67
9118 30
9119 179
9120 179
9121 12
9122 12
9123 35
9124 56
9125 19
9126 114
9127 77
9128 69
9129 118
9130 12
9131 179
9132 23
9133 25
9134 12
9135 229
9136 12
9137 35
9138 35
9139 163
9140 51
9141 35
9142 35
9143 12
9144 12
9145 12
9146 179
9147 54
9148 12
9149 105
9150 35
9151 28
9152 179
9153 77
9154 105
9155 179
9156 179
9157 28
9158 90
9159 179
9160 179
9161 69
9162 28
9163 179
9164 179
9165 35
9166 35
9167 28
9168 30
9169 19
9170 30
9171 30
9172 108
9173 30
9174 105
9175 35
9176 118
9177 56
9178 35
9179 19
9180 12
9181 35
9182 227
9183 28
9184 30
9185 69
9186 25
9187 35
9188 69
9189 154
9190 179
9191 25
9192 0
9193 35
9194 39
9195 19
9196 229
9197 86
9198 118
9199 77
9200 23
9201 105
9202 105
9203 19
9204 35
9205 179
9206 19
9207 28
9208 179
9209 12
9210 28
9211 28
9212 179
9213 61
9214 105
9215 12
9216 35
9217 12
9218 12
9219 11
9220 28
9221 12
9222 35
9223 35
9224 179
9225 179
9226 35
9227 86
9228 86
9229 19
9230 179
9231 12
9232 19
9233 23
9234 12
9235 12
9236 56
9237 35
9238 118
9239 35
9240 51
9241 105
9242 12
9243 229
9244 30
9245 114
9246 130
9247 114
9248 12
9249 35
9250 23
9251 77
9252 35
9253 12
9254 118
9255 179
9256 179
9257 56
9258 179
9259 12
9260 12
9261 105
9262 69
9263 77
9264 69
9265 30
9266 28
9267 12
9268 25
9269 179
9270 77
9271 229
9272 28
9273 35
9274 30
9275 12
9276 12
9277 23
9278 51
9279 56
9280 12
9281 105
9282 12
9283 4
9284 179
9285 69
9286 25
9287 35
9288 2
9289 86
9290 77
9291 179
9292 51
9293 35
9294 69
9295 69
9296 179
9297 12
9298 19
9299 35
9300 114
9301 179
9302 12
9303 69
9304 118
9305 35
9306 69
9307 179
9308 35
9309 156
9310 179
9311 25
9312 105
9313 179
9314 12
9315 69
9316 19
9317 12
9318 1
9319 12
9320 114
9321 56
9322 19
9323 25
9324 179
9325 85
9326 19
9327 268
9328 77
9329 118
9330 30
9331 25
9332 86
9333 179
9334 23
9335 25
9336 12
9337 28
9338 114
9339 28
9340 56
9341 30
9342 12
9343 30
9344 35
9345 35
9346 51
9347 12
9348 118
9349 12
9350 114
9351 28
9352 28
9353 77
9354 19
9355 61
9356 35
9357 19
9358 12
9359 19
9360 114
9361 114
9362 19
9363 19
9364 12
9365 12
9366 114
9367 118
9368 19
9369 28
9370 35
9371 35
9372 30
9373 229
9374 64
9375 77
9376 77
9377 105
9378 179
9379 64
9380 12
9381 118
9382 77
9383 51
9384 35
9385 35
9386 12
9387 35
9388 12
9389 105
9390 269
9391 25
9392 118
9393 30
9394 19
9395 56
9396 28
9397 12
9398 105
9399 28
9400 28
9401 23
9402 19
9403 69
9404 35
9405 35
9406 35
9407 229
9408 76
9409 69
9410 77
9411 56
9412 90
9413 23
9414 28
9415 35
9416 35
9417 118
9418 12
9419 12
9420 77
9421 61
9422 30
9423 12
9424 69
9425 28
9426 77
9427 25
9428 131
9429 12
9430 131
9431 118
9432 77
9433 77
9434 29
9435 69
9436 35
9437 12
9438 19
9439 118
9440 86
9441 80
9442 12
9443 118
9444 51
9445 270
9446 105
9447 28
9448 12
9449 12
9450 35
9451 39
9452 77
9453 19
9454 61
9455 12
9456 118
9457 19
9458 118
9459 198
9460 21
9461 21
9462 12
9463 35
9464 35
9465 12
9466 77
9467 118
9468 118
9469 69
9470 114
9471 69
9472 118
9473 77
9474 12
9475 229
9476 12
9477 19
9478 69
9479 105
9480 179
9481 19
9482 294
9483 30
9484 118
9485 118
9486 69
9487 12
9488 19
9489 118
9490 12
9491 30
9492 105
9493 56
9494 19
9495 77
9496 35
9497 118
9498 294
9499 114
9500 35
9501 12
9502 19
9503 69
9504 51
9505 179
9506 35
9507 105
9508 12
9509 19
9510 19
9511 69
9512 19
9513 12
9514 12
9515 77
9516 12
9517 179
9518 12
9519 12
9520 19
9521 90
9522 97
9523 114
9524 35
9525 179
9526 35
9527 59
9528 35
9529 28
9530 12
9531 105
9532 105
9533 217
9534 28
9535 12
9536 105
9537 12
9538 30
9539 12
9540 105
9541 19
9542 105
9543 69
9544 28
9545 25
9546 35
9547 30
9548 35
9549 77
9550 25
9551 28
9552 77
9553 114
9554 69
9555 35
9556 157
9557 12
9558 86
9559 69
9560 105
9561 12
9562 105
9563 118
9564 77
9565 114
9566 12
9567 12
9568 56
9569 25
9570 35
9571 105
9572 179
9573 69
9574 90
9575 12
9576 35
9577 28
9578 56
9579 28
9580 179
9581 35
9582 236
9583 77
9584 12
9585 28
9586 56
9587 51
9588 179
9589 114
9590 23
9591 12
9592 12
9593 249
9594 2
9595 19
9596 25
9597 61
9598 35
9599 198
9600 28
9601 56
9602 30
9603 32
9604 179
9605 35
9606 179
9607 30
9608 28
9609 105
9610 105
9611 179
9612 118
9613 19
9614 105
9615 114
9616 28
9617 179
9618 0
9619 118
9620 118
9621 271
9622 272
9623 118
9624 0
9625 19
9626 42
9627 273
9628 114
9629 35
9630 51
9631 69
9632 77
9633 12
9634 90
9635 118
9636 51
9637 179
9638 274
9639 118
9640 105
9641 28
9642 105
9643 69
9644 118
9645 51
9646 35
9647 118
9648 275
9649 28
9650 12
9651 51
9652 51
9653 35
9654 77
9655 118
9656 69
9657 28
9658 105
9659 28
9660 56
9661 69
9662 105
9663 69
9664 51
9665 69
9666 276
9667 12
9668 105
9669 118
9670 277
9671 12
9672 12
9673 35
9674 209
9675 86
9676 105
9677 69
9678 12
9679 12
9680 35
9681 278
9682 69
9683 105
9684 12
9685 179
9686 19
9687 12
9688 0
9689 0
9690 25
9691 25
9692 179
9693 19
9694 179
9695 28
9696 114
9697 12
9698 114
9699 179
9700 118
9701 118
9702 5
9703 105
9704 35
9705 12
9706 12
9707 105
9708 105
9709 105
9710 105
9711 69
9712 12
9713 105
9714 90
9715 114
9716 28
9717 23
9718 86
9719 35
9720 159
9721 28
9722 28
9723 30
9724 86
9725 0
9726 56
9727 179
9728 0
9729 56
9730 254
9731 28
9732 105
9733 25
9734 105
9735 179
9736 35
9737 179
9738 179
9739 179
9740 105
9741 118
9742 28
9743 28
9744 69
9745 181
9746 179
9747 105
9748 179
9749 77
9750 105
9751 179
9752 30
9753 35
9754 28
9755 30
9756 28
9757 30
9758 179
9759 179
9760 77
9761 105
9762 105
9763 179
9764 179
9765 118
9766 179
9767 12
9768 105
9769 35
9770 51
9771 28
9772 179
9773 118
9774 35
9775 105
9776 105
9777 35
9778 28
9779 19
9780 118
9781 179
9782 56
9783 179
9784 308
9785 25
9786 28
9787 56
9788 28
9789 28
9790 77
9791 108
9792 12
9793 196
9794 51
9795 35
9796 12
9797 28
9798 105
9799 19
9800 229
9801 12
9802 12
9803 28
9804 77
9805 30
9806 30
9807 12
9808 0
9809 12
9810 12
9811 77
9812 35
9813 179
9814 69
9815 19
9816 30
9817 0
9818 86
9819 19
9820 30
9821 30
9822 77
9823 28
9824 69
9825 118
9826 35
9827 35
9828 77
9829 25
9830 114
9831 35
9832 105
9833 30
9834 56
9835 179
9836 69
9837 118
9838 23
9839 105
9840 0
9841 28
9842 35
9843 179
9844 179
9845 19
9846 56
9847 12
9848 118
9849 239
9850 23
9851 35
9852 25
9853 19
9854 118
9855 69
9856 279
9857 30
9858 12
9859 35
9860 118
9861 30
9862 35
9863 12
9864 69
9865 51
9866 114
9867 51
9868 179
9869 30
9870 69
9871 75
9872 189
9873 77
9874 114
9875 77
9876 25
9877 105
9878 12
9879 86
9880 105
9881 105
9882 280
9883 105
9884 35
9885 105
9886 90
9887 12
9888 118
9889 105
9890 105
9891 28
9892 80
9893 118
9894 117
9895 12
9896 105
9897 105
9898 105
9899 105
9900 105
9901 105
9902 190
9903 179
9904 19
9905 69
9906 12
9907 77
9908 12
9909 179
9910 19
9911 179
9912 19
9913 179
9914 179
9915 5
9916 90
9917 179
9918 179
9919 51
9920 77
9921 147
9922 118
9923 30
9924 30
9925 179
9926 179
9927 35
9928 30
9929 61
9930 86
9931 51
9932 114
9933 30
9934 114
9935 118
9936 35
9937 189
9938 30
9939 114
9940 35
9941 0
9942 118
9943 69
9944 56
9945 30
9946 30
9947 114
9948 30
9949 28
9950 23
9951 19
9952 98
9953 69
9954 118
9955 56
9956 30
9957 69
9958 12
9959 281
9960 179
9961 12
9962 35
9963 12
9964 77
9965 77
9966 12
9967 12
9968 198
9969 77
9970 179
9971 179
9972 5
9973 28
9974 28
9975 86
9976 19
9977 69
9978 56
9979 56
9980 179
9981 21
9982 28
9983 30
9984 105
9985 30
9986 61
9987 30
9988 86
9989 35
9990 30
9991 35
9992 71
9993 25
9994 35
9995 77
9996 35
9997 30
9998 89
9999 179
10000 56
10001 77
10002 51
10003 69
10004 282
10005 25
10006 51
10007 61
10008 56
10009 35
10010 179
10011 283
10012 56
10013 179
10014 281
10015 84
10016 116
10017 30
10018 66
10019 12
10020 266
10021 35
10022 28
10023 118
10024 179
10025 105
10026 23
10027 19
10028 12
10029 12
10030 56
10031 19
10032 179
10033 28
10034 105
10035 69
10036 179
10037 51
10038 28
10039 209
10040 12
10041 105
10042 28
10043 5
10044 118
10045 23
10046 35
10047 51
10048 12
10049 12
10050 179
10051 0
10052 86
10053 25
10054 35
10055 35
10056 12
10057 56
10058 69
10059 105
10060 35
10061 30
10062 12
10063 179
10064 23
10065 25
10066 105
10067 105
10068 105
10069 105
10070 105
10071 35
10072 105
10073 284
10074 69
10075 35
10076 12
10077 30
10078 77
10079 12
10080 118
10081 30
10082 28
10083 179
10084 19
10085 35
10086 51
10087 12
10088 12
10089 51
10090 61
10091 285
10092 19
10093 179
10094 179
10095 69
10096 77
10097 179
10098 179
10099 105
10100 35
10101 28
10102 12
10103 239
10104 264
10105 12
10106 12
10107 23
10108 12
10109 118
10110 67
10111 15
10112 114
10113 114
10114 35
10115 56
10116 286
10117 56
10118 179
10119 105
10120 105
10121 51
10122 35
10123 19
10124 69
10125 30
10126 135
10127 12
10128 118
10129 28
10130 56
10131 25
10132 118
10133 69
10134 69
10135 12
10136 276
10137 12
10138 199
10139 61
10140 12
10141 28
10142 35
10143 287
10144 56
10145 141
10146 61
10147 12
10148 35
10149 105
10150 118
10151 12
10152 105
10153 12
10154 19
10155 19
10156 19
10157 19
10158 12
10159 86
10160 229
10161 77
10162 69
10163 19
10164 114
10165 19
10166 23
10167 105
10168 30
10169 23
10170 23
10171 23
10172 12
10173 30
10174 35
10175 86
10176 35
10177 86
10178 25
10179 30
10180 19
10181 118
10182 23
10183 118
10184 28
10185 64
10186 192
10187 12
10188 25
10189 19
10190 105
10191 88
10192 86
10193 12
10194 28
10195 19
10196 35
10197 28
10198 19
10199 243
10200 229
10201 51
10202 86
10203 12
10204 19
10205 77
10206 105
10207 35
10208 35
10209 19
10210 19
10211 30
10212 12
10213 118
10214 28
10215 35
10216 28
10217 12
10218 28
10219 77
10220 69
10221 30
10222 35
10223 56
10224 198
10225 30
10226 152
10227 28
10228 86
10229 35
10230 252
10231 90
10232 12
10233 114
10234 35
10235 32
10236 28
10237 19
10238 12
10239 30
10240 300
10241 28
10242 69
10243 19
10244 179
10245 56
10246 35
10247 30
10248 56
10249 69
10250 35
10251 52
10252 28
10253 114
10254 30
10255 69
10256 118
10257 69
10258 12
10259 12
10260 179
10261 118
10262 179
10263 179
10264 12
10265 118
10266 226
10267 35
10268 35
10269 30
10270 28
10271 86
10272 23
10273 35
10274 51
10275 56
10276 179
10277 86
10278 28
10279 30
10280 12
10281 0
10282 77
10283 86
10284 35
10285 12
10286 35
10287 118
10288 77
10289 28
10290 19
10291 5
10292 118
10293 86
10294 30
10295 77
10296 19
10297 12
10298 19
10299 118
10300 35
10301 118
10302 77
10303 77
10304 27
10305 77
10306 12
10307 63
10308 204
10309 30
10310 90
10311 77
10312 23
10313 229
10314 69
10315 12
10316 69
10317 69
10318 19
10319 23
10320 69
10321 51
10322 19
10323 61
10324 19
10325 179
10326 120
10327 99
10328 179
10329 179
10330 25
10331 30
10332 51
10333 35
10334 105
10335 118
10336 118
10337 12
10338 179
10339 12
10340 105
10341 12
10342 35
10343 227
10344 105
10345 179
10346 35
10347 179
10348 28
10349 69
10350 69
10351 23
10352 179
10353 179
10354 35
10355 179
10356 35
10357 12
10358 19
10359 12
10360 105
10361 51
10362 25
10363 30
10364 118
10365 25
10366 179
10367 179
10368 118
10369 51
10370 56
10371 77
10372 288
10373 105
10374 105
10375 105
10376 105
10377 12
10378 105
10379 35
10380 35
10381 61
10382 35
10383 56
10384 105
10385 28
10386 179
10387 23
10388 28
10389 28
10390 105
10391 23
10392 35
10393 179
10394 35
10395 12
10396 28
10397 61
10398 35
10399 114
10400 114
10401 179
10402 179
10403 23
10404 229
10405 179
10406 19
10407 27
10408 28
10409 28
10410 35
10411 12
10412 197
10413 25
10414 35
10415 8
10416 3
10417 35
10418 25
10419 25
10420 12
10421 51
10422 77
10423 35
10424 177
10425 105
10426 12
10427 105
10428 32
10429 55
10430 56
10431 56
10432 84
10433 84
10434 27
10435 179
10436 30
10437 229
10438 77
10439 19
10440 19
10441 69
10442 69
10443 12
10444 199
10445 118
10446 77
10447 281
10448 12
10449 19
10450 23
10451 35
10452 105
10453 77
10454 179
10455 21
10456 35
10457 289
10458 105
10459 12
10460 12
10461 179
10462 179
10463 69
10464 30
10465 179
10466 6
10467 179
10468 12
10469 179
10470 30
10471 25
10472 28
10473 179
10474 179
10475 179
10476 179
10477 35
10478 105
10479 118
10480 69
10481 69
10482 35
10483 179
10484 179
10485 179
10486 179
10487 179
10488 118
10489 28
10490 28
10491 179
10492 35
10493 179
10494 229
10495 179
10496 179
10497 28
10498 56
10499 105
10500 28
10501 28
10502 28
10503 69
10504 30
10505 35
10506 105
10507 35
10508 179
10509 25
10510 23
10511 19
10512 35
10513 114
10514 69
10515 12
10516 179
10517 28
10518 179
10519 30
10520 51
10521 56
10522 118
10523 105
10524 35
10525 35
10526 105
10527 77
10528 3
10529 12
10530 105
10531 77
10532 12
10533 19
10534 28
10535 105
10536 179
10537 69
10538 179
10539 30
10540 178
10541 28
10542 23
10543 51
10544 23
10545 30
10546 179
10547 30
10548 139
10549 105
10550 118
10551 19
10552 12
10553 35
10554 69
10555 23
10556 28
10557 19
10558 35
10559 19
10560 28
10561 28
10562 86
10563 86
10564 118
10565 165
10566 90
10567 23
10568 28
10569 28
10570 28
10571 12
10572 12
10573 19
10574 28
10575 35
10576 28
10577 179
10578 21
10579 136
10580 28
10581 118
10582 100
10583 23
10584 35
10585 30
10586 118
10587 77
10588 35
10589 30
10590 51
10591 56
10592 105
10593 23
10594 12
10595 28
10596 5
10597 12
10598 12
10599 77
10600 86
10601 179
10602 35
10603 12
10604 19
10605 12
10606 35
10607 118
10608 35
10609 77
10610 28
10611 28
10612 12
10613 290
10614 118
10615 30
10616 105
10617 25
10618 77
10619 35
10620 28
10621 105
10622 179
10623 179
10624 12
10625 35
10626 35
10627 291
10628 292
10629 25
10630 122
10631 179
10632 35
10633 12
10634 179
10635 23
10636 51
10637 35
10638 30
10639 12
10640 19
10641 28
10642 56
10643 69
10644 35
10645 118
10646 118
10647 179
10648 114
10649 77
10650 19
10651 179
10652 179
10653 179
10654 215
10655 28
10656 12
10657 28
10658 114
10659 12
10660 35
10661 12
10662 27
10663 12
10664 77
10665 35
10666 19
10667 77
10668 23
10669 35
10670 264
10671 28
10672 114
10673 23
10674 114
10675 90
10676 114
10677 30
10678 30
10679 30
10680 25
10681 179
10682 51
10683 35
10684 23
10685 19
10686 0
10687 77
10688 35
10689 12
10690 77
10691 35
10692 19
10693 19
10694 35
10695 30
10696 0
10697 35
10698 229
10699 158
10700 12
10701 12
10702 35
10703 19
10704 12
10705 77
10706 28
10707 77
10708 105
10709 77
10710 77
10711 118
10712 23
10713 35
10714 19
10715 35
10716 23
10717 56
10718 19
10719 51
10720 114
10721 119
10722 30
10723 35
10724 51
10725 69
10726 118
10727 114
10728 30
10729 114
10730 19
10731 35
10732 12
10733 28
10734 30
10735 28
10736 105
10737 105
10738 19
10739 118
10740 51
10741 179
10742 179
10743 77
10744 25
10745 12
10746 69
10747 69
10748 19
10749 179
10750 179
10751 179
10752 179
10753 118
10754 77
10755 179
10756 105
10757 28
10758 114
10759 179
10760 61
10761 35
10762 35
10763 114
10764 114
10765 69
10766 179
10767 12
10768 179
10769 25
10770 19
10771 28
10772 35
10773 25
10774 86
10775 27
10776 179
10777 77
10778 118
10779 28
10780 35
10781 35
10782 69
10783 2
10784 12
10785 179
10786 28
10787 28
10788 35
10789 12
10790 12
10791 12
10792 118
10793 69
10794 21
10795 35
10796 23
10797 25
10798 51
10799 179
10800 114
10801 114
10802 35
10803 114
10804 28
10805 256
10806 35
10807 19
10808 179
10809 35
10810 118
10811 229
10812 35
10813 105
10814 12
10815 35
10816 69
10817 69
10818 19
10819 30
10820 118
10821 5
10822 77
10823 12
10824 28
10825 23
10826 86
10827 224
10828 12
10829 179
10830 118
10831 56
10832 12
10833 51
10834 35
10835 30
10836 114
10837 35
10838 25
10839 35
10840 28
10841 12
10842 196
10843 118
10844 99
10845 63
10846 19
10847 69
10848 35
10849 105
10850 30
10851 179
10852 19
10853 19
10854 101
10855 251
10856 179
10857 69
10858 35
10859 25
10860 105
10861 105
10862 35
10863 12
10864 105
10865 56
10866 35
10867 188
10868 35
10869 35
10870 114
10871 105
10872 69
10873 28
10874 35
10875 179
10876 30
10877 118
10878 179
10879 105
10880 30
10881 179
10882 179
10883 77
10884 69
10885 179
10886 35
10887 69
10888 179
10889 114
10890 35
10891 23
10892 105
10893 179
10894 12
10895 221
10896 25
10897 118
10898 105
10899 105
10900 179
10901 19
10902 19
10903 35
10904 105
10905 105
10906 179
10907 30
10908 12
10909 250
10910 12
10911 179
10912 179
10913 19
10914 25
10915 51
10916 105
10917 179
10918 12
10919 28
10920 30
10921 35
10922 23
10923 35
10924 35
10925 69
10926 118
10927 35
10928 30
10929 31
10930 35
10931 35
10932 35
10933 114
10934 28
10935 19
10936 179
10937 114
10938 77
10939 105
10940 118
10941 118
10942 30
10943 56
10944 179
10945 69
10946 77
10947 179
10948 179
10949 118
10950 51
10951 179
10952 12
10953 179
10954 105
10955 179
10956 19
10957 69
10958 12
10959 35
10960 19
10961 28
10962 35
10963 35
10964 25
10965 30
10966 35
10967 69
10968 30
10969 105
10970 28
10971 179
10972 179
10973 28
10974 179
10975 28
10976 118
10977 51
10978 69
10979 51
10980 12
10981 105
10982 28
10983 12
10984 118
10985 12
10986 28
10987 90
10988 12
10989 69
10990 21
10991 118
10992 19
10993 244
10994 30
10995 28
10996 179
10997 35
10998 69
10999 25
11000 30
11001 179
11002 5
11003 293
11004 28
11005 129
11006 105
11007 77
11008 229
11009 30
11010 35
11011 35
11012 171
11013 19
11014 12
11015 28
11016 35
11017 105
11018 114
11019 35
11020 90
11021 35
11022 35
11023 28
11024 105
11025 105
11026 28
11027 77
11028 19
11029 28
11030 69
11031 179
11032 105
11033 179
11034 28
11035 30
11036 27
11037 0
11038 77
11039 179
11040 190
11041 118
11042 90
11043 86
11044 12
11045 12
11046 179
11047 12
11048 35
11049 23
11050 12
11051 12
11052 114
11053 179
11054 105
11055 179
11056 69
11057 12
11058 179
11059 77
11060 30
11061 19
11062 69
11063 179
11064 35
11065 77
11066 51
11067 28
11068 28
11069 25
11070 56
11071 23
11072 25
11073 0
11074 19
11075 35
11076 179
11077 105
11078 77
11079 35
11080 28
11081 118
11082 12
11083 262
11084 86
11085 35
11086 28
11087 28
11088 30
11089 12
11090 23
11091 28
11092 35
11093 30
11094 56
11095 263
11096 77
11097 69
11098 69
11099 11
11100 51
11101 69
11102 114
11103 179
11104 35
11105 0
11106 12
11107 12
11108 39
11109 105
11110 28
11111 35
11112 35
11113 28
11114 35
11115 77
11116 12
11117 114
11118 12
11119 118
11120 38
11121 35
11122 209
11123 28
11124 28
11125 105
11126 118
11127 12
11128 212
11129 118
11130 69
11131 12
11132 77
11133 35
11134 295
11135 35
11136 23
11137 28
11138 296
11139 114
11140 51
11141 118
11142 118
11143 28
11144 179
11145 179
11146 118
11147 2
11148 56
11149 30
11150 35
11151 30
11152 69
11153 30
11154 118
11155 69
11156 179
11157 30
11158 118
11159 69
11160 179
11161 179
11162 114
11163 118
11164 290
11165 2
11166 12
11167 118
11168 86
11169 118
11170 35
11171 179
11172 28
11173 35
11174 28
11175 25
11176 12
11177 297
11178 118
11179 35
11180 90
11181 35
11182 69
11183 77
11184 105
11185 229
11186 90
11187 69
11188 12
11189 118
11190 114
11191 105
11192 27
11193 12
11194 12
11195 2
11196 35
11197 35
11198 28
11199 35
11200 12
11201 35
11202 35
11203 229
11204 118
11205 25
11206 114
11207 69
11208 5
11209 35
11210 25
11211 118
11212 118
11213 28
11214 118
11215 30
11216 86
11217 77
11218 179
11219 285
11220 114
11221 77
11222 12
11223 35
11224 77
11225 30
11226 179
11227 56
11228 12
11229 298
11230 35
11231 186
11232 198
11233 183
11234 64
11235 198
11236 69
11237 23
11238 28
11239 28
11240 56
11241 2
11242 21
11243 69
11244 86
11245 28
11246 35
11247 35
11248 179
11249 118
11250 118
11251 12
11252 118
11253 86
11254 12
11255 12
11256 69
11257 51
11258 118
11259 30
11260 179
11261 23
11262 80
11263 19
11264 19
11265 118
11266 118
11267 51
11268 28
11269 106
11270 19
11271 105
11272 299
11273 12
11274 179
11275 179
11276 19
11277 69
11278 77
11279 25
11280 61
11281 56
11282 105
11283 35
11284 12
11285 77
11286 179
11287 105
11288 179
11289 114
11290 179
11291 118
11292 118
11293 30
11294 35
11295 35
11296 179
11297 69
11298 28
11299 118
11300 179
11301 12
11302 179
11303 12
11304 118
11305 188
11306 12
11307 61
11308 23
11309 39
11310 28
11311 86
11312 12
11313 105
11314 35
11315 12
11316 35
11317 105
11318 35
11319 105
11320 105
11321 105
11322 105
11323 118
11324 56
11325 35
11326 35
11327 23
11328 12
11329 25
11330 35
11331 35
11332 35
11333 30
11334 23
11335 23
11336 118
11337 114
11338 114
11339 30
11340 25
11341 118
11342 118
11343 51
11344 77
11345 118
11346 35
11347 19
11348 179
11349 118
11350 61
11351 35
11352 35
11353 179
11354 30
11355 35
11356 35
11357 114
11358 114
11359 77
11360 51
11361 30
11362 12
11363 25
11364 118
11365 86
11366 23
11367 30
11368 35
11369 114
11370 144
11371 12
11372 86
11373 179
11374 77
11375 61
11376 12
11377 30
11378 12
11379 79
11380 105
11381 105
11382 19
11383 19
11384 77
11385 12
11386 19
11387 118
11388 77
11389 51
11390 105
11391 179
11392 12
11393 51
11394 229
11395 105
11396 12
11397 12
11398 25
11399 28
11400 69
11401 118
11402 12
11403 19
11404 35
11405 35
11406 19
11407 77
11408 179
11409 69
11410 61
11411 179
11412 35
11413 23
11414 28
11415 105
11416 30
11417 118
11418 12
11419 12
11420 30
11421 118
11422 300
11423 12
11424 118
11425 19
11426 28
11427 69
11428 12
11429 114
11430 12
11431 294
11432 35
11433 19
11434 12
11435 35
11436 301
11437 69
11438 179
11439 23
11440 12
11441 51
11442 30
11443 30
11444 23
11445 12
11446 35
11447 118
11448 287
11449 23
11450 86
11451 35
11452 30
11453 12
11454 179
11455 84
11456 294
11457 35
11458 35
11459 30
11460 56
11461 35
11462 19
11463 35
11464 28
11465 12
11466 179
11467 302
11468 12
11469 25
11470 12
11471 35
11472 30
11473 28
11474 69
11475 77
11476 51
11477 35
11478 77
11479 28
11480 229
11481 35
11482 19
11483 30
11484 25
11485 86
11486 118
11487 30
11488 35
11489 19
11490 77
11491 39
11492 303
11493 114
11494 28
11495 118
11496 77
11497 56
11498 77
11499 19
11500 51
11501 23
11502 118
11503 179
11504 12
11505 86
11506 118
11507 35
11508 105
11509 61
11510 69
11511 35
11512 12
11513 35
11514 19
11515 51
11516 118
11517 69
11518 118
11519 35
11520 35
11521 8
11522 118
11523 179
11524 56
11525 35
11526 118
11527 12
11528 25
11529 23
11530 56
11531 77
11532 12
11533 23
11534 90
11535 69
11536 12
11537 229
11538 118
11539 30
11540 12
11541 118
11542 12
11543 12
11544 12
11545 51
11546 198
11547 118
11548 118
11549 77
11550 77
11551 23
11552 28
11553 121
11554 25
11555 69
11556 77
11557 30
11558 12
11559 25
11560 105
11561 105
11562 12
11563 179
11564 179
11565 30
11566 35
11567 35
11568 12
11569 208
11570 56
11571 0
11572 77
11573 23
11574 12
11575 12
11576 35
11577 30
11578 51
11579 179
11580 77
11581 23
11582 112
11583 19
11584 35
11585 179
11586 105
11587 35
11588 105
11589 69
11590 105
11591 105
11592 30
11593 56
11594 105
11595 30
11596 30
11597 179
11598 35
11599 51
11600 56
11601 30
11602 118
11603 35
11604 86
11605 51
11606 105
11607 105
11608 47
11609 47
11610 105
11611 12
11612 23
11613 105
11614 12
11615 12
11616 105
11617 86
11618 12
11619 179
11620 105
11621 105
11622 12
11623 105
11624 51
11625 104
11626 47
11627 105
11628 12
11629 105
11630 105
11631 35
11632 304
11633 105
11634 105
11635 56
11636 105
11637 12
11638 28
11639 25
11640 12
11641 30
11642 12
11643 105
11644 156
11645 35
11646 12
11647 28
11648 5
11649 28
11650 2
11651 35
11652 179
11653 69
11654 179
11655 51
11656 12
11657 179
11658 179
11659 69
11660 179
11661 69
11662 86
11663 179
11664 28
11665 35
11666 105
11667 179
11668 179
11669 118
11670 179
11671 179
11672 179
11673 105
11674 30
11675 105
11676 105
11677 105
11678 105
11679 105
11680 12
11681 105
11682 179
11683 105
11684 105
11685 105
11686 105
11687 105
11688 105
11689 105
11690 105
11691 77
11692 56
11693 105
11694 105
11695 105
11696 12
11697 105
11698 35
11699 105
11700 23
11701 118
11702 105
11703 105
11704 69
11705 56
11706 56
11707 35
11708 179
11709 181
11710 28
11711 28
11712 51
11713 179
11714 179
11715 35
11716 118
11717 28
11718 104
11719 105
11720 51
11721 69
11722 105
11723 86
11724 51
11725 105
11726 118
11727 28
11728 23
11729 179
11730 28
11731 12
11732 275
11733 105
11734 23
11735 12
11736 81
11737 118
11738 175
11739 175
11740 81
11741 56
11742 30
11743 77
11744 30
11745 179
11746 28
11747 118
11748 35
11749 86
11750 23
11751 179
11752 23
11753 179
11754 28
11755 118
11756 35
11757 25
11758 179
11759 69
11760 179
11761 51
11762 179
11763 179
11764 105
11765 118
11766 105
11767 23
11768 77
11769 168
11770 105
11771 105
11772 51
11773 105
11774 51
11775 30
11776 179
11777 30
11778 105
11779 105
11780 23
11781 56
11782 35
11783 105
11784 30
11785 105
11786 28
11787 196
11788 150
11789 105
11790 105
11791 105
11792 77
11793 305
11794 305
11795 25
11796 28
11797 118
11798 118
11799 5
11800 105
11801 105
11802 118
11803 12
11804 114
11805 77
11806 179
11807 114
11808 12
11809 114
11810 12
11811 69
11812 12
11813 86
11814 12
11815 19
11816 19
11817 179
11818 12
11819 35
11820 12
11821 12
11822 56
11823 12
11824 51
11825 147
11826 35
11827 114
11828 69
11829 56
11830 56
11831 77
11832 69
11833 77
11834 179
11835 56
11836 69
11837 12
11838 28
11839 114
11840 118
11841 19
11842 56
11843 35
11844 111
11845 2
11846 12
11847 90
11848 84
11849 105
11850 28
11851 5
11852 105
11853 90
11854 90
11855 118
11856 56
11857 268
11858 23
11859 179
11860 51
11861 300
11862 306
11863 35
11864 118
11865 19
11866 105
11867 19
11868 23
11869 35
11870 179
11871 30
11872 77
11873 114
11874 118
11875 179
11876 114
11877 76
11878 179
11879 12
11880 12
11881 105
11882 105
11883 56
11884 105
11885 105
11886 105
11887 77
11888 118
11889 105
11890 12
11891 90
11892 307
11893 105
11894 105
11895 12
11896 105
11897 105
11898 105
11899 35
11900 35
11901 86
11902 105
11903 28
11904 105
11905 135
11906 253
11907 105
11908 105
11909 105
11910 146
11911 69
11912 105
11913 12
11914 105
11915 105
11916 51
11917 288
11918 118
11919 77
11920 118
11921 105
11922 105
11923 105
11924 105
11925 105
11926 105
11927 105
11928 105
11929 16
11930 105
11931 105
11932 35
11933 105
11934 151
11935 5
11936 308
11937 308
11938 28
11939 25
11940 309
11941 118
11942 35
11943 2
11944 19
11945 35
11946 30
11947 56
11948 35
11949 12
11950 35
11951 30
11952 51
11953 69
11954 12
11955 12
11956 12
11957 23
11958 25
11959 69
11960 35
11961 30
11962 28
11963 118
11964 294
11965 19
11966 118
11967 105
11968 66
11969 86
11970 105
11971 179
11972 19
11973 28
11974 179
11975 12
11976 12
11977 76
11978 23
11979 298
11980 114
11981 77
11982 179
11983 35
11984 77
11985 30
11986 189
11987 19
11988 56
11989 35
11990 86
11991 105
11992 28
11993 12
11994 30
11995 35
11996 118
11997 30
11998 77
11999 76
12000 86
12001 118
12002 118
12003 12
12004 35
12005 51
