4131
0 0
1 1
2 0
3 164
4 164
5 1165
6 164
7 164
8 0
9 2
10 3
11 3
12 3
13 3
14 0
15 0
16 0
17 0
18 566
19 86
20 0
21 3
22 0
23 0
24 0
25 0
26 0
27 3
28 0
29 0
30 0
31 86
32 0
33 0
34 0
35 0
36 0
37 0
38 0
39 80
40 0
41 0
42 408
43 0
44 0
45 98
46 3
47 0
48 0
49 164
50 164
51 29
52 0
53 1357
54 3
55 3
56 3
57 0
58 0
59 3159
60 2
61 0
62 196
63 0
64 0
65 4
66 0
67 0
68 0
69 0
70 0
71 164
72 164
73 3
74 3
75 3
76 164
77 164
78 6
79 3
80 3373
81 3
82 3
83 3
84 3373
85 3373
86 3
87 3373
88 3
89 3
90 3
91 3
92 3
93 3
94 3
95 495
96 3
97 3
98 3
99 3
100 3
101 10
102 3
103 3
104 3
105 3
106 3
107 3373
108 106
109 3
110 3
111 1168
112 3
113 1357
114 3
115 3
116 3
117 3
118 164
119 3373
120 3373
121 3
122 3
123 233
124 3
125 3
126 1168
127 1165
128 916
129 3
130 3
131 233
132 164
133 1168
134 1357
135 233
136 1357
137 1357
138 3
139 3
140 106
141 3
142 2
143 233
144 1168
145 233
146 106
147 10
148 3
149 3
150 3
151 1364
152 3
153 3373
154 3373
155 3
156 3
157 1357
158 3
159 3
160 3
161 3
162 3
163 2
164 106
165 3
166 1168
167 3
168 3
169 495
170 3
171 3
172 3
173 3
174 233
175 1168
176 12
177 233
178 3
179 13
180 106
181 14
182 3
183 3
184 1168
185 3
186 164
187 164
188 164
189 3
190 3
191 3
192 1168
193 1357
194 3
195 3
196 1357
197 3
198 3
199 15
200 3373
201 3
202 3
203 106
204 3
205 164
206 164
207 3
208 16
209 3
210 3
211 3
212 17
213 1165
214 3
215 233
216 3
217 164
218 164
219 164
220 164
221 164
222 3
223 3
224 164
225 106
226 3
227 1357
228 3
229 1168
230 1357
231 1168
232 164
233 106
234 1168
235 1357
236 1357
237 1178
238 3
239 3
240 3
241 106
242 3
243 106
244 233
245 1357
246 3
247 3
248 3
249 233
250 3
251 3
252 3
253 257
254 1168
255 106
256 3
257 164
258 3
259 3
260 1357
261 3
262 3
263 1357
264 1357
265 1357
266 3
267 84
268 3
269 1357
270 1357
271 3
272 1357
273 1357
274 1357
275 3
276 233
277 3
278 3
279 3
280 1168
281 1168
282 1357
283 3
284 1165
285 3
286 3
287 3
288 1357
289 3
290 3
291 3
292 164
293 106
294 3
295 233
296 3
297 3
298 3
299 106
300 164
301 3
302 3
303 3
304 3
305 3
306 495
307 164
308 1357
309 1165
310 3
311 3
312 106
313 106
314 164
315 106
316 164
317 1357
318 3
319 3
320 3
321 3
322 1168
323 1168
324 1357
325 3
326 3
327 3
328 3
329 1357
330 3
331 3
332 3
333 3
334 3
335 106
336 106
337 3
338 3
339 3
340 3
341 3
342 3
343 495
344 1168
345 3
346 164
347 106
348 164
349 164
350 3
351 3
352 3
353 1357
354 106
355 106
356 3
357 233
358 3
359 3
360 0
361 3
362 3
363 3
364 1168
365 3
366 696
367 1168
368 164
369 749
370 1357
371 164
372 164
373 164
374 164
375 164
376 1168
377 3
378 1357
379 106
380 1357
381 164
382 1357
383 106
384 1357
385 3
386 495
387 164
388 1357
389 1357
390 196
391 1165
392 3
393 1165
394 3
395 894
396 233
397 749
398 106
399 106
400 164
401 164
402 1357
403 1357
404 164
405 164
406 106
407 3
408 3
409 3
410 3
411 3
412 3
413 1357
414 3
415 1357
416 106
417 1357
418 3
419 3
420 1357
421 3
422 3
423 1357
424 106
425 1168
426 164
427 164
428 3
429 1357
430 1357
431 3
432 3
433 3
434 3
435 161
436 106
437 3
438 106
439 3
440 3
441 3
442 1357
443 1165
444 1357
445 3
446 106
447 0
448 1357
449 3
450 1168
451 233
452 164
453 3
454 1357
455 164
456 164
457 495
458 495
459 495
460 3
461 233
462 3373
463 164
464 164
465 3
466 233
467 3
468 3
469 106
470 164
471 164
472 164
473 164
474 164
475 1168
476 164
477 1357
478 164
479 164
480 164
481 3
482 164
483 164
484 3
485 1357
486 3
487 3
488 164
489 1357
490 3
491 1357
492 1168
493 164
494 1168
495 233
496 1168
497 1168
498 233
499 164
500 1357
501 106
502 1357
503 164
504 106
505 106
506 164
507 164
508 164
509 164
510 164
511 164
512 164
513 1168
514 164
515 164
516 164
517 3373
518 164
519 164
520 164
521 164
522 164
523 164
524 164
525 1168
526 106
527 164
528 164
529 164
530 164
531 1357
532 1357
533 1357
534 164
535 164
536 3
537 1357
538 164
539 164
540 1168
541 164
542 1168
543 1168
544 1168
545 1168
546 1168
547 1168
548 164
549 106
550 164
551 164
552 164
553 3
554 164
555 164
556 164
557 106
558 106
559 164
560 233
561 1168
562 1168
563 106
564 164
565 106
566 164
567 164
568 106
569 164
570 164
571 164
572 3
573 1357
574 1357
575 164
576 164
577 164
578 1165
579 164
580 1357
581 164
582 233
583 1168
584 1168
585 1357
586 106
587 164
588 164
589 164
590 1168
591 1357
592 106
593 106
594 164
595 164
596 1168
597 1168
598 1168
599 233
600 1357
601 1357
602 1357
603 3
604 3373
605 164
606 164
607 3
608 164
609 1168
610 233
611 233
612 106
613 164
614 1168
615 164
616 164
617 106
618 3
619 164
620 164
621 164
622 106
623 1168
624 164
625 164
626 3373
627 233
628 233
629 1168
630 3
631 1357
632 1357
633 233
634 106
635 164
636 164
637 164
638 106
639 1357
640 1357
641 1357
642 1168
643 1168
644 164
645 164
646 164
647 1165
648 164
649 164
650 106
651 233
652 106
653 106
654 106
655 3
656 164
657 164
658 164
659 233
660 164
661 3373
662 1357
663 1168
664 164
665 233
666 233
667 3
668 3
669 164
670 164
671 164
672 164
673 164
674 3
675 1357
676 3
677 233
678 1357
679 164
680 164
681 1168
682 164
683 164
684 1357
685 1168
686 3373
687 1357
688 164
689 1168
690 1357
691 106
692 3
693 3
694 3
695 495
696 265
697 164
698 164
699 164
700 164
701 233
702 233
703 164
704 164
705 106
706 106
707 1165
708 106
709 106
710 106
711 1168
712 1357
713 3
714 3
715 164
716 1357
717 164
718 164
719 164
720 3
721 3
722 233
723 1168
724 106
725 1168
726 1357
727 3373
728 164
729 1357
730 164
731 1168
732 164
733 1357
734 1357
735 106
736 106
737 106
738 106
739 106
740 164
741 3
742 1168
743 164
744 164
745 164
746 1168
747 164
748 233
749 106
750 3
751 233
752 164
753 164
754 233
755 164
756 1357
757 1168
758 164
759 164
760 1168
761 1168
762 1357
763 164
764 3373
765 164
766 3373
767 1168
768 1168
769 164
770 1357
771 164
772 106
773 106
774 106
775 23
776 106
777 106
778 106
779 3
780 3
781 106
782 1357
783 3
784 106
785 1168
786 3
787 1357
788 233
789 3
790 106
791 3
792 1357
793 1357
794 106
795 3
796 233
797 106
798 164
799 164
800 1168
801 106
802 233
803 1357
804 233
805 164
806 3
807 164
808 164
809 164
810 164
811 164
812 106
813 164
814 3
815 1357
816 1357
817 3
818 164
819 164
820 1357
821 3373
822 1165
823 1168
824 1357
825 164
826 164
827 164
828 3
829 3
830 1357
831 106
832 106
833 233
834 1168
835 495
836 106
837 1168
838 1168
839 1357
840 164
841 164
842 164
843 164
844 164
845 106
846 233
847 164
848 164
849 164
850 164
851 164
852 106
853 1357
854 164
855 24
856 106
857 106
858 164
859 1168
860 1168
861 1168
862 1357
863 1357
864 1357
865 1168
866 3
867 1357
868 3
869 3
870 3
871 3
872 3
873 3
874 3
875 3
876 3
877 3
878 25
879 3
880 3
881 3
882 233
883 3
884 233
885 164
886 3
887 0
888 3
889 1357
890 1357
891 1357
892 233
893 3350
894 1357
895 3
896 1168
897 1357
898 495
899 3
900 495
901 3
902 3
903 233
904 3
905 3
906 164
907 164
908 3
909 3
910 3
911 3
912 3
913 3
914 3
915 3
916 3
917 1357
918 3
919 3
920 1357
921 233
922 3
923 1357
924 1357
925 233
926 3
927 1357
928 0
929 3
930 495
931 1165
932 495
933 233
934 164
935 3
936 3
937 1168
938 3
939 3
940 3
941 164
942 164
943 233
944 3
945 233
946 164
947 10
948 164
949 106
950 3
951 495
952 1168
953 1168
954 1168
955 1168
956 1168
957 495
958 495
959 3
960 3
961 3
962 3
963 3
964 3
965 3
966 1340
967 106
968 106
969 106
970 106
971 106
972 106
973 106
974 106
975 106
976 106
977 106
978 106
979 106
980 106
981 106
982 106
983 106
984 677
985 106
986 106
987 106
988 106
989 106
990 106
991 106
992 106
993 106
994 106
995 106
996 106
997 106
998 106
999 106
1000 106
1001 106
1002 106
1003 106
1004 106
1005 106
1006 106
1007 106
1008 106
1009 106
1010 106
1011 106
1012 106
1013 106
1014 106
1015 106
1016 106
1017 106
1018 106
1019 106
1020 106
1021 106
1022 106
1023 3
1024 3
1025 26
1026 1357
1027 1357
1028 1357
1029 1168
1030 1357
1031 1357
1032 1357
1033 164
1034 164
1035 3
1036 1357
1037 233
1038 3
1039 3
1040 3
1041 1357
1042 1357
1043 1357
1044 1357
1045 1357
1046 1357
1047 1357
1048 1357
1049 1357
1050 1357
1051 233
1052 1357
1053 3
1054 1357
1055 106
1056 1168
1057 1168
1058 3
1059 3
1060 1357
1061 1357
1062 1357
1063 1357
1064 1357
1065 233
1066 1357
1067 1357
1068 1357
1069 1357
1070 1357
1071 3
1072 3
1073 3
1074 3
1075 3
1076 1357
1077 1168
1078 1357
1079 3
1080 3
1081 1357
1082 1357
1083 1357
1084 1357
1085 106
1086 1357
1087 1357
1088 1357
1089 3
1090 3
1091 1357
1092 1357
1093 1357
1094 3
1095 1357
1096 1168
1097 1168
1098 3
1099 3
1100 3
1101 1357
1102 1357
1103 3
1104 3
1105 3
1106 1357
1107 1168
1108 3
1109 1357
1110 1357
1111 1357
1112 1168
1113 1357
1114 1357
1115 106
1116 1357
1117 233
1118 1357
1119 233
1120 233
1121 1357
1122 3
1123 1357
1124 1357
1125 1357
1126 1357
1127 1357
1128 1357
1129 164
1130 1357
1131 1357
1132 1357
1133 1357
1134 1357
1135 3373
1136 3373
1137 1357
1138 3
1139 3
1140 1357
1141 3
1142 3
1143 1357
1144 1357
1145 3
1146 1357
1147 1357
1148 1357
1149 106
1150 1357
1151 1357
1152 1357
1153 3
1154 1357
1155 3373
1156 3373
1157 3373
1158 3
1159 106
1160 1357
1161 233
1162 1357
1163 1357
1164 106
1165 1357
1166 1168
1167 3
1168 3
1169 106
1170 1357
1171 3
1172 1357
1173 1357
1174 1357
1175 1357
1176 106
1177 106
1178 164
1179 1168
1180 3
1181 3
1182 1357
1183 106
1184 106
1185 106
1186 1165
1187 3
1188 1357
1189 1357
1190 1357
1191 1357
1192 106
1193 1357
1194 1357
1195 1357
1196 3
1197 164
1198 106
1199 677
1200 677
1201 1357
1202 3
1203 3
1204 1357
1205 1357
1206 1357
1207 164
1208 495
1209 1357
1210 3
1211 3
1212 1357
1213 1357
1214 1357
1215 3
1216 1357
1217 1357
1218 164
1219 233
1220 3
1221 1357
1222 1357
1223 106
1224 3
1225 1357
1226 1357
1227 1357
1228 3
1229 495
1230 106
1231 164
1232 1357
1233 1357
1234 1357
1235 1357
1236 1357
1237 3
1238 3
1239 1168
1240 1357
1241 164
1242 3
1243 3
1244 1357
1245 106
1246 1357
1247 1357
1248 3
1249 677
1250 677
1251 1357
1252 1357
1253 1357
1254 106
1255 1357
1256 2
1257 394
1258 2
1259 28
1260 2
1261 2
1262 2
1263 2
1264 29
1265 30
1266 29
1267 29
1268 2
1269 2
1270 1057
1271 2
1272 2
1273 2
1274 2
1275 2
1276 1168
1277 2
1278 2
1279 2
1280 2
1281 31
1282 2453
1283 31
1284 2
1285 2
1286 3
1287 3
1288 1168
1289 1168
1290 1168
1291 1168
1292 1168
1293 1168
1294 1168
1295 1168
1296 233
1297 164
1298 1168
1299 1168
1300 233
1301 1168
1302 233
1303 1168
1304 1168
1305 1168
1306 1168
1307 106
1308 106
1309 106
1310 106
1311 1168
1312 1168
1313 106
1314 106
1315 106
1316 106
1317 1168
1318 1168
1319 1168
1320 106
1321 1168
1322 1168
1323 1168
1324 1168
1325 1168
1326 1168
1327 1168
1328 1168
1329 495
1330 106
1331 1168
1332 1168
1333 1168
1334 1168
1335 1168
1336 1168
1337 1168
1338 106
1339 1168
1340 1168
1341 1357
1342 1357
1343 1357
1344 1357
1345 1357
1346 1357
1347 1357
1348 1357
1349 1357
1350 1357
1351 1357
1352 1357
1353 1357
1354 1357
1355 1357
1356 1357
1357 164
1358 60
1359 60
1360 1357
1361 1168
1362 3
1363 233
1364 3
1365 3
1366 1357
1367 1357
1368 3
1369 233
1370 233
1371 1168
1372 164
1373 106
1374 164
1375 3
1376 164
1377 3
1378 164
1379 3
1380 164
1381 3
1382 495
1383 3373
1384 3
1385 164
1386 164
1387 233
1388 233
1389 3
1390 164
1391 1357
1392 1168
1393 3
1394 3
1395 164
1396 164
1397 1168
1398 164
1399 164
1400 164
1401 495
1402 164
1403 3373
1404 3373
1405 164
1406 3
1407 3
1408 1357
1409 164
1410 164
1411 3
1412 164
1413 3373
1414 1357
1415 164
1416 233
1417 164
1418 3053
1419 164
1420 1357
1421 1357
1422 164
1423 164
1424 233
1425 1168
1426 1168
1427 3
1428 106
1429 106
1430 164
1431 233
1432 163
1433 164
1434 1165
1435 233
1436 233
1437 1591
1438 164
1439 233
1440 164
1441 495
1442 164
1443 495
1444 164
1445 3373
1446 164
1447 1357
1448 233
1449 1168
1450 164
1451 164
1452 164
1453 164
1454 164
1455 164
1456 164
1457 32
1458 106
1459 495
1460 164
1461 1357
1462 164
1463 164
1464 164
1465 164
1466 1168
1467 1357
1468 164
1469 164
1470 3
1471 3
1472 1168
1473 164
1474 233
1475 233
1476 164
1477 3
1478 3
1479 164
1480 164
1481 106
1482 1357
1483 164
1484 164
1485 164
1486 3373
1487 164
1488 164
1489 164
1490 164
1491 1168
1492 3373
1493 3373
1494 3373
1495 3373
1496 3373
1497 33
1498 495
1499 164
1500 3
1501 164
1502 1357
1503 164
1504 3
1505 3
1506 164
1507 1168
1508 164
1509 164
1510 3
1511 164
1512 164
1513 1357
1514 164
1515 233
1516 233
1517 1168
1518 164
1519 164
1520 164
1521 164
1522 164
1523 1357
1524 1357
1525 164
1526 233
1527 1357
1528 164
1529 164
1530 5
1531 106
1532 106
1533 106
1534 164
1535 233
1536 164
1537 233
1538 164
1539 1168
1540 164
1541 1357
1542 3
1543 3373
1544 106
1545 106
1546 1168
1547 495
1548 164
1549 164
1550 1357
1551 1969
1552 233
1553 164
1554 164
1555 106
1556 164
1557 164
1558 3
1559 1357
1560 3
1561 164
1562 1168
1563 106
1564 233
1565 1357
1566 3
1567 106
1568 3
1569 34
1570 164
1571 1168
1572 1357
1573 121
1574 3
1575 164
1576 164
1577 3052
1578 1165
1579 1357
1580 164
1581 164
1582 164
1583 164
1584 1165
1585 1357
1586 233
1587 1357
1588 1168
1589 164
1590 233
1591 164
1592 164
1593 1357
1594 1357
1595 164
1596 1357
1597 1357
1598 1357
1599 164
1600 233
1601 233
1602 106
1603 3
1604 1357
1605 35
1606 233
1607 164
1608 164
1609 1357
1610 164
1611 164
1612 106
1613 1357
1614 164
1615 3373
1616 1357
1617 495
1618 1357
1619 3
1620 3
1621 3373
1622 1357
1623 1357
1624 1168
1625 1357
1626 3373
1627 164
1628 1357
1629 3
1630 164
1631 164
1632 1357
1633 1357
1634 1357
1635 1357
1636 164
1637 164
1638 164
1639 164
1640 1357
1641 3
1642 1564
1643 164
1644 164
1645 164
1646 106
1647 106
1648 3
1649 164
1650 3373
1651 1168
1652 1357
1653 1357
1654 1357
1655 495
1656 233
1657 1357
1658 164
1659 3373
1660 1357
1661 164
1662 1357
1663 233
1664 3373
1665 164
1666 106
1667 106
1668 3
1669 3373
1670 106
1671 164
1672 1357
1673 164
1674 1168
1675 1357
1676 1357
1677 1357
1678 106
1679 3373
1680 3373
1681 164
1682 1168
1683 1168
1684 164
1685 3
1686 1357
1687 164
1688 3
1689 1357
1690 106
1691 3
1692 1357
1693 164
1694 164
1695 233
1696 164
1697 164
1698 164
1699 164
1700 3
1701 164
1702 164
1703 164
1704 106
1705 3
1706 164
1707 233
1708 1168
1709 164
1710 164
1711 1357
1712 233
1713 495
1714 164
1715 164
1716 164
1717 164
1718 164
1719 164
1720 164
1721 3
1722 164
1723 106
1724 164
1725 1165
1726 164
1727 1357
1728 1168
1729 1168
1730 3
1731 36
1732 37
1733 164
1734 106
1735 106
1736 1168
1737 1168
1738 106
1739 164
1740 164
1741 164
1742 1357
1743 1168
1744 1357
1745 164
1746 1357
1747 1357
1748 106
1749 1357
1750 164
1751 164
1752 164
1753 164
1754 38
1755 39
1756 233
1757 3
1758 164
1759 106
1760 3
1761 1357
1762 495
1763 164
1764 106
1765 1357
1766 164
1767 1168
1768 233
1769 233
1770 233
1771 1357
1772 1168
1773 37
1774 37
1775 1165
1776 164
1777 1168
1778 40
1779 164
1780 3
1781 495
1782 3
1783 3
1784 3
1785 3
1786 3
1787 3
1788 1168
1789 3
1790 3
1791 3
1792 3
1793 3
1794 3350
1795 3
1796 3
1797 3
1798 3
1799 3
1800 3
1801 3
1802 3
1803 3
1804 3
1805 3
1806 10
1807 3
1808 3
1809 3
1810 41
1811 6
1812 3
1813 495
1814 1357
1815 1357
1816 1357
1817 3
1818 495
1819 495
1820 495
1821 3
1822 1168
1823 1168
1824 1165
1825 1168
1826 1168
1827 3
1828 3
1829 1168
1830 164
1831 3
1832 495
1833 3
1834 1357
1835 1357
1836 3
1837 1168
1838 3
1839 3
1840 3
1841 1168
1842 1357
1843 3
1844 3
1845 3
1846 495
1847 495
1848 3
1849 1357
1850 3
1851 164
1852 3
1853 3
1854 3
1855 3
1856 3
1857 164
1858 677
1859 677
1860 677
1861 677
1862 3
1863 3
1864 1165
1865 3
1866 1168
1867 2523
1868 2523
1869 558
1870 164
1871 1357
1872 3
1873 3
1874 3
1875 1357
1876 1168
1877 3
1878 495
1879 3
1880 164
1881 164
1882 3373
1883 3
1884 3
1885 1357
1886 3
1887 3
1888 0
1889 3
1890 3
1891 3
1892 0
1893 3
1894 0
1895 3
1896 3
1897 3
1898 3
1899 3
1900 3
1901 3
1902 3
1903 3
1904 3
1905 0
1906 3
1907 1168
1908 3
1909 3
1910 3
1911 3
1912 3
1913 3
1914 3
1915 3
1916 3
1917 3
1918 3
1919 3
1920 3
1921 3
1922 106
1923 3
1924 3
1925 3
1926 3
1927 3
1928 3
1929 3
1930 3
1931 3
1932 3
1933 3
1934 3
1935 1357
1936 3
1937 3
1938 3
1939 3
1940 3
1941 3
1942 3
1943 1658
1944 1165
1945 3
1946 3
1947 3
1948 1057
1949 3
1950 1168
1951 3
1952 1357
1953 3
1954 3
1955 3
1956 3
1957 3
1958 163
1959 1057
1960 1357
1961 3
1962 1357
1963 3
1964 3
1965 1057
1966 1357
1967 3
1968 3
1969 3
1970 44
1971 3
1972 3
1973 3
1974 3
1975 3
1976 3
1977 45
1978 3
1979 3
1980 3
1981 106
1982 3
1983 164
1984 3
1985 3
1986 46
1987 3
1988 3
1989 3
1990 1165
1991 164
1992 677
1993 3
1994 47
1995 3
1996 1357
1997 3
1998 233
1999 3
2000 3
2001 164
2002 3
2003 3
2004 3
2005 3
2006 3
2007 507
2008 112
2009 3
2010 164
2011 1357
2012 3
2013 495
2014 3
2015 3
2016 3
2017 49
2018 1168
2019 50
2020 51
2021 3
2022 164
2023 3
2024 3
2025 3
2026 3
2027 3
2028 3
2029 3
2030 3
2031 3
2032 3
2033 52
2034 3
2035 3
2036 3
2037 3
2038 1057
2039 1357
2040 106
2041 1168
2042 3
2043 3
2044 1057
2045 1357
2046 1357
2047 3
2048 3
2049 3
2050 3
2051 3
2052 3
2053 3
2054 3
2055 3
2056 3
2057 3
2058 3
2059 3
2060 3
2061 3
2062 3
2063 495
2064 495
2065 3
2066 3
2067 3
2068 3
2069 3
2070 1357
2071 3
2072 3
2073 3
2074 3
2075 3
2076 3
2077 3
2078 106
2079 3
2080 3
2081 3
2082 3
2083 3
2084 3
2085 3
2086 54
2087 55
2088 56
2089 48
2090 1357
2091 1357
2092 1168
2093 3
2094 83
2095 1357
2096 1168
2097 3
2098 3
2099 106
2100 1357
2101 57
2102 1357
2103 3
2104 1357
2105 3
2106 3
2107 3
2108 1357
2109 352
2110 1357
2111 233
2112 2040
2113 1357
2114 1357
2115 1357
2116 1357
2117 1357
2118 1165
2119 695
2120 3373
2121 60
2122 3373
2123 3373
2124 3373
2125 3373
2126 61
2127 3373
2128 3373
2129 3373
2130 3373
2131 3397
2132 3373
2133 3373
2134 1168
2135 1168
2136 1168
2137 3373
2138 1357
2139 3373
2140 62
2141 3373
2142 3
2143 3373
2144 164
2145 164
2146 3373
2147 3373
2148 3373
2149 3373
2150 3373
2151 3373
2152 61
2153 3373
2154 3373
2155 3373
2156 3373
2157 3373
2158 1168
2159 3373
2160 106
2161 3373
2162 3373
2163 3373
2164 3373
2165 1168
2166 3373
2167 3373
2168 63
2169 3373
2170 3373
2171 3373
2172 3373
2173 3373
2174 3373
2175 3
2176 3
2177 3373
2178 164
2179 64
2180 3373
2181 65
2182 66
2183 3373
2184 3373
2185 3373
2186 3381
2187 3373
2188 3373
2189 1357
2190 3373
2191 67
2192 3373
2193 3373
2194 3373
2195 3373
2196 3373
2197 3373
2198 3373
2199 164
2200 3373
2201 3373
2202 3373
2203 3373
2204 3373
2205 3373
2206 68
2207 3373
2208 3373
2209 3373
2210 3373
2211 3373
2212 3373
2213 1168
2214 1168
2215 1168
2216 1168
2217 1168
2218 1168
2219 3373
2220 3373
2221 3373
2222 1168
2223 61
2224 61
2225 69
2226 70
2227 71
2228 1168
2229 1168
2230 3373
2231 3373
2232 3373
2233 3373
2234 1168
2235 3373
2236 3373
2237 3373
2238 3373
2239 3373
2240 3373
2241 3373
2242 3373
2243 3373
2244 3373
2245 3373
2246 3373
2247 3373
2248 3373
2249 3373
2250 1165
2251 1165
2252 1165
2253 1165
2254 749
2255 749
2256 749
2257 749
2258 749
2259 749
2260 749
2261 106
2262 1357
2263 106
2264 3
2265 3
2266 3
2267 1165
2268 1165
2269 106
2270 3
2271 3
2272 106
2273 1165
2274 106
2275 3
2276 106
2277 3
2278 106
2279 106
2280 3
2281 72
2282 3
2283 75
2284 75
2285 74
2286 3
2287 73
2288 1357
2289 3
2290 84
2291 84
2292 84
2293 3
2294 3
2295 84
2296 3
2297 84
2298 79
2299 74
2300 74
2301 3
2302 3
2303 3
2304 3
2305 84
2306 75
2307 3
2308 79
2309 75
2310 75
2311 3
2312 3
2313 79
2314 84
2315 84
2316 79
2317 3
2318 3
2319 3
2320 3
2321 79
2322 79
2323 3
2324 75
2325 3
2326 3
2327 3
2328 3
2329 3
2330 84
2331 84
2332 84
2333 84
2334 3
2335 3
2336 3
2337 3
2338 3
2339 3
2340 75
2341 3
2342 3
2343 3
2344 3
2345 3
2346 3
2347 3
2348 76
2349 3
2350 1357
2351 77
2352 78
2353 3
2354 75
2355 75
2356 3
2357 84
2358 3
2359 3
2360 84
2361 3
2362 79
2363 84
2364 79
2365 84
2366 3
2367 233
2368 1168
2369 1168
2370 3
2371 84
2372 84
2373 3
2374 3
2375 3
2376 84
2377 3
2378 3
2379 3159
2380 81
2381 75
2382 1357
2383 3
2384 3
2385 164
2386 397
2387 3
2388 82
2389 3
2390 3
2391 106
2392 83
2393 3
2394 1108
2395 3
2396 84
2397 84
2398 3
2399 3
2400 86
2401 84
2402 85
2403 84
2404 3
2405 3
2406 84
2407 3
2408 3
2409 3
2410 84
2411 84
2412 84
2413 86
2414 84
2415 3046
2416 3
2417 3
2418 3
2419 3
2420 1168
2421 3
2422 3
2423 3
2424 79
2425 84
2426 516
2427 79
2428 164
2429 1357
2430 1165
2431 84
2432 3
2433 59
2434 3
2435 164
2436 3
2437 3
2438 84
2439 79
2440 3
2441 3
2442 84
2443 3
2444 3
2445 3
2446 3
2447 84
2448 84
2449 1165
2450 84
2451 84
2452 84
2453 88
2454 224
2455 3
2456 3
2457 233
2458 3
2459 79
2460 79
2461 84
2462 84
2463 3
2464 3
2465 84
2466 3
2467 3
2468 3
2469 3
2470 3
2471 3
2472 3
2473 3
2474 3
2475 3
2476 3
2477 3
2478 3
2479 3
2480 3
2481 3
2482 3
2483 3
2484 3
2485 495
2486 3
2487 3
2488 3
2489 3
2490 3
2491 3
2492 3
2493 3
2494 3
2495 3
2496 3
2497 3
2498 3
2499 3
2500 3
2501 106
2502 3
2503 3
2504 3
2505 3
2506 3
2507 106
2508 3
2509 495
2510 495
2511 495
2512 164
2513 164
2514 164
2515 495
2516 495
2517 1165
2518 495
2519 495
2520 233
2521 3
2522 3
2523 3
2524 3
2525 3
2526 1357
2527 3
2528 3
2529 3
2530 3
2531 3
2532 3
2533 1357
2534 3
2535 3
2536 3
2537 1357
2538 3
2539 3
2540 3
2541 495
2542 3
2543 3
2544 3
2545 89
2546 90
2547 91
2548 2048
2549 3
2550 1357
2551 92
2552 3
2553 3
2554 495
2555 3
2556 3
2557 3
2558 3
2559 3
2560 3373
2561 3
2562 3
2563 3
2564 164
2565 106
2566 106
2567 106
2568 106
2569 106
2570 164
2571 106
2572 106
2573 106
2574 106
2575 1165
2576 1357
2577 106
2578 106
2579 106
2580 106
2581 106
2582 106
2583 106
2584 106
2585 106
2586 106
2587 106
2588 106
2589 106
2590 164
2591 106
2592 106
2593 164
2594 164
2595 164
2596 106
2597 1165
2598 106
2599 106
2600 1168
2601 1168
2602 106
2603 106
2604 106
2605 106
2606 106
2607 106
2608 106
2609 106
2610 106
2611 106
2612 106
2613 106
2614 106
2615 106
2616 106
2617 106
2618 106
2619 106
2620 106
2621 106
2622 3
2623 1165
2624 106
2625 106
2626 106
2627 106
2628 106
2629 106
2630 677
2631 106
2632 106
2633 677
2634 106
2635 106
2636 1165
2637 1165
2638 1165
2639 1357
2640 106
2641 164
2642 106
2643 106
2644 106
2645 106
2646 106
2647 106
2648 106
2649 106
2650 106
2651 106
2652 106
2653 106
2654 164
2655 106
2656 106
2657 106
2658 106
2659 106
2660 106
2661 106
2662 106
2663 106
2664 106
2665 106
2666 677
2667 106
2668 106
2669 106
2670 1357
2671 106
2672 2263
2673 2263
2674 2263
2675 106
2676 106
2677 106
2678 106
2679 106
2680 106
2681 106
2682 106
2683 106
2684 106
2685 106
2686 106
2687 106
2688 106
2689 106
2690 1165
2691 106
2692 106
2693 677
2694 106
2695 106
2696 106
2697 106
2698 106
2699 106
2700 106
2701 106
2702 106
2703 1357
2704 106
2705 106
2706 106
2707 106
2708 106
2709 106
2710 106
2711 1357
2712 3
2713 3
2714 1357
2715 1168
2716 1168
2717 1357
2718 1168
2719 3
2720 233
2721 1357
2722 1357
2723 1357
2724 3
2725 3
2726 233
2727 1357
2728 233
2729 233
2730 3
2731 233
2732 1357
2733 3
2734 1357
2735 1357
2736 1168
2737 1168
2738 3
2739 3
2740 1357
2741 1357
2742 1357
2743 1357
2744 233
2745 1357
2746 1168
2747 233
2748 1357
2749 1357
2750 1357
2751 1357
2752 3
2753 1165
2754 1165
2755 1165
2756 1357
2757 233
2758 1357
2759 233
2760 233
2761 3
2762 1357
2763 1357
2764 1357
2765 1357
2766 1357
2767 1357
2768 3
2769 1357
2770 1357
2771 1357
2772 1357
2773 1168
2774 1357
2775 233
2776 1168
2777 1357
2778 1357
2779 1357
2780 3
2781 164
2782 495
2783 507
2784 3
2785 3
2786 3
2787 3
2788 3
2789 3
2790 3
2791 1357
2792 3
2793 164
2794 495
2795 3
2796 3
2797 3
2798 3350
2799 3
2800 495
2801 3
2802 3
2803 3
2804 3
2805 3
2806 3
2807 164
2808 3
2809 3
2810 3
2811 3
2812 93
2813 3
2814 1165
2815 94
2816 3
2817 164
2818 233
2819 3
2820 3
2821 96
2822 100
2823 3
2824 3
2825 3
2826 3
2827 3
2828 1168
2829 97
2830 3
2831 98
2832 3
2833 99
2834 3
2835 3
2836 3
2837 2
2838 100
2839 7
2840 3
2841 3
2842 3
2843 3
2844 3
2845 3
2846 3
2847 3
2848 3
2849 3
2850 3
2851 101
2852 3
2853 3
2854 3
2855 233
2856 164
2857 3
2858 1364
2859 3
2860 164
2861 3
2862 3
2863 3
2864 233
2865 3
2866 3
2867 119
2868 507
2869 3
2870 3
2871 3
2872 3
2873 100
2874 3
2875 2958
2876 3
2877 3
2878 164
2879 3
2880 3
2881 3
2882 3
2883 3
2884 3
2885 3
2886 1168
2887 3
2888 100
2889 100
2890 164
2891 106
2892 1165
2893 3
2894 3
2895 3
2896 3
2897 3
2898 3
2899 3
2900 1165
2901 3
2902 3
2903 3
2904 3
2905 3
2906 3
2907 3
2908 3
2909 3
2910 1357
2911 3
2912 233
2913 233
2914 3
2915 507
2916 233
2917 1168
2918 3
2919 3
2920 164
2921 3
2922 164
2923 3
2924 3
2925 3
2926 3
2927 3
2928 3
2929 3
2930 3
2931 3
2932 507
2933 3
2934 1357
2935 164
2936 164
2937 164
2938 3
2939 1168
2940 1168
2941 164
2942 164
2943 3
2944 3
2945 3
2946 164
2947 1165
2948 1165
2949 1357
2950 3
2951 1357
2952 164
2953 164
2954 1168
2955 1168
2956 164
2957 3
2958 3
2959 3
2960 3
2961 3
2962 3
2963 3
2964 164
2965 164
2966 164
2967 164
2968 3
2969 495
2970 1165
2971 164
2972 164
2973 3
2974 3
2975 3
2976 3
2977 1357
2978 164
2979 3
2980 3
2981 3
2982 164
2983 164
2984 3
2985 3
2986 1357
2987 164
2988 3
2989 3
2990 164
2991 3
2992 1357
2993 3
2994 164
2995 3
2996 233
2997 25
2998 233
2999 233
3000 233
3001 233
3002 233
3003 233
3004 1168
3005 1357
3006 233
3007 233
3008 233
3009 233
3010 3
3011 233
3012 495
3013 233
3014 233
3015 233
3016 233
3017 233
3018 233
3019 233
3020 749
3021 1357
3022 233
3023 1357
3024 233
3025 233
3026 1165
3027 233
3028 233
3029 106
3030 106
3031 106
3032 106
3033 1168
3034 2903
3035 1168
3036 233
3037 1168
3038 1357
3039 106
3040 106
3041 233
3042 233
3043 233
3044 106
3045 106
3046 1168
3047 106
3048 106
3049 106
3050 1168
3051 106
3052 106
3053 106
3054 233
3055 106
3056 106
3057 164
3058 164
3059 233
3060 233
3061 106
3062 106
3063 106
3064 164
3065 233
3066 233
3067 1168
3068 1168
3069 106
3070 106
3071 106
3072 233
3073 1168
3074 106
3075 1357
3076 233
3077 106
3078 106
3079 106
3080 1357
3081 233
3082 233
3083 233
3084 106
3085 106
3086 1357
3087 106
3088 106
3089 106
3090 106
3091 1168
3092 106
3093 1357
3094 677
3095 677
3096 677
3097 677
3098 1165
3099 1168
3100 1168
3101 106
3102 106
3103 1357
3104 106
3105 106
3106 106
3107 106
3108 106
3109 106
3110 106
3111 106
3112 106
3113 106
3114 106
3115 1357
3116 106
3117 106
3118 106
3119 106
3120 106
3121 106
3122 106
3123 106
3124 106
3125 106
3126 106
3127 1165
3128 1357
3129 233
3130 106
3131 164
3132 106
3133 106
3134 106
3135 106
3136 106
3137 106
3138 106
3139 164
3140 495
3141 164
3142 106
3143 1168
3144 106
3145 164
3146 106
3147 106
3148 106
3149 106
3150 677
3151 106
3152 106
3153 233
3154 677
3155 106
3156 106
3157 106
3158 106
3159 106
3160 106
3161 1165
3162 106
3163 106
3164 106
3165 106
3166 106
3167 106
3168 1165
3169 106
3170 106
3171 164
3172 106
3173 106
3174 106
3175 106
3176 106
3177 1165
3178 106
3179 106
3180 106
3181 106
3182 1168
3183 106
3184 106
3185 1165
3186 106
3187 3
3188 164
3189 106
3190 106
3191 106
3192 106
3193 106
3194 106
3195 106
3196 106
3197 106
3198 106
3199 106
3200 164
3201 106
3202 106
3203 106
3204 106
3205 1168
3206 106
3207 106
3208 1165
3209 106
3210 106
3211 106
3212 106
3213 106
3214 1168
3215 1168
3216 1165
3217 1165
3218 1165
3219 1357
3220 106
3221 106
3222 1168
3223 106
3224 106
3225 106
3226 106
3227 106
3228 106
3229 106
3230 106
3231 3
3232 106
3233 164
3234 106
3235 164
3236 677
3237 1357
3238 106
3239 106
3240 106
3241 106
3242 106
3243 106
3244 106
3245 106
3246 106
3247 106
3248 106
3249 106
3250 106
3251 106
3252 1168
3253 106
3254 106
3255 102
3256 1728
3257 106
3258 108
3259 120
3260 120
3261 108
3262 106
3263 1165
3264 106
3265 106
3266 106
3267 106
3268 106
3269 108
3270 106
3271 106
3272 108
3273 43
3274 106
3275 106
3276 106
3277 106
3278 106
3279 120
3280 108
3281 106
3282 106
3283 106
3284 106
3285 120
3286 106
3287 677
3288 106
3289 108
3290 108
3291 677
3292 104
3293 164
3294 108
3295 106
3296 677
3297 106
3298 106
3299 106
3300 106
3301 106
3302 108
3303 108
3304 108
3305 108
3306 120
3307 106
3308 106
3309 106
3310 1165
3311 1165
3312 1165
3313 106
3314 106
3315 106
3316 106
3317 106
3318 106
3319 106
3320 120
3321 106
3322 1168
3323 106
3324 106
3325 106
3326 106
3327 106
3328 106
3329 106
3330 4091
3331 120
3332 106
3333 106
3334 106
3335 106
3336 1168
3337 1168
3338 1168
3339 1168
3340 106
3341 1845
3342 1168
3343 1826
3344 106
3345 106
3346 120
3347 1827
3348 106
3349 106
3350 677
3351 106
3352 108
3353 106
3354 1165
3355 106
3356 106
3357 106
3358 106
3359 106
3360 106
3361 108
3362 106
3363 106
3364 120
3365 120
3366 677
3367 108
3368 108
3369 106
3370 233
3371 106
3372 120
3373 120
3374 106
3375 106
3376 106
3377 106
3378 106
3379 106
3380 106
3381 106
3382 106
3383 106
3384 120
3385 1357
3386 1168
3387 1858
3388 105
3389 106
3390 677
3391 677
3392 106
3393 106
3394 1357
3395 677
3396 677
3397 106
3398 106
3399 106
3400 106
3401 495
3402 106
3403 106
3404 106
3405 120
3406 106
3407 106
3408 120
3409 106
3410 106
3411 106
3412 106
3413 1165
3414 106
3415 677
3416 106
3417 106
3418 106
3419 112
3420 1848
3421 106
3422 106
3423 106
3424 106
3425 106
3426 1165
3427 164
3428 1165
3429 106
3430 108
3431 108
3432 108
3433 106
3434 106
3435 106
3436 106
3437 106
3438 106
3439 677
3440 106
3441 677
3442 164
3443 1168
3444 495
3445 106
3446 106
3447 677
3448 164
3449 677
3450 108
3451 164
3452 1168
3453 106
3454 106
3455 106
3456 106
3457 106
3458 106
3459 106
3460 106
3461 677
3462 106
3463 106
3464 106
3465 106
3466 106
3467 29
3468 106
3469 106
3470 106
3471 106
3472 106
3473 677
3474 106
3475 106
3476 677
3477 108
3478 106
3479 106
3480 106
3481 106
3482 106
3483 106
3484 106
3485 677
3486 677
3487 677
3488 677
3489 677
3490 106
3491 106
3492 120
3493 106
3494 106
3495 677
3496 106
3497 233
3498 1168
3499 677
3500 677
3501 677
3502 677
3503 677
3504 106
3505 107
3506 106
3507 106
3508 106
3509 106
3510 106
3511 106
3512 106
3513 164
3514 108
3515 108
3516 106
3517 106
3518 164
3519 106
3520 106
3521 106
3522 108
3523 106
3524 108
3525 108
3526 106
3527 106
3528 106
3529 106
3530 106
3531 106
3532 106
3533 106
3534 106
3535 164
3536 677
3537 106
3538 106
3539 1733
3540 106
3541 106
3542 106
3543 106
3544 106
3545 106
3546 106
3547 106
3548 106
3549 106
3550 106
3551 106
3552 106
3553 120
3554 106
3555 106
3556 106
3557 106
3558 106
3559 109
3560 106
3561 106
3562 106
3563 106
3564 106
3565 1165
3566 1168
3567 106
3568 106
3569 106
3570 106
3571 106
3572 677
3573 106
3574 106
3575 110
3576 111
3577 106
3578 106
3579 106
3580 120
3581 106
3582 108
3583 106
3584 108
3585 1165
3586 106
3587 106
3588 106
3589 106
3590 106
3591 106
3592 106
3593 1830
3594 106
3595 164
3596 106
3597 1165
3598 106
3599 164
3600 106
3601 106
3602 106
3603 3
3604 1165
3605 106
3606 120
3607 120
3608 106
3609 106
3610 106
3611 1165
3612 106
3613 120
3614 106
3615 106
3616 106
3617 106
3618 106
3619 677
3620 106
3621 106
3622 106
3623 106
3624 106
3625 106
3626 112
3627 106
3628 113
3629 114
3630 106
3631 106
3632 3
3633 765
3634 106
3635 106
3636 106
3637 106
3638 115
3639 677
3640 106
3641 106
3642 106
3643 106
3644 108
3645 106
3646 106
3647 106
3648 106
3649 121
3650 106
3651 106
3652 106
3653 106
3654 106
3655 106
3656 106
3657 1165
3658 116
3659 106
3660 106
3661 677
3662 120
3663 677
3664 106
3665 106
3666 106
3667 677
3668 106
3669 3
3670 106
3671 108
3672 106
3673 108
3674 106
3675 106
3676 106
3677 164
3678 677
3679 677
3680 1165
3681 112
3682 164
3683 106
3684 106
3685 106
3686 106
3687 106
3688 106
3689 108
3690 108
3691 106
3692 108
3693 108
3694 106
3695 106
3696 1168
3697 677
3698 677
3699 106
3700 1168
3701 677
3702 677
3703 677
3704 677
3705 495
3706 106
3707 106
3708 106
3709 106
3710 117
3711 106
3712 106
3713 106
3714 106
3715 495
3716 495
3717 106
3718 106
3719 106
3720 106
3721 106
3722 106
3723 106
3724 106
3725 106
3726 3373
3727 106
3728 1165
3729 677
3730 106
3731 677
3732 3
3733 106
3734 677
3735 106
3736 106
3737 106
3738 106
3739 106
3740 106
3741 106
3742 1165
3743 1165
3744 106
3745 106
3746 106
3747 106
3748 106
3749 106
3750 106
3751 106
3752 1168
3753 106
3754 106
3755 106
3756 106
3757 1168
3758 118
3759 106
3760 106
3761 106
3762 163
3763 106
3764 106
3765 108
3766 108
3767 106
3768 106
3769 106
3770 106
3771 106
3772 106
3773 677
3774 106
3775 106
3776 164
3777 106
3778 106
3779 106
3780 1357
3781 106
3782 106
3783 106
3784 106
3785 3635
3786 1168
3787 106
3788 106
3789 106
3790 677
3791 164
3792 164
3793 106
3794 106
3795 108
3796 677
3797 677
3798 106
3799 106
3800 106
3801 106
3802 120
3803 108
3804 120
3805 106
3806 106
3807 106
3808 677
3809 106
3810 106
3811 108
3812 106
3813 108
3814 106
3815 106
3816 106
3817 106
3818 106
3819 106
3820 1127
3821 3
3822 106
3823 108
3824 106
3825 106
3826 1165
3827 106
3828 106
3829 1866
3830 106
3831 120
3832 106
3833 106
3834 106
3835 106
3836 106
3837 106
3838 106
3839 106
3840 106
3841 106
3842 106
3843 106
3844 121
3845 677
3846 1357
3847 106
3848 3
3849 106
3850 106
3851 106
3852 106
3853 106
3854 106
3855 106
3856 122
3857 106
3858 106
3859 1165
3860 108
3861 106
3862 106
3863 106
3864 106
3865 106
3866 106
3867 106
3868 108
3869 106
3870 1165
3871 677
3872 106
3873 106
3874 106
3875 106
3876 106
3877 106
3878 106
3879 106
3880 106
3881 164
3882 106
3883 106
3884 677
3885 106
3886 106
3887 120
3888 123
3889 124
3890 112
3891 106
3892 106
3893 106
3894 106
3895 106
3896 164
3897 106
3898 1851
3899 1168
3900 106
3901 106
3902 106
3903 106
3904 164
3905 106
3906 1357
3907 106
3908 125
3909 106
3910 106
3911 106
3912 106
3913 106
3914 106
3915 164
3916 106
3917 106
3918 106
3919 60
3920 106
3921 106
3922 164
3923 106
3924 507
3925 507
3926 1357
3927 106
3928 126
3929 127
3930 106
3931 106
3932 106
3933 164
3934 677
3935 677
3936 677
3937 106
3938 106
3939 106
3940 106
3941 106
3942 106
3943 106
3944 106
3945 106
3946 106
3947 106
3948 106
3949 106
3950 106
3951 106
3952 106
3953 106
3954 106
3955 106
3956 106
3957 128
3958 106
3959 106
3960 1168
3961 106
3962 106
3963 106
3964 106
3965 677
3966 677
3967 106
3968 1165
3969 3
3970 106
3971 164
3972 106
3973 106
3974 106
3975 106
3976 106
3977 106
3978 106
3979 106
3980 106
3981 1168
3982 106
3983 106
3984 106
3985 106
3986 106
3987 106
3988 1168
3989 106
3990 106
3991 106
3992 106
3993 106
3994 106
3995 3
3996 106
3997 106
3998 108
3999 106
4000 106
4001 106
4002 106
4003 106
4004 106
4005 106
4006 130
4007 233
4008 495
4009 106
4010 233
4011 106
4012 106
4013 106
4014 120
4015 120
4016 108
4017 1357
4018 108
4019 108
4020 106
4021 106
4022 106
4023 112
4024 131
4025 233
4026 106
4027 164
4028 164
4029 106
4030 106
4031 106
4032 120
4033 677
4034 106
4035 677
4036 106
4037 106
4038 164
4039 106
4040 106
4041 106
4042 233
4043 106
4044 106
4045 106
4046 106
4047 106
4048 106
4049 106
4050 1168
4051 677
4052 106
4053 106
4054 677
4055 677
4056 164
4057 164
4058 109
4059 164
4060 1165
4061 1357
4062 1357
4063 1357
4064 1357
4065 1357
4066 1357
4067 1357
4068 1357
4069 3
4070 1357
4071 3
4072 1357
4073 1357
4074 1357
4075 1357
4076 3
4077 1357
4078 1357
4079 1357
4080 164
4081 1357
4082 1357
4083 164
4084 1357
4085 164
4086 1357
4087 1357
4088 132
4089 1178
4090 132
4091 3
4092 1168
4093 133
4094 3
4095 3
4096 3
4097 3
4098 3
4099 3
4100 3
4101 3
4102 3
4103 3
4104 3
4105 3
4106 3
4107 3
4108 3
4109 3
4110 3
4111 3
4112 106
4113 3
4114 3
4115 3
4116 495
4117 164
4118 164
4119 495
4120 495
4121 495
4122 164
4123 164
4124 495
4125 164
4126 164
4127 3
4128 495
4129 164
4130 164
4131 164
4132 3
4133 164
4134 164
4135 164
4136 1357
4137 164
4138 3
4139 495
4140 495
4141 1357
4142 164
4143 164
4144 3
4145 164
4146 3
4147 1168
4148 1168
4149 233
4150 1168
4151 1168
4152 1168
4153 163
4154 1168
4155 233
4156 1168
4157 233
4158 233
4159 233
4160 1357
4161 1168
4162 164
4163 1357
4164 164
4165 1168
4166 1168
4167 1168
4168 164
4169 1168
4170 1168
4171 1168
4172 233
4173 1168
4174 233
4175 1168
4176 1168
4177 1168
4178 233
4179 1168
4180 1357
4181 1357
4182 1168
4183 1168
4184 1168
4185 1168
4186 1168
4187 1168
4188 1168
4189 1165
4190 106
4191 1168
4192 1168
4193 1168
4194 1168
4195 164
4196 1168
4197 1168
4198 1168
4199 1168
4200 1168
4201 1168
4202 1168
4203 1168
4204 1357
4205 1168
4206 164
4207 1168
4208 1168
4209 233
4210 1165
4211 233
4212 495
4213 1168
4214 1168
4215 1168
4216 1168
4217 106
4218 1168
4219 233
4220 1357
4221 1168
4222 1168
4223 1357
4224 1168
4225 106
4226 1168
4227 1165
4228 164
4229 164
4230 1168
4231 495
4232 265
4233 1168
4234 1168
4235 1168
4236 106
4237 3
4238 1168
4239 233
4240 106
4241 1168
4242 106
4243 233
4244 3
4245 106
4246 1168
4247 1168
4248 1168
4249 1168
4250 1168
4251 106
4252 1168
4253 1357
4254 1168
4255 1168
4256 134
4257 135
4258 135
4259 136
4260 137
4261 135
4262 532
4263 138
4264 135
4265 135
4266 135
4267 135
4268 135
4269 532
4270 525
4271 139
4272 525
4273 139
4274 139
4275 3
4276 3
4277 3
4278 3
4279 3
4280 3
4281 1357
4282 1357
4283 3
4284 1357
4285 1357
4286 1357
4287 1357
4288 164
4289 3
4290 3
4291 1357
4292 3
4293 1168
4294 1168
4295 1168
4296 1168
4297 1168
4298 1168
4299 1168
4300 1168
4301 1168
4302 106
4303 1168
4304 1168
4305 1168
4306 106
4307 233
4308 1168
4309 1168
4310 1168
4311 1168
4312 1168
4313 1168
4314 1168
4315 1168
4316 1168
4317 106
4318 1168
4319 1168
4320 1168
4321 1168
4322 1168
4323 1168
4324 233
4325 233
4326 233
4327 140
4328 141
4329 1168
4330 1168
4331 1168
4332 1168
4333 1168
4334 142
4335 1168
4336 1168
4337 1168
4338 1168
4339 1168
4340 1168
4341 233
4342 233
4343 233
4344 143
4345 1168
4346 1168
4347 1168
4348 1168
4349 1168
4350 1168
4351 1357
4352 1357
4353 3
4354 3
4355 3
4356 3
4357 3
4358 3
4359 3
4360 3
4361 3
4362 3
4363 3
4364 3
4365 3
4366 3
4367 1357
4368 3
4369 1357
4370 3
4371 3
4372 3
4373 1357
4374 1168
4375 3
4376 3
4377 3
4378 3
4379 3
4380 3
4381 1357
4382 1357
4383 1357
4384 3
4385 3
4386 3
4387 1357
4388 3
4389 3
4390 3
4391 3
4392 3
4393 3
4394 3
4395 3
4396 3
4397 3
4398 3
4399 1357
4400 1357
4401 1357
4402 30
4403 0
4404 30
4405 1165
4406 3
4407 30
4408 30
4409 3
4410 1165
4411 3
4412 1357
4413 3
4414 30
4415 30
4416 3
4417 3
4418 3
4419 3
4420 3
4421 1165
4422 30
4423 30
4424 1165
4425 3
4426 1165
4427 3
4428 3
4429 3
4430 1165
4431 30
4432 30
4433 30
4434 106
4435 3
4436 3
4437 3
4438 3
4439 3
4440 1165
4441 3
4442 3
4443 3
4444 3
4445 3
4446 3
4447 1168
4448 3
4449 3
4450 3
4451 3
4452 3
4453 3
4454 3
4455 3
4456 144
4457 144
4458 145
4459 3
4460 3
4461 3
4462 145
4463 146
4464 147
4465 3
4466 3
4467 3
4468 3
4469 1168
4470 0
4471 0
4472 0
4473 0
4474 1168
4475 1168
4476 3
4477 28
4478 3
4479 3
4480 495
4481 3
4482 3
4483 3
4484 3
4485 3
4486 495
4487 3
4488 164
4489 164
4490 164
4491 164
4492 164
4493 164
4494 233
4495 164
4496 164
4497 164
4498 1357
4499 164
4500 164
4501 164
4502 3
4503 3
4504 1357
4505 495
4506 164
4507 1357
4508 164
4509 164
4510 495
4511 1357
4512 495
4513 1357
4514 1357
4515 1357
4516 164
4517 495
4518 495
4519 1357
4520 3
4521 1357
4522 1357
4523 164
4524 1357
4525 1357
4526 1357
4527 1357
4528 164
4529 1168
4530 495
4531 164
4532 164
4533 164
4534 1357
4535 164
4536 148
4537 1357
4538 1357
4539 164
4540 164
4541 1357
4542 1357
4543 1357
4544 164
4545 1357
4546 164
4547 1357
4548 495
4549 164
4550 3
4551 1357
4552 1357
4553 1357
4554 164
4555 1357
4556 495
4557 164
4558 1357
4559 1357
4560 1357
4561 1168
4562 233
4563 164
4564 1357
4565 495
4566 1357
4567 1357
4568 1357
4569 164
4570 1357
4571 495
4572 495
4573 495
4574 495
4575 495
4576 495
4577 495
4578 495
4579 495
4580 495
4581 495
4582 3373
4583 3373
4584 3373
4585 3373
4586 3373
4587 3373
4588 3
4589 3373
4590 3373
4591 3373
4592 3373
4593 3
4594 3
4595 3
4596 3
4597 3
4598 3
4599 233
4600 106
4601 106
4602 106
4603 233
4604 106
4605 1165
4606 1165
4607 106
4608 233
4609 106
4610 106
4611 1165
4612 106
4613 106
4614 106
4615 106
4616 164
4617 1165
4618 1165
4619 233
4620 106
4621 149
4622 233
4623 1357
4624 106
4625 106
4626 1165
4627 106
4628 106
4629 150
4630 151
4631 152
4632 151
4633 153
4634 154
4635 155
4636 151
4637 151
4638 156
4639 3544
4640 157
4641 158
4642 1357
4643 425
4644 425
4645 425
4646 425
4647 1357
4648 10
4649 10
4650 3546
4651 425
4652 425
4653 119
4654 3
4655 599
4656 425
4657 158
4658 10
4659 10
4660 3
4661 10
4662 10
4663 10
4664 10
4665 10
4666 10
4667 3
4668 10
4669 3543
4670 10
4671 267
4672 3546
4673 3546
4674 3546
4675 10
4676 164
4677 164
4678 164
4679 1357
4680 1357
4681 1357
4682 164
4683 1357
4684 164
4685 3
4686 1168
4687 233
4688 3
4689 3
4690 3
4691 3
4692 164
4693 3
4694 3
4695 1357
4696 164
4697 164
4698 106
4699 3
4700 164
4701 164
4702 164
4703 164
4704 3
4705 3
4706 3
4707 3
4708 3
4709 164
4710 164
4711 164
4712 164
4713 3
4714 3
4715 3
4716 233
4717 3
4718 3
4719 1357
4720 3
4721 3
4722 3
4723 1165
4724 3
4725 3
4726 3
4727 3
4728 164
4729 3
4730 3
4731 3
4732 3
4733 106
4734 106
4735 1165
4736 1165
4737 1165
4738 3
4739 1165
4740 164
4741 1165
4742 106
4743 1165
4744 1165
4745 1165
4746 1165
4747 1165
4748 106
4749 106
4750 106
4751 106
4752 1165
4753 1165
4754 106
4755 1165
4756 1165
4757 1165
4758 1165
4759 1165
4760 1165
4761 106
4762 106
4763 106
4764 106
4765 106
4766 106
4767 677
4768 1168
4769 677
4770 677
4771 106
4772 106
4773 106
4774 106
4775 677
4776 106
4777 677
4778 106
4779 677
4780 1357
4781 106
4782 1168
4783 1168
4784 3
4785 677
4786 106
4787 106
4788 106
4789 1357
4790 164
4791 1357
4792 3
4793 1357
4794 1357
4795 164
4796 1357
4797 1357
4798 1168
4799 1168
4800 1168
4801 1168
4802 159
4803 160
4804 160
4805 346
4806 160
4807 161
4808 0
4809 3
4810 3
4811 3
4812 3
4813 3
4814 3
4815 3
4816 3
4817 3
4818 3
4819 3
4820 1168
4821 3
4822 374
4823 374
4824 3
4825 3
4826 3
4827 3
4828 3
4829 3
4830 3
4831 3
4832 3
4833 3
4834 3
4835 164
4836 3
4837 3
4838 3
4839 3
4840 3
4841 3
4842 3
4843 3
4844 3
4845 164
4846 3
4847 3
4848 3
4849 3
4850 3
4851 3
4852 3
4853 3
4854 3
4855 3
4856 3
4857 3
4858 3
4859 3
4860 3
4861 164
4862 3
4863 233
4864 3
4865 3
4866 3
4867 3
4868 3
4869 3
4870 3
4871 233
4872 326
4873 327
4874 326
4875 3
4876 162
4877 3
4878 1357
4879 3
4880 163
4881 1165
4882 164
4883 164
4884 106
4885 164
4886 164
4887 164
4888 495
4889 106
4890 3
4891 233
4892 164
4893 164
4894 164
4895 1357
4896 164
4897 164
4898 1165
4899 164
4900 164
4901 1168
4902 1168
4903 165
4904 0
4905 0
4906 0
4907 1357
4908 1168
4909 1168
4910 1168
4911 0
4912 0
4913 593
4914 166
4915 166
4916 0
4917 0
4918 0
4919 121
4920 167
4921 167
4922 0
4923 171
4924 3
4925 0
4926 1168
4927 0
4928 0
4929 0
4930 0
4931 171
4932 0
4933 0
4934 1165
4935 168
4936 0
4937 0
4938 0
4939 169
4940 169
4941 170
4942 171
4943 0
4944 0
4945 0
4946 3831
4947 1357
4948 0
4949 3
4950 0
4951 0
4952 3
4953 0
4954 0
4955 0
4956 0
4957 0
4958 0
4959 0
4960 1168
4961 0
4962 172
4963 173
4964 0
4965 0
4966 0
4967 170
4968 170
4969 591
4970 1357
4971 0
4972 0
4973 0
4974 0
4975 0
4976 0
4977 0
4978 0
4979 0
4980 0
4981 0
4982 0
4983 1357
4984 0
4985 184
4986 0
4987 2153
4988 170
4989 0
4990 0
4991 1165
4992 0
4993 0
4994 3
4995 1357
4996 0
4997 0
4998 170
4999 0
5000 593
5001 3456
5002 0
5003 0
5004 174
5005 175
5006 0
5007 0
5008 0
5009 1357
5010 106
5011 0
5012 176
5013 176
5014 176
5015 177
5016 179
5017 178
5018 106
5019 179
5020 180
5021 1057
5022 181
5023 182
5024 196
5025 183
5026 2412
5027 184
5028 190
5029 185
5030 495
5031 3
5032 186
5033 187
5034 3
5035 3
5036 188
5037 1168
5038 189
5039 3
5040 3
5041 6
5042 190
5043 219
5044 3
5045 709
5046 3
5047 3
5048 1165
5049 191
5050 192
5051 193
5052 3
5053 233
5054 3
5055 3
5056 3
5057 194
5058 249
5059 3
5060 3
5061 233
5062 3
5063 3
5064 195
5065 2436
5066 1165
5067 164
5068 3
5069 196
5070 197
5071 198
5072 209
5073 199
5074 1168
5075 1165
5076 1165
5077 233
5078 3
5079 3
5080 1165
5081 1165
5082 1165
5083 1165
5084 1165
5085 1165
5086 1165
5087 1165
5088 1165
5089 1165
5090 1165
5091 1165
5092 200
5093 201
5094 1165
5095 1165
5096 1165
5097 1165
5098 1165
5099 1165
5100 1165
5101 1165
5102 1165
5103 1165
5104 164
5105 1357
5106 164
5107 1165
5108 202
5109 203
5110 1357
5111 1357
5112 3
5113 1165
5114 1165
5115 1165
5116 164
5117 164
5118 1168
5119 204
5120 205
5121 1165
5122 1165
5123 1165
5124 1165
5125 1165
5126 1165
5127 1165
5128 1165
5129 1165
5130 1165
5131 164
5132 164
5133 164
5134 164
5135 164
5136 164
5137 164
5138 164
5139 164
5140 1168
5141 1168
5142 1168
5143 1168
5144 164
5145 164
5146 1357
5147 164
5148 164
5149 164
5150 1357
5151 164
5152 1168
5153 164
5154 164
5155 164
5156 164
5157 164
5158 3
5159 164
5160 164
5161 495
5162 164
5163 164
5164 164
5165 164
5166 164
5167 164
5168 495
5169 495
5170 495
5171 495
5172 164
5173 164
5174 495
5175 164
5176 164
5177 164
5178 507
5179 164
5180 164
5181 206
5182 206
5183 206
5184 206
5185 206
5186 1165
5187 3
5188 164
5189 206
5190 1165
5191 1165
5192 1165
5193 1165
5194 1165
5195 1165
5196 1165
5197 1165
5198 1165
5199 1165
5200 29
5201 1165
5202 1165
5203 1165
5204 1165
5205 1165
5206 1165
5207 1165
5208 1165
5209 106
5210 1165
5211 1357
5212 1165
5213 1165
5214 164
5215 1165
5216 1165
5217 1165
5218 1165
5219 1165
5220 1165
5221 1165
5222 1165
5223 164
5224 1165
5225 29
5226 1165
5227 1165
5228 207
5229 1165
5230 164
5231 1165
5232 1165
5233 1165
5234 1165
5235 1165
5236 1165
5237 1165
5238 1165
5239 1168
5240 1165
5241 1165
5242 29
5243 1165
5244 1165
5245 164
5246 1165
5247 1165
5248 1165
5249 1165
5250 1165
5251 1165
5252 1165
5253 1165
5254 1165
5255 1165
5256 1165
5257 164
5258 1165
5259 1165
5260 1165
5261 1165
5262 208
5263 1165
5264 1165
5265 1165
5266 1165
5267 209
5268 1165
5269 1165
5270 164
5271 1165
5272 1165
5273 1165
5274 1165
5275 1165
5276 1165
5277 1165
5278 1165
5279 164
5280 164
5281 1165
5282 1165
5283 164
5284 1165
5285 1165
5286 1165
5287 1165
5288 1165
5289 210
5290 164
5291 164
5292 164
5293 1165
5294 1165
5295 1165
5296 1165
5297 1165
5298 1165
5299 1165
5300 1165
5301 3
5302 164
5303 1165
5304 1165
5305 1165
5306 1165
5307 1165
5308 164
5309 1357
5310 1165
5311 1165
5312 211
5313 164
5314 164
5315 1165
5316 1165
5317 1165
5318 1165
5319 164
5320 29
5321 29
5322 1165
5323 1165
5324 1165
5325 1165
5326 1165
5327 164
5328 164
5329 1165
5330 1165
5331 164
5332 1165
5333 1165
5334 1165
5335 164
5336 1165
5337 1165
5338 1165
5339 1165
5340 1165
5341 164
5342 1165
5343 3
5344 29
5345 1165
5346 164
5347 1165
5348 164
5349 1165
5350 3
5351 1165
5352 1165
5353 1165
5354 1165
5355 1165
5356 164
5357 1165
5358 1165
5359 1165
5360 1165
5361 1165
5362 1165
5363 1165
5364 1165
5365 164
5366 1165
5367 1357
5368 1165
5369 1165
5370 1165
5371 1165
5372 1165
5373 1165
5374 1165
5375 1165
5376 1165
5377 212
5378 213
5379 1655
5380 1165
5381 1165
5382 1165
5383 1165
5384 1165
5385 3
5386 1165
5387 1165
5388 1165
5389 1165
5390 164
5391 1165
5392 1165
5393 1165
5394 1165
5395 1165
5396 1165
5397 164
5398 1165
5399 1165
5400 1165
5401 1165
5402 1165
5403 1165
5404 1165
5405 1165
5406 1165
5407 1165
5408 1165
5409 1165
5410 1165
5411 1165
5412 1165
5413 1165
5414 1165
5415 42
5416 1165
5417 1165
5418 1165
5419 1165
5420 164
5421 1165
5422 1165
5423 1165
5424 1165
5425 164
5426 1165
5427 1165
5428 164
5429 164
5430 1165
5431 164
5432 1165
5433 1165
5434 1165
5435 164
5436 164
5437 1165
5438 1165
5439 233
5440 233
5441 1357
5442 1165
5443 164
5444 164
5445 1165
5446 1165
5447 1165
5448 1165
5449 1165
5450 164
5451 1165
5452 1165
5453 1165
5454 1165
5455 1165
5456 1165
5457 1165
5458 1165
5459 1165
5460 1165
5461 1165
5462 1165
5463 1165
5464 164
5465 164
5466 1165
5467 1357
5468 164
5469 1165
5470 1165
5471 1165
5472 1165
5473 1165
5474 1165
5475 1165
5476 1165
5477 1165
5478 164
5479 1165
5480 1165
5481 1165
5482 164
5483 1165
5484 1165
5485 572
5486 571
5487 572
5488 572
5489 571
5490 1165
5491 1165
5492 1165
5493 1165
5494 1357
5495 1165
5496 1165
5497 1165
5498 1165
5499 164
5500 164
5501 164
5502 1165
5503 29
5504 1165
5505 1165
5506 1165
5507 1165
5508 3
5509 3
5510 1165
5511 495
5512 214
5513 3
5514 3
5515 3
5516 3
5517 3
5518 3
5519 233
5520 215
5521 3
5522 3
5523 3
5524 3
5525 3
5526 3
5527 1165
5528 95
5529 95
5530 3
5531 224
5532 3
5533 3
5534 3
5535 224
5536 1357
5537 3
5538 224
5539 3
5540 3
5541 3
5542 3
5543 3
5544 3
5545 3
5546 3
5547 3
5548 3
5549 3
5550 224
5551 3
5552 1357
5553 1357
5554 224
5555 224
5556 224
5557 224
5558 216
5559 217
5560 218
5561 3
5562 3
5563 3
5564 3042
5565 3
5566 3
5567 3
5568 3
5569 219
5570 220
5571 221
5572 3
5573 3
5574 224
5575 3
5576 30
5577 3
5578 224
5579 222
5580 223
5581 3
5582 3
5583 3
5584 171
5585 3
5586 224
5587 224
5588 3
5589 3
5590 3
5591 3
5592 3
5593 30
5594 3
5595 225
5596 3
5597 226
5598 227
5599 3
5600 3
5601 3
5602 3
5603 3
5604 3
5605 3
5606 3
5607 3
5608 3
5609 3
5610 3
5611 3
5612 3
5613 3
5614 3
5615 3
5616 1869
5617 3
5618 3
5619 3
5620 3
5621 1165
5622 3
5623 3
5624 106
5625 164
5626 3
5627 3
5628 3
5629 106
5630 1357
5631 106
5632 1168
5633 106
5634 106
5635 1168
5636 106
5637 677
5638 677
5639 677
5640 677
5641 677
5642 1168
5643 1168
5644 106
5645 1168
5646 106
5647 106
5648 106
5649 106
5650 106
5651 106
5652 106
5653 106
5654 164
5655 164
5656 164
5657 3
5658 3
5659 3
5660 1357
5661 3
5662 164
5663 3751
5664 106
5665 106
5666 106
5667 106
5668 1168
5669 106
5670 106
5671 106
5672 106
5673 1168
5674 3
5675 507
5676 3
5677 1165
5678 3
5679 106
5680 1165
5681 1357
5682 3
5683 1165
5684 1357
5685 1357
5686 1357
5687 164
5688 164
5689 164
5690 3
5691 164
5692 164
5693 1357
5694 233
5695 233
5696 3
5697 233
5698 3
5699 164
5700 164
5701 164
5702 3
5703 233
5704 164
5705 233
5706 164
5707 164
5708 164
5709 164
5710 164
5711 164
5712 3
5713 233
5714 233
5715 106
5716 677
5717 106
5718 106
5719 106
5720 106
5721 106
5722 2141
5723 1165
5724 106
5725 106
5726 164
5727 106
5728 3
5729 1357
5730 106
5731 229
5732 230
5733 1357
5734 106
5735 106
5736 677
5737 106
5738 106
5739 106
5740 106
5741 106
5742 765
5743 677
5744 106
5745 106
5746 164
5747 29
5748 106
5749 495
5750 164
5751 164
5752 164
5753 164
5754 106
5755 677
5756 677
5757 106
5758 106
5759 106
5760 106
5761 164
5762 231
5763 232
5764 106
5765 106
5766 1165
5767 164
5768 106
5769 164
5770 3
5771 106
5772 106
5773 106
5774 164
5775 677
5776 3638
5777 1766
5778 495
5779 164
5780 106
5781 106
5782 106
5783 106
5784 106
5785 106
5786 106
5787 677
5788 677
5789 677
5790 677
5791 677
5792 106
5793 106
5794 106
5795 106
5796 1168
5797 106
5798 106
5799 106
5800 164
5801 106
5802 106
5803 164
5804 749
5805 106
5806 106
5807 106
5808 106
5809 106
5810 106
5811 106
5812 677
5813 677
5814 677
5815 106
5816 1766
5817 106
5818 106
5819 106
5820 106
5821 106
5822 495
5823 106
5824 106
5825 106
5826 677
5827 106
5828 488
5829 164
5830 445
5831 106
5832 164
5833 164
5834 1165
5835 106
5836 3
5837 106
5838 106
5839 677
5840 677
5841 224
5842 106
5843 164
5844 164
5845 106
5846 106
5847 106
5848 106
5849 106
5850 106
5851 106
5852 106
5853 164
5854 1984
5855 106
5856 103
5857 103
5858 106
5859 106
5860 106
5861 106
5862 106
5863 3670
5864 106
5865 106
5866 106
5867 106
5868 234
5869 235
5870 164
5871 106
5872 3
5873 106
5874 1357
5875 164
5876 164
5877 164
5878 164
5879 164
5880 164
5881 164
5882 164
5883 164
5884 106
5885 106
5886 106
5887 3
5888 106
5889 106
5890 233
5891 233
5892 106
5893 106
5894 106
5895 106
5896 495
5897 106
5898 106
5899 106
5900 495
5901 106
5902 1357
5903 1357
5904 106
5905 106
5906 106
5907 106
5908 106
5909 106
5910 106
5911 119
5912 106
5913 106
5914 106
5915 106
5916 164
5917 164
5918 106
5919 1357
5920 106
5921 1168
5922 106
5923 164
5924 106
5925 106
5926 164
5927 164
5928 164
5929 164
5930 1168
5931 106
5932 106
5933 106
5934 1165
5935 233
5936 106
5937 106
5938 106
5939 164
5940 164
5941 106
5942 106
5943 1357
5944 106
5945 25
5946 1168
5947 3
5948 3
5949 1357
5950 1357
5951 164
5952 106
5953 239
5954 164
5955 164
5956 236
5957 1165
5958 237
5959 238
5960 1357
5961 239
5962 84
5963 677
5964 916
5965 3
5966 3
5967 164
5968 42
5969 84
5970 1357
5971 1357
5972 1357
5973 1357
5974 240
5975 1168
5976 1357
5977 1357
5978 1357
5979 1357
5980 1357
5981 1357
5982 1357
5983 241
5984 1357
5985 1357
5986 1357
5987 1357
5988 1357
5989 1357
5990 1357
5991 1357
5992 1357
5993 1357
5994 3789
5995 1357
5996 1357
5997 1357
5998 1357
5999 1357
6000 1357
6001 1357
6002 1357
6003 1357
6004 233
6005 1357
6006 1357
6007 1357
6008 3789
6009 1357
6010 164
6011 164
6012 3789
6013 1357
6014 1357
6015 1357
6016 1357
6017 1357
6018 1357
6019 1357
6020 1357
6021 1357
6022 1357
6023 1357
6024 1357
6025 1357
6026 1357
6027 1357
6028 1357
6029 1357
6030 1357
6031 1357
6032 1357
6033 164
6034 1357
6035 1357
6036 1357
6037 1357
6038 1357
6039 3
6040 1357
6041 1357
6042 1357
6043 1357
6044 1357
6045 1357
6046 1357
6047 1357
6048 1357
6049 1357
6050 1357
6051 1168
6052 1357
6053 1357
6054 1357
6055 1357
6056 1357
6057 1357
6058 1357
6059 1357
6060 1357
6061 1357
6062 1357
6063 1357
6064 1357
6065 1357
6066 1357
6067 233
6068 1357
6069 1658
6070 674
6071 242
6072 1357
6073 1357
6074 1357
6075 1357
6076 121
6077 1357
6078 164
6079 1357
6080 1357
6081 1357
6082 1357
6083 1357
6084 492
6085 1357
6086 1357
6087 1357
6088 1357
6089 1357
6090 2245
6091 1357
6092 1357
6093 1357
6094 1357
6095 121
6096 1357
6097 1357
6098 1357
6099 1357
6100 1357
6101 1357
6102 1357
6103 1357
6104 1357
6105 1357
6106 1357
6107 1357
6108 1357
6109 1357
6110 1357
6111 1357
6112 1357
6113 3
6114 106
6115 1357
6116 1357
6117 1357
6118 1357
6119 1357
6120 1357
6121 1357
6122 1357
6123 1357
6124 1357
6125 409
6126 1357
6127 1357
6128 1357
6129 1357
6130 1357
6131 1357
6132 1357
6133 1357
6134 3
6135 1357
6136 1357
6137 1357
6138 1357
6139 164
6140 164
6141 1357
6142 1357
6143 409
6144 1357
6145 1357
6146 164
6147 1357
6148 3789
6149 1357
6150 818
6151 1357
6152 1357
6153 1357
6154 1357
6155 1357
6156 3
6157 1357
6158 1357
6159 1357
6160 1357
6161 164
6162 1357
6163 1357
6164 1357
6165 1357
6166 1357
6167 1357
6168 1357
6169 1357
6170 1357
6171 1357
6172 1357
6173 1357
6174 1357
6175 1357
6176 1165
6177 1357
6178 1357
6179 1357
6180 1357
6181 1357
6182 1357
6183 1357
6184 1357
6185 1357
6186 1357
6187 1357
6188 1357
6189 3
6190 1357
6191 1357
6192 164
6193 1357
6194 1357
6195 1357
6196 3792
6197 1357
6198 1357
6199 1357
6200 1357
6201 1357
6202 1357
6203 3
6204 1357
6205 495
6206 1357
6207 1357
6208 1357
6209 1357
6210 1357
6211 1357
6212 1357
6213 1357
6214 1357
6215 1357
6216 1357
6217 1357
6218 1357
6219 1357
6220 1357
6221 1357
6222 1357
6223 1357
6224 1357
6225 3
6226 1357
6227 1357
6228 1357
6229 1357
6230 409
6231 409
6232 1357
6233 1357
6234 1357
6235 1357
6236 1357
6237 1357
6238 1357
6239 1357
6240 1357
6241 1357
6242 1357
6243 409
6244 1357
6245 1357
6246 1357
6247 1357
6248 1357
6249 121
6250 164
6251 1357
6252 164
6253 164
6254 1357
6255 164
6256 1357
6257 164
6258 1357
6259 1357
6260 1357
6261 1357
6262 1357
6263 1357
6264 1357
6265 1357
6266 1357
6267 1357
6268 243
6269 244
6270 1357
6271 1357
6272 1357
6273 1357
6274 495
6275 1357
6276 1357
6277 1357
6278 1357
6279 1357
6280 1357
6281 1357
6282 495
6283 1357
6284 1357
6285 1357
6286 1357
6287 1357
6288 1357
6289 1357
6290 245
6291 246
6292 1357
6293 1357
6294 1357
6295 1357
6296 1357
6297 1357
6298 1357
6299 1357
6300 1357
6301 1357
6302 1357
6303 1357
6304 1357
6305 1357
6306 1357
6307 1357
6308 849
6309 1357
6310 1357
6311 1357
6312 1357
6313 1357
6314 1357
6315 1357
6316 1357
6317 1357
6318 1357
6319 1357
6320 409
6321 495
6322 1357
6323 1357
6324 1357
6325 1357
6326 1357
6327 164
6328 1357
6329 247
6330 247
6331 247
6332 1357
6333 164
6334 1357
6335 1357
6336 1357
6337 1357
6338 1357
6339 1357
6340 106
6341 1357
6342 3
6343 1357
6344 1357
6345 1357
6346 3
6347 1357
6348 164
6349 164
6350 1357
6351 1357
6352 1357
6353 1357
6354 1357
6355 1357
6356 1357
6357 3
6358 1357
6359 106
6360 1357
6361 1357
6362 1357
6363 1357
6364 1357
6365 1357
6366 1357
6367 30
6368 1357
6369 1357
6370 1357
6371 1357
6372 1357
6373 1357
6374 1357
6375 1357
6376 1357
6377 1357
6378 1357
6379 1357
6380 1165
6381 1165
6382 1357
6383 1357
6384 1357
6385 1357
6386 1357
6387 1357
6388 1357
6389 1357
6390 233
6391 164
6392 1168
6393 1357
6394 1168
6395 1357
6396 1357
6397 1357
6398 3
6399 1357
6400 164
6401 1357
6402 1357
6403 1357
6404 121
6405 409
6406 1357
6407 1357
6408 1357
6409 1357
6410 1357
6411 1357
6412 164
6413 1357
6414 1357
6415 3
6416 1357
6417 1357
6418 436
6419 436
6420 409
6421 1357
6422 1357
6423 1357
6424 121
6425 121
6426 121
6427 1357
6428 1357
6429 1357
6430 1357
6431 1357
6432 1357
6433 1357
6434 1357
6435 1357
6436 1357
6437 1357
6438 1357
6439 164
6440 1357
6441 1357
6442 1357
6443 1357
6444 1357
6445 1357
6446 1357
6447 1357
6448 1357
6449 1357
6450 1357
6451 1357
6452 1357
6453 164
6454 1357
6455 1357
6456 1357
6457 1357
6458 1357
6459 1357
6460 1357
6461 1357
6462 1357
6463 1357
6464 1357
6465 1357
6466 409
6467 1357
6468 1357
6469 1357
6470 409
6471 1357
6472 1357
6473 1357
6474 1357
6475 1357
6476 1357
6477 1357
6478 121
6479 1357
6480 1165
6481 1357
6482 1357
6483 1357
6484 1357
6485 1357
6486 1357
6487 3
6488 1357
6489 1357
6490 1357
6491 60
6492 1357
6493 121
6494 1357
6495 1357
6496 1357
6497 1357
6498 1357
6499 1357
6500 1357
6501 1357
6502 1357
6503 1357
6504 1357
6505 1357
6506 3
6507 1357
6508 1357
6509 1357
6510 1357
6511 1357
6512 1357
6513 1357
6514 1357
6515 1357
6516 1357
6517 1357
6518 3
6519 3
6520 1357
6521 164
6522 464
6523 106
6524 1357
6525 1357
6526 1357
6527 1357
6528 1357
6529 3798
6530 1357
6531 1383
6532 1357
6533 1357
6534 1357
6535 1357
6536 1357
6537 1357
6538 1357
6539 1168
6540 3
6541 3373
6542 1357
6543 164
6544 3
6545 233
6546 233
6547 1364
6548 3
6549 250
6550 251
6551 3
6552 233
6553 233
6554 3373
6555 3
6556 3
6557 1165
6558 164
6559 1364
6560 1165
6561 1357
6562 3
6563 3
6564 3
6565 1357
6566 3
6567 106
6568 3
6569 3
6570 164
6571 3
6572 3
6573 3
6574 3
6575 3
6576 3
6577 3
6578 3
6579 3
6580 302
6581 106
6582 1357
6583 3
6584 3
6585 233
6586 3
6587 1357
6588 3
6589 252
6590 164
6591 3373
6592 3
6593 3
6594 3
6595 3
6596 164
6597 1357
6598 1357
6599 3
6600 3
6601 3
6602 3
6603 253
6604 254
6605 3
6606 164
6607 3
6608 3
6609 1357
6610 3373
6611 3
6612 3
6613 164
6614 3
6615 1168
6616 10
6617 3
6618 1357
6619 0
6620 3
6621 3
6622 3
6623 1165
6624 3
6625 250
6626 164
6627 1357
6628 1357
6629 1357
6630 3
6631 3
6632 3373
6633 3373
6634 1357
6635 1357
6636 1357
6637 0
6638 3
6639 250
6640 250
6641 3
6642 3
6643 3
6644 3
6645 3
6646 1165
6647 3
6648 3
6649 3
6650 3
6651 3
6652 3
6653 1357
6654 1357
6655 3
6656 1165
6657 233
6658 3
6659 255
6660 256
6661 3
6662 3
6663 1165
6664 3
6665 3
6666 3
6667 3
6668 257
6669 106
6670 106
6671 1069
6672 3
6673 164
6674 3
6675 3
6676 3
6677 3
6678 3
6679 0
6680 3
6681 3
6682 3
6683 3
6684 3401
6685 3402
6686 0
6687 3
6688 3
6689 3
6690 3
6691 3
6692 3
6693 3
6694 3
6695 3
6696 3
6697 3
6698 3
6699 3
6700 3
6701 3
6702 3
6703 3
6704 3
6705 3
6706 3
6707 3
6708 164
6709 3
6710 3
6711 3
6712 258
6713 3
6714 1168
6715 3
6716 3
6717 3
6718 3
6719 495
6720 3
6721 3
6722 3
6723 3402
6724 3402
6725 3
6726 3
6727 3
6728 3
6729 3
6730 3
6731 3
6732 3
6733 259
6734 1096
6735 1096
6736 3
6737 260
6738 1357
6739 3
6740 3
6741 3
6742 3
6743 3
6744 1168
6745 3
6746 3
6747 3
6748 3
6749 3
6750 3
6751 3402
6752 3402
6753 3
6754 3
6755 3
6756 3
6757 3
6758 106
6759 261
6760 3
6761 3
6762 3
6763 1168
6764 262
6765 263
6766 3
6767 3
6768 3
6769 3
6770 1168
6771 3
6772 3
6773 3
6774 3
6775 3
6776 3
6777 3
6778 3
6779 3
6780 3
6781 3
6782 164
6783 164
6784 164
6785 164
6786 729
6787 3
6788 264
6789 1165
6790 1168
6791 164
6792 164
6793 164
6794 1357
6795 1357
6796 1357
6797 106
6798 106
6799 164
6800 164
6801 1168
6802 1168
6803 164
6804 164
6805 164
6806 1357
6807 1357
6808 164
6809 106
6810 106
6811 265
6812 106
6813 106
6814 106
6815 1168
6816 1357
6817 3350
6818 3373
6819 233
6820 1357
6821 106
6822 106
6823 106
6824 106
6825 1357
6826 3
6827 233
6828 3
6829 164
6830 266
6831 849
6832 233
6833 233
6834 3
6835 1165
6836 3
6837 1357
6838 1165
6839 3
6840 164
6841 3
6842 3
6843 1168
6844 1165
6845 1168
6846 3
6847 3
6848 3
6849 3
6850 3
6851 1357
6852 3
6853 1591
6854 1591
6855 267
6856 3
6857 164
6858 3
6859 164
6860 1165
6861 164
6862 3
6863 3
6864 233
6865 233
6866 233
6867 233
6868 233
6869 233
6870 233
6871 164
6872 233
6873 233
6874 233
6875 3
6876 233
6877 1357
6878 233
6879 1357
6880 1357
6881 1357
6882 1357
6883 1357
6884 1357
6885 1357
6886 3
6887 1357
6888 1165
6889 968
6890 3
6891 3
6892 1165
6893 1165
6894 1165
6895 1165
6896 164
6897 1165
6898 1165
6899 425
6900 425
6901 425
6902 425
6903 425
6904 1165
6905 3
6906 1165
6907 1165
6908 1165
6909 164
6910 1165
6911 3
6912 1165
6913 25
6914 425
6915 268
6916 269
6917 1165
6918 1165
6919 1165
6920 1165
6921 1165
6922 1165
6923 1165
6924 425
6925 1165
6926 1165
6927 425
6928 425
6929 425
6930 1165
6931 1165
6932 1165
6933 1165
6934 1165
6935 1165
6936 1165
6937 1165
6938 1165
6939 1165
6940 273
6941 1357
6942 106
6943 1165
6944 425
6945 1165
6946 425
6947 425
6948 1165
6949 1165
6950 425
6951 425
6952 425
6953 1165
6954 3
6955 1165
6956 3
6957 1165
6958 1165
6959 1165
6960 3
6961 1165
6962 425
6963 1165
6964 3
6965 1165
6966 1165
6967 1357
6968 106
6969 3
6970 1165
6971 84
6972 270
6973 164
6974 1165
6975 1165
6976 1165
6977 1165
6978 425
6979 10
6980 164
6981 425
6982 425
6983 425
6984 1165
6985 425
6986 1165
6987 1165
6988 1165
6989 1357
6990 1165
6991 3
6992 1165
6993 1165
6994 1165
6995 1165
6996 969
6997 1165
6998 1165
6999 1165
7000 1168
7001 1165
7002 271
7003 1165
7004 1165
7005 1165
7006 425
7007 3
7008 1165
7009 3
7010 1165
7011 272
7012 1165
7013 164
7014 1165
7015 1165
7016 1165
7017 1165
7018 3
7019 273
7020 274
7021 1165
7022 1165
7023 425
7024 1165
7025 3
7026 275
7027 1165
7028 1165
7029 969
7030 425
7031 1165
7032 164
7033 276
7034 277
7035 1165
7036 1165
7037 1165
7038 1165
7039 1165
7040 278
7041 278
7042 278
7043 278
7044 278
7045 278
7046 1165
7047 1165
7048 1165
7049 106
7050 233
7051 269
7052 1168
7053 3
7054 1165
7055 279
7056 280
7057 1165
7058 106
7059 1165
7060 1165
7061 1165
7062 1165
7063 281
7064 282
7065 1165
7066 1165
7067 1165
7068 1165
7069 3
7070 3
7071 3
7072 233
7073 1165
7074 1165
7075 1165
7076 1165
7077 1165
7078 1165
7079 1357
7080 1165
7081 1168
7082 1165
7083 3
7084 164
7085 164
7086 3
7087 495
7088 164
7089 164
7090 3
7091 3
7092 3
7093 164
7094 3
7095 164
7096 164
7097 3
7098 164
7099 1357
7100 1357
7101 3
7102 3
7103 3
7104 164
7105 1357
7106 3
7107 1076
7108 3
7109 164
7110 164
7111 164
7112 164
7113 507
7114 3
7115 3
7116 164
7117 3
7118 3
7119 3
7120 3
7121 164
7122 164
7123 1168
7124 3
7125 283
7126 164
7127 3
7128 3
7129 164
7130 164
7131 164
7132 164
7133 164
7134 3
7135 3
7136 164
7137 3
7138 164
7139 1168
7140 1193
7141 3
7142 1357
7143 3
7144 3
7145 1165
7146 164
7147 164
7148 164
7149 164
7150 3
7151 284
7152 3
7153 3350
7154 3
7155 164
7156 164
7157 164
7158 164
7159 3
7160 3
7161 164
7162 495
7163 3
7164 3
7165 3
7166 3
7167 164
7168 164
7169 3
7170 164
7171 164
7172 164
7173 3
7174 164
7175 164
7176 818
7177 1591
7178 164
7179 164
7180 164
7181 3
7182 3
7183 233
7184 164
7185 3
7186 3
7187 164
7188 164
7189 3
7190 164
7191 1168
7192 164
7193 285
7194 164
7195 164
7196 164
7197 3
7198 164
7199 164
7200 164
7201 3
7202 3
7203 164
7204 1168
7205 1357
7206 3
7207 3
7208 164
7209 164
7210 164
7211 164
7212 3
7213 3
7214 267
7215 164
7216 1357
7217 1222
7218 1222
7219 3
7220 3
7221 3
7222 164
7223 286
7224 287
7225 288
7226 3
7227 233
7228 164
7229 3
7230 164
7231 164
7232 3
7233 3
7234 3
7235 164
7236 164
7237 164
7238 3
7239 3
7240 1357
7241 164
7242 3
7243 3
7244 164
7245 495
7246 164
7247 3
7248 495
7249 164
7250 106
7251 289
7252 290
7253 3
7254 3
7255 1357
7256 1357
7257 291
7258 292
7259 495
7260 1357
7261 164
7262 3
7263 3
7264 3
7265 3
7266 164
7267 3
7268 1357
7269 3
7270 3
7271 3
7272 164
7273 3
7274 3
7275 3
7276 164
7277 164
7278 164
7279 1357
7280 3
7281 164
7282 293
7283 1357
7284 164
7285 3
7286 3
7287 3
7288 164
7289 3
7290 3
7291 164
7292 164
7293 164
7294 1357
7295 3
7296 164
7297 3
7298 3
7299 233
7300 164
7301 1357
7302 3
7303 164
7304 3
7305 3
7306 164
7307 3
7308 164
7309 445
7310 164
7311 164
7312 164
7313 233
7314 164
7315 164
7316 164
7317 3
7318 3
7319 3
7320 164
7321 1165
7322 3
7323 164
7324 1357
7325 164
7326 1357
7327 1357
7328 164
7329 294
7330 1357
7331 1357
7332 1357
7333 164
7334 3
7335 164
7336 164
7337 3
7338 3
7339 3
7340 164
7341 164
7342 3
7343 3
7344 3
7345 3
7346 3
7347 3
7348 164
7349 164
7350 164
7351 1197
7352 3
7353 3
7354 3
7355 3
7356 164
7357 164
7358 164
7359 3
7360 3
7361 3
7362 106
7363 3
7364 3
7365 3
7366 3
7367 3
7368 164
7369 3
7370 295
7371 3
7372 296
7373 164
7374 164
7375 3
7376 164
7377 164
7378 164
7379 164
7380 164
7381 3
7382 164
7383 3
7384 3
7385 164
7386 3
7387 3
7388 3
7389 3
7390 164
7391 3
7392 3
7393 3
7394 495
7395 1168
7396 164
7397 3
7398 1357
7399 1357
7400 1357
7401 1165
7402 164
7403 164
7404 164
7405 1357
7406 3
7407 3
7408 164
7409 3
7410 3
7411 3
7412 233
7413 296
7414 164
7415 164
7416 164
7417 164
7418 3
7419 3
7420 164
7421 3
7422 164
7423 3
7424 3
7425 3
7426 298
7427 1163
7428 507
7429 3
7430 164
7431 164
7432 164
7433 3
7434 106
7435 233
7436 1168
7437 1357
7438 1357
7439 3
7440 3
7441 1357
7442 3
7443 164
7444 3
7445 3
7446 3
7447 3
7448 1357
7449 1357
7450 1357
7451 164
7452 3
7453 164
7454 164
7455 3
7456 1357
7457 1357
7458 164
7459 495
7460 164
7461 164
7462 1168
7463 164
7464 1168
7465 164
7466 164
7467 1357
7468 1165
7469 1165
7470 3
7471 3
7472 164
7473 1202
7474 1202
7475 1202
7476 495
7477 1357
7478 3
7479 3
7480 164
7481 164
7482 3
7483 164
7484 1357
7485 164
7486 164
7487 3
7488 1357
7489 1357
7490 164
7491 1357
7492 3
7493 3
7494 3
7495 299
7496 300
7497 3
7498 3
7499 3
7500 3
7501 164
7502 164
7503 1357
7504 164
7505 233
7506 233
7507 495
7508 106
7509 1168
7510 233
7511 1168
7512 1168
7513 1165
7514 1168
7515 1168
7516 1168
7517 1168
7518 1168
7519 1168
7520 1168
7521 1168
7522 1168
7523 1168
7524 1168
7525 1168
7526 1168
7527 1168
7528 1168
7529 1168
7530 1168
7531 1168
7532 1168
7533 1168
7534 1168
7535 1168
7536 1168
7537 1168
7538 1168
7539 1168
7540 1168
7541 1168
7542 1168
7543 1168
7544 1168
7545 1168
7546 1168
7547 1168
7548 1168
7549 1168
7550 1168
7551 1168
7552 1168
7553 1168
7554 1168
7555 1168
7556 1168
7557 1168
7558 1168
7559 1168
7560 1168
7561 1168
7562 1168
7563 1168
7564 1168
7565 1168
7566 1168
7567 1168
7568 1168
7569 164
7570 1168
7571 1168
7572 1168
7573 1168
7574 1168
7575 1168
7576 1168
7577 1168
7578 1168
7579 233
7580 1168
7581 1168
7582 1168
7583 1168
7584 1168
7585 1168
7586 1168
7587 1168
7588 1168
7589 1168
7590 1168
7591 1168
7592 233
7593 233
7594 233
7595 1168
7596 1168
7597 1168
7598 1168
7599 1168
7600 1168
7601 1168
7602 1168
7603 1168
7604 1168
7605 1168
7606 1168
7607 1357
7608 1168
7609 1168
7610 1168
7611 233
7612 1168
7613 1168
7614 164
7615 164
7616 1168
7617 1168
7618 1168
7619 1168
7620 1168
7621 1168
7622 1168
7623 1168
7624 1168
7625 1168
7626 1168
7627 233
7628 1168
7629 1168
7630 495
7631 164
7632 106
7633 495
7634 2596
7635 3
7636 164
7637 164
7638 164
7639 164
7640 164
7641 164
7642 164
7643 164
7644 164
7645 106
7646 164
7647 164
7648 164
7649 164
7650 164
7651 164
7652 106
7653 164
7654 164
7655 164
7656 164
7657 164
7658 164
7659 164
7660 106
7661 164
7662 164
7663 164
7664 164
7665 677
7666 164
7667 164
7668 164
7669 164
7670 1844
7671 1168
7672 106
7673 164
7674 164
7675 1357
7676 164
7677 106
7678 164
7679 106
7680 164
7681 106
7682 164
7683 164
7684 164
7685 301
7686 164
7687 1357
7688 164
7689 164
7690 507
7691 507
7692 164
7693 164
7694 164
7695 106
7696 1165
7697 495
7698 164
7699 164
7700 164
7701 164
7702 164
7703 164
7704 164
7705 1357
7706 164
7707 164
7708 164
7709 677
7710 677
7711 677
7712 106
7713 164
7714 1357
7715 164
7716 164
7717 164
7718 164
7719 106
7720 164
7721 164
7722 164
7723 106
7724 3
7725 164
7726 164
7727 106
7728 164
7729 164
7730 164
7731 164
7732 164
7733 164
7734 164
7735 164
7736 164
7737 164
7738 164
7739 164
7740 164
7741 164
7742 164
7743 164
7744 106
7745 106
7746 164
7747 164
7748 1357
7749 164
7750 164
7751 677
7752 164
7753 164
7754 164
7755 164
7756 164
7757 164
7758 164
7759 164
7760 164
7761 164
7762 164
7763 164
7764 164
7765 164
7766 164
7767 164
7768 164
7769 164
7770 164
7771 164
7772 736
7773 164
7774 1165
7775 164
7776 164
7777 164
7778 164
7779 164
7780 164
7781 164
7782 164
7783 164
7784 164
7785 164
7786 495
7787 164
7788 164
7789 164
7790 164
7791 164
7792 164
7793 164
7794 164
7795 164
7796 164
7797 507
7798 164
7799 106
7800 106
7801 164
7802 164
7803 164
7804 677
7805 106
7806 164
7807 164
7808 164
7809 164
7810 164
7811 164
7812 164
7813 106
7814 164
7815 164
7816 164
7817 164
7818 164
7819 164
7820 106
7821 164
7822 164
7823 106
7824 164
7825 164
7826 1165
7827 164
7828 164
7829 164
7830 164
7831 164
7832 164
7833 164
7834 164
7835 164
7836 164
7837 164
7838 164
7839 164
7840 106
7841 164
7842 1168
7843 164
7844 1165
7845 164
7846 164
7847 164
7848 1357
7849 164
7850 164
7851 677
7852 677
7853 677
7854 164
7855 164
7856 164
7857 164
7858 164
7859 164
7860 3
7861 3
7862 3
7863 1357
7864 3373
7865 3373
7866 3373
7867 3373
7868 3373
7869 3373
7870 3373
7871 3373
7872 3373
7873 3373
7874 3373
7875 233
7876 3373
7877 3
7878 3
7879 3
7880 302
7881 119
7882 3373
7883 164
7884 3373
7885 303
7886 3373
7887 3373
7888 1357
7889 3373
7890 3
7891 3373
7892 3373
7893 3373
7894 3373
7895 3301
7896 3373
7897 3373
7898 3373
7899 3
7900 3
7901 3373
7902 3373
7903 3373
7904 3373
7905 556
7906 3373
7907 3373
7908 3373
7909 1168
7910 304
7911 3373
7912 3373
7913 3373
7914 3373
7915 3373
7916 305
7917 306
7918 3373
7919 3
7920 451
7921 3373
7922 3373
7923 3373
7924 3373
7925 3373
7926 3373
7927 233
7928 3373
7929 307
7930 3373
7931 3373
7932 3373
7933 3373
7934 3373
7935 3373
7936 1357
7937 164
7938 164
7939 164
7940 3373
7941 164
7942 164
7943 164
7944 164
7945 164
7946 164
7947 3
7948 3
7949 3
7950 3
7951 1168
7952 164
7953 3
7954 495
7955 3
7956 3
7957 164
7958 164
7959 164
7960 1357
7961 164
7962 1357
7963 164
7964 164
7965 1357
7966 164
7967 164
7968 1357
7969 1357
7970 164
7971 1357
7972 1357
7973 164
7974 1168
7975 1357
7976 164
7977 409
7978 164
7979 3
7980 164
7981 164
7982 1165
7983 1165
7984 1165
7985 1165
7986 1165
7987 1165
7988 1165
7989 1165
7990 1165
7991 1165
7992 1165
7993 1165
7994 1165
7995 1165
7996 1165
7997 1165
7998 1165
7999 1165
8000 1165
8001 1165
8002 1165
8003 1165
8004 1165
8005 1165
8006 1165
8007 1165
8008 1165
8009 1165
8010 1165
8011 1165
8012 1165
8013 1165
8014 1165
8015 1165
8016 1165
8017 1165
8018 1165
8019 1165
8020 1165
8021 1165
8022 1165
8023 1165
8024 1165
8025 1165
8026 1165
8027 1165
8028 1165
8029 1165
8030 1165
8031 1165
8032 1165
8033 1165
8034 1165
8035 1165
8036 1165
8037 1165
8038 1165
8039 1165
8040 1165
8041 1165
8042 1165
8043 1165
8044 1165
8045 1165
8046 1165
8047 1165
8048 1165
8049 1165
8050 1165
8051 1165
8052 1165
8053 1165
8054 1165
8055 1165
8056 1165
8057 1357
8058 1357
8059 1357
8060 1357
8061 164
8062 164
8063 308
8064 164
8065 3
8066 1357
8067 1357
8068 1357
8069 1357
8070 1357
8071 1357
8072 363
8073 1357
8074 1357
8075 1357
8076 1357
8077 164
8078 309
8079 310
8080 233
8081 1357
8082 1357
8083 1357
8084 1357
8085 1357
8086 1357
8087 311
8088 312
8089 1357
8090 1357
8091 119
8092 1357
8093 3
8094 1357
8095 313
8096 1357
8097 1357
8098 1357
8099 1357
8100 1357
8101 1357
8102 1357
8103 1357
8104 164
8105 1357
8106 1357
8107 1357
8108 1357
8109 233
8110 164
8111 1357
8112 1357
8113 1357
8114 3
8115 1357
8116 1357
8117 1357
8118 1357
8119 1357
8120 1357
8121 1357
8122 1357
8123 3
8124 1357
8125 314
8126 315
8127 316
8128 308
8129 1357
8130 1357
8131 1357
8132 1357
8133 1357
8134 317
8135 1357
8136 1357
8137 318
8138 1357
8139 1357
8140 1357
8141 1357
8142 3
8143 1357
8144 1357
8145 1357
8146 1357
8147 1357
8148 1357
8149 319
8150 1357
8151 164
8152 1357
8153 1357
8154 1357
8155 1357
8156 1357
8157 1357
8158 1357
8159 1357
8160 233
8161 1357
8162 1357
8163 1357
8164 164
8165 1357
8166 1357
8167 1357
8168 1357
8169 1357
8170 1357
8171 164
8172 1357
8173 320
8174 321
8175 164
8176 1165
8177 1165
8178 1165
8179 164
8180 1357
8181 1357
8182 1357
8183 1357
8184 1357
8185 1357
8186 106
8187 164
8188 1357
8189 1357
8190 1357
8191 1357
8192 1357
8193 233
8194 371
8195 322
8196 323
8197 1357
8198 1357
8199 1357
8200 1357
8201 1357
8202 1357
8203 1357
8204 1357
8205 1357
8206 1168
8207 1357
8208 1357
8209 1357
8210 1357
8211 3
8212 3
8213 3
8214 3
8215 3
8216 3
8217 3
8218 3
8219 1357
8220 3
8221 3
8222 3
8223 3
8224 3
8225 3
8226 3
8227 3
8228 3
8229 3
8230 3
8231 3
8232 233
8233 3
8234 1357
8235 1357
8236 3
8237 3
8238 3
8239 3
8240 106
8241 3
8242 3
8243 3
8244 3
8245 3373
8246 3
8247 3
8248 324
8249 325
8250 3
8251 326
8252 3
8253 327
8254 327
8255 3
8256 3
8257 3
8258 327
8259 3
8260 3
8261 3
8262 3
8263 3
8264 164
8265 1357
8266 3
8267 3
8268 3
8269 3
8270 164
8271 488
8272 3
8273 3
8274 3
8275 3
8276 3
8277 328
8278 329
8279 1165
8280 495
8281 495
8282 1364
8283 3
8284 1357
8285 3
8286 164
8287 3
8288 516
8289 3
8290 764
8291 3
8292 3
8293 3
8294 3
8295 3
8296 3
8297 3
8298 3
8299 3
8300 516
8301 3
8302 3
8303 516
8304 3
8305 1357
8306 1357
8307 1357
8308 1357
8309 1357
8310 1357
8311 1357
8312 1357
8313 1357
8314 265
8315 265
8316 265
8317 1357
8318 1357
8319 1357
8320 1357
8321 1357
8322 265
8323 1357
8324 729
8325 20
8326 729
8327 729
8328 164
8329 1357
8330 233
8331 818
8332 164
8333 106
8334 1357
8335 1357
8336 34
8337 3476
8338 1357
8339 34
8340 265
8341 1357
8342 1357
8343 1357
8344 2283
8345 1168
8346 164
8347 164
8348 164
8349 164
8350 330
8351 164
8352 164
8353 164
8354 164
8355 164
8356 164
8357 164
8358 164
8359 164
8360 164
8361 164
8362 164
8363 164
8364 164
8365 164
8366 331
8367 332
8368 164
8369 164
8370 164
8371 164
8372 164
8373 164
8374 164
8375 164
8376 164
8377 164
8378 164
8379 1168
8380 164
8381 164
8382 164
8383 164
8384 164
8385 106
8386 164
8387 164
8388 164
8389 164
8390 164
8391 1165
8392 1165
8393 1165
8394 1165
8395 164
8396 164
8397 164
8398 164
8399 164
8400 164
8401 1168
8402 164
8403 164
8404 1357
8405 164
8406 164
8407 164
8408 2953
8409 164
8410 164
8411 495
8412 164
8413 1357
8414 333
8415 334
8416 164
8417 164
8418 335
8419 336
8420 164
8421 164
8422 164
8423 164
8424 164
8425 164
8426 164
8427 164
8428 106
8429 2158
8430 106
8431 677
8432 106
8433 106
8434 106
8435 106
8436 106
8437 677
8438 106
8439 106
8440 106
8441 677
8442 106
8443 106
8444 677
8445 106
8446 106
8447 106
8448 106
8449 677
8450 677
8451 677
8452 677
8453 106
8454 106
8455 337
8456 106
8457 1165
8458 106
8459 106
8460 106
8461 106
8462 106
8463 106
8464 677
8465 106
8466 1165
8467 106
8468 106
8469 106
8470 106
8471 338
8472 106
8473 106
8474 106
8475 106
8476 1940
8477 1940
8478 1940
8479 106
8480 106
8481 106
8482 339
8483 677
8484 164
8485 106
8486 106
8487 106
8488 106
8489 677
8490 164
8491 340
8492 341
8493 106
8494 1168
8495 1357
8496 106
8497 1108
8498 106
8499 106
8500 106
8501 677
8502 2
8503 677
8504 677
8505 677
8506 106
8507 106
8508 106
8509 106
8510 106
8511 164
8512 3
8513 106
8514 1168
8515 106
8516 1165
8517 106
8518 106
8519 106
8520 106
8521 233
8522 106
8523 106
8524 677
8525 342
8526 1357
8527 1591
8528 106
8529 106
8530 677
8531 233
8532 233
8533 233
8534 343
8535 344
8536 106
8537 677
8538 677
8539 106
8540 106
8541 1357
8542 106
8543 163
8544 163
8545 163
8546 1357
8547 163
8548 164
8549 164
8550 163
8551 233
8552 164
8553 345
8554 346
8555 346
8556 0
8557 103
8558 348
8559 394
8560 0
8561 1165
8562 349
8563 350
8564 349
8565 566
8566 351
8567 1357
8568 1357
8569 1357
8570 1357
8571 1357
8572 1357
8573 1357
8574 1357
8575 352
8576 353
8577 3
8578 3
8579 1357
8580 1357
8581 3
8582 1682
8583 1682
8584 1682
8585 352
8586 3
8587 3
8588 3
8589 3
8590 353
8591 3
8592 1682
8593 3
8594 3
8595 3
8596 353
8597 353
8598 3
8599 3
8600 164
8601 3
8602 3
8603 3
8604 3
8605 3
8606 3
8607 3
8608 3
8609 3
8610 3
8611 3
8612 3
8613 3
8614 3
8615 3
8616 3
8617 3
8618 3
8619 3
8620 3
8621 3
8622 3
8623 3
8624 3
8625 3
8626 3
8627 3
8628 3
8629 495
8630 86
8631 3
8632 3
8633 3
8634 3
8635 758
8636 3
8637 3
8638 3
8639 3
8640 3
8641 354
8642 1108
8643 3
8644 164
8645 3
8646 3
8647 3
8648 3
8649 164
8650 1357
8651 1357
8652 1357
8653 1357
8654 3
8655 3
8656 1168
8657 495
8658 1357
8659 164
8660 164
8661 495
8662 1357
8663 3
8664 1357
8665 1357
8666 1168
8667 1357
8668 164
8669 164
8670 164
8671 164
8672 1357
8673 164
8674 164
8675 164
8676 164
8677 164
8678 1357
8679 1357
8680 1357
8681 1357
8682 1357
8683 233
8684 1357
8685 495
8686 495
8687 495
8688 1357
8689 164
8690 1357
8691 1357
8692 1357
8693 1357
8694 1357
8695 164
8696 164
8697 1357
8698 1168
8699 1357
8700 3
8701 1357
8702 1357
8703 1357
8704 1357
8705 1357
8706 1168
8707 1357
8708 1357
8709 1357
8710 1357
8711 1357
8712 1168
8713 1168
8714 233
8715 1357
8716 164
8717 1357
8718 1357
8719 1165
8720 1168
8721 1357
8722 1357
8723 164
8724 164
8725 164
8726 1357
8727 1357
8728 1357
8729 1357
8730 1357
8731 1357
8732 1357
8733 3350
8734 1357
8735 1357
8736 1357
8737 3
8738 1357
8739 1357
8740 1357
8741 3350
8742 1357
8743 1357
8744 3
8745 3
8746 3
8747 3
8748 3
8749 3
8750 607
8751 164
8752 1168
8753 3
8754 3
8755 3
8756 3
8757 3
8758 1168
8759 106
8760 106
8761 106
8762 106
8763 164
8764 106
8765 106
8766 233
8767 233
8768 3
8769 3
8770 3
8771 1357
8772 25
8773 3
8774 3
8775 3
8776 1165
8777 3
8778 25
8779 3
8780 3
8781 3
8782 539
8783 3
8784 3
8785 3
8786 3
8787 0
8788 164
8789 3
8790 495
8791 2245
8792 355
8793 11
8794 3
8795 356
8796 3
8797 3
8798 3
8799 3
8800 3
8801 3
8802 3
8803 3
8804 3
8805 3
8806 3
8807 1165
8808 389
8809 3
8810 1168
8811 357
8812 3
8813 3
8814 3
8815 3
8816 3
8817 3
8818 3
8819 515
8820 3
8821 3
8822 3
8823 3
8824 3
8825 3
8826 3
8827 3
8828 3
8829 3
8830 3
8831 3
8832 3
8833 1165
8834 3
8835 3
8836 3
8837 3
8838 3
8839 495
8840 3
8841 1168
8842 1357
8843 3
8844 3
8845 192
8846 495
8847 677
8848 3
8849 3
8850 504
8851 3
8852 3
8853 3
8854 3
8855 3
8856 1357
8857 3
8858 3
8859 3
8860 3
8861 192
8862 3
8863 3
8864 3
8865 3
8866 495
8867 3
8868 3
8869 2
8870 1357
8871 164
8872 3
8873 3
8874 192
8875 389
8876 389
8877 538
8878 421
8879 192
8880 3
8881 3
8882 3
8883 3
8884 233
8885 192
8886 3
8887 3
8888 3
8889 3
8890 3
8891 3
8892 3
8893 3
8894 538
8895 358
8896 495
8897 3
8898 3
8899 3
8900 3
8901 359
8902 495
8903 1165
8904 3
8905 3
8906 3
8907 3
8908 3
8909 3
8910 3
8911 3
8912 389
8913 389
8914 3
8915 3
8916 360
8917 361
8918 25
8919 3
8920 3
8921 497
8922 3
8923 677
8924 677
8925 3
8926 1357
8927 233
8928 1357
8929 164
8930 1357
8931 1357
8932 1357
8933 1357
8934 1357
8935 164
8936 1357
8937 1357
8938 1357
8939 1357
8940 1357
8941 1357
8942 106
8943 164
8944 1357
8945 362
8946 1357
8947 1357
8948 1357
8949 164
8950 1357
8951 164
8952 1357
8953 1357
8954 1357
8955 1357
8956 164
8957 1357
8958 363
8959 1357
8960 1357
8961 1357
8962 1168
8963 164
8964 164
8965 1357
8966 1168
8967 1357
8968 1168
8969 1357
8970 1357
8971 1357
8972 1357
8973 1357
8974 1165
8975 1357
8976 1357
8977 677
8978 3
8979 495
8980 3016
8981 1168
8982 164
8983 1357
8984 1357
8985 1168
8986 1357
8987 164
8988 1357
8989 1357
8990 1357
8991 1357
8992 164
8993 1357
8994 1357
8995 1357
8996 1357
8997 1357
8998 1357
8999 677
9000 164
9001 1357
9002 1357
9003 1357
9004 164
9005 1357
9006 1364
9007 1357
9008 1357
9009 164
9010 1357
9011 364
9012 3
9013 1165
9014 1357
9015 1357
9016 1357
9017 1357
9018 1357
9019 3
9020 164
9021 164
9022 1357
9023 1357
9024 1969
9025 1357
9026 164
9027 1357
9028 1357
9029 1357
9030 1357
9031 1357
9032 233
9033 1357
9034 1357
9035 365
9036 164
9037 1357
9038 1168
9039 1357
9040 1357
9041 1357
9042 164
9043 1357
9044 3016
9045 507
9046 164
9047 3
9048 1357
9049 1165
9050 1357
9051 1357
9052 516
9053 366
9054 367
9055 1357
9056 1357
9057 677
9058 368
9059 1357
9060 1357
9061 1357
9062 1357
9063 369
9064 370
9065 371
9066 3
9067 3
9068 106
9069 1357
9070 1357
9071 1357
9072 1357
9073 1357
9074 164
9075 1357
9076 1357
9077 1357
9078 164
9079 3
9080 1357
9081 1357
9082 1357
9083 1357
9084 1357
9085 1357
9086 233
9087 1357
9088 1357
9089 372
9090 373
9091 164
9092 3016
9093 3
9094 1357
9095 1357
9096 164
9097 164
9098 1357
9099 3020
9100 3373
9101 233
9102 1357
9103 1357
9104 164
9105 1357
9106 1357
9107 1357
9108 3
9109 164
9110 3
9111 1357
9112 1357
9113 164
9114 233
9115 1357
9116 164
9117 677
9118 1357
9119 1357
9120 1357
9121 1168
9122 1168
9123 1168
9124 1168
9125 1168
9126 1168
9127 1168
9128 1168
9129 849
9130 374
9131 196
9132 3635
9133 607
9134 607
9135 100
9136 29
9137 184
9138 3
9139 3
9140 30
9141 3
9142 1357
9143 3
9144 3
9145 3
9146 3
9147 2016
9148 3
9149 3
9150 3
9151 3
9152 3
9153 3
9154 1165
9155 3
9156 1165
9157 3
9158 3
9159 3
9160 375
9161 376
9162 376
9163 164
9164 164
9165 233
9166 164
9167 164
9168 164
9169 164
9170 164
9171 164
9172 164
9173 164
9174 3
9175 495
9176 164
9177 164
9178 164
9179 164
9180 164
9181 1357
9182 164
9183 164
9184 377
9185 1357
9186 60
9187 60
9188 60
9189 495
9190 164
9191 164
9192 164
9193 378
9194 164
9195 164
9196 164
9197 164
9198 164
9199 164
9200 164
9201 379
9202 164
9203 164
9204 164
9205 164
9206 164
9207 164
9208 164
9209 164
9210 164
9211 164
9212 164
9213 164
9214 164
9215 164
9216 1357
9217 164
9218 164
9219 164
9220 164
9221 164
9222 164
9223 164
9224 164
9225 164
9226 164
9227 164
9228 1357
9229 164
9230 1357
9231 495
9232 164
9233 164
9234 164
9235 164
9236 164
9237 164
9238 1357
9239 164
9240 164
9241 164
9242 495
9243 164
9244 164
9245 164
9246 164
9247 1168
9248 1357
9249 380
9250 381
9251 164
9252 164
9253 164
9254 164
9255 1357
9256 164
9257 164
9258 1168
9259 164
9260 164
9261 164
9262 164
9263 164
9264 164
9265 164
9266 164
9267 164
9268 164
9269 1357
9270 164
9271 164
9272 164
9273 164
9274 164
9275 164
9276 1357
9277 164
9278 164
9279 164
9280 164
9281 164
9282 164
9283 164
9284 1357
9285 164
9286 164
9287 3276
9288 164
9289 164
9290 164
9291 164
9292 1357
9293 3
9294 164
9295 1357
9296 164
9297 164
9298 164
9299 164
9300 507
9301 164
9302 164
9303 1165
9304 3
9305 164
9306 164
9307 1165
9308 1357
9309 164
9310 164
9311 1168
9312 164
9313 164
9314 164
9315 164
9316 164
9317 164
9318 164
9319 164
9320 377
9321 164
9322 164
9323 164
9324 164
9325 164
9326 382
9327 164
9328 164
9329 164
9330 164
9331 164
9332 164
9333 164
9334 164
9335 164
9336 164
9337 1168
9338 1168
9339 233
9340 233
9341 233
9342 233
9343 233
9344 1357
9345 1357
9346 233
9347 233
9348 233
9349 1168
9350 233
9351 233
9352 1168
9353 233
9354 233
9355 233
9356 233
9357 389
9358 389
9359 3
9360 25
9361 389
9362 389
9363 3
9364 389
9365 3
9366 389
9367 3
9368 389
9369 2
9370 389
9371 383
9372 384
9373 25
9374 389
9375 389
9376 389
9377 389
9378 25
9379 25
9380 25
9381 25
9382 389
9383 389
9384 389
9385 389
9386 1357
9387 25
9388 25
9389 389
9390 389
9391 389
9392 25
9393 389
9394 25
9395 1357
9396 25
9397 389
9398 385
9399 385
9400 389
9401 25
9402 25
9403 25
9404 386
9405 387
9406 0
9407 25
9408 3
9409 25
9410 388
9411 3
9412 389
9413 495
9414 25
9415 389
9416 389
9417 389
9418 25
9419 25
9420 389
9421 389
9422 25
9423 389
9424 88
9425 25
9426 1168
9427 25
9428 25
9429 3
9430 88
9431 25
9432 677
9433 389
9434 389
9435 25
9436 25
9437 187
9438 25
9439 389
9440 389
9441 389
9442 389
9443 106
9444 389
9445 25
9446 389
9447 25
9448 1168
9449 389
9450 25
9451 25
9452 390
9453 25
9454 3
9455 389
9456 388
9457 3
9458 25
9459 25
9460 25
9461 25
9462 677
9463 390
9464 391
9465 25
9466 25
9467 3
9468 3
9469 3
9470 3
9471 3
9472 3
9473 3
9474 3
9475 3
9476 3
9477 3
9478 3
9479 3
9480 3
9481 3
9482 3
9483 3
9484 3
9485 3
9486 3
9487 3
9488 3
9489 3
9490 3
9491 3
9492 3
9493 3
9494 3
9495 164
9496 495
9497 164
9498 196
9499 1127
9500 1168
9501 1165
9502 2245
9503 233
9504 1591
9505 392
9506 393
9507 1168
9508 394
9509 3
9510 3
9511 3
9512 3
9513 3
9514 395
9515 396
9516 3
9517 3
9518 3
9519 3
9520 3
9521 3
9522 3
9523 3
9524 3
9525 3
9526 233
9527 3
9528 3
9529 3
9530 3
9531 3
9532 1069
9533 1168
9534 3
9535 607
9536 3
9537 3
9538 3
9539 3
9540 3
9541 3
9542 3373
9543 3
9544 3
9545 3
9546 3
9547 3
9548 495
9549 3
9550 3
9551 3
9552 3
9553 3
9554 3
9555 3
9556 164
9557 3
9558 3
9559 3
9560 3
9561 3
9562 3
9563 3
9564 3
9565 3
9566 3
9567 1168
9568 3
9569 3
9570 3
9571 3
9572 1168
9573 3
9574 3
9575 3
9576 3
9577 3
9578 3
9579 164
9580 3
9581 3
9582 3
9583 397
9584 398
9585 1357
9586 164
9587 164
9588 164
9589 3
9590 3
9591 3
9592 3
9593 3
9594 3
9595 3
9596 3
9597 119
9598 233
9599 398
9600 3
9601 3
9602 3
9603 3
9604 3
9605 3
9606 3
9607 233
9608 28
9609 3
9610 3
9611 3
9612 3
9613 3
9614 3
9615 3
9616 1357
9617 3
9618 3
9619 3
9620 1357
9621 3
9622 3
9623 1357
9624 3
9625 399
9626 400
9627 3
9628 3
9629 3
9630 3
9631 3
9632 3
9633 3
9634 3
9635 3
9636 3
9637 3
9638 3
9639 3
9640 3
9641 3
9642 3
9643 3
9644 3
9645 3
9646 3
9647 164
9648 164
9649 1357
9650 164
9651 3
9652 2283
9653 2283
9654 2283
9655 2283
9656 2283
9657 2283
9658 2283
9659 2283
9660 2283
9661 2283
9662 2283
9663 2283
9664 2283
9665 2283
9666 2283
9667 2283
9668 2283
9669 2283
9670 2283
9671 2283
9672 2283
9673 2283
9674 2283
9675 2283
9676 2283
9677 2283
9678 2283
9679 2283
9680 2283
9681 2283
9682 2283
9683 2283
9684 2283
9685 2283
9686 2283
9687 2283
9688 2283
9689 2283
9690 2283
9691 2283
9692 2386
9693 2283
9694 2283
9695 2283
9696 2283
9697 2283
9698 2283
9699 2283
9700 2283
9701 2283
9702 2283
9703 2283
9704 2283
9705 2283
9706 2283
9707 2283
9708 2283
9709 2283
9710 2283
9711 2283
9712 2283
9713 2283
9714 2283
9715 2283
9716 2283
9717 2283
9718 2283
9719 2283
9720 2283
9721 2386
9722 2283
9723 2283
9724 2283
9725 2283
9726 2283
9727 2283
9728 2283
9729 2283
9730 2283
9731 2283
9732 2283
9733 2283
9734 2283
9735 2283
9736 2283
9737 2283
9738 2283
9739 2283
9740 2283
9741 2283
9742 2283
9743 2283
9744 2283
9745 2283
9746 2283
9747 2283
9748 2283
9749 2283
9750 2283
9751 516
9752 2026
9753 516
9754 2026
9755 495
9756 1168
9757 1168
9758 1357
9759 686
9760 1168
9761 233
9762 1168
9763 1168
9764 1168
9765 1168
9766 233
9767 233
9768 233
9769 1168
9770 401
9771 1168
9772 1168
9773 1168
9774 1168
9775 129
9776 1168
9777 1168
9778 129
9779 129
9780 1168
9781 1168
9782 351
9783 1168
9784 402
9785 403
9786 403
9787 233
9788 129
9789 233
9790 233
9791 1168
9792 233
9793 402
9794 404
9795 405
9796 1168
9797 406
9798 407
9799 495
9800 233
9801 677
9802 233
9803 233
9804 233
9805 1168
9806 1168
9807 401
9808 233
9809 233
9810 233
9811 1168
9812 1168
9813 1168
9814 401
9815 495
9816 1168
9817 1357
9818 1357
9819 1357
9820 1357
9821 1168
9822 1168
9823 1168
9824 401
9825 233
9826 1168
9827 1168
9828 1357
9829 233
9830 1168
9831 1168
9832 233
9833 233
9834 1168
9835 408
9836 401
9837 164
9838 1168
9839 2
9840 233
9841 1168
9842 1168
9843 1168
9844 129
9845 129
9846 1168
9847 1168
9848 1168
9849 1168
9850 192
9851 1168
9852 1168
9853 1168
9854 3
9855 233
9856 1168
9857 1168
9858 1168
9859 1168
9860 1168
9861 408
9862 164
9863 164
9864 112
9865 677
9866 3373
9867 1357
9868 3
9869 852
9870 7
9871 495
9872 3
9873 3
9874 3
9875 3
9876 3
9877 3
9878 3
9879 3
9880 3
9881 192
9882 1357
9883 1357
9884 3
9885 233
9886 233
9887 233
9888 233
9889 233
9890 233
9891 409
9892 233
9893 233
9894 233
9895 233
9896 233
9897 233
9898 1168
9899 233
9900 233
9901 233
9902 233
9903 233
9904 233
9905 233
9906 233
9907 267
9908 164
9909 233
9910 233
9911 164
9912 164
9913 3
9914 3
9915 3
9916 3
9917 3
9918 3
9919 677
9920 1449
9921 1627
9922 3
9923 3
9924 3
9925 3
9926 3
9927 677
9928 3
9929 3
9930 3
9931 3432
9932 3440
9933 3440
9934 181
9935 3
9936 3
9937 59
9938 3
9939 3
9940 3433
9941 3434
9942 3
9943 3
9944 677
9945 3
9946 3
9947 27
9948 3
9949 3
9950 3
9951 27
9952 3
9953 3433
9954 3441
9955 3
9956 3
9957 27
9958 3
9959 3
9960 233
9961 3
9962 3441
9963 164
9964 411
9965 412
9966 3
9967 3
9968 1057
9969 3
9970 3
9971 3
9972 3
9973 3
9974 3438
9975 3
9976 233
9977 3
9978 3
9979 3
9980 3
9981 106
9982 3
9983 3
9984 3
9985 677
9986 3
9987 3
9988 1057
9989 3
9990 3
9991 3
9992 3
9993 3
9994 3
9995 677
9996 3
9997 3
9998 3
9999 3
10000 3
10001 413
10002 414
10003 3
10004 3
10005 3
10006 3
10007 3
10008 6
10009 7
10010 3438
10011 3440
10012 1057
10013 1357
10014 84
10015 3
10016 3
10017 3
10018 3
10019 3
10020 1357
10021 164
10022 3
10023 3433
10024 1357
10025 916
10026 3
10027 916
10028 1357
10029 3
10030 3
10031 425
10032 425
10033 425
10034 415
10035 416
10036 417
10037 418
10038 425
10039 10
10040 425
10041 425
10042 10
10043 425
10044 10
10045 10
10046 10
10047 10
10048 10
10049 10
10050 10
10051 419
10052 425
10053 420
10054 421
10055 10
10056 10
10057 10
10058 425
10059 425
10060 425
10061 425
10062 10
10063 10
10064 425
10065 425
10066 422
10067 10
10068 10
10069 425
10070 423
10071 424
10072 10
10073 425
10074 10
10075 10
10076 10
10077 10
10078 10
10079 10
10080 10
10081 425
10082 425
10083 425
10084 425
10085 10
10086 426
10087 10
10088 10
10089 10
10090 3
10091 10
10092 10
10093 10
10094 10
10095 10
10096 10
10097 10
10098 10
10099 10
10100 10
10101 10
10102 427
10103 428
10104 425
10105 10
10106 425
10107 429
10108 430
10109 3373
10110 3373
10111 3373
10112 3373
10113 3373
10114 3373
10115 431
10116 432
10117 433
10118 434
10119 3373
10120 435
10121 3373
10122 3373
10123 3373
10124 60
10125 437
10126 3373
10127 3373
10128 3373
10129 3373
10130 3373
10131 3373
10132 3373
10133 3373
10134 3373
10135 3373
10136 3373
10137 3373
10138 3373
10139 3373
10140 3373
10141 3373
10142 3373
10143 3373
10144 3373
10145 495
10146 3373
10147 3373
10148 3373
10149 1357
10150 3373
10151 3373
10152 3373
10153 3373
10154 3373
10155 1165
10156 3373
10157 3373
10158 3373
10159 3373
10160 437
10161 3373
10162 3373
10163 3373
10164 3373
10165 1168
10166 437
10167 437
10168 3373
10169 435
10170 435
10171 437
10172 3373
10173 3373
10174 1168
10175 1168
10176 1168
10177 1168
10178 1168
10179 1168
10180 1168
10181 3
10182 3
10183 3
10184 3
10185 1165
10186 1165
10187 3
10188 3
10189 3
10190 3
10191 3
10192 3
10193 3
10194 3
10195 2
10196 3
10197 3
10198 3
10199 1079
10200 3
10201 3
10202 3
10203 1168
10204 1168
10205 1165
10206 3
10207 3
10208 3
10209 3
10210 1168
10211 3
10212 3
10213 3
10214 3
10215 3
10216 3
10217 3
10218 438
10219 439
10220 3
10221 3
10222 440
10223 441
10224 3
10225 3
10226 3
10227 3
10228 3
10229 3
10230 164
10231 3
10232 3
10233 442
10234 443
10235 3
10236 3
10237 3
10238 3
10239 3
10240 3
10241 516
10242 444
10243 445
10244 446
10245 445
10246 445
10247 445
10248 444
10249 446
10250 446
10251 447
10252 448
10253 3
10254 1364
10255 1364
10256 0
10257 1364
10258 164
10259 1364
10260 1364
10261 1364
10262 847
10263 1364
10264 3260
10265 1364
10266 1357
10267 1357
10268 1364
10269 1168
10270 1364
10271 449
10272 3
10273 3
10274 1340
10275 1364
10276 1364
10277 1364
10278 976
10279 1364
10280 1069
10281 233
10282 1168
10283 1364
10284 1364
10285 1357
10286 1364
10287 1364
10288 450
10289 1364
10290 451
10291 451
10292 451
10293 1364
10294 1364
10295 1364
10296 1364
10297 1364
10298 1364
10299 1364
10300 1364
10301 1364
10302 1357
10303 590
10304 1364
10305 1165
10306 451
10307 451
10308 3
10309 1364
10310 1364
10311 1364
10312 1364
10313 1364
10314 3
10315 1357
10316 1165
10317 451
10318 590
10319 1364
10320 1364
10321 1364
10322 1364
10323 1364
10324 447
10325 1364
10326 1364
10327 451
10328 1364
10329 1364
10330 1415
10331 409
10332 164
10333 164
10334 1165
10335 164
10336 164
10337 164
10338 164
10339 164
10340 164
10341 164
10342 164
10343 164
10344 164
10345 164
10346 164
10347 164
10348 164
10349 164
10350 164
10351 164
10352 164
10353 1069
10354 164
10355 164
10356 164
10357 164
10358 164
10359 164
10360 106
10361 164
10362 164
10363 164
10364 164
10365 164
10366 164
10367 164
10368 164
10369 452
10370 164
10371 164
10372 164
10373 164
10374 1357
10375 164
10376 1357
10377 164
10378 164
10379 1357
10380 1357
10381 164
10382 164
10383 164
10384 164
10385 164
10386 164
10387 164
10388 164
10389 164
10390 453
10391 454
10392 1357
10393 495
10394 1357
10395 1357
10396 1357
10397 1357
10398 164
10399 164
10400 164
10401 164
10402 164
10403 164
10404 164
10405 1357
10406 164
10407 164
10408 1357
10409 1165
10410 164
10411 1357
10412 1357
10413 164
10414 1168
10415 164
10416 164
10417 164
10418 1357
10419 164
10420 455
10421 455
10422 456
10423 164
10424 164
10425 457
10426 164
10427 1357
10428 1357
10429 164
10430 164
10431 458
10432 459
10433 164
10434 164
10435 164
10436 164
10437 164
10438 59
10439 1357
10440 164
10441 1357
10442 1357
10443 1357
10444 1168
10445 164
10446 164
10447 164
10448 164
10449 164
10450 164
10451 460
10452 164
10453 164
10454 164
10455 164
10456 164
10457 164
10458 233
10459 1357
10460 1357
10461 164
10462 233
10463 164
10464 164
10465 121
10466 164
10467 461
10468 164
10469 164
10470 164
10471 164
10472 164
10473 164
10474 164
10475 164
10476 1357
10477 164
10478 164
10479 164
10480 462
10481 463
10482 233
10483 1357
10484 1357
10485 164
10486 164
10487 164
10488 164
10489 164
10490 164
10491 1357
10492 164
10493 164
10494 495
10495 164
10496 164
10497 464
10498 465
10499 233
10500 164
10501 164
10502 164
10503 164
10504 164
10505 164
10506 164
10507 164
10508 233
10509 1357
10510 233
10511 164
10512 1357
10513 164
10514 164
10515 164
10516 164
10517 164
10518 164
10519 164
10520 164
10521 1357
10522 164
10523 164
10524 164
10525 164
10526 164
10527 164
10528 164
10529 164
10530 164
10531 164
10532 164
10533 495
10534 1357
10535 164
10536 164
10537 164
10538 164
10539 164
10540 164
10541 164
10542 164
10543 1168
10544 164
10545 164
10546 164
10547 164
10548 164
10549 164
10550 164
10551 164
10552 466
10553 467
10554 164
10555 164
10556 164
10557 1165
10558 164
10559 1357
10560 233
10561 233
10562 164
10563 164
10564 164
10565 164
10566 164
10567 164
10568 164
10569 164
10570 468
10571 164
10572 1357
10573 233
10574 233
10575 233
10576 233
10577 164
10578 164
10579 164
10580 164
10581 164
10582 164
10583 164
10584 164
10585 164
10586 164
10587 1357
10588 164
10589 164
10590 1357
10591 164
10592 577
10593 495
10594 164
10595 164
10596 607
10597 164
10598 164
10599 164
10600 164
10601 3
10602 1168
10603 1168
10604 1357
10605 1591
10606 164
10607 1168
10608 3
10609 1165
10610 495
10611 3
10612 164
10613 164
10614 164
10615 1357
10616 164
10617 164
10618 164
10619 164
10620 1168
10621 1168
10622 1168
10623 164
10624 164
10625 164
10626 164
10627 164
10628 164
10629 164
10630 164
10631 164
10632 164
10633 164
10634 164
10635 164
10636 164
10637 164
10638 164
10639 164
10640 164
10641 495
10642 164
10643 469
10644 470
10645 164
10646 164
10647 1357
10648 1357
10649 164
10650 164
10651 471
10652 472
10653 164
10654 363
10655 164
10656 495
10657 60
10658 164
10659 164
10660 1357
10661 1357
10662 1357
10663 164
10664 164
10665 164
10666 164
10667 164
10668 164
10669 495
10670 1357
10671 164
10672 164
10673 164
10674 164
10675 164
10676 164
10677 495
10678 164
10679 164
10680 164
10681 164
10682 164
10683 164
10684 164
10685 164
10686 164
10687 164
10688 60
10689 1357
10690 1357
10691 1357
10692 1357
10693 1357
10694 164
10695 106
10696 1357
10697 1357
10698 3
10699 1357
10700 3317
10701 3
10702 3
10703 3
10704 3
10705 3
10706 3
10707 3
10708 1357
10709 164
10710 818
10711 3
10712 3
10713 3
10714 3
10715 3
10716 488
10717 3
10718 3
10719 3
10720 3
10721 3
10722 1357
10723 3
10724 83
10725 3
10726 3
10727 3
10728 3
10729 3
10730 3
10731 3
10732 3
10733 3
10734 488
10735 488
10736 3
10737 3
10738 3
10739 3
10740 495
10741 3
10742 3
10743 3
10744 473
10745 474
10746 3
10747 3
10748 3
10749 3
10750 3
10751 3
10752 3
10753 3
10754 3
10755 3
10756 475
10757 3
10758 3
10759 3
10760 3
10761 3319
10762 3
10763 3
10764 3
10765 1357
10766 3
10767 3
10768 3
10769 3
10770 3
10771 444
10772 444
10773 444
10774 444
10775 444
10776 476
10777 477
10778 444
10779 444
10780 233
10781 444
10782 444
10783 444
10784 446
10785 444
10786 233
10787 444
10788 444
10789 444
10790 446
10791 1357
10792 3
10793 3
10794 516
10795 478
10796 479
10797 3
10798 3
10799 3
10800 3
10801 480
10802 481
10803 3
10804 3
10805 3
10806 3
10807 3
10808 3
10809 233
10810 3
10811 3
10812 3
10813 3
10814 3
10815 1165
10816 1165
10817 1165
10818 1165
10819 1165
10820 1165
10821 1165
10822 1165
10823 1165
10824 1165
10825 1165
10826 1165
10827 1165
10828 1165
10829 1165
10830 1357
10831 1165
10832 1165
10833 1165
10834 1165
10835 1165
10836 164
10837 482
10838 483
10839 164
10840 1165
10841 1165
10842 1165
10843 1165
10844 1165
10845 1165
10846 1165
10847 1165
10848 1165
10849 1165
10850 1165
10851 1165
10852 1165
10853 1165
10854 1165
10855 1357
10856 495
10857 106
10858 106
10859 164
10860 1357
10861 164
10862 106
10863 164
10864 164
10865 164
10866 164
10867 164
10868 164
10869 164
10870 164
10871 164
10872 3679
10873 164
10874 484
10875 484
10876 485
10877 164
10878 164
10879 164
10880 164
10881 164
10882 164
10883 164
10884 164
10885 164
10886 87
10887 164
10888 87
10889 164
10890 164
10891 164
10892 729
10893 729
10894 729
10895 485
10896 485
10897 3680
10898 164
10899 164
10900 164
10901 164
10902 193
10903 164
10904 1357
10905 3
10906 1357
10907 164
10908 164
10909 164
10910 233
10911 164
10912 106
10913 106
10914 106
10915 106
10916 106
10917 106
10918 106
10919 106
10920 1168
10921 1168
10922 1168
10923 164
10924 164
10925 164
10926 164
10927 164
10928 1357
10929 1357
10930 3
10931 3373
10932 3373
10933 3373
10934 1357
10935 1357
10936 3
10937 267
10938 1357
10939 1357
10940 1168
10941 1165
10942 1357
10943 164
10944 164
10945 164
10946 3
10947 3
10948 3
10949 233
10950 3
10951 1357
10952 1168
10953 1168
10954 3373
10955 3
10956 3
10957 1357
10958 495
10959 495
10960 495
10961 164
10962 1357
10963 1168
10964 1168
10965 1168
10966 1168
10967 1357
10968 2
10969 696
10970 233
10971 233
10972 233
10973 233
10974 233
10975 233
10976 233
10977 233
10978 233
10979 1168
10980 486
10981 233
10982 233
10983 1168
10984 233
10985 1168
10986 1168
10987 233
10988 233
10989 233
10990 233
10991 233
10992 487
10993 233
10994 233
10995 1168
10996 1168
10997 233
10998 1168
10999 1168
11000 233
11001 488
11002 1168
11003 233
11004 233
11005 233
11006 1357
11007 1357
11008 233
11009 1168
11010 1168
11011 1168
11012 233
11013 233
11014 164
11015 233
11016 164
11017 233
11018 233
11019 233
11020 233
11021 1168
11022 233
11023 233
11024 58
11025 233
11026 233
11027 1168
11028 1168
11029 1168
11030 3
11031 1165
11032 1168
11033 1168
11034 1168
11035 1357
11036 3
11037 1357
11038 1357
11039 164
11040 1357
11041 1165
11042 1165
11043 1165
11044 1165
11045 3
11046 1357
11047 3
11048 1168
11049 233
11050 233
11051 233
11052 1168
11053 233
11054 233
11055 1168
11056 1168
11057 1168
11058 3
11059 1168
11060 1168
11061 1168
11062 1168
11063 1168
11064 1168
11065 1168
11066 233
11067 233
11068 1168
11069 1168
11070 3
11071 3
11072 3
11073 3
11074 3
11075 3
11076 495
11077 1357
11078 164
11079 3
11080 3
11081 3
11082 495
11083 3
11084 164
11085 3
11086 3
11087 3
11088 3
11089 495
11090 3
11091 3
11092 164
11093 488
11094 488
11095 488
11096 488
11097 164
11098 164
11099 164
11100 164
11101 164
11102 164
11103 164
11104 1357
11105 164
11106 164
11107 164
11108 1165
11109 677
11110 164
11111 164
11112 164
11113 1165
11114 1165
11115 164
11116 164
11117 164
11118 164
11119 164
11120 532
11121 532
11122 164
11123 1357
11124 489
11125 489
11126 495
11127 164
11128 164
11129 1165
11130 233
11131 164
11132 3
11133 164
11134 164
11135 3
11136 0
11137 3
11138 3
11139 3
11140 3
11141 3
11142 3
11143 1416
11144 1415
11145 3
11146 3
11147 3
11148 3
11149 42
11150 3
11151 3
11152 3
11153 1415
11154 3
11155 3
11156 3
11157 3
11158 3
11159 3
11160 3
11161 0
11162 3
11163 3
11164 3
11165 233
11166 3
11167 3
11168 3
11169 3
11170 3
11171 3
11172 3
11173 3
11174 3
11175 1127
11176 98
11177 3
11178 1357
11179 1357
11180 1357
11181 106
11182 233
11183 1357
11184 1357
11185 53
11186 1165
11187 1357
11188 1357
11189 1357
11190 1357
11191 1357
11192 1357
11193 1357
11194 1357
11195 1357
11196 1357
11197 1357
11198 1357
11199 1357
11200 1168
11201 677
11202 677
11203 233
11204 233
11205 1357
11206 106
11207 1357
11208 1357
11209 1357
11210 1357
11211 1357
11212 1357
11213 233
11214 1357
11215 3
11216 1357
11217 394
11218 677
11219 677
11220 677
11221 1357
11222 233
11223 1357
11224 1357
11225 1357
11226 1357
11227 233
11228 1357
11229 1357
11230 1357
11231 1357
11232 1357
11233 495
11234 1357
11235 1068
11236 1357
11237 1357
11238 1357
11239 233
11240 233
11241 677
11242 1357
11243 1357
11244 1357
11245 1168
11246 233
11247 106
11248 1357
11249 1357
11250 1357
11251 233
11252 677
11253 677
11254 1357
11255 677
11256 1357
11257 490
11258 491
11259 1810
11260 1357
11261 233
11262 233
11263 1357
11264 1357
11265 1357
11266 1357
11267 1357
11268 1357
11269 1357
11270 1357
11271 1357
11272 1357
11273 1168
11274 1357
11275 1357
11276 1357
11277 1357
11278 1168
11279 3
11280 1357
11281 106
11282 106
11283 1357
11284 1357
11285 3
11286 1306
11287 1357
11288 1357
11289 1357
11290 1357
11291 1357
11292 1357
11293 677
11294 1357
11295 1357
11296 1357
11297 677
11298 1357
11299 1168
11300 1168
11301 1357
11302 1357
11303 233
11304 1357
11305 1357
11306 1357
11307 3373
11308 1357
11309 677
11310 677
11311 1357
11312 23
11313 1357
11314 1357
11315 1357
11316 1357
11317 1357
11318 233
11319 233
11320 1357
11321 1357
11322 1357
11323 1357
11324 1357
11325 1357
11326 1357
11327 1357
11328 1357
11329 1357
11330 233
11331 1357
11332 1357
11333 1357
11334 1357
11335 1357
11336 1357
11337 1357
11338 421
11339 421
11340 3456
11341 1357
11342 233
11343 1357
11344 1357
11345 1357
11346 1165
11347 1357
11348 1357
11349 1357
11350 507
11351 507
11352 507
11353 507
11354 507
11355 507
11356 507
11357 507
11358 507
11359 164
11360 507
11361 507
11362 493
11363 494
11364 507
11365 507
11366 507
11367 507
11368 507
11369 495
11370 495
11371 495
11372 495
11373 507
11374 507
11375 507
11376 507
11377 507
11378 507
11379 507
11380 507
11381 507
11382 507
11383 507
11384 507
11385 507
11386 507
11387 507
11388 507
11389 507
11390 507
11391 507
11392 507
11393 1168
11394 1168
11395 1168
11396 1168
11397 495
11398 495
11399 495
11400 164
11401 164
11402 507
11403 507
11404 507
11405 507
11406 507
11407 507
11408 495
11409 495
11410 3635
11411 164
11412 164
11413 164
11414 164
11415 164
11416 1357
11417 164
11418 164
11419 164
11420 164
11421 164
11422 164
11423 495
11424 164
11425 164
11426 164
11427 164
11428 1357
11429 164
11430 3634
11431 164
11432 164
11433 164
11434 164
11435 164
11436 495
11437 3635
11438 1357
11439 495
11440 164
11441 164
11442 164
11443 164
11444 164
11445 495
11446 1357
11447 164
11448 164
11449 164
11450 164
11451 164
11452 164
11453 495
11454 495
11455 164
11456 164
11457 164
11458 164
11459 164
11460 164
11461 164
11462 164
11463 164
11464 164
11465 164
11466 164
11467 164
11468 164
11469 164
11470 164
11471 3
11472 3
11473 497
11474 3
11475 3
11476 3
11477 3
11478 3
11479 3
11480 3257
11481 3
11482 192
11483 498
11484 499
11485 3
11486 3
11487 3
11488 164
11489 3
11490 3
11491 3
11492 3
11493 3
11494 2176
11495 3
11496 3
11497 3
11498 3
11499 3
11500 3
11501 3
11502 916
11503 3
11504 3
11505 3
11506 3
11507 3
11508 3
11509 504
11510 3
11511 8
11512 3
11513 3
11514 3
11515 3
11516 3
11517 495
11518 3
11519 3
11520 3
11521 3
11522 2182
11523 500
11524 501
11525 3
11526 1168
11527 916
11528 233
11529 3
11530 3
11531 3
11532 3
11533 3
11534 3
11535 3
11536 502
11537 503
11538 3
11539 3
11540 3
11541 3
11542 3
11543 3
11544 3
11545 3
11546 673
11547 673
11548 3
11549 233
11550 3
11551 3
11552 3
11553 3
11554 3
11555 3
11556 3
11557 3
11558 3
11559 3
11560 916
11561 3
11562 916
11563 8
11564 3
11565 3
11566 3
11567 3
11568 3
11569 3
11570 3
11571 3
11572 3
11573 3
11574 3
11575 3
11576 3
11577 3
11578 3
11579 3
11580 3
11581 1168
11582 3
11583 3
11584 1357
11585 3
11586 3
11587 3
11588 3
11589 3
11590 3
11591 3
11592 3
11593 495
11594 3
11595 3
11596 504
11597 505
11598 749
11599 3
11600 3
11601 506
11602 1357
11603 1357
11604 1357
11605 1357
11606 1357
11607 1357
11608 1357
11609 1357
11610 1357
11611 1357
11612 1357
11613 1357
11614 164
11615 164
11616 1357
11617 1357
11618 1357
11619 507
11620 1357
11621 3350
11622 507
11623 507
11624 495
11625 495
11626 495
11627 508
11628 164
11629 509
11630 510
11631 1165
11632 164
11633 164
11634 1165
11635 1165
11636 164
11637 1165
11638 164
11639 164
11640 164
11641 495
11642 495
11643 1357
11644 3
11645 1357
11646 1357
11647 1357
11648 1357
11649 1357
11650 1357
11651 1357
11652 1357
11653 1357
11654 1357
11655 164
11656 164
11657 495
11658 1357
11659 1357
11660 1357
11661 1357
11662 1357
11663 164
11664 164
11665 1357
11666 1165
11667 1165
11668 3
11669 1165
11670 507
11671 3
11672 164
11673 3
11674 164
11675 164
11676 164
11677 164
11678 164
11679 511
11680 1165
11681 164
11682 164
11683 164
11684 512
11685 513
11686 1357
11687 164
11688 164
11689 164
11690 3
11691 650
11692 514
11693 3
11694 409
11695 1357
11696 1357
11697 1357
11698 1357
11699 1357
11700 1357
11701 1357
11702 1357
11703 1357
11704 1357
11705 1357
11706 1357
11707 1357
11708 233
11709 106
11710 106
11711 233
11712 233
11713 233
11714 106
11715 3
11716 3
11717 3
11718 0
11719 3
11720 1357
11721 192
11722 192
11723 515
11724 515
11725 515
11726 515
11727 352
11728 351
11729 192
11730 192
11731 192
11732 516
11733 600
11734 192
11735 192
11736 192
11737 192
11738 192
11739 192
11740 192
11741 517
11742 518
11743 192
11744 1357
11745 1357
11746 1357
11747 1357
11748 11
11749 11
11750 11
11751 11
11752 11
11753 106
11754 106
11755 1357
11756 164
11757 3
11758 519
11759 520
11760 519
11761 3
11762 3571
11763 3
11764 0
11765 3
11766 3
11767 0
11768 3
11769 3571
11770 3
11771 3
11772 520
11773 3572
11774 3
11775 3
11776 3
11777 3
11778 3
11779 1168
11780 3
11781 3
11782 3
11783 3
11784 3
11785 3
11786 3
11787 3
11788 3
11789 3
11790 3
11791 3
11792 3572
11793 3
11794 164
11795 3
11796 495
11797 495
11798 3373
11799 3373
11800 3373
11801 3373
11802 3373
11803 1168
11804 164
11805 1168
11806 3
11807 3
11808 1357
11809 521
11810 521
11811 3
11812 1168
11813 1168
11814 1357
11815 1357
11816 34
11817 34
11818 522
11819 34
11820 138
11821 523
11822 524
11823 34
11824 34
11825 532
11826 34
11827 164
11828 34
11829 34
11830 34
11831 34
11832 525
11833 1165
11834 526
11835 527
11836 164
11837 532
11838 528
11839 34
11840 532
11841 34
11842 34
11843 532
11844 34
11845 34
11846 528
11847 34
11848 34
11849 34
11850 532
11851 532
11852 34
11853 1165
11854 34
11855 525
11856 34
11857 34
11858 34
11859 34
11860 138
11861 529
11862 530
11863 164
11864 164
11865 34
11866 34
11867 34
11868 1165
11869 34
11870 531
11871 34
11872 34
11873 532
11874 531
11875 34
11876 34
11877 522
11878 164
11879 532
11880 34
11881 34
11882 532
11883 34
11884 34
11885 34
11886 34
11887 532
11888 34
11889 34
11890 1165
11891 1165
11892 34
11893 34
11894 34
11895 34
11896 532
11897 532
11898 532
11899 34
11900 34
11901 34
11902 532
11903 34
11904 532
11905 532
11906 532
11907 532
11908 34
11909 34
11910 34
11911 34
11912 525
11913 34
11914 532
11915 34
11916 34
11917 533
11918 34
11919 1165
11920 1168
11921 1357
11922 1357
11923 1357
11924 1357
11925 1357
11926 1357
11927 1357
11928 3
11929 1357
11930 1357
11931 495
11932 164
11933 164
11934 1069
11935 1357
11936 1357
11937 1357
11938 3
11939 1357
11940 1357
11941 1357
11942 1357
11943 1357
11944 1357
11945 1357
11946 1357
11947 1357
11948 1357
11949 1357
11950 495
11951 495
11952 3
11953 1357
11954 1357
11955 1357
11956 1357
11957 1357
11958 1357
11959 1357
11960 1357
11961 1357
11962 1357
11963 1357
11964 1357
11965 1357
11966 495
11967 495
11968 1069
11969 1069
11970 1357
11971 1357
11972 3
11973 3
11974 3
11975 3
11976 3
11977 534
11978 3
11979 3
11980 3
11981 3
11982 3
11983 3
11984 535
11985 1165
11986 3
11987 3
11988 536
11989 536
11990 537
11991 1626
11992 3
11993 3
11994 3
11995 3
11996 3
11997 3
11998 3
11999 1165
12000 749
12001 537
12002 3
12003 3
12004 3
12005 3
12006 164
12007 164
12008 164
12009 164
12010 164
12011 3
12012 3
12013 531
12014 531
12015 522
12016 1357
12017 1357
12018 495
12019 495
12020 1357
12021 538
12022 539
12023 3
12024 3
12025 3
12026 30
12027 3
12028 3
12029 3
12030 3
12031 3
12032 3
12033 3
12034 188
12035 677
12036 3
12037 566
12038 3
12039 1165
12040 3
12041 677
12042 3
12043 3
12044 188
12045 3
12046 540
12047 3
12048 3
12049 3
12050 3
12051 3
12052 3
12053 3
12054 3
12055 542
12056 3
12057 3
12058 3
12059 3
12060 3
12061 3
12062 3
12063 1294
12064 100
12065 765
12066 3
12067 60
12068 495
12069 3
12070 3
12071 3
12072 3
12073 188
12074 164
12075 164
12076 164
12077 1357
12078 1357
12079 495
12080 495
12081 495
12082 495
12083 495
12084 495
12085 495
12086 495
12087 495
12088 495
12089 495
12090 495
12091 495
12092 495
12093 495
12094 495
12095 495
12096 495
12097 495
12098 495
12099 495
12100 495
12101 495
12102 164
12103 495
12104 495
12105 495
12106 495
12107 495
12108 495
12109 495
12110 495
12111 495
12112 495
12113 495
12114 495
12115 495
12116 495
12117 495
12118 495
12119 495
12120 495
12121 495
12122 495
12123 495
12124 164
12125 495
12126 495
12127 495
12128 495
12129 495
12130 3
12131 495
12132 495
12133 3
12134 495
12135 495
12136 495
12137 495
12138 495
12139 495
12140 495
12141 495
12142 495
12143 495
12144 495
12145 543
12146 544
12147 495
12148 495
12149 495
12150 164
12151 495
12152 495
12153 495
12154 495
12155 495
12156 495
12157 495
12158 495
12159 495
12160 495
12161 495
12162 495
12163 495
12164 1168
12165 495
12166 495
12167 495
12168 495
12169 496
12170 495
12171 495
12172 495
12173 495
12174 495
12175 495
12176 495
12177 495
12178 495
12179 495
12180 495
12181 495
12182 545
12183 546
12184 1165
12185 164
12186 164
12187 164
12188 3
12189 3
12190 3
12191 1357
12192 1357
12193 1357
12194 1357
12195 233
12196 164
12197 677
12198 677
12199 1357
12200 1357
12201 1357
12202 233
12203 233
12204 3
12205 547
12206 548
12207 106
12208 233
12209 1168
12210 1168
12211 1168
12212 1168
12213 549
12214 550
12215 233
12216 1168
12217 3
12218 3
12219 3
12220 3
12221 3
12222 3
12223 3
12224 551
12225 3
12226 3
12227 3
12228 3
12229 3
12230 3
12231 3
12232 3
12233 3
12234 3
12235 3
12236 3
12237 3
12238 3
12239 3
12240 552
12241 3
12242 3
12243 1357
12244 1357
12245 1357
12246 1357
12247 3350
12248 1357
12249 1357
12250 1357
12251 3350
12252 1357
12253 3
12254 164
12255 164
12256 1168
12257 1357
12258 1357
12259 1165
12260 164
12261 164
12262 1357
12263 1165
12264 1357
12265 2245
12266 2245
12267 2245
12268 164
12269 164
12270 495
12271 553
12272 554
12273 495
12274 495
12275 1165
12276 164
12277 164
12278 164
12279 164
12280 164
12281 164
12282 164
12283 164
12284 164
12285 164
12286 164
12287 164
12288 164
12289 164
12290 164
12291 164
12292 1357
12293 1357
12294 3
12295 1357
12296 1357
12297 1357
12298 1357
12299 1357
12300 1357
12301 1357
12302 1357
12303 1357
12304 1357
12305 1357
12306 1357
12307 1357
12308 1357
12309 1357
12310 1357
12311 1357
12312 1357
12313 1357
12314 1357
12315 1357
12316 1357
12317 1357
12318 233
12319 1357
12320 1357
12321 1357
12322 1357
12323 1357
12324 1357
12325 3
12326 3
12327 3
12328 1357
12329 1357
12330 3
12331 1357
12332 1357
12333 1357
12334 1357
12335 1357
12336 1357
12337 1357
12338 1357
12339 1357
12340 1357
12341 1168
12342 1357
12343 1357
12344 1357
12345 233
12346 233
12347 1168
12348 233
12349 233
12350 1165
12351 556
12352 3
12353 3
12354 2958
12355 557
12356 557
12357 3
12358 3
12359 3
12360 2958
12361 3
12362 7
12363 3
12364 164
12365 164
12366 164
12367 164
12368 164
12369 164
12370 495
12371 60
12372 164
12373 3
12374 164
12375 164
12376 164
12377 164
12378 164
12379 164
12380 389
12381 3
12382 495
12383 495
12384 495
12385 495
12386 495
12387 495
12388 495
12389 495
12390 495
12391 495
12392 495
12393 495
12394 495
12395 507
12396 507
12397 1165
12398 495
12399 495
12400 495
12401 106
12402 2514
12403 2514
12404 2515
12405 495
12406 495
12407 495
12408 495
12409 1357
12410 495
12411 495
12412 495
12413 495
12414 495
12415 495
12416 1357
12417 495
12418 495
12419 495
12420 1357
12421 495
12422 495
12423 164
12424 495
12425 495
12426 495
12427 495
12428 495
12429 495
12430 495
12431 495
12432 495
12433 495
12434 495
12435 495
12436 495
12437 495
12438 495
12439 495
12440 495
12441 495
12442 495
12443 495
12444 495
12445 495
12446 495
12447 1357
12448 495
12449 495
12450 495
12451 495
12452 495
12453 495
12454 495
12455 495
12456 495
12457 495
12458 495
12459 59
12460 495
12461 495
12462 495
12463 495
12464 495
12465 495
12466 495
12467 495
12468 495
12469 495
12470 495
12471 495
12472 495
12473 495
12474 495
12475 495
12476 495
12477 495
12478 495
12479 1165
12480 495
12481 495
12482 495
12483 495
12484 495
12485 495
12486 495
12487 495
12488 495
12489 495
12490 164
12491 164
12492 495
12493 495
12494 495
12495 495
12496 495
12497 495
12498 495
12499 495
12500 495
12501 495
12502 495
12503 1165
12504 495
12505 495
12506 495
12507 495
12508 495
12509 495
12510 495
12511 495
12512 495
12513 495
12514 495
12515 495
12516 495
12517 495
12518 495
12519 495
12520 495
12521 495
12522 495
12523 495
12524 495
12525 495
12526 495
12527 495
12528 495
12529 495
12530 495
12531 495
12532 2537
12533 495
12534 495
12535 495
12536 495
12537 233
12538 495
12539 495
12540 495
12541 495
12542 495
12543 495
12544 495
12545 495
12546 495
12547 495
12548 495
12549 495
12550 495
12551 495
12552 495
12553 495
12554 164
12555 495
12556 164
12557 495
12558 495
12559 495
12560 495
12561 495
12562 495
12563 495
12564 495
12565 495
12566 495
12567 495
12568 495
12569 495
12570 495
12571 495
12572 495
12573 495
12574 495
12575 495
12576 495
12577 495
12578 495
12579 495
12580 1165
12581 495
12582 558
12583 495
12584 495
12585 495
12586 495
12587 495
12588 495
12589 3
12590 495
12591 495
12592 495
12593 164
12594 495
12595 495
12596 495
12597 495
12598 495
12599 495
12600 495
12601 495
12602 495
12603 495
12604 495
12605 495
12606 495
12607 495
12608 495
12609 495
12610 495
12611 495
12612 495
12613 495
12614 495
12615 495
12616 495
12617 495
12618 495
12619 495
12620 495
12621 495
12622 495
12623 495
12624 495
12625 495
12626 495
12627 495
12628 495
12629 495
12630 495
12631 496
12632 559
12633 495
12634 495
12635 495
12636 164
12637 495
12638 495
12639 495
12640 495
12641 495
12642 495
12643 495
12644 495
12645 495
12646 495
12647 3
12648 495
12649 495
12650 495
12651 495
12652 495
12653 495
12654 495
12655 495
12656 495
12657 495
12658 495
12659 495
12660 495
12661 495
12662 495
12663 495
12664 495
12665 495
12666 495
12667 495
12668 495
12669 495
12670 495
12671 495
12672 495
12673 495
12674 495
12675 495
12676 495
12677 495
12678 495
12679 495
12680 495
12681 495
12682 495
12683 495
12684 495
12685 495
12686 495
12687 1165
12688 495
12689 164
12690 495
12691 233
12692 495
12693 495
12694 495
12695 495
12696 495
12697 495
12698 495
12699 495
12700 1357
12701 495
12702 495
12703 495
12704 495
12705 495
12706 495
12707 495
12708 495
12709 495
12710 495
12711 495
12712 495
12713 495
12714 495
12715 495
12716 495
12717 495
12718 495
12719 495
12720 495
12721 495
12722 495
12723 495
12724 495
12725 560
12726 561
12727 507
12728 495
12729 495
12730 495
12731 495
12732 495
12733 495
12734 495
12735 495
12736 164
12737 495
12738 495
12739 495
12740 960
12741 495
12742 495
12743 495
12744 495
12745 495
12746 495
12747 495
12748 495
12749 495
12750 495
12751 59
12752 495
12753 495
12754 495
12755 495
12756 495
12757 495
12758 495
12759 495
12760 495
12761 495
12762 495
12763 495
12764 495
12765 1165
12766 495
12767 495
12768 495
12769 495
12770 495
12771 495
12772 495
12773 495
12774 1357
12775 495
12776 495
12777 495
12778 495
12779 495
12780 495
12781 495
12782 495
12783 495
12784 495
12785 164
12786 495
12787 495
12788 495
12789 495
12790 495
12791 495
12792 1357
12793 495
12794 495
12795 495
12796 495
12797 1357
12798 495
12799 495
12800 1357
12801 495
12802 495
12803 495
12804 495
12805 495
12806 495
12807 495
12808 495
12809 495
12810 495
12811 495
12812 495
12813 495
12814 495
12815 495
12816 495
12817 495
12818 495
12819 495
12820 495
12821 495
12822 495
12823 495
12824 495
12825 495
12826 495
12827 495
12828 495
12829 495
12830 495
12831 495
12832 495
12833 495
12834 495
12835 495
12836 164
12837 495
12838 495
12839 1357
12840 495
12841 495
12842 495
12843 495
12844 495
12845 495
12846 495
12847 495
12848 495
12849 495
12850 495
12851 495
12852 495
12853 495
12854 495
12855 164
12856 495
12857 495
12858 495
12859 495
12860 495
12861 495
12862 495
12863 495
12864 495
12865 164
12866 164
12867 495
12868 495
12869 495
12870 495
12871 495
12872 495
12873 495
12874 495
12875 495
12876 495
12877 495
12878 495
12879 495
12880 495
12881 495
12882 1357
12883 495
12884 495
12885 1168
12886 1357
12887 495
12888 164
12889 1357
12890 495
12891 495
12892 495
12893 1357
12894 495
12895 495
12896 495
12897 495
12898 495
12899 495
12900 495
12901 1222
12902 1222
12903 495
12904 495
12905 106
12906 1357
12907 1357
12908 164
12909 1357
12910 1357
12911 164
12912 164
12913 164
12914 164
12915 164
12916 164
12917 0
12918 408
12919 562
12920 563
12921 164
12922 564
12923 565
12924 164
12925 164
12926 164
12927 164
12928 1357
12929 164
12930 164
12931 164
12932 164
12933 3058
12934 164
12935 164
12936 164
12937 164
12938 1357
12939 164
12940 164
12941 1357
12942 164
12943 164
12944 164
12945 164
12946 164
12947 164
12948 164
12949 106
12950 164
12951 1168
12952 3
12953 164
12954 1375
12955 164
12956 164
12957 164
12958 164
12959 164
12960 1357
12961 164
12962 1357
12963 164
12964 572
12965 1057
12966 164
12967 164
12968 567
12969 568
12970 164
12971 60
12972 164
12973 164
12974 164
12975 1357
12976 164
12977 164
12978 164
12979 569
12980 570
12981 233
12982 164
12983 164
12984 164
12985 164
12986 164
12987 164
12988 495
12989 164
12990 164
12991 164
12992 164
12993 1168
12994 1168
12995 1168
12996 164
12997 164
12998 164
12999 1168
13000 1168
13001 164
13002 164
13003 164
13004 495
13005 164
13006 164
13007 164
13008 164
13009 164
13010 164
13011 164
13012 164
13013 1057
13014 1357
13015 164
13016 164
13017 164
13018 164
13019 1168
13020 164
13021 164
13022 495
13023 495
13024 164
13025 1357
13026 164
13027 164
13028 1165
13029 164
13030 3
13031 164
13032 164
13033 495
13034 164
13035 164
13036 1057
13037 1057
13038 571
13039 571
13040 164
13041 164
13042 164
13043 164
13044 164
13045 164
13046 164
13047 164
13048 164
13049 572
13050 164
13051 164
13052 164
13053 164
13054 164
13055 164
13056 164
13057 495
13058 495
13059 164
13060 164
13061 495
13062 495
13063 164
13064 164
13065 164
13066 164
13067 164
13068 164
13069 164
13070 495
13071 495
13072 495
13073 495
13074 164
13075 164
13076 1165
13077 1165
13078 1165
13079 1165
13080 1357
13081 233
13082 106
13083 164
13084 2
13085 2
13086 2
13087 2
13088 1165
13089 2
13090 3456
13091 2
13092 495
13093 3323
13094 495
13095 1165
13096 1357
13097 1357
13098 495
13099 495
13100 3834
13101 495
13102 495
13103 495
13104 1357
13105 495
13106 1357
13107 233
13108 3
13109 233
13110 3350
13111 3
13112 3
13113 3350
13114 1168
13115 1168
13116 1168
13117 233
13118 1168
13119 1168
13120 1168
13121 1168
13122 1168
13123 233
13124 233
13125 233
13126 1168
13127 233
13128 1168
13129 1168
13130 1168
13131 3
13132 3
13133 3
13134 3
13135 3
13136 3
13137 3
13138 3
13139 164
13140 164
13141 3
13142 3
13143 3
13144 3
13145 3
13146 3
13147 3
13148 3
13149 3
13150 3
13151 3
13152 3
13153 495
13154 1168
13155 495
13156 1357
13157 3
13158 3
13159 1357
13160 1357
13161 1357
13162 1357
13163 1357
13164 1357
13165 164
13166 3
13167 233
13168 233
13169 164
13170 3
13171 507
13172 3
13173 3
13174 1342
13175 219
13176 3
13177 1341
13178 3
13179 3
13180 3
13181 219
13182 3
13183 3
13184 3
13185 3
13186 3
13187 164
13188 164
13189 164
13190 164
13191 3
13192 164
13193 3
13194 233
13195 1168
13196 1168
13197 1165
13198 1165
13199 1165
13200 1165
13201 1165
13202 1165
13203 1165
13204 1165
13205 1165
13206 1165
13207 1165
13208 1165
13209 106
13210 106
13211 677
13212 677
13213 677
13214 677
13215 106
13216 106
13217 106
13218 106
13219 1357
13220 1168
13221 1357
13222 1357
13223 1357
13224 106
13225 1357
13226 2245
13227 1357
13228 1357
13229 1357
13230 1357
13231 1357
13232 3
13233 6
13234 6
13235 6
13236 3
13237 3
13238 3
13239 3
13240 3
13241 1357
13242 1357
13243 6
13244 1357
13245 1357
13246 164
13247 164
13248 420
13249 420
13250 573
13251 574
13252 421
13253 421
13254 421
13255 575
13256 1168
13257 504
13258 504
13259 504
13260 164
13261 164
13262 164
13263 164
13264 3
13265 576
13266 40
13267 449
13268 7
13269 196
13270 164
13271 164
13272 3630
13273 164
13274 164
13275 164
13276 164
13277 3
13278 164
13279 164
13280 164
13281 164
13282 164
13283 164
13284 164
13285 3631
13286 577
13287 164
13288 164
13289 1357
13290 164
13291 164
13292 164
13293 164
13294 164
13295 164
13296 164
13297 164
13298 164
13299 164
13300 164
13301 164
13302 164
13303 3629
13304 164
13305 164
13306 3630
13307 164
13308 164
13309 164
13310 164
13311 164
13312 3634
13313 164
13314 164
13315 3
13316 164
13317 164
13318 164
13319 164
13320 1165
13321 164
13322 164
13323 164
13324 164
13325 164
13326 164
13327 164
13328 495
13329 1357
13330 3635
13331 164
13332 164
13333 3635
13334 164
13335 164
13336 3637
13337 164
13338 164
13339 164
13340 164
13341 164
13342 164
13343 164
13344 164
13345 164
13346 164
13347 164
13348 164
13349 164
13350 164
13351 3
13352 578
13353 579
13354 580
13355 581
13356 3
13357 3
13358 582
13359 583
13360 584
13361 585
13362 584
13363 584
13364 584
13365 584
13366 6
13367 6
13368 1168
13369 233
13370 164
13371 164
13372 233
13373 233
13374 233
13375 233
13376 233
13377 233
13378 88
13379 586
13380 587
13381 586
13382 588
13383 589
13384 589
13385 589
13386 589
13387 607
13388 607
13389 607
13390 607
13391 607
13392 607
13393 607
13394 607
13395 106
13396 758
13397 1357
13398 1357
13399 106
13400 1357
13401 1357
13402 1357
13403 1357
13404 106
13405 590
13406 106
13407 106
13408 409
13409 1168
13410 1168
13411 2145
13412 409
13413 409
13414 409
13415 409
13416 409
13417 233
13418 590
13419 42
13420 590
13421 590
13422 590
13423 1068
13424 1069
13425 1165
13426 590
13427 590
13428 42
13429 590
13430 590
13431 590
13432 2177
13433 0
13434 0
13435 0
13436 0
13437 0
13438 0
13439 0
13440 0
13441 0
13442 0
13443 0
13444 112
13445 0
13446 0
13447 0
13448 184
13449 0
13450 0
13451 10
13452 0
13453 0
13454 0
13455 0
13456 0
13457 0
13458 0
13459 592
13460 0
13461 352
13462 0
13463 0
13464 0
13465 0
13466 0
13467 0
13468 3
13469 3
13470 0
13471 0
13472 0
13473 0
13474 1165
13475 1165
13476 0
13477 0
13478 0
13479 916
13480 0
13481 0
13482 0
13483 0
13484 0
13485 0
13486 3833
13487 3835
13488 0
13489 0
13490 0
13491 0
13492 0
13493 352
13494 0
13495 0
13496 0
13497 0
13498 0
13499 0
13500 0
13501 184
13502 0
13503 0
13504 0
13505 0
13506 1168
13507 0
13508 0
13509 0
13510 0
13511 0
13512 0
13513 0
13514 0
13515 0
13516 0
13517 0
13518 0
13519 0
13520 0
13521 0
13522 0
13523 0
13524 0
13525 0
13526 0
13527 0
13528 0
13529 0
13530 181
13531 0
13532 0
13533 0
13534 0
13535 591
13536 592
13537 593
13538 0
13539 0
13540 0
13541 0
13542 0
13543 0
13544 7
13545 0
13546 0
13547 0
13548 0
13549 3
13550 0
13551 0
13552 0
13553 0
13554 0
13555 181
13556 0
13557 0
13558 0
13559 233
13560 0
13561 0
13562 0
13563 0
13564 0
13565 0
13566 0
13567 0
13568 233
13569 233
13570 233
13571 233
13572 233
13573 233
13574 233
13575 594
13576 595
13577 596
13578 597
13579 164
13580 164
13581 164
13582 1165
13583 1165
13584 1165
13585 1165
13586 598
13587 599
13588 600
13589 600
13590 600
13591 600
13592 600
13593 601
13594 602
13595 603
13596 604
13597 1357
13598 1357
13599 1357
13600 1357
13601 1357
13602 1357
13603 1357
13604 1357
13605 1357
13606 1357
13607 1357
13608 1357
13609 1357
13610 1357
13611 1357
13612 1357
13613 1357
13614 1357
13615 1357
13616 1357
13617 1357
13618 1357
13619 1357
13620 1357
13621 1357
13622 1357
13623 1357
13624 1357
13625 605
13626 606
13627 2
13628 181
13629 607
13630 607
13631 106
13632 607
13633 59
13634 3020
13635 129
13636 607
13637 0
13638 607
13639 88
13640 29
13641 608
13642 609
13643 610
13644 611
13645 3
13646 3
13647 612
13648 613
13649 614
13650 615
13651 3
13652 3
13653 616
13654 617
13655 3
13656 1367
13657 3
13658 233
13659 233
13660 106
13661 106
13662 233
13663 233
13664 233
13665 1168
13666 1168
13667 233
13668 233
13669 444
13670 444
13671 1616
13672 3
13673 3
13674 3
13675 3
13676 3
13677 3
13678 3
13679 3350
13680 3
13681 1357
13682 1357
13683 1357
13684 3350
13685 233
13686 233
13687 233
13688 233
13689 233
13690 233
13691 233
13692 233
13693 2498
13694 618
13695 233
13696 233
13697 495
13698 233
13699 1168
13700 233
13701 233
13702 233
13703 233
13704 233
13705 1937
13706 1937
13707 1940
13708 164
13709 164
13710 233
13711 233
13712 233
13713 677
13714 677
13715 677
13716 677
13717 233
13718 233
13719 233
13720 233
13721 233
13722 233
13723 363
13724 3
13725 233
13726 233
13727 233
13728 1165
13729 619
13730 620
13731 233
13732 233
13733 1357
13734 1168
13735 233
13736 1168
13737 1168
13738 1168
13739 1168
13740 621
13741 1168
13742 233
13743 233
13744 233
13745 1168
13746 233
13747 233
13748 233
13749 1168
13750 1357
13751 1168
13752 233
13753 1168
13754 1168
13755 1168
13756 164
13757 1168
13758 233
13759 1168
13760 233
13761 164
13762 1168
13763 1168
13764 233
13765 1168
13766 233
13767 1168
13768 1168
13769 233
13770 233
13771 1168
13772 1168
13773 1168
13774 1168
13775 622
13776 623
13777 1168
13778 1168
13779 233
13780 233
13781 1168
13782 1168
13783 1168
13784 3
13785 233
13786 1168
13787 233
13788 1168
13789 624
13790 625
13791 1869
13792 1168
13793 1168
13794 233
13795 626
13796 1357
13797 164
13798 1168
13799 1168
13800 1168
13801 233
13802 233
13803 1168
13804 1168
13805 233
13806 1168
13807 1168
13808 627
13809 628
13810 1869
13811 629
13812 233
13813 1168
13814 1168
13815 3
13816 1168
13817 1168
13818 630
13819 631
13820 164
13821 164
13822 1168
13823 1168
13824 632
13825 633
13826 634
13827 635
13828 1168
13829 636
13830 637
13831 1168
13832 1168
13833 1168
13834 233
13835 1168
13836 1168
13837 1168
13838 638
13839 1168
13840 1168
13841 1168
13842 233
13843 1168
13844 1168
13845 1168
13846 1168
13847 1168
13848 1168
13849 1168
13850 1168
13851 1168
13852 1168
13853 1168
13854 1168
13855 233
13856 1168
13857 233
13858 1168
13859 1168
13860 1168
13861 233
13862 1168
13863 1168
13864 164
13865 3
13866 639
13867 3
13868 640
13869 641
13870 643
13871 3
13872 3
13873 3
13874 3
13875 3
13876 3
13877 3
13878 3
13879 3296
13880 394
13881 394
13882 3
13883 1165
13884 3294
13885 3
13886 642
13887 3
13888 394
13889 3
13890 643
13891 644
13892 3
13893 3
13894 1078
13895 3
13896 645
13897 3
13898 639
13899 3296
13900 677
13901 677
13902 677
13903 3
13904 1168
13905 233
13906 233
13907 646
13908 647
13909 495
13910 648
13911 649
13912 650
13913 650
13914 164
13915 495
13916 495
13917 495
13918 495
13919 495
13920 3
13921 3
13922 3
13923 3
13924 3
13925 3
13926 3
13927 3
13928 3
13929 3
13930 3
13931 3
13932 3
13933 3
13934 3
13935 3
13936 3
13937 3
13938 233
13939 650
13940 650
13941 3
13942 3
13943 3
13944 3
13945 3
13946 3635
13947 3
13948 3
13949 3
13950 3
13951 3
13952 3
13953 3
13954 3
13955 3
13956 3
13957 3
13958 651
13959 652
13960 445
13961 164
13962 164
13963 164
13964 164
13965 1165
13966 1165
13967 1165
13968 1165
13969 1165
13970 1165
13971 3
13972 3
13973 3
13974 3
13975 3
13976 3
13977 3
13978 3
13979 3
13980 3
13981 3
13982 3
13983 3
13984 3
13985 3
13986 3
13987 1646
13988 3
13989 3
13990 3
13991 3
13992 3
13993 3
13994 3
13995 3
13996 3
13997 3
13998 3
13999 3
14000 3
14001 3
14002 3
14003 3
14004 3
14005 3
14006 3
14007 3
14008 3
14009 3
14010 1357
14011 1357
14012 1357
14013 1357
14014 1357
14015 1357
14016 1357
14017 1357
14018 1357
14019 1357
14020 1357
14021 3
14022 1357
14023 1357
14024 106
14025 106
14026 164
14027 164
14028 164
14029 1357
14030 1357
14031 1357
14032 1357
14033 1357
14034 1168
14035 1357
14036 1165
14037 164
14038 164
14039 1165
14040 164
14041 106
14042 106
14043 106
14044 1357
14045 1357
14046 3017
14047 1357
14048 1357
14049 1357
14050 1357
14051 1357
14052 164
14053 164
14054 1357
14055 1357
14056 1357
14057 1357
14058 1357
14059 1357
14060 1357
14061 1357
14062 1357
14063 1357
14064 1357
14065 1357
14066 1357
14067 164
14068 1357
14069 1357
14070 1357
14071 1357
14072 1357
14073 164
14074 1168
14075 164
14076 677
14077 106
14078 106
14079 106
14080 106
14081 677
14082 677
14083 106
14084 106
14085 106
14086 106
14087 677
14088 677
14089 677
14090 106
14091 677
14092 677
14093 677
14094 106
14095 106
14096 233
14097 3
14098 677
14099 677
14100 677
14101 106
14102 3
14103 106
14104 3
14105 164
14106 106
14107 677
14108 677
14109 677
14110 677
14111 106
14112 106
14113 1357
14114 671
14115 3331
14116 3
14117 3
14118 3
14119 653
14120 3
14121 656
14122 654
14123 656
14124 3
14125 3
14126 3
14127 3
14128 3
14129 3
14130 3
14131 6
14132 3
14133 3
14134 3
14135 1357
14136 3
14137 3
14138 3
14139 671
14140 3
14141 3
14142 3326
14143 3
14144 3
14145 3
14146 3
14147 3
14148 3
14149 654
14150 3
14151 3
14152 3
14153 3
14154 3
14155 3
14156 3
14157 3
14158 3
14159 3
14160 3
14161 233
14162 3
14163 3
14164 3
14165 3
14166 3
14167 3324
14168 3
14169 3
14170 3
14171 3
14172 106
14173 3
14174 3
14175 3
14176 121
14177 3
14178 233
14179 3
14180 3
14181 3
14182 3
14183 3
14184 3
14185 3
14186 3
14187 3
14188 667
14189 668
14190 3
14191 3
14192 3
14193 1069
14194 3
14195 3
14196 669
14197 3
14198 656
14199 654
14200 3
14201 3
14202 3
14203 3
14204 3
14205 3
14206 3
14207 3
14208 187
14209 657
14210 658
14211 659
14212 3
14213 3
14214 3
14215 3
14216 3
14217 3
14218 3
14219 1168
14220 1357
14221 3
14222 1165
14223 1357
14224 3
14225 3
14226 3
14227 3
14228 3
14229 3
14230 3
14231 3
14232 1357
14233 3
14234 3
14235 3
14236 3
14237 3
14238 3
14239 106
14240 3
14241 1357
14242 3
14243 3
14244 3
14245 3
14246 3
14247 3
14248 3
14249 3
14250 6
14251 3
14252 3
14253 3350
14254 3
14255 3
14256 3
14257 3
14258 3
14259 655
14260 3330
14261 660
14262 3
14263 233
14264 3
14265 3
14266 3
14267 3
14268 1168
14269 3
14270 3
14271 661
14272 3
14273 2245
14274 1357
14275 3
14276 3
14277 3
14278 2252
14279 3
14280 297
14281 3
14282 3
14283 3
14284 3
14285 3331
14286 233
14287 3
14288 3
14289 3
14290 3
14291 3
14292 1168
14293 3
14294 662
14295 3333
14296 3333
14297 3
14298 0
14299 3
14300 3
14301 3
14302 663
14303 664
14304 3
14305 3
14306 3
14307 3
14308 3
14309 1165
14310 3
14311 3
14312 3
14313 3
14314 3
14315 3
14316 665
14317 666
14318 3
14319 3
14320 3
14321 3
14322 1357
14323 3
14324 3
14325 3
14326 3
14327 394
14328 492
14329 3
14330 3
14331 3
14332 3
14333 3
14334 3
14335 2245
14336 3
14337 3
14338 3322
14339 667
14340 668
14341 3
14342 3
14343 3
14344 3
14345 2016
14346 3
14347 3
14348 3
14349 3
14350 3
14351 1168
14352 178
14353 6
14354 3
14355 3
14356 1357
14357 351
14358 1165
14359 3
14360 3
14361 1165
14362 3
14363 3
14364 3
14365 3
14366 3
14367 667
14368 3
14369 3
14370 1357
14371 3
14372 3
14373 3
14374 3
14375 3
14376 3
14377 3
14378 3
14379 3
14380 3
14381 1168
14382 3
14383 3
14384 3
14385 3
14386 1165
14387 3
14388 1357
14389 3
14390 3
14391 3
14392 3350
14393 3
14394 3
14395 3
14396 3
14397 3
14398 187
14399 3
14400 3
14401 3
14402 3
14403 3
14404 3
14405 3
14406 3
14407 3
14408 3
14409 3
14410 3
14411 3
14412 30
14413 669
14414 670
14415 3
14416 3
14417 3
14418 3
14419 3
14420 1357
14421 3
14422 3
14423 671
14424 672
14425 3
14426 6
14427 3
14428 3
14429 3
14430 3
14431 3
14432 3
14433 106
14434 106
14435 233
14436 233
14437 3
14438 3
14439 3
14440 3
14441 3
14442 1165
14443 1357
14444 3
14445 672
14446 3333
14447 3
14448 3
14449 3
14450 3
14451 3
14452 6
14453 3
14454 3
14455 3
14456 3
14457 3
14458 3
14459 3
14460 3
14461 3
14462 233
14463 3
14464 233
14465 3
14466 3
14467 3
14468 3
14469 3
14470 1357
14471 3
14472 3
14473 3
14474 3
14475 3
14476 3
14477 3
14478 3
14479 3
14480 3
14481 3
14482 3
14483 3
14484 3
14485 3
14486 3
14487 3
14488 3
14489 3
14490 3
14491 121
14492 3
14493 3
14494 3
14495 3
14496 3
14497 3
14498 3
14499 1357
14500 3
14501 673
14502 106
14503 3
14504 3
14505 3
14506 3
14507 3
14508 3
14509 3
14510 3
14511 3
14512 3
14513 3
14514 1168
14515 3
14516 3
14517 1357
14518 3
14519 3
14520 3
14521 3
14522 3
14523 674
14524 677
14525 3
14526 3350
14527 3323
14528 1843
14529 3
14530 3
14531 3
14532 1168
14533 3
14534 3
14535 3
14536 3
14537 3
14538 3
14539 3
14540 3
14541 3
14542 3
14543 3
14544 164
14545 3
14546 3
14547 1357
14548 3
14549 3
14550 1165
14551 1165
14552 3
14553 3
14554 3
14555 3
14556 106
14557 1168
14558 3
14559 495
14560 3
14561 1168
14562 1168
14563 1168
14564 675
14565 676
14566 351
14567 3
14568 1357
14569 233
14570 1168
14571 233
14572 495
14573 1357
14574 495
14575 495
14576 233
14577 1357
14578 495
14579 164
14580 164
14581 1165
14582 3
14583 1357
14584 1357
14585 1357
14586 1168
14587 1357
14588 0
14589 1357
14590 3020
14591 1357
14592 1357
14593 1357
14594 1069
14595 1168
14596 1357
14597 1357
14598 2022
14599 1357
14600 1357
14601 3020
14602 1069
14603 4065
14604 1357
14605 1357
14606 3350
14607 1357
14608 1357
14609 1357
14610 1357
14611 3
14612 3
14613 1357
14614 1357
14615 1357
14616 1357
14617 1357
14618 1357
14619 1357
14620 852
14621 1357
14622 1168
14623 1357
14624 1357
14625 1168
14626 3
14627 1357
14628 1357
14629 233
14630 233
14631 233
14632 495
14633 495
14634 0
14635 0
14636 0
14637 677
14638 0
14639 0
14640 0
14641 678
14642 679
14643 0
14644 0
14645 0
14646 106
14647 0
14648 0
14649 0
14650 0
14651 495
14652 106
14653 233
14654 3
14655 1357
14656 3
14657 3
14658 3
14659 3
14660 3
14661 3
14662 3
14663 3
14664 3
14665 3
14666 3
14667 3
14668 3
14669 1357
14670 1357
14671 1357
14672 1357
14673 3
14674 3
14675 3
14676 83
14677 3
14678 3
14679 3
14680 3
14681 3
14682 3
14683 3
14684 3
14685 3
14686 2958
14687 3
14688 1168
14689 1357
14690 164
14691 164
14692 164
14693 164
14694 729
14695 164
14696 680
14697 449
14698 449
14699 680
14700 3
14701 681
14702 680
14703 3769
14704 3769
14705 3
14706 3
14707 3
14708 3
14709 3
14710 3
14711 3
14712 3
14713 3
14714 3
14715 3
14716 3
14717 3
14718 3
14719 3
14720 3
14721 3
14722 3
14723 3
14724 682
14725 683
14726 3
14727 3
14728 3
14729 3
14730 3
14731 3
14732 3
14733 3
14734 684
14735 685
14736 3
14737 3
14738 3779
14739 436
14740 436
14741 1357
14742 0
14743 233
14744 233
14745 233
14746 686
14747 687
14748 3
14749 3
14750 1357
14751 1357
14752 1357
14753 40
14754 40
14755 40
14756 40
14757 40
14758 40
14759 40
14760 1357
14761 1357
14762 1357
14763 1357
14764 139
14765 525
14766 525
14767 525
14768 1165
14769 525
14770 525
14771 525
14772 525
14773 525
14774 525
14775 525
14776 525
14777 525
14778 532
14779 688
14780 532
14781 532
14782 688
14783 532
14784 532
14785 532
14786 532
14787 689
14788 690
14789 532
14790 532
14791 532
14792 532
14793 532
14794 532
14795 532
14796 532
14797 532
14798 1357
14799 1357
14800 1357
14801 1357
14802 1357
14803 691
14804 1357
14805 677
14806 1357
14807 1357
14808 1357
14809 1357
14810 1357
14811 1357
14812 1357
14813 164
14814 164
14815 164
14816 1357
14817 677
14818 106
14819 677
14820 164
14821 1357
14822 1357
14823 1165
14824 1357
14825 1357
14826 692
14827 2958
14828 190
14829 1165
14830 233
14831 1165
14832 1165
14833 1165
14834 1165
14835 1165
14836 1165
14837 1165
14838 1165
14839 1165
14840 1165
14841 1165
14842 764
14843 764
14844 764
14845 764
14846 1165
14847 1165
14848 693
14849 694
14850 696
14851 695
14852 695
14853 696
14854 696
14855 697
14856 698
14857 699
14858 700
14859 446
14860 477
14861 446
14862 703
14863 233
14864 233
14865 233
14866 233
14867 233
14868 233
14869 233
14870 233
14871 233
14872 1168
14873 701
14874 233
14875 1168
14876 233
14877 1364
14878 712
14879 708
14880 233
14881 1168
14882 233
14883 1168
14884 1168
14885 233
14886 1168
14887 1168
14888 233
14889 709
14890 1168
14891 1168
14892 1168
14893 3423
14894 3423
14895 709
14896 1357
14897 1168
14898 1168
14899 1168
14900 1168
14901 233
14902 1108
14903 233
14904 1168
14905 1168
14906 1168
14907 233
14908 233
14909 233
14910 1168
14911 1168
14912 1168
14913 1168
14914 1168
14915 1168
14916 1168
14917 702
14918 1168
14919 1168
14920 1168
14921 233
14922 1168
14923 1168
14924 1168
14925 1102
14926 1168
14927 1168
14928 1168
14929 1168
14930 1102
14931 1168
14932 1168
14933 1168
14934 233
14935 1168
14936 1168
14937 233
14938 1168
14939 1168
14940 1168
14941 233
14942 233
14943 704
14944 1168
14945 1168
14946 233
14947 1168
14948 1168
14949 1168
14950 704
14951 1222
14952 704
14953 1168
14954 1168
14955 1168
14956 1168
14957 233
14958 233
14959 233
14960 233
14961 1168
14962 233
14963 705
14964 233
14965 706
14966 707
14967 1168
14968 1168
14969 1168
14970 1168
14971 1168
14972 1168
14973 1168
14974 709
14975 1102
14976 1102
14977 1102
14978 1102
14979 1168
14980 233
14981 1168
14982 1168
14983 233
14984 1165
14985 1102
14986 1168
14987 495
14988 1102
14989 1168
14990 1108
14991 1168
14992 1168
14993 1168
14994 708
14995 708
14996 708
14997 708
14998 1168
14999 3401
15000 1168
15001 164
15002 19
15003 3423
15004 3423
15005 495
15006 1168
15007 1168
15008 1168
15009 3424
15010 3424
15011 3424
15012 1168
15013 233
15014 1168
15015 1168
15016 1168
15017 3036
15018 1168
15019 1168
15020 1168
15021 233
15022 233
15023 1168
15024 233
15025 710
15026 711
15027 703
15028 1168
15029 1168
15030 1168
15031 1168
15032 1168
15033 1168
15034 1168
15035 1168
15036 1168
15037 1168
15038 1168
15039 1168
15040 1168
15041 703
15042 1168
15043 495
15044 196
15045 233
15046 233
15047 709
15048 1168
15049 703
15050 1168
15051 1168
15052 1168
15053 1168
15054 712
15055 409
15056 129
15057 1168
15058 1168
15059 702
15060 702
15061 1168
15062 1168
15063 233
15064 19
15065 19
15066 19
15067 1168
15068 1168
15069 3423
15070 1168
15071 233
15072 1168
15073 1168
15074 1168
15075 1168
15076 1168
15077 1168
15078 233
15079 1168
15080 30
15081 233
15082 702
15083 703
15084 1168
15085 1168
15086 1168
15087 233
15088 1168
15089 1168
15090 703
15091 703
15092 1102
15093 1168
15094 187
15095 187
15096 1168
15097 706
15098 1168
15099 713
15100 714
15101 233
15102 1168
15103 715
15104 1102
15105 1102
15106 1168
15107 1168
15108 1168
15109 1168
15110 1168
15111 1168
15112 1102
15113 1168
15114 1102
15115 1168
15116 1168
15117 716
15118 717
15119 1102
15120 1102
15121 1102
15122 1102
15123 1168
15124 1168
15125 1168
15126 1168
15127 1168
15128 1168
15129 1168
15130 1168
15131 703
15132 1168
15133 1168
15134 1168
15135 233
15136 1168
15137 1168
15138 1168
15139 1168
15140 445
15141 233
15142 233
15143 233
15144 233
15145 233
15146 1165
15147 233
15148 233
15149 233
15150 233
15151 695
15152 233
15153 233
15154 233
15155 233
15156 233
15157 233
15158 233
15159 233
15160 718
15161 719
15162 164
15163 164
15164 164
15165 164
15166 164
15167 164
15168 164
15169 164
15170 164
15171 164
15172 164
15173 1168
15174 1168
15175 1168
15176 3
15177 1168
15178 1168
15179 1168
15180 1168
15181 1168
15182 1168
15183 164
15184 233
15185 3
15186 233
15187 233
15188 164
15189 1168
15190 1168
15191 1168
15192 720
15193 721
15194 1357
15195 1357
15196 233
15197 1102
15198 703
15199 1357
15200 233
15201 233
15202 1168
15203 1168
15204 1168
15205 1168
15206 1168
15207 233
15208 495
15209 495
15210 106
15211 106
15212 233
15213 233
15214 233
15215 233
15216 233
15217 233
15218 164
15219 164
15220 164
15221 164
15222 164
15223 1168
15224 3
15225 3
15226 1357
15227 233
15228 233
15229 164
15230 722
15231 3086
15232 722
15233 722
15234 3086
15235 164
15236 723
15237 724
15238 164
15239 3086
15240 722
15241 722
15242 164
15243 164
15244 164
15245 729
15246 729
15247 729
15248 729
15249 729
15250 164
15251 164
15252 164
15253 164
15254 164
15255 164
15256 495
15257 725
15258 726
15259 164
15260 22
15261 164
15262 729
15263 164
15264 727
15265 728
15266 164
15267 742
15268 164
15269 164
15270 164
15271 164
15272 728
15273 164
15274 164
15275 729
15276 164
15277 164
15278 164
15279 736
15280 736
15281 736
15282 736
15283 164
15284 164
15285 164
15286 233
15287 164
15288 164
15289 164
15290 164
15291 164
15292 164
15293 729
15294 164
15295 164
15296 164
15297 1357
15298 736
15299 164
15300 736
15301 164
15302 164
15303 164
15304 164
15305 164
15306 164
15307 730
15308 731
15309 164
15310 164
15311 164
15312 164
15313 164
15314 164
15315 164
15316 164
15317 732
15318 733
15319 164
15320 164
15321 164
15322 164
15323 20
15324 736
15325 734
15326 735
15327 164
15328 164
15329 164
15330 3065
15331 736
15332 736
15333 736
15334 164
15335 164
15336 164
15337 164
15338 729
15339 164
15340 1165
15341 164
15342 164
15343 164
15344 164
15345 164
15346 164
15347 164
15348 164
15349 164
15350 164
15351 164
15352 164
15353 164
15354 164
15355 164
15356 164
15357 164
15358 164
15359 164
15360 164
15361 164
15362 729
15363 736
15364 737
15365 738
15366 729
15367 164
15368 164
15369 164
15370 164
15371 164
15372 164
15373 164
15374 164
15375 22
15376 164
15377 164
15378 164
15379 736
15380 736
15381 739
15382 742
15383 3
15384 164
15385 164
15386 3068
15387 164
15388 164
15389 164
15390 164
15391 164
15392 164
15393 164
15394 164
15395 1165
15396 164
15397 164
15398 164
15399 164
15400 740
15401 741
15402 164
15403 742
15404 164
15405 164
15406 164
15407 164
15408 164
15409 164
15410 164
15411 164
15412 164
15413 164
15414 164
15415 164
15416 164
15417 729
15418 164
15419 164
15420 164
15421 164
15422 164
15423 164
15424 164
15425 164
15426 164
15427 164
15428 164
15429 164
15430 164
15431 164
15432 164
15433 1165
15434 164
15435 164
15436 20
15437 164
15438 722
15439 722
15440 164
15441 164
15442 188
15443 164
15444 1165
15445 164
15446 164
15447 164
15448 164
15449 164
15450 164
15451 164
15452 164
15453 106
15454 164
15455 164
15456 729
15457 164
15458 164
15459 164
15460 164
15461 164
15462 1357
15463 164
15464 106
15465 736
15466 736
15467 736
15468 736
15469 736
15470 164
15471 164
15472 164
15473 164
15474 495
15475 164
15476 1165
15477 164
15478 729
15479 729
15480 729
15481 164
15482 164
15483 164
15484 164
15485 164
15486 164
15487 164
15488 743
15489 744
15490 745
15491 746
15492 164
15493 164
15494 164
15495 164
15496 164
15497 164
15498 736
15499 164
15500 747
15501 748
15502 164
15503 164
15504 164
15505 164
15506 3086
15507 3086
15508 164
15509 164
15510 164
15511 164
15512 2116
15513 2116
15514 164
15515 164
15516 164
15517 164
15518 164
15519 164
15520 164
15521 164
15522 3086
15523 3086
15524 3086
15525 3086
15526 164
15527 164
15528 164
15529 164
15530 164
15531 164
15532 164
15533 20
15534 20
15535 1165
15536 164
15537 164
15538 164
15539 164
15540 164
15541 164
15542 164
15543 164
15544 164
15545 164
15546 164
15547 164
15548 164
15549 164
15550 164
15551 164
15552 729
15553 164
15554 164
15555 728
15556 728
15557 728
15558 164
15559 164
15560 164
15561 164
15562 164
15563 164
15564 164
15565 736
15566 736
15567 736
15568 728
15569 164
15570 164
15571 164
15572 164
15573 1108
15574 164
15575 164
15576 164
15577 164
15578 164
15579 1168
15580 164
15581 164
15582 164
15583 164
15584 164
15585 164
15586 164
15587 164
15588 164
15589 164
15590 164
15591 164
15592 164
15593 1165
15594 3143
15595 164
15596 164
15597 164
15598 164
15599 164
15600 164
15601 1165
15602 164
15603 164
15604 164
15605 164
15606 164
15607 729
15608 729
15609 164
15610 164
15611 728
15612 164
15613 164
15614 164
15615 164
15616 164
15617 164
15618 164
15619 164
15620 1165
15621 749
15622 164
15623 3
15624 164
15625 164
15626 164
15627 164
15628 164
15629 1165
15630 164
15631 736
15632 164
15633 164
15634 164
15635 164
15636 164
15637 164
15638 164
15639 1233
15640 1233
15641 1233
15642 1233
15643 164
15644 164
15645 164
15646 164
15647 164
15648 164
15649 164
15650 164
15651 164
15652 164
15653 164
15654 164
15655 164
15656 164
15657 729
15658 164
15659 164
15660 164
15661 164
15662 164
15663 164
15664 164
15665 495
15666 495
15667 164
15668 729
15669 164
15670 164
15671 164
15672 750
15673 750
15674 751
15675 164
15676 164
15677 164
15678 106
15679 1591
15680 164
15681 164
15682 164
15683 495
15684 495
15685 495
15686 495
15687 495
15688 495
15689 106
15690 495
15691 495
15692 495
15693 495
15694 495
15695 495
15696 495
15697 495
15698 495
15699 495
15700 495
15701 495
15702 495
15703 495
15704 495
15705 1165
15706 495
15707 495
15708 106
15709 495
15710 495
15711 495
15712 495
15713 495
15714 495
15715 495
15716 495
15717 495
15718 164
15719 495
15720 495
15721 495
15722 495
15723 495
15724 495
15725 495
15726 495
15727 495
15728 59
15729 495
15730 495
15731 495
15732 495
15733 495
15734 495
15735 495
15736 233
15737 495
15738 495
15739 495
15740 495
15741 495
15742 495
15743 495
15744 164
15745 495
15746 495
15747 495
15748 495
15749 495
15750 495
15751 495
15752 495
15753 495
15754 120
15755 495
15756 495
15757 495
15758 495
15759 495
15760 495
15761 495
15762 495
15763 495
15764 495
15765 495
15766 495
15767 495
15768 495
15769 495
15770 495
15771 495
15772 495
15773 495
15774 495
15775 495
15776 495
15777 495
15778 495
15779 495
15780 495
15781 495
15782 495
15783 495
15784 495
15785 495
15786 495
15787 495
15788 495
15789 495
15790 495
15791 495
15792 1165
15793 495
15794 495
15795 495
15796 495
15797 495
15798 495
15799 495
15800 495
15801 495
15802 495
15803 495
15804 495
15805 495
15806 495
15807 495
15808 752
15809 753
15810 495
15811 495
15812 495
15813 495
15814 189
15815 189
15816 189
15817 495
15818 495
15819 1357
15820 495
15821 495
15822 495
15823 495
15824 495
15825 495
15826 1165
15827 495
15828 495
15829 495
15830 495
15831 495
15832 495
15833 495
15834 495
15835 495
15836 495
15837 1357
15838 495
15839 495
15840 495
15841 495
15842 495
15843 495
15844 495
15845 495
15846 495
15847 495
15848 495
15849 495
15850 495
15851 754
15852 755
15853 495
15854 495
15855 495
15856 495
15857 495
15858 495
15859 495
15860 495
15861 495
15862 495
15863 495
15864 495
15865 495
15866 495
15867 495
15868 495
15869 495
15870 495
15871 495
15872 495
15873 495
15874 495
15875 495
15876 495
15877 495
15878 495
15879 495
15880 495
15881 495
15882 495
15883 495
15884 495
15885 495
15886 495
15887 495
15888 495
15889 495
15890 495
15891 495
15892 495
15893 495
15894 495
15895 495
15896 495
15897 495
15898 495
15899 495
15900 495
15901 2596
15902 3
15903 495
15904 495
15905 495
15906 1165
15907 495
15908 495
15909 495
15910 495
15911 495
15912 1165
15913 1165
15914 106
15915 106
15916 106
15917 164
15918 164
15919 106
15920 233
15921 233
15922 233
15923 233
15924 1357
15925 1357
15926 106
15927 3
15928 106
15929 233
15930 233
15931 233
15932 1357
15933 233
15934 233
15935 233
15936 1357
15937 3
15938 3
15939 3
15940 3
15941 1357
15942 1357
15943 1357
15944 1357
15945 233
15946 1357
15947 1357
15948 164
15949 1357
15950 1357
15951 1357
15952 1357
15953 1357
15954 1357
15955 1357
15956 1357
15957 1357
15958 1357
15959 1357
15960 1357
15961 1357
15962 1357
15963 1357
15964 1357
15965 1357
15966 1357
15967 1357
15968 1357
15969 1357
15970 1357
15971 1357
15972 1357
15973 1357
15974 1357
15975 1357
15976 1357
15977 1357
15978 1357
15979 1357
15980 1357
15981 267
15982 1357
15983 1357
15984 1357
15985 164
15986 1357
15987 1357
15988 1357
15989 1357
15990 1357
15991 1357
15992 1357
15993 1357
15994 1357
15995 164
15996 164
15997 164
15998 164
15999 164
16000 164
16001 164
16002 164
16003 164
16004 164
16005 164
16006 164
16007 233
16008 233
16009 233
16010 233
16011 233
16012 1168
16013 233
16014 1168
16015 233
16016 164
16017 3859
16018 1193
16019 1168
16020 1168
16021 1168
16022 233
16023 233
16024 233
16025 3
16026 1168
16027 756
16028 757
16029 3
16030 1168
16031 0
16032 0
16033 0
16034 3
16035 249
16036 1168
16037 233
16038 233
16039 1168
16040 3859
16041 233
16042 1168
16043 1168
16044 3
16045 1168
16046 3
16047 3
16048 1168
16049 1168
16050 0
16051 1168
16052 1168
16053 1168
16054 1168
16055 1357
16056 1168
16057 1168
16058 233
16059 233
16060 233
16061 1108
16062 0
16063 0
16064 0
16065 0
16066 1168
16067 1168
16068 0
16069 0
16070 1168
16071 3
16072 233
16073 1168
16074 1825
16075 233
16076 233
16077 233
16078 3
16079 1168
16080 1357
16081 1357
16082 164
16083 1168
16084 1168
16085 1168
16086 1168
16087 164
16088 164
16089 164
16090 164
16091 164
16092 759
16093 760
16094 164
16095 106
16096 164
16097 106
16098 1168
16099 106
16100 677
16101 106
16102 2263
16103 2263
16104 2263
16105 2263
16106 106
16107 106
16108 106
16109 761
16110 106
16111 106
16112 106
16113 106
16114 106
16115 106
16116 1669
16117 106
16118 106
16119 106
16120 106
16121 106
16122 106
16123 106
16124 106
16125 106
16126 677
16127 677
16128 677
16129 677
16130 677
16131 106
16132 106
16133 106
16134 106
16135 106
16136 106
16137 106
16138 106
16139 2263
16140 106
16141 2263
16142 106
16143 106
16144 106
16145 106
16146 106
16147 106
16148 106
16149 106
16150 106
16151 2263
16152 106
16153 106
16154 106
16155 106
16156 106
16157 3
16158 106
16159 233
16160 233
16161 106
16162 2263
16163 677
16164 106
16165 106
16166 762
16167 763
16168 1669
16169 106
16170 677
16171 677
16172 677
16173 106
16174 106
16175 106
16176 106
16177 106
16178 677
16179 677
16180 121
16181 106
16182 106
16183 2263
16184 106
16185 677
16186 677
16187 677
16188 677
16189 106
16190 677
16191 1168
16192 1168
16193 1168
16194 1168
16195 1357
16196 1168
16197 1168
16198 1168
16199 1168
16200 1168
16201 765
16202 765
16203 765
16204 765
16205 765
16206 765
16207 765
16208 765
16209 765
16210 765
16211 765
16212 765
16213 765
16214 765
16215 765
16216 765
16217 765
16218 765
16219 765
16220 765
16221 765
16222 765
16223 765
16224 765
16225 765
16226 765
16227 765
16228 765
16229 765
16230 765
16231 765
16232 765
16233 765
16234 765
16235 765
16236 765
16237 765
16238 765
16239 765
16240 765
16241 765
16242 765
16243 765
16244 765
16245 765
16246 765
16247 765
16248 765
16249 765
16250 765
16251 765
16252 765
16253 765
16254 765
16255 765
16256 765
16257 765
16258 765
16259 765
16260 765
16261 765
16262 765
16263 764
16264 764
16265 764
16266 765
16267 765
16268 765
16269 765
16270 765
16271 765
16272 765
16273 765
16274 765
16275 765
16276 765
16277 765
16278 765
16279 765
16280 765
16281 765
16282 765
16283 765
16284 765
16285 765
16286 765
16287 765
16288 785
16289 765
16290 765
16291 765
16292 765
16293 765
16294 765
16295 765
16296 764
16297 765
16298 765
16299 765
16300 765
16301 765
16302 1168
16303 1168
16304 1168
16305 1168
16306 1168
16307 1168
16308 1168
16309 1168
16310 1168
16311 1168
16312 1168
16313 1168
16314 677
16315 2263
16316 2263
16317 2263
16318 2263
16319 1168
16320 1357
16321 1168
16322 1168
16323 1168
16324 1168
16325 1168
16326 1168
16327 119
16328 1165
16329 1168
16330 1869
16331 1168
16332 1168
16333 1168
16334 1168
16335 1168
16336 1168
16337 1168
16338 1168
16339 1168
16340 1168
16341 766
16342 767
16343 233
16344 768
16345 769
16346 770
16347 1168
16348 233
16349 233
16350 233
16351 771
16352 233
16353 1168
16354 1168
16355 233
16356 1168
16357 1168
16358 1168
16359 1168
16360 1168
16361 1168
16362 1168
16363 1168
16364 1168
16365 1168
16366 1168
16367 1168
16368 765
16369 765
16370 765
16371 1168
16372 1168
16373 1168
16374 1168
16375 1357
16376 106
16377 1357
16378 1357
16379 1168
16380 1168
16381 1168
16382 1168
16383 1168
16384 1168
16385 495
16386 1357
16387 106
16388 1168
16389 1168
16390 1168
16391 1168
16392 1168
16393 1357
16394 1168
16395 772
16396 773
16397 774
16398 775
16399 1168
16400 1168
16401 1168
16402 1168
16403 1168
16404 106
16405 106
16406 106
16407 106
16408 106
16409 106
16410 106
16411 106
16412 2263
16413 1669
16414 677
16415 106
16416 2263
16417 2263
16418 677
16419 1669
16420 106
16421 1669
16422 2277
16423 1669
16424 1669
16425 1168
16426 2263
16427 106
16428 1669
16429 2263
16430 106
16431 677
16432 1669
16433 2278
16434 106
16435 106
16436 1669
16437 106
16438 106
16439 106
16440 106
16441 677
16442 677
16443 677
16444 677
16445 677
16446 677
16447 677
16448 1168
16449 1168
16450 1168
16451 1357
16452 1168
16453 1168
16454 1168
16455 1168
16456 1168
16457 1357
16458 1357
16459 677
16460 106
16461 776
16462 106
16463 106
16464 106
16465 106
16466 106
16467 106
16468 106
16469 106
16470 106
16471 106
16472 106
16473 106
16474 106
16475 106
16476 106
16477 106
16478 1168
16479 1168
16480 1168
16481 1168
16482 1168
16483 1168
16484 1168
16485 1168
16486 1168
16487 1168
16488 1168
16489 1168
16490 1168
16491 233
16492 1168
16493 1168
16494 1168
16495 1168
16496 233
16497 1168
16498 2411
16499 1168
16500 233
16501 233
16502 1168
16503 2263
16504 1168
16505 1168
16506 233
16507 233
16508 233
16509 777
16510 778
16511 779
16512 3567
16513 780
16514 781
16515 1168
16516 782
16517 1168
16518 1168
16519 1168
16520 233
16521 1168
16522 1168
16523 1168
16524 1168
16525 1168
16526 1168
16527 1168
16528 1168
16529 1168
16530 3567
16531 1168
16532 1168
16533 783
16534 783
16535 784
16536 785
16537 785
16538 785
16539 785
16540 785
16541 785
16542 785
16543 785
16544 785
16545 784
16546 1168
16547 1168
16548 1357
16549 1168
16550 1168
16551 1357
16552 532
16553 532
16554 522
16555 522
16556 522
16557 1168
16558 106
16559 765
16560 1168
16561 1168
16562 1168
16563 233
16564 233
16565 233
16566 233
16567 1168
16568 1168
16569 1168
16570 352
16571 1168
16572 3
16573 233
16574 119
16575 1168
16576 1168
16577 1168
16578 1168
16579 1168
16580 1168
16581 1168
16582 1168
16583 1168
16584 1168
16585 786
16586 787
16587 1168
16588 1168
16589 1168
16590 1168
16591 1168
16592 10
16593 1168
16594 1168
16595 1168
16596 1168
16597 1168
16598 1168
16599 1168
16600 1168
16601 1168
16602 1168
16603 1168
16604 1168
16605 1168
16606 1168
16607 1168
16608 1168
16609 106
16610 106
16611 106
16612 106
16613 106
16614 106
16615 1168
16616 1168
16617 106
16618 677
16619 106
16620 106
16621 106
16622 106
16623 106
16624 106
16625 228
16626 106
16627 106
16628 106
16629 106
16630 677
16631 106
16632 106
16633 106
16634 106
16635 1168
16636 233
16637 233
16638 233
16639 233
16640 1168
16641 677
16642 233
16643 1168
16644 1168
16645 1168
16646 1168
16647 1168
16648 1168
16649 1168
16650 1168
16651 1168
16652 1168
16653 1168
16654 233
16655 233
16656 106
16657 106
16658 3
16659 233
16660 233
16661 233
16662 1168
16663 1168
16664 1168
16665 1168
16666 1168
16667 1168
16668 1168
16669 1168
16670 788
16671 788
16672 788
16673 788
16674 2263
16675 2263
16676 2263
16677 2263
16678 2263
16679 2263
16680 2263
16681 2263
16682 2263
16683 2263
16684 2263
16685 2263
16686 2263
16687 106
16688 106
16689 106
16690 106
16691 137
16692 138
16693 139
16694 164
16695 1168
16696 1357
16697 1357
16698 1357
16699 1357
16700 1357
16701 1357
16702 1357
16703 1357
16704 1357
16705 1357
16706 1357
16707 1168
16708 1357
16709 1357
16710 1357
16711 1168
16712 1168
16713 2245
16714 677
16715 677
16716 677
16717 677
16718 677
16719 677
16720 106
16721 106
16722 106
16723 106
16724 106
16725 677
16726 677
16727 677
16728 677
16729 677
16730 677
16731 677
16732 677
16733 106
16734 106
16735 106
16736 106
16737 106
16738 106
16739 677
16740 677
16741 106
16742 106
16743 106
16744 106
16745 677
16746 106
16747 106
16748 106
16749 106
16750 106
16751 106
16752 677
16753 677
16754 677
16755 677
16756 677
16757 677
16758 677
16759 677
16760 677
16761 677
16762 106
16763 106
16764 106
16765 106
16766 106
16767 106
16768 106
16769 106
16770 677
16771 677
16772 677
16773 106
16774 677
16775 677
16776 677
16777 677
16778 677
16779 677
16780 532
16781 1168
16782 1168
16783 1168
16784 1168
16785 1168
16786 1168
16787 1168
16788 1168
16789 1168
16790 1168
16791 233
16792 233
16793 233
16794 233
16795 233
16796 1168
16797 1168
16798 1168
16799 1168
16800 1168
16801 164
16802 106
16803 1357
16804 233
16805 233
16806 233
16807 233
16808 789
16809 790
16810 3
16811 791
16812 3
16813 3
16814 3
16815 3
16816 3
16817 3
16818 3
16819 3
16820 3
16821 3
16822 3
16823 3
16824 3
16825 3
16826 3
16827 3
16828 3
16829 3
16830 3
16831 3
16832 3
16833 3
16834 3
16835 3
16836 374
16837 3
16838 3
16839 3
16840 3
16841 3
16842 3
16843 3
16844 3
16845 3
16846 3
16847 3
16848 3
16849 792
16850 3
16851 3
16852 3
16853 790
16854 790
16855 3
16856 60
16857 3
16858 3
16859 3
16860 1205
16861 3
16862 3
16863 3
16864 3
16865 3
16866 3
16867 3
16868 3
16869 445
16870 445
16871 445
16872 445
16873 1168
16874 1168
16875 164
16876 106
16877 164
16878 164
16879 1168
16880 233
16881 233
16882 233
16883 233
16884 1168
16885 1168
16886 1168
16887 233
16888 1168
16889 1168
16890 233
16891 233
16892 764
16893 764
16894 1168
16895 1168
16896 1168
16897 1168
16898 1168
16899 3
16900 1168
16901 233
16902 106
16903 233
16904 1168
16905 1168
16906 1168
16907 3
16908 1168
16909 1168
16910 1168
16911 1168
16912 1168
16913 1168
16914 1168
16915 1168
16916 793
16917 794
16918 1168
16919 1168
16920 1168
16921 1168
16922 1168
16923 1168
16924 1168
16925 233
16926 1168
16927 1168
16928 1168
16929 106
16930 178
16931 1168
16932 1168
16933 1168
16934 1168
16935 1168
16936 1168
16937 1168
16938 1168
16939 1168
16940 677
16941 677
16942 677
16943 1168
16944 1168
16945 1168
16946 1168
16947 1168
16948 1168
16949 1168
16950 1168
16951 1168
16952 795
16953 796
16954 233
16955 233
16956 233
16957 3
16958 1168
16959 1168
16960 1168
16961 1168
16962 1168
16963 764
16964 764
16965 764
16966 764
16967 677
16968 1357
16969 1357
16970 1357
16971 797
16972 3463
16973 1357
16974 106
16975 1357
16976 1357
16977 798
16978 1357
16979 1357
16980 1357
16981 1357
16982 106
16983 1357
16984 1357
16985 1357
16986 1168
16987 3467
16988 1357
16989 1357
16990 1357
16991 1357
16992 1357
16993 799
16994 1357
16995 800
16996 1357
16997 1357
16998 797
16999 1357
17000 1357
17001 1357
17002 801
17003 1357
17004 1357
17005 1357
17006 1168
17007 1357
17008 1357
17009 3459
17010 1357
17011 1357
17012 1357
17013 801
17014 233
17015 802
17016 1357
17017 1357
17018 1357
17019 1357
17020 2245
17021 1357
17022 1357
17023 1357
17024 129
17025 1168
17026 1357
17027 801
17028 1357
17029 1357
17030 1357
17031 1357
17032 803
17033 1357
17034 1357
17035 804
17036 805
17037 106
17038 806
17039 807
17040 806
17041 1357
17042 3350
17043 1357
17044 1357
17045 1357
17046 1357
17047 3462
17048 1357
17049 1357
17050 1357
17051 233
17052 1357
17053 1357
17054 1357
17055 106
17056 1357
17057 1357
17058 1357
17059 3458
17060 1357
17061 1357
17062 1357
17063 1357
17064 100
17065 808
17066 1357
17067 1357
17068 1357
17069 809
17070 810
17071 1357
17072 106
17073 1357
17074 1357
17075 106
17076 1357
17077 1357
17078 1357
17079 1357
17080 1357
17081 1357
17082 1357
17083 3463
17084 106
17085 1357
17086 1357
17087 1357
17088 1357
17089 1357
17090 1357
17091 1357
17092 1357
17093 1357
17094 811
17095 1357
17096 1357
17097 409
17098 409
17099 1357
17100 42
17101 1357
17102 677
17103 1357
17104 1357
17105 1357
17106 1357
17107 1357
17108 1357
17109 1357
17110 1168
17111 164
17112 1357
17113 409
17114 1168
17115 121
17116 1357
17117 1357
17118 1357
17119 1357
17120 1168
17121 1357
17122 1357
17123 1357
17124 1357
17125 1357
17126 1357
17127 1357
17128 121
17129 1357
17130 1357
17131 121
17132 1357
17133 1357
17134 1357
17135 1357
17136 1357
17137 495
17138 1357
17139 1357
17140 812
17141 1357
17142 1357
17143 1357
17144 1357
17145 1357
17146 1357
17147 1357
17148 1357
17149 1357
17150 1357
17151 1357
17152 1357
17153 1357
17154 1357
17155 1357
17156 1357
17157 1357
17158 1357
17159 1357
17160 1357
17161 1357
17162 1357
17163 1357
17164 1357
17165 1357
17166 164
17167 2245
17168 1357
17169 886
17170 1357
17171 1357
17172 1357
17173 1357
17174 1357
17175 1357
17176 1357
17177 1357
17178 1357
17179 1357
17180 1357
17181 846
17182 1357
17183 1357
17184 813
17185 1357
17186 1357
17187 1357
17188 1357
17189 1357
17190 1357
17191 1357
17192 1357
17193 1357
17194 1357
17195 1357
17196 814
17197 815
17198 1357
17199 846
17200 1357
17201 1357
17202 1357
17203 1357
17204 1357
17205 1357
17206 816
17207 817
17208 1357
17209 1357
17210 1357
17211 1357
17212 846
17213 1357
17214 233
17215 233
17216 233
17217 1357
17218 1357
17219 1357
17220 1357
17221 1357
17222 1357
17223 1357
17224 1357
17225 818
17226 819
17227 819
17228 819
17229 1357
17230 1357
17231 1357
17232 1357
17233 1357
17234 1357
17235 1357
17236 1357
17237 1357
17238 1357
17239 1357
17240 3333
17241 1357
17242 1357
17243 1357
17244 3333
17245 1357
17246 1168
17247 1357
17248 3
17249 1357
17250 3
17251 3
17252 1357
17253 1357
17254 1357
17255 1357
17256 1357
17257 1357
17258 1357
17259 1357
17260 1357
17261 1357
17262 1357
17263 1357
17264 1357
17265 1357
17266 1357
17267 1357
17268 2245
17269 1357
17270 1357
17271 1357
17272 1357
17273 1165
17274 495
17275 1165
17276 164
17277 164
17278 409
17279 409
17280 1357
17281 1357
17282 1357
17283 1357
17284 1357
17285 409
17286 1357
17287 164
17288 1357
17289 1357
17290 495
17291 1357
17292 1357
17293 121
17294 121
17295 1357
17296 1357
17297 60
17298 121
17299 1357
17300 3
17301 1357
17302 1357
17303 1357
17304 1357
17305 1357
17306 1357
17307 1357
17308 1357
17309 3
17310 3
17311 1357
17312 1357
17313 1357
17314 1357
17315 1357
17316 1357
17317 1357
17318 1357
17319 1357
17320 3333
17321 1165
17322 1357
17323 1357
17324 1357
17325 1357
17326 1357
17327 1357
17328 1357
17329 1357
17330 1357
17331 1357
17332 1357
17333 1357
17334 1357
17335 1357
17336 1357
17337 1357
17338 1357
17339 1357
17340 1357
17341 1357
17342 1357
17343 1357
17344 1357
17345 1357
17346 1357
17347 3619
17348 1357
17349 1357
17350 1357
17351 1357
17352 1357
17353 1357
17354 1357
17355 820
17356 1357
17357 1357
17358 1357
17359 1357
17360 1357
17361 1357
17362 1357
17363 1357
17364 1357
17365 1357
17366 1357
17367 1357
17368 2412
17369 1357
17370 121
17371 1357
17372 1357
17373 1357
17374 164
17375 1357
17376 1357
17377 1357
17378 1357
17379 409
17380 1357
17381 1357
17382 1357
17383 1357
17384 1357
17385 1357
17386 1357
17387 1357
17388 3350
17389 1357
17390 267
17391 1357
17392 1357
17393 1357
17394 1357
17395 1357
17396 1357
17397 1357
17398 1357
17399 1357
17400 1357
17401 1357
17402 1357
17403 1357
17404 1357
17405 1357
17406 1357
17407 1357
17408 1357
17409 1357
17410 1357
17411 1357
17412 1357
17413 821
17414 1357
17415 1357
17416 1357
17417 1357
17418 1357
17419 1357
17420 1357
17421 1357
17422 1357
17423 3625
17424 1357
17425 1357
17426 1357
17427 1357
17428 1357
17429 1357
17430 1357
17431 1357
17432 1357
17433 233
17434 1357
17435 1357
17436 1357
17437 1357
17438 1357
17439 1357
17440 1357
17441 1357
17442 1357
17443 1357
17444 822
17445 1357
17446 1357
17447 1357
17448 1357
17449 1357
17450 1357
17451 1357
17452 1357
17453 1357
17454 1357
17455 1357
17456 1357
17457 1357
17458 1357
17459 1357
17460 1357
17461 1357
17462 1357
17463 1357
17464 1357
17465 1357
17466 1357
17467 3619
17468 1357
17469 1357
17470 1357
17471 1357
17472 1357
17473 1357
17474 1357
17475 1357
17476 1357
17477 1357
17478 1357
17479 1357
17480 1357
17481 1357
17482 1357
17483 1357
17484 1357
17485 1357
17486 1357
17487 2245
17488 849
17489 1357
17490 1357
17491 1357
17492 673
17493 1357
17494 1357
17495 1357
17496 1357
17497 1357
17498 1357
17499 1357
17500 1357
17501 1357
17502 1357
17503 1357
17504 1357
17505 1357
17506 1357
17507 1357
17508 1357
17509 1357
17510 1357
17511 1357
17512 3333
17513 1357
17514 1357
17515 1357
17516 1357
17517 1357
17518 1357
17519 1357
17520 1357
17521 1357
17522 823
17523 824
17524 824
17525 1165
17526 1357
17527 1357
17528 1357
17529 1357
17530 1357
17531 1357
17532 1168
17533 1357
17534 1357
17535 1357
17536 1357
17537 1357
17538 1357
17539 1357
17540 1357
17541 3333
17542 1357
17543 825
17544 826
17545 1357
17546 1357
17547 1357
17548 1357
17549 1357
17550 1357
17551 1357
17552 1357
17553 1357
17554 1357
17555 1357
17556 1357
17557 1357
17558 1357
17559 1357
17560 1357
17561 1357
17562 823
17563 1357
17564 1357
17565 1357
17566 1357
17567 1357
17568 1357
17569 1357
17570 1357
17571 1357
17572 1357
17573 1357
17574 1357
17575 1357
17576 1357
17577 1357
17578 827
17579 828
17580 1357
17581 1357
17582 1357
17583 1357
17584 829
17585 1357
17586 1357
17587 1357
17588 1357
17589 1357
17590 1357
17591 1357
17592 1357
17593 1357
17594 1165
17595 1357
17596 1357
17597 1357
17598 1357
17599 1357
17600 1357
17601 1357
17602 1357
17603 1357
17604 1357
17605 1357
17606 1357
17607 1357
17608 1357
17609 1357
17610 1357
17611 1357
17612 1357
17613 1357
17614 1357
17615 1357
17616 1357
17617 1357
17618 849
17619 1357
17620 1357
17621 1357
17622 1357
17623 830
17624 1357
17625 1357
17626 1357
17627 1357
17628 1357
17629 831
17630 832
17631 1357
17632 1357
17633 1357
17634 1357
17635 1357
17636 1357
17637 1357
17638 1357
17639 1357
17640 1357
17641 1357
17642 833
17643 933
17644 1357
17645 1357
17646 1357
17647 1357
17648 1357
17649 1357
17650 1357
17651 29
17652 1357
17653 1357
17654 1357
17655 106
17656 1357
17657 1357
17658 233
17659 1357
17660 1357
17661 1357
17662 1357
17663 1357
17664 1357
17665 1357
17666 1357
17667 1357
17668 1357
17669 1357
17670 2245
17671 1357
17672 1357
17673 1357
17674 1357
17675 1357
17676 834
17677 1357
17678 1357
17679 1357
17680 1357
17681 1357
17682 835
17683 836
17684 1357
17685 1357
17686 29
17687 1357
17688 1357
17689 1357
17690 1357
17691 1357
17692 29
17693 837
17694 1357
17695 1357
17696 1357
17697 1357
17698 1357
17699 1357
17700 838
17701 1357
17702 1357
17703 1357
17704 1357
17705 164
17706 1357
17707 1357
17708 3333
17709 1357
17710 1357
17711 1357
17712 1357
17713 1357
17714 1357
17715 1357
17716 1357
17717 1357
17718 1357
17719 839
17720 840
17721 841
17722 842
17723 1357
17724 1357
17725 1357
17726 1357
17727 1357
17728 1357
17729 1357
17730 1357
17731 1357
17732 1357
17733 1357
17734 1357
17735 1357
17736 1357
17737 1357
17738 1357
17739 1357
17740 729
17741 1357
17742 1357
17743 1357
17744 1357
17745 1357
17746 1357
17747 3
17748 1165
17749 1357
17750 2245
17751 1357
17752 1357
17753 1357
17754 1357
17755 1357
17756 1357
17757 1357
17758 843
17759 843
17760 843
17761 844
17762 845
17763 845
17764 843
17765 843
17766 843
17767 846
17768 846
17769 846
17770 844
17771 1357
17772 1357
17773 1357
17774 1357
17775 1357
17776 1357
17777 1357
17778 847
17779 848
17780 1357
17781 1357
17782 1357
17783 1357
17784 1357
17785 1357
17786 1357
17787 1357
17788 1357
17789 1357
17790 1357
17791 1357
17792 1357
17793 1357
17794 1357
17795 1357
17796 1357
17797 1357
17798 1357
17799 1357
17800 1357
17801 1357
17802 1357
17803 1357
17804 1357
17805 1357
17806 1357
17807 1357
17808 1357
17809 1357
17810 1357
17811 1357
17812 1168
17813 1168
17814 1168
17815 1168
17816 1168
17817 1168
17818 1168
17819 1168
17820 1168
17821 1168
17822 1168
17823 1168
17824 1168
17825 1357
17826 1168
17827 1168
17828 233
17829 233
17830 233
17831 1357
17832 850
17833 1357
17834 1357
17835 1357
17836 1357
17837 1357
17838 1357
17839 1357
17840 53
17841 106
17842 1357
17843 1357
17844 1357
17845 1357
17846 1357
17847 1357
17848 1357
17849 1357
17850 1357
17851 1357
17852 1357
17853 1357
17854 1357
17855 1357
17856 1357
17857 164
17858 1357
17859 1357
17860 1357
17861 495
17862 53
17863 1357
17864 1357
17865 3373
17866 1357
17867 1357
17868 1357
17869 1357
17870 1357
17871 1357
17872 1357
17873 1357
17874 1357
17875 1357
17876 1357
17877 1357
17878 851
17879 1357
17880 1357
17881 1357
17882 1357
17883 1357
17884 1357
17885 1357
17886 1357
17887 1357
17888 1357
17889 1357
17890 1357
17891 1357
17892 1357
17893 1075
17894 1357
17895 106
17896 1357
17897 53
17898 1357
17899 1357
17900 1357
17901 1357
17902 1357
17903 1357
17904 267
17905 1357
17906 1357
17907 1357
17908 1357
17909 1357
17910 3373
17911 1357
17912 1357
17913 1357
17914 853
17915 850
17916 850
17917 1357
17918 1357
17919 1357
17920 3
17921 233
17922 1168
17923 1168
17924 233
17925 233
17926 1168
17927 1357
17928 1357
17929 854
17930 1168
17931 1168
17932 1168
17933 1168
17934 233
17935 1168
17936 1168
17937 233
17938 1168
17939 233
17940 233
17941 233
17942 233
17943 233
17944 1168
17945 864
17946 855
17947 856
17948 1168
17949 1168
17950 1168
17951 1168
17952 1168
17953 1168
17954 1168
17955 1168
17956 857
17957 1168
17958 1168
17959 233
17960 233
17961 233
17962 233
17963 233
17964 233
17965 233
17966 854
17967 1168
17968 233
17969 1168
17970 854
17971 1168
17972 1168
17973 1168
17974 1168
17975 1168
17976 233
17977 1168
17978 1168
17979 233
17980 1168
17981 1168
17982 1168
17983 233
17984 1168
17985 1168
17986 1168
17987 1168
17988 1168
17989 854
17990 233
17991 1168
17992 1168
17993 233
17994 233
17995 1168
17996 1168
17997 1168
17998 1168
17999 1168
18000 1168
18001 1168
18002 1168
18003 1168
18004 1168
18005 1168
18006 1168
18007 233
18008 1168
18009 1168
18010 1168
18011 1168
18012 1168
18013 233
18014 1168
18015 233
18016 1168
18017 1168
18018 1168
18019 1168
18020 198
18021 1168
18022 854
18023 1168
18024 1168
18025 1168
18026 233
18027 233
18028 1168
18029 1168
18030 1168
18031 1168
18032 1168
18033 233
18034 858
18035 1168
18036 1168
18037 1168
18038 859
18039 1168
18040 1168
18041 1168
18042 1168
18043 1168
18044 233
18045 1168
18046 1168
18047 1168
18048 1168
18049 1168
18050 233
18051 1168
18052 1168
18053 1168
18054 1168
18055 1168
18056 233
18057 233
18058 860
18059 1168
18060 1168
18061 1168
18062 1168
18063 1168
18064 1168
18065 1168
18066 1449
18067 1449
18068 233
18069 1168
18070 1168
18071 233
18072 1168
18073 1168
18074 1168
18075 1168
18076 1168
18077 1168
18078 233
18079 233
18080 861
18081 862
18082 1168
18083 1168
18084 374
18085 1168
18086 1168
18087 6
18088 6
18089 3
18090 1168
18091 1168
18092 1168
18093 1168
18094 1168
18095 1168
18096 1168
18097 1168
18098 1168
18099 1168
18100 1168
18101 1168
18102 1168
18103 1168
18104 233
18105 1168
18106 1168
18107 863
18108 233
18109 1168
18110 1168
18111 1168
18112 1168
18113 864
18114 1168
18115 1168
18116 1168
18117 1168
18118 1168
18119 1168
18120 233
18121 233
18122 1168
18123 1165
18124 1168
18125 1168
18126 1168
18127 1168
18128 1168
18129 1168
18130 1168
18131 1168
18132 1168
18133 83
18134 1168
18135 1168
18136 858
18137 1168
18138 1168
18139 233
18140 1168
18141 1168
18142 1168
18143 233
18144 1168
18145 1357
18146 1168
18147 1168
18148 1168
18149 1168
18150 1168
18151 1168
18152 233
18153 1168
18154 854
18155 1168
18156 1168
18157 864
18158 1168
18159 1357
18160 1168
18161 1168
18162 3
18163 1168
18164 865
18165 866
18166 1168
18167 1168
18168 1168
18169 495
18170 1168
18171 1168
18172 1168
18173 1168
18174 1168
18175 1168
18176 1168
18177 1168
18178 1168
18179 1168
18180 854
18181 233
18182 1168
18183 1168
18184 1609
18185 1168
18186 1168
18187 233
18188 233
18189 233
18190 3
18191 1168
18192 1168
18193 233
18194 233
18195 1168
18196 1168
18197 1168
18198 1168
18199 1168
18200 1168
18201 1168
18202 233
18203 1168
18204 1168
18205 1168
18206 1168
18207 1168
18208 1168
18209 1168
18210 233
18211 233
18212 233
18213 1168
18214 1168
18215 233
18216 1168
18217 1168
18218 1168
18219 1168
18220 1168
18221 867
18222 1168
18223 1168
18224 1168
18225 1168
18226 1068
18227 233
18228 1168
18229 233
18230 1168
18231 1168
18232 1168
18233 1168
18234 1168
18235 233
18236 233
18237 1168
18238 1168
18239 233
18240 1168
18241 1168
18242 1168
18243 1168
18244 233
18245 106
18246 1165
18247 444
18248 444
18249 1357
18250 1357
18251 1357
18252 1357
18253 1357
18254 1357
18255 1357
18256 1357
18257 1357
18258 1357
18259 1357
18260 138
18261 868
18262 869
18263 1357
18264 1357
18265 1357
18266 1357
18267 1357
18268 1357
18269 1357
18270 1357
18271 1357
18272 1357
18273 1357
18274 1357
18275 1357
18276 1357
18277 1357
18278 1357
18279 881
18280 1357
18281 1168
18282 1168
18283 2263
18284 495
18285 1357
18286 1357
18287 1357
18288 1357
18289 1357
18290 1357
18291 1357
18292 1357
18293 106
18294 1357
18295 1357
18296 1357
18297 1357
18298 1357
18299 1357
18300 1357
18301 1357
18302 1357
18303 870
18304 871
18305 1357
18306 1357
18307 1357
18308 1357
18309 1357
18310 1357
18311 874
18312 1357
18313 1357
18314 1357
18315 1357
18316 1357
18317 1357
18318 1357
18319 1357
18320 1357
18321 1357
18322 1357
18323 1357
18324 1357
18325 1357
18326 1357
18327 3
18328 1357
18329 1357
18330 1357
18331 1357
18332 1357
18333 1357
18334 1357
18335 1357
18336 1357
18337 1357
18338 1357
18339 872
18340 1357
18341 1357
18342 1357
18343 1357
18344 1357
18345 1357
18346 1357
18347 1357
18348 1357
18349 1357
18350 1357
18351 1357
18352 1357
18353 1357
18354 1357
18355 873
18356 496
18357 1357
18358 1357
18359 1357
18360 1357
18361 1357
18362 1357
18363 1357
18364 1357
18365 1357
18366 1357
18367 1357
18368 1357
18369 1357
18370 1357
18371 1357
18372 1357
18373 2501
18374 2501
18375 1357
18376 1357
18377 2507
18378 1357
18379 1357
18380 1357
18381 1357
18382 1357
18383 876
18384 874
18385 1357
18386 1357
18387 1357
18388 1357
18389 1357
18390 1357
18391 1357
18392 1357
18393 1357
18394 1357
18395 1357
18396 1357
18397 2263
18398 1357
18399 1357
18400 1357
18401 876
18402 1357
18403 1357
18404 1357
18405 1357
18406 1357
18407 1357
18408 1357
18409 1357
18410 1357
18411 1357
18412 1357
18413 1357
18414 1357
18415 1357
18416 1357
18417 1357
18418 1357
18419 1357
18420 1357
18421 1357
18422 1357
18423 1357
18424 1357
18425 495
18426 1357
18427 1357
18428 1357
18429 1357
18430 1357
18431 1357
18432 1357
18433 1357
18434 1357
18435 1357
18436 1357
18437 1357
18438 1357
18439 1357
18440 1357
18441 1357
18442 1357
18443 1357
18444 1357
18445 875
18446 1357
18447 1357
18448 1357
18449 1357
18450 1357
18451 1357
18452 1357
18453 876
18454 1357
18455 1357
18456 1357
18457 1357
18458 1357
18459 1357
18460 1357
18461 1357
18462 1357
18463 1357
18464 1357
18465 267
18466 1357
18467 673
18468 1357
18469 1357
18470 1357
18471 2502
18472 2501
18473 2502
18474 2502
18475 1357
18476 1357
18477 1357
18478 1357
18479 1357
18480 877
18481 878
18482 1357
18483 1357
18484 1357
18485 1357
18486 1357
18487 1357
18488 1357
18489 1357
18490 1357
18491 879
18492 1357
18493 106
18494 1357
18495 1357
18496 1357
18497 1357
18498 880
18499 1357
18500 881
18501 882
18502 883
18503 1357
18504 1357
18505 1357
18506 1357
18507 1357
18508 1357
18509 1357
18510 1357
18511 1357
18512 1357
18513 1357
18514 1357
18515 1357
18516 1357
18517 1357
18518 1357
18519 1357
18520 1357
18521 1357
18522 882
18523 1357
18524 1357
18525 1357
18526 2501
18527 1357
18528 1357
18529 1357
18530 1357
18531 1168
18532 1357
18533 1357
18534 1357
18535 164
18536 1357
18537 1357
18538 1357
18539 874
18540 874
18541 874
18542 1357
18543 884
18544 885
18545 1357
18546 1357
18547 1357
18548 1357
18549 1357
18550 1357
18551 1357
18552 1357
18553 1357
18554 873
18555 1357
18556 1357
18557 1357
18558 1357
18559 1357
18560 1357
18561 1357
18562 1357
18563 1357
18564 1357
18565 1357
18566 1357
18567 1357
18568 1357
18569 1357
18570 1357
18571 876
18572 1357
18573 1357
18574 1357
18575 1357
18576 1357
18577 1357
18578 1357
18579 1357
18580 1357
18581 1591
18582 1357
18583 1357
18584 1357
18585 1357
18586 1357
18587 1357
18588 1357
18589 1357
18590 2493
18591 1357
18592 3
18593 1357
18594 3350
18595 3350
18596 1357
18597 1357
18598 1357
18599 297
18600 297
18601 1357
18602 1357
18603 1357
18604 297
18605 1357
18606 1357
18607 886
18608 164
18609 164
18610 233
18611 233
18612 233
18613 1357
18614 1357
18615 1168
18616 233
18617 233
18618 164
18619 164
18620 164
18621 164
18622 1357
18623 164
18624 164
18625 60
18626 164
18627 887
18628 888
18629 1357
18630 889
18631 889
18632 890
18633 890
18634 890
18635 889
18636 233
18637 3
18638 3
18639 1357
18640 1357
18641 1357
18642 1357
18643 1357
18644 1357
18645 891
18646 3
18647 892
18648 893
18649 1165
18650 1165
18651 894
18652 1357
18653 887
18654 1165
18655 1165
18656 1165
18657 1165
18658 1165
18659 1165
18660 1165
18661 1357
18662 1357
18663 3373
18664 895
18665 896
18666 895
18667 1168
18668 1168
18669 1168
18670 1168
18671 897
18672 898
18673 1168
18674 1168
18675 1357
18676 1357
18677 1357
18678 1357
18679 1357
18680 899
18681 900
18682 1357
18683 1168
18684 1357
18685 1357
18686 1357
18687 1357
18688 1357
18689 1357
18690 1357
18691 1357
18692 164
18693 1357
18694 1168
18695 436
18696 901
18697 1165
18698 1357
18699 1357
18700 164
18701 1591
18702 1357
18703 1357
18704 1357
18705 1357
18706 1357
18707 1357
18708 1357
18709 233
18710 1168
18711 233
18712 233
18713 267
18714 267
18715 1591
18716 1591
18717 267
18718 267
18719 267
18720 267
18721 267
18722 267
18723 267
18724 267
18725 1357
18726 3
18727 1357
18728 1357
18729 1357
18730 1357
18731 3350
18732 902
18733 902
18734 903
18735 903
18736 3
18737 3
18738 3
18739 3
18740 3
18741 3
18742 495
18743 3
18744 3
18745 3
18746 3
18747 3
18748 3
18749 3
18750 3
18751 3
18752 3
18753 3
18754 3
18755 3
18756 3
18757 3
18758 3
18759 3
18760 3
18761 3
18762 3
18763 3
18764 3
18765 3
18766 3
18767 3
18768 3
18769 904
18770 905
18771 106
18772 106
18773 106
18774 106
18775 3
18776 106
18777 106
18778 4084
18779 916
18780 906
18781 1108
18782 916
18783 907
18784 119
18785 916
18786 4084
18787 916
18788 916
18789 916
18790 916
18791 916
18792 908
18793 4091
18794 916
18795 908
18796 4091
18797 908
18798 916
18799 916
18800 916
18801 916
18802 916
18803 916
18804 916
18805 916
18806 916
18807 916
18808 916
18809 908
18810 4085
18811 916
18812 916
18813 916
18814 4091
18815 908
18816 916
18817 916
18818 0
18819 916
18820 916
18821 1108
18822 909
18823 907
18824 4084
18825 916
18826 4088
18827 916
18828 916
18829 916
18830 916
18831 916
18832 916
18833 916
18834 916
18835 916
18836 916
18837 4096
18838 908
18839 4091
18840 916
18841 916
18842 916
18843 0
18844 4084
18845 916
18846 916
18847 910
18848 911
18849 912
18850 916
18851 916
18852 916
18853 916
18854 916
18855 916
18856 4091
18857 916
18858 916
18859 916
18860 916
18861 916
18862 908
18863 98
18864 916
18865 164
18866 4084
18867 916
18868 916
18869 916
18870 916
18871 916
18872 4091
18873 916
18874 916
18875 916
18876 0
18877 913
18878 914
18879 916
18880 1165
18881 916
18882 916
18883 916
18884 916
18885 916
18886 916
18887 0
18888 916
18889 916
18890 59
18891 916
18892 916
18893 916
18894 915
18895 916
18896 916
18897 0
18898 916
18899 916
18900 916
18901 1108
18902 916
18903 916
18904 916
18905 917
18906 918
18907 916
18908 916
18909 916
18910 103
18911 916
18912 916
18913 916
18914 916
18915 916
18916 916
18917 916
18918 916
18919 916
18920 3
18921 3
18922 3
18923 3
18924 3
18925 3
18926 3
18927 3
18928 3
18929 3
18930 3
18931 3
18932 3
18933 3
18934 3
18935 3
18936 3
18937 3
18938 3
18939 3
18940 3
18941 3
18942 3
18943 3
18944 3
18945 3
18946 98
18947 3
18948 3
18949 3
18950 3
18951 3
18952 3
18953 3
18954 3
18955 3
18956 3
18957 3
18958 3
18959 3
18960 3
18961 3
18962 3
18963 3
18964 3
18965 3
18966 3
18967 3
18968 3
18969 3
18970 3
18971 233
18972 3
18973 3
18974 1168
18975 3
18976 3
18977 3
18978 3
18979 3
18980 3
18981 3
18982 3
18983 3
18984 3
18985 3
18986 3
18987 3
18988 1591
18989 1591
18990 1591
18991 1591
18992 1591
18993 1591
18994 1591
18995 1591
18996 1591
18997 267
18998 28
18999 28
19000 28
19001 28
19002 28
19003 28
19004 28
19005 28
19006 28
19007 28
19008 919
19009 920
19010 921
19011 922
19012 922
19013 3
19014 3
19015 3
19016 265
19017 265
19018 265
19019 265
19020 265
19021 265
19022 1357
19023 297
19024 1357
19025 1357
19026 1357
19027 352
19028 119
19029 119
19030 119
19031 119
19032 119
19033 1057
19034 2411
19035 119
19036 119
19037 119
19038 119
19039 371
19040 119
19041 119
19042 119
19043 119
19044 2026
19045 29
19046 119
19047 2026
19048 119
19049 119
19050 119
19051 119
19052 119
19053 119
19054 119
19055 119
19056 119
19057 3
19058 119
19059 119
19060 119
19061 119
19062 119
19063 119
19064 119
19065 119
19066 119
19067 119
19068 119
19069 29
19070 2026
19071 1165
19072 516
19073 119
19074 119
19075 119
19076 119
19077 119
19078 119
19079 119
19080 119
19081 119
19082 119
19083 119
19084 119
19085 119
19086 98
19087 789
19088 790
19089 98
19090 923
19091 923
19092 924
19093 98
19094 98
19095 98
19096 98
19097 98
19098 790
19099 98
19100 98
19101 98
19102 925
19103 924
19104 98
19105 789
19106 98
19107 98
19108 926
19109 3
19110 98
19111 3
19112 3
19113 3
19114 3
19115 3
19116 3
19117 233
19118 3
19119 3
19120 3
19121 3
19122 3
19123 3
19124 3
19125 3
19126 2492
19127 3
19128 1165
19129 3
19130 3
19131 3
19132 3
19133 3
19134 3
19135 3
19136 3
19137 3
19138 3
19139 3
19140 3
19141 3
19142 3
19143 3
19144 3
19145 3
19146 927
19147 928
19148 2493
19149 2493
19150 3
19151 3
19152 3
19153 3
19154 3
19155 3
19156 3
19157 3
19158 3
19159 3
19160 3
19161 3
19162 3
19163 3
19164 233
19165 3
19166 3
19167 3
19168 929
19169 930
19170 1357
19171 3
19172 3
19173 3
19174 3
19175 3
19176 3
19177 3
19178 164
19179 3
19180 1165
19181 3
19182 3
19183 3
19184 3
19185 3
19186 3
19187 3
19188 3
19189 106
19190 164
19191 164
19192 1165
19193 3
19194 3
19195 3
19196 3
19197 3
19198 3
19199 3
19200 957
19201 3
19202 3
19203 3
19204 3
19205 3
19206 164
19207 3
19208 3
19209 3
19210 3
19211 3
19212 3
19213 3
19214 3
19215 3
19216 3
19217 3
19218 164
19219 164
19220 607
19221 607
19222 607
19223 607
19224 607
19225 607
19226 607
19227 607
19228 3
19229 3
19230 3
19231 3
19232 164
19233 233
19234 3
19235 677
19236 677
19237 677
19238 106
19239 106
19240 2076
19241 986
19242 989
19243 3
19244 3
19245 3
19246 3
19247 3
19248 1165
19249 1165
19250 3
19251 3
19252 957
19253 3
19254 3
19255 3
19256 3
19257 2041
19258 957
19259 957
19260 957
19261 3
19262 3
19263 184
19264 3
19265 184
19266 3
19267 3
19268 3
19269 3
19270 3
19271 184
19272 3
19273 188
19274 607
19275 931
19276 3
19277 3
19278 3
19279 3
19280 3
19281 3
19282 3
19283 957
19284 957
19285 3
19286 932
19287 3
19288 3
19289 3
19290 1165
19291 3
19292 3
19293 3
19294 3
19295 3
19296 3
19297 3
19298 957
19299 3
19300 3
19301 3
19302 3
19303 42
19304 42
19305 42
19306 3
19307 2076
19308 2046
19309 2076
19310 957
19311 1357
19312 957
19313 3
19314 3
19315 3
19316 3
19317 3
19318 3
19319 3
19320 3
19321 3
19322 3
19323 3
19324 2411
19325 2412
19326 1168
19327 233
19328 3
19329 1357
19330 3
19331 3
19332 164
19333 3
19334 3
19335 164
19336 933
19337 934
19338 935
19339 1165
19340 936
19341 937
19342 936
19343 936
19344 936
19345 3
19346 3
19347 3
19348 3
19349 3
19350 3
19351 3
19352 233
19353 938
19354 939
19355 516
19356 3
19357 3
19358 3
19359 164
19360 3
19361 3
19362 164
19363 940
19364 941
19365 3
19366 3
19367 3
19368 3
19369 3
19370 3
19371 3
19372 3
19373 3
19374 3
19375 3
19376 3
19377 3
19378 3
19379 6
19380 3
19381 973
19382 973
19383 3
19384 3
19385 3
19386 3
19387 942
19388 3
19389 3
19390 3
19391 3
19392 6
19393 3
19394 3
19395 3
19396 3
19397 3
19398 3
19399 3
19400 943
19401 944
19402 945
19403 3
19404 607
19405 607
19406 607
19407 607
19408 1357
19409 957
19410 957
19411 3350
19412 3
19413 3
19414 1127
19415 3
19416 3
19417 3
19418 3
19419 3
19420 946
19421 947
19422 3
19423 164
19424 524
19425 352
19426 352
19427 352
19428 352
19429 352
19430 352
19431 352
19432 352
19433 352
19434 1682
19435 1682
19436 864
19437 352
19438 352
19439 352
19440 352
19441 352
19442 352
19443 352
19444 352
19445 353
19446 164
19447 1043
19448 933
19449 164
19450 1357
19451 445
19452 949
19453 948
19454 948
19455 949
19456 949
19457 1168
19458 1168
19459 1168
19460 1168
19461 1168
19462 1168
19463 164
19464 2411
19465 1357
19466 1357
19467 1940
19468 1937
19469 1937
19470 1357
19471 1357
19472 1357
19473 1357
19474 1357
19475 1357
19476 950
19477 951
19478 952
19479 953
19480 954
19481 954
19482 677
19483 3
19484 3847
19485 3
19486 955
19487 956
19488 3
19489 3
19490 3847
19491 3
19492 3
19493 3
19494 3
19495 3
19496 3
19497 3
19498 3
19499 3
19500 3
19501 3
19502 3847
19503 3
19504 3
19505 3
19506 3
19507 3
19508 408
19509 3
19510 3
19511 3
19512 3
19513 3
19514 188
19515 3
19516 3
19517 3
19518 3
19519 3
19520 3
19521 3
19522 3
19523 188
19524 2063
19525 2063
19526 3
19527 3
19528 958
19529 3
19530 0
19531 3
19532 3
19533 3
19534 3
19535 3
19536 3
19537 3
19538 3
19539 3
19540 3
19541 959
19542 3
19543 3
19544 960
19545 960
19546 960
19547 960
19548 960
19549 960
19550 960
19551 1165
19552 1165
19553 164
19554 164
19555 961
19556 79
19557 3
19558 962
19559 963
19560 3
19561 3
19562 3
19563 3
19564 3
19565 1591
19566 267
19567 1591
19568 267
19569 964
19570 965
19571 966
19572 967
19573 138
19574 138
19575 138
19576 138
19577 138
19578 138
19579 872
19580 872
19581 3
19582 968
19583 969
19584 969
19585 970
19586 971
19587 495
19588 3
19589 3
19590 3
19591 3
19592 972
19593 972
19594 972
19595 1357
19596 103
19597 1165
19598 103
19599 103
19600 103
19601 103
19602 1102
19603 103
19604 103
19605 103
19606 103
19607 103
19608 103
19609 103
19610 103
19611 103
19612 103
19613 103
19614 103
19615 103
19616 106
19617 103
19618 103
19619 103
19620 103
19621 103
19622 103
19623 103
19624 103
19625 103
19626 103
19627 103
19628 103
19629 103
19630 103
19631 103
19632 103
19633 103
19634 103
19635 103
19636 103
19637 103
19638 3
19639 3
19640 3
19641 3
19642 3
19643 541
19644 973
19645 973
19646 973
19647 2169
19648 3
19649 3
19650 3
19651 3
19652 974
19653 975
19654 3
19655 976
19656 976
19657 976
19658 976
19659 976
19660 976
19661 3
19662 3
19663 3
19664 541
19665 541
19666 541
19667 541
19668 3
19669 3
19670 3
19671 3
19672 976
19673 3
19674 3
19675 3
19676 3
19677 3
19678 3
19679 3
19680 3
19681 977
19682 3
19683 3
19684 1168
19685 1165
19686 3
19687 978
19688 979
19689 3
19690 980
19691 981
19692 3
19693 975
19694 982
19695 1165
19696 3
19697 233
19698 1168
19699 233
19700 590
19701 983
19702 984
19703 677
19704 3
19705 1069
19706 1069
19707 233
19708 1165
19709 3
19710 590
19711 590
19712 590
19713 3
19714 590
19715 590
19716 590
19717 590
19718 590
19719 590
19720 590
19721 985
19722 3
19723 3
19724 3342
19725 590
19726 590
19727 590
19728 590
19729 3
19730 3
19731 590
19732 42
19733 590
19734 3
19735 3
19736 3
19737 3
19738 3
19739 590
19740 3
19741 3
19742 3
19743 1168
19744 986
19745 3
19746 3
19747 3
19748 3
19749 3
19750 590
19751 42
19752 987
19753 988
19754 42
19755 989
19756 3
19757 3
19758 410
19759 3
19760 3
19761 590
19762 3
19763 3
19764 590
19765 590
19766 3342
19767 3
19768 3
19769 3
19770 3
19771 3
19772 990
19773 3
19774 3
19775 3
19776 3
19777 1165
19778 3
19779 991
19780 992
19781 993
19782 994
19783 3
19784 3
19785 3
19786 985
19787 3342
19788 3342
19789 995
19790 3
19791 3
19792 3342
19793 3
19794 3
19795 996
19796 3
19797 3
19798 3
19799 3
19800 3
19801 3
19802 989
19803 989
19804 994
19805 3
19806 1341
19807 590
19808 590
19809 590
19810 3
19811 3
19812 590
19813 3
19814 233
19815 409
19816 409
19817 233
19818 233
19819 233
19820 233
19821 233
19822 233
19823 999
19824 129
19825 233
19826 233
19827 129
19828 233
19829 409
19830 351
19831 0
19832 409
19833 129
19834 233
19835 1111
19836 997
19837 233
19838 1037
19839 233
19840 1168
19841 233
19842 233
19843 233
19844 233
19845 233
19846 409
19847 409
19848 233
19849 233
19850 998
19851 999
19852 233
19853 233
19854 1038
19855 233
19856 1037
19857 409
19858 409
19859 1168
19860 233
19861 233
19862 1000
19863 233
19864 233
19865 233
19866 916
19867 233
19868 233
19869 233
19870 1001
19871 1002
19872 1063
19873 1168
19874 1168
19875 1042
19876 1033
19877 409
19878 233
19879 1165
19880 233
19881 1003
19882 1004
19883 233
19884 233
19885 233
19886 233
19887 0
19888 1005
19889 1006
19890 233
19891 233
19892 233
19893 1009
19894 188
19895 233
19896 233
19897 233
19898 233
19899 1057
19900 233
19901 409
19902 197
19903 1168
19904 233
19905 233
19906 233
19907 233
19908 233
19909 233
19910 233
19911 233
19912 1041
19913 233
19914 233
19915 233
19916 1007
19917 1008
19918 1168
19919 233
19920 233
19921 1009
19922 233
19923 233
19924 233
19925 1168
19926 1168
19927 1010
19928 1011
19929 233
19930 1168
19931 233
19932 233
19933 233
19934 233
19935 1075
19936 1108
19937 233
19938 998
19939 233
19940 233
19941 233
19942 233
19943 233
19944 1012
19945 1013
19946 1168
19947 1168
19948 233
19949 233
19950 129
19951 233
19952 233
19953 233
19954 233
19955 1168
19956 1168
19957 1168
19958 1092
19959 1092
19960 233
19961 233
19962 409
19963 233
19964 1168
19965 233
19966 233
19967 233
19968 233
19969 233
19970 233
19971 233
19972 233
19973 233
19974 233
19975 233
19976 233
19977 233
19978 129
19979 1033
19980 233
19981 233
19982 233
19983 1114
19984 1114
19985 233
19986 233
19987 1165
19988 233
19989 233
19990 233
19991 233
19992 233
19993 233
19994 233
19995 129
19996 233
19997 1168
19998 233
19999 233
20000 233
20001 233
20002 129
20003 233
20004 233
20005 233
20006 233
20007 129
20008 1118
20009 1059
20010 233
20011 129
20012 129
20013 129
20014 233
20015 233
20016 188
20017 233
20018 590
20019 1037
20020 1037
20021 1168
20022 1168
20023 1168
20024 1168
20025 1168
20026 1168
20027 1168
20028 1168
20029 1168
20030 164
20031 1168
20032 233
20033 590
20034 590
20035 590
20036 233
20037 3373
20038 3373
20039 3373
20040 3373
20041 3373
20042 3373
20043 3373
20044 3373
20045 3373
20046 3373
20047 3373
20048 3373
20049 3373
20050 3373
20051 3373
20052 3373
20053 3373
20054 3373
20055 3373
20056 3373
20057 3373
20058 3373
20059 3373
20060 3373
20061 3373
20062 3373
20063 1014
20064 3373
20065 3373
20066 3373
20067 129
20068 3373
20069 3373
20070 3373
20071 3373
20072 3373
20073 3373
20074 3373
20075 3373
20076 3373
20077 3373
20078 3373
20079 3373
20080 3373
20081 3373
20082 3373
20083 3373
20084 3373
20085 3373
20086 3373
20087 3373
20088 3373
20089 3373
20090 3373
20091 3373
20092 3373
20093 3373
20094 3373
20095 3373
20096 1015
20097 3373
20098 3373
20099 3373
20100 3373
20101 3373
20102 3373
20103 3373
20104 3373
20105 3373
20106 3373
20107 3373
20108 3373
20109 3373
20110 3373
20111 3373
20112 3373
20113 3373
20114 3373
20115 3373
20116 3373
20117 3373
20118 3373
20119 3373
20120 3373
20121 3373
20122 3373
20123 3373
20124 3373
20125 3373
20126 1016
20127 3373
20128 3373
20129 3373
20130 3373
20131 3373
20132 3373
20133 3373
20134 3373
20135 3373
20136 3373
20137 3373
20138 3373
20139 2016
20140 3373
20141 3373
20142 3373
20143 3373
20144 3373
20145 233
20146 233
20147 233
20148 233
20149 233
20150 233
20151 233
20152 233
20153 1168
20154 233
20155 233
20156 233
20157 1568
20158 233
20159 233
20160 233
20161 233
20162 1168
20163 233
20164 1168
20165 1168
20166 1168
20167 1168
20168 233
20169 233
20170 1168
20171 957
20172 129
20173 129
20174 129
20175 129
20176 129
20177 129
20178 129
20179 129
20180 129
20181 129
20182 129
20183 233
20184 188
20185 1053
20186 1168
20187 1168
20188 409
20189 409
20190 409
20191 409
20192 409
20193 129
20194 129
20195 129
20196 129
20197 129
20198 129
20199 129
20200 1038
20201 1038
20202 1038
20203 178
20204 1165
20205 1165
20206 1165
20207 1165
20208 1165
20209 1165
20210 1165
20211 1017
20212 1165
20213 374
20214 1165
20215 1018
20216 1165
20217 1165
20218 1165
20219 1165
20220 1414
20221 1165
20222 1165
20223 1165
20224 1165
20225 1165
20226 1165
20227 1432
20228 1165
20229 1165
20230 1165
20231 1422
20232 1165
20233 1165
20234 1165
20235 1165
20236 1165
20237 1165
20238 1165
20239 1165
20240 1165
20241 1165
20242 1165
20243 1165
20244 1165
20245 1165
20246 1165
20247 1165
20248 1165
20249 1165
20250 1165
20251 374
20252 1165
20253 1165
20254 1165
20255 1165
20256 1165
20257 1165
20258 1165
20259 1019
20260 1165
20261 1165
20262 1020
20263 1021
20264 1165
20265 1165
20266 1165
20267 1165
20268 1165
20269 1165
20270 1165
20271 1165
20272 1165
20273 1165
20274 1022
20275 1165
20276 1165
20277 1165
20278 1165
20279 1165
20280 1407
20281 1023
20282 1024
20283 1023
20284 1165
20285 1165
20286 1165
20287 1165
20288 1165
20289 1165
20290 1165
20291 1165
20292 1165
20293 1165
20294 1165
20295 1165
20296 1165
20297 1165
20298 1165
20299 1165
20300 1165
20301 1165
20302 1165
20303 374
20304 1165
20305 1165
20306 1165
20307 1165
20308 1165
20309 1165
20310 1165
20311 1165
20312 1165
20313 1165
20314 1165
20315 3
20316 1165
20317 1418
20318 1165
20319 1165
20320 1021
20321 1165
20322 187
20323 1165
20324 1165
20325 1165
20326 1165
20327 1165
20328 1165
20329 1165
20330 677
20331 1165
20332 1564
20333 1165
20334 1165
20335 1165
20336 1165
20337 1165
20338 1165
20339 1165
20340 1165
20341 1165
20342 1165
20343 1165
20344 1165
20345 1165
20346 1165
20347 1025
20348 1026
20349 1165
20350 1518
20351 1165
20352 1165
20353 1165
20354 1165
20355 1165
20356 1165
20357 1165
20358 1165
20359 1165
20360 1165
20361 1165
20362 1165
20363 1165
20364 1165
20365 1165
20366 1168
20367 1165
20368 1165
20369 1165
20370 1165
20371 1165
20372 1165
20373 1165
20374 374
20375 1165
20376 1165
20377 1165
20378 1165
20379 1165
20380 1165
20381 1165
20382 1426
20383 1024
20384 1165
20385 1165
20386 1165
20387 1165
20388 1165
20389 1165
20390 1027
20391 1028
20392 1165
20393 1165
20394 106
20395 106
20396 106
20397 1029
20398 1030
20399 233
20400 1168
20401 1168
20402 1168
20403 1168
20404 233
20405 233
20406 233
20407 1031
20408 233
20409 233
20410 233
20411 1168
20412 233
20413 233
20414 233
20415 233
20416 233
20417 233
20418 1032
20419 233
20420 233
20421 233
20422 233
20423 233
20424 233
20425 233
20426 233
20427 233
20428 3
20429 1033
20430 1033
20431 1033
20432 1034
20433 1035
20434 1033
20435 1036
20436 1036
20437 1036
20438 998
20439 999
20440 999
20441 999
20442 999
20443 999
20444 998
20445 999
20446 999
20447 999
20448 999
20449 999
20450 999
20451 999
20452 999
20453 1037
20454 1037
20455 1038
20456 1038
20457 1039
20458 1040
20459 1039
20460 1039
20461 1040
20462 1041
20463 1041
20464 1041
20465 1042
20466 1042
20467 1042
20468 1042
20469 1042
20470 233
20471 1102
20472 1168
20473 1043
20474 1044
20475 233
20476 233
20477 233
20478 233
20479 233
20480 409
20481 409
20482 374
20483 187
20484 187
20485 374
20486 187
20487 187
20488 187
20489 187
20490 187
20491 187
20492 187
20493 187
20494 187
20495 187
20496 187
20497 187
20498 187
20499 187
20500 187
20501 187
20502 187
20503 849
20504 374
20505 187
20506 187
20507 187
20508 187
20509 374
20510 187
20511 187
20512 187
20513 187
20514 187
20515 187
20516 374
20517 187
20518 187
20519 187
20520 106
20521 187
20522 187
20523 187
20524 187
20525 187
20526 187
20527 187
20528 187
20529 374
20530 187
20531 187
20532 187
20533 187
20534 187
20535 187
20536 187
20537 374
20538 187
20539 187
20540 187
20541 1415
20542 1415
20543 187
20544 187
20545 187
20546 187
20547 187
20548 374
20549 187
20550 187
20551 187
20552 187
20553 187
20554 187
20555 187
20556 374
20557 374
20558 187
20559 187
20560 187
20561 187
20562 187
20563 187
20564 187
20565 187
20566 187
20567 187
20568 187
20569 187
20570 187
20571 187
20572 187
20573 187
20574 187
20575 187
20576 187
20577 187
20578 374
20579 1471
20580 374
20581 374
20582 187
20583 374
20584 187
20585 187
20586 187
20587 187
20588 187
20589 187
20590 187
20591 187
20592 187
20593 187
20594 187
20595 187
20596 187
20597 187
20598 187
20599 187
20600 187
20601 1168
20602 1168
20603 1168
20604 1168
20605 129
20606 129
20607 129
20608 1165
20609 1165
20610 1165
20611 1165
20612 1165
20613 1165
20614 1165
20615 1165
20616 1165
20617 1165
20618 1165
20619 1165
20620 1165
20621 1165
20622 1165
20623 1165
20624 1165
20625 1165
20626 1165
20627 1165
20628 1165
20629 1165
20630 1357
20631 233
20632 783
20633 783
20634 783
20635 106
20636 106
20637 106
20638 1168
20639 749
20640 3
20641 1168
20642 1168
20643 233
20644 3
20645 1045
20646 1168
20647 1168
20648 1168
20649 1052
20650 1046
20651 1168
20652 233
20653 233
20654 233
20655 233
20656 1047
20657 1168
20658 1588
20659 233
20660 1168
20661 233
20662 233
20663 1168
20664 1168
20665 1050
20666 1168
20667 1168
20668 1047
20669 233
20670 1053
20671 1054
20672 1168
20673 1168
20674 233
20675 233
20676 233
20677 1048
20678 1049
20679 1168
20680 1576
20681 1168
20682 233
20683 1168
20684 1168
20685 233
20686 233
20687 233
20688 1576
20689 233
20690 233
20691 1168
20692 1054
20693 233
20694 1050
20695 1168
20696 1051
20697 1168
20698 1168
20699 1168
20700 1168
20701 1168
20702 1052
20703 1168
20704 1168
20705 1168
20706 1168
20707 1168
20708 233
20709 1168
20710 1568
20711 1568
20712 1168
20713 1168
20714 1168
20715 1168
20716 1053
20717 1051
20718 1168
20719 233
20720 233
20721 233
20722 1168
20723 1168
20724 1168
20725 1168
20726 1054
20727 1168
20728 1168
20729 1168
20730 1168
20731 1168
20732 233
20733 233
20734 1168
20735 849
20736 1168
20737 233
20738 233
20739 1168
20740 1168
20741 1168
20742 1168
20743 1168
20744 1168
20745 233
20746 233
20747 233
20748 233
20749 1168
20750 1055
20751 1056
20752 1165
20753 1168
20754 106
20755 1168
20756 1168
20757 1168
20758 1168
20759 106
20760 106
20761 1168
20762 164
20763 1168
20764 1057
20765 129
20766 1092
20767 409
20768 409
20769 409
20770 129
20771 129
20772 1058
20773 1059
20774 1059
20775 1059
20776 1059
20777 1059
20778 1060
20779 1060
20780 1060
20781 1060
20782 1060
20783 1060
20784 1060
20785 1060
20786 1060
20787 1060
20788 1060
20789 1060
20790 1060
20791 1060
20792 1060
20793 1061
20794 1062
20795 1060
20796 163
20797 163
20798 1063
20799 1063
20800 1063
20801 1063
20802 1064
20803 1064
20804 1064
20805 1065
20806 1066
20807 1067
20808 1067
20809 1067
20810 1067
20811 1168
20812 1168
20813 233
20814 233
20815 7
20816 2177
20817 1165
20818 1165
20819 2182
20820 1068
20821 1068
20822 1068
20823 1068
20824 1068
20825 495
20826 1069
20827 1069
20828 1069
20829 1069
20830 677
20831 677
20832 1069
20833 916
20834 3
20835 1168
20836 1168
20837 1168
20838 1168
20839 1168
20840 164
20841 1168
20842 1168
20843 1168
20844 1168
20845 1168
20846 1168
20847 1168
20848 1168
20849 1168
20850 1168
20851 1357
20852 1168
20853 1168
20854 1168
20855 233
20856 233
20857 233
20858 233
20859 1168
20860 1168
20861 1168
20862 1168
20863 233
20864 1168
20865 3
20866 1168
20867 1168
20868 1168
20869 1168
20870 1168
20871 233
20872 1168
20873 233
20874 1168
20875 1168
20876 1168
20877 1168
20878 1168
20879 1168
20880 1168
20881 1168
20882 1168
20883 1168
20884 1168
20885 1168
20886 1168
20887 1070
20888 1071
20889 233
20890 233
20891 1168
20892 1168
20893 1168
20894 1168
20895 1168
20896 1168
20897 1168
20898 1168
20899 1168
20900 1168
20901 1072
20902 1073
20903 1074
20904 1074
20905 1074
20906 999
20907 677
20908 677
20909 1357
20910 1357
20911 1357
20912 1357
20913 1357
20914 677
20915 1075
20916 852
20917 1075
20918 1076
20919 1077
20920 1168
20921 3834
20922 42
20923 42
20924 1078
20925 2078
20926 42
20927 42
20928 1079
20929 1079
20930 1079
20931 749
20932 749
20933 1357
20934 749
20935 749
20936 749
20937 749
20938 749
20939 1165
20940 749
20941 749
20942 749
20943 749
20944 749
20945 164
20946 749
20947 749
20948 749
20949 749
20950 749
20951 749
20952 749
20953 749
20954 749
20955 749
20956 1165
20957 749
20958 749
20959 1165
20960 749
20961 749
20962 233
20963 1168
20964 233
20965 233
20966 1869
20967 1850
20968 1271
20969 108
20970 1168
20971 1080
20972 1080
20973 1080
20974 1080
20975 233
20976 233
20977 3
20978 233
20979 164
20980 1081
20981 1081
20982 1081
20983 1081
20984 1081
20985 106
20986 1082
20987 1083
20988 164
20989 164
20990 267
20991 164
20992 164
20993 164
20994 164
20995 164
20996 164
20997 164
20998 164
20999 164
21000 164
21001 164
21002 1165
21003 233
21004 233
21005 233
21006 233
21007 233
21008 1084
21009 233
21010 1168
21011 1168
21012 1168
21013 233
21014 233
21015 233
21016 233
21017 233
21018 233
21019 1085
21020 233
21021 233
21022 233
21023 233
21024 233
21025 233
21026 1086
21027 1168
21028 1087
21029 1086
21030 233
21031 233
21032 1087
21033 233
21034 233
21035 1168
21036 1168
21037 1168
21038 233
21039 233
21040 233
21041 233
21042 1088
21043 1088
21044 1089
21045 233
21046 1168
21047 233
21048 233
21049 233
21050 1168
21051 233
21052 233
21053 233
21054 233
21055 1087
21056 233
21057 233
21058 233
21059 1090
21060 284
21061 233
21062 233
21063 1091
21064 1091
21065 233
21066 233
21067 233
21068 233
21069 233
21070 233
21071 233
21072 29
21073 233
21074 233
21075 233
21076 233
21077 233
21078 233
21079 233
21080 233
21081 233
21082 233
21083 233
21084 233
21085 29
21086 233
21087 233
21088 233
21089 1850
21090 233
21091 233
21092 3
21093 233
21094 233
21095 233
21096 233
21097 233
21098 1092
21099 233
21100 106
21101 1165
21102 164
21103 106
21104 164
21105 106
21106 106
21107 106
21108 1168
21109 233
21110 1093
21111 1094
21112 1357
21113 164
21114 164
21115 164
21116 1095
21117 1095
21118 1095
21119 1095
21120 1095
21121 1095
21122 1095
21123 1095
21124 1095
21125 1095
21126 1095
21127 1095
21128 1095
21129 1095
21130 1095
21131 1095
21132 1095
21133 1096
21134 1096
21135 1096
21136 1096
21137 1168
21138 1097
21139 1098
21140 1099
21141 1100
21142 1168
21143 1168
21144 1168
21145 1108
21146 3474
21147 1168
21148 1101
21149 233
21150 1168
21151 1168
21152 1168
21153 1168
21154 1168
21155 1168
21156 1168
21157 1168
21158 10
21159 1102
21160 1102
21161 1102
21162 233
21163 1168
21164 233
21165 1168
21166 1168
21167 88
21168 1168
21169 1168
21170 1168
21171 1168
21172 1168
21173 10
21174 1168
21175 1168
21176 1168
21177 1168
21178 1168
21179 1168
21180 1168
21181 1103
21182 703
21183 1168
21184 1168
21185 1168
21186 1168
21187 1168
21188 1168
21189 703
21190 1168
21191 1168
21192 1168
21193 1168
21194 1102
21195 1168
21196 1168
21197 1168
21198 1101
21199 1103
21200 1168
21201 1168
21202 1168
21203 1168
21204 1103
21205 1168
21206 1168
21207 1168
21208 1168
21209 1168
21210 233
21211 1168
21212 1168
21213 1168
21214 1168
21215 86
21216 1168
21217 1168
21218 1168
21219 1168
21220 10
21221 1168
21222 1168
21223 1102
21224 1168
21225 1168
21226 1168
21227 1168
21228 1168
21229 1104
21230 1105
21231 1106
21232 1107
21233 1107
21234 1107
21235 1000
21236 1108
21237 409
21238 409
21239 1109
21240 1110
21241 233
21242 1357
21243 1357
21244 1111
21245 1111
21246 1111
21247 1111
21248 1112
21249 1113
21250 1113
21251 1114
21252 1114
21253 1165
21254 1165
21255 1165
21256 1165
21257 121
21258 121
21259 121
21260 1116
21261 1117
21262 233
21263 1168
21264 1118
21265 1168
21266 1168
21267 1118
21268 1168
21269 1168
21270 1168
21271 1168
21272 1168
21273 1168
21274 1168
21275 1168
21276 1168
21277 1168
21278 1168
21279 1168
21280 1168
21281 1168
21282 1168
21283 1168
21284 3260
21285 3260
21286 2498
21287 1118
21288 1168
21289 1168
21290 1119
21291 1168
21292 1168
21293 1168
21294 1168
21295 1118
21296 23
21297 1168
21298 1168
21299 187
21300 1168
21301 1168
21302 1168
21303 1168
21304 1168
21305 1168
21306 233
21307 1168
21308 1120
21309 1168
21310 1168
21311 1168
21312 1118
21313 1168
21314 1121
21315 1168
21316 1122
21317 1122
21318 1122
21319 1422
21320 233
21321 233
21322 233
21323 1168
21324 1168
21325 1168
21326 1168
21327 1168
21328 1168
21329 233
21330 1422
21331 129
21332 409
21333 233
21334 233
21335 129
21336 1165
21337 233
21338 233
21339 1422
21340 1124
21341 1124
21342 1124
21343 106
21344 106
21345 1299
21346 233
21347 1076
21348 3068
21349 1260
21350 2110
21351 233
21352 1168
21353 233
21354 1168
21355 1125
21356 1126
21357 1127
21358 1168
21359 1168
21360 1125
21361 1128
21362 1168
21363 1168
21364 1168
21365 1168
21366 233
21367 233
21368 233
21369 233
21370 233
21371 233
21372 233
21373 233
21374 233
21375 1168
21376 1168
21377 1168
21378 1129
21379 1168
21380 1127
21381 1168
21382 495
21383 1130
21384 1131
21385 1131
21386 3
21387 1132
21388 1133
21389 164
21390 164
21391 164
21392 164
21393 1357
21394 1357
21395 164
21396 164
21397 1165
21398 1165
21399 1165
21400 164
21401 1165
21402 1165
21403 1165
21404 1165
21405 1165
21406 1165
21407 1165
21408 1165
21409 1165
21410 1165
21411 1165
21412 1165
21413 1165
21414 1165
21415 1165
21416 1165
21417 1165
21418 1165
21419 1165
21420 1165
21421 1165
21422 1165
21423 1165
21424 1165
21425 1165
21426 1165
21427 1165
21428 1165
21429 1165
21430 1165
21431 1165
21432 1165
21433 3
21434 164
21435 3
21436 3
21437 3
21438 3
21439 3
21440 3
21441 3
21442 3
21443 3
21444 1134
21445 1135
21446 677
21447 164
21448 164
21449 164
21450 164
21451 164
21452 3
21453 3
21454 3
21455 3
21456 3
21457 3
21458 3
21459 3
21460 3
21461 3
21462 1357
21463 1357
21464 1165
21465 1165
21466 164
21467 164
21468 1357
21469 1357
21470 164
21471 1357
21472 1357
21473 164
21474 516
21475 516
21476 516
21477 164
21478 164
21479 164
21480 164
21481 1165
21482 164
21483 164
21484 164
21485 1165
21486 164
21487 164
21488 1165
21489 164
21490 164
21491 164
21492 164
21493 164
21494 164
21495 1357
21496 164
21497 409
21498 1357
21499 409
21500 1357
21501 409
21502 1357
21503 1357
21504 409
21505 1357
21506 1165
21507 1357
21508 1357
21509 1357
21510 409
21511 1357
21512 1357
21513 1357
21514 1357
21515 1357
21516 2235
21517 1357
21518 409
21519 1357
21520 1357
21521 1357
21522 1357
21523 1357
21524 1357
21525 1357
21526 2235
21527 106
21528 106
21529 1357
21530 106
21531 1357
21532 1357
21533 1357
21534 129
21535 1357
21536 1357
21537 1357
21538 1357
21539 1357
21540 1357
21541 1357
21542 1357
21543 1357
21544 409
21545 409
21546 1357
21547 1357
21548 1136
21549 1137
21550 106
21551 1357
21552 1357
21553 1357
21554 409
21555 1357
21556 233
21557 3
21558 164
21559 164
21560 3681
21561 164
21562 164
21563 164
21564 164
21565 164
21566 164
21567 164
21568 164
21569 164
21570 164
21571 164
21572 164
21573 164
21574 164
21575 164
21576 164
21577 164
21578 164
21579 1141
21580 3082
21581 1140
21582 1140
21583 164
21584 164
21585 164
21586 164
21587 164
21588 164
21589 164
21590 164
21591 164
21592 164
21593 164
21594 164
21595 164
21596 233
21597 164
21598 164
21599 164
21600 164
21601 164
21602 164
21603 164
21604 164
21605 164
21606 164
21607 164
21608 164
21609 164
21610 164
21611 164
21612 164
21613 164
21614 164
21615 164
21616 164
21617 164
21618 164
21619 164
21620 3688
21621 164
21622 164
21623 164
21624 1141
21625 164
21626 1138
21627 1139
21628 164
21629 164
21630 164
21631 164
21632 164
21633 164
21634 164
21635 164
21636 164
21637 3128
21638 1140
21639 164
21640 1141
21641 164
21642 164
21643 164
21644 164
21645 164
21646 3688
21647 164
21648 164
21649 164
21650 1138
21651 1142
21652 1143
21653 164
21654 164
21655 164
21656 164
21657 164
21658 164
21659 164
21660 164
21661 164
21662 164
21663 164
21664 164
21665 164
21666 164
21667 164
21668 164
21669 164
21670 164
21671 164
21672 164
21673 164
21674 374
21675 164
21676 164
21677 164
21678 1141
21679 164
21680 1144
21681 164
21682 164
21683 164
21684 164
21685 164
21686 164
21687 164
21688 164
21689 164
21690 164
21691 1145
21692 1146
21693 164
21694 164
21695 164
21696 164
21697 164
21698 164
21699 60
21700 60
21701 1168
21702 164
21703 164
21704 164
21705 164
21706 3694
21707 164
21708 164
21709 164
21710 1147
21711 1148
21712 164
21713 164
21714 164
21715 164
21716 164
21717 164
21718 164
21719 164
21720 164
21721 1141
21722 1141
21723 164
21724 164
21725 164
21726 164
21727 1149
21728 1150
21729 164
21730 164
21731 164
21732 1151
21733 164
21734 164
21735 3681
21736 164
21737 164
21738 164
21739 164
21740 164
21741 164
21742 164
21743 164
21744 164
21745 164
21746 164
21747 164
21748 164
21749 164
21750 164
21751 164
21752 164
21753 164
21754 164
21755 164
21756 3681
21757 164
21758 164
21759 164
21760 164
21761 164
21762 164
21763 164
21764 3716
21765 1165
21766 164
21767 164
21768 164
21769 164
21770 164
21771 1152
21772 1153
21773 164
21774 164
21775 164
21776 164
21777 164
21778 164
21779 164
21780 164
21781 164
21782 164
21783 87
21784 164
21785 164
21786 3712
21787 164
21788 164
21789 164
21790 164
21791 164
21792 164
21793 164
21794 164
21795 164
21796 164
21797 164
21798 164
21799 164
21800 164
21801 3694
21802 164
21803 164
21804 164
21805 164
21806 164
21807 164
21808 164
21809 164
21810 164
21811 164
21812 164
21813 164
21814 164
21815 164
21816 164
21817 164
21818 164
21819 164
21820 164
21821 164
21822 164
21823 164
21824 164
21825 164
21826 164
21827 1155
21828 1154
21829 3688
21830 164
21831 164
21832 164
21833 164
21834 164
21835 164
21836 164
21837 164
21838 164
21839 164
21840 164
21841 164
21842 164
21843 164
21844 164
21845 495
21846 164
21847 164
21848 60
21849 164
21850 164
21851 164
21852 164
21853 164
21854 297
21855 164
21856 164
21857 164
21858 164
21859 1154
21860 1155
21861 1155
21862 164
21863 164
21864 164
21865 164
21866 164
21867 164
21868 164
21869 164
21870 164
21871 164
21872 164
21873 164
21874 164
21875 164
21876 164
21877 164
21878 164
21879 164
21880 164
21881 1156
21882 164
21883 164
21884 164
21885 164
21886 164
21887 164
21888 164
21889 164
21890 164
21891 164
21892 164
21893 164
21894 1157
21895 1158
21896 164
21897 164
21898 164
21899 2436
21900 164
21901 164
21902 164
21903 164
21904 164
21905 3679
21906 164
21907 164
21908 164
21909 164
21910 164
21911 164
21912 164
21913 1057
21914 164
21915 164
21916 164
21917 164
21918 21
21919 164
21920 1159
21921 1160
21922 87
21923 164
21924 164
21925 164
21926 164
21927 164
21928 164
21929 164
21930 164
21931 164
21932 164
21933 3679
21934 164
21935 164
21936 164
21937 164
21938 164
21939 164
21940 21
21941 129
21942 164
21943 164
21944 164
21945 164
21946 164
21947 164
21948 164
21949 164
21950 164
21951 164
21952 164
21953 164
21954 164
21955 164
21956 3682
21957 164
21958 164
21959 164
21960 164
21961 164
21962 164
21963 1165
21964 164
21965 164
21966 3689
21967 164
21968 164
21969 164
21970 164
21971 3
21972 164
21973 164
21974 87
21975 87
21976 87
21977 87
21978 87
21979 164
21980 164
21981 164
21982 164
21983 164
21984 164
21985 164
21986 164
21987 164
21988 164
21989 164
21990 164
21991 164
21992 1161
21993 1162
21994 164
21995 164
21996 164
21997 164
21998 106
21999 164
22000 87
22001 164
22002 164
22003 3678
22004 164
22005 3679
22006 3
22007 3
22008 3
22009 3
22010 164
22011 164
22012 1165
22013 1165
22014 1165
22015 1165
22016 1165
22017 1165
22018 1165
22019 1165
22020 1969
22021 1165
22022 1165
22023 1165
22024 1969
22025 1969
22026 1165
22027 1165
22028 1165
22029 1165
22030 1165
22031 1165
22032 1165
22033 164
22034 164
22035 1165
22036 164
22037 164
22038 1163
22039 1163
22040 1163
22041 1163
22042 1163
22043 1357
22044 1357
22045 3
22046 677
22047 677
22048 677
22049 1165
22050 164
22051 164
22052 164
22053 164
22054 164
22055 164
22056 164
22057 164
22058 164
22059 164
22060 1357
22061 1357
22062 1357
22063 1165
22064 164
22065 164
22066 164
22067 3
22068 3
22069 3
22070 3
22071 1357
22072 1164
22073 1164
22074 436
22075 436
22076 164
22077 164
22078 164
22079 164
22080 164
22081 164
22082 164
22083 164
22084 164
22085 164
22086 164
22087 164
22088 0
22089 0
22090 3
22091 164
22092 164
22093 1357
22094 164
22095 164
22096 233
22097 233
22098 233
22099 749
22100 1165
22101 1165
22102 164
22103 164
22104 164
22105 164
22106 1165
22107 749
22108 749
22109 749
22110 749
22111 1165
22112 1165
22113 1357
22114 129
22115 1168
22116 1168
22117 1168
22118 1168
22119 164
22120 106
22121 3
22122 164
22123 164
22124 164
22125 164
22126 106
22127 1165
22128 1165
22129 1165
22130 164
22131 164
22132 164
22133 3
22134 3
22135 3
22136 1166
22137 1167
22138 1167
22139 164
22140 164
22141 6
22142 3
22143 1357
22144 3
22145 1357
22146 164
22147 677
22148 164
22149 164
22150 164
22151 1357
22152 1357
22153 164
22154 164
22155 164
22156 164
22157 1357
22158 1357
22159 1591
22160 1591
22161 1591
22162 677
22163 677
22164 677
22165 677
22166 677
22167 106
22168 164
22169 1357
22170 1357
22171 164
22172 1169
22173 1169
22174 1169
22175 164
22176 1165
22177 1165
22178 1165
22179 1165
22180 1165
22181 1165
22182 1165
22183 1165
22184 1165
22185 1165
22186 1165
22187 164
22188 1165
22189 1165
22190 1165
22191 1165
22192 1165
22193 1165
22194 1165
22195 1165
22196 1170
22197 1171
22198 495
22199 164
22200 164
22201 164
22202 1165
22203 1172
22204 495
22205 164
22206 1165
22207 1165
22208 1165
22209 1165
22210 1173
22211 1174
22212 1165
22213 164
22214 1165
22215 1165
22216 1165
22217 1165
22218 1165
22219 1165
22220 1165
22221 495
22222 495
22223 495
22224 1165
22225 164
22226 1165
22227 1165
22228 1175
22229 1165
22230 1165
22231 1165
22232 1165
22233 1165
22234 1165
22235 1165
22236 164
22237 164
22238 1165
22239 1165
22240 3
22241 1165
22242 495
22243 495
22244 1165
22245 2403
22246 1357
22247 1357
22248 164
22249 164
22250 1165
22251 1357
22252 164
22253 1165
22254 1165
22255 1165
22256 1165
22257 164
22258 164
22259 1165
22260 1165
22261 1357
22262 1357
22263 1165
22264 1165
22265 1165
22266 1165
22267 1165
22268 1165
22269 1165
22270 1165
22271 1165
22272 164
22273 1165
22274 1165
22275 1165
22276 1165
22277 1165
22278 1165
22279 1165
22280 1165
22281 164
22282 164
22283 1165
22284 1165
22285 495
22286 495
22287 495
22288 164
22289 1165
22290 1165
22291 1165
22292 1165
22293 1165
22294 1165
22295 1165
22296 1165
22297 1165
22298 1165
22299 1165
22300 1165
22301 2403
22302 1165
22303 1165
22304 1165
22305 1165
22306 1165
22307 1176
22308 1177
22309 1165
22310 164
22311 1357
22312 1165
22313 1165
22314 1165
22315 1165
22316 1165
22317 1165
22318 1165
22319 1165
22320 1165
22321 1165
22322 1165
22323 1165
22324 1165
22325 1165
22326 1165
22327 1165
22328 1165
22329 1165
22330 1165
22331 1165
22332 1165
22333 1165
22334 1165
22335 1165
22336 1165
22337 1165
22338 1165
22339 1165
22340 164
22341 34
22342 164
22343 1165
22344 1178
22345 1357
22346 233
22347 233
22348 1357
22349 1357
22350 1357
22351 1357
22352 1357
22353 1357
22354 1357
22355 1357
22356 233
22357 1357
22358 1357
22359 233
22360 1357
22361 1357
22362 1357
22363 1357
22364 1179
22365 1179
22366 1179
22367 495
22368 495
22369 495
22370 495
22371 495
22372 3
22373 1357
22374 1357
22375 3
22376 164
22377 164
22378 3
22379 164
22380 164
22381 164
22382 164
22383 1180
22384 1181
22385 1165
22386 164
22387 1182
22388 1182
22389 1182
22390 1182
22391 3
22392 495
22393 1357
22394 1183
22395 1184
22396 164
22397 3373
22398 164
22399 495
22400 495
22401 3
22402 3
22403 164
22404 1357
22405 1357
22406 1357
22407 1357
22408 1357
22409 1357
22410 1168
22411 3
22412 3
22413 1357
22414 1165
22415 164
22416 164
22417 1357
22418 1357
22419 1185
22420 1186
22421 1357
22422 1168
22423 1168
22424 1187
22425 1188
22426 495
22427 495
22428 1357
22429 129
22430 129
22431 1357
22432 1357
22433 164
22434 1357
22435 1357
22436 1357
22437 1357
22438 1357
22439 1357
22440 1165
22441 1357
22442 164
22443 1189
22444 1190
22445 106
22446 1165
22447 1165
22448 1165
22449 1165
22450 1165
22451 87
22452 1191
22453 1192
22454 164
22455 164
22456 164
22457 3
22458 3
22459 495
22460 1357
22461 528
22462 528
22463 1165
22464 1165
22465 1165
22466 1165
22467 1357
22468 164
22469 164
22470 1193
22471 1193
22472 1194
22473 1193
22474 1193
22475 1193
22476 1193
22477 3
22478 53
22479 1165
22480 106
22481 1165
22482 1165
22483 1165
22484 495
22485 1357
22486 1357
22487 1357
22488 1357
22489 1195
22490 1196
22491 1197
22492 1197
22493 1197
22494 1357
22495 1168
22496 1168
22497 164
22498 164
22499 818
22500 818
22501 3
22502 1357
22503 3
22504 736
22505 736
22506 736
22507 1168
22508 3
22509 3
22510 3
22511 1168
22512 164
22513 164
22514 233
22515 164
22516 233
22517 233
22518 106
22519 106
22520 106
22521 106
22522 106
22523 164
22524 164
22525 233
22526 164
22527 164
22528 164
22529 677
22530 233
22531 233
22532 677
22533 233
22534 164
22535 164
22536 164
22537 164
22538 164
22539 164
22540 3373
22541 1165
22542 495
22543 495
22544 495
22545 1165
22546 1165
22547 1165
22548 1165
22549 1165
22550 1165
22551 1165
22552 1165
22553 1165
22554 1165
22555 1165
22556 1165
22557 1165
22558 1165
22559 1165
22560 1165
22561 1198
22562 3275
22563 1198
22564 1198
22565 1165
22566 1165
22567 1165
22568 1165
22569 1165
22570 1165
22571 1165
22572 1165
22573 1165
22574 1357
22575 1357
22576 1165
22577 3
22578 1357
22579 164
22580 106
22581 106
22582 106
22583 3
22584 3
22585 3
22586 495
22587 495
22588 3350
22589 1199
22590 1200
22591 106
22592 164
22593 164
22594 164
22595 677
22596 677
22597 677
22598 106
22599 106
22600 106
22601 106
22602 106
22603 267
22604 164
22605 1357
22606 164
22607 164
22608 164
22609 3373
22610 3373
22611 3373
22612 3
22613 3
22614 1201
22615 1201
22616 1201
22617 1201
22618 285
22619 285
22620 285
22621 285
22622 285
22623 285
22624 1202
22625 1202
22626 1202
22627 1202
22628 1202
22629 1202
22630 106
22631 106
22632 106
22633 106
22634 106
22635 164
22636 121
22637 164
22638 164
22639 164
22640 164
22641 164
22642 736
22643 164
22644 736
22645 164
22646 164
22647 22
22648 164
22649 736
22650 164
22651 106
22652 22
22653 164
22654 164
22655 22
22656 164
22657 164
22658 736
22659 736
22660 736
22661 164
22662 164
22663 736
22664 164
22665 164
22666 164
22667 164
22668 729
22669 729
22670 729
22671 164
22672 1203
22673 1204
22674 164
22675 164
22676 736
22677 164
22678 164
22679 22
22680 164
22681 164
22682 164
22683 164
22684 729
22685 164
22686 164
22687 189
22688 164
22689 164
22690 164
22691 164
22692 22
22693 164
22694 2464
22695 164
22696 164
22697 164
22698 164
22699 106
22700 164
22701 164
22702 164
22703 164
22704 164
22705 164
22706 164
22707 164
22708 736
22709 164
22710 164
22711 164
22712 164
22713 164
22714 164
22715 164
22716 164
22717 164
22718 164
22719 164
22720 164
22721 736
22722 164
22723 164
22724 164
22725 164
22726 164
22727 164
22728 164
22729 164
22730 164
22731 164
22732 164
22733 164
22734 3067
22735 164
22736 164
22737 164
22738 3067
22739 164
22740 164
22741 164
22742 164
22743 2116
22744 1205
22745 1205
22746 1205
22747 1205
22748 1205
22749 1205
22750 1205
22751 1205
22752 164
22753 729
22754 729
22755 164
22756 164
22757 1591
22758 164
22759 495
22760 495
22761 677
22762 677
22763 677
22764 677
22765 1206
22766 1207
22767 164
22768 233
22769 233
22770 164
22771 164
22772 1208
22773 1209
22774 1357
22775 1357
22776 1357
22777 1357
22778 1357
22779 164
22780 164
22781 164
22782 164
22783 164
22784 1210
22785 1211
22786 164
22787 164
22788 164
22789 451
22790 1212
22791 1213
22792 164
22793 164
22794 164
22795 436
22796 164
22797 164
22798 1208
22799 164
22800 164
22801 233
22802 164
22803 3350
22804 3350
22805 164
22806 164
22807 409
22808 164
22809 164
22810 164
22811 164
22812 164
22813 164
22814 436
22815 436
22816 164
22817 164
22818 164
22819 164
22820 164
22821 164
22822 164
22823 164
22824 164
22825 164
22826 164
22827 164
22828 164
22829 164
22830 164
22831 164
22832 1449
22833 164
22834 164
22835 164
22836 409
22837 164
22838 164
22839 164
22840 164
22841 164
22842 164
22843 164
22844 164
22845 164
22846 164
22847 164
22848 164
22849 233
22850 233
22851 164
22852 677
22853 164
22854 164
22855 1214
22856 495
22857 495
22858 495
22859 164
22860 164
22861 164
22862 164
22863 164
22864 164
22865 164
22866 60
22867 164
22868 436
22869 18
22870 164
22871 164
22872 164
22873 164
22874 164
22875 233
22876 164
22877 164
22878 164
22879 164
22880 164
22881 164
22882 164
22883 164
22884 164
22885 164
22886 164
22887 164
22888 1215
22889 164
22890 1216
22891 1217
22892 164
22893 164
22894 164
22895 495
22896 495
22897 106
22898 1357
22899 1357
22900 164
22901 164
22902 164
22903 164
22904 164
22905 164
22906 164
22907 164
22908 1165
22909 164
22910 1165
22911 1165
22912 1165
22913 1165
22914 1165
22915 1165
22916 1165
22917 1218
22918 1219
22919 3
22920 3
22921 3
22922 10
22923 10
22924 10
22925 10
22926 1220
22927 1221
22928 100
22929 10
22930 10
22931 10
22932 10
22933 425
22934 449
22935 10
22936 10
22937 10
22938 10
22939 10
22940 10
22941 10
22942 0
22943 10
22944 10
22945 10
22946 10
22947 10
22948 10
22949 10
22950 10
22951 10
22952 10
22953 10
22954 10
22955 10
22956 10
22957 10
22958 10
22959 10
22960 425
22961 10
22962 10
22963 10
22964 10
22965 10
22966 10
22967 10
22968 10
22969 10
22970 10
22971 188
22972 10
22973 10
22974 10
22975 425
22976 10
22977 10
22978 10
22979 10
22980 100
22981 10
22982 10
22983 425
22984 10
22985 10
22986 10
22987 10
22988 10
22989 10
22990 10
22991 10
22992 10
22993 10
22994 10
22995 10
22996 10
22997 10
22998 10
22999 10
23000 10
23001 10
23002 10
23003 10
23004 10
23005 10
23006 10
23007 1165
23008 1222
23009 1222
23010 1222
23011 1357
23012 164
23013 164
23014 1165
23015 1165
23016 1165
23017 677
23018 3
23019 1165
23020 1165
23021 1165
23022 1165
23023 1165
23024 1165
23025 1165
23026 1165
23027 1165
23028 1165
23029 1165
23030 1165
23031 1165
23032 1165
23033 1165
23034 1165
23035 1165
23036 1165
23037 1165
23038 1223
23039 1165
23040 1165
23041 1165
23042 1165
23043 1165
23044 1165
23045 1165
23046 1165
23047 1165
23048 1165
23049 164
23050 1165
23051 1165
23052 1224
23053 1225
23054 1165
23055 1165
23056 1165
23057 1165
23058 1165
23059 1165
23060 1165
23061 1226
23062 1227
23063 1165
23064 1165
23065 1165
23066 1228
23067 1229
23068 1228
23069 1165
23070 1165
23071 1165
23072 1165
23073 1165
23074 1165
23075 1230
23076 1165
23077 1165
23078 1231
23079 1232
23080 1165
23081 1229
23082 1165
23083 1165
23084 1165
23085 1165
23086 1165
23087 1165
23088 1165
23089 1165
23090 1165
23091 1165
23092 1165
23093 1165
23094 1165
23095 677
23096 1165
23097 1165
23098 1165
23099 164
23100 164
23101 1165
23102 106
23103 3
23104 1233
23105 1233
23106 1233
23107 1233
23108 1233
23109 1233
23110 3
23111 1165
23112 106
23113 3
23114 106
23115 1234
23116 1234
23117 1235
23118 1234
23119 1234
23120 1234
23121 1236
23122 1237
23123 106
23124 1165
23125 1165
23126 1165
23127 1165
23128 1165
23129 1165
23130 1165
23131 1165
23132 1238
23133 1165
23134 1165
23135 1240
23136 1165
23137 1165
23138 1165
23139 1165
23140 1165
23141 164
23142 1165
23143 1165
23144 1165
23145 1165
23146 1165
23147 1165
23148 1165
23149 1165
23150 1165
23151 1165
23152 1165
23153 1165
23154 1165
23155 1165
23156 1245
23157 1245
23158 1239
23159 1165
23160 1165
23161 1165
23162 1165
23163 1165
23164 1165
23165 1165
23166 1165
23167 1165
23168 1240
23169 1242
23170 1165
23171 1165
23172 1165
23173 1165
23174 1165
23175 1165
23176 1165
23177 1165
23178 1165
23179 267
23180 1165
23181 1165
23182 1242
23183 1242
23184 1165
23185 1165
23186 1241
23187 1165
23188 164
23189 164
23190 1165
23191 1242
23192 1165
23193 1165
23194 1165
23195 1165
23196 1165
23197 1165
23198 1165
23199 1243
23200 1244
23201 1239
23202 1239
23203 409
23204 164
23205 164
23206 1357
23207 1357
23208 1165
23209 1357
23210 1357
23211 1357
23212 1357
23213 233
23214 1357
23215 1246
23216 1247
23217 1248
23218 1249
23219 1357
23220 1357
23221 1357
23222 1357
23223 1250
23224 1251
23225 1357
23226 1357
23227 1357
23228 1252
23229 849
23230 1357
23231 1357
23232 1357
23233 1357
23234 1357
23235 1357
23236 1357
23237 1357
23238 1357
23239 1357
23240 59
23241 1253
23242 1357
23243 1357
23244 1357
23245 1357
23246 1254
23247 1255
23248 1357
23249 1357
23250 1357
23251 1357
23252 1357
23253 164
23254 1357
23255 1357
23256 1357
23257 1357
23258 1357
23259 1357
23260 1357
23261 121
23262 849
23263 1357
23264 3806
23265 1357
23266 1357
23267 1357
23268 1357
23269 1357
23270 1357
23271 1357
23272 1357
23273 1357
23274 1357
23275 1357
23276 1357
23277 1357
23278 1357
23279 1357
23280 1357
23281 1357
23282 106
23283 106
23284 106
23285 1165
23286 1165
23287 1165
23288 233
23289 1357
23290 164
23291 1256
23292 1257
23293 1258
23294 1259
23295 233
23296 233
23297 1357
23298 1168
23299 1168
23300 1168
23301 1168
23302 1168
23303 233
23304 1937
23305 1937
23306 233
23307 1260
23308 1261
23309 677
23310 1168
23311 106
23312 106
23313 106
23314 106
23315 106
23316 106
23317 106
23318 106
23319 677
23320 677
23321 1168
23322 106
23323 1168
23324 233
23325 1165
23326 1262
23327 1263
23328 1168
23329 1168
23330 1168
23331 1168
23332 1264
23333 1265
23334 1266
23335 1267
23336 1165
23337 164
23338 164
23339 164
23340 106
23341 1168
23342 495
23343 1165
23344 1165
23345 1165
23346 1165
23347 1165
23348 1165
23349 1165
23350 1165
23351 1165
23352 1165
23353 1165
23354 1165
23355 1165
23356 1165
23357 1165
23358 1165
23359 1165
23360 1165
23361 1165
23362 1165
23363 1165
23364 1165
23365 1165
23366 1165
23367 1165
23368 1165
23369 1165
23370 1165
23371 1165
23372 1165
23373 1165
23374 1165
23375 1165
23376 1165
23377 1165
23378 1165
23379 1165
23380 1165
23381 1165
23382 1165
23383 1165
23384 1165
23385 1165
23386 1165
23387 1165
23388 1165
23389 1165
23390 1165
23391 1165
23392 1165
23393 1165
23394 1165
23395 1165
23396 1165
23397 1165
23398 1165
23399 1165
23400 1165
23401 1165
23402 1165
23403 1165
23404 1165
23405 1165
23406 1165
23407 1165
23408 1165
23409 1165
23410 1165
23411 1268
23412 1269
23413 1165
23414 1165
23415 1165
23416 1165
23417 1165
23418 1165
23419 1165
23420 1165
23421 1165
23422 1165
23423 1165
23424 1165
23425 1165
23426 1165
23427 1165
23428 1165
23429 1165
23430 1165
23431 1165
23432 1165
23433 1165
23434 1165
23435 1165
23436 1165
23437 1165
23438 1165
23439 1165
23440 1165
23441 1165
23442 1165
23443 1165
23444 1165
23445 1165
23446 1165
23447 1165
23448 1165
23449 1165
23450 1165
23451 1165
23452 1165
23453 1165
23454 1165
23455 1165
23456 1165
23457 1165
23458 1165
23459 1165
23460 1165
23461 1165
23462 1165
23463 1165
23464 1165
23465 1165
23466 1165
23467 1165
23468 1165
23469 1165
23470 1165
23471 1165
23472 1165
23473 1165
23474 1165
23475 1165
23476 1165
23477 1165
23478 1165
23479 1165
23480 1165
23481 1270
23482 1165
23483 1626
23484 1626
23485 29
23486 1165
23487 1165
23488 1165
23489 1165
23490 1271
23491 1271
23492 1626
23493 1165
23494 1165
23495 1165
23496 1626
23497 1165
23498 1165
23499 1165
23500 1165
23501 1621
23502 1165
23503 1165
23504 1165
23505 1165
23506 1165
23507 1165
23508 1165
23509 1165
23510 1165
23511 1165
23512 1165
23513 1165
23514 1272
23515 1620
23516 1165
23517 1165
23518 1626
23519 1165
23520 1165
23521 1273
23522 1274
23523 1621
23524 1275
23525 1276
23526 1165
23527 1165
23528 1165
23529 1165
23530 1165
23531 1165
23532 1165
23533 1165
23534 1611
23535 1165
23536 1165
23537 1165
23538 1165
23539 1165
23540 1165
23541 1277
23542 1165
23543 1165
23544 1165
23545 1626
23546 1165
23547 1165
23548 1165
23549 1165
23550 1278
23551 1279
23552 1280
23553 1281
23554 1165
23555 1282
23556 1283
23557 1165
23558 1165
23559 1165
23560 1165
23561 1165
23562 1653
23563 1284
23564 1621
23565 1165
23566 1165
23567 1165
23568 1165
23569 1285
23570 1286
23571 1287
23572 1165
23573 1165
23574 1165
23575 1288
23576 1289
23577 1165
23578 1165
23579 1290
23580 1165
23581 1291
23582 1292
23583 29
23584 1165
23585 1165
23586 1165
23587 1165
23588 1165
23589 1165
23590 1165
23591 1165
23592 1165
23593 1165
23594 1165
23595 1165
23596 1165
23597 1165
23598 1165
23599 1165
23600 1165
23601 106
23602 1165
23603 1165
23604 1165
23605 1165
23606 1165
23607 1165
23608 1165
23609 1165
23610 1165
23611 1165
23612 1165
23613 1165
23614 1165
23615 1165
23616 1165
23617 1165
23618 1165
23619 1165
23620 1357
23621 1357
23622 1357
23623 1357
23624 1357
23625 1357
23626 409
23627 409
23628 1165
23629 1165
23630 1165
23631 1165
23632 1165
23633 1165
23634 1165
23635 1165
23636 1165
23637 1165
23638 1165
23639 1165
23640 1165
23641 1165
23642 1165
23643 1165
23644 1165
23645 1165
23646 3
23647 1165
23648 1293
23649 1294
23650 1294
23651 1294
23652 1294
23653 1294
23654 1294
23655 1294
23656 1294
23657 1294
23658 1294
23659 1165
23660 1165
23661 1165
23662 1165
23663 1165
23664 1165
23665 1165
23666 1165
23667 1165
23668 1165
23669 1165
23670 1165
23671 1165
23672 1165
23673 1165
23674 1165
23675 1165
23676 1165
23677 1165
23678 1295
23679 1296
23680 1297
23681 1298
23682 1165
23683 1165
23684 1165
23685 1165
23686 1165
23687 516
23688 1165
23689 1165
23690 1165
23691 1165
23692 1165
23693 1165
23694 1165
23695 1165
23696 1165
23697 1165
23698 1165
23699 1165
23700 1165
23701 1165
23702 1165
23703 1165
23704 1165
23705 1165
23706 1165
23707 1165
23708 1165
23709 1165
23710 1165
23711 1165
23712 1165
23713 1165
23714 1165
23715 1165
23716 1165
23717 1299
23718 1069
23719 1069
23720 1069
23721 1069
23722 3350
23723 1165
23724 1165
23725 1165
23726 1165
23727 1165
23728 1165
23729 1165
23730 1165
23731 1165
23732 1165
23733 1357
23734 1165
23735 1165
23736 1165
23737 1165
23738 1165
23739 1300
23740 1301
23741 1165
23742 1165
23743 1165
23744 1165
23745 1165
23746 1165
23747 1165
23748 1165
23749 1165
23750 1165
23751 1165
23752 1165
23753 1165
23754 1165
23755 1165
23756 1165
23757 1165
23758 1165
23759 1165
23760 1165
23761 1165
23762 1165
23763 1165
23764 1165
23765 1165
23766 1165
23767 1165
23768 1165
23769 1165
23770 1165
23771 1165
23772 1165
23773 1165
23774 1165
23775 1165
23776 1165
23777 1165
23778 1165
23779 1165
23780 1165
23781 1165
23782 1165
23783 1302
23784 1303
23785 1304
23786 1165
23787 1165
23788 1165
23789 1165
23790 1165
23791 1165
23792 1165
23793 3279
23794 1165
23795 1165
23796 1165
23797 1165
23798 1168
23799 1168
23800 1305
23801 1165
23802 106
23803 1165
23804 1165
23805 1165
23806 1165
23807 1165
23808 1115
23809 1165
23810 1115
23811 1115
23812 1165
23813 1165
23814 1165
23815 1165
23816 1165
23817 1165
23818 3292
23819 1165
23820 1165
23821 1165
23822 1165
23823 1165
23824 1165
23825 1165
23826 1165
23827 1165
23828 1306
23829 1307
23830 1165
23831 1165
23832 1165
23833 1165
23834 1165
23835 1165
23836 1165
23837 1165
23838 1165
23839 1165
23840 1165
23841 1165
23842 1165
23843 1165
23844 1165
23845 1165
23846 1165
23847 1165
23848 1165
23849 1165
23850 1165
23851 1165
23852 1165
23853 1165
23854 1165
23855 3282
23856 164
23857 3281
23858 3281
23859 1308
23860 1165
23861 1165
23862 1165
23863 1165
23864 1165
23865 1165
23866 1165
23867 1165
23868 1311
23869 3841
23870 1309
23871 1310
23872 1165
23873 1311
23874 1165
23875 1165
23876 1165
23877 1165
23878 1165
23879 1165
23880 1165
23881 1165
23882 1165
23883 1165
23884 1315
23885 1165
23886 3844
23887 1165
23888 1165
23889 1309
23890 1165
23891 1312
23892 1313
23893 1165
23894 1165
23895 1165
23896 1165
23897 1165
23898 1165
23899 1165
23900 1165
23901 3840
23902 1313
23903 1165
23904 1165
23905 1314
23906 60
23907 1165
23908 1315
23909 1165
23910 1165
23911 106
23912 1315
23913 1165
23914 1165
23915 1316
23916 1165
23917 1165
23918 1165
23919 1315
23920 1165
23921 1165
23922 1165
23923 1165
23924 1165
23925 1165
23926 106
23927 1165
23928 1315
23929 1315
23930 1317
23931 1318
23932 1165
23933 1165
23934 1165
23935 1315
23936 1165
23937 1165
23938 1165
23939 1165
23940 1319
23941 1165
23942 1165
23943 1165
23944 1315
23945 1165
23946 3840
23947 3841
23948 1309
23949 1165
23950 1165
23951 1165
23952 1165
23953 1165
23954 1165
23955 1165
23956 1165
23957 1165
23958 1165
23959 1165
23960 1108
23961 1165
23962 1165
23963 1165
23964 1165
23965 1165
23966 164
23967 164
23968 3
23969 1165
23970 1165
23971 1165
23972 1165
23973 1165
23974 1165
23975 1165
23976 1165
23977 1165
23978 1165
23979 1320
23980 1165
23981 1165
23982 1165
23983 1165
23984 1165
23985 1165
23986 1165
23987 1321
23988 1322
23989 1323
23990 1324
23991 1165
23992 1325
23993 1326
23994 1165
23995 1165
23996 1165
23997 1165
23998 849
23999 1165
24000 1165
24001 1165
24002 1165
24003 849
24004 1165
24005 1165
24006 1165
24007 1165
24008 1165
24009 1165
24010 1165
24011 1165
24012 1165
24013 1165
24014 1165
24015 1165
24016 1165
24017 1165
24018 1165
24019 1165
24020 1327
24021 1165
24022 3
24023 1165
24024 1165
24025 1327
24026 1165
24027 1165
24028 1165
24029 1165
24030 1165
24031 1329
24032 1329
24033 1329
24034 532
24035 1165
24036 2107
24037 1165
24038 1165
24039 1165
24040 1165
24041 1165
24042 1165
24043 1165
24044 1165
24045 1165
24046 1165
24047 1165
24048 1165
24049 1165
24050 1330
24051 1331
24052 1165
24053 1165
24054 3238
24055 1165
24056 3230
24057 3230
24058 749
24059 3240
24060 1165
24061 1165
24062 1165
24063 3240
24064 1165
24065 1165
24066 1165
24067 1332
24068 1332
24069 1333
24070 3350
24071 677
24072 677
24073 677
24074 1165
24075 1165
24076 1165
24077 1165
24078 1165
24079 1165
24080 1165
24081 1165
24082 1165
24083 1165
24084 1165
24085 1165
24086 1165
24087 1165
24088 1165
24089 1334
24090 1165
24091 1335
24092 1165
24093 1357
24094 1357
24095 1165
24096 1165
24097 409
24098 1165
24099 749
24100 1165
24101 1165
24102 1165
24103 4128
24104 1165
24105 749
24106 749
24107 749
24108 1165
24109 1165
24110 1165
24111 1336
24112 1337
24113 1165
24114 1165
24115 1165
24116 1357
24117 1165
24118 1165
24119 1165
24120 1165
24121 1165
24122 1165
24123 164
24124 749
24125 394
24126 408
24127 1165
24128 1165
24129 164
24130 1165
24131 749
24132 749
24133 749
24134 1165
24135 749
24136 1338
24137 1339
24138 1165
24139 1165
24140 1165
24141 1165
24142 219
24143 219
24144 219
24145 219
24146 1341
24147 1342
24148 1342
24149 1342
24150 3
24151 3
24152 3
24153 3
24154 1343
24155 1344
24156 1343
24157 1345
24158 1346
24159 1357
24160 3
24161 3
24162 3
24163 3
24164 1357
24165 1357
24166 3
24167 3
24168 3
24169 3350
24170 3
24171 3
24172 3
24173 3
24174 3
24175 3
24176 3
24177 3
24178 3
24179 3
24180 3
24181 3
24182 3
24183 3
24184 3
24185 3
24186 2136
24187 3
24188 3
24189 3
24190 3
24191 3
24192 3
24193 3
24194 3
24195 3
24196 3
24197 3
24198 3
24199 3
24200 3
24201 3
24202 3
24203 3
24204 3
24205 3
24206 3
24207 1347
24208 3
24209 3
24210 3
24211 3
24212 3
24213 3
24214 2145
24215 3
24216 3
24217 3
24218 3
24219 3
24220 1348
24221 3
24222 2141
24223 3
24224 3
24225 3
24226 3
24227 3
24228 3
24229 1349
24230 1350
24231 1349
24232 1349
24233 3
24234 3
24235 3
24236 3
24237 3
24238 3
24239 3
24240 3
24241 3
24242 3
24243 3
24244 3
24245 3
24246 3
24247 1351
24248 1352
24249 3
24250 3
24251 3
24252 3
24253 3
24254 3
24255 3
24256 3
24257 1353
24258 1354
24259 3
24260 3
24261 3
24262 3
24263 3
24264 3
24265 3
24266 3
24267 3
24268 2139
24269 3
24270 3
24271 3
24272 3
24273 3
24274 2144
24275 3
24276 3
24277 3
24278 3
24279 3
24280 3
24281 3
24282 3
24283 3
24284 3
24285 3
24286 3
24287 3
24288 3
24289 3
24290 3
24291 3
24292 3
24293 3
24294 1355
24295 1356
24296 3
24297 3
24298 3
24299 3
24300 3
24301 495
24302 3
24303 3
24304 3
24305 3
24306 3
24307 3
24308 3
24309 3
24310 3
24311 1357
24312 1357
24313 3
24314 3
24315 3
24316 3
24317 1357
24318 3
24319 3
24320 3
24321 3
24322 3
24323 3
24324 3
24325 3
24326 3
24327 3
24328 3
24329 3
24330 3
24331 3
24332 3
24333 3
24334 3
24335 3
24336 3
24337 3
24338 3
24339 3
24340 3
24341 3
24342 3
24343 3
24344 3
24345 3
24346 3
24347 3
24348 3
24349 374
24350 3
24351 3
24352 3
24353 3
24354 3
24355 3
24356 3
24357 1358
24358 3
24359 3
24360 3
24361 3
24362 3
24363 1363
24364 3
24365 3
24366 3350
24367 3
24368 3
24369 233
24370 233
24371 2
24372 3
24373 48
24374 729
24375 2
24376 1357
24377 48
24378 3
24379 7
24380 48
24381 3
24382 3
24383 3
24384 3
24385 3
24386 1359
24387 48
24388 3
24389 3
24390 3350
24391 2
24392 48
24393 3
24394 48
24395 3350
24396 3
24397 3
24398 3
24399 3350
24400 48
24401 3
24402 3
24403 3
24404 729
24405 3
24406 1360
24407 3
24408 3
24409 3
24410 3
24411 3
24412 3309
24413 3
24414 3
24415 48
24416 3
24417 1361
24418 1362
24419 3
24420 3
24421 566
24422 3
24423 3
24424 3
24425 1363
24426 3
24427 3
24428 3
24429 1363
24430 3
24431 1364
24432 3
24433 3
24434 3
24435 525
24436 1365
24437 1366
24438 3
24439 3
24440 3
24441 3
24442 3
24443 849
24444 1357
24445 3
24446 3
24447 3
24448 3
24449 3
24450 3834
24451 495
24452 3
24453 3
24454 3
24455 3
24456 3
24457 3
24458 3
24459 3
24460 3
24461 3
24462 3
24463 3350
24464 1127
24465 1367
24466 1368
24467 233
24468 233
24469 1108
24470 1357
24471 1369
24472 1370
24473 1357
24474 1357
24475 1357
24476 1357
24477 1357
24478 677
24479 1357
24480 233
24481 1357
24482 233
24483 233
24484 1357
24485 112
24486 233
24487 1357
24488 1357
24489 1357
24490 1357
24491 1357
24492 233
24493 233
24494 1357
24495 233
24496 233
24497 1357
24498 1357
24499 1357
24500 233
24501 1357
24502 1357
24503 1357
24504 1357
24505 1357
24506 1357
24507 1357
24508 1357
24509 1357
24510 1357
24511 1357
24512 1357
24513 1357
24514 1357
24515 1371
24516 1372
24517 1357
24518 677
24519 233
24520 1357
24521 1357
24522 233
24523 1357
24524 1357
24525 1357
24526 1357
24527 1357
24528 1357
24529 1357
24530 233
24531 1357
24532 1357
24533 1357
24534 1357
24535 233
24536 1357
24537 1357
24538 43
24539 43
24540 1357
24541 233
24542 1357
24543 1373
24544 1374
24545 1357
24546 233
24547 233
24548 233
24549 1357
24550 1357
24551 233
24552 1357
24553 1357
24554 1357
24555 1357
24556 53
24557 1357
24558 1357
24559 1357
24560 1357
24561 1357
24562 228
24563 1357
24564 233
24565 1357
24566 1357
24567 1357
24568 1357
24569 233
24570 1357
24571 233
24572 1357
24573 1168
24574 233
24575 233
24576 1357
24577 106
24578 233
24579 233
24580 677
24581 1357
24582 1357
24583 1357
24584 1357
24585 1357
24586 1357
24587 1357
24588 233
24589 1357
24590 1357
24591 1357
24592 233
24593 1357
24594 233
24595 233
24596 233
24597 1168
24598 164
24599 1357
24600 1357
24601 3
24602 3
24603 163
24604 1375
24605 1375
24606 1375
24607 1375
24608 3
24609 267
24610 164
24611 164
24612 164
24613 677
24614 677
24615 677
24616 106
24617 164
24618 164
24619 516
24620 164
24621 233
24622 233
24623 233
24624 233
24625 1376
24626 1377
24627 1377
24628 1168
24629 1168
24630 1168
24631 1168
24632 1168
24633 1168
24634 1357
24635 1357
24636 1357
24637 20
24638 20
24639 164
24640 1141
24641 3676
24642 1140
24643 1141
24644 121
24645 1357
24646 121
24647 121
24648 121
24649 409
24650 409
24651 409
24652 1357
24653 1357
24654 1357
24655 1357
24656 1378
24657 1379
24658 233
24659 1357
24660 1357
24661 1357
24662 1357
24663 1380
24664 1381
24665 1357
24666 1357
24667 1357
24668 106
24669 1382
24670 1383
24671 1383
24672 1165
24673 3373
24674 3373
24675 1384
24676 1384
24677 1384
24678 1384
24679 297
24680 164
24681 409
24682 409
24683 409
24684 409
24685 409
24686 409
24687 409
24688 409
24689 409
24690 409
24691 409
24692 409
24693 409
24694 409
24695 409
24696 409
24697 409
24698 409
24699 409
24700 409
24701 495
24702 1357
24703 1357
24704 1357
24705 1357
24706 1357
24707 1357
24708 495
24709 3
24710 1357
24711 1357
24712 1357
24713 1357
24714 1357
24715 1357
24716 1357
24717 1357
24718 1357
24719 1350
24720 1350
24721 1350
24722 1357
24723 2443
24724 1357
24725 1357
24726 1357
24727 1357
24728 1357
24729 1357
24730 1357
24731 1357
24732 164
24733 164
24734 1385
24735 1385
24736 1385
24737 1385
24738 121
24739 121
24740 121
24741 121
24742 121
24743 409
24744 409
24745 409
24746 409
24747 409
24748 409
24749 409
24750 409
24751 409
24752 409
24753 409
24754 3
24755 3
24756 3
24757 1357
24758 1357
24759 1357
24760 1357
24761 1357
24762 1357
24763 1357
24764 3403
24765 3403
24766 60
24767 164
24768 1386
24769 1386
24770 1386
24771 1386
24772 1357
24773 1357
24774 1357
24775 1357
24776 1168
24777 1168
24778 233
24779 389
24780 233
24781 233
24782 164
24783 495
24784 495
24785 495
24786 495
24787 103
24788 103
24789 103
24790 103
24791 103
24792 3
24793 164
24794 164
24795 1357
24796 1357
24797 1387
24798 1388
24799 1165
24800 1389
24801 1390
24802 1165
24803 1165
24804 1165
24805 1165
24806 1391
24807 1392
24808 1393
24809 1394
24810 1102
24811 703
24812 703
24813 1395
24814 703
24815 1396
24816 1397
24817 1398
24818 703
24819 1102
24820 1399
24821 1400
24822 1401
24823 1402
24824 1102
24825 703
24826 1102
24827 1102
24828 1102
24829 1403
24830 703
24831 703
24832 1102
24833 703
24834 703
24835 703
24836 703
24837 703
24838 703
24839 703
24840 1102
24841 703
24842 1102
24843 1102
24844 703
24845 1102
24846 1102
24847 1102
24848 703
24849 1102
24850 1102
24851 1102
24852 1404
24853 703
24854 677
24855 703
24856 1102
24857 1102
24858 703
24859 1405
24860 1102
24861 1102
24862 1406
24863 703
24864 703
24865 703
24866 703
24867 703
24868 703
24869 1102
24870 703
24871 703
24872 1102
24873 1102
24874 1102
24875 1102
24876 703
24877 703
24878 703
24879 1102
24880 703
24881 1407
24882 1407
24883 1407
24884 1407
24885 1407
24886 1407
24887 1408
24888 703
24889 703
24890 1102
24891 1102
24892 1409
24893 1410
24894 1102
24895 1102
24896 1411
24897 1102
24898 1102
24899 703
24900 1412
24901 1413
24902 1412
24903 1414
24904 1414
24905 1414
24906 1413
24907 1414
24908 1414
24909 1414
24910 1414
24911 1415
24912 1415
24913 1416
24914 1416
24915 1415
24916 1416
24917 1416
24918 1415
24919 1415
24920 1415
24921 677
24922 677
24923 106
24924 1165
24925 1165
24926 1165
24927 1024
24928 1414
24929 3
24930 374
24931 374
24932 374
24933 1165
24934 1165
24935 106
24936 106
24937 106
24938 1417
24939 1417
24940 1417
24941 1418
24942 1418
24943 1418
24944 1419
24945 1418
24946 1418
24947 1419
24948 1419
24949 1418
24950 1418
24951 1419
24952 1418
24953 1419
24954 1419
24955 1419
24956 1419
24957 1419
24958 1419
24959 1419
24960 1419
24961 1419
24962 1420
24963 1421
24964 1165
24965 1165
24966 106
24967 1165
24968 1165
24969 1165
24970 1165
24971 1165
24972 1123
24973 1123
24974 1123
24975 1422
24976 1123
24977 1123
24978 1422
24979 1123
24980 1123
24981 1422
24982 1422
24983 1422
24984 1422
24985 1422
24986 1422
24987 1422
24988 1422
24989 1422
24990 1422
24991 1422
24992 1165
24993 1165
24994 1165
24995 1165
24996 1165
24997 1165
24998 1165
24999 1165
25000 1165
25001 1165
25002 1165
25003 1165
25004 1165
25005 812
25006 1165
25007 1165
25008 1165
25009 1165
25010 1165
25011 1423
25012 1424
25013 1165
25014 1165
25015 1165
25016 1425
25017 1168
25018 1168
25019 1168
25020 106
25021 106
25022 106
25023 1426
25024 1426
25025 1426
25026 1426
25027 1427
25028 1427
25029 1427
25030 1428
25031 1429
25032 1428
25033 1430
25034 1431
25035 1102
25036 1432
25037 1432
25038 1432
25039 1432
25040 1419
25041 1419
25042 1419
25043 1419
25044 1165
25045 1165
25046 1165
25047 374
25048 374
25049 1433
25050 1434
25051 1435
25052 1436
25053 374
25054 374
25055 374
25056 374
25057 374
25058 374
25059 1437
25060 1438
25061 1165
25062 1165
25063 1439
25064 1439
25065 1439
25066 1439
25067 1165
25068 1165
25069 1165
25070 1165
25071 1850
25072 1165
25073 1165
25074 1165
25075 1165
25076 1165
25077 106
25078 106
25079 1165
25080 1165
25081 1165
25082 2111
25083 1108
25084 1108
25085 1108
25086 1108
25087 1108
25088 1108
25089 1108
25090 1108
25091 1108
25092 1108
25093 1108
25094 1108
25095 1108
25096 1108
25097 1108
25098 1108
25099 1108
25100 864
25101 29
25102 1108
25103 1108
25104 1108
25105 1108
25106 1108
25107 1108
25108 1108
25109 1108
25110 1108
25111 1108
25112 1108
25113 1108
25114 1108
25115 1108
25116 1440
25117 1441
25118 1108
25119 1108
25120 1108
25121 1108
25122 1108
25123 1108
25124 180
25125 1108
25126 1108
25127 1108
25128 1108
25129 1108
25130 1108
25131 1108
25132 1108
25133 1108
25134 1108
25135 1165
25136 1165
25137 1165
25138 662
25139 662
25140 662
25141 1442
25142 1443
25143 1165
25144 1165
25145 1165
25146 1165
25147 1165
25148 1444
25149 1445
25150 106
25151 1446
25152 1165
25153 1165
25154 1165
25155 1165
25156 1447
25157 1448
25158 2476
25159 1165
25160 1165
25161 1165
25162 2476
25163 2476
25164 2476
25165 1165
25166 1165
25167 1165
25168 1165
25169 1165
25170 1165
25171 3568
25172 1165
25173 1165
25174 1165
25175 1165
25176 1165
25177 1165
25178 1165
25179 1165
25180 1165
25181 1165
25182 1165
25183 1165
25184 1165
25185 1451
25186 1449
25187 1165
25188 1165
25189 1165
25190 1165
25191 1165
25192 1450
25193 1165
25194 1165
25195 1165
25196 1165
25197 1451
25198 1165
25199 1165
25200 1165
25201 1165
25202 1165
25203 1165
25204 1165
25205 1165
25206 1165
25207 1165
25208 1165
25209 1165
25210 1165
25211 1168
25212 1165
25213 1165
25214 1165
25215 48
25216 233
25217 1165
25218 1165
25219 1165
25220 1165
25221 1165
25222 1165
25223 1165
25224 1165
25225 1165
25226 1165
25227 1165
25228 1165
25229 1165
25230 1165
25231 1165
25232 1165
25233 1452
25234 1453
25235 1454
25236 1455
25237 2479
25238 1165
25239 1165
25240 1165
25241 1165
25242 2111
25243 1165
25244 1165
25245 1165
25246 2111
25247 1165
25248 1165
25249 1165
25250 1165
25251 1165
25252 1165
25253 1165
25254 495
25255 495
25256 1165
25257 1165
25258 1165
25259 3350
25260 1165
25261 1165
25262 1165
25263 1165
25264 1165
25265 1165
25266 1165
25267 1165
25268 1456
25269 1165
25270 2106
25271 1165
25272 1165
25273 1165
25274 1165
25275 1165
25276 1165
25277 1357
25278 1165
25279 1165
25280 1165
25281 1165
25282 1165
25283 1165
25284 1165
25285 1165
25286 1165
25287 1165
25288 1165
25289 1457
25290 1165
25291 1165
25292 1165
25293 1165
25294 1458
25295 1459
25296 1165
25297 1165
25298 525
25299 1460
25300 1460
25301 1460
25302 729
25303 729
25304 3
25305 178
25306 178
25307 1357
25308 106
25309 233
25310 409
25311 1461
25312 1461
25313 1461
25314 1461
25315 1461
25316 1462
25317 1463
25318 1165
25319 1165
25320 1850
25321 1850
25322 1850
25323 1850
25324 1969
25325 1850
25326 1850
25327 1464
25328 1464
25329 1464
25330 532
25331 1465
25332 1466
25333 1467
25334 1468
25335 1422
25336 1469
25337 1470
25338 1168
25339 1168
25340 1168
25341 1168
25342 1168
25343 1168
25344 1471
25345 1471
25346 1471
25347 1471
25348 1472
25349 1473
25350 1474
25351 1475
25352 1476
25353 1476
25354 1476
25355 1476
25356 1476
25357 1477
25358 1478
25359 1478
25360 1479
25361 1480
25362 1481
25363 1482
25364 1483
25365 1484
25366 1485
25367 1486
25368 1487
25369 1488
25370 1489
25371 1490
25372 1491
25373 1492
25374 1493
25375 1493
25376 1493
25377 1493
25378 1493
25379 1493
25380 1494
25381 1495
25382 1496
25383 1497
25384 1498
25385 1499
25386 1500
25387 1501
25388 1502
25389 1503
25390 1504
25391 1505
25392 1506
25393 1506
25394 1506
25395 1506
25396 1506
25397 1507
25398 1508
25399 1507
25400 1509
25401 1510
25402 1511
25403 1511
25404 1511
25405 1511
25406 1512
25407 1513
25408 1514
25409 1515
25410 1516
25411 1517
25412 1518
25413 1518
25414 1518
25415 1519
25416 1520
25417 1521
25418 1522
25419 1523
25420 1524
25421 1525
25422 1526
25423 1527
25424 1528
25425 1529
25426 1530
25427 1529
25428 1531
25429 1532
25430 1533
25431 1533
25432 1533
25433 1533
25434 1533
25435 1534
25436 1535
25437 1536
25438 1537
25439 1538
25440 1539
25441 1540
25442 1541
25443 1541
25444 1542
25445 1543
25446 1544
25447 1545
25448 1546
25449 1547
25450 1548
25451 1549
25452 1548
25453 1550
25454 1551
25455 1552
25456 1553
25457 1419
25458 1419
25459 1554
25460 1555
25461 1556
25462 1557
25463 1558
25464 1559
25465 164
25466 3401
25467 3401
25468 3401
25469 3401
25470 3401
25471 3401
25472 3401
25473 1560
25474 1561
25475 703
25476 1102
25477 1102
25478 1102
25479 1102
25480 106
25481 1168
25482 1165
25483 1165
25484 1168
25485 1562
25486 1563
25487 1564
25488 1564
25489 1564
25490 1564
25491 1564
25492 233
25493 233
25494 233
25495 233
25496 233
25497 233
25498 233
25499 233
25500 233
25501 233
25502 1568
25503 1568
25504 1568
25505 1568
25506 1568
25507 1568
25508 1568
25509 1568
25510 1565
25511 1565
25512 1565
25513 1566
25514 1567
25515 1566
25516 1568
25517 1568
25518 1568
25519 1568
25520 1567
25521 1568
25522 1568
25523 1568
25524 1568
25525 1569
25526 1570
25527 1571
25528 1572
25529 1573
25530 1574
25531 1575
25532 1576
25533 1576
25534 1574
25535 1577
25536 1578
25537 106
25538 1579
25539 1579
25540 1579
25541 1579
25542 1579
25543 1579
25544 1579
25545 1579
25546 1579
25547 1579
25548 1580
25549 1581
25550 1582
25551 1583
25552 233
25553 233
25554 233
25555 1584
25556 1585
25557 1584
25558 1584
25559 1586
25560 1586
25561 1586
25562 1586
25563 425
25564 233
25565 1587
25566 1588
25567 233
25568 1357
25569 164
25570 233
25571 464
25572 464
25573 464
25574 464
25575 164
25576 1589
25577 1590
25578 164
25579 1357
25580 1357
25581 1591
25582 1168
25583 1168
25584 1168
25585 409
25586 409
25587 409
25588 164
25589 164
25590 164
25591 164
25592 164
25593 1357
25594 456
25595 456
25596 456
25597 3
25598 3
25599 3
25600 409
25601 409
25602 409
25603 409
25604 409
25605 409
25606 1357
25607 1357
25608 164
25609 106
25610 106
25611 106
25612 106
25613 106
25614 1357
25615 1357
25616 233
25617 164
25618 106
25619 106
25620 1592
25621 1592
25622 233
25623 1165
25624 233
25625 233
25626 1357
25627 1357
25628 297
25629 1357
25630 1357
25631 297
25632 297
25633 297
25634 129
25635 129
25636 129
25637 106
25638 2245
25639 2245
25640 2245
25641 1357
25642 1357
25643 1357
25644 1357
25645 1357
25646 1357
25647 1357
25648 106
25649 106
25650 233
25651 233
25652 1594
25653 1595
25654 1596
25655 1596
25656 1596
25657 1596
25658 3
25659 1168
25660 164
25661 164
25662 164
25663 164
25664 164
25665 164
25666 164
25667 164
25668 164
25669 164
25670 164
25671 164
25672 164
25673 164
25674 1597
25675 164
25676 164
25677 164
25678 164
25679 164
25680 164
25681 164
25682 164
25683 1598
25684 1599
25685 164
25686 164
25687 164
25688 164
25689 164
25690 164
25691 164
25692 164
25693 1600
25694 164
25695 1601
25696 1602
25697 164
25698 164
25699 164
25700 1168
25701 164
25702 164
25703 164
25704 164
25705 164
25706 164
25707 164
25708 164
25709 1603
25710 164
25711 164
25712 1357
25713 164
25714 164
25715 164
25716 164
25717 164
25718 164
25719 164
25720 164
25721 164
25722 164
25723 164
25724 164
25725 164
25726 164
25727 164
25728 164
25729 164
25730 164
25731 164
25732 1168
25733 1168
25734 1168
25735 233
25736 233
25737 1168
25738 1168
25739 1168
25740 1168
25741 1168
25742 1168
25743 1168
25744 1168
25745 164
25746 1604
25747 1605
25748 1606
25749 164
25750 1607
25751 1608
25752 1357
25753 1609
25754 1610
25755 1610
25756 1609
25757 1610
25758 164
25759 164
25760 164
25761 164
25762 164
25763 164
25764 1611
25765 1611
25766 1611
25767 1611
25768 1611
25769 1611
25770 1611
25771 1271
25772 1271
25773 1165
25774 1612
25775 1613
25776 1165
25777 1614
25778 1615
25779 1616
25780 1649
25781 1617
25782 1618
25783 1619
25784 29
25785 29
25786 29
25787 29
25788 29
25789 29
25790 29
25791 29
25792 29
25793 29
25794 29
25795 29
25796 29
25797 29
25798 29
25799 29
25800 29
25801 29
25802 29
25803 29
25804 29
25805 29
25806 29
25807 29
25808 29
25809 29
25810 29
25811 29
25812 29
25813 29
25814 29
25815 29
25816 29
25817 29
25818 29
25819 29
25820 29
25821 29
25822 29
25823 1620
25824 1620
25825 1620
25826 1620
25827 1620
25828 1621
25829 1621
25830 1621
25831 1621
25832 1621
25833 1621
25834 1165
25835 1622
25836 1623
25837 1624
25838 1625
25839 1165
25840 1621
25841 1621
25842 1626
25843 1626
25844 1626
25845 1627
25846 1627
25847 1627
25848 1627
25849 1627
25850 1627
25851 1627
25852 1165
25853 1165
25854 1165
25855 164
25856 677
25857 1628
25858 1628
25859 1628
25860 1628
25861 1628
25862 1165
25863 29
25864 29
25865 29
25866 29
25867 29
25868 29
25869 29
25870 29
25871 180
25872 180
25873 29
25874 180
25875 29
25876 29
25877 29
25878 29
25879 29
25880 29
25881 29
25882 29
25883 29
25884 29
25885 1629
25886 1630
25887 1165
25888 1165
25889 1165
25890 1165
25891 1165
25892 1165
25893 1165
25894 1165
25895 1165
25896 1165
25897 1165
25898 1631
25899 1632
25900 1633
25901 1165
25902 1165
25903 1165
25904 233
25905 1634
25906 1635
25907 224
25908 1165
25909 1636
25910 1165
25911 3224
25912 1165
25913 1165
25914 1165
25915 1165
25916 3224
25917 3
25918 1165
25919 1165
25920 1165
25921 1637
25922 30
25923 1165
25924 1638
25925 1638
25926 1165
25927 1165
25928 3223
25929 1165
25930 1165
25931 1165
25932 106
25933 106
25934 1165
25935 1165
25936 1639
25937 1165
25938 1165
25939 1165
25940 1640
25941 233
25942 1165
25943 1165
25944 1165
25945 1165
25946 1646
25947 1641
25948 1642
25949 1165
25950 1165
25951 1643
25952 1644
25953 1165
25954 1165
25955 1165
25956 1165
25957 1165
25958 1165
25959 1645
25960 1165
25961 1165
25962 1165
25963 1165
25964 1646
25965 1647
25966 1648
25967 1165
25968 1165
25969 1165
25970 106
25971 106
25972 106
25973 1649
25974 1649
25975 1650
25976 1651
25977 1651
25978 1651
25979 1651
25980 1651
25981 2244
25982 2244
25983 2244
25984 2244
25985 164
25986 1652
25987 1652
25988 1652
25989 1652
25990 949
25991 1165
25992 1165
25993 164
25994 1653
25995 1654
25996 1165
25997 1655
25998 1655
25999 1655
26000 1655
26001 1655
26002 1655
26003 1655
26004 1165
26005 1656
26006 1657
26007 265
26008 265
26009 265
26010 265
26011 265
26012 265
26013 265
26014 265
26015 265
26016 265
26017 265
26018 265
26019 265
26020 265
26021 265
26022 265
26023 265
26024 265
26025 265
26026 265
26027 265
26028 265
26029 265
26030 265
26031 265
26032 265
26033 2093
26034 265
26035 265
26036 265
26037 265
26038 265
26039 265
26040 265
26041 265
26042 265
26043 265
26044 265
26045 265
26046 265
26047 265
26048 265
26049 265
26050 265
26051 265
26052 265
26053 265
26054 265
26055 265
26056 265
26057 265
26058 265
26059 265
26060 265
26061 265
26062 265
26063 265
26064 265
26065 265
26066 2092
26067 265
26068 265
26069 265
26070 265
26071 265
26072 265
26073 1168
26074 1168
26075 1658
26076 1658
26077 1658
26078 1658
26079 1658
26080 1658
26081 1658
26082 1658
26083 1658
26084 1658
26085 1658
26086 1658
26087 1659
26088 1660
26089 1168
26090 1383
26091 1661
26092 1662
26093 1168
26094 1168
26095 233
26096 233
26097 1168
26098 1168
26099 233
26100 1168
26101 1168
26102 1168
26103 233
26104 233
26105 233
26106 1168
26107 1168
26108 1168
26109 1168
26110 1168
26111 1168
26112 233
26113 233
26114 1168
26115 1168
26116 1663
26117 1664
26118 1168
26119 233
26120 86
26121 1168
26122 1168
26123 1168
26124 1168
26125 3559
26126 1168
26127 86
26128 1168
26129 1168
26130 1665
26131 1666
26132 1168
26133 1168
26134 1168
26135 1168
26136 1168
26137 3559
26138 1168
26139 1168
26140 1168
26141 3559
26142 1669
26143 1669
26144 1669
26145 1669
26146 1669
26147 1669
26148 1669
26149 1669
26150 1669
26151 1669
26152 1669
26153 1667
26154 1668
26155 1668
26156 1668
26157 1668
26158 1668
26159 1668
26160 1668
26161 1669
26162 1669
26163 1669
26164 2263
26165 1168
26166 1168
26167 233
26168 1168
26169 1168
26170 1670
26171 1671
26172 1671
26173 1671
26174 1671
26175 1168
26176 1168
26177 1168
26178 1168
26179 1168
26180 1168
26181 1168
26182 1168
26183 1168
26184 1168
26185 1168
26186 1168
26187 1168
26188 1672
26189 1673
26190 1674
26191 1168
26192 1168
26193 1168
26194 1168
26195 233
26196 233
26197 1168
26198 1168
26199 1675
26200 1168
26201 1168
26202 1168
26203 1676
26204 1677
26205 1168
26206 1168
26207 233
26208 233
26209 233
26210 233
26211 677
26212 677
26213 677
26214 677
26215 106
26216 677
26217 677
26218 233
26219 2263
26220 2263
26221 233
26222 1669
26223 1669
26224 1669
26225 1669
26226 1669
26227 1669
26228 1669
26229 233
26230 233
26231 233
26232 1678
26233 1679
26234 3
26235 1680
26236 1681
26237 1681
26238 495
26239 495
26240 495
26241 495
26242 1682
26243 1682
26244 1682
26245 1682
26246 1682
26247 1357
26248 3350
26249 353
26250 353
26251 353
26252 86
26253 86
26254 86
26255 86
26256 86
26257 86
26258 86
26259 86
26260 86
26261 86
26262 86
26263 86
26264 86
26265 1683
26266 1684
26267 1685
26268 1686
26269 353
26270 1687
26271 1688
26272 1689
26273 1690
26274 3
26275 3
26276 3
26277 3
26278 3
26279 3
26280 1691
26281 1692
26282 1692
26283 1693
26284 1694
26285 1695
26286 1696
26287 1696
26288 1696
26289 1697
26290 1698
26291 1699
26292 1700
26293 1701
26294 1702
26295 1703
26296 1704
26297 1705
26298 1706
26299 1707
26300 1708
26301 1707
26302 1707
26303 1709
26304 1710
26305 1711
26306 1712
26307 1713
26308 1714
26309 1715
26310 1716
26311 1717
26312 1718
26313 1719
26314 1720
26315 1721
26316 1722
26317 1723
26318 1723
26319 1723
26320 3
26321 677
26322 677
26323 677
26324 677
26325 677
26326 677
26327 677
26328 677
26329 677
26330 677
26331 677
26332 106
26333 106
26334 106
26335 106
26336 106
26337 106
26338 106
26339 106
26340 106
26341 106
26342 106
26343 106
26344 106
26345 106
26346 164
26347 677
26348 1724
26349 1724
26350 1724
26351 106
26352 106
26353 106
26354 106
26355 106
26356 106
26357 106
26358 106
26359 106
26360 106
26361 106
26362 106
26363 106
26364 106
26365 106
26366 106
26367 106
26368 106
26369 106
26370 106
26371 106
26372 106
26373 106
26374 106
26375 106
26376 106
26377 106
26378 1725
26379 106
26380 1726
26381 1726
26382 1726
26383 106
26384 677
26385 677
26386 677
26387 677
26388 106
26389 106
26390 106
26391 677
26392 677
26393 677
26394 106
26395 106
26396 106
26397 677
26398 677
26399 677
26400 677
26401 677
26402 1727
26403 677
26404 677
26405 677
26406 677
26407 677
26408 1728
26409 1729
26410 677
26411 677
26412 677
26413 677
26414 677
26415 1730
26416 1731
26417 106
26418 677
26419 677
26420 677
26421 1732
26422 677
26423 1733
26424 677
26425 106
26426 120
26427 677
26428 106
26429 677
26430 106
26431 106
26432 677
26433 677
26434 677
26435 106
26436 677
26437 677
26438 677
26439 677
26440 677
26441 106
26442 677
26443 677
26444 677
26445 677
26446 677
26447 677
26448 106
26449 106
26450 106
26451 677
26452 106
26453 106
26454 106
26455 1734
26456 677
26457 677
26458 677
26459 677
26460 677
26461 677
26462 677
26463 677
26464 677
26465 677
26466 677
26467 677
26468 677
26469 1735
26470 677
26471 1736
26472 677
26473 677
26474 677
26475 677
26476 677
26477 677
26478 106
26479 677
26480 677
26481 677
26482 677
26483 677
26484 677
26485 677
26486 677
26487 106
26488 108
26489 677
26490 677
26491 106
26492 106
26493 677
26494 677
26495 677
26496 677
26497 106
26498 106
26499 106
26500 106
26501 106
26502 106
26503 106
26504 106
26505 106
26506 106
26507 677
26508 677
26509 677
26510 677
26511 677
26512 106
26513 106
26514 106
26515 677
26516 677
26517 677
26518 677
26519 677
26520 677
26521 108
26522 120
26523 120
26524 120
26525 120
26526 120
26527 120
26528 120
26529 120
26530 106
26531 677
26532 677
26533 677
26534 677
26535 677
26536 106
26537 106
26538 106
26539 106
26540 106
26541 164
26542 164
26543 164
26544 164
26545 164
26546 164
26547 164
26548 164
26549 677
26550 164
26551 164
26552 677
26553 164
26554 164
26555 1737
26556 1738
26557 164
26558 164
26559 1739
26560 1740
26561 164
26562 164
26563 164
26564 164
26565 164
26566 106
26567 106
26568 106
26569 106
26570 120
26571 120
26572 120
26573 120
26574 120
26575 120
26576 120
26577 108
26578 108
26579 108
26580 108
26581 108
26582 106
26583 120
26584 120
26585 120
26586 108
26587 1741
26588 1797
26589 1742
26590 1743
26591 1744
26592 1744
26593 1744
26594 120
26595 120
26596 1745
26597 1746
26598 106
26599 106
26600 106
26601 106
26602 106
26603 189
26604 106
26605 106
26606 1747
26607 1748
26608 1749
26609 1749
26610 1749
26611 1749
26612 1749
26613 677
26614 1750
26615 1751
26616 106
26617 677
26618 106
26619 106
26620 106
26621 363
26622 106
26623 409
26624 106
26625 106
26626 677
26627 106
26628 106
26629 106
26630 1752
26631 1753
26632 106
26633 363
26634 106
26635 106
26636 106
26637 1749
26638 106
26639 106
26640 106
26641 363
26642 106
26643 106
26644 106
26645 106
26646 106
26647 106
26648 1754
26649 1755
26650 677
26651 677
26652 106
26653 106
26654 106
26655 106
26656 106
26657 106
26658 1756
26659 1757
26660 677
26661 677
26662 677
26663 677
26664 677
26665 677
26666 106
26667 106
26668 106
26669 106
26670 106
26671 108
26672 108
26673 108
26674 120
26675 120
26676 120
26677 108
26678 120
26679 108
26680 120
26681 108
26682 120
26683 120
26684 120
26685 120
26686 120
26687 120
26688 120
26689 120
26690 120
26691 120
26692 120
26693 120
26694 106
26695 1758
26696 1759
26697 106
26698 106
26699 1760
26700 1760
26701 1761
26702 677
26703 106
26704 106
26705 106
26706 106
26707 106
26708 106
26709 1762
26710 120
26711 1762
26712 120
26713 120
26714 108
26715 1763
26716 120
26717 120
26718 108
26719 108
26720 108
26721 108
26722 120
26723 120
26724 120
26725 106
26726 106
26727 106
26728 106
26729 106
26730 106
26731 1306
26732 106
26733 677
26734 1764
26735 1765
26736 106
26737 106
26738 106
26739 106
26740 106
26741 106
26742 106
26743 106
26744 677
26745 677
26746 677
26747 677
26748 677
26749 677
26750 677
26751 677
26752 677
26753 677
26754 677
26755 394
26756 677
26757 1766
26758 677
26759 106
26760 677
26761 1766
26762 677
26763 677
26764 1767
26765 1768
26766 677
26767 677
26768 677
26769 677
26770 677
26771 677
26772 677
26773 677
26774 677
26775 677
26776 677
26777 677
26778 677
26779 677
26780 677
26781 677
26782 677
26783 677
26784 677
26785 677
26786 677
26787 677
26788 1766
26789 106
26790 106
26791 677
26792 0
26793 677
26794 677
26795 2957
26796 677
26797 677
26798 677
26799 677
26800 677
26801 677
26802 106
26803 120
26804 120
26805 120
26806 120
26807 120
26808 120
26809 1830
26810 120
26811 120
26812 120
26813 120
26814 120
26815 120
26816 1762
26817 120
26818 120
26819 120
26820 120
26821 120
26822 120
26823 1769
26824 1770
26825 1771
26826 1772
26827 1773
26828 1774
26829 108
26830 120
26831 120
26832 120
26833 120
26834 120
26835 120
26836 120
26837 120
26838 120
26839 120
26840 120
26841 120
26842 120
26843 1763
26844 120
26845 120
26846 120
26847 120
26848 120
26849 120
26850 120
26851 120
26852 120
26853 120
26854 120
26855 120
26856 120
26857 120
26858 120
26859 120
26860 120
26861 120
26862 120
26863 120
26864 120
26865 1775
26866 120
26867 120
26868 120
26869 120
26870 120
26871 120
26872 120
26873 108
26874 1776
26875 1777
26876 106
26877 120
26878 120
26879 120
26880 106
26881 106
26882 106
26883 106
26884 106
26885 106
26886 106
26887 106
26888 106
26889 106
26890 106
26891 106
26892 106
26893 106
26894 106
26895 677
26896 677
26897 120
26898 106
26899 106
26900 106
26901 677
26902 677
26903 677
26904 495
26905 120
26906 120
26907 120
26908 120
26909 1778
26910 1779
26911 120
26912 120
26913 120
26914 120
26915 120
26916 120
26917 120
26918 120
26919 120
26920 120
26921 120
26922 120
26923 120
26924 120
26925 120
26926 120
26927 120
26928 120
26929 120
26930 120
26931 120
26932 120
26933 120
26934 120
26935 120
26936 120
26937 120
26938 120
26939 120
26940 120
26941 120
26942 120
26943 120
26944 120
26945 120
26946 120
26947 1780
26948 1781
26949 120
26950 120
26951 120
26952 120
26953 120
26954 120
26955 120
26956 106
26957 106
26958 106
26959 106
26960 106
26961 106
26962 106
26963 108
26964 108
26965 108
26966 108
26967 108
26968 108
26969 108
26970 108
26971 108
26972 108
26973 108
26974 108
26975 108
26976 108
26977 1782
26978 1783
26979 108
26980 108
26981 106
26982 1784
26983 1784
26984 1357
26985 106
26986 106
26987 106
26988 106
26989 1785
26990 3224
26991 1786
26992 106
26993 106
26994 106
26995 106
26996 106
26997 106
26998 106
26999 106
27000 106
27001 3589
27002 106
27003 106
27004 106
27005 106
27006 106
27007 106
27008 106
27009 106
27010 106
27011 106
27012 106
27013 677
27014 120
27015 120
27016 120
27017 120
27018 120
27019 1787
27020 120
27021 1788
27022 1789
27023 120
27024 120
27025 1790
27026 1791
27027 1792
27028 108
27029 106
27030 1793
27031 1793
27032 1793
27033 1793
27034 1793
27035 776
27036 776
27037 776
27038 776
27039 776
27040 776
27041 776
27042 776
27043 1357
27044 106
27045 106
27046 106
27047 106
27048 106
27049 106
27050 1168
27051 164
27052 164
27053 1794
27054 677
27055 677
27056 106
27057 106
27058 106
27059 106
27060 677
27061 677
27062 677
27063 677
27064 677
27065 677
27066 677
27067 677
27068 1795
27069 1796
27070 1797
27071 106
27072 106
27073 106
27074 106
27075 106
27076 106
27077 106
27078 106
27079 106
27080 106
27081 106
27082 106
27083 106
27084 106
27085 106
27086 677
27087 677
27088 677
27089 677
27090 677
27091 106
27092 106
27093 106
27094 106
27095 106
27096 106
27097 106
27098 106
27099 106
27100 106
27101 106
27102 106
27103 106
27104 106
27105 108
27106 108
27107 108
27108 120
27109 106
27110 106
27111 1798
27112 1800
27113 1799
27114 1800
27115 1800
27116 1800
27117 1800
27118 1801
27119 1801
27120 1801
27121 120
27122 120
27123 120
27124 106
27125 106
27126 1802
27127 1803
27128 1804
27129 1805
27130 1803
27131 106
27132 3333
27133 106
27134 677
27135 677
27136 106
27137 106
27138 106
27139 677
27140 233
27141 677
27142 677
27143 1806
27144 1807
27145 1808
27146 1809
27147 1810
27148 1810
27149 1810
27150 1810
27151 1810
27152 1810
27153 1810
27154 1811
27155 1811
27156 1811
27157 1811
27158 1811
27159 1811
27160 1811
27161 1811
27162 1811
27163 1811
27164 1811
27165 1811
27166 1811
27167 677
27168 677
27169 677
27170 1165
27171 1165
27172 1812
27173 106
27174 677
27175 677
27176 677
27177 677
27178 677
27179 677
27180 677
27181 677
27182 164
27183 233
27184 233
27185 233
27186 120
27187 106
27188 106
27189 1813
27190 1813
27191 1813
27192 120
27193 120
27194 120
27195 120
27196 120
27197 677
27198 677
27199 677
27200 106
27201 106
27202 1814
27203 1815
27204 677
27205 106
27206 677
27207 677
27208 677
27209 677
27210 677
27211 1816
27212 1817
27213 677
27214 677
27215 677
27216 106
27217 1762
27218 1763
27219 1763
27220 1763
27221 1763
27222 1763
27223 555
27224 555
27225 106
27226 106
27227 106
27228 1818
27229 1819
27230 106
27231 106
27232 1825
27233 1820
27234 106
27235 106
27236 106
27237 3404
27238 1825
27239 106
27240 1821
27241 1822
27242 106
27243 106
27244 106
27245 3401
27246 106
27247 1823
27248 1824
27249 106
27250 106
27251 106
27252 106
27253 106
27254 106
27255 106
27256 106
27257 3406
27258 106
27259 106
27260 106
27261 106
27262 1825
27263 106
27264 106
27265 106
27266 677
27267 677
27268 677
27269 677
27270 677
27271 106
27272 120
27273 120
27274 106
27275 677
27276 677
27277 677
27278 677
27279 677
27280 677
27281 677
27282 677
27283 106
27284 106
27285 106
27286 677
27287 677
27288 677
27289 120
27290 120
27291 677
27292 164
27293 1826
27294 1826
27295 1826
27296 1826
27297 1826
27298 1826
27299 106
27300 106
27301 106
27302 106
27303 106
27304 106
27305 106
27306 106
27307 106
27308 106
27309 106
27310 106
27311 1827
27312 1828
27313 2263
27314 1829
27315 1830
27316 1830
27317 1830
27318 106
27319 106
27320 106
27321 106
27322 106
27323 677
27324 677
27325 233
27326 233
27327 233
27328 233
27329 233
27330 233
27331 1357
27332 233
27333 233
27334 233
27335 233
27336 233
27337 233
27338 233
27339 233
27340 233
27341 233
27342 233
27343 233
27344 233
27345 233
27346 1357
27347 233
27348 83
27349 233
27350 233
27351 233
27352 233
27353 233
27354 233
27355 233
27356 53
27357 53
27358 53
27359 233
27360 1357
27361 106
27362 106
27363 121
27364 121
27365 1831
27366 1831
27367 1836
27368 1836
27369 1836
27370 1836
27371 121
27372 409
27373 409
27374 409
27375 409
27376 409
27377 121
27378 121
27379 248
27380 248
27381 121
27382 121
27383 1832
27384 1833
27385 409
27386 121
27387 409
27388 1836
27389 1834
27390 1835
27391 1357
27392 673
27393 121
27394 23
27395 1836
27396 677
27397 1357
27398 1357
27399 1357
27400 1837
27401 1837
27402 1837
27403 1837
27404 3
27405 120
27406 120
27407 120
27408 106
27409 106
27410 106
27411 1760
27412 1760
27413 1760
27414 1760
27415 1760
27416 1760
27417 1760
27418 1760
27419 1760
27420 1760
27421 1760
27422 1838
27423 1839
27424 1840
27425 1841
27426 106
27427 106
27428 106
27429 677
27430 1842
27431 1842
27432 1842
27433 1842
27434 1842
27435 106
27436 106
27437 106
27438 106
27439 106
27440 106
27441 106
27442 106
27443 1844
27444 1844
27445 106
27446 106
27447 106
27448 677
27449 677
27450 106
27451 106
27452 106
27453 1845
27454 1846
27455 1847
27456 1847
27457 1847
27458 108
27459 108
27460 108
27461 108
27462 108
27463 108
27464 108
27465 1848
27466 1848
27467 1848
27468 1849
27469 1849
27470 1849
27471 1849
27472 53
27473 53
27474 53
27475 1850
27476 1850
27477 1850
27478 1850
27479 495
27480 495
27481 1357
27482 106
27483 178
27484 677
27485 677
27486 677
27487 677
27488 677
27489 106
27490 677
27491 677
27492 677
27493 677
27494 3834
27495 106
27496 677
27497 677
27498 677
27499 1851
27500 1852
27501 1852
27502 233
27503 1357
27504 120
27505 120
27506 120
27507 1853
27508 1854
27509 1854
27510 1854
27511 1855
27512 1856
27513 106
27514 1857
27515 106
27516 677
27517 164
27518 1858
27519 1357
27520 1357
27521 1357
27522 1357
27523 1357
27524 1357
27525 1357
27526 1859
27527 1357
27528 1357
27529 1357
27530 1860
27531 1357
27532 1357
27533 1357
27534 3333
27535 1357
27536 1357
27537 1357
27538 1357
27539 1357
27540 1357
27541 1357
27542 1357
27543 1357
27544 1357
27545 1861
27546 1357
27547 1357
27548 1357
27549 1357
27550 1357
27551 1357
27552 1357
27553 1357
27554 1357
27555 1357
27556 164
27557 1357
27558 1357
27559 1357
27560 1357
27561 1357
27562 1357
27563 3333
27564 1357
27565 1862
27566 1862
27567 1862
27568 1862
27569 1863
27570 1863
27571 1863
27572 1863
27573 1863
27574 1863
27575 1864
27576 1865
27577 164
27578 164
27579 164
27580 1866
27581 1866
27582 1866
27583 1866
27584 1866
27585 1867
27586 1867
27587 1867
27588 1867
27589 233
27590 233
27591 233
27592 233
27593 233
27594 233
27595 1168
27596 1168
27597 1168
27598 1168
27599 1168
27600 1168
27601 233
27602 233
27603 233
27604 233
27605 1868
27606 1869
27607 1168
27608 1357
27609 1357
27610 1357
27611 1870
27612 1871
27613 1870
27614 1168
27615 1872
27616 1873
27617 1874
27618 1875
27619 1869
27620 1869
27621 1869
27622 1869
27623 1869
27624 1869
27625 1869
27626 1869
27627 1869
27628 1869
27629 1168
27630 1168
27631 1168
27632 1168
27633 1168
27634 233
27635 1168
27636 1168
27637 1876
27638 1877
27639 436
27640 436
27641 1878
27642 1878
27643 1878
27644 1878
27645 3
27646 233
27647 233
27648 233
27649 1879
27650 1879
27651 1879
27652 1879
27653 233
27654 233
27655 233
27656 164
27657 164
27658 1880
27659 1881
27660 1880
27661 1882
27662 1883
27663 1884
27664 1885
27665 1886
27666 1887
27667 1888
27668 1889
27669 1890
27670 1891
27671 1892
27672 1893
27673 1894
27674 1895
27675 1896
27676 1897
27677 1898
27678 1899
27679 1900
27680 1901
27681 1902
27682 1903
27683 1904
27684 1905
27685 1906
27686 1907
27687 1908
27688 1909
27689 1910
27690 1911
27691 1910
27692 1912
27693 1913
27694 1914
27695 1915
27696 1916
27697 1917
27698 1918
27699 1919
27700 1920
27701 1921
27702 1920
27703 1922
27704 1923
27705 1924
27706 1925
27707 1926
27708 1927
27709 1928
27710 1929
27711 1168
27712 1168
27713 1168
27714 1930
27715 1930
27716 1930
27717 1930
27718 1931
27719 1932
27720 1931
27721 1969
27722 1933
27723 1934
27724 1940
27725 1938
27726 1940
27727 1940
27728 1940
27729 1937
27730 1937
27731 1937
27732 1937
27733 1935
27734 1936
27735 1940
27736 1940
27737 1937
27738 1937
27739 1937
27740 1937
27741 1937
27742 1940
27743 1940
27744 1940
27745 1940
27746 1938
27747 1939
27748 1938
27749 1938
27750 1940
27751 1940
27752 1940
27753 1940
27754 1939
27755 1940
27756 1940
27757 1940
27758 1940
27759 1940
27760 1940
27761 1940
27762 1940
27763 1939
27764 1936
27765 1941
27766 1941
27767 1941
27768 1941
27769 1941
27770 1942
27771 1942
27772 1942
27773 1940
27774 1940
27775 1940
27776 1937
27777 1937
27778 1937
27779 1940
27780 1940
27781 1969
27782 1940
27783 1940
27784 1943
27785 1943
27786 1943
27787 233
27788 233
27789 1850
27790 1940
27791 1969
27792 1850
27793 1850
27794 1850
27795 1850
27796 1850
27797 1850
27798 1850
27799 1944
27800 1945
27801 1946
27802 1946
27803 1946
27804 1946
27805 1946
27806 1946
27807 1946
27808 1969
27809 1969
27810 1969
27811 1969
27812 1969
27813 1969
27814 1969
27815 1969
27816 1969
27817 1969
27818 233
27819 1168
27820 1168
27821 1168
27822 1947
27823 1948
27824 233
27825 1168
27826 1168
27827 1168
27828 1168
27829 1168
27830 1168
27831 1168
27832 1168
27833 1168
27834 1168
27835 1168
27836 233
27837 233
27838 1168
27839 1168
27840 1168
27841 233
27842 1168
27843 1168
27844 1168
27845 1168
27846 1168
27847 1168
27848 1168
27849 1168
27850 1949
27851 1949
27852 1950
27853 1949
27854 1949
27855 1949
27856 1949
27857 1949
27858 1951
27859 1952
27860 1949
27861 1949
27862 233
27863 2223
27864 1168
27865 1953
27866 233
27867 1954
27868 233
27869 1953
27870 233
27871 1953
27872 233
27873 1168
27874 1955
27875 1954
27876 1961
27877 1168
27878 1168
27879 1168
27880 1168
27881 1168
27882 233
27883 1168
27884 2219
27885 2219
27886 2220
27887 1956
27888 1960
27889 1957
27890 1958
27891 1959
27892 2219
27893 1168
27894 2223
27895 233
27896 233
27897 1168
27898 1960
27899 2219
27900 2220
27901 2223
27902 1168
27903 1168
27904 1168
27905 1168
27906 2232
27907 233
27908 233
27909 1168
27910 2215
27911 1961
27912 1168
27913 1168
27914 1168
27915 233
27916 233
27917 1957
27918 2223
27919 1953
27920 1168
27921 1953
27922 1961
27923 1961
27924 1955
27925 1168
27926 1953
27927 1953
27928 3
27929 3
27930 2114
27931 2115
27932 1962
27933 1168
27934 1963
27935 1964
27936 1168
27937 1168
27938 1168
27939 233
27940 1965
27941 1966
27942 1168
27943 1168
27944 1168
27945 1168
27946 1967
27947 1968
27948 1168
27949 1168
27950 1168
27951 1168
27952 1850
27953 1850
27954 1850
27955 1850
27956 1850
27957 1850
27958 1850
27959 1850
27960 1850
27961 1850
27962 1969
27963 1850
27964 1850
27965 1850
27966 1850
27967 1850
27968 1850
27969 1850
27970 1850
27971 1850
27972 1969
27973 1850
27974 1850
27975 1850
27976 1850
27977 1850
27978 1969
27979 1969
27980 1969
27981 1969
27982 1969
27983 1970
27984 1969
27985 1969
27986 1969
27987 1969
27988 1850
27989 1969
27990 1969
27991 1969
27992 1969
27993 1850
27994 1969
27995 1969
27996 1850
27997 2160
27998 1969
27999 1850
28000 2159
28001 2160
28002 1850
28003 1969
28004 1969
28005 1969
28006 495
28007 495
28008 495
28009 495
28010 495
28011 495
28012 495
28013 495
28014 2519
28015 495
28016 495
28017 495
28018 495
28019 495
28020 495
28021 495
28022 495
28023 495
28024 495
28025 495
28026 495
28027 1971
28028 1972
28029 1973
28030 1969
28031 1969
28032 1969
28033 1969
28034 1969
28035 1168
28036 1974
28037 1168
28038 1168
28039 1168
28040 1168
28041 1974
28042 1168
28043 1975
28044 1168
28045 1168
28046 1168
28047 1168
28048 1168
28049 1168
28050 1168
28051 1168
28052 1168
28053 1168
28054 1168
28055 1168
28056 1168
28057 1168
28058 1168
28059 1168
28060 1168
28061 1168
28062 1974
28063 1168
28064 1168
28065 1168
28066 1168
28067 1168
28068 1168
28069 1168
28070 1168
28071 1168
28072 233
28073 233
28074 1969
28075 1969
28076 1969
28077 1969
28078 1969
28079 1165
28080 1168
28081 233
28082 233
28083 233
28084 3
28085 164
28086 3
28087 3
28088 3
28089 1168
28090 3373
28091 3373
28092 3373
28093 164
28094 1165
28095 233
28096 233
28097 1976
28098 1977
28099 1977
28100 1977
28101 1977
28102 1977
28103 3
28104 1978
28105 1979
28106 18
28107 18
28108 18
28109 18
28110 18
28111 18
28112 18
28113 1165
28114 233
28115 233
28116 233
28117 233
28118 233
28119 233
28120 233
28121 233
28122 233
28123 233
28124 233
28125 233
28126 233
28127 1980
28128 1981
28129 164
28130 1357
28131 1357
28132 1357
28133 1357
28134 1357
28135 1357
28136 1357
28137 1982
28138 1983
28139 2244
28140 1357
28141 1357
28142 1449
28143 1449
28144 1449
28145 1449
28146 1449
28147 1984
28148 1985
28149 1357
28150 1357
28151 1357
28152 1357
28153 1357
28154 1357
28155 1357
28156 1357
28157 1357
28158 1357
28159 3350
28160 3350
28161 3350
28162 3350
28163 3350
28164 3350
28165 3350
28166 3350
28167 3350
28168 3350
28169 3350
28170 3350
28171 3350
28172 3350
28173 3
28174 3350
28175 3350
28176 3350
28177 1986
28178 3350
28179 3350
28180 2
28181 3350
28182 3350
28183 3350
28184 3350
28185 3350
28186 3350
28187 3350
28188 3350
28189 3350
28190 3350
28191 1987
28192 3350
28193 3350
28194 3350
28195 3350
28196 3350
28197 3350
28198 3350
28199 3350
28200 3350
28201 3350
28202 3350
28203 3350
28204 3350
28205 3350
28206 3350
28207 3350
28208 3350
28209 3350
28210 3350
28211 3350
28212 3350
28213 3350
28214 3350
28215 3350
28216 3350
28217 3350
28218 3350
28219 3350
28220 3350
28221 3350
28222 3350
28223 3350
28224 3350
28225 3350
28226 3350
28227 3350
28228 3350
28229 3350
28230 1069
28231 3350
28232 3350
28233 3350
28234 3350
28235 3350
28236 3350
28237 3350
28238 3350
28239 3350
28240 3350
28241 3350
28242 3350
28243 3350
28244 3350
28245 3350
28246 3350
28247 1988
28248 1989
28249 3350
28250 3350
28251 3350
28252 3350
28253 3350
28254 3350
28255 3350
28256 3350
28257 3350
28258 3350
28259 3350
28260 3350
28261 3350
28262 3350
28263 3350
28264 3350
28265 3350
28266 3350
28267 3350
28268 3350
28269 3350
28270 3350
28271 3350
28272 3350
28273 3350
28274 3350
28275 3350
28276 3350
28277 3350
28278 3350
28279 3350
28280 3350
28281 3350
28282 1990
28283 3350
28284 3350
28285 3350
28286 3350
28287 3350
28288 3350
28289 3350
28290 3350
28291 3350
28292 3350
28293 3350
28294 3350
28295 3350
28296 3350
28297 1991
28298 3350
28299 1992
28300 3350
28301 3350
28302 3350
28303 3350
28304 1993
28305 3350
28306 3350
28307 3350
28308 3350
28309 3350
28310 3350
28311 3350
28312 3350
28313 3350
28314 3350
28315 3350
28316 3350
28317 3350
28318 3350
28319 1994
28320 3350
28321 3350
28322 3350
28323 1995
28324 1996
28325 3350
28326 3350
28327 3350
28328 3350
28329 3350
28330 3350
28331 3350
28332 3350
28333 3350
28334 3350
28335 3350
28336 3350
28337 3350
28338 3350
28339 3350
28340 3350
28341 3350
28342 3350
28343 3350
28344 3350
28345 3350
28346 3350
28347 3350
28348 3350
28349 3350
28350 3350
28351 3350
28352 3350
28353 3350
28354 3350
28355 3350
28356 3350
28357 3350
28358 3350
28359 3350
28360 3350
28361 1997
28362 3350
28363 3350
28364 3350
28365 3350
28366 3350
28367 1998
28368 3350
28369 3350
28370 3350
28371 3350
28372 3350
28373 3350
28374 3350
28375 3350
28376 3350
28377 3350
28378 3350
28379 3350
28380 3350
28381 3350
28382 3350
28383 3350
28384 3350
28385 3350
28386 3350
28387 3350
28388 3350
28389 3350
28390 3350
28391 3350
28392 3350
28393 3350
28394 3350
28395 3350
28396 3350
28397 3350
28398 3350
28399 3350
28400 3350
28401 3350
28402 3350
28403 3350
28404 3350
28405 3350
28406 3350
28407 3350
28408 3350
28409 3350
28410 3350
28411 3350
28412 3350
28413 3350
28414 3350
28415 3350
28416 3350
28417 3350
28418 3350
28419 3350
28420 3350
28421 3350
28422 849
28423 849
28424 849
28425 1357
28426 1357
28427 1999
28428 2000
28429 1165
28430 1327
28431 1328
28432 1328
28433 1328
28434 1327
28435 1327
28436 1327
28437 1327
28438 1327
28439 1165
28440 1165
28441 1165
28442 1165
28443 1165
28444 1165
28445 1165
28446 2001
28447 2002
28448 2003
28449 2003
28450 2008
28451 3
28452 3
28453 3
28454 48
28455 6
28456 516
28457 516
28458 48
28459 48
28460 48
28461 48
28462 48
28463 48
28464 48
28465 48
28466 48
28467 48
28468 48
28469 48
28470 48
28471 48
28472 3
28473 48
28474 48
28475 48
28476 48
28477 2004
28478 2005
28479 2006
28480 2007
28481 516
28482 516
28483 2008
28484 2009
28485 2009
28486 2009
28487 2010
28488 2011
28489 5
28490 5
28491 5
28492 5
28493 3373
28494 3373
28495 1168
28496 3373
28497 233
28498 233
28499 2012
28500 2013
28501 2013
28502 3373
28503 3373
28504 3373
28505 3373
28506 2014
28507 2015
28508 3373
28509 2016
28510 2017
28511 2018
28512 2019
28513 2020
28514 2021
28515 2021
28516 2022
28517 2022
28518 2022
28519 2022
28520 2022
28521 2023
28522 2024
28523 972
28524 972
28525 972
28526 2025
28527 2025
28528 2025
28529 2025
28530 2026
28531 2026
28532 2026
28533 2026
28534 2026
28535 2026
28536 2026
28537 2026
28538 516
28539 83
28540 83
28541 83
28542 83
28543 516
28544 516
28545 516
28546 516
28547 1165
28548 2027
28549 2028
28550 2027
28551 2029
28552 2029
28553 2029
28554 2029
28555 2030
28556 2030
28557 2030
28558 2030
28559 2030
28560 2030
28561 2031
28562 2032
28563 0
28564 3
28565 3
28566 0
28567 347
28568 2033
28569 0
28570 3
28571 0
28572 0
28573 0
28574 3
28575 3
28576 3
28577 3
28578 2034
28579 2038
28580 2034
28581 0
28582 0
28583 3
28584 2035
28585 0
28586 3
28587 3
28588 3
28589 0
28590 2036
28591 2037
28592 2038
28593 347
28594 0
28595 0
28596 3
28597 3
28598 0
28599 3
28600 3
28601 3
28602 3
28603 3
28604 2039
28605 2040
28606 2039
28607 1357
28608 1357
28609 1357
28610 3
28611 3
28612 3
28613 3
28614 42
28615 42
28616 3
28617 42
28618 42
28619 42
28620 3
28621 3
28622 3
28623 3
28624 3
28625 957
28626 957
28627 957
28628 2041
28629 2041
28630 2041
28631 184
28632 957
28633 2042
28634 2043
28635 2044
28636 957
28637 2045
28638 957
28639 2046
28640 188
28641 2048
28642 2047
28643 188
28644 3
28645 188
28646 188
28647 2047
28648 2048
28649 957
28650 188
28651 188
28652 2049
28653 2050
28654 188
28655 188
28656 188
28657 2063
28658 2063
28659 957
28660 188
28661 188
28662 3
28663 957
28664 188
28665 957
28666 188
28667 188
28668 188
28669 188
28670 957
28671 957
28672 957
28673 957
28674 188
28675 188
28676 188
28677 957
28678 957
28679 188
28680 188
28681 188
28682 188
28683 188
28684 3
28685 188
28686 188
28687 3
28688 957
28689 188
28690 2051
28691 2052
28692 3
28693 188
28694 188
28695 2053
28696 188
28697 188
28698 188
28699 188
28700 957
28701 188
28702 2048
28703 957
28704 3
28705 188
28706 957
28707 188
28708 188
28709 2054
28710 2055
28711 957
28712 957
28713 957
28714 2056
28715 2057
28716 2057
28717 2056
28718 42
28719 42
28720 42
28721 42
28722 42
28723 42
28724 42
28725 42
28726 42
28727 1165
28728 164
28729 164
28730 1165
28731 1165
28732 2058
28733 2058
28734 2058
28735 2058
28736 2058
28737 184
28738 184
28739 184
28740 184
28741 0
28742 184
28743 184
28744 184
28745 0
28746 184
28747 184
28748 184
28749 184
28750 184
28751 184
28752 184
28753 0
28754 0
28755 184
28756 0
28757 0
28758 0
28759 184
28760 184
28761 184
28762 184
28763 0
28764 184
28765 0
28766 184
28767 184
28768 184
28769 2059
28770 2060
28771 184
28772 184
28773 184
28774 184
28775 184
28776 184
28777 184
28778 184
28779 184
28780 184
28781 0
28782 184
28783 0
28784 0
28785 184
28786 184
28787 184
28788 2061
28789 2062
28790 188
28791 188
28792 188
28793 3
28794 3
28795 3
28796 3
28797 2076
28798 2076
28799 2076
28800 3
28801 3
28802 2063
28803 2063
28804 2063
28805 2063
28806 2063
28807 1168
28808 1168
28809 1168
28810 1168
28811 3
28812 3
28813 3
28814 2064
28815 0
28816 0
28817 0
28818 233
28819 233
28820 1165
28821 1165
28822 1165
28823 948
28824 2065
28825 2066
28826 2065
28827 2067
28828 2067
28829 2068
28830 2068
28831 2068
28832 2068
28833 2068
28834 2068
28835 2068
28836 2068
28837 2069
28838 2070
28839 2068
28840 2068
28841 2068
28842 2071
28843 2072
28844 2073
28845 2073
28846 2073
28847 2073
28848 2073
28849 2068
28850 2068
28851 2068
28852 2074
28853 2075
28854 495
28855 2076
28856 2076
28857 3
28858 2077
28859 2077
28860 2077
28861 2077
28862 590
28863 590
28864 590
28865 590
28866 590
28867 2078
28868 1357
28869 3
28870 3
28871 3
28872 2436
28873 2436
28874 2079
28875 3
28876 3
28877 2080
28878 3
28879 3
28880 3
28881 3
28882 3
28883 3
28884 3
28885 2081
28886 2082
28887 2079
28888 3
28889 2081
28890 3
28891 3
28892 3
28893 3
28894 2083
28895 2084
28896 3
28897 3
28898 677
28899 3
28900 3
28901 2436
28902 3
28903 2085
28904 2086
28905 3
28906 3
28907 3
28908 3
28909 3
28910 3
28911 3
28912 265
28913 2088
28914 2087
28915 2088
28916 2092
28917 2092
28918 2092
28919 265
28920 265
28921 265
28922 265
28923 265
28924 265
28925 265
28926 265
28927 2087
28928 2087
28929 265
28930 2092
28931 265
28932 265
28933 2089
28934 265
28935 2090
28936 2091
28937 2091
28938 2092
28939 2092
28940 2092
28941 2092
28942 2092
28943 2092
28944 2092
28945 2092
28946 2093
28947 2093
28948 2093
28949 2093
28950 2093
28951 2093
28952 2093
28953 2093
28954 2093
28955 2093
28956 2093
28957 2093
28958 2089
28959 2093
28960 2094
28961 2094
28962 2094
28963 2094
28964 2093
28965 2093
28966 1591
28967 1591
28968 267
28969 1591
28970 267
28971 267
28972 267
28973 1591
28974 267
28975 1591
28976 1591
28977 1591
28978 267
28979 2095
28980 2096
28981 267
28982 1591
28983 1591
28984 1591
28985 267
28986 1591
28987 267
28988 267
28989 2097
28990 2098
28991 1591
28992 2096
28993 1591
28994 2099
28995 2100
28996 1591
28997 1591
28998 1591
28999 267
29000 267
29001 267
29002 267
29003 3
29004 3
29005 3
29006 267
29007 267
29008 267
29009 2096
29010 267
29011 267
29012 3624
29013 2101
29014 2102
29015 1591
29016 1168
29017 1168
29018 2103
29019 2103
29020 2103
29021 1969
29022 1969
29023 1969
29024 1168
29025 29
29026 29
29027 1168
29028 1168
29029 1850
29030 1969
29031 1969
29032 1969
29033 1969
29034 3
29035 3
29036 3
29037 3
29038 3
29039 3
29040 3
29041 677
29042 1165
29043 1165
29044 1165
29045 1165
29046 1165
29047 1165
29048 1165
29049 1165
29050 2104
29051 2105
29052 2106
29053 2106
29054 2106
29055 1165
29056 1165
29057 2107
29058 2108
29059 1165
29060 1165
29061 1165
29062 1165
29063 1165
29064 1165
29065 1165
29066 677
29067 677
29068 677
29069 677
29070 677
29071 677
29072 1165
29073 1165
29074 1165
29075 1165
29076 1165
29077 1165
29078 2109
29079 2109
29080 2109
29081 1165
29082 1165
29083 1165
29084 1165
29085 233
29086 2110
29087 2110
29088 2110
29089 2110
29090 2111
29091 2112
29092 2112
29093 2112
29094 233
29095 233
29096 233
29097 233
29098 233
29099 233
29100 233
29101 2113
29102 2113
29103 2114
29104 2115
29105 2116
29106 2116
29107 2116
29108 2116
29109 1205
29110 1205
29111 2116
29112 2116
29113 2116
29114 2117
29115 2117
29116 2117
29117 233
29118 297
29119 297
29120 297
29121 297
29122 297
29123 297
29124 297
29125 297
29126 297
29127 297
29128 297
29129 297
29130 297
29131 1593
29132 2118
29133 1593
29134 297
29135 297
29136 1357
29137 297
29138 297
29139 297
29140 2118
29141 297
29142 1357
29143 1357
29144 297
29145 297
29146 2119
29147 2120
29148 297
29149 297
29150 1357
29151 1357
29152 1357
29153 1357
29154 297
29155 297
29156 297
29157 607
29158 2121
29159 2121
29160 2122
29161 2123
29162 0
29163 3
29164 3
29165 374
29166 374
29167 2124
29168 2125
29169 2126
29170 2127
29171 1357
29172 2127
29173 164
29174 164
29175 164
29176 1165
29177 1165
29178 1165
29179 187
29180 187
29181 187
29182 187
29183 1165
29184 2128
29185 2129
29186 2130
29187 2131
29188 1165
29189 1165
29190 178
29191 1165
29192 1165
29193 1165
29194 1165
29195 1165
29196 3
29197 3
29198 3
29199 3
29200 3
29201 3
29202 3
29203 3
29204 3
29205 3
29206 1357
29207 1357
29208 1357
29209 3
29210 3
29211 3
29212 3
29213 3
29214 2132
29215 3
29216 3
29217 3
29218 3
29219 3
29220 3
29221 3
29222 3
29223 3
29224 3
29225 3
29226 3
29227 3
29228 3
29229 2133
29230 3
29231 3
29232 3
29233 3
29234 3
29235 3
29236 3
29237 3
29238 3
29239 3
29240 3
29241 3
29242 3
29243 3
29244 2134
29245 3
29246 3
29247 3
29248 3
29249 3
29250 3
29251 3
29252 3
29253 3
29254 3
29255 3
29256 3
29257 3
29258 3
29259 3
29260 2140
29261 2135
29262 2135
29263 2135
29264 2136
29265 2136
29266 2136
29267 3
29268 3
29269 3
29270 3
29271 3
29272 6
29273 6
29274 6
29275 6
29276 2137
29277 2138
29278 3
29279 3
29280 3
29281 3
29282 3
29283 2140
29284 2139
29285 2139
29286 2139
29287 2140
29288 2140
29289 2140
29290 2140
29291 2140
29292 2140
29293 3
29294 3
29295 3
29296 3
29297 3
29298 3
29299 3
29300 3
29301 1168
29302 2141
29303 2141
29304 2141
29305 2142
29306 2143
29307 2144
29308 2144
29309 2144
29310 2144
29311 2144
29312 2145
29313 2145
29314 2145
29315 2145
29316 2146
29317 2147
29318 2148
29319 2149
29320 2150
29321 2151
29322 2152
29323 1068
29324 2153
29325 2154
29326 2154
29327 2155
29328 2155
29329 2155
29330 2155
29331 1168
29332 1168
29333 1168
29334 1168
29335 1168
29336 2156
29337 2156
29338 2156
29339 2156
29340 2156
29341 2156
29342 2157
29343 2157
29344 2157
29345 2157
29346 2158
29347 2158
29348 2158
29349 2596
29350 495
29351 495
29352 495
29353 495
29354 2159
29355 2159
29356 2159
29357 2159
29358 2159
29359 2159
29360 2160
29361 2160
29362 2160
29363 1969
29364 1843
29365 1843
29366 1843
29367 1843
29368 1843
29369 1843
29370 1969
29371 1969
29372 1127
29373 673
29374 1127
29375 2161
29376 2162
29377 3
29378 3
29379 3
29380 3
29381 3
29382 3
29383 3
29384 3
29385 6
29386 6
29387 6
29388 6
29389 6
29390 6
29391 1357
29392 541
29393 541
29394 541
29395 976
29396 976
29397 976
29398 976
29399 973
29400 351
29401 351
29402 351
29403 351
29404 351
29405 973
29406 973
29407 973
29408 973
29409 973
29410 351
29411 1357
29412 2163
29413 3
29414 3
29415 3
29416 3
29417 2164
29418 2165
29419 3
29420 2166
29421 3
29422 3
29423 3
29424 3
29425 3
29426 3
29427 3
29428 3
29429 3
29430 3
29431 3
29432 3
29433 2167
29434 2168
29435 2168
29436 3
29437 3
29438 3
29439 2167
29440 2167
29441 2167
29442 2167
29443 2167
29444 607
29445 233
29446 233
29447 2169
29448 2169
29449 2169
29450 2170
29451 2170
29452 2170
29453 3
29454 1205
29455 1205
29456 2171
29457 2172
29458 3
29459 2173
29460 2174
29461 233
29462 2175
29463 2176
29464 2176
29465 2176
29466 2177
29467 2178
29468 2176
29469 2176
29470 2176
29471 2176
29472 2176
29473 2177
29474 2179
29475 2179
29476 2179
29477 2179
29478 8
29479 8
29480 8
29481 3
29482 495
29483 3
29484 2180
29485 2180
29486 2180
29487 2180
29488 2180
29489 2180
29490 2180
29491 2180
29492 495
29493 495
29494 495
29495 3
29496 8
29497 2181
29498 2181
29499 2181
29500 2182
29501 2183
29502 2184
29503 2185
29504 3025
29505 495
29506 2186
29507 2187
29508 0
29509 749
29510 749
29511 2188
29512 2189
29513 249
29514 3
29515 3
29516 249
29517 3
29518 3
29519 249
29520 249
29521 249
29522 249
29523 3
29524 3
29525 2190
29526 2191
29527 3
29528 3
29529 3
29530 249
29531 249
29532 3
29533 3
29534 249
29535 249
29536 249
29537 3
29538 3
29539 3
29540 249
29541 495
29542 495
29543 495
29544 495
29545 8
29546 8
29547 8
29548 2192
29549 2193
29550 2194
29551 2195
29552 2196
29553 2197
29554 2197
29555 2196
29556 2198
29557 2199
29558 2200
29559 2200
29560 2200
29561 2201
29562 2202
29563 2203
29564 2204
29565 2205
29566 2449
29567 677
29568 677
29569 677
29570 2206
29571 2207
29572 2208
29573 2209
29574 2210
29575 2211
29576 106
29577 106
29578 106
29579 2212
29580 2212
29581 2212
29582 2212
29583 495
29584 495
29585 495
29586 2213
29587 2213
29588 2213
29589 2213
29590 2213
29591 2213
29592 2214
29593 677
29594 1168
29595 2215
29596 2215
29597 1961
29598 1961
29599 1961
29600 1961
29601 1961
29602 1961
29603 1961
29604 233
29605 233
29606 233
29607 233
29608 233
29609 2216
29610 2217
29611 2217
29612 2217
29613 1953
29614 1953
29615 2223
29616 2223
29617 2223
29618 2223
29619 2223
29620 2223
29621 2223
29622 2223
29623 2220
29624 2220
29625 2220
29626 2220
29627 2218
29628 2219
29629 2220
29630 2221
29631 2222
29632 2232
29633 1953
29634 1953
29635 2223
29636 2223
29637 2223
29638 2223
29639 1954
29640 1954
29641 1954
29642 2232
29643 2218
29644 2218
29645 1960
29646 1960
29647 1960
29648 1960
29649 2230
29650 2224
29651 2225
29652 2223
29653 2223
29654 2232
29655 2232
29656 2232
29657 2232
29658 2232
29659 2232
29660 2232
29661 2232
29662 2226
29663 2227
29664 2227
29665 1168
29666 233
29667 233
29668 233
29669 233
29670 233
29671 233
29672 1168
29673 233
29674 1168
29675 2228
29676 2228
29677 2228
29678 2228
29679 2229
29680 2229
29681 2229
29682 2411
29683 2232
29684 2230
29685 2231
29686 2231
29687 2231
29688 2231
29689 2231
29690 2232
29691 2232
29692 1357
29693 849
29694 409
29695 409
29696 409
29697 409
29698 409
29699 409
29700 409
29701 409
29702 409
29703 409
29704 409
29705 1357
29706 409
29707 409
29708 409
29709 409
29710 409
29711 409
29712 2233
29713 2234
29714 409
29715 409
29716 409
29717 1658
29718 409
29719 409
29720 409
29721 409
29722 409
29723 409
29724 409
29725 409
29726 409
29727 409
29728 409
29729 409
29730 409
29731 492
29732 492
29733 492
29734 2235
29735 492
29736 492
29737 492
29738 492
29739 492
29740 492
29741 492
29742 492
29743 492
29744 492
29745 492
29746 492
29747 492
29748 492
29749 492
29750 492
29751 492
29752 2245
29753 492
29754 2236
29755 2237
29756 409
29757 2238
29758 2239
29759 409
29760 409
29761 409
29762 409
29763 409
29764 2240
29765 2241
29766 677
29767 2242
29768 2243
29769 2244
29770 409
29771 409
29772 409
29773 121
29774 121
29775 121
29776 121
29777 121
29778 121
29779 849
29780 849
29781 849
29782 849
29783 849
29784 849
29785 1357
29786 121
29787 121
29788 23
29789 409
29790 2245
29791 495
29792 495
29793 1357
29794 1357
29795 409
29796 1357
29797 2245
29798 2245
29799 2245
29800 2245
29801 409
29802 409
29803 1357
29804 1357
29805 1357
29806 164
29807 164
29808 164
29809 164
29810 164
29811 164
29812 1357
29813 164
29814 20
29815 20
29816 20
29817 20
29818 20
29819 20
29820 729
29821 729
29822 729
29823 729
29824 729
29825 106
29826 106
29827 436
29828 436
29829 2246
29830 2247
29831 1357
29832 1357
29833 1357
29834 129
29835 129
29836 129
29837 129
29838 129
29839 129
29840 164
29841 1357
29842 1357
29843 1357
29844 2248
29845 2249
29846 2250
29847 2251
29848 3128
29849 3128
29850 3261
29851 2252
29852 2253
29853 2253
29854 2253
29855 2254
29856 2255
29857 1836
29858 1836
29859 121
29860 121
29861 121
29862 121
29863 2256
29864 2257
29865 2258
29866 2258
29867 2258
29868 2258
29869 3261
29870 2259
29871 2259
29872 2259
29873 2259
29874 2259
29875 2260
29876 2261
29877 2262
29878 2262
29879 677
29880 677
29881 2263
29882 2263
29883 2263
29884 2263
29885 2263
29886 2263
29887 2263
29888 1669
29889 1669
29890 1669
29891 1669
29892 1669
29893 1669
29894 2263
29895 1669
29896 1165
29897 1669
29898 1669
29899 1669
29900 2263
29901 1669
29902 1669
29903 1669
29904 2264
29905 2265
29906 2266
29907 2267
29908 532
29909 1669
29910 1669
29911 2268
29912 2269
29913 2270
29914 2271
29915 532
29916 2263
29917 2272
29918 2273
29919 2274
29920 2275
29921 2275
29922 2276
29923 2277
29924 2277
29925 2276
29926 2276
29927 2276
29928 2278
29929 2278
29930 2278
29931 677
29932 2279
29933 2280
29934 677
29935 677
29936 677
29937 677
29938 677
29939 677
29940 677
29941 2281
29942 2282
29943 2107
29944 2107
29945 2107
29946 2386
29947 2283
29948 2284
29949 2285
29950 2286
29951 2287
29952 2288
29953 2289
29954 2290
29955 2291
29956 2292
29957 2293
29958 2294
29959 2295
29960 2296
29961 2297
29962 2298
29963 2299
29964 2300
29965 2301
29966 2301
29967 2302
29968 2303
29969 2304
29970 2305
29971 2306
29972 2307
29973 2308
29974 2309
29975 2310
29976 2311
29977 2312
29978 2313
29979 2313
29980 2313
29981 2314
29982 2315
29983 2316
29984 2317
29985 2318
29986 2319
29987 2320
29988 2321
29989 2322
29990 2323
29991 2324
29992 2325
29993 2326
29994 2327
29995 2328
29996 2329
29997 2330
29998 2331
29999 2332
30000 2333
30001 2334
30002 2335
30003 2336
30004 2337
30005 2338
30006 2339
30007 2338
30008 2340
30009 2341
30010 2340
30011 2342
30012 2343
30013 2344
30014 2345
30015 2346
30016 2347
30017 2348
30018 2349
30019 2350
30020 2351
30021 2351
30022 2352
30023 2353
30024 2354
30025 2355
30026 2356
30027 2357
30028 2358
30029 2359
30030 2360
30031 2361
30032 2362
30033 2363
30034 2364
30035 2365
30036 2366
30037 2367
30038 2368
30039 2369
30040 2370
30041 2371
30042 2372
30043 2373
30044 2374
30045 2375
30046 2376
30047 2377
30048 2378
30049 2379
30050 2380
30051 2381
30052 2382
30053 2383
30054 2384
30055 2385
30056 2386
30057 2387
30058 2388
30059 2388
30060 2389
30061 2390
30062 2391
30063 2392
30064 2393
30065 2394
30066 2395
30067 2396
30068 2397
30069 2398
30070 2399
30071 2400
30072 197
30073 197
30074 197
30075 2401
30076 2402
30077 197
30078 197
30079 197
30080 197
30081 197
30082 371
30083 197
30084 197
30085 197
30086 495
30087 495
30088 495
30089 495
30090 495
30091 2403
30092 2403
30093 2403
30094 2403
30095 1165
30096 2404
30097 2404
30098 2404
30099 2404
30100 2404
30101 189
30102 164
30103 164
30104 164
30105 164
30106 3108
30107 2405
30108 2406
30109 2407
30110 2408
30111 1969
30112 1969
30113 749
30114 164
30115 164
30116 2409
30117 2410
30118 3333
30119 3342
30120 2411
30121 2412
30122 2411
30123 53
30124 30
30125 2413
30126 2413
30127 2413
30128 59
30129 59
30130 59
30131 59
30132 59
30133 59
30134 1057
30135 59
30136 59
30137 59
30138 59
30139 59
30140 59
30141 59
30142 59
30143 59
30144 59
30145 59
30146 59
30147 59
30148 59
30149 59
30150 59
30151 59
30152 59
30153 59
30154 59
30155 59
30156 59
30157 59
30158 2414
30159 2415
30160 2416
30161 2417
30162 2418
30163 2419
30164 2420
30165 2421
30166 2420
30167 2422
30168 2423
30169 2424
30170 2425
30171 3567
30172 3567
30173 2426
30174 2427
30175 2428
30176 2429
30177 3
30178 3
30179 3
30180 1168
30181 1168
30182 1168
30183 1168
30184 1168
30185 181
30186 1168
30187 1168
30188 1168
30189 1168
30190 1168
30191 1168
30192 1168
30193 1168
30194 1168
30195 1168
30196 1168
30197 1168
30198 1168
30199 1168
30200 1168
30201 1168
30202 1168
30203 1168
30204 1168
30205 1168
30206 1168
30207 1168
30208 1168
30209 1168
30210 1168
30211 1168
30212 1168
30213 2430
30214 2431
30215 1168
30216 1168
30217 1168
30218 1168
30219 1168
30220 1168
30221 2432
30222 2433
30223 1168
30224 233
30225 1168
30226 233
30227 233
30228 233
30229 233
30230 233
30231 1168
30232 1168
30233 1168
30234 233
30235 233
30236 233
30237 233
30238 2434
30239 2435
30240 1168
30241 1168
30242 1168
30243 2436
30244 2436
30245 2436
30246 2436
30247 2436
30248 233
30249 2437
30250 2438
30251 2437
30252 3424
30253 3424
30254 3424
30255 2245
30256 2439
30257 2440
30258 2441
30259 2442
30260 2443
30261 2443
30262 2443
30263 2444
30264 2444
30265 2444
30266 2444
30267 2445
30268 2446
30269 2446
30270 2446
30271 2446
30272 2447
30273 2448
30274 2144
30275 2144
30276 2449
30277 2450
30278 2
30279 2
30280 2
30281 2451
30282 2452
30283 2
30284 2
30285 2
30286 2453
30287 2453
30288 2453
30289 2454
30290 2455
30291 2456
30292 2457
30293 2457
30294 2457
30295 2457
30296 196
30297 196
30298 2205
30299 2458
30300 2458
30301 2459
30302 2458
30303 29
30304 29
30305 180
30306 180
30307 180
30308 180
30309 180
30310 29
30311 29
30312 2460
30313 2460
30314 2460
30315 2460
30316 2461
30317 2461
30318 2461
30319 2461
30320 2461
30321 2461
30322 1165
30323 1165
30324 3333
30325 662
30326 3333
30327 3333
30328 164
30329 2141
30330 2141
30331 1165
30332 2462
30333 2463
30334 180
30335 82
30336 1165
30337 189
30338 2464
30339 2464
30340 3684
30341 2465
30342 2465
30343 2465
30344 2466
30345 2466
30346 2466
30347 2466
30348 2467
30349 2468
30350 2469
30351 2469
30352 2469
30353 1165
30354 1165
30355 2470
30356 2470
30357 2470
30358 2470
30359 2470
30360 2471
30361 2472
30362 2472
30363 1108
30364 1108
30365 1108
30366 1108
30367 2473
30368 2474
30369 1065
30370 1065
30371 1065
30372 2476
30373 2476
30374 2475
30375 2475
30376 2475
30377 2475
30378 2476
30379 2476
30380 2476
30381 2476
30382 2476
30383 2476
30384 2475
30385 2475
30386 2475
30387 2477
30388 2477
30389 2478
30390 2478
30391 2479
30392 2479
30393 2479
30394 389
30395 389
30396 233
30397 233
30398 233
30399 233
30400 1168
30401 2480
30402 2481
30403 2481
30404 1165
30405 1165
30406 1165
30407 1165
30408 1165
30409 2482
30410 2483
30411 2484
30412 2485
30413 2481
30414 2481
30415 2481
30416 2486
30417 2486
30418 2486
30419 2486
30420 2487
30421 2488
30422 1108
30423 1108
30424 1108
30425 1108
30426 1108
30427 1108
30428 1108
30429 2489
30430 2489
30431 2489
30432 2489
30433 2489
30434 1383
30435 1383
30436 3568
30437 3568
30438 3
30439 3
30440 3
30441 2492
30442 2492
30443 3
30444 3
30445 3
30446 3
30447 3
30448 2493
30449 2493
30450 3
30451 3
30452 3
30453 3
30454 2493
30455 2493
30456 3
30457 249
30458 2490
30459 2491
30460 2493
30461 2492
30462 2492
30463 2493
30464 2493
30465 2493
30466 2493
30467 2493
30468 2493
30469 2493
30470 2493
30471 2493
30472 1357
30473 1357
30474 3
30475 3
30476 3
30477 3
30478 233
30479 233
30480 233
30481 2494
30482 2495
30483 6
30484 6
30485 3
30486 3
30487 3
30488 2496
30489 2497
30490 1357
30491 2498
30492 2498
30493 2498
30494 2498
30495 2498
30496 1357
30497 1357
30498 1357
30499 1357
30500 106
30501 106
30502 106
30503 106
30504 495
30505 495
30506 2499
30507 2499
30508 2499
30509 2499
30510 2499
30511 874
30512 1357
30513 2500
30514 1357
30515 2501
30516 2501
30517 2501
30518 2502
30519 2501
30520 2503
30521 2504
30522 2504
30523 2504
30524 1357
30525 1357
30526 1357
30527 1357
30528 1357
30529 1357
30530 1357
30531 1357
30532 1357
30533 2501
30534 2501
30535 121
30536 121
30537 2505
30538 2506
30539 1357
30540 1357
30541 2507
30542 2507
30543 2507
30544 2507
30545 129
30546 495
30547 495
30548 2508
30549 2509
30550 495
30551 495
30552 495
30553 495
30554 495
30555 495
30556 495
30557 495
30558 495
30559 495
30560 495
30561 495
30562 495
30563 495
30564 495
30565 495
30566 495
30567 495
30568 495
30569 495
30570 495
30571 495
30572 495
30573 495
30574 495
30575 495
30576 495
30577 495
30578 495
30579 495
30580 495
30581 495
30582 495
30583 495
30584 495
30585 495
30586 495
30587 495
30588 495
30589 495
30590 495
30591 495
30592 495
30593 495
30594 495
30595 495
30596 495
30597 495
30598 495
30599 495
30600 495
30601 495
30602 495
30603 495
30604 495
30605 495
30606 495
30607 495
30608 495
30609 495
30610 495
30611 495
30612 495
30613 495
30614 495
30615 495
30616 495
30617 495
30618 495
30619 495
30620 495
30621 495
30622 495
30623 495
30624 495
30625 495
30626 2510
30627 495
30628 495
30629 164
30630 2511
30631 2512
30632 495
30633 495
30634 495
30635 495
30636 495
30637 2513
30638 495
30639 495
30640 495
30641 495
30642 495
30643 495
30644 495
30645 495
30646 495
30647 495
30648 495
30649 495
30650 495
30651 3224
30652 495
30653 495
30654 495
30655 495
30656 495
30657 495
30658 495
30659 495
30660 495
30661 495
30662 495
30663 495
30664 495
30665 495
30666 495
30667 495
30668 495
30669 495
30670 495
30671 495
30672 495
30673 495
30674 495
30675 495
30676 495
30677 495
30678 495
30679 495
30680 495
30681 2515
30682 2515
30683 2514
30684 495
30685 495
30686 495
30687 495
30688 495
30689 495
30690 495
30691 495
30692 495
30693 495
30694 495
30695 495
30696 495
30697 495
30698 495
30699 495
30700 2515
30701 495
30702 495
30703 495
30704 495
30705 495
30706 495
30707 495
30708 495
30709 495
30710 495
30711 495
30712 495
30713 495
30714 495
30715 495
30716 2516
30717 2517
30718 495
30719 495
30720 495
30721 495
30722 495
30723 495
30724 495
30725 495
30726 495
30727 495
30728 495
30729 495
30730 495
30731 495
30732 495
30733 495
30734 495
30735 2518
30736 2515
30737 495
30738 495
30739 495
30740 2515
30741 495
30742 495
30743 495
30744 495
30745 495
30746 495
30747 495
30748 495
30749 495
30750 495
30751 495
30752 495
30753 59
30754 495
30755 495
30756 495
30757 495
30758 495
30759 495
30760 495
30761 495
30762 495
30763 495
30764 495
30765 495
30766 495
30767 495
30768 495
30769 495
30770 495
30771 495
30772 495
30773 495
30774 495
30775 495
30776 495
30777 495
30778 495
30779 507
30780 495
30781 495
30782 2519
30783 2519
30784 2520
30785 2520
30786 495
30787 495
30788 495
30789 495
30790 495
30791 495
30792 2521
30793 2522
30794 558
30795 496
30796 496
30797 495
30798 2524
30799 2525
30800 495
30801 495
30802 495
30803 495
30804 495
30805 495
30806 495
30807 495
30808 495
30809 495
30810 59
30811 59
30812 59
30813 59
30814 495
30815 59
30816 59
30817 2526
30818 2527
30819 59
30820 59
30821 59
30822 178
30823 2528
30824 2529
30825 2530
30826 2531
30827 2532
30828 2533
30829 495
30830 2534
30831 2535
30832 2535
30833 495
30834 495
30835 495
30836 495
30837 495
30838 495
30839 495
30840 495
30841 495
30842 2534
30843 495
30844 495
30845 495
30846 495
30847 2536
30848 2537
30849 2537
30850 2536
30851 495
30852 495
30853 495
30854 495
30855 495
30856 2538
30857 495
30858 495
30859 495
30860 495
30861 495
30862 495
30863 495
30864 495
30865 495
30866 2539
30867 2540
30868 495
30869 495
30870 495
30871 495
30872 495
30873 2541
30874 2542
30875 2543
30876 2543
30877 2544
30878 2545
30879 2546
30880 2543
30881 495
30882 495
30883 495
30884 495
30885 495
30886 495
30887 495
30888 495
30889 495
30890 495
30891 495
30892 495
30893 495
30894 495
30895 495
30896 164
30897 164
30898 164
30899 164
30900 495
30901 2547
30902 2547
30903 2547
30904 495
30905 495
30906 495
30907 495
30908 495
30909 495
30910 495
30911 495
30912 495
30913 2548
30914 2549
30915 736
30916 736
30917 736
30918 736
30919 736
30920 2550
30921 2551
30922 2552
30923 2553
30924 495
30925 495
30926 495
30927 495
30928 2554
30929 2555
30930 2556
30931 2557
30932 495
30933 495
30934 495
30935 2558
30936 2559
30937 2560
30938 2560
30939 2561
30940 2562
30941 2563
30942 2563
30943 2563
30944 495
30945 1168
30946 2564
30947 2565
30948 2566
30949 2566
30950 2566
30951 2567
30952 2568
30953 590
30954 2569
30955 2570
30956 2571
30957 2572
30958 495
30959 2573
30960 2574
30961 2575
30962 2576
30963 2577
30964 2578
30965 2579
30966 2580
30967 2581
30968 2582
30969 2583
30970 2584
30971 2584
30972 2585
30973 2586
30974 2587
30975 2588
30976 2587
30977 2589
30978 2590
30979 2591
30980 2591
30981 2591
30982 2591
30983 2591
30984 2591
30985 2591
30986 2591
30987 2591
30988 2591
30989 2591
30990 2591
30991 2591
30992 495
30993 495
30994 2592
30995 2593
30996 495
30997 495
30998 495
30999 495
31000 495
31001 495
31002 2594
31003 2595
31004 2596
31005 2596
31006 2597
31007 2598
31008 2598
31009 2599
31010 2600
31011 2338
31012 2601
31013 2601
31014 2601
31015 2601
31016 2602
31017 2603
31018 2604
31019 2605
31020 2604
31021 2606
31022 2607
31023 2608
31024 2609
31025 2608
31026 2610
31027 2611
31028 2612
31029 2613
31030 2528
31031 1168
31032 1168
31033 1168
31034 1168
31035 2614
31036 2615
31037 2616
31038 2617
31039 2617
31040 2618
31041 2619
31042 2620
31043 2621
31044 2622
31045 2623
31046 2624
31047 2625
31048 2626
31049 2627
31050 2628
31051 2629
31052 2630
31053 2631
31054 2632
31055 2632
31056 2632
31057 2633
31058 2634
31059 2635
31060 2636
31061 2637
31062 2638
31063 2639
31064 2640
31065 2641
31066 2642
31067 2643
31068 2644
31069 2645
31070 2646
31071 2647
31072 2647
31073 2648
31074 2649
31075 2650
31076 2651
31077 2652
31078 2653
31079 2654
31080 2655
31081 2656
31082 2657
31083 2658
31084 2659
31085 2660
31086 2661
31087 2662
31088 2663
31089 2664
31090 2665
31091 2666
31092 2667
31093 2668
31094 2669
31095 2670
31096 2671
31097 2672
31098 2673
31099 2674
31100 2675
31101 2676
31102 2677
31103 2678
31104 2678
31105 2679
31106 2680
31107 2681
31108 2682
31109 2683
31110 2684
31111 2685
31112 2686
31113 2687
31114 2688
31115 2689
31116 2690
31117 2617
31118 2691
31119 2692
31120 2693
31121 2693
31122 2693
31123 2693
31124 2694
31125 2695
31126 2696
31127 2697
31128 2698
31129 2699
31130 2700
31131 2701
31132 2702
31133 2703
31134 2704
31135 2705
31136 2706
31137 2707
31138 2708
31139 2709
31140 2709
31141 2710
31142 2711
31143 2712
31144 2713
31145 2714
31146 2715
31147 2716
31148 2717
31149 2718
31150 2719
31151 2720
31152 2721
31153 2720
31154 2720
31155 2722
31156 2723
31157 2724
31158 2725
31159 2726
31160 2727
31161 507
31162 507
31163 507
31164 507
31165 507
31166 507
31167 507
31168 507
31169 507
31170 2728
31171 2729
31172 2730
31173 2731
31174 2732
31175 2733
31176 2734
31177 2735
31178 2736
31179 2737
31180 2738
31181 2739
31182 2740
31183 2741
31184 2742
31185 2743
31186 2744
31187 2745
31188 2746
31189 2747
31190 2748
31191 2749
31192 2750
31193 2751
31194 2752
31195 2753
31196 2754
31197 2755
31198 2756
31199 2757
31200 2758
31201 2759
31202 2760
31203 2761
31204 2762
31205 2763
31206 2764
31207 2765
31208 2766
31209 2767
31210 2768
31211 2769
31212 2770
31213 2771
31214 2771
31215 2771
31216 2771
31217 2772
31218 2773
31219 2774
31220 2775
31221 495
31222 2776
31223 2776
31224 2776
31225 2777
31226 2778
31227 2777
31228 2777
31229 2779
31230 2780
31231 2779
31232 2781
31233 2782
31234 2783
31235 2784
31236 2785
31237 2786
31238 2787
31239 2788
31240 2789
31241 2790
31242 2791
31243 2792
31244 2791
31245 2793
31246 2794
31247 2795
31248 2796
31249 2797
31250 2798
31251 2799
31252 2800
31253 2801
31254 2802
31255 2803
31256 2804
31257 2805
31258 2806
31259 2807
31260 2808
31261 2809
31262 2810
31263 2811
31264 2812
31265 2813
31266 2814
31267 2815
31268 2816
31269 2817
31270 2818
31271 2819
31272 2820
31273 2821
31274 2822
31275 2823
31276 2824
31277 2825
31278 2826
31279 2827
31280 2828
31281 2829
31282 2830
31283 2830
31284 2560
31285 2831
31286 2832
31287 2833
31288 2834
31289 2835
31290 2836
31291 2837
31292 2838
31293 2839
31294 2840
31295 2841
31296 2842
31297 2843
31298 2844
31299 2845
31300 2846
31301 2847
31302 2848
31303 2847
31304 2849
31305 2850
31306 2851
31307 2852
31308 2853
31309 2854
31310 2855
31311 2856
31312 2857
31313 2858
31314 2859
31315 2860
31316 2861
31317 2862
31318 2863
31319 2864
31320 2865
31321 2866
31322 2867
31323 2868
31324 2869
31325 2870
31326 2871
31327 2872
31328 2873
31329 2874
31330 2875
31331 2876
31332 2877
31333 2878
31334 2879
31335 2880
31336 2881
31337 2882
31338 2883
31339 2884
31340 2885
31341 2886
31342 2887
31343 2888
31344 2889
31345 2890
31346 2891
31347 2892
31348 2893
31349 2893
31350 2893
31351 2893
31352 2894
31353 2895
31354 2896
31355 2896
31356 2896
31357 2896
31358 2896
31359 2896
31360 2897
31361 2897
31362 2898
31363 2899
31364 164
31365 60
31366 60
31367 60
31368 60
31369 2900
31370 60
31371 60
31372 60
31373 60
31374 60
31375 60
31376 60
31377 60
31378 2901
31379 2902
31380 164
31381 106
31382 1749
31383 1749
31384 1749
31385 1749
31386 1749
31387 1749
31388 1749
31389 1749
31390 1749
31391 164
31392 164
31393 164
31394 164
31395 164
31396 164
31397 164
31398 164
31399 736
31400 736
31401 736
31402 1357
31403 1357
31404 736
31405 736
31406 736
31407 736
31408 736
31409 736
31410 736
31411 164
31412 2903
31413 2903
31414 2903
31415 2903
31416 2903
31417 2903
31418 677
31419 677
31420 677
31421 2905
31422 2905
31423 2905
31424 2905
31425 164
31426 164
31427 164
31428 677
31429 677
31430 2906
31431 2907
31432 164
31433 2908
31434 2909
31435 2910
31436 2910
31437 2910
31438 2910
31439 2910
31440 736
31441 736
31442 736
31443 736
31444 164
31445 189
31446 189
31447 189
31448 189
31449 189
31450 189
31451 2911
31452 2912
31453 189
31454 189
31455 189
31456 189
31457 189
31458 189
31459 189
31460 189
31461 189
31462 189
31463 189
31464 189
31465 189
31466 189
31467 189
31468 189
31469 189
31470 189
31471 189
31472 736
31473 736
31474 189
31475 189
31476 189
31477 189
31478 189
31479 189
31480 189
31481 189
31482 189
31483 189
31484 189
31485 189
31486 736
31487 736
31488 736
31489 736
31490 189
31491 189
31492 189
31493 736
31494 189
31495 189
31496 189
31497 189
31498 189
31499 189
31500 189
31501 189
31502 189
31503 736
31504 736
31505 736
31506 189
31507 189
31508 189
31509 189
31510 189
31511 189
31512 189
31513 189
31514 189
31515 2913
31516 2914
31517 189
31518 189
31519 189
31520 189
31521 189
31522 189
31523 189
31524 189
31525 189
31526 189
31527 189
31528 189
31529 189
31530 189
31531 189
31532 189
31533 189
31534 189
31535 189
31536 189
31537 189
31538 189
31539 189
31540 189
31541 189
31542 189
31543 189
31544 189
31545 189
31546 189
31547 189
31548 189
31549 189
31550 736
31551 189
31552 189
31553 189
31554 189
31555 189
31556 189
31557 189
31558 189
31559 189
31560 736
31561 736
31562 736
31563 189
31564 189
31565 189
31566 189
31567 189
31568 189
31569 189
31570 189
31571 189
31572 189
31573 189
31574 189
31575 189
31576 189
31577 189
31578 189
31579 189
31580 189
31581 189
31582 729
31583 189
31584 189
31585 189
31586 189
31587 189
31588 189
31589 189
31590 189
31591 189
31592 189
31593 189
31594 189
31595 189
31596 189
31597 189
31598 189
31599 736
31600 189
31601 189
31602 189
31603 189
31604 189
31605 189
31606 189
31607 2912
31608 189
31609 189
31610 189
31611 189
31612 189
31613 189
31614 189
31615 189
31616 189
31617 189
31618 736
31619 736
31620 189
31621 189
31622 189
31623 189
31624 189
31625 189
31626 189
31627 189
31628 189
31629 189
31630 189
31631 189
31632 189
31633 736
31634 736
31635 189
31636 189
31637 189
31638 189
31639 189
31640 189
31641 189
31642 189
31643 189
31644 189
31645 189
31646 189
31647 189
31648 189
31649 189
31650 189
31651 189
31652 189
31653 189
31654 189
31655 189
31656 189
31657 189
31658 189
31659 189
31660 189
31661 736
31662 736
31663 736
31664 736
31665 189
31666 189
31667 189
31668 189
31669 189
31670 189
31671 189
31672 189
31673 189
31674 189
31675 189
31676 189
31677 189
31678 189
31679 189
31680 189
31681 189
31682 189
31683 189
31684 189
31685 189
31686 189
31687 189
31688 2915
31689 2916
31690 189
31691 189
31692 189
31693 189
31694 189
31695 189
31696 2917
31697 2918
31698 189
31699 189
31700 189
31701 189
31702 189
31703 189
31704 189
31705 189
31706 189
31707 189
31708 189
31709 189
31710 189
31711 189
31712 189
31713 189
31714 189
31715 189
31716 189
31717 189
31718 189
31719 189
31720 189
31721 189
31722 189
31723 189
31724 189
31725 189
31726 189
31727 189
31728 189
31729 189
31730 189
31731 189
31732 189
31733 736
31734 736
31735 736
31736 189
31737 189
31738 189
31739 189
31740 189
31741 189
31742 189
31743 189
31744 189
31745 189
31746 189
31747 189
31748 189
31749 189
31750 189
31751 189
31752 189
31753 189
31754 736
31755 189
31756 189
31757 189
31758 189
31759 189
31760 189
31761 189
31762 189
31763 189
31764 189
31765 189
31766 189
31767 736
31768 189
31769 189
31770 189
31771 189
31772 189
31773 189
31774 189
31775 189
31776 736
31777 189
31778 189
31779 189
31780 189
31781 189
31782 189
31783 189
31784 189
31785 189
31786 189
31787 189
31788 189
31789 189
31790 189
31791 189
31792 189
31793 189
31794 189
31795 189
31796 189
31797 189
31798 189
31799 189
31800 189
31801 189
31802 189
31803 189
31804 189
31805 189
31806 189
31807 189
31808 189
31809 189
31810 189
31811 189
31812 189
31813 189
31814 189
31815 189
31816 189
31817 189
31818 189
31819 189
31820 189
31821 189
31822 189
31823 189
31824 189
31825 189
31826 189
31827 189
31828 189
31829 189
31830 189
31831 189
31832 189
31833 189
31834 189
31835 189
31836 189
31837 189
31838 736
31839 736
31840 189
31841 189
31842 189
31843 189
31844 20
31845 189
31846 189
31847 189
31848 189
31849 189
31850 189
31851 189
31852 189
31853 189
31854 189
31855 189
31856 189
31857 189
31858 189
31859 189
31860 189
31861 189
31862 189
31863 189
31864 189
31865 189
31866 189
31867 189
31868 189
31869 189
31870 189
31871 189
31872 189
31873 189
31874 189
31875 189
31876 189
31877 189
31878 189
31879 189
31880 189
31881 189
31882 189
31883 189
31884 189
31885 189
31886 189
31887 189
31888 189
31889 189
31890 189
31891 189
31892 189
31893 189
31894 189
31895 189
31896 189
31897 189
31898 189
31899 189
31900 189
31901 189
31902 189
31903 189
31904 189
31905 189
31906 189
31907 189
31908 189
31909 189
31910 189
31911 736
31912 189
31913 189
31914 189
31915 189
31916 189
31917 189
31918 189
31919 189
31920 189
31921 189
31922 189
31923 189
31924 189
31925 189
31926 189
31927 189
31928 189
31929 189
31930 736
31931 189
31932 189
31933 189
31934 189
31935 189
31936 189
31937 189
31938 189
31939 189
31940 189
31941 189
31942 189
31943 189
31944 189
31945 189
31946 189
31947 189
31948 189
31949 189
31950 189
31951 189
31952 189
31953 189
31954 189
31955 189
31956 189
31957 2919
31958 2920
31959 2919
31960 189
31961 2921
31962 2922
31963 189
31964 189
31965 189
31966 189
31967 189
31968 189
31969 189
31970 189
31971 189
31972 189
31973 189
31974 189
31975 189
31976 189
31977 189
31978 189
31979 189
31980 189
31981 189
31982 189
31983 189
31984 189
31985 189
31986 189
31987 189
31988 189
31989 189
31990 189
31991 189
31992 189
31993 189
31994 189
31995 189
31996 189
31997 189
31998 189
31999 189
32000 189
32001 189
32002 189
32003 189
32004 189
32005 189
32006 2923
32007 2924
32008 189
32009 189
32010 189
32011 189
32012 189
32013 189
32014 189
32015 189
32016 189
32017 736
32018 736
32019 736
32020 736
32021 189
32022 189
32023 189
32024 189
32025 189
32026 189
32027 189
32028 189
32029 189
32030 189
32031 189
32032 189
32033 189
32034 189
32035 189
32036 189
32037 189
32038 189
32039 189
32040 189
32041 189
32042 189
32043 189
32044 189
32045 189
32046 189
32047 189
32048 189
32049 189
32050 189
32051 189
32052 189
32053 189
32054 189
32055 189
32056 189
32057 189
32058 189
32059 189
32060 189
32061 189
32062 189
32063 189
32064 2925
32065 2925
32066 2926
32067 2927
32068 189
32069 189
32070 189
32071 189
32072 189
32073 189
32074 189
32075 189
32076 189
32077 189
32078 189
32079 189
32080 189
32081 189
32082 189
32083 189
32084 189
32085 189
32086 189
32087 189
32088 189
32089 189
32090 189
32091 189
32092 189
32093 189
32094 189
32095 189
32096 189
32097 189
32098 189
32099 189
32100 189
32101 189
32102 189
32103 189
32104 189
32105 189
32106 189
32107 189
32108 189
32109 189
32110 189
32111 189
32112 189
32113 189
32114 189
32115 189
32116 189
32117 189
32118 189
32119 189
32120 189
32121 189
32122 189
32123 189
32124 189
32125 189
32126 189
32127 189
32128 189
32129 189
32130 189
32131 189
32132 189
32133 189
32134 189
32135 189
32136 189
32137 189
32138 189
32139 189
32140 189
32141 189
32142 189
32143 189
32144 189
32145 189
32146 189
32147 189
32148 189
32149 189
32150 189
32151 189
32152 189
32153 189
32154 189
32155 189
32156 189
32157 736
32158 189
32159 189
32160 189
32161 189
32162 189
32163 189
32164 189
32165 2925
32166 2928
32167 2925
32168 189
32169 189
32170 189
32171 189
32172 189
32173 189
32174 189
32175 189
32176 189
32177 189
32178 189
32179 189
32180 189
32181 189
32182 189
32183 189
32184 189
32185 189
32186 189
32187 189
32188 189
32189 189
32190 189
32191 189
32192 189
32193 189
32194 189
32195 189
32196 189
32197 189
32198 189
32199 189
32200 189
32201 189
32202 189
32203 189
32204 189
32205 189
32206 189
32207 189
32208 189
32209 189
32210 189
32211 189
32212 189
32213 189
32214 189
32215 189
32216 736
32217 736
32218 736
32219 189
32220 189
32221 189
32222 189
32223 3146
32224 189
32225 189
32226 189
32227 189
32228 189
32229 189
32230 189
32231 189
32232 189
32233 189
32234 189
32235 189
32236 189
32237 736
32238 189
32239 189
32240 189
32241 189
32242 729
32243 189
32244 189
32245 189
32246 189
32247 189
32248 189
32249 189
32250 189
32251 189
32252 189
32253 189
32254 189
32255 189
32256 189
32257 189
32258 189
32259 189
32260 189
32261 189
32262 189
32263 189
32264 189
32265 189
32266 189
32267 189
32268 189
32269 189
32270 189
32271 189
32272 189
32273 189
32274 189
32275 189
32276 189
32277 189
32278 189
32279 189
32280 189
32281 189
32282 189
32283 189
32284 189
32285 189
32286 189
32287 189
32288 189
32289 189
32290 189
32291 189
32292 189
32293 189
32294 189
32295 189
32296 189
32297 189
32298 189
32299 189
32300 189
32301 189
32302 189
32303 189
32304 189
32305 189
32306 189
32307 189
32308 189
32309 189
32310 189
32311 189
32312 189
32313 189
32314 189
32315 189
32316 189
32317 189
32318 189
32319 189
32320 189
32321 189
32322 189
32323 189
32324 189
32325 189
32326 189
32327 189
32328 189
32329 189
32330 189
32331 189
32332 189
32333 189
32334 189
32335 189
32336 189
32337 189
32338 189
32339 189
32340 189
32341 189
32342 189
32343 189
32344 189
32345 189
32346 189
32347 189
32348 189
32349 189
32350 189
32351 189
32352 189
32353 189
32354 189
32355 189
32356 189
32357 189
32358 189
32359 189
32360 189
32361 189
32362 189
32363 189
32364 189
32365 189
32366 189
32367 189
32368 189
32369 189
32370 189
32371 189
32372 189
32373 189
32374 189
32375 189
32376 189
32377 189
32378 189
32379 189
32380 189
32381 189
32382 189
32383 189
32384 189
32385 189
32386 189
32387 189
32388 189
32389 189
32390 189
32391 189
32392 189
32393 189
32394 189
32395 189
32396 189
32397 189
32398 189
32399 189
32400 189
32401 189
32402 189
32403 189
32404 189
32405 189
32406 189
32407 189
32408 189
32409 189
32410 189
32411 189
32412 189
32413 736
32414 736
32415 189
32416 189
32417 2929
32418 2930
32419 189
32420 189
32421 189
32422 189
32423 189
32424 189
32425 189
32426 189
32427 189
32428 189
32429 189
32430 189
32431 189
32432 189
32433 189
32434 189
32435 189
32436 189
32437 189
32438 189
32439 189
32440 189
32441 189
32442 189
32443 189
32444 189
32445 189
32446 189
32447 189
32448 189
32449 189
32450 189
32451 189
32452 189
32453 189
32454 189
32455 189
32456 189
32457 189
32458 189
32459 189
32460 189
32461 189
32462 189
32463 189
32464 189
32465 189
32466 189
32467 189
32468 189
32469 189
32470 189
32471 189
32472 189
32473 189
32474 189
32475 189
32476 189
32477 189
32478 189
32479 189
32480 189
32481 189
32482 189
32483 189
32484 189
32485 189
32486 189
32487 189
32488 189
32489 189
32490 189
32491 189
32492 189
32493 189
32494 189
32495 189
32496 189
32497 189
32498 189
32499 189
32500 189
32501 189
32502 189
32503 189
32504 189
32505 189
32506 189
32507 189
32508 189
32509 189
32510 189
32511 189
32512 189
32513 189
32514 189
32515 189
32516 189
32517 189
32518 189
32519 189
32520 189
32521 189
32522 189
32523 189
32524 189
32525 189
32526 189
32527 189
32528 189
32529 189
32530 189
32531 189
32532 189
32533 189
32534 189
32535 189
32536 189
32537 189
32538 189
32539 189
32540 189
32541 189
32542 189
32543 189
32544 189
32545 189
32546 189
32547 189
32548 189
32549 189
32550 189
32551 189
32552 189
32553 189
32554 189
32555 189
32556 189
32557 189
32558 189
32559 189
32560 189
32561 189
32562 189
32563 189
32564 189
32565 189
32566 189
32567 189
32568 189
32569 189
32570 189
32571 189
32572 189
32573 189
32574 189
32575 189
32576 189
32577 189
32578 189
32579 189
32580 189
32581 189
32582 189
32583 189
32584 189
32585 189
32586 189
32587 189
32588 189
32589 189
32590 189
32591 189
32592 189
32593 189
32594 189
32595 189
32596 189
32597 189
32598 189
32599 189
32600 189
32601 189
32602 189
32603 2931
32604 2932
32605 189
32606 189
32607 189
32608 189
32609 189
32610 189
32611 189
32612 189
32613 189
32614 189
32615 189
32616 189
32617 189
32618 189
32619 189
32620 2933
32621 2934
32622 189
32623 189
32624 189
32625 189
32626 189
32627 189
32628 189
32629 189
32630 189
32631 189
32632 189
32633 189
32634 189
32635 189
32636 189
32637 189
32638 189
32639 189
32640 189
32641 736
32642 736
32643 189
32644 189
32645 189
32646 189
32647 189
32648 189
32649 189
32650 189
32651 189
32652 189
32653 189
32654 189
32655 189
32656 189
32657 189
32658 189
32659 189
32660 189
32661 189
32662 189
32663 189
32664 189
32665 189
32666 189
32667 189
32668 189
32669 189
32670 189
32671 189
32672 189
32673 189
32674 189
32675 736
32676 189
32677 736
32678 189
32679 189
32680 189
32681 189
32682 189
32683 189
32684 189
32685 189
32686 189
32687 189
32688 189
32689 189
32690 189
32691 189
32692 189
32693 736
32694 189
32695 189
32696 189
32697 189
32698 189
32699 189
32700 189
32701 189
32702 189
32703 189
32704 189
32705 189
32706 189
32707 189
32708 189
32709 189
32710 189
32711 189
32712 189
32713 189
32714 189
32715 189
32716 189
32717 189
32718 189
32719 189
32720 189
32721 189
32722 189
32723 189
32724 189
32725 677
32726 677
32727 233
32728 30
32729 2935
32730 2936
32731 30
32732 3733
32733 30
32734 2937
32735 2937
32736 2937
32737 2937
32738 1449
32739 1449
32740 1449
32741 2938
32742 2939
32743 2940
32744 2941
32745 2944
32746 2944
32747 87
32748 2944
32749 2942
32750 2944
32751 2944
32752 2944
32753 2943
32754 2944
32755 2945
32756 2946
32757 2947
32758 2948
32759 164
32760 164
32761 164
32762 164
32763 164
32764 2949
32765 164
32766 164
32767 164
32768 164
32769 164
32770 2950
32771 164
32772 164
32773 164
32774 164
32775 164
32776 164
32777 164
32778 164
32779 164
32780 164
32781 164
32782 2951
32783 2952
32784 164
32785 164
32786 164
32787 164
32788 164
32789 164
32790 164
32791 164
32792 2950
32793 164
32794 164
32795 164
32796 164
32797 164
32798 164
32799 164
32800 164
32801 164
32802 164
32803 164
32804 2953
32805 2953
32806 2953
32807 2953
32808 164
32809 488
32810 2954
32811 2955
32812 100
32813 100
32814 100
32815 100
32816 100
32817 100
32818 607
32819 100
32820 2956
32821 2959
32822 7
32823 100
32824 100
32825 100
32826 100
32827 100
32828 100
32829 100
32830 7
32831 100
32832 100
32833 100
32834 100
32835 100
32836 100
32837 2957
32838 2957
32839 2957
32840 2958
32841 2958
32842 2958
32843 2958
32844 2958
32845 2958
32846 2958
32847 2958
32848 2958
32849 2958
32850 2958
32851 83
32852 83
32853 83
32854 2959
32855 2960
32856 2961
32857 936
32858 2962
32859 2962
32860 2962
32861 2963
32862 2964
32863 3
32864 2965
32865 2966
32866 2967
32867 2968
32868 2969
32869 2970
32870 2971
32871 2972
32872 2973
32873 2974
32874 2975
32875 2975
32876 2975
32877 2987
32878 2975
32879 2975
32880 2975
32881 2976
32882 2976
32883 2976
32884 2976
32885 2976
32886 2977
32887 2978
32888 2979
32889 2980
32890 2981
32891 2982
32892 2983
32893 2984
32894 2985
32895 2986
32896 2987
32897 2987
32898 2987
32899 2987
32900 2988
32901 2989
32902 2990
32903 2991
32904 2992
32905 2993
32906 2994
32907 2995
32908 2996
32909 2997
32910 2998
32911 2999
32912 2998
32913 3000
32914 3001
32915 1079
32916 1079
32917 3002
32918 3003
32919 3004
32920 3005
32921 3006
32922 3007
32923 3008
32924 3009
32925 3010
32926 3011
32927 3010
32928 3010
32929 3012
32930 3013
32931 3014
32932 3015
32933 3016
32934 3016
32935 3016
32936 3016
32937 3016
32938 3016
32939 3016
32940 3016
32941 3016
32942 3016
32943 3017
32944 3017
32945 3017
32946 3017
32947 3017
32948 3017
32949 3016
32950 3016
32951 3016
32952 3017
32953 3016
32954 3018
32955 3019
32956 3016
32957 3016
32958 371
32959 371
32960 371
32961 371
32962 3020
32963 3021
32964 3022
32965 3023
32966 3024
32967 3026
32968 3025
32969 3026
32970 3027
32971 3028
32972 3029
32973 3030
32974 3029
32975 3031
32976 3032
32977 3033
32978 3033
32979 3033
32980 3033
32981 3034
32982 3034
32983 3035
32984 3035
32985 3036
32986 3037
32987 566
32988 1357
32989 3038
32990 3039
32991 1168
32992 233
32993 233
32994 233
32995 233
32996 224
32997 3040
32998 3041
32999 9
33000 9
33001 9
33002 224
33003 3042
33004 3042
33005 3043
33006 3044
33007 3045
33008 9
33009 9
33010 9
33011 224
33012 224
33013 224
33014 224
33015 3042
33016 3046
33017 3047
33018 9
33019 9
33020 9
33021 178
33022 3048
33023 3049
33024 3050
33025 3050
33026 3050
33027 3050
33028 3051
33029 3051
33030 3051
33031 3051
33032 10
33033 3
33034 3
33035 3
33036 3052
33037 3052
33038 3052
33039 3052
33040 3053
33041 3052
33042 3052
33043 3053
33044 3053
33045 3053
33046 3053
33047 3053
33048 3053
33049 3054
33050 164
33051 164
33052 1591
33053 1591
33054 1591
33055 3060
33056 3061
33057 3059
33058 164
33059 3055
33060 3055
33061 3055
33062 164
33063 3056
33064 3057
33065 3056
33066 3057
33067 566
33068 566
33069 566
33070 566
33071 3058
33072 566
33073 566
33074 3059
33075 3060
33076 3061
33077 3061
33078 3061
33079 3061
33080 3061
33081 3062
33082 3062
33083 3062
33084 425
33085 121
33086 121
33087 20
33088 20
33089 20
33090 20
33091 20
33092 20
33093 729
33094 3063
33095 3063
33096 3063
33097 3063
33098 3064
33099 3064
33100 3064
33101 736
33102 22
33103 22
33104 22
33105 22
33106 22
33107 22
33108 22
33109 22
33110 22
33111 22
33112 22
33113 22
33114 736
33115 736
33116 736
33117 736
33118 22
33119 22
33120 22
33121 736
33122 164
33123 164
33124 736
33125 736
33126 736
33127 736
33128 736
33129 3065
33130 3066
33131 3068
33132 3067
33133 3068
33134 3067
33135 3069
33136 3070
33137 3067
33138 3067
33139 742
33140 742
33141 742
33142 363
33143 363
33144 2900
33145 363
33146 88
33147 363
33148 2919
33149 2919
33150 3071
33151 3072
33152 511
33153 511
33154 511
33155 3073
33156 164
33157 164
33158 164
33159 164
33160 164
33161 3074
33162 3074
33163 3074
33164 3067
33165 3075
33166 3075
33167 3075
33168 3075
33169 2919
33170 2919
33171 2919
33172 2919
33173 2919
33174 2919
33175 2919
33176 22
33177 2116
33178 2116
33179 2116
33180 2116
33181 2116
33182 2116
33183 3076
33184 3077
33185 3076
33186 189
33187 189
33188 3078
33189 3078
33190 3078
33191 3078
33192 3079
33193 3080
33194 1141
33195 3689
33196 87
33197 3081
33198 3081
33199 1141
33200 87
33201 87
33202 87
33203 87
33204 87
33205 87
33206 3678
33207 3082
33208 87
33209 3696
33210 87
33211 87
33212 87
33213 87
33214 87
33215 20
33216 20
33217 20
33218 3083
33219 3083
33220 3083
33221 3083
33222 3084
33223 3085
33224 3086
33225 3087
33226 3088
33227 3089
33228 3089
33229 3089
33230 3090
33231 3090
33232 3090
33233 3090
33234 3091
33235 3092
33236 3093
33237 3094
33238 3095
33239 3095
33240 3095
33241 3095
33242 3096
33243 3096
33244 3096
33245 3097
33246 3098
33247 3099
33248 3100
33249 22
33250 22
33251 22
33252 3101
33253 3101
33254 3101
33255 3102
33256 3103
33257 3104
33258 3105
33259 3105
33260 22
33261 22
33262 22
33263 22
33264 22
33265 22
33266 22
33267 22
33268 3106
33269 3106
33270 3106
33271 3107
33272 3107
33273 3107
33274 3107
33275 3107
33276 736
33277 736
33278 164
33279 2914
33280 3108
33281 3108
33282 729
33283 729
33284 729
33285 2928
33286 2928
33287 2928
33288 729
33289 729
33290 729
33291 729
33292 729
33293 164
33294 736
33295 736
33296 736
33297 3109
33298 3110
33299 3109
33300 3109
33301 3111
33302 3112
33303 3113
33304 3113
33305 3113
33306 3114
33307 3114
33308 3115
33309 3115
33310 3115
33311 3115
33312 3115
33313 3115
33314 3116
33315 3117
33316 3118
33317 3119
33318 3120
33319 3121
33320 3121
33321 3121
33322 3121
33323 3121
33324 3121
33325 3121
33326 3122
33327 3122
33328 3122
33329 3122
33330 3122
33331 3122
33332 3122
33333 3122
33334 3122
33335 3123
33336 3124
33337 3125
33338 3125
33339 3125
33340 3125
33341 3125
33342 3125
33343 3125
33344 3125
33345 3125
33346 3125
33347 20
33348 20
33349 20
33350 20
33351 20
33352 20
33353 20
33354 20
33355 729
33356 3126
33357 3127
33358 3128
33359 3129
33360 3128
33361 3130
33362 3131
33363 3132
33364 3133
33365 3134
33366 3135
33367 3136
33368 164
33369 3137
33370 3137
33371 3138
33372 3138
33373 3138
33374 3137
33375 3137
33376 3138
33377 3139
33378 3140
33379 3141
33380 3142
33381 3143
33382 3143
33383 106
33384 736
33385 736
33386 736
33387 736
33388 736
33389 736
33390 736
33391 3144
33392 3145
33393 0
33394 0
33395 0
33396 3146
33397 3147
33398 729
33399 729
33400 3148
33401 3149
33402 2914
33403 3150
33404 3150
33405 3150
33406 3151
33407 3151
33408 3151
33409 3151
33410 3152
33411 3152
33412 3152
33413 3152
33414 3153
33415 3153
33416 3153
33417 3153
33418 3153
33419 3153
33420 3154
33421 3155
33422 3156
33423 3156
33424 3156
33425 3156
33426 3157
33427 3157
33428 3157
33429 189
33430 189
33431 189
33432 189
33433 189
33434 189
33435 3158
33436 3158
33437 3158
33438 3158
33439 75
33440 75
33441 84
33442 79
33443 79
33444 79
33445 75
33446 75
33447 2026
33448 2026
33449 2026
33450 2026
33451 394
33452 3160
33453 3161
33454 3160
33455 84
33456 84
33457 84
33458 84
33459 84
33460 84
33461 3162
33462 3162
33463 3162
33464 3162
33465 3162
33466 3162
33467 181
33468 181
33469 181
33470 181
33471 181
33472 181
33473 181
33474 181
33475 181
33476 181
33477 181
33478 181
33479 181
33480 181
33481 181
33482 181
33483 181
33484 181
33485 181
33486 181
33487 181
33488 181
33489 1057
33490 181
33491 181
33492 181
33493 181
33494 181
33495 181
33496 181
33497 181
33498 181
33499 181
33500 181
33501 181
33502 181
33503 181
33504 181
33505 1057
33506 181
33507 181
33508 1057
33509 181
33510 181
33511 181
33512 181
33513 181
33514 181
33515 181
33516 181
33517 181
33518 181
33519 181
33520 181
33521 181
33522 181
33523 181
33524 181
33525 181
33526 181
33527 181
33528 181
33529 181
33530 181
33531 181
33532 181
33533 181
33534 181
33535 181
33536 181
33537 181
33538 181
33539 181
33540 181
33541 181
33542 181
33543 181
33544 181
33545 181
33546 181
33547 181
33548 181
33549 181
33550 181
33551 181
33552 181
33553 181
33554 181
33555 181
33556 181
33557 181
33558 181
33559 181
33560 181
33561 181
33562 1057
33563 1057
33564 1057
33565 1057
33566 181
33567 1057
33568 181
33569 181
33570 181
33571 2
33572 181
33573 181
33574 181
33575 1057
33576 181
33577 181
33578 181
33579 181
33580 181
33581 181
33582 2
33583 181
33584 1057
33585 181
33586 181
33587 181
33588 181
33589 181
33590 181
33591 181
33592 181
33593 181
33594 181
33595 181
33596 181
33597 181
33598 181
33599 181
33600 181
33601 181
33602 181
33603 181
33604 181
33605 181
33606 181
33607 181
33608 181
33609 181
33610 181
33611 181
33612 181
33613 181
33614 3163
33615 3164
33616 1127
33617 1127
33618 1127
33619 1127
33620 3165
33621 3166
33622 3167
33623 3168
33624 3167
33625 1057
33626 1057
33627 1057
33628 181
33629 1057
33630 1057
33631 1057
33632 1057
33633 1057
33634 1057
33635 1057
33636 1057
33637 1057
33638 1057
33639 1057
33640 1057
33641 1057
33642 1057
33643 1057
33644 1057
33645 1057
33646 1057
33647 1057
33648 1057
33649 1057
33650 1057
33651 1057
33652 1057
33653 1057
33654 1057
33655 1057
33656 408
33657 1057
33658 1057
33659 1057
33660 1057
33661 1057
33662 1057
33663 1057
33664 1057
33665 1057
33666 1057
33667 1057
33668 1057
33669 1057
33670 1057
33671 1057
33672 1057
33673 1057
33674 1057
33675 1057
33676 3169
33677 3169
33678 3169
33679 3169
33680 3169
33681 3169
33682 3169
33683 3169
33684 3170
33685 3170
33686 3170
33687 3171
33688 3171
33689 3171
33690 3171
33691 3171
33692 3171
33693 3171
33694 3172
33695 3173
33696 3174
33697 3175
33698 3176
33699 3177
33700 3176
33701 3178
33702 3178
33703 3178
33704 3373
33705 3373
33706 3373
33707 3373
33708 3179
33709 3180
33710 3181
33711 3182
33712 3182
33713 3181
33714 3181
33715 3183
33716 3184
33717 3185
33718 3186
33719 3186
33720 3187
33721 3188
33722 3187
33723 3187
33724 3189
33725 3190
33726 3191
33727 3192
33728 3193
33729 3194
33730 1057
33731 1057
33732 1057
33733 1057
33734 1057
33735 3195
33736 3196
33737 3195
33738 3197
33739 3198
33740 3199
33741 3200
33742 3373
33743 3373
33744 3373
33745 3373
33746 3373
33747 3373
33748 3373
33749 3201
33750 3202
33751 3203
33752 3203
33753 3203
33754 3204
33755 3205
33756 3204
33757 3206
33758 3207
33759 3208
33760 3209
33761 3210
33762 3211
33763 3212
33764 3213
33765 3214
33766 3215
33767 3216
33768 3217
33769 3218
33770 3219
33771 3220
33772 3220
33773 3220
33774 3220
33775 1168
33776 1168
33777 233
33778 3221
33779 3222
33780 3224
33781 3224
33782 3223
33783 3224
33784 3225
33785 3226
33786 1165
33787 1165
33788 1646
33789 1646
33790 1646
33791 1646
33792 3227
33793 3228
33794 34
33795 34
33796 34
33797 3223
33798 3223
33799 3223
33800 3224
33801 3224
33802 3224
33803 233
33804 1165
33805 106
33806 3230
33807 3230
33808 3230
33809 3230
33810 3230
33811 3229
33812 3230
33813 3230
33814 3231
33815 3232
33816 3230
33817 3230
33818 3230
33819 3230
33820 3230
33821 3230
33822 3230
33823 3230
33824 3230
33825 3230
33826 3233
33827 3230
33828 3230
33829 3230
33830 3230
33831 3234
33832 3235
33833 3230
33834 3230
33835 3230
33836 3230
33837 3230
33838 3230
33839 3233
33840 3230
33841 3230
33842 3230
33843 3230
33844 3230
33845 3230
33846 3230
33847 3236
33848 3230
33849 3230
33850 3230
33851 3230
33852 3237
33853 3230
33854 758
33855 758
33856 758
33857 758
33858 3238
33859 758
33860 3240
33861 3241
33862 758
33863 3238
33864 3238
33865 3238
33866 758
33867 758
33868 3239
33869 3240
33870 3241
33871 3240
33872 3240
33873 3240
33874 3241
33875 3242
33876 3243
33877 3244
33878 3245
33879 3244
33880 3244
33881 3245
33882 3245
33883 3244
33884 3244
33885 3244
33886 3240
33887 3240
33888 3240
33889 3246
33890 3247
33891 3248
33892 3248
33893 3248
33894 3248
33895 3
33896 3
33897 3
33898 3
33899 3
33900 3
33901 3
33902 425
33903 425
33904 425
33905 80
33906 0
33907 0
33908 0
33909 0
33910 0
33911 0
33912 0
33913 0
33914 0
33915 0
33916 0
33917 0
33918 0
33919 0
33920 0
33921 0
33922 0
33923 0
33924 0
33925 0
33926 0
33927 0
33928 0
33929 2038
33930 0
33931 0
33932 0
33933 0
33934 0
33935 0
33936 0
33937 0
33938 0
33939 3249
33940 3249
33941 3249
33942 3249
33943 3249
33944 0
33945 0
33946 0
33947 0
33948 0
33949 0
33950 0
33951 0
33952 3251
33953 3251
33954 3251
33955 1096
33956 1095
33957 1095
33958 1095
33959 3
33960 3
33961 3
33962 347
33963 347
33964 347
33965 347
33966 95
33967 95
33968 95
33969 95
33970 95
33971 95
33972 347
33973 347
33974 347
33975 3
33976 3
33977 0
33978 2436
33979 0
33980 0
33981 0
33982 0
33983 2080
33984 0
33985 0
33986 0
33987 0
33988 0
33989 0
33990 0
33991 3250
33992 3250
33993 3250
33994 3251
33995 3251
33996 3251
33997 3252
33998 3252
33999 3252
34000 3252
34001 3402
34002 3402
34003 3253
34004 3254
34005 3255
34006 3256
34007 3257
34008 3258
34009 3259
34010 3259
34011 3259
34012 3259
34013 3260
34014 1168
34015 1168
34016 1168
34017 1168
34018 854
34019 1168
34020 233
34021 233
34022 233
34023 1168
34024 1168
34025 1168
34026 749
34027 3
34028 2252
34029 3262
34030 3263
34031 916
34032 3264
34033 3264
34034 3264
34035 3264
34036 516
34037 516
34038 3265
34039 3265
34040 3265
34041 3266
34042 3267
34043 3266
34044 3266
34045 3267
34046 3267
34047 3268
34048 3269
34049 3
34050 3
34051 3
34052 3270
34053 3271
34054 3272
34055 3272
34056 3272
34057 3272
34058 3273
34059 3274
34060 164
34061 3275
34062 3275
34063 3275
34064 3276
34065 3276
34066 3276
34067 3277
34068 3278
34069 3634
34070 3634
34071 3635
34072 3635
34073 3634
34074 3635
34075 3635
34076 3635
34077 3635
34078 3635
34079 3635
34080 3635
34081 3279
34082 3280
34083 3280
34084 3279
34085 3281
34086 3282
34087 3282
34088 3282
34089 3283
34090 3283
34091 3283
34092 3283
34093 3284
34094 3284
34095 3284
34096 3285
34097 3285
34098 3284
34099 3284
34100 3284
34101 3284
34102 1115
34103 1115
34104 1115
34105 1115
34106 1115
34107 1115
34108 1115
34109 1115
34110 3286
34111 3287
34112 3288
34113 3289
34114 1165
34115 3290
34116 3291
34117 3292
34118 3292
34119 3292
34120 3292
34121 3293
34122 3293
34123 3293
34124 3294
34125 3294
34126 3295
34127 3295
34128 3295
34129 639
34130 394
34131 394
34132 394
34133 3
34134 3
34135 3
34136 88
34137 3297
34138 3297
34139 3297
34140 3297
34141 3298
34142 3298
34143 3298
34144 3298
34145 3299
34146 3299
34147 3299
34148 3300
34149 3300
34150 3300
34151 3301
34152 3302
34153 3303
34154 3303
34155 3303
34156 3304
34157 3304
34158 3304
34159 3304
34160 3304
34161 3373
34162 3305
34163 3306
34164 451
34165 451
34166 451
34167 451
34168 1108
34169 1108
34170 677
34171 677
34172 677
34173 677
34174 677
34175 48
34176 2
34177 2
34178 2
34179 2
34180 48
34181 48
34182 48
34183 48
34184 2
34185 2
34186 2
34187 2
34188 2
34189 2
34190 2
34191 2
34192 2
34193 2
34194 2
34195 2
34196 2
34197 2
34198 2
34199 2
34200 2
34201 2
34202 2
34203 2
34204 2
34205 2
34206 2
34207 2
34208 2
34209 2
34210 2
34211 2
34212 2
34213 2
34214 2
34215 2
34216 2
34217 2
34218 2
34219 2
34220 2
34221 2
34222 2
34223 2
34224 2
34225 2
34226 2
34227 2
34228 2
34229 2
34230 2
34231 2
34232 2
34233 2
34234 2
34235 2
34236 2
34237 2
34238 2
34239 2
34240 2
34241 2
34242 2
34243 2
34244 2
34245 2
34246 2
34247 2
34248 2
34249 2
34250 2
34251 2
34252 2
34253 2
34254 2
34255 2
34256 2
34257 2
34258 2
34259 2
34260 2
34261 2
34262 2
34263 2
34264 2
34265 2
34266 2
34267 2
34268 2
34269 2
34270 2
34271 2
34272 2
34273 2
34274 2
34275 2
34276 2
34277 2
34278 2
34279 2
34280 2
34281 2
34282 2
34283 2
34284 2
34285 2
34286 2
34287 2
34288 2
34289 2
34290 2
34291 2
34292 2
34293 2
34294 2
34295 2
34296 2
34297 2
34298 2
34299 2
34300 2
34301 2
34302 2
34303 2
34304 2
34305 2
34306 2
34307 2
34308 2
34309 2
34310 2
34311 2
34312 2
34313 2
34314 2
34315 2
34316 2
34317 2
34318 2
34319 2
34320 2
34321 2
34322 2
34323 2
34324 2
34325 2
34326 2
34327 2
34328 2
34329 2
34330 2
34331 7
34332 7
34333 3307
34334 3308
34335 3309
34336 3310
34337 3311
34338 3312
34339 233
34340 233
34341 3313
34342 3313
34343 3313
34344 3314
34345 3314
34346 3314
34347 3314
34348 488
34349 488
34350 488
34351 607
34352 607
34353 3319
34354 3319
34355 3319
34356 3319
34357 3319
34358 3
34359 3315
34360 3316
34361 3315
34362 3317
34363 3317
34364 3318
34365 3318
34366 3318
34367 3319
34368 3319
34369 3319
34370 3319
34371 3
34372 3320
34373 3320
34374 3320
34375 3320
34376 3321
34377 3321
34378 3321
34379 3321
34380 3321
34381 3321
34382 3
34383 3322
34384 3322
34385 3322
34386 3321
34387 3321
34388 3321
34389 3321
34390 3321
34391 3321
34392 3322
34393 3323
34394 3323
34395 3323
34396 3
34397 3
34398 3
34399 3325
34400 3324
34401 3325
34402 3325
34403 3325
34404 3325
34405 3325
34406 3324
34407 3324
34408 3324
34409 3
34410 3
34411 3
34412 3326
34413 3327
34414 1357
34415 3
34416 3
34417 3
34418 3
34419 3
34420 3
34421 671
34422 671
34423 671
34424 3
34425 3328
34426 3329
34427 3329
34428 3328
34429 3
34430 3
34431 3
34432 3
34433 3
34434 3
34435 3
34436 3
34437 3
34438 3
34439 3
34440 3
34441 669
34442 669
34443 669
34444 669
34445 1168
34446 3
34447 6
34448 6
34449 6
34450 3331
34451 3331
34452 3332
34453 3331
34454 3331
34455 3331
34456 6
34457 3
34458 3325
34459 672
34460 3333
34461 3333
34462 3333
34463 3333
34464 3333
34465 3333
34466 3333
34467 3333
34468 3334
34469 3334
34470 3334
34471 3334
34472 3335
34473 3335
34474 3335
34475 3335
34476 3336
34477 3337
34478 3338
34479 3339
34480 178
34481 3
34482 3
34483 3
34484 3340
34485 3341
34486 1357
34487 1357
34488 1357
34489 590
34490 590
34491 590
34492 590
34493 590
34494 590
34495 590
34496 590
34497 42
34498 42
34499 42
34500 42
34501 42
34502 42
34503 42
34504 42
34505 42
34506 590
34507 590
34508 590
34509 590
34510 590
34511 42
34512 42
34513 42
34514 590
34515 590
34516 3342
34517 3343
34518 3344
34519 42
34520 42
34521 42
34522 3
34523 3
34524 3
34525 3
34526 3
34527 3
34528 3345
34529 3346
34530 3347
34531 3350
34532 3350
34533 3350
34534 3350
34535 3350
34536 3348
34537 3349
34538 3349
34539 3349
34540 3350
34541 3348
34542 3350
34543 3350
34544 3350
34545 3351
34546 3351
34547 3351
34548 3351
34549 3353
34550 3353
34551 3352
34552 3352
34553 3353
34554 3353
34555 3353
34556 3350
34557 1069
34558 3
34559 3
34560 1869
34561 1869
34562 1869
34563 2411
34564 2411
34565 2411
34566 2411
34567 2
34568 1168
34569 1168
34570 1168
34571 1168
34572 1168
34573 1168
34574 1168
34575 1168
34576 1168
34577 1168
34578 1168
34579 1168
34580 1168
34581 1168
34582 1168
34583 1168
34584 1168
34585 2904
34586 2904
34587 2904
34588 3354
34589 3354
34590 3354
34591 3354
34592 3354
34593 3354
34594 3354
34595 3354
34596 3355
34597 3355
34598 3355
34599 3354
34600 3354
34601 3355
34602 3354
34603 3354
34604 1969
34605 3356
34606 3357
34607 3358
34608 3358
34609 3358
34610 3358
34611 3358
34612 389
34613 389
34614 389
34615 389
34616 389
34617 389
34618 389
34619 389
34620 389
34621 389
34622 389
34623 389
34624 389
34625 389
34626 389
34627 25
34628 25
34629 25
34630 25
34631 389
34632 389
34633 389
34634 25
34635 389
34636 389
34637 389
34638 3359
34639 3360
34640 3361
34641 3362
34642 3361
34643 3361
34644 3362
34645 3362
34646 3362
34647 3362
34648 3362
34649 390
34650 390
34651 390
34652 390
34653 390
34654 390
34655 390
34656 3363
34657 3363
34658 3363
34659 3363
34660 3363
34661 3365
34662 3364
34663 3364
34664 3364
34665 3364
34666 3364
34667 3365
34668 3365
34669 3365
34670 389
34671 389
34672 849
34673 849
34674 849
34675 849
34676 849
34677 849
34678 849
34679 849
34680 849
34681 849
34682 849
34683 408
34684 849
34685 849
34686 849
34687 849
34688 849
34689 849
34690 849
34691 849
34692 849
34693 849
34694 849
34695 849
34696 849
34697 849
34698 849
34699 849
34700 849
34701 849
34702 849
34703 849
34704 849
34705 849
34706 849
34707 849
34708 849
34709 849
34710 849
34711 849
34712 849
34713 849
34714 849
34715 849
34716 849
34717 849
34718 849
34719 849
34720 849
34721 849
34722 849
34723 849
34724 849
34725 849
34726 3366
34727 3367
34728 3368
34729 3369
34730 0
34731 0
34732 0
34733 0
34734 0
34735 0
34736 0
34737 0
34738 0
34739 0
34740 0
34741 0
34742 190
34743 3370
34744 3370
34745 3370
34746 3370
34747 3371
34748 3372
34749 3373
34750 3374
34751 3375
34752 3375
34753 3393
34754 3374
34755 3393
34756 3374
34757 3376
34758 3377
34759 3377
34760 3393
34761 3378
34762 3379
34763 3380
34764 3381
34765 3381
34766 3382
34767 3383
34768 3384
34769 3385
34770 3393
34771 3386
34772 3387
34773 3380
34774 3380
34775 3380
34776 3380
34777 3381
34778 3380
34779 3393
34780 3383
34781 3375
34782 3388
34783 3388
34784 3388
34785 3388
34786 3390
34787 3390
34788 3389
34789 3390
34790 3389
34791 3390
34792 3390
34793 3391
34794 3392
34795 3393
34796 3373
34797 3373
34798 3373
34799 3394
34800 3394
34801 3394
34802 3394
34803 3395
34804 3396
34805 3396
34806 3396
34807 3396
34808 3396
34809 3397
34810 3398
34811 3373
34812 3399
34813 3400
34814 3401
34815 3401
34816 3401
34817 3401
34818 3401
34819 3401
34820 3402
34821 3402
34822 3402
34823 3402
34824 3402
34825 3402
34826 3402
34827 3402
34828 3402
34829 3402
34830 3402
34831 3403
34832 3403
34833 3403
34834 3403
34835 3403
34836 3404
34837 3405
34838 3404
34839 3404
34840 3404
34841 3404
34842 3406
34843 3407
34844 106
34845 1102
34846 1102
34847 3408
34848 3409
34849 1102
34850 1102
34851 3410
34852 3411
34853 178
34854 3412
34855 178
34856 3413
34857 178
34858 3414
34859 3414
34860 3414
34861 3414
34862 3415
34863 3416
34864 3417
34865 3417
34866 3417
34867 3417
34868 3418
34869 3419
34870 3418
34871 3420
34872 3420
34873 3420
34874 3420
34875 3421
34876 3421
34877 3421
34878 3422
34879 3422
34880 3422
34881 3422
34882 233
34883 702
34884 702
34885 3424
34886 3424
34887 3424
34888 3424
34889 709
34890 709
34891 709
34892 3423
34893 3423
34894 3423
34895 3423
34896 19
34897 19
34898 19
34899 3423
34900 3423
34901 3423
34902 19
34903 3423
34904 3423
34905 3423
34906 3423
34907 3423
34908 3423
34909 3423
34910 3423
34911 3423
34912 3423
34913 3423
34914 3423
34915 3423
34916 3423
34917 3423
34918 3423
34919 3423
34920 3624
34921 709
34922 1168
34923 1168
34924 1168
34925 233
34926 233
34927 19
34928 19
34929 19
34930 19
34931 3424
34932 702
34933 702
34934 1168
34935 1168
34936 1168
34937 1168
34938 1168
34939 1168
34940 1168
34941 196
34942 196
34943 196
34944 196
34945 196
34946 196
34947 196
34948 196
34949 196
34950 196
34951 3425
34952 3425
34953 3425
34954 3425
34955 1168
34956 3426
34957 3427
34958 3428
34959 3429
34960 3424
34961 3424
34962 3430
34963 3430
34964 3430
34965 3430
34966 3431
34967 3431
34968 3431
34969 3432
34970 3433
34971 3433
34972 3433
34973 3434
34974 3434
34975 3435
34976 3435
34977 1627
34978 1627
34979 1627
34980 1627
34981 1627
34982 1627
34983 1627
34984 3436
34985 3437
34986 30
34987 1057
34988 30
34989 3438
34990 3441
34991 3441
34992 3441
34993 3439
34994 3439
34995 3439
34996 3440
34997 3440
34998 3440
34999 3440
35000 3440
35001 3440
35002 3439
35003 3439
35004 3439
35005 27
35006 27
35007 27
35008 27
35009 27
35010 27
35011 27
35012 181
35013 3441
35014 3442
35015 3443
35016 3444
35017 3443
35018 3443
35019 1057
35020 1057
35021 1057
35022 1057
35023 1057
35024 1057
35025 1057
35026 27
35027 27
35028 27
35029 3
35030 3
35031 3433
35032 3433
35033 3445
35034 3446
35035 3447
35036 3448
35037 3449
35038 3450
35039 3451
35040 3452
35041 3453
35042 3440
35043 3440
35044 3454
35045 27
35046 27
35047 27
35048 3455
35049 3455
35050 3455
35051 3455
35052 597
35053 3457
35054 3458
35055 3458
35056 3458
35057 1357
35058 3461
35059 3461
35060 3461
35061 797
35062 3459
35063 3460
35064 3461
35065 3462
35066 3463
35067 3463
35068 3463
35069 3463
35070 233
35071 233
35072 233
35073 129
35074 129
35075 129
35076 129
35077 3464
35078 3465
35079 3466
35080 3467
35081 3467
35082 3467
35083 3468
35084 3468
35085 3468
35086 3468
35087 3468
35088 3468
35089 1357
35090 106
35091 106
35092 106
35093 106
35094 106
35095 233
35096 233
35097 233
35098 233
35099 1357
35100 1357
35101 1357
35102 811
35103 811
35104 811
35105 3469
35106 3470
35107 3471
35108 3471
35109 3471
35110 3471
35111 3472
35112 3473
35113 3474
35114 3475
35115 3476
35116 3476
35117 3476
35118 3477
35119 3476
35120 3476
35121 3477
35122 3478
35123 3479
35124 3480
35125 3481
35126 3482
35127 3483
35128 3484
35129 3485
35130 3486
35131 3487
35132 3488
35133 3489
35134 3490
35135 3491
35136 3492
35137 3493
35138 3494
35139 3495
35140 3496
35141 3497
35142 3498
35143 3499
35144 3500
35145 3501
35146 3502
35147 3503
35148 3504
35149 3505
35150 3506
35151 3507
35152 3508
35153 3509
35154 3510
35155 3511
35156 3512
35157 3513
35158 3514
35159 3515
35160 3516
35161 3517
35162 3518
35163 3519
35164 3520
35165 3521
35166 3522
35167 3523
35168 3524
35169 3525
35170 3526
35171 3527
35172 3528
35173 3529
35174 3530
35175 3531
35176 3532
35177 3533
35178 3534
35179 3535
35180 3536
35181 3537
35182 3538
35183 3539
35184 3540
35185 3541
35186 3542
35187 3542
35188 3542
35189 3542
35190 3542
35191 3543
35192 3544
35193 3543
35194 3545
35195 3546
35196 3546
35197 3545
35198 3547
35199 3548
35200 3549
35201 3549
35202 3549
35203 3549
35204 3550
35205 3550
35206 3550
35207 3550
35208 1357
35209 233
35210 233
35211 233
35212 233
35213 233
35214 233
35215 233
35216 233
35217 2245
35218 233
35219 233
35220 233
35221 106
35222 106
35223 106
35224 233
35225 233
35226 233
35227 233
35228 3553
35229 3553
35230 233
35231 233
35232 233
35233 233
35234 677
35235 677
35236 677
35237 3551
35238 3552
35239 53
35240 53
35241 53
35242 1357
35243 3553
35244 3554
35245 3553
35246 3554
35247 53
35248 53
35249 53
35250 3555
35251 3556
35252 3557
35253 3557
35254 3557
35255 3557
35256 3557
35257 3558
35258 3558
35259 3558
35260 3558
35261 783
35262 783
35263 3559
35264 233
35265 3567
35266 3567
35267 3567
35268 3567
35269 3567
35270 3560
35271 3567
35272 3567
35273 3567
35274 3567
35275 3567
35276 3567
35277 3567
35278 3567
35279 3559
35280 783
35281 783
35282 3559
35283 3559
35284 0
35285 0
35286 0
35287 0
35288 0
35289 3561
35290 3562
35291 233
35292 233
35293 233
35294 3559
35295 3559
35296 3559
35297 3559
35298 783
35299 3563
35300 3564
35301 3563
35302 3565
35303 3566
35304 233
35305 3567
35306 3559
35307 3559
35308 3559
35309 783
35310 783
35311 783
35312 783
35313 3568
35314 2016
35315 2016
35316 3569
35317 3569
35318 3569
35319 3569
35320 3569
35321 3569
35322 3569
35323 3569
35324 3569
35325 3570
35326 1165
35327 1165
35328 1165
35329 3
35330 3
35331 3
35332 88
35333 88
35334 3571
35335 3571
35336 3571
35337 3571
35338 3572
35339 3572
35340 3572
35341 519
35342 3573
35343 3573
35344 3574
35345 3574
35346 3574
35347 3574
35348 3574
35349 3574
35350 3575
35351 3575
35352 3575
35353 3574
35354 3574
35355 3576
35356 3576
35357 3576
35358 3576
35359 425
35360 425
35361 425
35362 425
35363 425
35364 425
35365 425
35366 3577
35367 3578
35368 3579
35369 3580
35370 3579
35371 425
35372 425
35373 425
35374 425
35375 425
35376 425
35377 425
35378 425
35379 425
35380 425
35381 425
35382 425
35383 425
35384 425
35385 425
35386 425
35387 425
35388 425
35389 425
35390 10
35391 3581
35392 3582
35393 10
35394 10
35395 10
35396 10
35397 10
35398 10
35399 3583
35400 3584
35401 425
35402 425
35403 425
35404 425
35405 425
35406 3585
35407 3586
35408 3586
35409 1165
35410 3587
35411 3587
35412 3587
35413 3589
35414 3588
35415 3589
35416 3588
35417 3589
35418 3589
35419 3589
35420 1315
35421 3590
35422 3590
35423 3590
35424 425
35425 10
35426 10
35427 10
35428 3591
35429 3592
35430 3593
35431 3594
35432 1165
35433 3595
35434 3596
35435 425
35436 425
35437 425
35438 425
35439 425
35440 10
35441 10
35442 10
35443 425
35444 10
35445 10
35446 10
35447 3597
35448 3598
35449 419
35450 3559
35451 3559
35452 3559
35453 3559
35454 3559
35455 3559
35456 3559
35457 3559
35458 3559
35459 3599
35460 3600
35461 3601
35462 3602
35463 3603
35464 3604
35465 1383
35466 1383
35467 1383
35468 1383
35469 1383
35470 3605
35471 3606
35472 3607
35473 3608
35474 3609
35475 3610
35476 3611
35477 3612
35478 3613
35479 3614
35480 3615
35481 3616
35482 3615
35483 3617
35484 3618
35485 3624
35486 3624
35487 3624
35488 3624
35489 3619
35490 849
35491 849
35492 849
35493 849
35494 849
35495 849
35496 849
35497 849
35498 849
35499 849
35500 849
35501 849
35502 849
35503 849
35504 1357
35505 3620
35506 3621
35507 3622
35508 3623
35509 3623
35510 3624
35511 3624
35512 3624
35513 3625
35514 3625
35515 3625
35516 3625
35517 3625
35518 3625
35519 3626
35520 3626
35521 3626
35522 3626
35523 1357
35524 677
35525 677
35526 677
35527 1357
35528 3627
35529 3628
35530 1357
35531 1357
35532 1357
35533 1357
35534 1357
35535 1357
35536 3629
35537 3629
35538 3629
35539 3630
35540 3630
35541 3630
35542 3634
35543 3634
35544 3634
35545 3634
35546 3635
35547 3634
35548 3634
35549 3634
35550 3634
35551 3631
35552 3631
35553 3631
35554 3634
35555 3634
35556 3634
35557 3634
35558 3634
35559 3632
35560 3633
35561 3630
35562 3630
35563 3630
35564 576
35565 3634
35566 3634
35567 3635
35568 3634
35569 3635
35570 3635
35571 3635
35572 3635
35573 3635
35574 3636
35575 3636
35576 3636
35577 3636
35578 3637
35579 3637
35580 3637
35581 3638
35582 3638
35583 3638
35584 3638
35585 3638
35586 3639
35587 3640
35588 677
35589 3641
35590 3641
35591 3641
35592 3642
35593 3643
35594 3643
35595 3644
35596 3645
35597 1165
35598 3646
35599 3647
35600 3648
35601 3648
35602 3648
35603 3649
35604 3650
35605 3651
35606 3652
35607 3653
35608 3654
35609 3655
35610 3656
35611 3657
35612 3658
35613 3659
35614 3660
35615 3661
35616 3662
35617 3663
35618 3663
35619 3663
35620 3663
35621 106
35622 106
35623 106
35624 3664
35625 3665
35626 3666
35627 3667
35628 3668
35629 3669
35630 3670
35631 3670
35632 3670
35633 852
35634 852
35635 852
35636 3671
35637 3673
35638 3673
35639 3671
35640 3671
35641 3671
35642 3082
35643 3082
35644 3082
35645 3082
35646 3082
35647 3082
35648 3082
35649 3082
35650 3082
35651 3082
35652 3082
35653 3082
35654 3676
35655 3676
35656 3676
35657 3674
35658 3675
35659 3676
35660 3676
35661 3676
35662 3676
35663 3676
35664 3676
35665 3676
35666 3676
35667 3677
35668 3672
35669 3672
35670 3082
35671 3082
35672 3694
35673 3694
35674 3694
35675 3678
35676 1141
35677 1141
35678 3081
35679 3679
35680 3679
35681 3679
35682 3679
35683 2943
35684 2943
35685 2943
35686 3680
35687 3680
35688 3680
35689 3680
35690 3680
35691 87
35692 3681
35693 3682
35694 3682
35695 3683
35696 164
35697 164
35698 164
35699 164
35700 3081
35701 3684
35702 3684
35703 3684
35704 2500
35705 2500
35706 2500
35707 2500
35708 2500
35709 2500
35710 3685
35711 3685
35712 3685
35713 3685
35714 3685
35715 21
35716 21
35717 21
35718 3686
35719 3686
35720 3686
35721 3686
35722 3686
35723 3686
35724 3686
35725 3686
35726 3686
35727 3686
35728 3686
35729 3686
35730 3688
35731 3688
35732 3688
35733 3688
35734 3689
35735 3688
35736 3688
35737 3688
35738 3687
35739 3694
35740 3688
35741 3688
35742 3688
35743 3689
35744 3689
35745 3689
35746 3689
35747 3689
35748 3694
35749 3694
35750 3690
35751 3691
35752 3688
35753 3689
35754 3689
35755 3689
35756 3692
35757 3693
35758 3694
35759 3695
35760 3695
35761 3697
35762 3696
35763 3696
35764 3697
35765 3697
35766 3697
35767 3698
35768 3699
35769 164
35770 3700
35771 3701
35772 3702
35773 3703
35774 21
35775 21
35776 21
35777 21
35778 3704
35779 3073
35780 3073
35781 3073
35782 3073
35783 3678
35784 3678
35785 3678
35786 3678
35787 3678
35788 3694
35789 3678
35790 3694
35791 3678
35792 3694
35793 3705
35794 3678
35795 3694
35796 3694
35797 3694
35798 3678
35799 3678
35800 3678
35801 3678
35802 3706
35803 3694
35804 3678
35805 3678
35806 3678
35807 3678
35808 3678
35809 3678
35810 193
35811 193
35812 193
35813 193
35814 193
35815 193
35816 3707
35817 3708
35818 3707
35819 3709
35820 3709
35821 3710
35822 3710
35823 3710
35824 3710
35825 3711
35826 3711
35827 3711
35828 3694
35829 3694
35830 3694
35831 3712
35832 3713
35833 3714
35834 3715
35835 3716
35836 3717
35837 3718
35838 3718
35839 3718
35840 3718
35841 3719
35842 3720
35843 3721
35844 3722
35845 3723
35846 3724
35847 3725
35848 3726
35849 3727
35850 3728
35851 3729
35852 3730
35853 233
35854 3731
35855 3732
35856 1168
35857 1168
35858 1168
35859 1168
35860 233
35861 3733
35862 3734
35863 6
35864 3735
35865 3736
35866 3737
35867 3737
35868 3737
35869 3737
35870 0
35871 0
35872 0
35873 3738
35874 3739
35875 3740
35876 3740
35877 3740
35878 3740
35879 2436
35880 2436
35881 2436
35882 2080
35883 2080
35884 2080
35885 3741
35886 3742
35887 3744
35888 3743
35889 3744
35890 3744
35891 3744
35892 3744
35893 3744
35894 3744
35895 3745
35896 3746
35897 3746
35898 3747
35899 3745
35900 3745
35901 3748
35902 3748
35903 2080
35904 2080
35905 2080
35906 2080
35907 2080
35908 2080
35909 677
35910 677
35911 677
35912 1860
35913 1860
35914 1860
35915 3751
35916 3751
35917 3749
35918 3749
35919 3750
35920 228
35921 228
35922 228
35923 228
35924 228
35925 228
35926 228
35927 228
35928 228
35929 228
35930 228
35931 228
35932 228
35933 228
35934 228
35935 228
35936 228
35937 228
35938 228
35939 228
35940 228
35941 228
35942 228
35943 228
35944 228
35945 228
35946 228
35947 228
35948 228
35949 228
35950 228
35951 228
35952 228
35953 228
35954 228
35955 228
35956 3751
35957 3751
35958 3751
35959 3752
35960 3752
35961 3752
35962 3752
35963 3753
35964 3753
35965 3753
35966 3754
35967 3755
35968 3756
35969 3756
35970 3756
35971 3757
35972 3758
35973 233
35974 233
35975 233
35976 233
35977 233
35978 2386
35979 2386
35980 2386
35981 3759
35982 3760
35983 3761
35984 3762
35985 3763
35986 3764
35987 3765
35988 3765
35989 3765
35990 3765
35991 3765
35992 3766
35993 3767
35994 3768
35995 3769
35996 3769
35997 3769
35998 408
35999 408
36000 408
36001 408
36002 408
36003 408
36004 408
36005 3770
36006 3770
36007 3770
36008 3770
36009 449
36010 449
36011 449
36012 3771
36013 3772
36014 3773
36015 3774
36016 3775
36017 3776
36018 3777
36019 3778
36020 3
36021 3
36022 3
36023 3779
36024 3779
36025 3779
36026 3779
36027 3779
36028 3780
36029 3781
36030 3782
36031 3783
36032 3782
36033 3782
36034 3782
36035 233
36036 3784
36037 3785
36038 1974
36039 1974
36040 1974
36041 3786
36042 3787
36043 3788
36044 3788
36045 3788
36046 3789
36047 3789
36048 3789
36049 3789
36050 3790
36051 3791
36052 3792
36053 3792
36054 3792
36055 3793
36056 3793
36057 3793
36058 402
36059 402
36060 402
36061 2412
36062 3794
36063 3795
36064 3795
36065 247
36066 247
36067 247
36068 247
36069 3796
36070 3797
36071 3798
36072 3798
36073 3798
36074 3798
36075 3798
36076 3798
36077 3798
36078 3798
36079 3798
36080 3798
36081 3798
36082 3799
36083 3799
36084 3799
36085 3799
36086 3800
36087 3801
36088 3802
36089 3803
36090 3804
36091 233
36092 3805
36093 3806
36094 3806
36095 3806
36096 3807
36097 3807
36098 3807
36099 164
36100 3808
36101 3809
36102 3809
36103 3809
36104 3810
36105 3811
36106 164
36107 30
36108 30
36109 30
36110 30
36111 30
36112 30
36113 30
36114 30
36115 30
36116 30
36117 30
36118 3812
36119 3812
36120 3812
36121 3812
36122 3812
36123 3812
36124 3813
36125 3814
36126 2141
36127 3815
36128 3815
36129 3815
36130 3815
36131 2141
36132 2141
36133 233
36134 3816
36135 3817
36136 3816
36137 3816
36138 3816
36139 3816
36140 3816
36141 3816
36142 3816
36143 3816
36144 3816
36145 3816
36146 3816
36147 3816
36148 233
36149 3818
36150 3819
36151 3818
36152 3818
36153 3818
36154 3818
36155 3818
36156 3818
36157 3818
36158 3818
36159 3818
36160 3818
36161 3818
36162 3820
36163 3821
36164 3820
36165 3820
36166 3820
36167 3820
36168 3820
36169 3820
36170 3820
36171 3820
36172 233
36173 233
36174 233
36175 233
36176 3822
36177 3823
36178 3823
36179 3823
36180 3822
36181 3824
36182 3824
36183 3824
36184 3824
36185 3825
36186 3825
36187 3825
36188 3825
36189 3825
36190 3825
36191 3826
36192 3827
36193 0
36194 0
36195 0
36196 0
36197 0
36198 0
36199 3828
36200 3829
36201 3830
36202 3830
36203 3830
36204 3830
36205 3831
36206 3832
36207 3831
36208 3832
36209 3833
36210 3834
36211 3833
36212 3834
36213 0
36214 0
36215 0
36216 0
36217 0
36218 3835
36219 3836
36220 3832
36221 3837
36222 3837
36223 3837
36224 3837
36225 3837
36226 3838
36227 3838
36228 3838
36229 3839
36230 3839
36231 3839
36232 0
36233 1165
36234 1165
36235 1165
36236 3840
36237 3840
36238 3840
36239 3840
36240 3841
36241 3840
36242 1311
36243 1315
36244 1311
36245 1311
36246 1311
36247 3842
36248 3843
36249 3842
36250 3843
36251 3843
36252 3844
36253 3844
36254 3844
36255 3845
36256 3846
36257 1165
36258 1315
36259 1165
36260 249
36261 249
36262 249
36263 249
36264 3847
36265 3847
36266 3848
36267 181
36268 181
36269 181
36270 3849
36271 3850
36272 1357
36273 3851
36274 3852
36275 3853
36276 3854
36277 3855
36278 3856
36279 3857
36280 3858
36281 3859
36282 3859
36283 233
36284 233
36285 3859
36286 3860
36287 3859
36288 3859
36289 3859
36290 3861
36291 3861
36292 3861
36293 3861
36294 3861
36295 3862
36296 3862
36297 3862
36298 3863
36299 3864
36300 3865
36301 3866
36302 3865
36303 3865
36304 3866
36305 233
36306 3867
36307 3867
36308 3867
36309 3867
36310 3868
36311 3869
36312 3870
36313 3871
36314 3872
36315 3873
36316 3874
36317 3875
36318 3876
36319 3876
36320 3877
36321 3876
36322 3877
36323 3877
36324 3877
36325 3878
36326 3879
36327 164
36328 164
36329 164
36330 164
36331 164
36332 164
36333 3880
36334 3881
36335 3880
36336 3020
36337 3020
36338 3020
36339 3020
36340 3020
36341 3020
36342 3020
36343 3020
36344 3020
36345 3020
36346 3020
36347 3020
36348 3020
36349 3020
36350 3020
36351 3020
36352 3020
36353 3020
36354 3020
36355 3020
36356 3882
36357 3883
36358 3884
36359 3885
36360 3886
36361 3887
36362 3888
36363 3889
36364 3890
36365 3891
36366 3892
36367 3893
36368 3894
36369 3895
36370 3896
36371 3897
36372 3898
36373 3899
36374 3900
36375 3901
36376 3902
36377 3903
36378 3904
36379 3905
36380 3906
36381 3906
36382 3906
36383 3906
36384 3906
36385 3906
36386 3906
36387 3906
36388 3907
36389 3908
36390 3909
36391 3909
36392 3909
36393 3909
36394 3909
36395 3910
36396 3911
36397 3912
36398 3913
36399 3914
36400 3915
36401 3916
36402 3917
36403 3918
36404 3919
36405 3920
36406 3921
36407 3922
36408 3923
36409 3924
36410 3925
36411 3926
36412 3927
36413 3928
36414 3929
36415 3930
36416 3931
36417 3932
36418 3933
36419 3934
36420 3935
36421 3936
36422 3937
36423 3938
36424 3939
36425 3940
36426 3941
36427 3942
36428 3943
36429 3944
36430 3945
36431 3946
36432 3947
36433 3948
36434 3948
36435 3948
36436 3949
36437 3950
36438 3949
36439 3951
36440 3952
36441 3953
36442 3954
36443 3955
36444 3956
36445 3957
36446 3958
36447 3959
36448 3960
36449 3961
36450 3962
36451 3963
36452 3964
36453 3965
36454 3966
36455 3967
36456 3968
36457 3969
36458 3970
36459 3971
36460 3972
36461 3973
36462 3974
36463 3975
36464 3976
36465 3977
36466 3978
36467 3979
36468 3980
36469 3981
36470 3982
36471 3983
36472 3984
36473 3985
36474 3986
36475 3987
36476 3988
36477 3989
36478 3990
36479 3991
36480 3992
36481 3993
36482 3994
36483 3995
36484 3996
36485 3997
36486 3998
36487 3999
36488 4000
36489 4001
36490 4002
36491 4003
36492 4004
36493 4005
36494 4006
36495 4007
36496 4008
36497 4009
36498 4010
36499 4011
36500 4011
36501 4011
36502 4011
36503 4011
36504 4012
36505 4013
36506 4014
36507 4015
36508 4016
36509 4017
36510 4018
36511 4019
36512 4020
36513 4021
36514 4022
36515 4023
36516 4024
36517 4025
36518 4026
36519 4027
36520 4028
36521 4029
36522 4030
36523 4031
36524 4032
36525 4033
36526 4034
36527 4035
36528 4036
36529 4036
36530 4036
36531 4036
36532 4036
36533 4037
36534 4038
36535 4039
36536 4040
36537 4041
36538 4042
36539 4043
36540 4044
36541 4045
36542 4046
36543 4047
36544 4047
36545 4047
36546 4047
36547 4047
36548 4048
36549 4048
36550 4048
36551 4048
36552 4049
36553 4050
36554 4051
36555 4052
36556 4053
36557 4054
36558 4055
36559 4056
36560 4057
36561 4058
36562 4059
36563 4060
36564 4061
36565 4062
36566 4063
36567 4064
36568 1357
36569 1357
36570 1357
36571 1357
36572 4065
36573 4066
36574 4067
36575 4067
36576 4067
36577 4068
36578 4069
36579 4070
36580 4071
36581 4072
36582 4073
36583 4074
36584 4075
36585 233
36586 4076
36587 4077
36588 4078
36589 4079
36590 4078
36591 4078
36592 4078
36593 783
36594 3559
36595 4080
36596 4081
36597 4082
36598 4082
36599 4083
36600 4084
36601 4084
36602 916
36603 4084
36604 4085
36605 4085
36606 4085
36607 4085
36608 4092
36609 4086
36610 907
36611 907
36612 4096
36613 4087
36614 4088
36615 4087
36616 4089
36617 4090
36618 4088
36619 4088
36620 4088
36621 4091
36622 916
36623 4092
36624 4093
36625 4094
36626 4094
36627 4095
36628 4094
36629 4094
36630 4094
36631 4096
36632 4096
36633 4097
36634 4098
36635 4097
36636 4082
36637 4082
36638 4082
36639 4082
36640 4099
36641 4100
36642 4101
36643 4102
36644 4103
36645 4104
36646 4105
36647 4106
36648 4107
36649 4108
36650 4109
36651 4110
36652 4111
36653 4112
36654 4113
36655 4114
36656 4115
36657 4116
36658 4117
36659 4118
36660 4119
36661 4120
36662 4121
36663 4122
36664 749
36665 749
36666 749
36667 749
36668 749
36669 1165
36670 1165
36671 1165
36672 164
36673 4123
36674 4124
36675 1165
36676 1165
36677 4125
36678 4126
36679 4127
36680 4127
36681 4127
36682 4128
36683 4128
36684 4128
36685 4128
36686 1357
36687 1357
36688 1357
36689 4129
36690 4130
36691 1357
