203
0 2
1 25
2 10
3 25
4 153
5 10
6 10
7 10
8 10
9 2
10 10
11 10
12 10
13 153
14 153
15 152
16 153
17 10
18 10
19 9
20 185
21 10
22 153
23 9
24 9
25 25
26 9
27 25
28 10
29 153
30 10
31 10
32 10
33 10
34 25
35 10
36 10
37 49
38 25
39 25
40 10
41 10
42 10
43 10
44 10
45 2
46 25
47 30
48 10
49 2
50 10
51 25
52 25
53 10
54 2
55 10
56 10
57 25
58 153
59 9
60 10
61 10
62 25
63 10
64 10
65 10
66 155
67 10
68 10
69 10
70 10
71 0
72 10
73 153
74 10
75 25
76 25
77 10
78 30
79 10
80 10
81 10
82 153
83 25
84 25
85 25
86 153
87 10
88 10
89 10
90 153
91 10
92 10
93 2
94 9
95 10
96 155
97 9
98 10
99 10
100 10
101 10
102 10
103 10
104 10
105 9
106 10
107 10
108 25
109 9
110 9
111 10
112 10
113 10
114 2
115 1
116 10
117 10
118 10
119 118
120 9
121 9
122 10
123 153
124 10
125 10
126 10
127 10
128 9
129 153
130 72
131 10
132 25
133 30
134 10
135 30
136 10
137 10
138 9
139 10
140 25
141 25
142 153
143 10
144 10
145 25
146 10
147 10
148 9
149 25
150 10
151 10
152 9
153 10
154 10
155 10
156 10
157 9
158 10
159 10
160 10
161 10
162 2
163 30
164 10
165 10
166 153
167 30
168 25
169 10
170 9
171 163
172 10
173 10
174 10
175 9
176 10
177 10
178 10
179 21
180 3
181 10
182 10
183 10
184 30
185 10
186 10
187 10
188 10
189 9
190 30
191 10
192 10
193 10
194 25
195 10
196 25
197 10
198 9
199 25
200 2
201 10
202 10
203 25
204 153
205 10
206 10
207 10
208 25
209 10
210 10
211 10
212 10
213 25
214 153
215 10
216 10
217 25
218 9
219 9
220 30
221 153
222 10
223 10
224 10
225 10
226 10
227 10
228 10
229 10
230 153
231 10
232 10
233 10
234 25
235 10
236 4
237 9
238 10
239 180
240 10
241 10
242 25
243 10
244 25
245 10
246 25
247 10
248 10
249 10
250 25
251 25
252 10
253 10
254 10
255 10
256 10
257 10
258 10
259 10
260 10
261 25
262 10
263 10
264 10
265 10
266 10
267 10
268 9
269 2
270 30
271 30
272 9
273 10
274 10
275 10
276 9
277 10
278 153
279 10
280 10
281 10
282 10
283 25
284 10
285 2
286 10
287 10
288 10
289 10
290 10
291 153
292 10
293 10
294 10
295 2
296 10
297 10
298 10
299 10
300 10
301 2
302 10
303 2
304 2
305 155
306 10
307 10
308 10
309 5
310 25
311 25
312 6
313 10
314 10
315 10
316 25
317 9
318 10
319 7
320 10
321 21
322 10
323 10
324 10
325 10
326 10
327 10
328 10
329 2
330 153
331 10
332 10
333 2
334 10
335 10
336 25
337 10
338 10
339 10
340 25
341 189
342 10
343 10
344 10
345 10
346 10
347 10
348 10
349 10
350 9
351 2
352 153
353 10
354 10
355 153
356 10
357 10
358 153
359 25
360 10
361 10
362 10
363 9
364 8
365 10
366 10
367 10
368 10
369 10
370 10
371 10
372 25
373 10
374 9
375 25
376 10
377 10
378 10
379 21
380 10
381 9
382 153
383 9
384 10
385 153
386 96
387 10
388 10
389 10
390 10
391 10
392 10
393 10
394 10
395 10
396 10
397 10
398 11
399 10
400 30
401 10
402 10
403 25
404 25
405 10
406 10
407 25
408 10
409 10
410 10
411 2
412 30
413 153
414 176
415 25
416 10
417 10
418 2
419 9
420 10
421 10
422 10
423 12
424 153
425 9
426 10
427 10
428 13
429 10
430 10
431 153
432 153
433 153
434 10
435 10
436 10
437 10
438 10
439 2
440 30
441 25
442 2
443 25
444 10
445 10
446 10
447 10
448 25
449 10
450 9
451 10
452 9
453 9
454 9
455 9
456 10
457 153
458 30
459 10
460 153
461 25
462 10
463 10
464 169
465 10
466 10
467 153
468 10
469 153
470 25
471 30
472 10
473 25
474 10
475 10
476 10
477 153
478 10
479 9
480 10
481 10
482 153
483 25
484 10
485 9
486 9
487 10
488 10
489 2
490 10
491 10
492 10
493 10
494 153
495 9
496 10
497 25
498 30
499 10
500 25
501 10
502 10
503 10
504 161
505 10
506 10
507 153
508 10
509 25
510 25
511 25
512 2
513 9
514 143
515 9
516 9
517 10
518 25
519 10
520 25
521 10
522 25
523 10
524 10
525 25
526 10
527 25
528 10
529 14
530 10
531 10
532 10
533 10
534 10
535 25
536 10
537 10
538 10
539 10
540 10
541 10
542 153
543 10
544 9
545 25
546 9
547 10
548 10
549 25
550 25
551 10
552 30
553 2
554 30
555 10
556 153
557 10
558 10
559 2
560 30
561 10
562 10
563 153
564 10
565 25
566 10
567 10
568 10
569 10
570 25
571 10
572 16
573 9
574 10
575 10
576 10
577 2
578 153
579 10
580 9
581 9
582 9
583 9
584 10
585 9
586 10
587 9
588 10
589 10
590 184
591 10
592 10
593 25
594 10
595 10
596 10
597 10
598 15
599 25
600 10
601 10
602 10
603 10
604 10
605 9
606 153
607 10
608 10
609 9
610 10
611 10
612 10
613 10
614 2
615 10
616 25
617 10
618 153
619 10
620 10
621 10
622 10
623 10
624 10
625 10
626 25
627 10
628 10
629 10
630 30
631 10
632 10
633 10
634 30
635 10
636 10
637 10
638 9
639 153
640 25
641 10
642 10
643 10
644 30
645 10
646 10
647 153
648 85
649 10
650 10
651 10
652 30
653 30
654 10
655 2
656 10
657 25
658 10
659 10
660 9
661 30
662 10
663 16
664 10
665 10
666 153
667 10
668 10
669 153
670 17
671 9
672 153
673 10
674 25
675 10
676 10
677 153
678 2
679 170
680 10
681 169
682 10
683 25
684 10
685 153
686 10
687 25
688 2
689 30
690 25
691 10
692 30
693 2
694 10
695 10
696 10
697 10
698 101
699 10
700 10
701 9
702 25
703 10
704 10
705 10
706 153
707 25
708 10
709 9
710 25
711 9
712 2
713 10
714 10
715 25
716 10
717 10
718 10
719 9
720 10
721 2
722 10
723 124
724 10
725 153
726 10
727 10
728 10
729 10
730 2
731 2
732 25
733 10
734 10
735 25
736 10
737 10
738 10
739 10
740 10
741 10
742 10
743 10
744 25
745 10
746 9
747 10
748 10
749 10
750 10
751 30
752 25
753 10
754 10
755 10
756 10
757 10
758 10
759 10
760 10
761 155
762 147
763 9
764 9
765 2
766 10
767 10
768 10
769 30
770 10
771 25
772 10
773 9
774 10
775 155
776 153
777 10
778 10
779 10
780 10
781 177
782 10
783 10
784 10
785 10
786 153
787 166
788 10
789 10
790 10
791 153
792 2
793 10
794 25
795 10
796 10
797 10
798 2
799 10
800 10
801 25
802 9
803 30
804 9
805 10
806 10
807 10
808 25
809 2
810 10
811 153
812 10
813 10
814 25
815 10
816 2
817 10
818 25
819 10
820 10
821 153
822 25
823 25
824 10
825 10
826 10
827 2
828 153
829 10
830 10
831 25
832 10
833 10
834 10
835 10
836 9
837 10
838 10
839 10
840 10
841 10
842 10
843 25
844 10
845 10
846 61
847 10
848 10
849 30
850 10
851 10
852 10
853 30
854 30
855 9
856 10
857 10
858 10
859 153
860 10
861 10
862 153
863 10
864 30
865 10
866 10
867 10
868 10
869 18
870 10
871 25
872 25
873 9
874 9
875 10
876 9
877 25
878 25
879 9
880 10
881 10
882 25
883 10
884 10
885 153
886 153
887 2
888 153
889 25
890 153
891 25
892 10
893 10
894 153
895 10
896 10
897 10
898 9
899 178
900 2
901 25
902 10
903 10
904 25
905 10
906 2
907 25
908 2
909 19
910 155
911 2
912 10
913 10
914 2
915 10
916 10
917 2
918 10
919 10
920 10
921 10
922 10
923 10
924 10
925 2
926 10
927 10
928 10
929 10
930 25
931 10
932 153
933 10
934 10
935 25
936 10
937 10
938 10
939 10
940 10
941 10
942 25
943 10
944 10
945 9
946 25
947 153
948 2
949 153
950 25
951 10
952 9
953 10
954 10
955 25
956 10
957 10
958 10
959 153
960 25
961 9
962 10
963 10
964 10
965 10
966 10
967 9
968 153
969 10
970 10
971 153
972 10
973 153
974 10
975 2
976 10
977 10
978 10
979 10
980 10
981 10
982 10
983 10
984 10
985 10
986 10
987 25
988 10
989 9
990 9
991 2
992 25
993 25
994 25
995 10
996 10
997 10
998 10
999 10
1000 25
1001 10
1002 10
1003 25
1004 30
1005 10
1006 25
1007 25
1008 10
1009 157
1010 10
1011 10
1012 10
1013 10
1014 10
1015 2
1016 10
1017 10
1018 10
1019 10
1020 10
1021 10
1022 10
1023 30
1024 20
1025 10
1026 10
1027 10
1028 10
1029 10
1030 25
1031 10
1032 25
1033 10
1034 10
1035 10
1036 10
1037 25
1038 30
1039 30
1040 10
1041 10
1042 10
1043 10
1044 10
1045 10
1046 10
1047 10
1048 194
1049 10
1050 10
1051 25
1052 9
1053 10
1054 139
1055 10
1056 2
1057 10
1058 25
1059 25
1060 10
1061 25
1062 10
1063 10
1064 10
1065 9
1066 153
1067 10
1068 10
1069 10
1070 10
1071 10
1072 10
1073 25
1074 25
1075 10
1076 25
1077 9
1078 10
1079 2
1080 10
1081 10
1082 10
1083 10
1084 25
1085 10
1086 9
1087 2
1088 10
1089 10
1090 10
1091 2
1092 10
1093 10
1094 10
1095 10
1096 10
1097 2
1098 10
1099 10
1100 153
1101 10
1102 10
1103 10
1104 153
1105 10
1106 88
1107 153
1108 10
1109 25
1110 10
1111 30
1112 10
1113 10
1114 25
1115 10
1116 10
1117 153
1118 10
1119 41
1120 9
1121 19
1122 153
1123 10
1124 10
1125 30
1126 25
1127 10
1128 10
1129 2
1130 10
1131 25
1132 10
1133 10
1134 10
1135 10
1136 30
1137 10
1138 25
1139 10
1140 9
1141 10
1142 9
1143 38
1144 9
1145 10
1146 10
1147 10
1148 10
1149 25
1150 10
1151 10
1152 10
1153 9
1154 10
1155 10
1156 10
1157 10
1158 10
1159 10
1160 10
1161 10
1162 30
1163 10
1164 153
1165 10
1166 10
1167 25
1168 10
1169 10
1170 10
1171 9
1172 10
1173 25
1174 45
1175 10
1176 30
1177 2
1178 10
1179 10
1180 10
1181 153
1182 10
1183 10
1184 10
1185 10
1186 10
1187 10
1188 9
1189 153
1190 10
1191 10
1192 10
1193 10
1194 9
1195 10
1196 10
1197 10
1198 10
1199 180
1200 10
1201 10
1202 10
1203 22
1204 10
1205 10
1206 25
1207 153
1208 10
1209 10
1210 10
1211 10
1212 10
1213 10
1214 10
1215 25
1216 10
1217 10
1218 10
1219 10
1220 2
1221 30
1222 10
1223 10
1224 10
1225 2
1226 2
1227 10
1228 23
1229 10
1230 2
1231 10
1232 30
1233 10
1234 10
1235 10
1236 25
1237 155
1238 30
1239 10
1240 10
1241 24
1242 10
1243 10
1244 25
1245 25
1246 30
1247 10
1248 10
1249 10
1250 10
1251 10
1252 10
1253 10
1254 153
1255 166
1256 10
1257 153
1258 153
1259 25
1260 25
1261 10
1262 25
1263 10
1264 10
1265 10
1266 9
1267 30
1268 10
1269 153
1270 10
1271 25
1272 9
1273 153
1274 30
1275 30
1276 9
1277 10
1278 10
1279 25
1280 10
1281 25
1282 10
1283 167
1284 10
1285 10
1286 10
1287 10
1288 25
1289 10
1290 153
1291 10
1292 10
1293 153
1294 153
1295 153
1296 10
1297 10
1298 10
1299 30
1300 10
1301 10
1302 25
1303 153
1304 25
1305 25
1306 30
1307 10
1308 10
1309 10
1310 2
1311 153
1312 10
1313 10
1314 10
1315 25
1316 10
1317 9
1318 10
1319 0
1320 9
1321 10
1322 10
1323 10
1324 25
1325 10
1326 10
1327 10
1328 10
1329 25
1330 10
1331 10
1332 10
1333 10
1334 25
1335 10
1336 10
1337 10
1338 10
1339 10
1340 10
1341 25
1342 25
1343 30
1344 9
1345 10
1346 30
1347 25
1348 10
1349 10
1350 10
1351 10
1352 2
1353 10
1354 153
1355 25
1356 10
1357 10
1358 10
1359 25
1360 10
1361 30
1362 30
1363 10
1364 10
1365 10
1366 10
1367 25
1368 9
1369 10
1370 25
1371 10
1372 9
1373 10
1374 10
1375 10
1376 153
1377 10
1378 153
1379 10
1380 10
1381 10
1382 10
1383 10
1384 10
1385 10
1386 10
1387 10
1388 9
1389 10
1390 10
1391 10
1392 9
1393 30
1394 10
1395 10
1396 10
1397 153
1398 10
1399 10
1400 10
1401 10
1402 25
1403 25
1404 10
1405 10
1406 10
1407 10
1408 10
1409 10
1410 30
1411 153
1412 9
1413 10
1414 153
1415 10
1416 10
1417 10
1418 10
1419 10
1420 10
1421 10
1422 10
1423 10
1424 26
1425 25
1426 9
1427 10
1428 182
1429 10
1430 10
1431 2
1432 25
1433 10
1434 10
1435 9
1436 10
1437 25
1438 10
1439 10
1440 10
1441 25
1442 25
1443 153
1444 10
1445 10
1446 10
1447 9
1448 10
1449 10
1450 10
1451 10
1452 25
1453 30
1454 9
1455 9
1456 10
1457 10
1458 10
1459 25
1460 2
1461 10
1462 10
1463 10
1464 10
1465 10
1466 10
1467 10
1468 10
1469 10
1470 10
1471 10
1472 10
1473 9
1474 2
1475 2
1476 30
1477 153
1478 10
1479 10
1480 10
1481 10
1482 25
1483 27
1484 45
1485 10
1486 25
1487 10
1488 25
1489 30
1490 10
1491 10
1492 165
1493 10
1494 153
1495 10
1496 153
1497 10
1498 10
1499 10
1500 10
1501 30
1502 10
1503 10
1504 9
1505 10
1506 25
1507 37
1508 155
1509 25
1510 10
1511 10
1512 25
1513 10
1514 10
1515 10
1516 10
1517 10
1518 10
1519 10
1520 10
1521 30
1522 10
1523 10
1524 25
1525 10
1526 25
1527 10
1528 10
1529 153
1530 10
1531 10
1532 10
1533 153
1534 153
1535 10
1536 10
1537 10
1538 178
1539 10
1540 10
1541 10
1542 10
1543 10
1544 153
1545 25
1546 2
1547 10
1548 10
1549 10
1550 10
1551 10
1552 10
1553 10
1554 25
1555 10
1556 10
1557 30
1558 10
1559 10
1560 10
1561 10
1562 2
1563 10
1564 10
1565 10
1566 10
1567 10
1568 153
1569 10
1570 153
1571 10
1572 10
1573 10
1574 25
1575 10
1576 10
1577 10
1578 10
1579 153
1580 10
1581 10
1582 10
1583 10
1584 153
1585 10
1586 10
1587 10
1588 10
1589 153
1590 10
1591 10
1592 10
1593 10
1594 30
1595 10
1596 9
1597 10
1598 10
1599 10
1600 10
1601 10
1602 25
1603 25
1604 25
1605 30
1606 10
1607 10
1608 10
1609 30
1610 9
1611 10
1612 153
1613 2
1614 10
1615 30
1616 10
1617 10
1618 2
1619 10
1620 10
1621 10
1622 10
1623 28
1624 10
1625 10
1626 10
1627 25
1628 10
1629 10
1630 10
1631 10
1632 9
1633 10
1634 25
1635 10
1636 10
1637 155
1638 10
1639 30
1640 25
1641 29
1642 10
1643 153
1644 30
1645 10
1646 10
1647 10
1648 10
1649 10
1650 10
1651 10
1652 10
1653 25
1654 10
1655 25
1656 153
1657 10
1658 10
1659 9
1660 10
1661 2
1662 10
1663 9
1664 10
1665 9
1666 10
1667 10
1668 30
1669 2
1670 10
1671 9
1672 153
1673 31
1674 10
1675 10
1676 21
1677 30
1678 30
1679 10
1680 9
1681 10
1682 10
1683 10
1684 10
1685 10
1686 25
1687 155
1688 43
1689 10
1690 10
1691 10
1692 10
1693 10
1694 10
1695 25
1696 10
1697 10
1698 32
1699 9
1700 10
1701 10
1702 83
1703 10
1704 33
1705 10
1706 9
1707 9
1708 10
1709 10
1710 10
1711 10
1712 9
1713 25
1714 10
1715 10
1716 10
1717 9
1718 10
1719 2
1720 10
1721 10
1722 10
1723 10
1724 10
1725 10
1726 10
1727 10
1728 10
1729 30
1730 25
1731 10
1732 10
1733 10
1734 10
1735 10
1736 10
1737 2
1738 10
1739 2
1740 2
1741 9
1742 153
1743 25
1744 10
1745 10
1746 10
1747 10
1748 10
1749 25
1750 10
1751 10
1752 10
1753 10
1754 10
1755 2
1756 2
1757 10
1758 153
1759 30
1760 10
1761 34
1762 10
1763 30
1764 10
1765 9
1766 25
1767 10
1768 10
1769 10
1770 2
1771 35
1772 47
1773 10
1774 10
1775 10
1776 10
1777 36
1778 10
1779 10
1780 10
1781 30
1782 10
1783 10
1784 2
1785 10
1786 10
1787 10
1788 10
1789 10
1790 10
1791 9
1792 10
1793 10
1794 10
1795 10
1796 30
1797 25
1798 10
1799 10
1800 25
1801 9
1802 10
1803 10
1804 8
1805 10
1806 10
1807 25
1808 10
1809 10
1810 37
1811 10
1812 10
1813 25
1814 10
1815 10
1816 30
1817 10
1818 10
1819 153
1820 180
1821 10
1822 10
1823 10
1824 10
1825 10
1826 38
1827 10
1828 10
1829 10
1830 10
1831 10
1832 2
1833 10
1834 10
1835 172
1836 10
1837 10
1838 9
1839 10
1840 10
1841 30
1842 10
1843 10
1844 22
1845 9
1846 153
1847 10
1848 10
1849 25
1850 10
1851 10
1852 10
1853 10
1854 10
1855 10
1856 153
1857 10
1858 10
1859 10
1860 10
1861 10
1862 10
1863 9
1864 10
1865 10
1866 25
1867 25
1868 9
1869 10
1870 10
1871 25
1872 30
1873 10
1874 10
1875 10
1876 10
1877 25
1878 10
1879 25
1880 10
1881 10
1882 9
1883 99
1884 25
1885 153
1886 10
1887 10
1888 153
1889 10
1890 30
1891 153
1892 10
1893 10
1894 10
1895 25
1896 30
1897 153
1898 10
1899 10
1900 10
1901 39
1902 10
1903 10
1904 10
1905 10
1906 153
1907 10
1908 10
1909 10
1910 30
1911 10
1912 10
1913 10
1914 124
1915 10
1916 25
1917 9
1918 10
1919 10
1920 10
1921 25
1922 153
1923 10
1924 9
1925 10
1926 10
1927 9
1928 25
1929 25
1930 10
1931 10
1932 10
1933 10
1934 9
1935 30
1936 10
1937 10
1938 153
1939 9
1940 10
1941 10
1942 10
1943 10
1944 25
1945 25
1946 30
1947 10
1948 10
1949 10
1950 10
1951 153
1952 10
1953 10
1954 10
1955 9
1956 10
1957 10
1958 10
1959 153
1960 153
1961 10
1962 10
1963 155
1964 10
1965 10
1966 10
1967 2
1968 10
1969 10
1970 25
1971 40
1972 10
1973 10
1974 10
1975 10
1976 10
1977 10
1978 10
1979 10
1980 10
1981 25
1982 10
1983 153
1984 10
1985 10
1986 30
1987 10
1988 10
1989 10
1990 30
1991 30
1992 10
1993 10
1994 10
1995 10
1996 10
1997 10
1998 10
1999 10
2000 10
2001 25
2002 10
2003 10
2004 10
2005 10
2006 25
2007 10
2008 10
2009 10
2010 10
2011 10
2012 10
2013 10
2014 10
2015 10
2016 10
2017 10
2018 10
2019 10
2020 10
2021 153
2022 10
2023 9
2024 25
2025 2
2026 10
2027 10
2028 10
2029 10
2030 10
2031 10
2032 2
2033 10
2034 10
2035 10
2036 10
2037 25
2038 41
2039 10
2040 10
2041 10
2042 30
2043 10
2044 10
2045 10
2046 10
2047 2
2048 10
2049 10
2050 10
2051 25
2052 10
2053 10
2054 10
2055 25
2056 10
2057 2
2058 10
2059 10
2060 2
2061 145
2062 10
2063 10
2064 10
2065 25
2066 25
2067 83
2068 10
2069 10
2070 10
2071 25
2072 10
2073 10
2074 10
2075 10
2076 10
2077 10
2078 10
2079 42
2080 10
2081 153
2082 10
2083 10
2084 10
2085 153
2086 2
2087 10
2088 10
2089 153
2090 10
2091 153
2092 10
2093 10
2094 10
2095 10
2096 10
2097 10
2098 10
2099 10
2100 10
2101 10
2102 10
2103 25
2104 2
2105 10
2106 153
2107 9
2108 153
2109 10
2110 153
2111 10
2112 10
2113 9
2114 153
2115 10
2116 43
2117 10
2118 10
2119 2
2120 10
2121 25
2122 10
2123 10
2124 10
2125 44
2126 10
2127 30
2128 30
2129 10
2130 10
2131 10
2132 2
2133 25
2134 10
2135 10
2136 10
2137 10
2138 10
2139 10
2140 10
2141 10
2142 10
2143 10
2144 25
2145 153
2146 10
2147 45
2148 10
2149 10
2150 25
2151 2
2152 25
2153 10
2154 25
2155 10
2156 10
2157 9
2158 153
2159 10
2160 9
2161 153
2162 25
2163 10
2164 10
2165 10
2166 0
2167 30
2168 10
2169 30
2170 25
2171 30
2172 9
2173 10
2174 9
2175 10
2176 10
2177 2
2178 10
2179 10
2180 2
2181 10
2182 46
2183 2
2184 30
2185 153
2186 10
2187 10
2188 10
2189 30
2190 47
2191 168
2192 30
2193 10
2194 2
2195 10
2196 10
2197 10
2198 10
2199 25
2200 2
2201 25
2202 10
2203 10
2204 25
2205 10
2206 10
2207 10
2208 10
2209 10
2210 10
2211 10
2212 30
2213 25
2214 10
2215 10
2216 10
2217 10
2218 10
2219 9
2220 10
2221 9
2222 10
2223 10
2224 10
2225 10
2226 25
2227 10
2228 30
2229 10
2230 25
2231 10
2232 10
2233 58
2234 153
2235 153
2236 10
2237 10
2238 25
2239 25
2240 10
2241 10
2242 10
2243 10
2244 2
2245 10
2246 10
2247 153
2248 10
2249 10
2250 10
2251 10
2252 10
2253 10
2254 10
2255 10
2256 10
2257 30
2258 10
2259 10
2260 10
2261 10
2262 10
2263 10
2264 10
2265 10
2266 10
2267 10
2268 10
2269 10
2270 10
2271 10
2272 10
2273 9
2274 10
2275 10
2276 10
2277 10
2278 10
2279 146
2280 30
2281 10
2282 10
2283 153
2284 153
2285 10
2286 10
2287 10
2288 10
2289 10
2290 30
2291 30
2292 10
2293 25
2294 10
2295 10
2296 10
2297 10
2298 25
2299 10
2300 10
2301 10
2302 25
2303 9
2304 10
2305 10
2306 10
2307 10
2308 10
2309 25
2310 10
2311 10
2312 10
2313 30
2314 30
2315 30
2316 10
2317 10
2318 10
2319 30
2320 10
2321 10
2322 153
2323 25
2324 10
2325 25
2326 9
2327 153
2328 10
2329 10
2330 10
2331 2
2332 10
2333 10
2334 10
2335 0
2336 30
2337 10
2338 153
2339 9
2340 2
2341 10
2342 153
2343 10
2344 10
2345 25
2346 9
2347 10
2348 10
2349 10
2350 2
2351 9
2352 10
2353 10
2354 153
2355 10
2356 2
2357 10
2358 10
2359 25
2360 10
2361 10
2362 10
2363 10
2364 10
2365 10
2366 30
2367 104
2368 10
2369 10
2370 2
2371 10
2372 10
2373 10
2374 9
2375 10
2376 201
2377 10
2378 10
2379 30
2380 153
2381 9
2382 9
2383 25
2384 1
2385 9
2386 10
2387 10
2388 10
2389 10
2390 9
2391 10
2392 10
2393 10
2394 153
2395 153
2396 25
2397 10
2398 10
2399 10
2400 155
2401 153
2402 136
2403 10
2404 175
2405 10
2406 30
2407 10
2408 10
2409 10
2410 153
2411 10
2412 10
2413 10
2414 10
2415 25
2416 10
2417 25
2418 2
2419 10
2420 10
2421 25
2422 10
2423 10
2424 10
2425 10
2426 153
2427 25
2428 10
2429 10
2430 25
2431 10
2432 10
2433 10
2434 10
2435 10
2436 25
2437 30
2438 10
2439 10
2440 10
2441 30
2442 10
2443 10
2444 9
2445 10
2446 10
2447 30
2448 10
2449 10
2450 153
2451 48
2452 25
2453 10
2454 25
2455 2
2456 10
2457 10
2458 10
2459 10
2460 10
2461 25
2462 49
2463 10
2464 10
2465 10
2466 10
2467 10
2468 30
2469 2
2470 10
2471 10
2472 10
2473 10
2474 44
2475 10
2476 30
2477 153
2478 10
2479 10
2480 172
2481 191
2482 10
2483 10
2484 10
2485 10
2486 25
2487 25
2488 2
2489 10
2490 21
2491 10
2492 9
2493 10
2494 30
2495 10
2496 10
2497 10
2498 10
2499 10
2500 25
2501 10
2502 9
2503 10
2504 10
2505 2
2506 153
2507 25
2508 9
2509 50
2510 25
2511 10
2512 10
2513 10
2514 10
2515 10
2516 10
2517 10
2518 51
2519 10
2520 10
2521 10
2522 10
2523 30
2524 10
2525 10
2526 10
2527 10
2528 10
2529 10
2530 10
2531 10
2532 10
2533 2
2534 10
2535 10
2536 25
2537 10
2538 10
2539 30
2540 10
2541 10
2542 30
2543 9
2544 10
2545 10
2546 10
2547 10
2548 153
2549 25
2550 10
2551 25
2552 10
2553 2
2554 25
2555 52
2556 10
2557 10
2558 153
2559 10
2560 10
2561 10
2562 10
2563 25
2564 25
2565 25
2566 10
2567 10
2568 10
2569 10
2570 10
2571 10
2572 10
2573 25
2574 10
2575 10
2576 2
2577 10
2578 25
2579 10
2580 10
2581 10
2582 10
2583 153
2584 10
2585 30
2586 10
2587 153
2588 10
2589 2
2590 10
2591 10
2592 10
2593 10
2594 10
2595 10
2596 10
2597 10
2598 10
2599 10
2600 53
2601 2
2602 10
2603 10
2604 10
2605 25
2606 10
2607 10
2608 30
2609 9
2610 10
2611 10
2612 10
2613 10
2614 10
2615 10
2616 10
2617 10
2618 10
2619 10
2620 10
2621 10
2622 10
2623 10
2624 136
2625 25
2626 30
2627 153
2628 10
2629 10
2630 10
2631 10
2632 10
2633 10
2634 10
2635 10
2636 2
2637 10
2638 153
2639 133
2640 10
2641 10
2642 10
2643 10
2644 153
2645 10
2646 54
2647 10
2648 10
2649 10
2650 10
2651 30
2652 10
2653 10
2654 30
2655 10
2656 25
2657 10
2658 30
2659 10
2660 153
2661 10
2662 2
2663 10
2664 10
2665 2
2666 153
2667 10
2668 10
2669 10
2670 10
2671 10
2672 21
2673 10
2674 10
2675 10
2676 30
2677 10
2678 10
2679 10
2680 10
2681 10
2682 10
2683 10
2684 153
2685 10
2686 25
2687 10
2688 10
2689 10
2690 10
2691 10
2692 153
2693 10
2694 10
2695 2
2696 10
2697 10
2698 2
2699 10
2700 10
2701 10
2702 153
2703 153
2704 10
2705 2
2706 9
2707 10
2708 55
2709 56
2710 30
2711 10
2712 10
2713 10
2714 10
2715 10
2716 25
2717 10
2718 10
2719 25
2720 10
2721 30
2722 10
2723 10
2724 10
2725 57
2726 153
2727 10
2728 153
2729 10
2730 25
2731 153
2732 153
2733 58
2734 59
2735 25
2736 10
2737 153
2738 10
2739 25
2740 10
2741 10
2742 9
2743 25
2744 21
2745 25
2746 10
2747 153
2748 10
2749 35
2750 9
2751 9
2752 2
2753 10
2754 10
2755 10
2756 153
2757 10
2758 10
2759 9
2760 2
2761 10
2762 25
2763 10
2764 10
2765 10
2766 153
2767 10
2768 30
2769 25
2770 10
2771 25
2772 153
2773 25
2774 9
2775 10
2776 10
2777 10
2778 30
2779 10
2780 10
2781 10
2782 10
2783 25
2784 25
2785 2
2786 10
2787 10
2788 10
2789 10
2790 10
2791 10
2792 10
2793 25
2794 60
2795 9
2796 9
2797 153
2798 10
2799 10
2800 25
2801 10
2802 10
2803 153
2804 10
2805 10
2806 153
2807 10
2808 10
2809 10
2810 21
2811 25
2812 61
2813 10
2814 10
2815 10
2816 10
2817 10
2818 10
2819 10
2820 10
2821 10
2822 10
2823 153
2824 187
2825 25
2826 10
2827 10
2828 153
2829 30
2830 10
2831 10
2832 9
2833 10
2834 30
2835 10
2836 10
2837 10
2838 10
2839 30
2840 10
2841 10
2842 10
2843 10
2844 10
2845 153
2846 25
2847 10
2848 10
2849 30
2850 10
2851 10
2852 25
2853 10
2854 10
2855 10
2856 153
2857 153
2858 10
2859 10
2860 10
2861 10
2862 153
2863 10
2864 10
2865 10
2866 30
2867 25
2868 10
2869 30
2870 153
2871 10
2872 10
2873 25
2874 10
2875 30
2876 10
2877 10
2878 10
2879 2
2880 30
2881 10
2882 10
2883 2
2884 10
2885 9
2886 153
2887 9
2888 10
2889 10
2890 10
2891 10
2892 10
2893 9
2894 9
2895 62
2896 9
2897 25
2898 10
2899 10
2900 63
2901 25
2902 10
2903 10
2904 10
2905 10
2906 10
2907 10
2908 10
2909 10
2910 10
2911 153
2912 10
2913 25
2914 10
2915 25
2916 9
2917 153
2918 10
2919 10
2920 10
2921 10
2922 10
2923 153
2924 153
2925 153
2926 2
2927 9
2928 2
2929 10
2930 25
2931 10
2932 25
2933 10
2934 10
2935 25
2936 9
2937 9
2938 153
2939 10
2940 2
2941 9
2942 10
2943 10
2944 10
2945 10
2946 10
2947 25
2948 10
2949 10
2950 10
2951 30
2952 153
2953 9
2954 153
2955 10
2956 10
2957 10
2958 2
2959 9
2960 10
2961 64
2962 153
2963 10
2964 10
2965 10
2966 25
2967 10
2968 65
2969 25
2970 10
2971 30
2972 153
2973 30
2974 10
2975 10
2976 153
2977 10
2978 181
2979 10
2980 134
2981 10
2982 10
2983 25
2984 30
2985 10
2986 153
2987 66
2988 10
2989 10
2990 2
2991 2
2992 25
2993 197
2994 67
2995 30
2996 10
2997 10
2998 9
2999 25
3000 10
3001 10
3002 10
3003 25
3004 10
3005 10
3006 2
3007 10
3008 10
3009 10
3010 10
3011 10
3012 10
3013 10
3014 10
3015 10
3016 10
3017 10
3018 64
3019 10
3020 10
3021 10
3022 10
3023 153
3024 10
3025 30
3026 2
3027 10
3028 10
3029 10
3030 10
3031 9
3032 10
3033 153
3034 30
3035 2
3036 2
3037 10
3038 10
3039 10
3040 30
3041 10
3042 153
3043 153
3044 10
3045 10
3046 10
3047 10
3048 25
3049 153
3050 25
3051 10
3052 10
3053 155
3054 10
3055 10
3056 10
3057 10
3058 2
3059 10
3060 10
3061 10
3062 10
3063 10
3064 10
3065 2
3066 10
3067 25
3068 10
3069 10
3070 10
3071 10
3072 10
3073 10
3074 10
3075 10
3076 10
3077 153
3078 9
3079 153
3080 9
3081 25
3082 10
3083 25
3084 10
3085 10
3086 9
3087 10
3088 9
3089 10
3090 153
3091 10
3092 10
3093 10
3094 10
3095 10
3096 10
3097 10
3098 10
3099 9
3100 25
3101 10
3102 10
3103 10
3104 25
3105 10
3106 10
3107 25
3108 10
3109 10
3110 10
3111 10
3112 2
3113 10
3114 25
3115 10
3116 10
3117 153
3118 10
3119 2
3120 10
3121 10
3122 10
3123 10
3124 10
3125 30
3126 10
3127 10
3128 10
3129 10
3130 10
3131 10
3132 10
3133 10
3134 10
3135 2
3136 10
3137 10
3138 10
3139 10
3140 10
3141 25
3142 10
3143 10
3144 10
3145 10
3146 10
3147 10
3148 10
3149 10
3150 10
3151 10
3152 10
3153 10
3154 10
3155 30
3156 30
3157 10
3158 10
3159 25
3160 10
3161 153
3162 10
3163 153
3164 25
3165 10
3166 10
3167 25
3168 9
3169 9
3170 9
3171 30
3172 10
3173 30
3174 30
3175 30
3176 9
3177 30
3178 10
3179 10
3180 10
3181 68
3182 10
3183 154
3184 10
3185 2
3186 153
3187 10
3188 10
3189 25
3190 10
3191 10
3192 10
3193 10
3194 10
3195 10
3196 10
3197 10
3198 10
3199 10
3200 10
3201 2
3202 10
3203 10
3204 10
3205 30
3206 10
3207 10
3208 10
3209 10
3210 10
3211 10
3212 30
3213 10
3214 10
3215 30
3216 10
3217 30
3218 10
3219 10
3220 30
3221 10
3222 10
3223 10
3224 10
3225 10
3226 10
3227 25
3228 25
3229 173
3230 25
3231 10
3232 10
3233 153
3234 2
3235 10
3236 10
3237 10
3238 10
3239 10
3240 10
3241 10
3242 10
3243 30
3244 10
3245 30
3246 10
3247 10
3248 10
3249 9
3250 30
3251 10
3252 10
3253 30
3254 10
3255 10
3256 10
3257 10
3258 10
3259 69
3260 44
3261 10
3262 10
3263 10
3264 10
3265 10
3266 25
3267 2
3268 10
3269 9
3270 10
3271 10
3272 10
3273 2
3274 10
3275 2
3276 10
3277 10
3278 25
3279 10
3280 30
3281 30
3282 10
3283 10
3284 10
3285 10
3286 25
3287 9
3288 9
3289 9
3290 10
3291 10
3292 9
3293 24
3294 10
3295 25
3296 2
3297 25
3298 25
3299 10
3300 25
3301 9
3302 25
3303 10
3304 10
3305 123
3306 10
3307 2
3308 10
3309 10
3310 10
3311 153
3312 10
3313 10
3314 10
3315 10
3316 10
3317 10
3318 10
3319 10
3320 157
3321 10
3322 9
3323 10
3324 10
3325 10
3326 10
3327 25
3328 25
3329 10
3330 10
3331 70
3332 10
3333 10
3334 25
3335 25
3336 155
3337 10
3338 10
3339 10
3340 9
3341 10
3342 153
3343 25
3344 10
3345 10
3346 10
3347 10
3348 82
3349 10
3350 50
3351 153
3352 10
3353 10
3354 2
3355 30
3356 2
3357 10
3358 10
3359 2
3360 10
3361 53
3362 9
3363 10
3364 10
3365 25
3366 10
3367 10
3368 10
3369 10
3370 10
3371 10
3372 10
3373 10
3374 10
3375 30
3376 30
3377 10
3378 10
3379 9
3380 10
3381 9
3382 10
3383 9
3384 71
3385 10
3386 25
3387 25
3388 36
3389 10
3390 10
3391 9
3392 10
3393 10
3394 10
3395 10
3396 25
3397 10
3398 10
3399 10
3400 10
3401 10
3402 10
3403 9
3404 30
3405 10
3406 9
3407 7
3408 30
3409 10
3410 153
3411 10
3412 25
3413 30
3414 10
3415 10
3416 25
3417 10
3418 30
3419 10
3420 10
3421 153
3422 10
3423 10
3424 10
3425 10
3426 10
3427 10
3428 10
3429 10
3430 10
3431 10
3432 30
3433 30
3434 10
3435 2
3436 10
3437 10
3438 10
3439 10
3440 10
3441 10
3442 25
3443 10
3444 25
3445 10
3446 10
3447 10
3448 10
3449 10
3450 10
3451 10
3452 10
3453 10
3454 10
3455 10
3456 10
3457 178
3458 10
3459 10
3460 72
3461 10
3462 10
3463 10
3464 25
3465 25
3466 10
3467 10
3468 10
3469 10
3470 10
3471 10
3472 25
3473 2
3474 10
3475 10
3476 9
3477 10
3478 2
3479 10
3480 10
3481 25
3482 10
3483 137
3484 10
3485 30
3486 25
3487 10
3488 10
3489 10
3490 10
3491 25
3492 10
3493 30
3494 25
3495 10
3496 10
3497 10
3498 10
3499 10
3500 10
3501 10
3502 25
3503 9
3504 25
3505 155
3506 10
3507 10
3508 10
3509 10
3510 10
3511 10
3512 10
3513 25
3514 25
3515 25
3516 10
3517 10
3518 10
3519 10
3520 25
3521 136
3522 10
3523 10
3524 10
3525 10
3526 153
3527 25
3528 10
3529 156
3530 153
3531 163
3532 153
3533 153
3534 153
3535 10
3536 10
3537 25
3538 10
3539 153
3540 10
3541 10
3542 30
3543 10
3544 10
3545 2
3546 10
3547 10
3548 10
3549 10
3550 153
3551 31
3552 10
3553 73
3554 10
3555 25
3556 10
3557 153
3558 10
3559 10
3560 10
3561 9
3562 153
3563 9
3564 10
3565 30
3566 10
3567 10
3568 10
3569 10
3570 10
3571 10
3572 10
3573 10
3574 153
3575 10
3576 10
3577 153
3578 10
3579 10
3580 74
3581 121
3582 10
3583 10
3584 153
3585 10
3586 10
3587 10
3588 10
3589 25
3590 10
3591 10
3592 25
3593 10
3594 25
3595 10
3596 30
3597 2
3598 10
3599 10
3600 10
3601 10
3602 10
3603 10
3604 10
3605 2
3606 30
3607 10
3608 25
3609 10
3610 10
3611 153
3612 25
3613 12
3614 9
3615 10
3616 10
3617 10
3618 153
3619 2
3620 10
3621 10
3622 10
3623 2
3624 153
3625 10
3626 10
3627 25
3628 10
3629 127
3630 25
3631 10
3632 153
3633 10
3634 10
3635 10
3636 10
3637 10
3638 10
3639 25
3640 25
3641 10
3642 10
3643 25
3644 10
3645 10
3646 10
3647 91
3648 10
3649 10
3650 2
3651 9
3652 10
3653 25
3654 10
3655 10
3656 9
3657 10
3658 10
3659 10
3660 25
3661 10
3662 10
3663 10
3664 10
3665 2
3666 9
3667 10
3668 10
3669 153
3670 10
3671 75
3672 10
3673 10
3674 10
3675 10
3676 192
3677 30
3678 10
3679 10
3680 25
3681 153
3682 153
3683 10
3684 25
3685 10
3686 10
3687 10
3688 10
3689 10
3690 10
3691 25
3692 2
3693 10
3694 25
3695 9
3696 30
3697 76
3698 103
3699 10
3700 10
3701 2
3702 10
3703 25
3704 10
3705 167
3706 153
3707 153
3708 10
3709 77
3710 25
3711 10
3712 25
3713 10
3714 2
3715 25
3716 10
3717 153
3718 10
3719 10
3720 25
3721 10
3722 10
3723 10
3724 10
3725 25
3726 10
3727 10
3728 25
3729 78
3730 25
3731 10
3732 10
3733 30
3734 25
3735 25
3736 10
3737 25
3738 30
3739 10
3740 9
3741 153
3742 10
3743 25
3744 10
3745 30
3746 10
3747 10
3748 10
3749 153
3750 10
3751 10
3752 10
3753 10
3754 10
3755 10
3756 9
3757 153
3758 10
3759 9
3760 30
3761 10
3762 10
3763 25
3764 10
3765 10
3766 10
3767 10
3768 10
3769 10
3770 10
3771 10
3772 10
3773 25
3774 16
3775 25
3776 10
3777 10
3778 10
3779 10
3780 10
3781 10
3782 9
3783 9
3784 10
3785 10
3786 55
3787 10
3788 10
3789 25
3790 9
3791 10
3792 10
3793 10
3794 10
3795 10
3796 10
3797 10
3798 10
3799 10
3800 10
3801 30
3802 9
3803 10
3804 2
3805 10
3806 10
3807 10
3808 10
3809 10
3810 10
3811 10
3812 153
3813 25
3814 10
3815 9
3816 10
3817 10
3818 10
3819 10
3820 10
3821 9
3822 10
3823 25
3824 10
3825 153
3826 10
3827 10
3828 10
3829 10
3830 64
3831 9
3832 10
3833 153
3834 153
3835 10
3836 10
3837 10
3838 10
3839 9
3840 10
3841 30
3842 10
3843 153
3844 152
3845 10
3846 10
3847 10
3848 10
3849 10
3850 10
3851 79
3852 79
3853 10
3854 10
3855 25
3856 10
3857 10
3858 10
3859 10
3860 25
3861 10
3862 10
3863 10
3864 10
3865 80
3866 10
3867 10
3868 10
3869 9
3870 10
3871 2
3872 10
3873 10
3874 10
3875 10
3876 10
3877 10
3878 10
3879 153
3880 30
3881 30
3882 155
3883 9
3884 180
3885 10
3886 10
3887 10
3888 10
3889 10
3890 10
3891 153
3892 10
3893 10
3894 9
3895 10
3896 10
3897 10
3898 153
3899 10
3900 10
3901 30
3902 102
3903 10
3904 10
3905 10
3906 25
3907 10
3908 10
3909 10
3910 25
3911 10
3912 9
3913 10
3914 10
3915 10
3916 153
3917 25
3918 25
3919 10
3920 10
3921 153
3922 10
3923 10
3924 10
3925 25
3926 10
3927 153
3928 10
3929 10
3930 10
3931 10
3932 10
3933 10
3934 10
3935 10
3936 10
3937 10
3938 10
3939 153
3940 9
3941 9
3942 10
3943 10
3944 10
3945 10
3946 9
3947 10
3948 10
3949 10
3950 10
3951 25
3952 10
3953 10
3954 25
3955 81
3956 10
3957 153
3958 82
3959 10
3960 25
3961 30
3962 10
3963 46
3964 10
3965 25
3966 10
3967 10
3968 10
3969 10
3970 10
3971 10
3972 10
3973 10
3974 10
3975 30
3976 10
3977 10
3978 10
3979 10
3980 10
3981 10
3982 25
3983 10
3984 30
3985 25
3986 153
3987 10
3988 10
3989 10
3990 2
3991 10
3992 48
3993 10
3994 30
3995 2
3996 30
3997 10
3998 10
3999 155
4000 153
4001 164
4002 2
4003 10
4004 10
4005 146
4006 10
4007 153
4008 25
4009 25
4010 30
4011 10
4012 10
4013 10
4014 2
4015 93
4016 30
4017 10
4018 153
4019 10
4020 10
4021 10
4022 10
4023 10
4024 10
4025 2
4026 10
4027 10
4028 153
4029 9
4030 10
4031 30
4032 10
4033 10
4034 9
4035 4
4036 10
4037 2
4038 10
4039 10
4040 153
4041 10
4042 153
4043 83
4044 84
4045 153
4046 25
4047 10
4048 9
4049 10
4050 25
4051 74
4052 10
4053 10
4054 10
4055 10
4056 9
4057 10
4058 10
4059 10
4060 10
4061 10
4062 10
4063 10
4064 10
4065 10
4066 10
4067 10
4068 30
4069 10
4070 30
4071 10
4072 10
4073 10
4074 9
4075 30
4076 10
4077 85
4078 10
4079 10
4080 2
4081 10
4082 10
4083 10
4084 10
4085 153
4086 10
4087 10
4088 10
4089 10
4090 10
4091 25
4092 180
4093 10
4094 25
4095 10
4096 10
4097 86
4098 10
4099 10
4100 10
4101 10
4102 10
4103 10
4104 10
4105 153
4106 9
4107 10
4108 142
4109 2
4110 156
4111 9
4112 10
4113 9
4114 25
4115 10
4116 10
4117 10
4118 30
4119 2
4120 177
4121 10
4122 9
4123 153
4124 10
4125 10
4126 10
4127 10
4128 10
4129 10
4130 10
4131 25
4132 25
4133 10
4134 25
4135 153
4136 153
4137 10
4138 25
4139 30
4140 10
4141 10
4142 153
4143 148
4144 10
4145 10
4146 2
4147 10
4148 10
4149 10
4150 10
4151 155
4152 25
4153 10
4154 10
4155 10
4156 9
4157 25
4158 10
4159 9
4160 10
4161 9
4162 10
4163 10
4164 10
4165 2
4166 10
4167 30
4168 10
4169 10
4170 10
4171 10
4172 9
4173 25
4174 10
4175 10
4176 10
4177 10
4178 10
4179 10
4180 10
4181 25
4182 10
4183 10
4184 10
4185 10
4186 2
4187 25
4188 182
4189 2
4190 25
4191 10
4192 9
4193 10
4194 10
4195 10
4196 153
4197 10
4198 10
4199 10
4200 10
4201 25
4202 153
4203 10
4204 153
4205 10
4206 10
4207 10
4208 10
4209 10
4210 10
4211 2
4212 25
4213 153
4214 10
4215 9
4216 10
4217 10
4218 10
4219 10
4220 23
4221 10
4222 10
4223 155
4224 10
4225 10
4226 10
4227 10
4228 25
4229 25
4230 10
4231 10
4232 10
4233 25
4234 30
4235 145
4236 153
4237 25
4238 10
4239 153
4240 153
4241 10
4242 10
4243 169
4244 10
4245 10
4246 10
4247 25
4248 10
4249 2
4250 10
4251 10
4252 10
4253 10
4254 10
4255 10
4256 153
4257 25
4258 10
4259 9
4260 153
4261 10
4262 10
4263 10
4264 153
4265 87
4266 10
4267 10
4268 10
4269 10
4270 9
4271 2
4272 10
4273 10
4274 10
4275 10
4276 10
4277 10
4278 10
4279 10
4280 10
4281 9
4282 25
4283 25
4284 119
4285 10
4286 10
4287 10
4288 10
4289 10
4290 10
4291 10
4292 10
4293 10
4294 30
4295 10
4296 9
4297 25
4298 10
4299 10
4300 30
4301 25
4302 10
4303 10
4304 10
4305 10
4306 10
4307 10
4308 10
4309 10
4310 9
4311 10
4312 10
4313 10
4314 10
4315 10
4316 10
4317 10
4318 25
4319 10
4320 153
4321 10
4322 10
4323 10
4324 10
4325 25
4326 10
4327 10
4328 10
4329 30
4330 10
4331 25
4332 30
4333 25
4334 10
4335 10
4336 25
4337 10
4338 30
4339 10
4340 27
4341 10
4342 9
4343 10
4344 10
4345 10
4346 10
4347 10
4348 10
4349 10
4350 153
4351 9
4352 10
4353 153
4354 10
4355 10
4356 25
4357 10
4358 10
4359 68
4360 25
4361 25
4362 10
4363 10
4364 10
4365 10
4366 10
4367 153
4368 2
4369 10
4370 153
4371 9
4372 9
4373 9
4374 154
4375 10
4376 10
4377 153
4378 10
4379 10
4380 10
4381 10
4382 153
4383 10
4384 10
4385 10
4386 10
4387 10
4388 175
4389 10
4390 25
4391 10
4392 10
4393 10
4394 25
4395 9
4396 9
4397 9
4398 10
4399 9
4400 10
4401 10
4402 10
4403 10
4404 88
4405 89
4406 25
4407 10
4408 10
4409 25
4410 10
4411 153
4412 10
4413 10
4414 10
4415 10
4416 10
4417 10
4418 10
4419 30
4420 10
4421 10
4422 10
4423 153
4424 10
4425 164
4426 30
4427 153
4428 9
4429 25
4430 10
4431 9
4432 10
4433 10
4434 10
4435 10
4436 10
4437 10
4438 10
4439 25
4440 2
4441 178
4442 10
4443 10
4444 10
4445 10
4446 10
4447 10
4448 10
4449 25
4450 10
4451 10
4452 10
4453 10
4454 10
4455 10
4456 10
4457 153
4458 9
4459 10
4460 153
4461 10
4462 10
4463 10
4464 10
4465 10
4466 10
4467 2
4468 10
4469 30
4470 10
4471 10
4472 10
4473 10
4474 25
4475 10
4476 10
4477 10
4478 10
4479 25
4480 30
4481 10
4482 10
4483 10
4484 10
4485 10
4486 10
4487 153
4488 25
4489 25
4490 10
4491 10
4492 10
4493 9
4494 10
4495 30
4496 10
4497 10
4498 30
4499 25
4500 10
4501 10
4502 25
4503 10
4504 10
4505 10
4506 10
4507 10
4508 25
4509 25
4510 10
4511 153
4512 10
4513 10
4514 10
4515 10
4516 9
4517 10
4518 10
4519 10
4520 10
4521 90
4522 9
4523 10
4524 153
4525 25
4526 10
4527 25
4528 10
4529 153
4530 10
4531 153
4532 10
4533 10
4534 10
4535 10
4536 10
4537 153
4538 30
4539 10
4540 153
4541 10
4542 10
4543 10
4544 10
4545 10
4546 10
4547 9
4548 10
4549 10
4550 30
4551 10
4552 9
4553 9
4554 10
4555 25
4556 30
4557 10
4558 10
4559 153
4560 9
4561 25
4562 25
4563 47
4564 10
4565 10
4566 25
4567 10
4568 10
4569 10
4570 10
4571 10
4572 10
4573 10
4574 10
4575 10
4576 10
4577 10
4578 25
4579 10
4580 10
4581 153
4582 10
4583 9
4584 10
4585 25
4586 94
4587 10
4588 10
4589 10
4590 10
4591 30
4592 10
4593 10
4594 153
4595 10
4596 25
4597 9
4598 10
4599 10
4600 25
4601 10
4602 10
4603 10
4604 10
4605 10
4606 10
4607 10
4608 9
4609 10
4610 46
4611 25
4612 153
4613 10
4614 30
4615 10
4616 25
4617 25
4618 10
4619 10
4620 10
4621 10
4622 173
4623 75
4624 10
4625 2
4626 10
4627 10
4628 10
4629 10
4630 10
4631 10
4632 10
4633 30
4634 10
4635 10
4636 9
4637 25
4638 10
4639 10
4640 25
4641 10
4642 25
4643 10
4644 91
4645 10
4646 10
4647 10
4648 9
4649 10
4650 9
4651 10
4652 2
4653 30
4654 10
4655 10
4656 9
4657 9
4658 10
4659 9
4660 195
4661 10
4662 10
4663 25
4664 2
4665 10
4666 10
4667 153
4668 10
4669 10
4670 10
4671 9
4672 10
4673 10
4674 10
4675 5
4676 10
4677 10
4678 10
4679 10
4680 92
4681 10
4682 10
4683 9
4684 2
4685 10
4686 10
4687 10
4688 10
4689 10
4690 25
4691 21
4692 10
4693 10
4694 10
4695 54
4696 10
4697 54
4698 10
4699 10
4700 30
4701 2
4702 10
4703 25
4704 10
4705 10
4706 2
4707 10
4708 10
4709 10
4710 153
4711 10
4712 10
4713 153
4714 10
4715 153
4716 2
4717 10
4718 93
4719 10
4720 10
4721 10
4722 10
4723 10
4724 10
4725 10
4726 153
4727 2
4728 10
4729 25
4730 10
4731 25
4732 10
4733 25
4734 86
4735 10
4736 25
4737 10
4738 153
4739 10
4740 35
4741 10
4742 10
4743 10
4744 10
4745 25
4746 10
4747 10
4748 25
4749 10
4750 10
4751 10
4752 10
4753 30
4754 10
4755 94
4756 10
4757 10
4758 9
4759 10
4760 10
4761 2
4762 2
4763 9
4764 25
4765 30
4766 10
4767 9
4768 155
4769 10
4770 2
4771 10
4772 10
4773 10
4774 153
4775 153
4776 10
4777 30
4778 30
4779 10
4780 10
4781 10
4782 2
4783 95
4784 25
4785 25
4786 10
4787 10
4788 25
4789 10
4790 10
4791 10
4792 10
4793 10
4794 10
4795 30
4796 10
4797 153
4798 10
4799 9
4800 10
4801 10
4802 9
4803 25
4804 10
4805 10
4806 10
4807 9
4808 25
4809 10
4810 30
4811 9
4812 30
4813 10
4814 10
4815 10
4816 10
4817 10
4818 10
4819 10
4820 10
4821 10
4822 10
4823 10
4824 10
4825 10
4826 10
4827 10
4828 10
4829 10
4830 25
4831 10
4832 10
4833 10
4834 10
4835 10
4836 10
4837 10
4838 10
4839 10
4840 10
4841 10
4842 30
4843 2
4844 10
4845 10
4846 9
4847 10
4848 25
4849 2
4850 10
4851 10
4852 10
4853 96
4854 10
4855 10
4856 25
4857 10
4858 153
4859 10
4860 25
4861 30
4862 25
4863 25
4864 10
4865 2
4866 25
4867 10
4868 10
4869 10
4870 10
4871 10
4872 10
4873 10
4874 25
4875 10
4876 10
4877 1
4878 10
4879 10
4880 153
4881 10
4882 10
4883 153
4884 10
4885 10
4886 10
4887 10
4888 30
4889 30
4890 30
4891 30
4892 10
4893 10
4894 30
4895 10
4896 25
4897 30
4898 10
4899 10
4900 10
4901 10
4902 30
4903 10
4904 25
4905 10
4906 10
4907 2
4908 180
4909 2
4910 10
4911 153
4912 40
4913 10
4914 10
4915 10
4916 10
4917 97
4918 10
4919 10
4920 10
4921 30
4922 10
4923 25
4924 10
4925 10
4926 30
4927 10
4928 10
4929 10
4930 30
4931 153
4932 153
4933 10
4934 10
4935 10
4936 10
4937 2
4938 10
4939 10
4940 173
4941 2
4942 10
4943 25
4944 30
4945 2
4946 10
4947 98
4948 10
4949 10
4950 10
4951 10
4952 10
4953 10
4954 25
4955 10
4956 10
4957 10
4958 10
4959 25
4960 10
4961 10
4962 153
4963 10
4964 10
4965 25
4966 10
4967 10
4968 10
4969 10
4970 10
4971 10
4972 10
4973 153
4974 25
4975 10
4976 10
4977 10
4978 53
4979 10
4980 10
4981 25
4982 99
4983 10
4984 10
4985 10
4986 153
4987 25
4988 10
4989 10
4990 10
4991 10
4992 25
4993 155
4994 25
4995 30
4996 10
4997 10
4998 10
4999 9
5000 30
5001 30
5002 25
5003 25
5004 100
5005 10
5006 10
5007 10
5008 25
5009 10
5010 10
5011 10
5012 10
5013 9
5014 9
5015 10
5016 155
5017 10
5018 10
5019 2
5020 10
5021 10
5022 156
5023 10
5024 153
5025 153
5026 10
5027 10
5028 10
5029 10
5030 10
5031 180
5032 10
5033 30
5034 160
5035 129
5036 10
5037 25
5038 10
5039 59
5040 10
5041 10
5042 10
5043 30
5044 10
5045 153
5046 9
5047 9
5048 10
5049 101
5050 10
5051 10
5052 9
5053 10
5054 10
5055 10
5056 10
5057 10
5058 10
5059 10
5060 25
5061 10
5062 10
5063 10
5064 10
5065 25
5066 10
5067 153
5068 159
5069 25
5070 10
5071 10
5072 2
5073 10
5074 25
5075 2
5076 10
5077 10
5078 153
5079 10
5080 9
5081 10
5082 10
5083 10
5084 30
5085 2
5086 10
5087 153
5088 30
5089 9
5090 25
5091 25
5092 10
5093 10
5094 30
5095 10
5096 153
5097 9
5098 10
5099 10
5100 111
5101 10
5102 10
5103 2
5104 9
5105 10
5106 10
5107 30
5108 10
5109 10
5110 10
5111 10
5112 10
5113 10
5114 10
5115 153
5116 9
5117 10
5118 102
5119 10
5120 25
5121 10
5122 10
5123 10
5124 10
5125 10
5126 10
5127 30
5128 10
5129 10
5130 9
5131 25
5132 153
5133 10
5134 10
5135 10
5136 10
5137 10
5138 10
5139 153
5140 2
5141 10
5142 176
5143 10
5144 10
5145 10
5146 25
5147 10
5148 10
5149 10
5150 2
5151 10
5152 2
5153 30
5154 30
5155 10
5156 10
5157 179
5158 10
5159 10
5160 103
5161 25
5162 10
5163 10
5164 10
5165 10
5166 153
5167 153
5168 10
5169 10
5170 153
5171 10
5172 9
5173 10
5174 10
5175 25
5176 153
5177 10
5178 153
5179 10
5180 153
5181 9
5182 10
5183 10
5184 10
5185 10
5186 25
5187 10
5188 25
5189 10
5190 9
5191 10
5192 25
5193 10
5194 10
5195 92
5196 25
5197 10
5198 10
5199 10
5200 25
5201 10
5202 10
5203 155
5204 10
5205 10
5206 10
5207 10
5208 10
5209 10
5210 25
5211 10
5212 10
5213 10
5214 153
5215 10
5216 10
5217 155
5218 10
5219 10
5220 10
5221 10
5222 10
5223 153
5224 10
5225 10
5226 10
5227 9
5228 10
5229 153
5230 10
5231 10
5232 2
5233 10
5234 104
5235 10
5236 25
5237 25
5238 25
5239 10
5240 10
5241 10
5242 10
5243 10
5244 10
5245 10
5246 10
5247 10
5248 10
5249 10
5250 153
5251 153
5252 10
5253 10
5254 153
5255 10
5256 2
5257 10
5258 10
5259 2
5260 10
5261 10
5262 10
5263 2
5264 10
5265 10
5266 10
5267 10
5268 25
5269 2
5270 30
5271 153
5272 9
5273 9
5274 9
5275 9
5276 153
5277 9
5278 9
5279 9
5280 10
5281 9
5282 105
5283 9
5284 9
5285 9
5286 9
5287 10
5288 105
5289 9
5290 9
5291 9
5292 10
5293 9
5294 10
5295 9
5296 9
5297 9
5298 9
5299 9
5300 10
5301 2
5302 10
5303 10
5304 10
5305 153
5306 10
5307 10
5308 10
5309 153
5310 9
5311 106
5312 9
5313 153
5314 10
5315 30
5316 2
5317 10
5318 153
5319 9
5320 10
5321 10
5322 30
5323 155
5324 9
5325 9
5326 9
5327 25
5328 10
5329 10
5330 10
5331 9
5332 9
5333 10
5334 10
5335 10
5336 30
5337 25
5338 10
5339 25
5340 10
5341 10
5342 153
5343 9
5344 10
5345 107
5346 108
5347 145
5348 2
5349 10
5350 10
5351 153
5352 10
5353 10
5354 10
5355 9
5356 10
5357 10
5358 10
5359 153
5360 10
5361 153
5362 30
5363 10
5364 30
5365 25
5366 64
5367 25
5368 10
5369 30
5370 10
5371 2
5372 109
5373 10
5374 10
5375 10
5376 10
5377 10
5378 10
5379 10
5380 9
5381 153
5382 10
5383 10
5384 10
5385 2
5386 25
5387 10
5388 25
5389 10
5390 10
5391 10
5392 10
5393 10
5394 10
5395 2
5396 10
5397 25
5398 10
5399 10
5400 10
5401 10
5402 10
5403 10
5404 2
5405 10
5406 9
5407 10
5408 10
5409 9
5410 10
5411 153
5412 2
5413 10
5414 10
5415 10
5416 10
5417 155
5418 10
5419 30
5420 25
5421 10
5422 65
5423 10
5424 10
5425 10
5426 10
5427 10
5428 9
5429 25
5430 25
5431 25
5432 10
5433 10
5434 25
5435 10
5436 10
5437 10
5438 153
5439 10
5440 10
5441 10
5442 10
5443 9
5444 10
5445 10
5446 25
5447 10
5448 25
5449 10
5450 10
5451 25
5452 25
5453 10
5454 10
5455 10
5456 9
5457 10
5458 25
5459 10
5460 10
5461 10
5462 10
5463 25
5464 10
5465 2
5466 10
5467 30
5468 10
5469 10
5470 10
5471 153
5472 10
5473 10
5474 10
5475 10
5476 10
5477 10
5478 10
5479 10
5480 25
5481 10
5482 10
5483 10
5484 10
5485 10
5486 10
5487 10
5488 10
5489 25
5490 10
5491 10
5492 10
5493 10
5494 10
5495 9
5496 10
5497 10
5498 10
5499 153
5500 9
5501 25
5502 10
5503 25
5504 25
5505 25
5506 10
5507 10
5508 10
5509 10
5510 10
5511 10
5512 10
5513 52
5514 2
5515 9
5516 10
5517 10
5518 153
5519 25
5520 25
5521 10
5522 110
5523 25
5524 10
5525 10
5526 10
5527 10
5528 10
5529 25
5530 153
5531 10
5532 10
5533 2
5534 10
5535 153
5536 10
5537 10
5538 10
5539 10
5540 25
5541 10
5542 2
5543 10
5544 25
5545 10
5546 10
5547 10
5548 10
5549 10
5550 30
5551 25
5552 10
5553 10
5554 30
5555 10
5556 10
5557 10
5558 10
5559 9
5560 10
5561 153
5562 10
5563 10
5564 10
5565 10
5566 10
5567 10
5568 155
5569 153
5570 10
5571 10
5572 10
5573 10
5574 10
5575 10
5576 10
5577 10
5578 10
5579 10
5580 25
5581 153
5582 111
5583 10
5584 10
5585 9
5586 10
5587 9
5588 10
5589 10
5590 9
5591 10
5592 10
5593 10
5594 10
5595 10
5596 10
5597 112
5598 112
5599 10
5600 10
5601 10
5602 10
5603 10
5604 25
5605 10
5606 10
5607 10
5608 9
5609 9
5610 10
5611 153
5612 135
5613 2
5614 30
5615 153
5616 10
5617 10
5618 10
5619 113
5620 153
5621 10
5622 10
5623 10
5624 64
5625 25
5626 10
5627 196
5628 10
5629 10
5630 10
5631 10
5632 25
5633 10
5634 25
5635 10
5636 10
5637 10
5638 10
5639 10
5640 10
5641 10
5642 10
5643 2
5644 2
5645 10
5646 10
5647 25
5648 9
5649 10
5650 25
5651 30
5652 10
5653 63
5654 10
5655 63
5656 10
5657 10
5658 25
5659 9
5660 10
5661 153
5662 2
5663 10
5664 10
5665 10
5666 10
5667 30
5668 30
5669 10
5670 25
5671 10
5672 10
5673 10
5674 25
5675 10
5676 10
5677 10
5678 11
5679 10
5680 25
5681 25
5682 17
5683 10
5684 10
5685 25
5686 10
5687 10
5688 30
5689 10
5690 10
5691 10
5692 10
5693 90
5694 10
5695 25
5696 10
5697 10
5698 10
5699 10
5700 25
5701 10
5702 25
5703 10
5704 30
5705 10
5706 10
5707 30
5708 10
5709 10
5710 10
5711 25
5712 9
5713 10
5714 10
5715 9
5716 25
5717 10
5718 10
5719 10
5720 10
5721 10
5722 2
5723 10
5724 10
5725 10
5726 10
5727 25
5728 10
5729 30
5730 25
5731 25
5732 10
5733 10
5734 10
5735 30
5736 10
5737 10
5738 9
5739 153
5740 9
5741 9
5742 10
5743 10
5744 10
5745 10
5746 30
5747 10
5748 2
5749 10
5750 10
5751 10
5752 10
5753 10
5754 10
5755 10
5756 10
5757 10
5758 10
5759 25
5760 10
5761 10
5762 25
5763 10
5764 10
5765 10
5766 10
5767 10
5768 10
5769 114
5770 10
5771 10
5772 10
5773 10
5774 10
5775 10
5776 30
5777 10
5778 10
5779 10
5780 25
5781 30
5782 153
5783 10
5784 97
5785 2
5786 25
5787 10
5788 10
5789 10
5790 153
5791 10
5792 10
5793 10
5794 9
5795 10
5796 10
5797 25
5798 30
5799 153
5800 9
5801 25
5802 10
5803 10
5804 10
5805 25
5806 153
5807 10
5808 10
5809 10
5810 153
5811 25
5812 10
5813 155
5814 10
5815 10
5816 10
5817 155
5818 10
5819 10
5820 115
5821 116
5822 10
5823 10
5824 10
5825 10
5826 9
5827 10
5828 10
5829 153
5830 2
5831 10
5832 2
5833 202
5834 10
5835 10
5836 10
5837 10
5838 10
5839 153
5840 30
5841 153
5842 10
5843 10
5844 176
5845 153
5846 10
5847 10
5848 25
5849 10
5850 10
5851 10
5852 10
5853 9
5854 10
5855 25
5856 10
5857 10
5858 25
5859 10
5860 10
5861 10
5862 9
5863 25
5864 10
5865 25
5866 25
5867 10
5868 2
5869 9
5870 10
5871 10
5872 153
5873 10
5874 10
5875 10
5876 147
5877 2
5878 10
5879 10
5880 10
5881 10
5882 10
5883 10
5884 10
5885 10
5886 25
5887 10
5888 10
5889 153
5890 10
5891 10
5892 10
5893 2
5894 10
5895 10
5896 25
5897 10
5898 30
5899 9
5900 153
5901 10
5902 84
5903 10
5904 10
5905 10
5906 10
5907 10
5908 10
5909 153
5910 10
5911 10
5912 5
5913 98
5914 10
5915 10
5916 10
5917 10
5918 10
5919 25
5920 153
5921 10
5922 9
5923 10
5924 10
5925 10
5926 10
5927 167
5928 153
5929 10
5930 10
5931 25
5932 10
5933 10
5934 10
5935 10
5936 2
5937 25
5938 10
5939 10
5940 10
5941 10
5942 10
5943 117
5944 10
5945 10
5946 10
5947 153
5948 153
5949 10
5950 153
5951 30
5952 10
5953 10
5954 10
5955 57
5956 10
5957 10
5958 153
5959 10
5960 10
5961 10
5962 25
5963 10
5964 30
5965 25
5966 10
5967 9
5968 9
5969 10
5970 9
5971 10
5972 30
5973 10
5974 10
5975 10
5976 10
5977 10
5978 10
5979 10
5980 10
5981 10
5982 25
5983 10
5984 10
5985 10
5986 10
5987 30
5988 153
5989 153
5990 25
5991 9
5992 10
5993 10
5994 10
5995 10
5996 10
5997 10
5998 10
5999 10
6000 10
6001 10
6002 10
6003 9
6004 10
6005 10
6006 2
6007 153
6008 10
6009 10
6010 10
6011 9
6012 9
6013 10
6014 153
6015 153
6016 10
6017 10
6018 10
6019 10
6020 10
6021 25
6022 25
6023 10
6024 179
6025 10
6026 10
6027 9
6028 9
6029 9
6030 25
6031 10
6032 10
6033 2
6034 9
6035 10
6036 10
6037 10
6038 10
6039 10
6040 25
6041 10
6042 10
6043 10
6044 10
6045 10
6046 10
6047 10
6048 25
6049 25
6050 25
6051 10
6052 10
6053 10
6054 10
6055 10
6056 10
6057 10
6058 30
6059 10
6060 2
6061 118
6062 10
6063 10
6064 10
6065 155
6066 10
6067 25
6068 0
6069 10
6070 9
6071 10
6072 10
6073 25
6074 10
6075 10
6076 10
6077 10
6078 9
6079 10
6080 10
6081 10
6082 10
6083 9
6084 10
6085 9
6086 10
6087 10
6088 10
6089 153
6090 10
6091 10
6092 119
6093 10
6094 10
6095 10
6096 30
6097 10
6098 10
6099 10
6100 10
6101 10
6102 10
6103 155
6104 25
6105 10
6106 25
6107 10
6108 153
6109 10
6110 10
6111 10
6112 10
6113 9
6114 9
6115 10
6116 10
6117 10
6118 30
6119 10
6120 10
6121 2
6122 9
6123 10
6124 25
6125 10
6126 2
6127 10
6128 153
6129 10
6130 10
6131 153
6132 10
6133 10
6134 9
6135 10
6136 10
6137 10
6138 10
6139 2
6140 2
6141 10
6142 25
6143 10
6144 10
6145 10
6146 10
6147 10
6148 10
6149 9
6150 10
6151 120
6152 9
6153 25
6154 10
6155 10
6156 30
6157 10
6158 10
6159 25
6160 10
6161 10
6162 25
6163 153
6164 25
6165 2
6166 56
6167 10
6168 10
6169 2
6170 48
6171 10
6172 10
6173 10
6174 153
6175 153
6176 25
6177 10
6178 30
6179 10
6180 10
6181 10
6182 10
6183 25
6184 10
6185 10
6186 10
6187 153
6188 9
6189 10
6190 10
6191 25
6192 121
6193 10
6194 122
6195 10
6196 10
6197 10
6198 10
6199 10
6200 10
6201 10
6202 10
6203 25
6204 10
6205 10
6206 10
6207 25
6208 10
6209 10
6210 153
6211 10
6212 10
6213 10
6214 123
6215 25
6216 10
6217 10
6218 153
6219 10
6220 30
6221 10
6222 10
6223 10
6224 10
6225 10
6226 10
6227 10
6228 10
6229 155
6230 10
6231 10
6232 155
6233 153
6234 10
6235 153
6236 10
6237 155
6238 10
6239 10
6240 25
6241 153
6242 10
6243 10
6244 10
6245 10
6246 10
6247 10
6248 25
6249 10
6250 10
6251 10
6252 25
6253 10
6254 10
6255 10
6256 10
6257 10
6258 124
6259 20
6260 153
6261 153
6262 10
6263 10
6264 25
6265 125
6266 10
6267 10
6268 126
6269 2
6270 10
6271 9
6272 25
6273 10
6274 127
6275 10
6276 10
6277 10
6278 10
6279 10
6280 30
6281 10
6282 10
6283 10
6284 10
6285 153
6286 10
6287 9
6288 10
6289 10
6290 10
6291 10
6292 10
6293 10
6294 153
6295 10
6296 9
6297 127
6298 10
6299 10
6300 10
6301 10
6302 10
6303 10
6304 25
6305 173
6306 10
6307 10
6308 10
6309 25
6310 10
6311 25
6312 10
6313 10
6314 10
6315 10
6316 10
6317 25
6318 9
6319 153
6320 64
6321 9
6322 10
6323 10
6324 10
6325 10
6326 25
6327 10
6328 10
6329 153
6330 10
6331 153
6332 10
6333 10
6334 153
6335 10
6336 30
6337 128
6338 10
6339 10
6340 129
6341 2
6342 10
6343 10
6344 10
6345 10
6346 153
6347 10
6348 10
6349 10
6350 10
6351 155
6352 9
6353 155
6354 2
6355 25
6356 10
6357 10
6358 10
6359 10
6360 10
6361 130
6362 130
6363 25
6364 10
6365 10
6366 10
6367 9
6368 10
6369 10
6370 10
6371 153
6372 10
6373 10
6374 153
6375 10
6376 10
6377 10
6378 10
6379 10
6380 9
6381 153
6382 10
6383 10
6384 10
6385 10
6386 10
6387 25
6388 10
6389 10
6390 10
6391 9
6392 48
6393 10
6394 25
6395 10
6396 9
6397 10
6398 10
6399 10
6400 10
6401 10
6402 10
6403 25
6404 153
6405 25
6406 10
6407 10
6408 10
6409 10
6410 10
6411 9
6412 10
6413 10
6414 10
6415 10
6416 9
6417 10
6418 180
6419 176
6420 10
6421 10
6422 10
6423 10
6424 31
6425 10
6426 10
6427 25
6428 10
6429 10
6430 10
6431 10
6432 10
6433 9
6434 30
6435 9
6436 10
6437 10
6438 10
6439 10
6440 10
6441 10
6442 10
6443 10
6444 10
6445 131
6446 30
6447 9
6448 25
6449 25
6450 10
6451 10
6452 30
6453 2
6454 10
6455 10
6456 25
6457 10
6458 10
6459 153
6460 25
6461 25
6462 9
6463 9
6464 9
6465 9
6466 10
6467 10
6468 10
6469 10
6470 10
6471 10
6472 10
6473 30
6474 10
6475 10
6476 10
6477 155
6478 10
6479 132
6480 10
6481 10
6482 2
6483 153
6484 10
6485 10
6486 10
6487 10
6488 2
6489 10
6490 10
6491 2
6492 10
6493 10
6494 10
6495 10
6496 25
6497 2
6498 10
6499 25
6500 10
6501 153
6502 9
6503 25
6504 10
6505 9
6506 10
6507 10
6508 10
6509 2
6510 64
6511 10
6512 10
6513 10
6514 10
6515 25
6516 10
6517 10
6518 10
6519 9
6520 10
6521 30
6522 25
6523 155
6524 10
6525 10
6526 10
6527 10
6528 10
6529 25
6530 10
6531 25
6532 10
6533 9
6534 10
6535 153
6536 9
6537 10
6538 10
6539 10
6540 9
6541 9
6542 25
6543 9
6544 9
6545 25
6546 9
6547 10
6548 10
6549 10
6550 10
6551 10
6552 9
6553 10
6554 10
6555 10
6556 25
6557 10
6558 9
6559 10
6560 10
6561 153
6562 10
6563 10
6564 10
6565 10
6566 10
6567 10
6568 10
6569 10
6570 25
6571 10
6572 10
6573 25
6574 10
6575 10
6576 10
6577 10
6578 10
6579 10
6580 10
6581 10
6582 10
6583 10
6584 10
6585 30
6586 10
6587 10
6588 10
6589 10
6590 10
6591 10
6592 10
6593 10
6594 10
6595 25
6596 25
6597 153
6598 10
6599 10
6600 10
6601 10
6602 10
6603 30
6604 10
6605 10
6606 10
6607 10
6608 153
6609 10
6610 10
6611 10
6612 10
6613 10
6614 10
6615 10
6616 10
6617 10
6618 10
6619 10
6620 25
6621 10
6622 25
6623 10
6624 10
6625 9
6626 9
6627 2
6628 133
6629 9
6630 153
6631 9
6632 10
6633 9
6634 10
6635 2
6636 10
6637 10
6638 10
6639 10
6640 30
6641 10
6642 25
6643 10
6644 10
6645 153
6646 10
6647 10
6648 9
6649 9
6650 9
6651 10
6652 153
6653 25
6654 10
6655 9
6656 9
6657 10
6658 10
6659 10
6660 10
6661 21
6662 61
6663 10
6664 2
6665 153
6666 9
6667 30
6668 10
6669 9
6670 10
6671 10
6672 25
6673 10
6674 10
6675 10
6676 10
6677 10
6678 10
6679 10
6680 10
6681 9
6682 10
6683 10
6684 25
6685 25
6686 10
6687 153
6688 9
6689 9
6690 9
6691 9
6692 25
6693 9
6694 9
6695 9
6696 9
6697 10
6698 9
6699 9
6700 10
6701 10
6702 10
6703 10
6704 10
6705 10
6706 25
6707 10
6708 25
6709 10
6710 10
6711 179
6712 10
6713 10
6714 25
6715 2
6716 10
6717 9
6718 10
6719 25
6720 10
6721 9
6722 10
6723 10
6724 10
6725 25
6726 10
6727 10
6728 155
6729 9
6730 25
6731 10
6732 10
6733 25
6734 153
6735 10
6736 168
6737 10
6738 153
6739 155
6740 156
6741 153
6742 9
6743 134
6744 10
6745 30
6746 10
6747 115
6748 10
6749 2
6750 10
6751 10
6752 10
6753 10
6754 10
6755 30
6756 10
6757 10
6758 10
6759 155
6760 10
6761 30
6762 10
6763 153
6764 30
6765 10
6766 10
6767 10
6768 25
6769 10
6770 9
6771 10
6772 10
6773 10
6774 10
6775 135
6776 10
6777 10
6778 10
6779 25
6780 10
6781 10
6782 10
6783 9
6784 10
6785 151
6786 25
6787 10
6788 10
6789 10
6790 10
6791 10
6792 153
6793 10
6794 10
6795 10
6796 10
6797 10
6798 10
6799 30
6800 10
6801 25
6802 25
6803 10
6804 153
6805 10
6806 10
6807 10
6808 10
6809 2
6810 10
6811 153
6812 10
6813 10
6814 25
6815 9
6816 10
6817 153
6818 10
6819 10
6820 10
6821 10
6822 2
6823 10
6824 10
6825 10
6826 25
6827 10
6828 10
6829 10
6830 10
6831 10
6832 2
6833 10
6834 10
6835 25
6836 153
6837 10
6838 10
6839 9
6840 25
6841 9
6842 10
6843 10
6844 10
6845 25
6846 10
6847 10
6848 10
6849 10
6850 153
6851 30
6852 2
6853 10
6854 30
6855 25
6856 10
6857 10
6858 10
6859 153
6860 10
6861 10
6862 2
6863 10
6864 10
6865 153
6866 10
6867 10
6868 10
6869 10
6870 10
6871 10
6872 136
6873 10
6874 10
6875 10
6876 10
6877 10
6878 2
6879 10
6880 30
6881 10
6882 10
6883 9
6884 10
6885 2
6886 25
6887 25
6888 25
6889 25
6890 10
6891 9
6892 30
6893 10
6894 10
6895 10
6896 10
6897 153
6898 29
6899 9
6900 2
6901 10
6902 25
6903 25
6904 10
6905 10
6906 10
6907 10
6908 10
6909 10
6910 10
6911 10
6912 10
6913 10
6914 10
6915 25
6916 9
6917 10
6918 25
6919 9
6920 25
6921 10
6922 9
6923 10
6924 10
6925 10
6926 10
6927 137
6928 9
6929 155
6930 10
6931 10
6932 25
6933 10
6934 10
6935 10
6936 10
6937 153
6938 10
6939 10
6940 10
6941 10
6942 10
6943 10
6944 10
6945 30
6946 30
6947 153
6948 25
6949 10
6950 10
6951 10
6952 10
6953 10
6954 25
6955 10
6956 10
6957 9
6958 25
6959 25
6960 10
6961 10
6962 10
6963 10
6964 9
6965 10
6966 25
6967 30
6968 25
6969 25
6970 10
6971 10
6972 10
6973 10
6974 9
6975 9
6976 9
6977 10
6978 9
6979 25
6980 9
6981 9
6982 9
6983 9
6984 9
6985 9
6986 9
6987 10
6988 153
6989 10
6990 25
6991 153
6992 10
6993 153
6994 10
6995 10
6996 2
6997 153
6998 10
6999 10
7000 10
7001 10
7002 30
7003 67
7004 10
7005 10
7006 10
7007 10
7008 10
7009 25
7010 25
7011 10
7012 10
7013 9
7014 10
7015 25
7016 10
7017 115
7018 153
7019 10
7020 10
7021 10
7022 9
7023 10
7024 153
7025 10
7026 10
7027 10
7028 30
7029 10
7030 10
7031 10
7032 10
7033 30
7034 10
7035 10
7036 10
7037 10
7038 10
7039 153
7040 10
7041 10
7042 10
7043 10
7044 10
7045 153
7046 10
7047 25
7048 10
7049 153
7050 30
7051 25
7052 25
7053 10
7054 10
7055 10
7056 10
7057 74
7058 10
7059 10
7060 9
7061 10
7062 153
7063 10
7064 10
7065 10
7066 25
7067 25
7068 30
7069 25
7070 10
7071 10
7072 10
7073 10
7074 10
7075 10
7076 10
7077 25
7078 10
7079 10
7080 25
7081 10
7082 10
7083 10
7084 153
7085 10
7086 10
7087 10
7088 2
7089 25
7090 10
7091 10
7092 25
7093 10
7094 10
7095 25
7096 25
7097 30
7098 10
7099 153
7100 10
7101 10
7102 10
7103 9
7104 9
7105 9
7106 9
7107 10
7108 10
7109 10
7110 10
7111 10
7112 25
7113 10
7114 10
7115 10
7116 10
7117 9
7118 9
7119 9
7120 10
7121 25
7122 10
7123 10
7124 10
7125 25
7126 10
7127 10
7128 10
7129 10
7130 10
7131 10
7132 155
7133 10
7134 10
7135 30
7136 30
7137 155
7138 155
7139 178
7140 25
7141 153
7142 133
7143 10
7144 9
7145 10
7146 10
7147 10
7148 10
7149 10
7150 10
7151 10
7152 10
7153 30
7154 10
7155 10
7156 153
7157 25
7158 124
7159 10
7160 153
7161 10
7162 153
7163 9
7164 138
7165 9
7166 9
7167 9
7168 9
7169 10
7170 10
7171 10
7172 10
7173 10
7174 153
7175 10
7176 10
7177 153
7178 155
7179 10
7180 63
7181 25
7182 10
7183 10
7184 10
7185 10
7186 10
7187 153
7188 10
7189 10
7190 10
7191 155
7192 10
7193 10
7194 10
7195 10
7196 10
7197 10
7198 87
7199 25
7200 10
7201 9
7202 9
7203 10
7204 25
7205 10
7206 139
7207 9
7208 10
7209 10
7210 10
7211 25
7212 10
7213 10
7214 30
7215 10
7216 10
7217 153
7218 30
7219 30
7220 25
7221 60
7222 10
7223 10
7224 10
7225 10
7226 10
7227 10
7228 10
7229 10
7230 10
7231 10
7232 10
7233 10
7234 153
7235 10
7236 153
7237 2
7238 10
7239 10
7240 10
7241 10
7242 10
7243 2
7244 10
7245 10
7246 10
7247 10
7248 10
7249 10
7250 10
7251 10
7252 10
7253 10
7254 10
7255 25
7256 153
7257 10
7258 30
7259 10
7260 10
7261 10
7262 25
7263 10
7264 10
7265 10
7266 10
7267 10
7268 10
7269 10
7270 10
7271 10
7272 10
7273 10
7274 140
7275 30
7276 30
7277 10
7278 153
7279 9
7280 10
7281 25
7282 10
7283 10
7284 10
7285 10
7286 10
7287 10
7288 10
7289 10
7290 30
7291 10
7292 10
7293 153
7294 2
7295 10
7296 10
7297 9
7298 10
7299 30
7300 10
7301 10
7302 10
7303 10
7304 10
7305 10
7306 10
7307 10
7308 153
7309 9
7310 10
7311 10
7312 10
7313 155
7314 10
7315 10
7316 10
7317 10
7318 153
7319 10
7320 2
7321 10
7322 2
7323 10
7324 10
7325 10
7326 10
7327 10
7328 10
7329 2
7330 25
7331 9
7332 10
7333 10
7334 2
7335 141
7336 10
7337 10
7338 153
7339 25
7340 10
7341 25
7342 10
7343 10
7344 10
7345 165
7346 10
7347 153
7348 10
7349 30
7350 10
7351 10
7352 153
7353 9
7354 10
7355 9
7356 25
7357 10
7358 153
7359 10
7360 9
7361 10
7362 10
7363 10
7364 10
7365 10
7366 10
7367 2
7368 10
7369 10
7370 25
7371 2
7372 9
7373 9
7374 9
7375 10
7376 25
7377 10
7378 9
7379 153
7380 10
7381 2
7382 10
7383 10
7384 10
7385 9
7386 9
7387 9
7388 25
7389 10
7390 9
7391 153
7392 10
7393 10
7394 142
7395 10
7396 10
7397 25
7398 70
7399 10
7400 10
7401 10
7402 10
7403 10
7404 10
7405 153
7406 9
7407 10
7408 9
7409 9
7410 9
7411 9
7412 10
7413 10
7414 30
7415 9
7416 10
7417 9
7418 25
7419 10
7420 10
7421 10
7422 9
7423 9
7424 10
7425 10
7426 9
7427 9
7428 9
7429 10
7430 9
7431 2
7432 10
7433 10
7434 10
7435 10
7436 10
7437 25
7438 10
7439 25
7440 10
7441 10
7442 9
7443 10
7444 173
7445 73
7446 10
7447 25
7448 10
7449 10
7450 10
7451 10
7452 9
7453 9
7454 25
7455 10
7456 9
7457 9
7458 9
7459 10
7460 25
7461 10
7462 153
7463 153
7464 10
7465 10
7466 10
7467 9
7468 10
7469 10
7470 10
7471 10
7472 9
7473 10
7474 10
7475 10
7476 9
7477 10
7478 10
7479 10
7480 10
7481 155
7482 10
7483 153
7484 2
7485 10
7486 25
7487 10
7488 9
7489 2
7490 10
7491 2
7492 25
7493 153
7494 10
7495 155
7496 9
7497 10
7498 10
7499 153
7500 9
7501 10
7502 10
7503 9
7504 9
7505 9
7506 9
7507 9
7508 9
7509 9
7510 9
7511 9
7512 9
7513 9
7514 9
7515 9
7516 153
7517 10
7518 10
7519 9
7520 10
7521 10
7522 153
7523 9
7524 9
7525 25
7526 10
7527 10
7528 10
7529 10
7530 25
7531 10
7532 10
7533 153
7534 153
7535 10
7536 10
7537 10
7538 10
7539 9
7540 9
7541 9
7542 9
7543 9
7544 9
7545 9
7546 10
7547 10
7548 25
7549 153
7550 2
7551 27
7552 25
7553 10
7554 153
7555 10
7556 10
7557 30
7558 10
7559 10
7560 9
7561 153
7562 10
7563 10
7564 9
7565 153
7566 10
7567 10
7568 9
7569 9
7570 9
7571 153
7572 9
7573 30
7574 155
7575 10
7576 9
7577 9
7578 10
7579 9
7580 10
7581 10
7582 10
7583 10
7584 154
7585 10
7586 10
7587 10
7588 10
7589 25
7590 10
7591 9
7592 10
7593 10
7594 10
7595 10
7596 10
7597 10
7598 30
7599 9
7600 10
7601 25
7602 10
7603 10
7604 153
7605 25
7606 25
7607 10
7608 10
7609 161
7610 10
7611 25
7612 9
7613 25
7614 10
7615 10
7616 10
7617 2
7618 9
7619 10
7620 30
7621 10
7622 30
7623 10
7624 10
7625 153
7626 10
7627 10
7628 10
7629 10
7630 10
7631 10
7632 25
7633 153
7634 10
7635 10
7636 10
7637 10
7638 156
7639 25
7640 10
7641 10
7642 10
7643 10
7644 10
7645 10
7646 10
7647 10
7648 10
7649 25
7650 10
7651 153
7652 10
7653 10
7654 10
7655 30
7656 10
7657 10
7658 10
7659 10
7660 153
7661 153
7662 10
7663 10
7664 10
7665 10
7666 10
7667 10
7668 10
7669 25
7670 10
7671 9
7672 10
7673 25
7674 10
7675 10
7676 10
7677 10
7678 10
7679 25
7680 9
7681 10
7682 10
7683 10
7684 25
7685 10
7686 10
7687 10
7688 25
7689 10
7690 9
7691 10
7692 153
7693 10
7694 10
7695 30
7696 25
7697 153
7698 153
7699 10
7700 10
7701 153
7702 10
7703 10
7704 10
7705 10
7706 10
7707 10
7708 10
7709 10
7710 155
7711 10
7712 10
7713 10
7714 10
7715 10
7716 10
7717 10
7718 10
7719 153
7720 153
7721 10
7722 10
7723 10
7724 10
7725 25
7726 9
7727 25
7728 153
7729 2
7730 10
7731 2
7732 2
7733 10
7734 10
7735 9
7736 10
7737 10
7738 10
7739 10
7740 25
7741 10
7742 10
7743 25
7744 25
7745 10
7746 10
7747 10
7748 153
7749 10
7750 25
7751 30
7752 10
7753 39
7754 9
7755 10
7756 10
7757 10
7758 30
7759 10
7760 9
7761 10
7762 9
7763 10
7764 10
7765 153
7766 9
7767 10
7768 10
7769 9
7770 9
7771 143
7772 10
7773 9
7774 2
7775 10
7776 10
7777 10
7778 10
7779 10
7780 10
7781 59
7782 10
7783 10
7784 10
7785 10
7786 25
7787 10
7788 10
7789 10
7790 10
7791 10
7792 9
7793 153
7794 10
7795 10
7796 10
7797 10
7798 10
7799 151
7800 10
7801 10
7802 10
7803 2
7804 30
7805 10
7806 10
7807 10
7808 10
7809 30
7810 10
7811 9
7812 25
7813 9
7814 30
7815 10
7816 10
7817 10
7818 25
7819 30
7820 10
7821 10
7822 25
7823 30
7824 10
7825 10
7826 9
7827 10
7828 10
7829 9
7830 10
7831 25
7832 153
7833 10
7834 10
7835 10
7836 25
7837 10
7838 10
7839 9
7840 10
7841 10
7842 10
7843 10
7844 10
7845 30
7846 10
7847 10
7848 10
7849 10
7850 10
7851 10
7852 10
7853 10
7854 10
7855 200
7856 30
7857 10
7858 10
7859 10
7860 9
7861 10
7862 9
7863 10
7864 25
7865 25
7866 25
7867 9
7868 153
7869 10
7870 10
7871 10
7872 10
7873 25
7874 10
7875 10
7876 10
7877 10
7878 10
7879 153
7880 10
7881 9
7882 30
7883 25
7884 25
7885 10
7886 10
7887 30
7888 10
7889 153
7890 153
7891 10
7892 25
7893 2
7894 10
7895 10
7896 10
7897 10
7898 10
7899 174
7900 10
7901 9
7902 10
7903 10
7904 10
7905 10
7906 10
7907 10
7908 30
7909 10
7910 10
7911 9
7912 9
7913 10
7914 153
7915 25
7916 25
7917 9
7918 9
7919 140
7920 153
7921 10
7922 10
7923 125
7924 9
7925 30
7926 10
7927 10
7928 10
7929 10
7930 10
7931 25
7932 9
7933 25
7934 10
7935 25
7936 10
7937 10
7938 10
7939 25
7940 25
7941 9
7942 153
7943 9
7944 10
7945 9
7946 9
7947 9
7948 9
7949 106
7950 10
7951 25
7952 10
7953 10
7954 59
7955 10
7956 10
7957 10
7958 153
7959 2
7960 10
7961 10
7962 10
7963 155
7964 10
7965 10
7966 25
7967 10
7968 10
7969 9
7970 10
7971 25
7972 9
7973 10
7974 9
7975 9
7976 9
7977 9
7978 9
7979 10
7980 9
7981 9
7982 9
7983 10
7984 9
7985 10
7986 153
7987 62
7988 25
7989 10
7990 30
7991 198
7992 10
7993 9
7994 10
7995 10
7996 9
7997 30
7998 10
7999 9
8000 25
8001 10
8002 25
8003 10
8004 9
8005 10
8006 10
8007 10
8008 9
8009 2
8010 2
8011 10
8012 10
8013 10
8014 25
8015 25
8016 9
8017 25
8018 25
8019 178
8020 10
8021 10
8022 10
8023 10
8024 10
8025 25
8026 144
8027 30
8028 10
8029 10
8030 10
8031 30
8032 10
8033 153
8034 25
8035 10
8036 10
8037 10
8038 10
8039 77
8040 10
8041 153
8042 9
8043 45
8044 10
8045 10
8046 10
8047 153
8048 25
8049 10
8050 10
8051 10
8052 153
8053 10
8054 160
8055 30
8056 155
8057 25
8058 9
8059 25
8060 153
8061 9
8062 10
8063 10
8064 10
8065 10
8066 10
8067 10
8068 9
8069 153
8070 10
8071 10
8072 2
8073 10
8074 25
8075 9
8076 9
8077 25
8078 10
8079 10
8080 10
8081 10
8082 9
8083 10
8084 10
8085 10
8086 10
8087 10
8088 25
8089 9
8090 9
8091 153
8092 10
8093 9
8094 30
8095 153
8096 9
8097 9
8098 10
8099 10
8100 145
8101 9
8102 10
8103 9
8104 9
8105 10
8106 10
8107 9
8108 10
8109 153
8110 10
8111 10
8112 156
8113 10
8114 10
8115 9
8116 10
8117 10
8118 10
8119 30
8120 9
8121 9
8122 9
8123 9
8124 178
8125 10
8126 153
8127 10
8128 9
8129 9
8130 9
8131 25
8132 9
8133 10
8134 9
8135 9
8136 9
8137 9
8138 9
8139 10
8140 9
8141 9
8142 10
8143 9
8144 153
8145 25
8146 9
8147 9
8148 9
8149 9
8150 9
8151 9
8152 9
8153 10
8154 10
8155 10
8156 25
8157 10
8158 10
8159 9
8160 10
8161 30
8162 9
8163 10
8164 9
8165 25
8166 25
8167 10
8168 30
8169 10
8170 25
8171 10
8172 2
8173 146
8174 10
8175 10
8176 25
8177 10
8178 10
8179 10
8180 10
8181 10
8182 153
8183 155
8184 10
8185 9
8186 10
8187 10
8188 30
8189 10
8190 10
8191 10
8192 10
8193 10
8194 10
8195 25
8196 10
8197 10
8198 10
8199 10
8200 2
8201 10
8202 10
8203 10
8204 9
8205 153
8206 10
8207 10
8208 10
8209 10
8210 147
8211 10
8212 10
8213 10
8214 153
8215 10
8216 10
8217 10
8218 10
8219 10
8220 10
8221 10
8222 10
8223 25
8224 10
8225 10
8226 10
8227 25
8228 10
8229 10
8230 10
8231 25
8232 9
8233 10
8234 153
8235 10
8236 171
8237 10
8238 10
8239 10
8240 25
8241 25
8242 30
8243 10
8244 25
8245 10
8246 10
8247 9
8248 10
8249 153
8250 30
8251 30
8252 25
8253 10
8254 153
8255 10
8256 10
8257 10
8258 10
8259 10
8260 30
8261 10
8262 10
8263 25
8264 10
8265 10
8266 30
8267 153
8268 10
8269 10
8270 10
8271 25
8272 9
8273 153
8274 107
8275 10
8276 9
8277 152
8278 153
8279 25
8280 30
8281 10
8282 9
8283 10
8284 10
8285 10
8286 9
8287 10
8288 25
8289 10
8290 10
8291 2
8292 153
8293 9
8294 10
8295 153
8296 153
8297 10
8298 9
8299 10
8300 10
8301 25
8302 9
8303 10
8304 153
8305 155
8306 145
8307 10
8308 25
8309 10
8310 30
8311 30
8312 30
8313 25
8314 153
8315 10
8316 10
8317 148
8318 153
8319 153
8320 9
8321 10
8322 30
8323 10
8324 10
8325 2
8326 25
8327 30
8328 9
8329 9
8330 10
8331 30
8332 10
8333 9
8334 10
8335 10
8336 9
8337 153
8338 10
8339 10
8340 9
8341 10
8342 10
8343 2
8344 10
8345 10
8346 10
8347 10
8348 2
8349 10
8350 10
8351 10
8352 30
8353 9
8354 25
8355 10
8356 9
8357 10
8358 10
8359 153
8360 9
8361 10
8362 10
8363 10
8364 10
8365 10
8366 10
8367 10
8368 9
8369 10
8370 25
8371 10
8372 2
8373 10
8374 10
8375 10
8376 10
8377 25
8378 9
8379 10
8380 9
8381 10
8382 10
8383 10
8384 10
8385 10
8386 25
8387 9
8388 153
8389 10
8390 149
8391 153
8392 150
8393 10
8394 10
8395 10
8396 10
8397 10
8398 2
8399 33
8400 10
8401 10
8402 10
8403 10
8404 2
8405 166
8406 10
8407 10
8408 9
8409 10
8410 153
8411 10
8412 153
8413 155
8414 10
8415 10
8416 9
8417 10
8418 9
8419 9
8420 9
8421 9
8422 9
8423 9
8424 10
8425 9
8426 10
8427 10
8428 10
8429 10
8430 10
8431 153
8432 10
8433 10
8434 2
8435 109
8436 153
8437 10
8438 10
8439 10
8440 2
8441 2
8442 10
8443 30
8444 10
8445 25
8446 10
8447 9
8448 10
8449 155
8450 26
8451 10
8452 10
8453 10
8454 25
8455 153
8456 10
8457 10
8458 10
8459 81
8460 10
8461 10
8462 13
8463 10
8464 10
8465 10
8466 25
8467 10
8468 153
8469 153
8470 10
8471 2
8472 2
8473 120
8474 10
8475 153
8476 10
8477 9
8478 10
8479 10
8480 10
8481 10
8482 151
8483 10
8484 9
8485 10
8486 10
8487 10
8488 10
8489 152
8490 155
8491 10
8492 25
8493 153
8494 30
8495 10
8496 30
8497 10
8498 10
8499 10
8500 30
8501 10
8502 10
8503 30
8504 25
8505 10
8506 153
8507 9
8508 10
8509 10
8510 10
8511 10
8512 30
8513 10
8514 10
8515 30
8516 30
8517 153
8518 10
8519 10
8520 2
8521 25
8522 10
8523 10
8524 10
8525 10
8526 30
8527 30
8528 9
8529 9
8530 10
8531 9
8532 9
8533 9
8534 153
8535 25
8536 10
8537 10
8538 10
8539 10
8540 9
8541 10
8542 10
8543 25
8544 10
8545 10
8546 30
8547 10
8548 178
8549 10
8550 109
8551 153
8552 9
8553 9
8554 9
8555 9
8556 30
8557 10
8558 10
8559 10
8560 10
8561 10
8562 10
8563 10
8564 10
8565 10
8566 10
8567 10
8568 10
8569 10
8570 25
8571 25
8572 25
8573 10
8574 10
8575 25
8576 10
8577 10
8578 30
8579 10
8580 10
8581 153
8582 9
8583 9
8584 30
8585 9
8586 9
8587 25
8588 9
8589 10
8590 9
8591 9
8592 153
8593 153
8594 9
8595 9
8596 30
8597 25
8598 153
8599 10
8600 25
8601 10
8602 153
8603 25
8604 2
8605 153
8606 153
8607 10
8608 10
8609 10
8610 153
8611 10
8612 153
8613 9
8614 30
8615 10
8616 10
8617 141
8618 10
8619 10
8620 153
8621 153
8622 10
8623 10
8624 9
8625 9
8626 10
8627 10
8628 9
8629 30
8630 153
8631 10
8632 10
8633 10
8634 10
8635 10
8636 9
8637 10
8638 153
8639 30
8640 10
8641 10
8642 10
8643 10
8644 10
8645 10
8646 10
8647 10
8648 2
8649 9
8650 153
8651 30
8652 170
8653 10
8654 10
8655 10
8656 10
8657 10
8658 25
8659 158
8660 25
8661 10
8662 10
8663 10
8664 10
8665 10
8666 153
8667 10
8668 10
8669 10
8670 88
8671 10
8672 10
8673 10
8674 10
8675 10
8676 10
8677 10
8678 10
8679 10
8680 10
8681 153
8682 10
8683 10
8684 10
8685 10
8686 153
8687 2
8688 10
8689 10
8690 10
8691 10
8692 10
8693 9
8694 10
8695 10
8696 10
8697 10
8698 10
8699 10
8700 30
8701 10
8702 10
8703 2
8704 134
8705 10
8706 10
8707 10
8708 25
8709 10
8710 30
8711 10
8712 10
8713 30
8714 153
8715 25
8716 2
8717 10
8718 154
8719 9
8720 10
8721 153
8722 10
8723 10
8724 9
8725 9
8726 30
8727 10
8728 10
8729 9
8730 10
8731 10
8732 10
8733 10
8734 10
8735 9
8736 9
8737 9
8738 9
8739 150
8740 30
8741 10
8742 10
8743 25
8744 10
8745 9
8746 10
8747 10
8748 155
8749 25
8750 2
8751 10
8752 156
8753 9
8754 9
8755 10
8756 10
8757 2
8758 25
8759 9
8760 9
8761 9
8762 80
8763 10
8764 10
8765 10
8766 153
8767 10
8768 10
8769 10
8770 9
8771 153
8772 10
8773 10
8774 10
8775 153
8776 10
8777 10
8778 10
8779 10
8780 10
8781 10
8782 30
8783 166
8784 10
8785 153
8786 25
8787 30
8788 153
8789 153
8790 153
8791 25
8792 155
8793 153
8794 30
8795 2
8796 9
8797 10
8798 28
8799 25
8800 10
8801 153
8802 25
8803 10
8804 10
8805 10
8806 10
8807 153
8808 10
8809 10
8810 30
8811 10
8812 124
8813 10
8814 124
8815 10
8816 10
8817 10
8818 25
8819 10
8820 10
8821 153
8822 30
8823 10
8824 30
8825 116
8826 157
8827 10
8828 10
8829 2
8830 30
8831 10
8832 30
8833 10
8834 25
8835 10
8836 10
8837 10
8838 25
8839 126
8840 10
8841 10
8842 10
8843 10
8844 153
8845 153
8846 158
8847 155
8848 10
8849 10
8850 10
8851 171
8852 10
8853 10
8854 10
8855 10
8856 10
8857 10
8858 10
8859 10
8860 9
8861 10
8862 155
8863 10
8864 153
8865 155
8866 10
8867 10
8868 25
8869 10
8870 10
8871 10
8872 10
8873 32
8874 30
8875 100
8876 89
8877 10
8878 10
8879 25
8880 30
8881 60
8882 2
8883 10
8884 10
8885 10
8886 10
8887 171
8888 9
8889 9
8890 153
8891 153
8892 153
8893 9
8894 9
8895 10
8896 10
8897 9
8898 4
8899 10
8900 10
8901 153
8902 10
8903 10
8904 153
8905 158
8906 25
8907 10
8908 10
8909 155
8910 10
8911 10
8912 10
8913 10
8914 10
8915 10
8916 10
8917 10
8918 10
8919 153
8920 10
8921 10
8922 10
8923 25
8924 10
8925 10
8926 10
8927 153
8928 10
8929 10
8930 10
8931 10
8932 10
8933 10
8934 10
8935 10
8936 9
8937 25
8938 153
8939 25
8940 10
8941 10
8942 25
8943 9
8944 10
8945 30
8946 10
8947 10
8948 10
8949 153
8950 10
8951 10
8952 10
8953 10
8954 30
8955 10
8956 9
8957 10
8958 10
8959 10
8960 10
8961 10
8962 25
8963 10
8964 25
8965 10
8966 10
8967 153
8968 9
8969 23
8970 9
8971 10
8972 10
8973 9
8974 10
8975 9
8976 10
8977 30
8978 10
8979 25
8980 9
8981 9
8982 9
8983 10
8984 10
8985 10
8986 10
8987 30
8988 2
8989 10
8990 10
8991 10
8992 10
8993 10
8994 10
8995 10
8996 10
8997 9
8998 9
8999 10
9000 25
9001 9
9002 9
9003 10
9004 9
9005 171
9006 30
9007 159
9008 10
9009 10
9010 9
9011 25
9012 10
9013 9
9014 2
9015 10
9016 25
9017 2
9018 10
9019 153
9020 10
9021 10
9022 10
9023 10
9024 10
9025 10
9026 25
9027 10
9028 10
9029 25
9030 10
9031 176
9032 10
9033 10
9034 10
9035 25
9036 10
9037 10
9038 10
9039 2
9040 10
9041 10
9042 10
9043 10
9044 10
9045 10
9046 25
9047 10
9048 10
9049 10
9050 30
9051 25
9052 10
9053 10
9054 10
9055 25
9056 10
9057 10
9058 10
9059 10
9060 153
9061 2
9062 30
9063 10
9064 25
9065 10
9066 10
9067 9
9068 10
9069 2
9070 10
9071 10
9072 9
9073 10
9074 10
9075 9
9076 10
9077 10
9078 10
9079 9
9080 9
9081 10
9082 10
9083 9
9084 10
9085 10
9086 10
9087 9
9088 153
9089 153
9090 2
9091 25
9092 10
9093 10
9094 25
9095 30
9096 9
9097 10
9098 10
9099 10
9100 10
9101 155
9102 25
9103 10
9104 30
9105 10
9106 10
9107 30
9108 10
9109 25
9110 10
9111 153
9112 153
9113 124
9114 10
9115 10
9116 30
9117 10
9118 160
9119 155
9120 10
9121 10
9122 10
9123 10
9124 10
9125 30
9126 10
9127 10
9128 30
9129 10
9130 10
9131 10
9132 30
9133 2
9134 10
9135 161
9136 10
9137 10
9138 161
9139 10
9140 10
9141 155
9142 10
9143 10
9144 10
9145 25
9146 30
9147 10
9148 10
9149 10
9150 155
9151 10
9152 10
9153 10
9154 10
9155 10
9156 153
9157 10
9158 155
9159 10
9160 10
9161 25
9162 10
9163 10
9164 10
9165 10
9166 10
9167 30
9168 10
9169 10
9170 10
9171 10
9172 10
9173 2
9174 10
9175 10
9176 30
9177 10
9178 10
9179 153
9180 25
9181 10
9182 10
9183 10
9184 131
9185 10
9186 25
9187 10
9188 25
9189 10
9190 30
9191 10
9192 10
9193 10
9194 10
9195 10
9196 153
9197 25
9198 30
9199 10
9200 10
9201 153
9202 10
9203 10
9204 10
9205 10
9206 10
9207 2
9208 2
9209 10
9210 10
9211 10
9212 25
9213 10
9214 10
9215 10
9216 10
9217 2
9218 10
9219 10
9220 10
9221 25
9222 10
9223 10
9224 30
9225 10
9226 30
9227 163
9228 153
9229 153
9230 10
9231 10
9232 25
9233 10
9234 10
9235 10
9236 25
9237 25
9238 9
9239 25
9240 10
9241 30
9242 10
9243 10
9244 10
9245 10
9246 10
9247 30
9248 30
9249 2
9250 10
9251 10
9252 10
9253 10
9254 10
9255 23
9256 10
9257 2
9258 153
9259 10
9260 25
9261 25
9262 10
9263 10
9264 9
9265 10
9266 10
9267 10
9268 10
9269 10
9270 2
9271 10
9272 10
9273 25
9274 2
9275 10
9276 10
9277 10
9278 10
9279 10
9280 10
9281 10
9282 153
9283 10
9284 25
9285 0
9286 10
9287 153
9288 10
9289 9
9290 30
9291 25
9292 25
9293 9
9294 25
9295 25
9296 10
9297 10
9298 25
9299 162
9300 162
9301 25
9302 25
9303 10
9304 10
9305 10
9306 25
9307 10
9308 10
9309 10
9310 10
9311 10
9312 10
9313 30
9314 71
9315 25
9316 2
9317 10
9318 10
9319 10
9320 10
9321 9
9322 10
9323 10
9324 10
9325 25
9326 10
9327 10
9328 10
9329 30
9330 10
9331 10
9332 10
9333 153
9334 9
9335 10
9336 10
9337 10
9338 10
9339 10
9340 153
9341 77
9342 10
9343 10
9344 25
9345 10
9346 25
9347 10
9348 10
9349 10
9350 10
9351 2
9352 10
9353 10
9354 10
9355 10
9356 2
9357 10
9358 9
9359 30
9360 10
9361 10
9362 10
9363 10
9364 10
9365 10
9366 25
9367 10
9368 10
9369 153
9370 153
9371 10
9372 10
9373 30
9374 10
9375 10
9376 10
9377 10
9378 10
9379 10
9380 10
9381 10
9382 10
9383 153
9384 9
9385 10
9386 10
9387 10
9388 25
9389 10
9390 10
9391 0
9392 10
9393 10
9394 2
9395 10
9396 10
9397 153
9398 10
9399 163
9400 10
9401 155
9402 10
9403 10
9404 25
9405 30
9406 10
9407 25
9408 9
9409 10
9410 10
9411 10
9412 10
9413 25
9414 10
9415 10
9416 10
9417 25
9418 153
9419 10
9420 10
9421 10
9422 25
9423 10
9424 10
9425 10
9426 10
9427 9
9428 10
9429 153
9430 10
9431 10
9432 10
9433 10
9434 10
9435 153
9436 10
9437 10
9438 10
9439 25
9440 25
9441 30
9442 2
9443 25
9444 10
9445 10
9446 10
9447 9
9448 10
9449 2
9450 10
9451 30
9452 10
9453 9
9454 10
9455 10
9456 25
9457 25
9458 25
9459 34
9460 10
9461 25
9462 10
9463 30
9464 30
9465 30
9466 25
9467 10
9468 10
9469 10
9470 10
9471 10
9472 10
9473 25
9474 9
9475 10
9476 10
9477 10
9478 153
9479 153
9480 2
9481 10
9482 163
9483 10
9484 10
9485 10
9486 10
9487 10
9488 10
9489 2
9490 25
9491 25
9492 10
9493 10
9494 10
9495 10
9496 10
9497 10
9498 10
9499 25
9500 10
9501 25
9502 9
9503 10
9504 25
9505 25
9506 10
9507 10
9508 10
9509 10
9510 10
9511 10
9512 10
9513 10
9514 10
9515 10
9516 25
9517 10
9518 153
9519 153
9520 10
9521 10
9522 10
9523 10
9524 10
9525 30
9526 9
9527 10
9528 10
9529 10
9530 153
9531 10
9532 10
9533 10
9534 10
9535 10
9536 10
9537 10
9538 10
9539 10
9540 25
9541 25
9542 10
9543 10
9544 25
9545 25
9546 25
9547 30
9548 25
9549 10
9550 25
9551 10
9552 153
9553 10
9554 10
9555 10
9556 10
9557 64
9558 10
9559 10
9560 10
9561 30
9562 10
9563 10
9564 25
9565 10
9566 10
9567 164
9568 9
9569 10
9570 10
9571 10
9572 10
9573 25
9574 10
9575 10
9576 10
9577 25
9578 9
9579 25
9580 25
9581 2
9582 10
9583 25
9584 10
9585 10
9586 10
9587 153
9588 10
9589 25
9590 10
9591 2
9592 10
9593 10
9594 30
9595 155
9596 153
9597 25
9598 25
9599 10
9600 155
9601 10
9602 10
9603 10
9604 10
9605 10
9606 25
9607 10
9608 10
9609 10
9610 10
9611 10
9612 10
9613 30
9614 153
9615 10
9616 10
9617 153
9618 25
9619 10
9620 30
9621 10
9622 25
9623 10
9624 153
9625 10
9626 153
9627 155
9628 155
9629 10
9630 10
9631 10
9632 10
9633 2
9634 155
9635 10
9636 10
9637 25
9638 10
9639 153
9640 10
9641 10
9642 10
9643 10
9644 30
9645 10
9646 10
9647 10
9648 10
9649 10
9650 10
9651 10
9652 153
9653 153
9654 10
9655 10
9656 153
9657 10
9658 10
9659 10
9660 155
9661 2
9662 10
9663 10
9664 10
9665 30
9666 10
9667 10
9668 10
9669 25
9670 165
9671 10
9672 10
9673 174
9674 10
9675 10
9676 10
9677 10
9678 10
9679 10
9680 9
9681 25
9682 10
9683 10
9684 10
9685 180
9686 10
9687 10
9688 9
9689 10
9690 25
9691 10
9692 10
9693 10
9694 10
9695 25
9696 124
9697 10
9698 10
9699 10
9700 30
9701 10
9702 10
9703 25
9704 10
9705 10
9706 10
9707 10
9708 10
9709 10
9710 10
9711 30
9712 10
9713 25
9714 10
9715 2
9716 10
9717 2
9718 10
9719 153
9720 10
9721 10
9722 10
9723 10
9724 10
9725 10
9726 10
9727 101
9728 25
9729 10
9730 25
9731 153
9732 9
9733 10
9734 25
9735 10
9736 25
9737 10
9738 10
9739 25
9740 10
9741 153
9742 153
9743 10
9744 10
9745 25
9746 10
9747 10
9748 153
9749 10
9750 10
9751 10
9752 10
9753 10
9754 10
9755 176
9756 10
9757 10
9758 10
9759 10
9760 10
9761 10
9762 10
9763 10
9764 10
9765 9
9766 10
9767 10
9768 10
9769 25
9770 10
9771 10
9772 25
9773 10
9774 10
9775 10
9776 10
9777 10
9778 10
9779 10
9780 10
9781 9
9782 10
9783 153
9784 10
9785 25
9786 10
9787 10
9788 30
9789 10
9790 10
9791 153
9792 10
9793 25
9794 153
9795 10
9796 10
9797 10
9798 10
9799 10
9800 10
9801 10
9802 153
9803 10
9804 166
9805 10
9806 9
9807 10
9808 10
9809 10
9810 153
9811 10
9812 2
9813 10
9814 10
9815 30
9816 25
9817 153
9818 9
9819 10
9820 10
9821 10
9822 25
9823 2
9824 10
9825 10
9826 10
9827 87
9828 10
9829 10
9830 10
9831 10
9832 153
9833 10
9834 10
9835 92
9836 10
9837 10
9838 25
9839 10
9840 10
9841 25
9842 10
9843 10
9844 10
9845 10
9846 10
9847 10
9848 10
9849 10
9850 10
9851 10
9852 10
9853 10
9854 25
9855 25
9856 10
9857 10
9858 150
9859 25
9860 25
9861 10
9862 10
9863 10
9864 10
9865 10
9866 153
9867 9
9868 10
9869 10
9870 10
9871 163
9872 25
9873 25
9874 9
9875 10
9876 25
9877 10
9878 10
9879 10
9880 10
9881 10
9882 25
9883 10
9884 10
9885 10
9886 10
9887 10
9888 10
9889 167
9890 10
9891 30
9892 10
9893 153
9894 10
9895 10
9896 10
9897 10
9898 10
9899 10
9900 25
9901 25
9902 25
9903 10
9904 10
9905 10
9906 10
9907 10
9908 10
9909 10
9910 10
9911 30
9912 10
9913 10
9914 9
9915 10
9916 10
9917 10
9918 10
9919 10
9920 10
9921 135
9922 10
9923 9
9924 10
9925 10
9926 25
9927 10
9928 25
9929 10
9930 199
9931 10
9932 10
9933 10
9934 10
9935 153
9936 10
9937 25
9938 10
9939 2
9940 30
9941 153
9942 25
9943 25
9944 10
9945 2
9946 9
9947 10
9948 10
9949 10
9950 10
9951 30
9952 10
9953 10
9954 2
9955 10
9956 10
9957 153
9958 10
9959 10
9960 25
9961 10
9962 153
9963 10
9964 10
9965 25
9966 10
9967 10
9968 10
9969 10
9970 10
9971 9
9972 10
9973 10
9974 10
9975 10
9976 10
9977 10
9978 25
9979 10
9980 10
9981 10
9982 10
9983 10
9984 10
9985 10
9986 10
9987 10
9988 10
9989 10
9990 25
9991 2
9992 10
9993 10
9994 10
9995 153
9996 30
9997 25
9998 10
9999 10
10000 30
10001 10
10002 10
10003 10
10004 25
10005 10
10006 10
10007 10
10008 131
10009 10
10010 10
10011 10
10012 10
10013 10
10014 10
10015 132
10016 10
10017 10
10018 10
10019 153
10020 10
10021 9
10022 9
10023 9
10024 9
10025 10
10026 9
10027 10
10028 10
10029 9
10030 30
10031 9
10032 9
10033 10
10034 10
10035 10
10036 30
10037 10
10038 10
10039 10
10040 10
10041 25
10042 10
10043 25
10044 168
10045 9
10046 25
10047 10
10048 10
10049 10
10050 10
10051 10
10052 10
10053 30
10054 10
10055 10
10056 10
10057 25
10058 10
10059 10
10060 25
10061 25
10062 25
10063 25
10064 10
10065 153
10066 10
10067 25
10068 25
10069 10
10070 30
10071 9
10072 30
10073 9
10074 25
10075 25
10076 10
10077 10
10078 10
10079 9
10080 10
10081 10
10082 10
10083 10
10084 10
10085 25
10086 10
10087 10
10088 10
10089 30
10090 25
10091 153
10092 10
10093 10
10094 155
10095 10
10096 10
10097 10
10098 30
10099 169
10100 170
10101 10
10102 2
10103 153
10104 25
10105 25
10106 25
10107 153
10108 10
10109 10
10110 10
10111 10
10112 9
10113 9
10114 10
10115 30
10116 9
10117 9
10118 9
10119 9
10120 9
10121 10
10122 10
10123 10
10124 155
10125 25
10126 10
10127 9
10128 25
10129 10
10130 45
10131 153
10132 9
10133 9
10134 10
10135 10
10136 9
10137 2
10138 2
10139 153
10140 10
10141 10
10142 25
10143 10
10144 9
10145 9
10146 25
10147 10
10148 10
10149 10
10150 10
10151 10
10152 10
10153 10
10154 9
10155 25
10156 25
10157 10
10158 10
10159 10
10160 10
10161 10
10162 10
10163 10
10164 10
10165 10
10166 10
10167 153
10168 25
10169 10
10170 10
10171 10
10172 10
10173 10
10174 171
10175 63
10176 131
10177 9
10178 10
10179 10
10180 10
10181 10
10182 10
10183 9
10184 10
10185 10
10186 10
10187 10
10188 10
10189 10
10190 10
10191 25
10192 10
10193 10
10194 10
10195 153
10196 10
10197 10
10198 10
10199 25
10200 10
10201 25
10202 10
10203 10
10204 10
10205 45
10206 10
10207 10
10208 9
10209 25
10210 10
10211 155
10212 10
10213 52
10214 30
10215 10
10216 42
10217 30
10218 152
10219 10
10220 10
10221 10
10222 10
10223 10
10224 10
10225 10
10226 10
10227 25
10228 9
10229 10
10230 10
10231 10
10232 10
10233 25
10234 10
10235 10
10236 153
10237 9
10238 10
10239 10
10240 10
10241 25
10242 10
10243 25
10244 9
10245 10
10246 10
10247 30
10248 10
10249 10
10250 10
10251 10
10252 30
10253 10
10254 10
10255 10
10256 10
10257 97
10258 25
10259 9
10260 10
10261 153
10262 10
10263 10
10264 30
10265 10
10266 10
10267 10
10268 10
10269 10
10270 10
10271 10
10272 10
10273 10
10274 10
10275 10
10276 10
10277 10
10278 10
10279 10
10280 153
10281 10
10282 10
10283 10
10284 10
10285 10
10286 10
10287 10
10288 10
10289 25
10290 153
10291 10
10292 10
10293 30
10294 2
10295 10
10296 25
10297 153
10298 10
10299 10
10300 5
10301 2
10302 10
10303 10
10304 10
10305 25
10306 153
10307 25
10308 10
10309 10
10310 10
10311 10
10312 10
10313 30
10314 25
10315 10
10316 10
10317 153
10318 10
10319 10
10320 10
10321 10
10322 10
10323 10
10324 9
10325 10
10326 9
10327 10
10328 10
10329 10
10330 10
10331 10
10332 25
10333 153
10334 10
10335 10
10336 25
10337 25
10338 10
10339 117
10340 25
10341 10
10342 10
10343 10
10344 30
10345 2
10346 10
10347 10
10348 10
10349 153
10350 25
10351 153
10352 10
10353 30
10354 10
10355 10
10356 10
10357 10
10358 10
10359 10
10360 25
10361 9
10362 10
10363 30
10364 9
10365 10
10366 10
10367 9
10368 10
10369 25
10370 10
10371 10
10372 10
10373 10
10374 25
10375 10
10376 25
10377 9
10378 10
10379 10
10380 10
10381 10
10382 25
10383 172
10384 10
10385 10
10386 10
10387 10
10388 25
10389 25
10390 25
10391 10
10392 10
10393 87
10394 10
10395 25
10396 10
10397 153
10398 153
10399 153
10400 25
10401 10
10402 10
10403 10
10404 10
10405 10
10406 10
10407 10
10408 25
10409 10
10410 2
10411 25
10412 25
10413 10
10414 2
10415 10
10416 10
10417 25
10418 10
10419 10
10420 10
10421 7
10422 10
10423 2
10424 10
10425 10
10426 9
10427 10
10428 10
10429 76
10430 10
10431 10
10432 25
10433 153
10434 153
10435 10
10436 153
10437 25
10438 10
10439 10
10440 2
10441 10
10442 10
10443 9
10444 9
10445 173
10446 10
10447 10
10448 9
10449 10
10450 9
10451 10
10452 9
10453 10
10454 25
10455 30
10456 9
10457 25
10458 25
10459 10
10460 70
10461 10
10462 25
10463 10
10464 25
10465 10
10466 25
10467 153
10468 173
10469 10
10470 10
10471 10
10472 30
10473 10
10474 10
10475 10
10476 10
10477 10
10478 10
10479 25
10480 153
10481 153
10482 10
10483 10
10484 30
10485 10
10486 10
10487 9
10488 9
10489 48
10490 25
10491 10
10492 25
10493 153
10494 10
10495 10
10496 10
10497 10
10498 10
10499 21
10500 30
10501 10
10502 25
10503 25
10504 10
10505 153
10506 10
10507 10
10508 10
10509 10
10510 10
10511 10
10512 10
10513 10
10514 10
10515 10
10516 10
10517 10
10518 2
10519 25
10520 10
10521 153
10522 25
10523 10
10524 137
10525 9
10526 10
10527 9
10528 9
10529 9
10530 9
10531 9
10532 9
10533 9
10534 9
10535 10
10536 9
10537 9
10538 9
10539 9
10540 9
10541 9
10542 9
10543 9
10544 9
10545 9
10546 9
10547 9
10548 9
10549 9
10550 9
10551 9
10552 10
10553 10
10554 10
10555 10
10556 10
10557 10
10558 10
10559 10
10560 10
10561 10
10562 10
10563 10
10564 30
10565 10
10566 10
10567 9
10568 10
10569 10
10570 10
10571 25
10572 30
10573 10
10574 9
10575 174
10576 30
10577 10
10578 10
10579 153
10580 36
10581 54
10582 10
10583 2
10584 10
10585 10
10586 10
10587 2
10588 9
10589 153
10590 10
10591 10
10592 30
10593 25
10594 10
10595 25
10596 10
10597 10
10598 10
10599 10
10600 10
10601 25
10602 10
10603 30
10604 10
10605 10
10606 2
10607 153
10608 10
10609 10
10610 10
10611 10
10612 10
10613 10
10614 10
10615 10
10616 10
10617 10
10618 10
10619 9
10620 25
10621 10
10622 25
10623 10
10624 153
10625 25
10626 10
10627 25
10628 10
10629 10
10630 2
10631 10
10632 2
10633 10
10634 10
10635 10
10636 10
10637 25
10638 10
10639 10
10640 25
10641 10
10642 10
10643 10
10644 10
10645 10
10646 10
10647 153
10648 9
10649 9
10650 2
10651 10
10652 10
10653 10
10654 10
10655 10
10656 30
10657 10
10658 10
10659 10
10660 10
10661 25
10662 10
10663 10
10664 10
10665 30
10666 10
10667 10
10668 10
10669 10
10670 10
10671 10
10672 30
10673 10
10674 153
10675 30
10676 10
10677 10
10678 10
10679 10
10680 30
10681 10
10682 10
10683 10
10684 10
10685 25
10686 25
10687 9
10688 10
10689 155
10690 10
10691 10
10692 30
10693 30
10694 10
10695 10
10696 9
10697 10
10698 30
10699 9
10700 30
10701 10
10702 10
10703 10
10704 10
10705 30
10706 2
10707 10
10708 10
10709 10
10710 10
10711 10
10712 10
10713 10
10714 10
10715 30
10716 10
10717 9
10718 25
10719 10
10720 10
10721 30
10722 10
10723 10
10724 10
10725 25
10726 10
10727 10
10728 153
10729 10
10730 10
10731 10
10732 25
10733 10
10734 153
10735 10
10736 153
10737 10
10738 25
10739 10
10740 25
10741 10
10742 25
10743 10
10744 9
10745 10
10746 25
10747 10
10748 10
10749 10
10750 10
10751 10
10752 10
10753 25
10754 10
10755 25
10756 10
10757 10
10758 10
10759 10
10760 10
10761 10
10762 10
10763 2
10764 10
10765 10
10766 10
10767 10
10768 10
10769 10
10770 10
10771 10
10772 10
10773 25
10774 10
10775 10
10776 10
10777 10
10778 10
10779 10
10780 10
10781 6
10782 12
10783 9
10784 10
10785 10
10786 173
10787 10
10788 10
10789 10
10790 10
10791 10
10792 10
10793 10
10794 10
10795 10
10796 10
10797 2
10798 13
10799 25
10800 10
10801 9
10802 10
10803 10
10804 10
10805 10
10806 10
10807 10
10808 10
10809 25
10810 25
10811 10
10812 10
10813 25
10814 30
10815 10
10816 30
10817 10
10818 153
10819 10
10820 10
10821 10
10822 63
10823 10
10824 10
10825 10
10826 10
10827 10
10828 10
10829 10
10830 10
10831 25
10832 10
10833 10
10834 10
10835 10
10836 25
10837 10
10838 10
10839 10
10840 9
10841 10
10842 153
10843 10
10844 9
10845 25
10846 10
10847 10
10848 10
10849 10
10850 10
10851 25
10852 10
10853 25
10854 10
10855 10
10856 10
10857 10
10858 153
10859 10
10860 10
10861 10
10862 25
10863 10
10864 10
10865 25
10866 10
10867 10
10868 10
10869 10
10870 10
10871 10
10872 10
10873 10
10874 10
10875 25
10876 2
10877 9
10878 9
10879 10
10880 10
10881 30
10882 10
10883 10
10884 10
10885 9
10886 10
10887 10
10888 10
10889 10
10890 10
10891 10
10892 10
10893 10
10894 10
10895 10
10896 25
10897 10
10898 10
10899 9
10900 153
10901 153
10902 10
10903 10
10904 10
10905 10
10906 153
10907 153
10908 10
10909 10
10910 10
10911 10
10912 10
10913 10
10914 10
10915 175
10916 10
10917 10
10918 10
10919 10
10920 10
10921 10
10922 10
10923 30
10924 10
10925 10
10926 10
10927 154
10928 10
10929 10
10930 10
10931 10
10932 10
10933 153
10934 30
10935 10
10936 30
10937 10
10938 10
10939 25
10940 25
10941 10
10942 30
10943 10
10944 9
10945 10
10946 30
10947 180
10948 10
10949 25
10950 153
10951 2
10952 10
10953 2
10954 10
10955 10
10956 10
10957 10
10958 10
10959 30
10960 10
10961 10
10962 25
10963 153
10964 10
10965 153
10966 10
10967 2
10968 10
10969 10
10970 10
10971 9
10972 10
10973 10
10974 25
10975 10
10976 10
10977 176
10978 25
10979 10
10980 10
10981 10
10982 10
10983 10
10984 10
10985 10
10986 10
10987 25
10988 10
10989 10
10990 10
10991 10
10992 48
10993 2
10994 10
10995 9
10996 153
10997 9
10998 10
10999 10
11000 9
11001 25
11002 153
11003 2
11004 10
11005 25
11006 153
11007 10
11008 25
11009 10
11010 10
11011 10
11012 10
11013 10
11014 10
11015 10
11016 25
11017 10
11018 10
11019 2
11020 10
11021 10
11022 10
11023 25
11024 9
11025 153
11026 10
11027 25
11028 10
11029 10
11030 9
11031 10
11032 30
11033 10
11034 25
11035 10
11036 10
11037 10
11038 25
11039 30
11040 10
11041 10
11042 10
11043 10
11044 10
11045 10
11046 30
11047 10
11048 10
11049 10
11050 10
11051 10
11052 177
11053 10
11054 25
11055 10
11056 153
11057 9
11058 25
11059 30
11060 10
11061 10
11062 2
11063 10
11064 9
11065 25
11066 10
11067 9
11068 10
11069 178
11070 10
11071 10
11072 10
11073 10
11074 9
11075 10
11076 30
11077 9
11078 9
11079 9
11080 10
11081 9
11082 10
11083 10
11084 10
11085 10
11086 10
11087 10
11088 10
11089 10
11090 25
11091 10
11092 10
11093 25
11094 10
11095 153
11096 10
11097 10
11098 9
11099 10
11100 10
11101 30
11102 2
11103 10
11104 10
11105 153
11106 153
11107 179
11108 10
11109 153
11110 10
11111 10
11112 153
11113 10
11114 10
11115 9
11116 9
11117 30
11118 9
11119 25
11120 10
11121 10
11122 9
11123 10
11124 181
11125 10
11126 9
11127 25
11128 25
11129 9
11130 9
11131 25
11132 10
11133 25
11134 10
11135 9
11136 10
11137 9
11138 9
11139 10
11140 9
11141 9
11142 9
11143 9
11144 9
11145 9
11146 9
11147 9
11148 9
11149 9
11150 10
11151 25
11152 180
11153 9
11154 9
11155 9
11156 9
11157 9
11158 9
11159 153
11160 9
11161 9
11162 9
11163 10
11164 10
11165 10
11166 10
11167 10
11168 10
11169 9
11170 153
11171 10
11172 10
11173 178
11174 2
11175 25
11176 10
11177 2
11178 10
11179 10
11180 10
11181 10
11182 10
11183 153
11184 10
11185 25
11186 10
11187 25
11188 10
11189 10
11190 10
11191 10
11192 10
11193 10
11194 10
11195 30
11196 153
11197 25
11198 9
11199 9
11200 10
11201 153
11202 153
11203 179
11204 9
11205 153
11206 10
11207 10
11208 10
11209 10
11210 10
11211 2
11212 10
11213 9
11214 25
11215 10
11216 10
11217 10
11218 10
11219 10
11220 10
11221 10
11222 25
11223 30
11224 10
11225 9
11226 9
11227 153
11228 10
11229 10
11230 10
11231 10
11232 10
11233 10
11234 10
11235 10
11236 10
11237 155
11238 10
11239 2
11240 30
11241 25
11242 10
11243 96
11244 10
11245 10
11246 10
11247 10
11248 10
11249 10
11250 10
11251 10
11252 10
11253 9
11254 10
11255 10
11256 10
11257 10
11258 153
11259 30
11260 25
11261 2
11262 10
11263 10
11264 153
11265 2
11266 10
11267 2
11268 10
11269 10
11270 153
11271 25
11272 10
11273 10
11274 10
11275 9
11276 10
11277 10
11278 10
11279 153
11280 30
11281 10
11282 153
11283 10
11284 10
11285 25
11286 10
11287 25
11288 10
11289 10
11290 9
11291 10
11292 25
11293 10
11294 9
11295 10
11296 10
11297 10
11298 30
11299 9
11300 25
11301 10
11302 10
11303 10
11304 10
11305 10
11306 25
11307 10
11308 10
11309 10
11310 10
11311 30
11312 10
11313 10
11314 180
11315 2
11316 10
11317 2
11318 30
11319 10
11320 10
11321 10
11322 10
11323 153
11324 9
11325 10
11326 10
11327 153
11328 10
11329 10
11330 153
11331 153
11332 25
11333 10
11334 10
11335 10
11336 10
11337 10
11338 153
11339 10
11340 10
11341 25
11342 25
11343 155
11344 153
11345 25
11346 25
11347 10
11348 10
11349 10
11350 9
11351 25
11352 10
11353 10
11354 9
11355 9
11356 9
11357 10
11358 30
11359 9
11360 9
11361 9
11362 9
11363 10
11364 9
11365 10
11366 10
11367 10
11368 10
11369 9
11370 10
11371 10
11372 9
11373 9
11374 2
11375 46
11376 10
11377 82
11378 10
11379 10
11380 48
11381 10
11382 25
11383 10
11384 10
11385 10
11386 10
11387 41
11388 9
11389 10
11390 10
11391 10
11392 10
11393 10
11394 10
11395 10
11396 153
11397 10
11398 10
11399 2
11400 153
11401 25
11402 10
11403 25
11404 127
11405 25
11406 10
11407 10
11408 10
11409 10
11410 10
11411 9
11412 180
11413 153
11414 25
11415 10
11416 25
11417 10
11418 30
11419 10
11420 96
11421 30
11422 25
11423 10
11424 10
11425 2
11426 10
11427 25
11428 153
11429 10
11430 10
11431 153
11432 153
11433 9
11434 9
11435 2
11436 10
11437 10
11438 10
11439 25
11440 10
11441 10
11442 25
11443 25
11444 10
11445 25
11446 10
11447 10
11448 25
11449 9
11450 153
11451 25
11452 25
11453 25
11454 10
11455 10
11456 25
11457 10
11458 10
11459 10
11460 10
11461 10
11462 10
11463 25
11464 30
11465 10
11466 10
11467 30
11468 10
11469 10
11470 10
11471 10
11472 30
11473 10
11474 30
11475 153
11476 10
11477 9
11478 10
11479 153
11480 10
11481 155
11482 10
11483 10
11484 10
11485 25
11486 10
11487 10
11488 10
11489 153
11490 10
11491 10
11492 153
11493 9
11494 9
11495 10
11496 10
11497 10
11498 10
11499 25
11500 25
11501 25
11502 30
11503 10
11504 10
11505 153
11506 25
11507 10
11508 10
11509 10
11510 30
11511 153
11512 25
11513 10
11514 10
11515 155
11516 10
11517 10
11518 155
11519 10
11520 10
11521 9
11522 25
11523 25
11524 10
11525 10
11526 10
11527 10
11528 10
11529 25
11530 10
11531 10
11532 10
11533 10
11534 10
11535 107
11536 145
11537 10
11538 25
11539 10
11540 9
11541 9
11542 10
11543 25
11544 9
11545 9
11546 9
11547 9
11548 10
11549 10
11550 9
11551 10
11552 10
11553 2
11554 9
11555 10
11556 2
11557 25
11558 9
11559 153
11560 10
11561 10
11562 10
11563 10
11564 10
11565 10
11566 10
11567 10
11568 10
11569 10
11570 10
11571 10
11572 10
11573 10
11574 10
11575 181
11576 10
11577 10
11578 10
11579 10
11580 10
11581 10
11582 25
11583 10
11584 10
11585 10
11586 10
11587 153
11588 10
11589 10
11590 10
11591 9
11592 9
11593 10
11594 10
11595 153
11596 25
11597 182
11598 10
11599 182
11600 10
11601 9
11602 10
11603 10
11604 10
11605 10
11606 9
11607 51
11608 10
11609 110
11610 10
11611 153
11612 30
11613 9
11614 10
11615 10
11616 10
11617 153
11618 25
11619 10
11620 10
11621 10
11622 10
11623 10
11624 10
11625 10
11626 153
11627 153
11628 9
11629 25
11630 10
11631 9
11632 9
11633 2
11634 10
11635 9
11636 9
11637 9
11638 153
11639 25
11640 10
11641 10
11642 25
11643 9
11644 10
11645 10
11646 10
11647 9
11648 10
11649 10
11650 10
11651 9
11652 9
11653 9
11654 10
11655 10
11656 9
11657 9
11658 9
11659 9
11660 9
11661 9
11662 9
11663 10
11664 153
11665 9
11666 9
11667 10
11668 9
11669 9
11670 9
11671 10
11672 10
11673 10
11674 9
11675 9
11676 9
11677 9
11678 10
11679 10
11680 2
11681 9
11682 9
11683 9
11684 9
11685 181
11686 10
11687 10
11688 10
11689 10
11690 9
11691 25
11692 25
11693 10
11694 153
11695 10
11696 10
11697 153
11698 10
11699 2
11700 10
11701 10
11702 10
11703 10
11704 25
11705 10
11706 10
11707 10
11708 10
11709 180
11710 25
11711 52
11712 2
11713 181
11714 9
11715 10
11716 10
11717 10
11718 10
11719 10
11720 10
11721 10
11722 92
11723 10
11724 10
11725 25
11726 10
11727 25
11728 9
11729 2
11730 10
11731 10
11732 10
11733 10
11734 25
11735 10
11736 25
11737 10
11738 10
11739 25
11740 9
11741 10
11742 84
11743 30
11744 155
11745 10
11746 2
11747 9
11748 10
11749 10
11750 30
11751 10
11752 10
11753 10
11754 10
11755 10
11756 10
11757 25
11758 10
11759 153
11760 10
11761 9
11762 153
11763 10
11764 10
11765 10
11766 10
11767 10
11768 10
11769 153
11770 10
11771 153
11772 153
11773 10
11774 10
11775 9
11776 10
11777 10
11778 25
11779 153
11780 10
11781 25
11782 10
11783 10
11784 10
11785 10
11786 10
11787 10
11788 10
11789 25
11790 10
11791 10
11792 9
11793 2
11794 10
11795 10
11796 10
11797 10
11798 9
11799 30
11800 10
11801 10
11802 10
11803 10
11804 10
11805 25
11806 30
11807 59
11808 182
11809 10
11810 25
11811 10
11812 10
11813 10
11814 25
11815 10
11816 10
11817 25
11818 161
11819 10
11820 25
11821 25
11822 10
11823 151
11824 10
11825 10
11826 10
11827 10
11828 10
11829 10
11830 25
11831 10
11832 10
11833 10
11834 10
11835 10
11836 10
11837 153
11838 153
11839 10
11840 10
11841 25
11842 10
11843 10
11844 10
11845 10
11846 10
11847 25
11848 30
11849 10
11850 10
11851 10
11852 10
11853 153
11854 2
11855 25
11856 25
11857 10
11858 10
11859 153
11860 25
11861 25
11862 10
11863 183
11864 153
11865 153
11866 10
11867 10
11868 10
11869 10
11870 10
11871 25
11872 10
11873 10
11874 10
11875 10
11876 25
11877 153
11878 10
11879 2
11880 25
11881 10
11882 10
11883 10
11884 9
11885 2
11886 10
11887 153
11888 25
11889 92
11890 171
11891 10
11892 25
11893 10
11894 10
11895 10
11896 10
11897 153
11898 10
11899 25
11900 2
11901 10
11902 10
11903 10
11904 10
11905 10
11906 10
11907 30
11908 10
11909 25
11910 10
11911 25
11912 30
11913 25
11914 10
11915 10
11916 9
11917 10
11918 153
11919 153
11920 10
11921 9
11922 153
11923 9
11924 2
11925 9
11926 9
11927 10
11928 10
11929 9
11930 9
11931 9
11932 9
11933 9
11934 9
11935 9
11936 9
11937 10
11938 10
11939 10
11940 10
11941 184
11942 10
11943 25
11944 10
11945 10
11946 30
11947 10
11948 10
11949 10
11950 10
11951 10
11952 30
11953 9
11954 153
11955 10
11956 9
11957 10
11958 10
11959 10
11960 10
11961 10
11962 10
11963 9
11964 9
11965 10
11966 10
11967 9
11968 10
11969 153
11970 10
11971 10
11972 30
11973 10
11974 30
11975 10
11976 10
11977 153
11978 153
11979 25
11980 25
11981 25
11982 10
11983 10
11984 9
11985 9
11986 10
11987 10
11988 2
11989 10
11990 10
11991 10
11992 25
11993 10
11994 10
11995 153
11996 153
11997 10
11998 10
11999 10
12000 10
12001 10
12002 9
12003 10
12004 10
12005 2
12006 10
12007 10
12008 43
12009 10
12010 10
12011 10
12012 10
12013 10
12014 10
12015 10
12016 10
12017 10
12018 2
12019 185
12020 2
12021 9
12022 10
12023 25
12024 10
12025 9
12026 10
12027 25
12028 30
12029 10
12030 10
12031 10
12032 10
12033 2
12034 25
12035 153
12036 25
12037 10
12038 25
12039 153
12040 25
12041 10
12042 153
12043 10
12044 9
12045 9
12046 9
12047 153
12048 2
12049 10
12050 10
12051 30
12052 10
12053 9
12054 18
12055 10
12056 10
12057 10
12058 10
12059 25
12060 153
12061 10
12062 10
12063 153
12064 15
12065 30
12066 2
12067 9
12068 2
12069 10
12070 10
12071 2
12072 30
12073 25
12074 10
12075 10
12076 25
12077 10
12078 153
12079 153
12080 30
12081 2
12082 10
12083 186
12084 30
12085 10
12086 10
12087 10
12088 9
12089 10
12090 10
12091 10
12092 10
12093 10
12094 153
12095 10
12096 9
12097 10
12098 10
12099 9
12100 10
12101 10
12102 9
12103 153
12104 10
12105 10
12106 10
12107 10
12108 9
12109 10
12110 10
12111 10
12112 10
12113 10
12114 10
12115 10
12116 10
12117 134
12118 9
12119 10
12120 9
12121 10
12122 10
12123 10
12124 10
12125 9
12126 10
12127 9
12128 10
12129 25
12130 10
12131 10
12132 10
12133 10
12134 10
12135 25
12136 10
12137 30
12138 10
12139 10
12140 10
12141 30
12142 10
12143 10
12144 153
12145 10
12146 9
12147 10
12148 10
12149 10
12150 153
12151 10
12152 10
12153 10
12154 10
12155 10
12156 10
12157 10
12158 10
12159 10
12160 9
12161 9
12162 25
12163 10
12164 10
12165 9
12166 9
12167 10
12168 10
12169 153
12170 10
12171 153
12172 153
12173 9
12174 10
12175 25
12176 25
12177 10
12178 9
12179 9
12180 9
12181 9
12182 9
12183 10
12184 9
12185 10
12186 10
12187 153
12188 25
12189 153
12190 9
12191 9
12192 9
12193 9
12194 9
12195 9
12196 25
12197 9
12198 10
12199 9
12200 30
12201 9
12202 9
12203 153
12204 9
12205 10
12206 9
12207 10
12208 10
12209 9
12210 9
12211 9
12212 9
12213 9
12214 153
12215 9
12216 9
12217 10
12218 9
12219 147
12220 9
12221 9
12222 9
12223 10
12224 9
12225 10
12226 9
12227 153
12228 10
12229 9
12230 9
12231 9
12232 9
12233 9
12234 10
12235 153
12236 10
12237 10
12238 2
12239 153
12240 25
12241 10
12242 10
12243 10
12244 10
12245 10
12246 9
12247 25
12248 9
12249 25
12250 10
12251 10
12252 10
12253 25
12254 10
12255 153
12256 10
12257 30
12258 10
12259 10
12260 10
12261 10
12262 25
12263 10
12264 10
12265 9
12266 10
12267 10
12268 10
12269 10
12270 10
12271 153
12272 9
12273 10
12274 25
12275 10
12276 10
12277 10
12278 187
12279 9
12280 10
12281 10
12282 10
12283 9
12284 9
12285 9
12286 25
12287 10
12288 9
12289 10
12290 10
12291 10
12292 10
12293 10
12294 10
12295 30
12296 30
12297 9
12298 9
12299 9
12300 30
12301 10
12302 9
12303 10
12304 10
12305 9
12306 10
12307 25
12308 10
12309 10
12310 10
12311 153
12312 188
12313 10
12314 10
12315 25
12316 2
12317 10
12318 153
12319 10
12320 10
12321 153
12322 9
12323 8
12324 10
12325 10
12326 10
12327 10
12328 2
12329 174
12330 9
12331 153
12332 9
12333 10
12334 10
12335 10
12336 10
12337 10
12338 173
12339 2
12340 10
12341 10
12342 10
12343 2
12344 9
12345 2
12346 10
12347 10
12348 9
12349 2
12350 9
12351 10
12352 10
12353 10
12354 10
12355 30
12356 2
12357 25
12358 10
12359 10
12360 9
12361 10
12362 155
12363 10
12364 10
12365 10
12366 9
12367 10
12368 10
12369 25
12370 10
12371 10
12372 10
12373 25
12374 189
12375 190
12376 10
12377 10
12378 30
12379 10
12380 10
12381 10
12382 10
12383 10
12384 30
12385 153
12386 10
12387 10
12388 9
12389 10
12390 25
12391 10
12392 10
12393 25
12394 9
12395 25
12396 10
12397 10
12398 153
12399 106
12400 10
12401 10
12402 10
12403 10
12404 10
12405 10
12406 25
12407 30
12408 25
12409 9
12410 9
12411 9
12412 10
12413 10
12414 153
12415 10
12416 153
12417 10
12418 10
12419 10
12420 10
12421 25
12422 10
12423 25
12424 25
12425 10
12426 10
12427 10
12428 10
12429 10
12430 10
12431 10
12432 10
12433 9
12434 9
12435 153
12436 2
12437 9
12438 153
12439 9
12440 9
12441 9
12442 10
12443 3
12444 10
12445 30
12446 10
12447 25
12448 4
12449 153
12450 10
12451 25
12452 10
12453 10
12454 10
12455 9
12456 10
12457 10
12458 10
12459 9
12460 10
12461 10
12462 10
12463 30
12464 10
12465 25
12466 10
12467 10
12468 10
12469 10
12470 30
12471 10
12472 10
12473 153
12474 10
12475 10
12476 10
12477 10
12478 25
12479 10
12480 10
12481 10
12482 10
12483 10
12484 10
12485 25
12486 10
12487 9
12488 10
12489 10
12490 10
12491 10
12492 25
12493 153
12494 153
12495 10
12496 10
12497 25
12498 10
12499 25
12500 10
12501 9
12502 10
12503 153
12504 10
12505 10
12506 10
12507 9
12508 25
12509 10
12510 10
12511 10
12512 25
12513 30
12514 10
12515 10
12516 153
12517 2
12518 30
12519 191
12520 10
12521 10
12522 10
12523 10
12524 10
12525 2
12526 92
12527 10
12528 10
12529 10
12530 10
12531 30
12532 10
12533 10
12534 10
12535 10
12536 2
12537 10
12538 10
12539 10
12540 10
12541 10
12542 10
12543 25
12544 10
12545 25
12546 10
12547 10
12548 10
12549 153
12550 10
12551 10
12552 10
12553 10
12554 10
12555 25
12556 153
12557 10
12558 10
12559 10
12560 10
12561 2
12562 9
12563 2
12564 10
12565 10
12566 10
12567 10
12568 153
12569 10
12570 30
12571 10
12572 9
12573 10
12574 10
12575 10
12576 10
12577 10
12578 10
12579 10
12580 10
12581 10
12582 10
12583 10
12584 10
12585 153
12586 153
12587 10
12588 10
12589 10
12590 10
12591 25
12592 10
12593 10
12594 25
12595 25
12596 10
12597 10
12598 2
12599 10
12600 10
12601 25
12602 74
12603 10
12604 10
12605 9
12606 10
12607 175
12608 10
12609 10
12610 9
12611 10
12612 10
12613 25
12614 153
12615 30
12616 10
12617 10
12618 153
12619 2
12620 25
12621 153
12622 192
12623 153
12624 10
12625 10
12626 10
12627 25
12628 10
12629 10
12630 10
12631 30
12632 2
12633 10
12634 10
12635 10
12636 10
12637 153
12638 153
12639 10
12640 9
12641 10
12642 10
12643 10
12644 193
12645 153
12646 10
12647 2
12648 10
12649 10
12650 10
12651 10
12652 10
12653 10
12654 10
12655 10
12656 25
12657 9
12658 10
12659 25
12660 10
12661 25
12662 9
12663 10
12664 10
12665 25
12666 10
12667 25
12668 2
12669 10
12670 2
12671 10
12672 25
12673 10
12674 10
12675 25
12676 10
12677 10
12678 10
12679 10
12680 10
12681 10
12682 25
12683 25
12684 10
12685 10
12686 10
12687 10
12688 10
12689 10
12690 10
12691 10
12692 9
12693 30
12694 153
12695 10
12696 10
12697 10
12698 10
12699 10
12700 10
12701 9
12702 30
12703 10
12704 10
12705 10
12706 25
12707 10
12708 10
12709 9
12710 10
12711 10
12712 2
12713 9
12714 25
12715 30
12716 9
12717 10
12718 10
12719 25
12720 153
12721 10
12722 10
12723 10
12724 10
12725 10
12726 10
12727 10
12728 10
12729 10
12730 10
12731 10
12732 25
12733 10
12734 10
12735 10
12736 10
12737 10
12738 10
12739 10
12740 10
12741 10
12742 10
12743 142
12744 10
12745 25
12746 172
12747 10
12748 10
12749 10
12750 10
12751 153
12752 10
12753 10
12754 10
12755 10
12756 10
12757 10
12758 10
12759 9
12760 10
12761 10
12762 10
12763 10
12764 10
12765 10
12766 10
12767 194
12768 10
12769 10
12770 10
12771 25
12772 10
12773 10
12774 10
12775 10
12776 10
12777 10
12778 10
12779 10
12780 25
12781 195
12782 10
12783 10
12784 2
12785 25
12786 10
12787 10
12788 10
12789 153
12790 25
12791 9
12792 10
12793 10
12794 10
12795 25
12796 25
12797 10
12798 10
12799 10
12800 10
12801 10
12802 10
12803 153
12804 95
12805 23
12806 10
12807 10
12808 10
12809 10
12810 10
12811 10
12812 10
12813 10
12814 30
12815 10
12816 10
12817 10
12818 25
12819 10
12820 153
12821 10
12822 10
12823 153
12824 10
12825 10
12826 10
12827 10
12828 10
12829 10
12830 2
12831 10
12832 10
12833 10
12834 10
12835 10
12836 10
12837 155
12838 2
12839 153
12840 10
12841 25
12842 10
12843 10
12844 10
12845 10
12846 10
12847 10
12848 10
12849 10
12850 9
12851 10
12852 30
12853 10
12854 10
12855 10
12856 10
12857 10
12858 9
12859 174
12860 10
12861 2
12862 10
12863 10
12864 153
12865 30
12866 10
12867 9
12868 10
12869 10
12870 82
12871 10
12872 25
12873 10
12874 10
12875 10
12876 10
12877 10
12878 10
12879 10
12880 10
12881 30
12882 10
12883 10
12884 153
12885 153
12886 10
12887 10
12888 10
12889 25
12890 196
12891 25
12892 10
12893 30
12894 10
12895 10
12896 10
12897 25
12898 10
12899 10
12900 10
12901 10
12902 10
12903 10
12904 10
12905 10
12906 10
12907 2
12908 10
12909 10
12910 10
12911 10
12912 10
12913 10
12914 10
12915 10
12916 25
12917 10
12918 9
12919 10
12920 10
12921 25
12922 10
12923 10
12924 10
12925 10
12926 2
12927 153
12928 30
12929 197
12930 155
12931 2
12932 198
12933 25
12934 10
12935 153
12936 25
12937 10
12938 10
12939 10
12940 10
12941 65
12942 9
12943 10
12944 10
12945 10
12946 10
12947 9
12948 10
12949 10
12950 10
12951 10
12952 10
12953 10
12954 66
12955 10
12956 10
12957 10
12958 10
12959 9
12960 10
12961 10
12962 10
12963 10
12964 10
12965 10
12966 10
12967 10
12968 30
12969 199
12970 153
12971 10
12972 48
12973 10
12974 2
12975 10
12976 30
12977 48
12978 10
12979 10
12980 9
12981 9
12982 10
12983 10
12984 10
12985 10
12986 10
12987 10
12988 10
12989 10
12990 35
12991 10
12992 10
12993 153
12994 10
12995 10
12996 10
12997 9
12998 10
12999 153
13000 10
13001 10
13002 10
13003 25
13004 10
13005 10
13006 10
13007 10
13008 10
13009 10
13010 10
13011 10
13012 10
13013 10
13014 25
13015 10
13016 25
13017 10
13018 10
13019 10
13020 10
13021 10
13022 10
13023 30
13024 10
13025 25
13026 10
13027 10
13028 10
13029 2
13030 10
13031 153
13032 9
13033 10
13034 10
13035 10
13036 10
13037 30
13038 25
13039 10
13040 10
13041 25
13042 10
13043 10
13044 10
13045 10
13046 48
13047 10
13048 153
13049 25
13050 10
13051 25
13052 10
13053 2
13054 2
13055 25
13056 10
13057 10
13058 10
13059 10
13060 153
13061 10
13062 153
13063 10
13064 10
13065 10
13066 25
13067 10
13068 2
13069 200
13070 10
13071 153
13072 10
13073 10
13074 10
13075 10
13076 10
13077 10
13078 10
13079 10
13080 2
13081 10
13082 10
13083 10
13084 25
13085 10
13086 10
13087 25
13088 10
13089 10
13090 10
13091 9
13092 10
13093 10
13094 10
13095 10
13096 10
13097 10
13098 10
13099 10
13100 10
13101 10
13102 10
13103 10
13104 10
13105 25
13106 10
13107 10
13108 158
13109 10
13110 10
13111 10
13112 10
13113 30
13114 10
13115 10
13116 153
13117 10
13118 10
13119 153
13120 25
13121 10
13122 201
13123 10
13124 25
13125 130
13126 10
13127 25
13128 25
13129 10
13130 10
13131 10
13132 10
13133 10
13134 202
13135 25
13136 25
13137 10
13138 178
13139 10
13140 9
13141 156
13142 10
13143 10
13144 10
13145 10
13146 2
13147 10
13148 25
13149 10
13150 10
13151 10
13152 10
13153 10
13154 10
13155 2
13156 10
13157 10
13158 10
13159 10
13160 10
13161 2
13162 10
13163 25
13164 145
13165 10
13166 10
13167 30
13168 10
13169 10
13170 10
13171 10
13172 10
13173 142
13174 155
13175 10
13176 10
13177 10
13178 64
13179 10
13180 25
13181 25
13182 10
13183 10
13184 153
13185 2
13186 10
13187 10
13188 10
13189 10
13190 10
13191 10
13192 153
13193 10
13194 30
13195 25
13196 10
13197 10
13198 10
13199 30
13200 2
13201 10
13202 25
13203 66
13204 153
13205 10
13206 30
13207 25
13208 10
13209 10
13210 153
13211 10
13212 25
13213 153
13214 25
13215 25
13216 2
13217 25
13218 153
13219 30
13220 25
13221 10
13222 10
13223 10
13224 10
13225 10
13226 153
13227 2
13228 10
13229 2
13230 145
13231 155
13232 25
13233 10
13234 10
13235 10
13236 9
13237 10
13238 25
13239 10
13240 10
13241 10
13242 9
13243 10
13244 9
13245 10
13246 10
13247 25
13248 10
13249 10
13250 10
13251 10
13252 25
13253 10
13254 10
13255 10
13256 10
13257 10
13258 10
13259 25
13260 10
13261 9
13262 10
13263 10
13264 25
13265 10
13266 10
13267 9
13268 9
13269 10
13270 10
13271 10
13272 10
13273 10
13274 10
13275 10
13276 10
13277 10
13278 2
13279 10
13280 87
13281 10
13282 10
13283 10
13284 153
13285 10
13286 10
13287 2
13288 10
13289 10
13290 153
13291 153
13292 146
13293 9
13294 10
13295 147
13296 10
13297 9
13298 10
13299 10
13300 10
13301 153
13302 10
13303 25
13304 10
13305 10
13306 10
13307 30
13308 9
13309 10
13310 10
13311 25
13312 25
13313 10
13314 10
13315 10
13316 25
13317 10
13318 10
13319 10
13320 10
13321 30
13322 9
13323 10
13324 10
13325 10
13326 10
13327 10
13328 10
13329 10
13330 10
13331 10
13332 10
13333 9
13334 2
13335 10
13336 10
13337 30
13338 10
13339 147
13340 9
13341 10
13342 10
13343 10
13344 10
13345 10
13346 10
13347 10
13348 10
13349 10
13350 10
13351 10
13352 30
13353 30
13354 10
13355 10
13356 10
13357 30
13358 25
13359 153
13360 2
13361 10
13362 10
13363 10
13364 9
13365 10
13366 153
13367 10
13368 153
13369 10
13370 10
13371 10
13372 10
13373 10
13374 25
13375 10
13376 25
13377 10
13378 10
13379 10
13380 10
13381 10
13382 10
13383 48
13384 10
13385 10
13386 10
13387 153
13388 10
13389 30
13390 10
13391 10
13392 25
13393 10
13394 10
13395 10
13396 10
13397 10
13398 9
13399 10
13400 10
13401 10
13402 10
13403 10
13404 25
13405 10
13406 10
13407 10
13408 10
13409 9
13410 10
13411 10
13412 10
13413 25
13414 10
13415 10
13416 10
13417 10
13418 25
13419 10
13420 10
13421 163
13422 10
13423 10
13424 10
13425 25
13426 10
13427 10
13428 10
13429 10
13430 10
13431 9
13432 2
13433 2
13434 25
13435 25
13436 10
13437 10
13438 153
13439 10
13440 10
13441 25
13442 25
13443 10
13444 10
13445 10
13446 10
13447 10
13448 30
13449 153
13450 9
13451 2
13452 10
13453 10
13454 9
13455 10
13456 10
13457 25
13458 10
13459 10
13460 153
13461 153
13462 10
13463 10
13464 153
13465 10
13466 10
13467 10
13468 25
13469 10
13470 10
13471 30
13472 10
13473 10
13474 45
13475 25
13476 10
13477 148
13478 10
13479 9
13480 10
13481 10
13482 153
13483 25
13484 10
13485 10
13486 10
13487 30
13488 30
13489 10
13490 9
13491 159
13492 10
13493 10
13494 2
13495 2
13496 10
13497 9
13498 22
13499 153
13500 153
13501 153
13502 10
13503 10
13504 10
13505 9
13506 25
13507 10
13508 25
13509 30
13510 25
13511 30
13512 10
13513 10
13514 153
13515 10
13516 10
13517 165
13518 10
13519 10
13520 10
13521 10
13522 10
13523 10
13524 9
13525 10
13526 10
13527 10
13528 10
13529 10
13530 10
13531 30
13532 153
13533 10
13534 30
13535 10
13536 10
13537 10
13538 10
13539 2
13540 153
13541 9
13542 10
13543 10
13544 10
13545 9
13546 10
13547 2
13548 10
13549 10
13550 10
13551 10
13552 25
13553 10
13554 9
13555 10
13556 10
13557 30
13558 150
13559 150
13560 25
13561 10
13562 10
13563 10
13564 10
13565 10
13566 10
13567 10
13568 2
13569 10
13570 10
13571 25
13572 30
13573 9
13574 10
13575 10
13576 2
13577 151
13578 172
13579 10
13580 10
13581 25
13582 10
13583 10
13584 10
13585 25
13586 153
13587 10
13588 153
13589 25
13590 9
13591 10
13592 10
13593 25
13594 10
13595 30
13596 10
13597 10
13598 10
13599 10
13600 10
13601 10
13602 10
13603 30
13604 10
13605 64
13606 10
13607 10
13608 10
13609 10
13610 10
13611 152
13612 10
13613 9
13614 10
13615 10
13616 10
13617 10
13618 10
13619 10
13620 10
13621 9
13622 10
13623 10
13624 10
13625 25
13626 10
13627 25
13628 25
13629 10
13630 9
13631 25
13632 10
13633 2
13634 10
13635 153
13636 10
13637 10
13638 9
13639 30
13640 30
13641 10
13642 25
13643 9
13644 10
13645 153
13646 92
13647 25
13648 25
13649 25
13650 152
13651 155
13652 10
13653 10
13654 153
13655 10
13656 10
13657 25
13658 10
13659 2
13660 25
13661 9
13662 9
13663 10
13664 10
13665 10
13666 10
13667 10
13668 10
13669 10
13670 153
13671 25
13672 10
13673 10
13674 10
13675 10
13676 10
13677 25
13678 10
13679 153
13680 10
13681 10
13682 10
13683 10
13684 10
13685 10
13686 10
13687 147
13688 25
13689 10
13690 48
13691 10
13692 10
13693 25
13694 10
13695 10
13696 9
13697 10
13698 10
13699 10
13700 25
13701 10
13702 153
13703 10
13704 25
13705 153
13706 153
13707 2
13708 10
13709 10
13710 10
13711 153
13712 10
13713 10
13714 10
13715 10
13716 10
13717 78
13718 10
13719 10
13720 10
13721 10
13722 10
13723 153
13724 25
13725 163
13726 9
13727 10
13728 10
13729 2
13730 30
13731 9
13732 10
13733 10
13734 10
13735 25
13736 153
13737 30
13738 10
13739 10
13740 25
13741 10
13742 193
13743 30
13744 10
13745 10
13746 2
13747 10
13748 25
13749 9
13750 25
13751 10
13752 153
13753 10
13754 2
13755 10
13756 10
13757 10
13758 153
13759 10
13760 10
13761 10
13762 10
13763 10
13764 10
13765 9
13766 152
13767 10
13768 10
13769 2
13770 10
13771 10
13772 10
13773 10
13774 10
13775 25
13776 10
13777 10
13778 2
13779 9
13780 10
13781 30
13782 10
13783 9
13784 153
13785 10
13786 25
13787 10
13788 25
13789 25
13790 10
13791 10
13792 10
13793 10
13794 10
13795 10
13796 30
13797 10
13798 10
13799 10
13800 10
13801 10
13802 10
13803 10
13804 10
13805 10
13806 10
13807 10
13808 10
13809 10
13810 10
13811 25
13812 10
13813 10
13814 153
13815 2
13816 10
13817 10
13818 10
13819 25
13820 10
13821 9
13822 10
13823 10
13824 10
13825 2
13826 10
13827 10
13828 2
13829 10
13830 10
13831 114
13832 30
13833 30
13834 10
13835 10
13836 10
13837 9
13838 10
13839 10
13840 10
13841 9
13842 9
13843 10
13844 10
13845 10
13846 2
13847 9
13848 30
13849 10
13850 151
13851 10
13852 153
13853 10
13854 10
13855 10
13856 10
13857 10
13858 10
13859 76
13860 10
13861 9
13862 153
13863 10
13864 190
13865 9
13866 30
13867 25
13868 10
13869 9
13870 153
13871 153
13872 10
13873 10
13874 10
13875 9
13876 10
13877 25
13878 25
13879 10
13880 10
13881 10
13882 133
13883 10
13884 10
13885 10
13886 10
13887 153
13888 10
13889 10
13890 9
13891 10
13892 10
13893 10
13894 10
13895 2
13896 153
13897 30
13898 10
13899 10
13900 10
13901 153
13902 9
13903 10
13904 9
13905 153
13906 153
13907 10
13908 10
13909 10
13910 10
13911 9
13912 10
13913 25
13914 10
13915 10
13916 30
13917 10
13918 10
13919 10
13920 10
13921 10
13922 116
13923 10
13924 10
13925 10
13926 161
13927 9
13928 10
13929 10
13930 10
13931 30
13932 10
13933 30
13934 10
13935 10
13936 10
13937 153
13938 10
13939 10
13940 10
13941 9
13942 10
13943 153
13944 10
13945 10
13946 30
13947 10
13948 153
13949 10
13950 25
13951 25
13952 10
13953 10
13954 9
13955 154
13956 10
13957 10
13958 10
13959 2
13960 10
13961 48
13962 10
13963 10
13964 10
13965 2
13966 10
13967 153
13968 10
13969 10
13970 10
13971 25
13972 9
13973 10
13974 10
13975 10
13976 10
13977 10
13978 10
13979 2
13980 10
13981 10
13982 10
13983 10
13984 10
13985 10
13986 2
13987 9
13988 10
13989 10
13990 153
13991 10
13992 10
13993 9
13994 153
13995 30
13996 10
13997 25
13998 25
13999 10
14000 153
14001 10
14002 10
14003 10
14004 10
14005 25
14006 10
14007 155
14008 10
14009 10
14010 10
14011 153
14012 10
14013 10
14014 10
14015 10
14016 10
14017 10
14018 10
14019 10
14020 10
14021 9
14022 10
14023 25
14024 153
14025 153
14026 25
14027 10
14028 153
14029 25
14030 156
14031 10
14032 10
14033 10
14034 10
14035 25
14036 10
14037 10
14038 25
14039 10
14040 30
14041 10
14042 10
14043 25
14044 10
14045 10
14046 10
14047 153
14048 10
14049 30
14050 10
14051 2
14052 30
14053 10
14054 9
14055 186
14056 9
14057 10
14058 25
14059 10
14060 10
14061 30
14062 10
14063 10
14064 10
14065 25
14066 10
14067 10
14068 25
14069 9
14070 30
14071 10
14072 10
14073 10
14074 10
14075 10
14076 10
14077 10
14078 10
14079 153
14080 10
14081 30
14082 10
14083 25
14084 9
14085 25
14086 10
14087 10
14088 10
14089 10
14090 9
14091 153
14092 9
14093 25
14094 10
14095 10
14096 153
14097 9
14098 10
14099 10
14100 10
14101 10
14102 10
14103 10
14104 10
14105 25
14106 25
14107 10
14108 10
14109 10
14110 30
14111 10
14112 30
14113 10
14114 2
14115 10
14116 10
14117 25
14118 10
14119 25
14120 10
14121 10
14122 30
14123 10
14124 10
14125 10
14126 10
14127 10
14128 10
14129 9
14130 10
14131 60
14132 10
14133 2
14134 10
14135 10
14136 10
14137 30
14138 10
14139 10
14140 10
14141 10
14142 10
14143 10
14144 10
14145 25
14146 10
14147 9
14148 10
14149 2
14150 10
14151 10
14152 10
14153 10
14154 10
14155 10
14156 10
14157 10
14158 25
14159 153
14160 30
14161 10
14162 10
14163 9
14164 2
14165 10
14166 10
14167 10
14168 30
14169 10
14170 10
14171 25
14172 10
14173 10
14174 10
14175 10
14176 10
14177 25
14178 10
14179 10
14180 157
14181 153
14182 10
14183 9
14184 10
14185 10
14186 10
14187 153
14188 10
14189 10
14190 10
14191 10
14192 2
14193 10
14194 25
14195 155
14196 10
14197 9
14198 10
14199 10
14200 10
14201 10
14202 153
14203 10
14204 25
14205 153
14206 10
14207 158
14208 153
14209 10
14210 10
14211 10
14212 10
14213 10
14214 25
14215 10
14216 159
14217 10
14218 10
14219 25
14220 153
14221 10
14222 153
14223 10
14224 10
14225 10
14226 10
14227 10
14228 2
14229 10
14230 10
14231 10
14232 25
14233 10
14234 10
14235 10
14236 10
14237 9
14238 10
14239 10
14240 10
14241 10
14242 10
14243 10
14244 10
14245 2
14246 142
14247 25
14248 10
14249 153
14250 153
14251 10
14252 30
14253 30
14254 9
14255 10
14256 25
14257 10
14258 10
14259 10
14260 10
14261 10
14262 10
14263 10
14264 10
14265 10
14266 176
14267 153
14268 10
14269 10
14270 10
14271 10
14272 10
14273 10
14274 10
14275 153
14276 153
14277 10
14278 10
14279 160
14280 25
14281 2
14282 25
14283 153
14284 10
14285 10
14286 10
14287 10
14288 2
14289 10
14290 153
14291 10
14292 10
14293 25
14294 25
14295 10
14296 10
14297 30
14298 10
14299 10
14300 10
14301 2
14302 10
14303 10
14304 10
14305 9
14306 9
14307 153
14308 10
14309 2
14310 10
14311 153
14312 10
14313 10
14314 25
14315 10
14316 10
14317 10
14318 10
14319 10
14320 30
14321 30
14322 33
14323 10
14324 9
14325 9
14326 10
14327 25
14328 10
14329 10
14330 178
14331 9
14332 10
14333 25
14334 10
14335 42
14336 10
14337 10
14338 10
14339 10
14340 10
14341 202
14342 10
14343 160
14344 10
14345 9
14346 25
14347 10
14348 10
14349 10
14350 10
14351 10
14352 10
14353 10
14354 10
14355 25
14356 10
14357 25
14358 153
14359 10
14360 10
14361 25
14362 153
14363 10
14364 10
14365 10
14366 25
14367 10
14368 10
14369 10
14370 10
14371 9
14372 10
14373 25
14374 10
14375 10
14376 153
14377 153
14378 10
14379 10
14380 2
14381 155
14382 10
14383 25
14384 25
14385 10
14386 10
14387 153
14388 25
14389 10
14390 10
14391 25
14392 10
14393 10
14394 9
14395 10
14396 153
14397 10
14398 10
14399 9
14400 26
14401 10
14402 10
14403 10
14404 9
14405 10
14406 10
14407 10
14408 155
14409 2
14410 10
14411 10
14412 14
14413 10
14414 10
14415 10
14416 10
14417 10
14418 0
14419 153
14420 10
14421 10
14422 10
14423 30
14424 10
14425 10
14426 10
14427 2
14428 2
14429 160
14430 10
14431 10
14432 10
14433 9
14434 10
14435 2
14436 10
14437 10
14438 10
14439 10
14440 10
14441 10
14442 25
14443 10
14444 10
14445 10
14446 10
14447 10
14448 10
14449 10
14450 10
14451 10
14452 10
14453 10
14454 10
14455 10
14456 10
14457 10
14458 10
14459 10
14460 10
14461 10
14462 10
14463 153
14464 9
14465 10
14466 10
14467 2
14468 30
14469 10
14470 9
14471 10
14472 10
14473 25
14474 10
14475 10
14476 9
14477 25
14478 2
14479 10
14480 10
14481 10
14482 25
14483 10
14484 10
14485 9
14486 10
14487 9
14488 153
14489 10
14490 30
14491 9
14492 10
14493 25
14494 10
14495 10
14496 10
14497 10
14498 10
14499 153
14500 153
14501 9
14502 9
14503 153
14504 10
14505 25
14506 153
14507 9
14508 10
14509 10
14510 10
14511 10
14512 10
14513 9
14514 160
14515 9
14516 9
14517 9
14518 9
14519 10
14520 10
14521 9
14522 9
14523 10
14524 9
14525 9
14526 10
14527 9
14528 9
14529 10
14530 9
14531 25
14532 10
14533 10
14534 10
14535 9
14536 9
14537 9
14538 9
14539 9
14540 10
14541 10
14542 10
14543 30
14544 10
14545 10
14546 10
14547 2
14548 10
14549 9
14550 2
14551 25
14552 25
14553 10
14554 136
14555 10
14556 153
14557 10
14558 2
14559 10
14560 25
14561 10
14562 10
14563 10
14564 10
14565 25
14566 10
14567 10
14568 10
14569 30
14570 10
14571 48
14572 10
14573 10
14574 10
14575 10
14576 10
14577 2
14578 10
14579 10
14580 10
14581 10
14582 153
14583 10
14584 10
14585 153
14586 10
14587 30
14588 30
14589 25
14590 30
14591 153
14592 30
14593 153
14594 9
14595 30
14596 160
14597 9
14598 10
14599 10
14600 25
14601 10
14602 10
14603 9
14604 10
14605 10
14606 25
14607 10
14608 10
14609 10
14610 25
14611 9
14612 10
14613 10
14614 10
14615 10
14616 10
14617 30
14618 9
14619 10
14620 10
14621 10
14622 2
14623 25
14624 155
14625 10
14626 25
14627 25
14628 10
14629 10
14630 10
14631 25
14632 25
14633 25
14634 153
14635 10
14636 10
14637 10
14638 10
14639 10
14640 9
14641 9
14642 10
14643 10
14644 10
14645 10
14646 97
14647 10
14648 10
14649 10
14650 10
14651 10
14652 10
14653 10
14654 10
14655 10
14656 10
14657 10
14658 10
14659 25
14660 2
14661 10
14662 10
14663 25
14664 10
14665 10
14666 10
14667 25
14668 2
14669 153
14670 9
14671 10
14672 10
14673 25
14674 10
14675 30
14676 25
14677 161
14678 10
14679 48
14680 9
14681 10
14682 153
14683 10
14684 10
14685 10
14686 10
14687 10
14688 10
14689 10
14690 10
14691 10
14692 10
14693 9
14694 10
14695 10
14696 25
14697 25
14698 25
14699 10
14700 10
14701 10
14702 10
14703 153
14704 10
14705 2
14706 25
14707 2
14708 153
14709 10
14710 30
14711 9
14712 9
14713 9
14714 9
14715 10
14716 9
14717 10
14718 10
14719 10
14720 10
14721 153
14722 25
14723 9
14724 9
14725 9
14726 9
14727 9
14728 153
14729 162
14730 9
14731 153
14732 9
14733 153
14734 9
14735 10
14736 153
14737 10
14738 30
14739 10
14740 10
14741 25
14742 10
14743 10
14744 10
14745 10
14746 10
14747 9
14748 10
14749 10
14750 10
14751 25
14752 10
14753 10
14754 153
14755 10
14756 10
14757 10
14758 10
14759 30
14760 10
14761 10
14762 2
14763 2
14764 10
14765 25
14766 10
14767 153
14768 10
14769 153
14770 10
14771 10
14772 10
14773 10
14774 2
14775 10
14776 2
14777 10
14778 10
14779 10
14780 10
14781 10
14782 30
14783 10
14784 25
14785 10
14786 10
14787 25
14788 10
14789 2
14790 10
14791 30
14792 10
14793 153
14794 25
14795 10
14796 163
14797 30
14798 10
14799 10
14800 153
14801 10
14802 153
14803 10
14804 25
14805 10
14806 25
14807 10
14808 10
14809 10
14810 10
14811 153
14812 9
14813 10
14814 10
14815 10
14816 25
14817 10
14818 153
14819 10
14820 10
14821 10
14822 153
14823 153
14824 10
14825 153
14826 10
14827 10
14828 134
14829 153
14830 10
14831 25
14832 153
14833 10
14834 10
14835 153
14836 164
14837 153
14838 10
14839 10
14840 10
14841 10
14842 10
14843 10
14844 10
14845 10
14846 10
14847 10
14848 30
14849 10
14850 2
14851 25
14852 10
14853 10
14854 10
14855 10
14856 10
14857 10
14858 10
14859 10
14860 10
14861 153
14862 30
14863 25
14864 10
14865 10
14866 9
14867 9
14868 10
14869 30
14870 25
14871 10
14872 10
14873 10
14874 153
14875 46
14876 10
14877 153
14878 10
14879 10
14880 153
14881 10
14882 10
14883 10
14884 9
14885 10
14886 10
14887 10
14888 10
14889 10
14890 10
14891 10
14892 25
14893 2
14894 25
14895 2
14896 10
14897 30
14898 10
14899 10
14900 30
14901 10
14902 10
14903 10
14904 153
14905 10
14906 10
14907 10
14908 9
14909 25
14910 25
14911 10
14912 30
14913 9
14914 9
14915 10
14916 10
14917 30
14918 9
14919 10
14920 10
14921 10
14922 25
14923 10
14924 10
14925 10
14926 25
14927 30
14928 10
14929 30
14930 25
14931 153
14932 9
14933 9
14934 153
14935 10
14936 153
14937 10
14938 10
14939 10
14940 10
14941 10
14942 30
14943 10
14944 10
14945 10
14946 10
14947 10
14948 10
14949 30
14950 2
14951 10
14952 25
14953 10
14954 10
14955 30
14956 10
14957 10
14958 30
14959 10
14960 10
14961 10
14962 30
14963 9
14964 10
14965 10
14966 10
14967 10
14968 10
14969 10
14970 10
14971 10
14972 10
14973 153
14974 10
14975 10
14976 165
14977 10
14978 30
14979 25
14980 10
14981 10
14982 30
14983 10
14984 153
14985 25
14986 153
14987 153
14988 25
14989 10
14990 153
14991 10
14992 10
14993 10
14994 10
14995 10
14996 25
14997 10
14998 10
14999 10
15000 10
15001 10
15002 25
15003 10
15004 155
15005 10
15006 10
15007 10
15008 10
15009 10
15010 10
15011 25
15012 10
15013 10
15014 10
15015 30
15016 10
15017 9
15018 10
15019 9
15020 9
15021 10
15022 10
15023 25
15024 9
15025 9
15026 2
15027 10
15028 10
15029 10
15030 10
15031 153
15032 30
15033 10
15034 10
15035 10
15036 153
15037 10
15038 153
15039 30
15040 10
15041 10
15042 2
15043 10
15044 25
15045 10
15046 25
15047 10
15048 10
15049 10
15050 10
15051 10
15052 10
15053 10
15054 153
15055 10
15056 10
15057 10
15058 10
15059 10
15060 10
15061 10
15062 10
15063 10
15064 10
15065 10
15066 10
15067 48
15068 153
15069 153
15070 153
15071 10
15072 25
15073 10
15074 10
15075 30
15076 25
15077 25
15078 153
15079 9
15080 10
15081 10
15082 10
15083 25
15084 10
15085 10
15086 153
15087 25
15088 10
15089 153
15090 153
15091 2
15092 10
15093 10
15094 10
15095 10
15096 25
15097 10
15098 10
15099 10
15100 10
15101 10
15102 10
15103 10
15104 9
15105 9
15106 153
15107 9
15108 9
15109 10
15110 10
15111 166
15112 10
15113 10
15114 10
15115 10
15116 10
15117 2
15118 10
15119 10
15120 30
15121 10
15122 25
15123 2
15124 10
15125 22
15126 10
15127 27
15128 153
15129 10
15130 25
15131 153
15132 56
15133 25
15134 10
15135 25
15136 25
15137 9
15138 10
15139 153
15140 25
15141 10
15142 25
15143 10
15144 9
15145 9
15146 9
15147 179
15148 10
15149 25
15150 149
15151 10
15152 10
15153 10
15154 10
15155 153
15156 10
15157 10
15158 2
15159 9
15160 10
15161 10
15162 10
15163 10
15164 10
15165 10
15166 10
15167 2
15168 153
15169 166
15170 25
15171 10
15172 25
15173 25
15174 25
15175 25
15176 10
15177 9
15178 9
15179 10
15180 10
15181 9
15182 10
15183 10
15184 10
15185 10
15186 9
15187 30
15188 10
15189 30
15190 25
15191 10
15192 25
15193 153
15194 2
15195 10
15196 10
15197 25
15198 25
15199 10
15200 9
15201 10
15202 153
15203 10
15204 10
15205 177
15206 25
15207 10
15208 10
15209 10
15210 153
15211 25
15212 2
15213 10
15214 10
15215 25
15216 10
15217 10
15218 10
15219 10
15220 25
15221 10
15222 25
15223 10
15224 10
15225 153
15226 10
15227 25
15228 10
15229 10
15230 9
15231 10
15232 10
15233 83
15234 153
15235 25
15236 10
15237 10
15238 10
15239 10
15240 10
15241 10
15242 30
15243 25
15244 166
15245 10
15246 10
15247 10
15248 153
15249 178
15250 10
15251 10
15252 10
15253 10
15254 25
15255 10
15256 10
15257 10
15258 10
15259 10
15260 10
15261 25
15262 153
15263 10
15264 10
15265 10
15266 25
15267 25
15268 25
15269 9
15270 10
15271 10
15272 153
15273 10
15274 10
15275 30
15276 155
15277 153
15278 10
15279 10
15280 10
15281 25
15282 9
15283 10
15284 10
15285 10
15286 25
15287 10
15288 9
15289 10
15290 10
15291 10
15292 10
15293 153
15294 153
15295 10
15296 10
15297 10
15298 10
15299 155
15300 10
15301 10
15302 9
15303 153
15304 9
15305 9
15306 10
15307 9
15308 10
15309 153
15310 9
15311 9
15312 30
15313 9
15314 9
15315 10
15316 10
15317 25
15318 147
15319 10
15320 10
15321 10
15322 10
15323 25
15324 9
15325 153
15326 9
15327 9
15328 138
15329 9
15330 9
15331 153
15332 9
15333 9
15334 9
15335 9
15336 10
15337 9
15338 10
15339 9
15340 9
15341 9
15342 10
15343 10
15344 9
15345 10
15346 9
15347 9
15348 59
15349 159
15350 25
15351 10
15352 10
15353 25
15354 10
15355 153
15356 2
15357 10
15358 10
15359 153
15360 10
15361 153
15362 10
15363 10
15364 10
15365 10
15366 30
15367 10
15368 88
15369 10
15370 10
15371 25
15372 10
15373 25
15374 10
15375 10
15376 10
15377 25
15378 144
15379 25
15380 25
15381 10
15382 25
15383 25
15384 10
15385 10
15386 10
15387 10
15388 153
15389 2
15390 167
15391 10
15392 10
15393 10
15394 25
15395 10
15396 10
15397 10
15398 25
15399 10
15400 10
15401 30
15402 153
15403 9
15404 10
15405 10
15406 10
15407 10
15408 10
15409 10
15410 10
15411 25
15412 30
15413 30
15414 30
15415 30
15416 10
15417 10
15418 153
15419 10
15420 10
15421 25
15422 2
15423 10
15424 10
15425 25
15426 10
15427 10
15428 167
15429 25
15430 10
15431 10
15432 25
15433 9
15434 10
15435 10
15436 10
15437 10
15438 153
15439 10
15440 10
15441 10
15442 10
15443 10
15444 10
15445 10
15446 10
15447 25
15448 30
15449 25
15450 30
15451 30
15452 10
15453 10
15454 2
15455 10
15456 10
15457 10
15458 173
15459 10
15460 10
15461 25
15462 9
15463 10
15464 168
15465 10
15466 10
15467 25
15468 10
15469 25
15470 10
15471 10
15472 30
15473 10
15474 10
15475 10
15476 25
15477 10
15478 10
15479 10
15480 25
15481 9
15482 10
15483 9
15484 10
15485 25
15486 25
15487 10
15488 9
15489 10
15490 10
15491 10
15492 10
15493 10
15494 10
15495 10
15496 25
15497 9
15498 10
15499 10
15500 9
15501 10
15502 30
15503 9
15504 10
15505 153
15506 30
15507 10
15508 2
15509 2
15510 10
15511 25
15512 25
15513 10
15514 10
15515 153
15516 25
15517 153
15518 153
15519 10
15520 145
15521 10
15522 25
15523 10
15524 25
15525 25
15526 9
15527 10
15528 30
15529 30
15530 163
15531 176
15532 10
15533 25
15534 153
15535 10
15536 25
15537 10
15538 10
15539 10
15540 69
15541 10
15542 153
15543 2
15544 128
15545 10
15546 30
15547 153
15548 10
15549 96
15550 10
15551 9
15552 10
15553 10
15554 10
15555 25
15556 10
15557 30
15558 10
15559 10
15560 10
15561 153
15562 10
15563 10
15564 10
15565 10
15566 10
15567 10
15568 85
15569 10
15570 25
15571 10
15572 10
15573 9
15574 25
15575 10
15576 30
15577 10
15578 30
15579 10
15580 10
15581 155
15582 9
15583 9
15584 10
15585 10
15586 10
15587 153
15588 10
15589 10
15590 10
15591 10
15592 10
15593 10
15594 10
15595 10
15596 25
15597 2
15598 10
15599 10
15600 10
15601 10
15602 30
15603 10
15604 10
15605 10
15606 10
15607 10
15608 10
15609 10
15610 10
15611 10
15612 10
15613 10
15614 10
15615 153
15616 30
15617 10
15618 10
15619 9
15620 10
15621 10
15622 10
15623 10
15624 10
15625 10
15626 10
15627 10
15628 25
15629 25
15630 10
15631 153
15632 10
15633 10
15634 10
15635 10
15636 25
15637 153
15638 168
15639 2
15640 10
15641 25
15642 9
15643 10
15644 10
15645 10
15646 10
15647 10
15648 10
15649 10
15650 10
15651 10
15652 10
15653 153
15654 10
15655 9
15656 10
15657 10
15658 176
15659 9
15660 10
15661 9
15662 10
15663 169
15664 10
15665 10
15666 9
15667 10
15668 30
15669 153
15670 10
15671 10
15672 9
15673 10
15674 10
15675 10
15676 10
15677 25
15678 10
15679 198
15680 9
15681 10
15682 10
15683 9
15684 10
15685 10
15686 155
15687 9
15688 10
15689 10
15690 10
15691 10
15692 10
15693 25
15694 10
15695 2
15696 10
15697 10
15698 63
15699 25
15700 10
15701 25
15702 10
15703 9
15704 10
15705 10
15706 10
15707 10
15708 155
15709 11
15710 122
15711 10
15712 25
15713 10
15714 10
15715 25
15716 10
15717 10
15718 10
15719 25
15720 10
15721 2
15722 10
15723 10
15724 10
15725 10
15726 10
15727 10
15728 10
15729 10
15730 10
15731 10
15732 30
15733 10
15734 153
15735 10
15736 10
15737 25
15738 30
15739 10
15740 153
15741 10
15742 9
15743 10
15744 25
15745 10
15746 10
15747 2
15748 25
15749 9
15750 9
15751 10
15752 25
15753 10
15754 25
15755 9
15756 10
15757 9
15758 25
15759 10
15760 10
15761 10
15762 10
15763 10
15764 10
15765 153
15766 115
15767 10
15768 25
15769 44
15770 10
15771 10
15772 10
15773 10
15774 9
15775 10
15776 9
15777 153
15778 10
15779 9
15780 9
15781 25
15782 10
15783 10
15784 10
15785 10
15786 153
15787 168
15788 10
15789 10
15790 10
15791 9
15792 10
15793 10
15794 10
15795 10
15796 2
15797 10
15798 10
15799 169
15800 10
15801 10
15802 30
15803 10
15804 25
15805 10
15806 10
15807 2
15808 10
15809 10
15810 10
15811 10
15812 10
15813 153
15814 10
15815 2
15816 10
15817 10
15818 10
15819 25
15820 153
15821 10
15822 10
15823 153
15824 30
15825 10
15826 10
15827 9
15828 10
15829 2
15830 2
15831 10
15832 10
15833 10
15834 10
15835 10
15836 10
15837 10
15838 10
15839 10
15840 10
15841 10
15842 10
15843 10
15844 10
15845 10
15846 153
15847 10
15848 25
15849 2
15850 10
15851 10
15852 10
15853 10
15854 10
15855 153
15856 153
15857 10
15858 155
15859 10
15860 25
15861 188
15862 30
15863 10
15864 10
15865 10
15866 10
15867 10
15868 10
15869 30
15870 2
15871 25
15872 10
15873 25
15874 10
15875 10
15876 171
15877 153
15878 153
15879 30
15880 10
15881 10
15882 10
15883 25
15884 10
15885 10
15886 10
15887 10
15888 10
15889 10
15890 25
15891 30
15892 10
15893 30
15894 10
15895 30
15896 10
15897 10
15898 10
15899 10
15900 25
15901 10
15902 10
15903 9
15904 25
15905 10
15906 169
15907 10
15908 153
15909 30
15910 10
15911 10
15912 10
15913 25
15914 10
15915 10
15916 2
15917 10
15918 10
15919 9
15920 25
15921 10
15922 10
15923 10
15924 10
15925 10
15926 2
15927 25
15928 25
15929 10
15930 10
15931 10
15932 10
15933 10
15934 153
15935 153
15936 10
15937 10
15938 10
15939 153
15940 30
15941 10
15942 153
15943 25
15944 10
15945 10
15946 10
15947 10
15948 25
15949 10
15950 10
15951 10
15952 25
15953 10
15954 10
15955 9
15956 25
15957 124
15958 2
15959 64
15960 10
15961 10
15962 25
15963 10
15964 10
15965 25
15966 10
15967 10
15968 10
15969 10
15970 10
15971 153
15972 10
15973 10
15974 10
15975 30
15976 10
15977 153
15978 25
15979 10
15980 10
15981 10
15982 10
15983 170
15984 10
15985 25
15986 30
15987 10
15988 10
15989 9
15990 10
15991 10
15992 10
15993 10
15994 2
15995 10
15996 10
15997 9
15998 10
15999 10
16000 9
16001 59
16002 10
16003 10
16004 10
16005 25
16006 153
16007 25
16008 10
16009 10
16010 10
16011 2
16012 10
16013 9
16014 10
16015 10
16016 153
16017 10
16018 10
16019 9
16020 10
16021 10
16022 153
16023 25
16024 10
16025 10
16026 10
16027 153
16028 10
16029 9
16030 10
16031 30
16032 25
16033 10
16034 25
16035 10
16036 10
16037 25
16038 10
16039 10
16040 10
16041 10
16042 25
16043 9
16044 25
16045 10
16046 10
16047 10
16048 10
16049 124
16050 10
16051 10
16052 25
16053 10
16054 10
16055 10
16056 10
16057 10
16058 10
16059 153
16060 25
16061 10
16062 2
16063 2
16064 2
16065 153
16066 10
16067 25
16068 10
16069 10
16070 10
16071 153
16072 153
16073 10
16074 25
16075 10
16076 10
16077 10
16078 10
16079 25
16080 25
16081 25
16082 10
16083 147
16084 25
16085 10
16086 10
16087 10
16088 10
16089 10
16090 10
16091 10
16092 10
16093 10
16094 10
16095 10
16096 10
16097 10
16098 10
16099 10
16100 9
16101 25
16102 25
16103 83
16104 10
16105 91
16106 10
16107 10
16108 10
16109 170
16110 10
16111 10
16112 10
16113 10
16114 10
16115 10
16116 10
16117 10
16118 10
16119 10
16120 30
16121 2
16122 30
16123 10
16124 153
16125 10
16126 2
16127 10
16128 10
16129 9
16130 2
16131 10
16132 10
16133 153
16134 10
16135 2
16136 10
16137 25
16138 10
16139 10
16140 10
16141 153
16142 10
16143 25
16144 10
16145 10
16146 10
16147 10
16148 10
16149 10
16150 25
16151 30
16152 153
16153 25
16154 10
16155 10
16156 2
16157 153
16158 25
16159 10
16160 10
16161 9
16162 164
16163 152
16164 25
16165 10
16166 9
16167 153
16168 10
16169 153
16170 10
16171 10
16172 2
16173 10
16174 10
16175 10
16176 10
16177 10
16178 82
16179 10
16180 10
16181 10
16182 10
16183 10
16184 10
16185 25
16186 10
16187 9
16188 10
16189 10
16190 25
16191 9
16192 153
16193 10
16194 9
16195 170
16196 153
16197 153
16198 25
16199 10
16200 153
16201 10
16202 9
16203 9
16204 9
16205 9
16206 9
16207 25
16208 9
16209 9
16210 153
16211 10
16212 10
16213 10
16214 10
16215 10
16216 10
16217 10
16218 9
16219 30
16220 10
16221 10
16222 10
16223 9
16224 153
16225 10
16226 10
16227 10
16228 10
16229 30
16230 170
16231 10
16232 10
16233 10
16234 30
16235 153
16236 153
16237 25
16238 2
16239 2
16240 10
16241 10
16242 10
16243 25
16244 10
16245 10
16246 153
16247 30
16248 10
16249 10
16250 10
16251 10
16252 153
16253 153
16254 153
16255 10
16256 9
16257 10
16258 25
16259 10
16260 25
16261 10
16262 25
16263 153
16264 153
16265 9
16266 10
16267 153
16268 25
16269 10
16270 153
16271 10
16272 9
16273 9
16274 10
16275 9
16276 10
16277 25
16278 153
16279 9
16280 9
16281 153
16282 9
16283 9
16284 9
16285 10
16286 9
16287 9
16288 10
16289 155
16290 10
16291 79
16292 155
16293 10
16294 9
16295 25
16296 25
16297 10
16298 153
16299 10
16300 10
16301 153
16302 153
16303 10
16304 10
16305 10
16306 10
16307 153
16308 10
16309 10
16310 30
16311 25
16312 10
16313 10
16314 10
16315 10
16316 10
16317 9
16318 10
16319 9
16320 9
16321 10
16322 153
16323 153
16324 153
16325 10
16326 10
16327 153
16328 10
16329 10
16330 10
16331 10
16332 153
16333 130
16334 10
16335 153
16336 10
16337 171
16338 10
16339 10
16340 10
16341 171
16342 10
16343 10
16344 10
16345 10
16346 10
16347 10
16348 10
16349 78
16350 9
16351 25
16352 10
16353 10
16354 10
16355 9
16356 9
16357 9
16358 10
16359 10
16360 10
16361 2
16362 10
16363 10
16364 10
16365 30
16366 10
16367 10
16368 10
16369 9
16370 9
16371 9
16372 25
16373 3
16374 10
16375 9
16376 2
16377 10
16378 10
16379 10
16380 9
16381 10
16382 153
16383 10
16384 9
16385 9
16386 9
16387 9
16388 30
16389 9
16390 9
16391 9
16392 9
16393 2
16394 153
16395 9
16396 10
16397 25
16398 9
16399 30
16400 9
16401 9
16402 10
16403 9
16404 9
16405 9
16406 9
16407 9
16408 9
16409 9
16410 9
16411 10
16412 9
16413 25
16414 9
16415 10
16416 9
16417 9
16418 9
16419 30
16420 9
16421 10
16422 10
16423 10
16424 2
16425 10
16426 10
16427 9
16428 9
16429 10
16430 2
16431 2
16432 10
16433 10
16434 10
16435 10
16436 10
16437 9
16438 10
16439 9
16440 9
16441 9
16442 9
16443 25
16444 10
16445 25
16446 9
16447 9
16448 9
16449 9
16450 9
16451 25
16452 9
16453 9
16454 10
16455 153
16456 25
16457 25
16458 2
16459 10
16460 153
16461 30
16462 30
16463 10
16464 10
16465 9
16466 9
16467 153
16468 9
16469 9
16470 146
16471 10
16472 10
16473 10
16474 10
16475 10
16476 10
16477 10
16478 10
16479 10
16480 10
16481 25
16482 10
16483 10
16484 10
16485 172
16486 10
16487 10
16488 10
16489 10
16490 153
16491 10
16492 10
16493 10
16494 10
16495 30
16496 30
16497 153
16498 9
16499 2
16500 9
16501 172
16502 10
16503 25
16504 25
16505 9
16506 9
16507 10
16508 153
16509 9
16510 153
16511 25
16512 25
16513 2
16514 10
16515 10
16516 25
16517 10
16518 10
16519 30
16520 9
16521 9
16522 25
16523 10
16524 10
16525 10
16526 10
16527 10
16528 10
16529 25
16530 10
16531 9
16532 10
16533 10
16534 10
16535 10
16536 9
16537 9
16538 10
16539 9
16540 9
16541 10
16542 10
16543 153
16544 10
16545 10
16546 25
16547 10
16548 10
16549 9
16550 153
16551 10
16552 10
16553 10
16554 10
16555 25
16556 153
16557 30
16558 10
16559 10
16560 9
16561 10
16562 10
16563 10
16564 10
16565 25
16566 10
16567 10
16568 10
16569 168
16570 10
16571 9
16572 10
16573 10
16574 10
16575 10
16576 10
16577 25
16578 183
16579 10
16580 10
16581 153
16582 10
16583 10
16584 25
16585 9
16586 9
16587 9
16588 30
16589 153
16590 153
16591 153
16592 10
16593 30
16594 10
16595 10
16596 10
16597 25
16598 2
16599 10
16600 10
16601 10
16602 10
16603 25
16604 25
16605 10
16606 10
16607 10
16608 10
16609 10
16610 25
16611 10
16612 10
16613 10
16614 10
16615 9
16616 10
16617 10
16618 10
16619 10
16620 10
16621 10
16622 10
16623 30
16624 25
16625 9
16626 10
16627 153
16628 57
16629 153
16630 10
16631 9
16632 25
16633 10
16634 10
16635 10
16636 10
16637 25
16638 10
16639 10
16640 10
16641 30
16642 10
16643 10
16644 10
16645 9
16646 10
16647 10
16648 10
16649 10
16650 10
16651 30
16652 10
16653 10
16654 10
16655 10
16656 10
16657 153
16658 10
16659 153
16660 9
16661 10
16662 10
16663 2
16664 153
16665 37
16666 30
16667 10
16668 10
16669 153
16670 10
16671 10
16672 10
16673 25
16674 160
16675 10
16676 10
16677 10
16678 10
16679 10
16680 30
16681 10
16682 10
16683 10
16684 10
16685 10
16686 10
16687 10
16688 30
16689 10
16690 10
16691 153
16692 10
16693 10
16694 30
16695 10
16696 10
16697 153
16698 10
16699 10
16700 9
16701 10
16702 10
16703 9
16704 25
16705 2
16706 10
16707 10
16708 153
16709 10
16710 9
16711 153
16712 10
16713 10
16714 10
16715 10
16716 10
16717 10
16718 10
16719 10
16720 10
16721 10
16722 10
16723 9
16724 9
16725 10
16726 173
16727 25
16728 10
16729 10
16730 10
16731 10
16732 10
16733 10
16734 9
16735 10
16736 10
16737 10
16738 10
16739 10
16740 25
16741 10
16742 173
16743 80
16744 10
16745 174
16746 10
16747 10
16748 10
16749 10
16750 10
16751 10
16752 10
16753 25
16754 10
16755 25
16756 25
16757 10
16758 10
16759 153
16760 153
16761 153
16762 153
16763 10
16764 10
16765 10
16766 166
16767 10
16768 10
16769 10
16770 10
16771 10
16772 25
16773 9
16774 10
16775 10
16776 10
16777 10
16778 10
16779 10
16780 25
16781 2
16782 153
16783 10
16784 10
16785 10
16786 99
16787 153
16788 10
16789 25
16790 10
16791 153
16792 9
16793 9
16794 9
16795 10
16796 153
16797 10
16798 10
16799 153
16800 9
16801 153
16802 25
16803 10
16804 10
16805 10
16806 10
16807 10
16808 10
16809 10
16810 9
16811 25
16812 153
16813 30
16814 10
16815 2
16816 10
16817 153
16818 9
16819 9
16820 175
16821 10
16822 9
16823 25
16824 9
16825 10
16826 10
16827 10
16828 10
16829 10
16830 30
16831 10
16832 25
16833 10
16834 153
16835 10
16836 10
16837 10
16838 10
16839 10
16840 10
16841 10
16842 10
16843 153
16844 9
16845 30
16846 2
16847 10
16848 9
16849 9
16850 9
16851 2
16852 2
16853 153
16854 10
16855 10
16856 30
16857 25
16858 92
16859 25
16860 153
16861 153
16862 10
16863 10
16864 25
16865 10
16866 10
16867 107
16868 10
16869 10
16870 25
16871 10
16872 10
16873 10
16874 25
16875 10
16876 10
16877 9
16878 10
16879 10
16880 153
16881 10
16882 30
16883 9
16884 10
16885 10
16886 10
16887 10
16888 10
16889 153
16890 25
16891 9
16892 10
16893 153
16894 25
16895 10
16896 10
16897 10
16898 10
16899 153
16900 10
16901 110
16902 10
16903 10
16904 10
16905 153
16906 106
16907 10
16908 10
16909 25
16910 10
16911 10
16912 10
16913 153
16914 9
16915 10
16916 25
16917 10
16918 10
16919 176
16920 10
16921 25
16922 10
16923 48
16924 25
16925 178
16926 25
16927 10
16928 2
16929 10
16930 10
16931 10
16932 10
16933 10
16934 10
16935 10
16936 10
16937 10
16938 25
16939 10
16940 9
16941 10
16942 153
16943 10
16944 10
16945 10
16946 10
16947 10
16948 10
16949 30
16950 10
16951 10
16952 10
16953 10
16954 10
16955 153
16956 9
16957 10
16958 10
16959 10
16960 25
16961 10
16962 10
16963 179
16964 153
16965 10
16966 10
16967 10
16968 10
16969 10
16970 25
16971 25
16972 10
16973 25
16974 153
16975 10
16976 10
16977 10
16978 152
16979 25
16980 10
16981 10
16982 10
16983 176
16984 10
16985 10
16986 10
16987 10
16988 81
16989 10
16990 10
16991 10
16992 153
16993 10
16994 10
16995 153
16996 10
16997 10
16998 10
16999 10
17000 10
17001 25
17002 9
17003 10
17004 2
17005 25
17006 10
17007 10
17008 10
17009 10
17010 10
17011 170
17012 10
17013 10
17014 153
17015 10
17016 10
17017 25
17018 10
17019 10
17020 25
17021 10
17022 153
17023 35
17024 153
17025 9
17026 9
17027 9
17028 9
17029 9
17030 9
17031 9
17032 153
17033 9
17034 9
17035 9
17036 9
17037 10
17038 25
17039 9
17040 160
17041 9
17042 10
17043 10
17044 10
17045 153
17046 10
17047 156
17048 10
17049 2
17050 25
17051 10
17052 25
17053 10
17054 10
17055 10
17056 25
17057 10
17058 153
17059 10
17060 10
17061 153
17062 10
17063 10
17064 10
17065 153
17066 30
17067 30
17068 10
17069 10
17070 10
17071 10
17072 149
17073 25
17074 10
17075 10
17076 10
17077 10
17078 10
17079 10
17080 153
17081 10
17082 10
17083 153
17084 9
17085 30
17086 10
17087 10
17088 10
17089 10
17090 10
17091 9
17092 9
17093 10
17094 10
17095 25
17096 10
17097 10
17098 25
17099 10
17100 10
17101 10
17102 10
17103 10
17104 9
17105 153
17106 10
17107 25
17108 10
17109 153
17110 176
17111 10
17112 10
17113 9
17114 10
17115 10
17116 10
17117 148
17118 10
17119 2
17120 10
17121 10
17122 2
17123 10
17124 10
17125 10
17126 10
17127 2
17128 9
17129 10
17130 10
17131 9
17132 30
17133 10
17134 10
17135 10
17136 25
17137 10
17138 9
17139 9
17140 9
17141 9
17142 9
17143 176
17144 25
17145 9
17146 9
17147 10
17148 9
17149 10
17150 10
17151 25
17152 10
17153 25
17154 10
17155 153
17156 25
17157 10
17158 10
17159 10
17160 10
17161 10
17162 10
17163 25
17164 10
17165 10
17166 30
17167 10
17168 30
17169 153
17170 10
17171 10
17172 25
17173 10
17174 153
17175 9
17176 10
17177 10
17178 9
17179 9
17180 10
17181 10
17182 9
17183 10
17184 10
17185 25
17186 10
17187 30
17188 10
17189 10
17190 30
17191 9
17192 10
17193 10
17194 10
17195 10
17196 153
17197 25
17198 25
17199 9
17200 10
17201 10
17202 30
17203 10
17204 25
17205 153
17206 10
17207 10
17208 180
17209 30
17210 48
17211 2
17212 9
17213 153
17214 10
17215 10
17216 10
17217 9
17218 10
17219 10
17220 10
17221 10
17222 10
17223 25
17224 153
17225 9
17226 153
17227 9
17228 129
17229 10
17230 10
17231 10
17232 30
17233 10
17234 25
17235 9
17236 10
17237 30
17238 145
17239 25
17240 10
17241 2
17242 25
17243 10
17244 25
17245 10
17246 10
17247 153
17248 25
17249 10
17250 10
17251 10
17252 153
17253 10
17254 25
17255 25
17256 10
17257 10
17258 10
17259 10
17260 10
17261 153
17262 2
17263 25
17264 10
17265 10
17266 10
17267 10
17268 10
17269 10
17270 153
17271 25
17272 10
17273 10
17274 10
17275 10
17276 25
17277 10
17278 10
17279 10
17280 153
17281 10
17282 10
17283 10
17284 10
17285 153
17286 10
17287 10
17288 10
17289 25
17290 10
17291 10
17292 10
17293 30
17294 10
17295 10
17296 10
17297 10
17298 177
17299 25
17300 10
17301 10
17302 9
17303 153
17304 9
17305 10
17306 10
17307 9
17308 9
17309 10
17310 9
17311 9
17312 10
17313 10
17314 153
17315 180
17316 25
17317 30
17318 10
17319 9
17320 2
17321 9
17322 10
17323 137
17324 10
17325 10
17326 153
17327 10
17328 10
17329 30
17330 10
17331 2
17332 10
17333 25
17334 10
17335 30
17336 10
17337 2
17338 2
17339 10
17340 2
17341 153
17342 10
17343 10
17344 2
17345 10
17346 10
17347 10
17348 10
17349 30
17350 196
17351 153
17352 10
17353 10
17354 10
17355 10
17356 10
17357 10
17358 25
17359 9
17360 10
17361 2
17362 10
17363 25
17364 178
17365 9
17366 10
17367 25
17368 10
17369 10
17370 10
17371 10
17372 10
17373 10
17374 25
17375 10
17376 10
17377 2
17378 9
17379 34
17380 10
17381 10
17382 25
17383 10
17384 25
17385 10
17386 10
17387 10
17388 10
17389 9
17390 10
17391 30
17392 25
17393 10
17394 44
17395 10
17396 2
17397 10
17398 25
17399 10
17400 153
17401 10
17402 10
17403 10
17404 10
17405 10
17406 10
17407 30
17408 25
17409 10
17410 9
17411 10
17412 10
17413 10
17414 10
17415 10
17416 10
17417 10
17418 10
17419 10
17420 10
17421 9
17422 10
17423 10
17424 10
17425 10
17426 10
17427 10
17428 10
17429 10
17430 10
17431 10
17432 10
17433 75
17434 25
17435 10
17436 10
17437 10
17438 10
17439 10
17440 10
17441 25
17442 25
17443 10
17444 10
17445 10
17446 178
17447 10
17448 10
17449 10
17450 10
17451 10
17452 10
17453 10
17454 10
17455 10
17456 10
17457 169
17458 2
17459 2
17460 10
17461 25
17462 10
17463 10
17464 153
17465 25
17466 10
17467 10
17468 10
17469 10
17470 10
17471 10
17472 10
17473 153
17474 9
17475 10
17476 10
17477 10
17478 2
17479 25
17480 10
17481 25
17482 10
17483 10
17484 10
17485 10
17486 10
17487 10
17488 10
17489 10
17490 10
17491 2
17492 10
17493 10
17494 10
17495 25
17496 10
17497 9
17498 49
17499 10
17500 10
17501 25
17502 10
17503 25
17504 25
17505 10
17506 10
17507 10
17508 10
17509 25
17510 10
17511 2
17512 9
17513 30
17514 30
17515 10
17516 153
17517 10
17518 9
17519 10
17520 153
17521 178
17522 2
17523 30
17524 25
17525 10
17526 9
17527 153
17528 25
17529 10
17530 153
17531 10
17532 153
17533 10
17534 10
17535 10
17536 10
17537 153
17538 25
17539 10
17540 92
17541 10
17542 2
17543 2
17544 10
17545 25
17546 10
17547 25
17548 10
17549 2
17550 10
17551 30
17552 25
17553 10
17554 2
17555 10
17556 10
17557 10
17558 10
17559 10
17560 10
17561 10
17562 97
17563 25
17564 10
17565 170
17566 194
17567 10
17568 10
17569 10
17570 145
17571 153
17572 25
17573 10
17574 10
17575 153
17576 10
17577 10
17578 10
17579 10
17580 30
17581 10
17582 66
17583 153
17584 10
17585 10
17586 10
17587 10
17588 153
17589 153
17590 10
17591 10
17592 10
17593 10
17594 10
17595 10
17596 10
17597 9
17598 10
17599 10
17600 25
17601 25
17602 10
17603 10
17604 25
17605 10
17606 9
17607 153
17608 2
17609 153
17610 10
17611 141
17612 9
17613 10
17614 33
17615 10
17616 2
17617 25
17618 17
17619 10
17620 10
17621 153
17622 10
17623 2
17624 25
17625 10
17626 2
17627 10
17628 9
17629 151
17630 10
17631 10
17632 10
17633 10
17634 10
17635 10
17636 10
17637 10
17638 10
17639 10
17640 25
17641 10
17642 9
17643 10
17644 10
17645 10
17646 51
17647 10
17648 179
17649 9
17650 25
17651 10
17652 10
17653 10
17654 10
17655 25
17656 10
17657 9
17658 2
17659 10
17660 10
17661 153
17662 153
17663 9
17664 179
17665 153
17666 10
17667 10
17668 9
17669 10
17670 10
17671 30
17672 10
17673 180
17674 10
17675 25
17676 10
17677 9
17678 9
17679 10
17680 30
17681 10
17682 9
17683 10
17684 10
17685 2
17686 10
17687 89
17688 180
17689 10
17690 25
17691 25
17692 10
17693 10
17694 10
17695 153
17696 10
17697 10
17698 10
17699 10
17700 10
17701 10
17702 10
17703 10
17704 10
17705 10
17706 10
17707 10
17708 10
17709 30
17710 9
17711 10
17712 10
17713 10
17714 10
17715 10
17716 10
17717 10
17718 10
17719 10
17720 10
17721 30
17722 30
17723 10
17724 10
17725 10
17726 30
17727 10
17728 10
17729 153
17730 2
17731 10
17732 10
17733 153
17734 30
17735 153
17736 10
17737 10
17738 30
17739 127
17740 10
17741 153
17742 10
17743 10
17744 25
17745 10
17746 25
17747 153
17748 10
17749 10
17750 10
17751 153
17752 10
17753 10
17754 9
17755 30
17756 10
17757 25
17758 10
17759 10
17760 153
17761 9
17762 30
17763 10
17764 10
17765 10
17766 10
17767 42
17768 10
17769 10
17770 10
17771 10
17772 30
17773 10
17774 10
17775 10
17776 10
17777 10
17778 10
17779 10
17780 146
17781 10
17782 10
17783 10
17784 25
17785 10
17786 30
17787 9
17788 10
17789 153
17790 153
17791 10
17792 10
17793 25
17794 9
17795 9
17796 153
17797 30
17798 10
17799 9
17800 9
17801 153
17802 9
17803 9
17804 9
17805 9
17806 10
17807 10
17808 9
17809 9
17810 10
17811 10
17812 9
17813 114
17814 10
17815 10
17816 10
17817 10
17818 10
17819 10
17820 10
17821 10
17822 153
17823 153
17824 10
17825 153
17826 10
17827 10
17828 10
17829 10
17830 10
17831 10
17832 2
17833 153
17834 10
17835 10
17836 153
17837 10
17838 10
17839 10
17840 10
17841 10
17842 25
17843 9
17844 153
17845 153
17846 153
17847 10
17848 2
17849 10
17850 10
17851 9
17852 10
17853 10
17854 10
17855 10
17856 30
17857 30
17858 25
17859 10
17860 30
17861 10
17862 89
17863 10
17864 30
17865 10
17866 10
17867 30
17868 10
17869 153
17870 25
17871 10
17872 25
17873 10
17874 10
17875 10
17876 25
17877 10
17878 10
17879 10
17880 10
17881 10
17882 10
17883 9
17884 10
17885 163
17886 9
17887 10
17888 10
17889 25
17890 10
17891 10
17892 10
17893 10
17894 10
17895 10
17896 148
17897 10
17898 153
17899 10
17900 10
17901 153
17902 10
17903 10
17904 10
17905 9
17906 30
17907 9
17908 10
17909 25
17910 180
17911 10
17912 127
17913 9
17914 10
17915 10
17916 153
17917 10
17918 10
17919 10
17920 10
17921 10
17922 2
17923 10
17924 10
17925 10
17926 10
17927 153
17928 10
17929 10
17930 10
17931 10
17932 10
17933 10
17934 10
17935 10
17936 10
17937 10
17938 9
17939 30
17940 10
17941 10
17942 10
17943 30
17944 10
17945 10
17946 10
17947 30
17948 9
17949 10
17950 10
17951 153
17952 10
17953 10
17954 9
17955 25
17956 10
17957 10
17958 180
17959 25
17960 10
17961 10
17962 10
17963 10
17964 10
17965 10
17966 2
17967 10
17968 10
17969 30
17970 10
17971 10
17972 153
17973 10
17974 10
17975 25
17976 10
17977 25
17978 10
17979 10
17980 25
17981 10
17982 25
17983 10
17984 10
17985 10
17986 166
17987 30
17988 10
17989 10
17990 10
17991 10
17992 10
17993 10
17994 10
17995 2
17996 10
17997 10
17998 10
17999 25
18000 30
18001 9
18002 25
18003 10
18004 10
18005 10
18006 113
18007 9
18008 10
18009 10
18010 25
18011 25
18012 10
18013 10
18014 10
18015 25
18016 10
18017 25
18018 153
18019 30
18020 10
18021 25
18022 10
18023 153
18024 10
18025 153
18026 25
18027 10
18028 10
18029 10
18030 10
18031 30
18032 10
18033 10
18034 153
18035 25
18036 10
18037 10
18038 25
18039 10
18040 10
18041 10
18042 153
18043 25
18044 10
18045 10
18046 10
18047 25
18048 10
18049 10
18050 10
18051 10
18052 10
18053 114
18054 153
18055 10
18056 10
18057 160
18058 153
18059 10
18060 153
18061 10
18062 9
18063 10
18064 10
18065 30
18066 25
18067 10
18068 25
18069 10
18070 9
18071 25
18072 64
18073 10
18074 153
18075 10
18076 10
18077 10
18078 30
18079 10
18080 10
18081 10
18082 10
18083 10
18084 10
18085 10
18086 10
18087 10
18088 10
18089 10
18090 30
18091 10
18092 10
18093 30
18094 10
18095 10
18096 10
18097 10
18098 10
18099 10
18100 10
18101 10
18102 30
18103 10
18104 10
18105 10
18106 30
18107 10
18108 10
18109 10
18110 10
18111 10
18112 10
18113 10
18114 10
18115 10
18116 10
18117 10
18118 30
18119 25
18120 30
18121 10
18122 10
18123 10
18124 25
18125 25
18126 9
18127 21
18128 10
18129 10
18130 10
18131 25
18132 10
18133 10
18134 153
18135 25
18136 10
18137 10
18138 30
18139 10
18140 10
18141 10
18142 10
18143 10
18144 10
18145 10
18146 10
18147 25
18148 25
18149 10
18150 10
18151 153
18152 25
18153 25
18154 153
18155 10
18156 168
18157 10
18158 10
18159 25
18160 10
18161 25
18162 10
18163 10
18164 10
18165 10
18166 10
18167 10
18168 10
18169 153
18170 10
18171 10
18172 10
18173 25
18174 10
18175 155
18176 155
18177 10
18178 10
18179 30
18180 178
18181 25
18182 10
18183 30
18184 10
18185 108
18186 160
18187 10
18188 10
18189 18
18190 10
18191 10
18192 2
18193 171
18194 10
18195 10
18196 10
18197 10
18198 10
18199 10
18200 10
18201 153
18202 9
18203 10
18204 10
18205 10
18206 94
18207 153
18208 10
18209 2
18210 10
18211 10
18212 30
18213 25
18214 30
18215 10
18216 10
18217 10
18218 10
18219 10
18220 10
18221 10
18222 10
18223 10
18224 10
18225 10
18226 10
18227 10
18228 10
18229 10
18230 2
18231 10
18232 10
18233 25
18234 10
18235 10
18236 10
18237 10
18238 10
18239 10
18240 10
18241 10
18242 10
18243 10
18244 10
18245 10
18246 10
18247 10
18248 9
18249 10
18250 9
18251 10
18252 10
18253 10
18254 10
18255 30
18256 10
18257 10
18258 10
18259 10
18260 10
18261 10
18262 10
18263 153
18264 25
18265 10
18266 10
18267 10
18268 10
18269 160
18270 10
18271 10
18272 9
18273 10
18274 10
18275 10
18276 25
18277 10
18278 9
18279 25
18280 30
18281 10
18282 10
18283 10
18284 10
18285 178
18286 25
18287 2
18288 153
18289 10
18290 10
18291 155
18292 10
18293 10
18294 10
18295 10
18296 10
18297 10
18298 30
18299 153
18300 9
18301 10
18302 10
18303 10
18304 10
18305 9
18306 10
18307 10
18308 10
18309 10
18310 10
18311 10
18312 10
18313 10
18314 10
18315 10
18316 10
18317 10
18318 10
18319 10
18320 10
18321 10
18322 104
18323 10
18324 25
18325 10
18326 30
18327 30
18328 10
18329 9
18330 25
18331 10
18332 10
18333 10
18334 10
18335 10
18336 10
18337 9
18338 9
18339 10
18340 10
18341 9
18342 9
18343 9
18344 9
18345 9
18346 10
18347 162
18348 10
18349 153
18350 9
18351 9
18352 9
18353 10
18354 10
18355 9
18356 2
18357 9
18358 10
18359 10
18360 10
18361 9
18362 9
18363 153
18364 9
18365 9
18366 9
18367 170
18368 9
18369 9
18370 9
18371 9
18372 9
18373 9
18374 9
18375 9
18376 9
18377 9
18378 9
18379 9
18380 9
18381 25
18382 9
18383 25
18384 10
18385 9
18386 9
18387 9
18388 9
18389 10
18390 9
18391 10
18392 10
18393 10
18394 10
18395 153
18396 10
18397 9
18398 9
18399 9
18400 9
18401 10
18402 10
18403 10
18404 30
18405 10
18406 10
18407 10
18408 9
18409 153
18410 2
18411 10
18412 153
18413 30
18414 10
18415 9
18416 153
18417 153
18418 153
18419 25
18420 10
18421 178
18422 99
18423 9
18424 10
18425 10
18426 153
18427 10
18428 10
18429 2
18430 30
18431 2
18432 10
18433 10
18434 25
18435 10
18436 10
18437 10
18438 9
18439 10
18440 9
18441 10
18442 153
18443 9
18444 30
18445 9
18446 9
18447 9
18448 10
18449 9
18450 9
18451 9
18452 10
18453 10
18454 10
18455 10
18456 10
18457 10
18458 10
18459 10
18460 25
18461 9
18462 153
18463 9
18464 10
18465 9
18466 9
18467 10
18468 25
18469 10
18470 153
18471 9
18472 9
18473 9
18474 9
18475 9
18476 9
18477 9
18478 9
18479 9
18480 9
18481 10
18482 10
18483 10
18484 10
18485 2
18486 10
18487 10
18488 10
18489 10
18490 9
18491 10
18492 10
18493 10
18494 10
18495 10
18496 153
18497 155
18498 10
18499 10
18500 10
18501 10
18502 10
18503 178
18504 25
18505 10
18506 10
18507 10
18508 10
18509 10
18510 25
18511 10
18512 9
18513 10
18514 9
18515 10
18516 9
18517 2
18518 9
18519 9
18520 10
18521 9
18522 10
18523 10
18524 10
18525 30
18526 25
18527 153
18528 10
18529 10
18530 153
18531 10
18532 25
18533 9
18534 10
18535 153
18536 155
18537 10
18538 30
18539 10
18540 10
18541 10
18542 10
18543 10
18544 9
18545 10
18546 10
18547 2
18548 2
18549 10
18550 10
18551 10
18552 10
18553 153
18554 25
18555 10
18556 10
18557 10
18558 10
18559 10
18560 179
18561 10
18562 10
18563 10
18564 180
18565 2
18566 10
18567 25
18568 10
18569 10
18570 10
18571 10
18572 10
18573 10
18574 155
18575 10
18576 10
18577 2
18578 2
18579 153
18580 10
18581 10
18582 10
18583 10
18584 10
18585 30
18586 10
18587 45
18588 2
18589 10
18590 10
18591 10
18592 10
18593 2
18594 10
18595 10
18596 10
18597 10
18598 10
18599 10
18600 10
18601 10
18602 30
18603 10
18604 10
18605 10
18606 10
18607 10
18608 10
18609 10
18610 10
18611 10
18612 10
18613 153
18614 153
18615 10
18616 153
18617 2
18618 30
18619 10
18620 25
18621 10
18622 10
18623 10
18624 25
18625 10
18626 10
18627 9
18628 10
18629 10
18630 153
18631 147
18632 10
18633 153
18634 10
18635 10
18636 10
18637 10
18638 10
18639 10
18640 25
18641 10
18642 10
18643 10
18644 30
18645 10
18646 153
18647 10
18648 10
18649 10
18650 10
18651 10
18652 30
18653 10
18654 153
18655 2
18656 10
18657 10
18658 10
18659 10
18660 10
18661 10
18662 10
18663 10
18664 10
18665 10
18666 10
18667 10
18668 153
18669 25
18670 30
18671 10
18672 10
18673 9
18674 10
18675 9
18676 25
18677 180
18678 10
18679 9
18680 10
18681 10
18682 25
18683 30
18684 153
18685 126
18686 10
18687 10
18688 25
18689 2
18690 10
18691 10
18692 10
18693 10
18694 25
18695 9
18696 153
18697 10
18698 25
18699 10
18700 25
18701 10
18702 10
18703 10
18704 10
18705 153
18706 10
18707 30
18708 10
18709 10
18710 10
18711 10
18712 10
18713 2
18714 9
18715 10
18716 25
18717 10
18718 10
18719 10
18720 10
18721 10
18722 30
18723 10
18724 10
18725 153
18726 10
18727 30
18728 155
18729 10
18730 10
18731 10
18732 10
18733 153
18734 153
18735 25
18736 10
18737 10
18738 25
18739 10
18740 10
18741 153
18742 10
18743 10
18744 10
18745 10
18746 180
18747 10
18748 25
18749 10
18750 10
18751 10
18752 10
18753 153
18754 10
18755 9
18756 30
18757 10
18758 30
18759 10
18760 10
18761 128
18762 30
18763 10
18764 10
18765 10
18766 10
18767 10
18768 25
18769 25
18770 153
