904
0 61
1 61
2 61
3 61
4 61
5 61
6 61
7 61
8 61
9 61
10 61
11 61
12 61
13 61
14 61
15 61
16 61
17 61
18 61
19 61
20 61
21 61
22 61
23 61
24 61
25 61
26 61
27 61
28 61
29 61
30 61
31 61
32 61
33 61
34 61
35 61
36 61
37 61
38 61
39 61
40 61
41 61
42 61
43 61
44 7
45 61
46 0
47 61
48 61
49 61
50 61
51 61
52 61
53 61
54 61
55 61
56 61
57 61
58 61
59 7
60 61
61 61
62 61
63 61
64 61
65 61
66 61
67 61
68 61
69 488
70 752
71 137
72 137
73 61
74 61
75 61
76 752
77 752
78 61
79 61
80 14
81 61
82 61
83 61
84 61
85 61
86 61
87 61
88 61
89 61
90 61
91 61
92 61
93 61
94 61
95 752
96 61
97 61
98 386
99 61
100 61
101 61
102 7
103 61
104 61
105 61
106 61
107 61
108 137
109 61
110 61
111 137
112 61
113 61
114 7
115 61
116 61
117 386
118 752
119 61
120 61
121 61
122 61
123 61
124 61
125 61
126 137
127 61
128 61
129 61
130 61
131 61
132 752
133 137
134 61
135 137
136 752
137 61
138 61
139 61
140 137
141 61
142 386
143 61
144 137
145 137
146 137
147 0
148 7
149 61
150 61
151 488
152 61
153 61
154 61
155 61
156 61
157 61
158 61
159 61
160 61
161 61
162 61
163 386
164 137
165 61
166 137
167 61
168 0
169 752
170 61
171 61
172 61
173 61
174 752
175 137
176 61
177 137
178 61
179 137
180 137
181 137
182 61
183 61
184 137
185 61
186 752
187 752
188 752
189 61
190 61
191 61
192 137
193 61
194 61
195 61
196 61
197 61
198 61
199 61
200 8
201 61
202 61
203 137
204 61
205 752
206 752
207 61
208 61
209 61
210 61
211 61
212 40
213 61
214 61
215 137
216 61
217 752
218 752
219 752
220 752
221 752
222 61
223 61
224 752
225 137
226 61
227 61
228 61
229 137
230 61
231 137
232 752
233 137
234 137
235 61
236 752
237 95
238 61
239 61
240 61
241 137
242 61
243 137
244 61
245 61
246 0
247 61
248 61
249 137
250 61
251 61
252 61
253 61
254 137
255 137
256 61
257 752
258 61
259 61
260 61
261 61
262 61
263 61
264 61
265 61
266 61
267 7
268 61
269 61
270 61
271 61
272 61
273 61
274 61
275 61
276 61
277 61
278 61
279 61
280 61
281 137
282 61
283 61
284 61
285 61
286 0
287 0
288 61
289 61
290 61
291 61
292 137
293 137
294 61
295 137
296 61
297 61
298 61
299 137
300 752
301 61
302 7
303 61
304 61
305 61
306 752
307 752
308 61
309 61
310 61
311 61
312 137
313 137
314 137
315 137
316 752
317 61
318 61
319 61
320 61
321 61
322 137
323 137
324 61
325 61
326 61
327 61
328 61
329 137
330 61
331 61
332 61
333 61
334 61
335 137
336 137
337 61
338 752
339 61
340 61
341 61
342 61
343 752
344 137
345 61
346 752
347 137
348 752
349 752
350 61
351 61
352 61
353 137
354 137
355 137
356 61
357 752
358 61
359 61
360 61
361 61
362 61
363 61
364 137
365 137
366 137
367 137
368 752
369 95
370 61
371 752
372 752
373 752
374 752
375 752
376 268
377 61
378 61
379 137
380 61
381 752
382 61
383 137
384 61
385 61
386 752
387 752
388 61
389 61
390 386
391 61
392 61
393 61
394 61
395 268
396 137
397 95
398 137
399 137
400 752
401 752
402 61
403 61
404 752
405 752
406 137
407 752
408 0
409 0
410 61
411 752
412 61
413 61
414 61
415 61
416 137
417 61
418 61
419 14
420 61
421 61
422 61
423 61
424 137
425 137
426 752
427 752
428 61
429 61
430 61
431 61
432 61
433 61
434 61
435 10
436 137
437 61
438 137
439 61
440 61
441 61
442 61
443 61
444 752
445 61
446 137
447 61
448 61
449 61
450 137
451 137
452 752
453 61
454 61
455 752
456 752
457 752
458 752
459 61
460 61
461 137
462 61
463 752
464 752
465 61
466 137
467 61
468 752
469 137
470 752
471 752
472 752
473 752
474 752
475 137
476 752
477 752
478 752
479 752
480 752
481 61
482 752
483 752
484 752
485 61
486 61
487 61
488 61
489 61
490 61
491 752
492 61
493 752
494 137
495 137
496 137
497 137
498 137
499 137
500 752
501 137
502 61
503 752
504 137
505 137
506 752
507 752
508 752
509 752
510 752
511 137
512 752
513 137
514 752
515 752
516 752
517 61
518 752
519 137
520 752
521 752
522 752
523 752
524 752
525 137
526 137
527 752
528 752
529 752
530 752
531 752
532 752
533 61
534 752
535 752
536 137
537 752
538 752
539 752
540 61
541 61
542 137
543 137
544 137
545 137
546 137
547 137
548 752
549 137
550 752
551 752
552 752
553 61
554 752
555 752
556 752
557 137
558 137
559 752
560 137
561 137
562 137
563 137
564 752
565 137
566 752
567 752
568 137
569 752
570 752
571 137
572 61
573 61
574 61
575 137
576 752
577 752
578 61
579 752
580 752
581 752
582 137
583 752
584 137
585 61
586 137
587 752
588 752
589 752
590 137
591 61
592 137
593 137
594 137
595 752
596 137
597 137
598 137
599 137
600 752
601 752
602 752
603 61
604 61
605 752
606 752
607 752
608 752
609 137
610 137
611 137
612 137
613 752
614 137
615 752
616 752
617 137
618 61
619 752
620 752
621 752
622 137
623 137
624 752
625 752
626 61
627 137
628 137
629 137
630 61
631 61
632 752
633 137
634 137
635 752
636 752
637 752
638 137
639 61
640 61
641 61
642 137
643 752
644 752
645 137
646 137
647 61
648 752
649 752
650 137
651 137
652 137
653 137
654 137
655 61
656 752
657 752
658 752
659 137
660 752
661 61
662 61
663 137
664 752
665 137
666 137
667 61
668 61
669 752
670 752
671 752
672 752
673 752
674 61
675 61
676 61
677 137
678 61
679 752
680 752
681 137
682 752
683 752
684 752
685 137
686 61
687 61
688 752
689 137
690 61
691 137
692 61
693 752
694 61
695 752
696 18
697 752
698 752
699 137
700 61
701 137
702 137
703 752
704 752
705 137
706 137
707 61
708 137
709 137
710 752
711 137
712 61
713 61
714 61
715 61
716 61
717 752
718 752
719 752
720 752
721 752
722 137
723 137
724 137
725 137
726 137
727 752
728 752
729 61
730 752
731 137
732 752
733 61
734 137
735 137
736 137
737 137
738 137
739 137
740 752
741 61
742 137
743 752
744 752
745 752
746 137
747 752
748 137
749 137
750 752
751 137
752 752
753 752
754 137
755 752
756 61
757 137
758 752
759 752
760 137
761 137
762 61
763 752
764 61
765 137
766 61
767 137
768 137
769 752
770 752
771 752
772 137
773 137
774 137
775 137
776 137
777 137
778 137
779 61
780 61
781 137
782 61
783 752
784 137
785 137
786 61
787 61
788 137
789 61
790 752
791 61
792 61
793 61
794 137
795 752
796 137
797 137
798 752
799 752
800 752
801 137
802 137
803 61
804 137
805 752
806 752
807 752
808 752
809 752
810 752
811 752
812 137
813 752
814 61
815 752
816 61
817 61
818 752
819 752
820 61
821 61
822 61
823 137
824 61
825 752
826 752
827 752
828 0
829 61
830 61
831 137
832 752
833 752
834 137
835 752
836 137
837 137
838 137
839 61
840 752
841 752
842 752
843 752
844 752
845 137
846 752
847 752
848 752
849 752
850 752
851 752
852 137
853 752
854 752
855 752
856 137
857 137
858 752
859 61
860 61
861 137
862 61
863 61
864 61
865 137
866 61
867 61
868 61
869 61
870 61
871 61
872 61
873 0
874 61
875 61
876 61
877 61
878 61
879 61
880 0
881 61
882 61
883 61
884 137
885 752
886 61
887 488
888 61
889 61
890 61
891 61
892 137
893 3
894 61
895 61
896 268
897 61
898 752
899 61
900 752
901 61
902 61
903 61
904 61
905 61
906 752
907 137
908 61
909 752
910 488
911 61
912 61
913 61
914 61
915 61
916 61
917 61
918 0
919 0
920 61
921 752
922 0
923 61
924 61
925 137
926 752
927 61
928 61
929 61
930 752
931 61
932 752
933 61
934 61
935 61
936 61
937 752
938 0
939 61
940 61
941 61
942 61
943 752
944 61
945 137
946 752
947 0
948 752
949 137
950 232
951 752
952 137
953 137
954 137
955 137
956 137
957 752
958 752
959 61
960 61
961 61
962 61
963 61
964 61
965 61
966 0
967 823
968 823
969 823
970 823
971 823
972 823
973 823
974 823
975 823
976 823
977 823
978 823
979 823
980 823
981 823
982 823
983 823
984 823
985 823
986 823
987 823
988 823
989 823
990 823
991 823
992 823
993 823
994 823
995 823
996 823
997 823
998 823
999 823
1000 823
1001 823
1002 823
1003 823
1004 823
1005 823
1006 823
1007 823
1008 823
1009 823
1010 823
1011 823
1012 823
1013 823
1014 823
1015 823
1016 823
1017 823
1018 137
1019 823
1020 823
1021 823
1022 823
1023 61
1024 61
1025 137
1026 61
1027 61
1028 61
1029 137
1030 61
1031 61
1032 61
1033 752
1034 752
1035 61
1036 61
1037 137
1038 752
1039 61
1040 61
1041 61
1042 61
1043 61
1044 61
1045 61
1046 61
1047 61
1048 61
1049 61
1050 61
1051 137
1052 61
1053 0
1054 61
1055 137
1056 137
1057 137
1058 61
1059 61
1060 61
1061 61
1062 61
1063 752
1064 61
1065 61
1066 61
1067 61
1068 61
1069 61
1070 61
1071 61
1072 61
1073 0
1074 0
1075 61
1076 61
1077 137
1078 61
1079 61
1080 61
1081 61
1082 61
1083 61
1084 61
1085 137
1086 61
1087 61
1088 61
1089 61
1090 61
1091 61
1092 61
1093 61
1094 61
1095 61
1096 137
1097 137
1098 61
1099 61
1100 61
1101 61
1102 61
1103 61
1104 61
1105 61
1106 61
1107 137
1108 61
1109 61
1110 61
1111 61
1112 137
1113 61
1114 61
1115 137
1116 61
1117 61
1118 61
1119 137
1120 137
1121 61
1122 61
1123 61
1124 61
1125 61
1126 61
1127 61
1128 61
1129 752
1130 61
1131 61
1132 61
1133 61
1134 61
1135 137
1136 137
1137 61
1138 61
1139 61
1140 61
1141 61
1142 61
1143 61
1144 61
1145 61
1146 61
1147 61
1148 61
1149 137
1150 61
1151 61
1152 61
1153 61
1154 61
1155 61
1156 61
1157 61
1158 61
1159 137
1160 61
1161 137
1162 61
1163 61
1164 137
1165 61
1166 137
1167 0
1168 0
1169 137
1170 61
1171 61
1172 61
1173 61
1174 61
1175 61
1176 137
1177 137
1178 752
1179 137
1180 61
1181 61
1182 61
1183 137
1184 137
1185 137
1186 61
1187 61
1188 61
1189 61
1190 61
1191 61
1192 137
1193 61
1194 61
1195 61
1196 61
1197 752
1198 137
1199 137
1200 137
1201 61
1202 61
1203 61
1204 61
1205 752
1206 61
1207 752
1208 752
1209 61
1210 61
1211 61
1212 61
1213 61
1214 61
1215 61
1216 61
1217 61
1218 752
1219 61
1220 61
1221 61
1222 61
1223 137
1224 61
1225 61
1226 61
1227 61
1228 61
1229 752
1230 137
1231 137
1232 61
1233 61
1234 61
1235 137
1236 61
1237 61
1238 61
1239 137
1240 61
1241 752
1242 61
1243 61
1244 61
1245 137
1246 61
1247 61
1248 61
1249 137
1250 137
1251 752
1252 61
1253 61
1254 137
1255 61
1256 386
1257 0
1258 386
1259 488
1260 386
1261 386
1262 386
1263 386
1264 386
1265 61
1266 386
1267 386
1268 386
1269 386
1270 488
1271 61
1272 386
1273 386
1274 386
1275 386
1276 137
1277 386
1278 386
1279 386
1280 386
1281 386
1282 386
1283 386
1284 386
1285 386
1286 61
1287 61
1288 137
1289 137
1290 137
1291 137
1292 137
1293 137
1294 137
1295 137
1296 137
1297 752
1298 137
1299 137
1300 137
1301 137
1302 137
1303 137
1304 137
1305 137
1306 137
1307 137
1308 137
1309 137
1310 137
1311 137
1312 137
1313 137
1314 137
1315 137
1316 137
1317 137
1318 137
1319 137
1320 137
1321 137
1322 137
1323 137
1324 137
1325 137
1326 137
1327 137
1328 137
1329 752
1330 137
1331 137
1332 137
1333 137
1334 137
1335 137
1336 137
1337 137
1338 137
1339 137
1340 137
1341 61
1342 61
1343 61
1344 61
1345 61
1346 61
1347 61
1348 61
1349 61
1350 61
1351 61
1352 61
1353 61
1354 752
1355 61
1356 61
1357 752
1358 752
1359 752
1360 752
1361 752
1362 61
1363 137
1364 61
1365 61
1366 61
1367 752
1368 61
1369 137
1370 137
1371 61
1372 61
1373 137
1374 752
1375 61
1376 752
1377 61
1378 752
1379 61
1380 752
1381 61
1382 752
1383 61
1384 61
1385 752
1386 752
1387 137
1388 137
1389 61
1390 752
1391 61
1392 137
1393 61
1394 61
1395 752
1396 752
1397 61
1398 752
1399 61
1400 752
1401 752
1402 752
1403 752
1404 137
1405 61
1406 61
1407 61
1408 752
1409 752
1410 752
1411 887
1412 752
1413 61
1414 61
1415 752
1416 137
1417 752
1418 4
1419 61
1420 61
1421 752
1422 752
1423 752
1424 137
1425 752
1426 752
1427 752
1428 137
1429 137
1430 752
1431 752
1432 752
1433 752
1434 61
1435 137
1436 137
1437 752
1438 752
1439 137
1440 752
1441 61
1442 752
1443 752
1444 752
1445 61
1446 752
1447 752
1448 137
1449 752
1450 752
1451 752
1452 752
1453 752
1454 752
1455 61
1456 752
1457 488
1458 137
1459 752
1460 752
1461 61
1462 752
1463 752
1464 137
1465 752
1466 137
1467 61
1468 752
1469 752
1470 61
1471 61
1472 752
1473 752
1474 752
1475 61
1476 752
1477 61
1478 61
1479 61
1480 752
1481 137
1482 752
1483 752
1484 0
1485 752
1486 61
1487 61
1488 752
1489 752
1490 752
1491 137
1492 137
1493 137
1494 137
1495 137
1496 137
1497 752
1498 752
1499 61
1500 61
1501 752
1502 61
1503 14
1504 61
1505 0
1506 752
1507 268
1508 752
1509 752
1510 137
1511 752
1512 752
1513 61
1514 752
1515 137
1516 61
1517 137
1518 752
1519 752
1520 752
1521 752
1522 752
1523 752
1524 752
1525 752
1526 137
1527 752
1528 752
1529 61
1530 14
1531 137
1532 137
1533 137
1534 752
1535 137
1536 752
1537 137
1538 752
1539 137
1540 752
1541 61
1542 61
1543 61
1544 137
1545 137
1546 137
1547 752
1548 137
1549 137
1550 61
1551 301
1552 137
1553 14
1554 752
1555 137
1556 752
1557 752
1558 61
1559 752
1560 61
1561 752
1562 137
1563 137
1564 137
1565 61
1566 61
1567 752
1568 61
1569 4
1570 752
1571 752
1572 61
1573 752
1574 61
1575 752
1576 752
1577 4
1578 61
1579 61
1580 752
1581 752
1582 752
1583 61
1584 61
1585 61
1586 137
1587 752
1588 137
1589 752
1590 752
1591 752
1592 752
1593 61
1594 61
1595 752
1596 752
1597 752
1598 752
1599 752
1600 137
1601 137
1602 137
1603 61
1604 61
1605 752
1606 752
1607 752
1608 752
1609 752
1610 752
1611 752
1612 752
1613 488
1614 752
1615 61
1616 61
1617 752
1618 137
1619 61
1620 61
1621 137
1622 61
1623 752
1624 752
1625 752
1626 61
1627 752
1628 61
1629 61
1630 752
1631 61
1632 752
1633 752
1634 752
1635 752
1636 752
1637 752
1638 752
1639 4
1640 61
1641 232
1642 488
1643 752
1644 752
1645 752
1646 752
1647 752
1648 752
1649 752
1650 752
1651 137
1652 61
1653 752
1654 61
1655 752
1656 137
1657 752
1658 752
1659 752
1660 137
1661 61
1662 61
1663 137
1664 752
1665 752
1666 752
1667 137
1668 61
1669 61
1670 137
1671 752
1672 61
1673 137
1674 137
1675 61
1676 752
1677 752
1678 137
1679 752
1680 61
1681 752
1682 137
1683 137
1684 752
1685 61
1686 752
1687 752
1688 752
1689 61
1690 137
1691 61
1692 61
1693 14
1694 752
1695 137
1696 752
1697 752
1698 752
1699 752
1700 61
1701 752
1702 752
1703 752
1704 137
1705 61
1706 752
1707 137
1708 61
1709 752
1710 752
1711 752
1712 137
1713 752
1714 61
1715 752
1716 752
1717 752
1718 752
1719 752
1720 752
1721 752
1722 752
1723 752
1724 752
1725 61
1726 752
1727 752
1728 137
1729 752
1730 61
1731 752
1732 752
1733 752
1734 137
1735 137
1736 61
1737 61
1738 752
1739 752
1740 752
1741 752
1742 752
1743 268
1744 752
1745 752
1746 752
1747 61
1748 137
1749 752
1750 752
1751 752
1752 752
1753 752
1754 752
1755 752
1756 137
1757 61
1758 752
1759 137
1760 61
1761 752
1762 752
1763 752
1764 137
1765 61
1766 752
1767 137
1768 137
1769 137
1770 137
1771 61
1772 61
1773 752
1774 752
1775 61
1776 752
1777 268
1778 137
1779 752
1780 61
1781 752
1782 61
1783 61
1784 61
1785 61
1786 61
1787 61
1788 61
1789 61
1790 61
1791 61
1792 61
1793 61
1794 3
1795 61
1796 61
1797 61
1798 61
1799 61
1800 61
1801 61
1802 61
1803 61
1804 61
1805 61
1806 0
1807 61
1808 61
1809 61
1810 0
1811 0
1812 0
1813 752
1814 61
1815 61
1816 61
1817 61
1818 508
1819 752
1820 752
1821 61
1822 61
1823 137
1824 61
1825 61
1826 61
1827 61
1828 61
1829 61
1830 61
1831 61
1832 752
1833 0
1834 61
1835 61
1836 61
1837 61
1838 61
1839 61
1840 61
1841 137
1842 61
1843 61
1844 61
1845 61
1846 752
1847 752
1848 61
1849 61
1850 61
1851 752
1852 61
1853 61
1854 61
1855 61
1856 752
1857 61
1858 61
1859 61
1860 61
1861 61
1862 61
1863 137
1864 61
1865 61
1866 137
1867 61
1868 61
1869 61
1870 61
1871 61
1872 61
1873 61
1874 61
1875 61
1876 137
1877 61
1878 752
1879 61
1880 61
1881 61
1882 61
1883 61
1884 61
1885 61
1886 61
1887 61
1888 61
1889 61
1890 61
1891 61
1892 61
1893 61
1894 61
1895 61
1896 61
1897 61
1898 61
1899 0
1900 61
1901 7
1902 61
1903 61
1904 61
1905 61
1906 61
1907 137
1908 61
1909 61
1910 61
1911 0
1912 61
1913 61
1914 61
1915 61
1916 61
1917 61
1918 61
1919 61
1920 61
1921 61
1922 823
1923 61
1924 61
1925 61
1926 61
1927 61
1928 61
1929 0
1930 61
1931 61
1932 61
1933 61
1934 61
1935 61
1936 61
1937 61
1938 61
1939 61
1940 61
1941 61
1942 61
1943 137
1944 61
1945 61
1946 61
1947 61
1948 488
1949 61
1950 137
1951 61
1952 61
1953 61
1954 61
1955 61
1956 61
1957 0
1958 137
1959 488
1960 61
1961 61
1962 61
1963 61
1964 61
1965 488
1966 61
1967 61
1968 61
1969 488
1970 7
1971 61
1972 0
1973 0
1974 7
1975 61
1976 61
1977 61
1978 61
1979 61
1980 61
1981 137
1982 61
1983 752
1984 61
1985 61
1986 61
1987 61
1988 61
1989 61
1990 61
1991 752
1992 364
1993 61
1994 61
1995 752
1996 61
1997 61
1998 752
1999 61
2000 61
2001 752
2002 61
2003 61
2004 61
2005 61
2006 61
2007 61
2008 137
2009 61
2010 0
2011 61
2012 61
2013 7
2014 61
2015 61
2016 61
2017 61
2018 137
2019 137
2020 137
2021 61
2022 752
2023 61
2024 61
2025 137
2026 61
2027 61
2028 61
2029 61
2030 137
2031 61
2032 61
2033 61
2034 61
2035 61
2036 61
2037 61
2038 488
2039 61
2040 137
2041 61
2042 61
2043 61
2044 488
2045 137
2046 61
2047 61
2048 61
2049 61
2050 61
2051 61
2052 61
2053 61
2054 61
2055 61
2056 61
2057 61
2058 61
2059 61
2060 61
2061 61
2062 61
2063 61
2064 752
2065 61
2066 61
2067 61
2068 61
2069 61
2070 61
2071 61
2072 61
2073 61
2074 61
2075 61
2076 61
2077 61
2078 137
2079 61
2080 61
2081 61
2082 61
2083 61
2084 61
2085 61
2086 6
2087 6
2088 61
2089 61
2090 61
2091 61
2092 61
2093 61
2094 0
2095 61
2096 137
2097 61
2098 61
2099 823
2100 61
2101 7
2102 61
2103 61
2104 61
2105 61
2106 61
2107 61
2108 61
2109 61
2110 61
2111 137
2112 488
2113 61
2114 61
2115 61
2116 61
2117 61
2118 61
2119 137
2120 8
2121 8
2122 61
2123 8
2124 8
2125 61
2126 8
2127 8
2128 61
2129 8
2130 8
2131 8
2132 8
2133 8
2134 137
2135 137
2136 137
2137 8
2138 61
2139 8
2140 8
2141 8
2142 61
2143 8
2144 752
2145 752
2146 8
2147 8
2148 61
2149 8
2150 8
2151 8
2152 8
2153 8
2154 8
2155 8
2156 8
2157 8
2158 137
2159 8
2160 137
2161 8
2162 8
2163 8
2164 8
2165 137
2166 8
2167 8
2168 8
2169 8
2170 8
2171 8
2172 8
2173 8
2174 8
2175 61
2176 61
2177 8
2178 752
2179 8
2180 8
2181 8
2182 8
2183 8
2184 61
2185 61
2186 8
2187 8
2188 61
2189 61
2190 61
2191 8
2192 61
2193 8
2194 8
2195 8
2196 8
2197 8
2198 8
2199 0
2200 8
2201 8
2202 8
2203 8
2204 8
2205 8
2206 8
2207 8
2208 8
2209 8
2210 61
2211 61
2212 8
2213 137
2214 137
2215 137
2216 137
2217 137
2218 137
2219 752
2220 8
2221 8
2222 137
2223 8
2224 8
2225 8
2226 8
2227 8
2228 137
2229 137
2230 8
2231 8
2232 8
2233 8
2234 137
2235 8
2236 8
2237 8
2238 8
2239 8
2240 8
2241 8
2242 8
2243 8
2244 8
2245 8
2246 8
2247 8
2248 61
2249 8
2250 95
2251 95
2252 95
2253 61
2254 95
2255 95
2256 752
2257 752
2258 95
2259 95
2260 95
2261 137
2262 61
2263 137
2264 61
2265 61
2266 61
2267 61
2268 61
2269 137
2270 0
2271 0
2272 137
2273 61
2274 137
2275 0
2276 137
2277 0
2278 137
2279 137
2280 7
2281 7
2282 61
2283 7
2284 7
2285 7
2286 7
2287 7
2288 61
2289 7
2290 7
2291 7
2292 7
2293 7
2294 61
2295 7
2296 14
2297 887
2298 7
2299 7
2300 7
2301 7
2302 7
2303 61
2304 7
2305 7
2306 7
2307 7
2308 7
2309 7
2310 7
2311 7
2312 7
2313 7
2314 7
2315 7
2316 7
2317 7
2318 7
2319 7
2320 7
2321 7
2322 7
2323 61
2324 7
2325 7
2326 61
2327 7
2328 61
2329 7
2330 7
2331 7
2332 7
2333 7
2334 7
2335 61
2336 61
2337 61
2338 7
2339 7
2340 7
2341 7
2342 7
2343 7
2344 7
2345 7
2346 7
2347 7
2348 7
2349 7
2350 61
2351 7
2352 7
2353 7
2354 7
2355 7
2356 7
2357 7
2358 7
2359 61
2360 7
2361 7
2362 7
2363 7
2364 7
2365 7
2366 7
2367 61
2368 137
2369 137
2370 7
2371 7
2372 7
2373 61
2374 7
2375 7
2376 7
2377 7
2378 61
2379 7
2380 7
2381 7
2382 61
2383 7
2384 7
2385 752
2386 7
2387 7
2388 7
2389 0
2390 7
2391 137
2392 0
2393 7
2394 218
2395 7
2396 7
2397 7
2398 61
2399 7
2400 61
2401 7
2402 7
2403 7
2404 7
2405 7
2406 7
2407 7
2408 61
2409 7
2410 7
2411 7
2412 7
2413 61
2414 7
2415 7
2416 7
2417 7
2418 7
2419 61
2420 137
2421 7
2422 7
2423 7
2424 7
2425 7
2426 7
2427 7
2428 137
2429 61
2430 61
2431 7
2432 7
2433 61
2434 7
2435 752
2436 7
2437 7
2438 7
2439 7
2440 7
2441 7
2442 7
2443 7
2444 7
2445 7
2446 7
2447 7
2448 7
2449 61
2450 7
2451 7
2452 7
2453 488
2454 61
2455 7
2456 7
2457 61
2458 61
2459 7
2460 7
2461 7
2462 7
2463 7
2464 7
2465 7
2466 7
2467 7
2468 61
2469 61
2470 61
2471 61
2472 0
2473 0
2474 0
2475 0
2476 0
2477 0
2478 61
2479 61
2480 0
2481 61
2482 0
2483 0
2484 0
2485 752
2486 0
2487 0
2488 0
2489 0
2490 0
2491 0
2492 0
2493 0
2494 0
2495 61
2496 0
2497 0
2498 0
2499 0
2500 0
2501 137
2502 0
2503 0
2504 0
2505 0
2506 0
2507 137
2508 61
2509 752
2510 752
2511 752
2512 752
2513 752
2514 752
2515 752
2516 752
2517 61
2518 752
2519 752
2520 137
2521 61
2522 232
2523 61
2524 61
2525 61
2526 61
2527 61
2528 61
2529 61
2530 61
2531 61
2532 61
2533 61
2534 61
2535 61
2536 61
2537 61
2538 61
2539 61
2540 61
2541 752
2542 61
2543 61
2544 61
2545 752
2546 752
2547 61
2548 752
2549 61
2550 61
2551 61
2552 61
2553 0
2554 752
2555 61
2556 61
2557 61
2558 61
2559 61
2560 61
2561 61
2562 61
2563 0
2564 752
2565 137
2566 137
2567 137
2568 137
2569 137
2570 752
2571 137
2572 137
2573 137
2574 137
2575 61
2576 752
2577 137
2578 137
2579 137
2580 137
2581 137
2582 137
2583 137
2584 137
2585 137
2586 137
2587 137
2588 137
2589 137
2590 752
2591 137
2592 137
2593 752
2594 752
2595 752
2596 137
2597 137
2598 137
2599 137
2600 137
2601 137
2602 137
2603 137
2604 137
2605 137
2606 137
2607 137
2608 137
2609 137
2610 137
2611 137
2612 137
2613 137
2614 137
2615 137
2616 137
2617 137
2618 137
2619 137
2620 137
2621 137
2622 137
2623 137
2624 137
2625 137
2626 137
2627 137
2628 137
2629 137
2630 137
2631 137
2632 137
2633 137
2634 137
2635 137
2636 61
2637 61
2638 61
2639 61
2640 137
2641 752
2642 137
2643 137
2644 137
2645 137
2646 137
2647 137
2648 137
2649 137
2650 137
2651 137
2652 137
2653 137
2654 137
2655 137
2656 137
2657 137
2658 137
2659 137
2660 137
2661 137
2662 137
2663 137
2664 137
2665 137
2666 137
2667 137
2668 137
2669 137
2670 61
2671 249
2672 249
2673 249
2674 249
2675 137
2676 137
2677 137
2678 137
2679 137
2680 137
2681 137
2682 137
2683 137
2684 137
2685 137
2686 137
2687 137
2688 137
2689 137
2690 61
2691 137
2692 137
2693 823
2694 137
2695 137
2696 137
2697 137
2698 137
2699 137
2700 137
2701 137
2702 137
2703 752
2704 137
2705 137
2706 137
2707 137
2708 137
2709 137
2710 137
2711 61
2712 61
2713 61
2714 61
2715 137
2716 137
2717 61
2718 218
2719 0
2720 137
2721 61
2722 61
2723 61
2724 0
2725 0
2726 137
2727 61
2728 137
2729 137
2730 0
2731 61
2732 61
2733 0
2734 61
2735 61
2736 137
2737 137
2738 61
2739 61
2740 61
2741 61
2742 61
2743 61
2744 137
2745 137
2746 137
2747 137
2748 61
2749 61
2750 61
2751 61
2752 61
2753 61
2754 61
2755 61
2756 61
2757 137
2758 61
2759 137
2760 137
2761 61
2762 61
2763 61
2764 61
2765 61
2766 61
2767 61
2768 61
2769 61
2770 61
2771 61
2772 61
2773 137
2774 61
2775 137
2776 137
2777 61
2778 61
2779 61
2780 137
2781 752
2782 752
2783 752
2784 61
2785 61
2786 61
2787 61
2788 61
2789 61
2790 61
2791 61
2792 61
2793 61
2794 752
2795 61
2796 61
2797 61
2798 7
2799 0
2800 752
2801 61
2802 61
2803 61
2804 61
2805 61
2806 61
2807 752
2808 61
2809 61
2810 61
2811 61
2812 61
2813 61
2814 61
2815 61
2816 61
2817 752
2818 137
2819 61
2820 61
2821 61
2822 61
2823 61
2824 61
2825 61
2826 61
2827 61
2828 137
2829 61
2830 61
2831 61
2832 61
2833 61
2834 61
2835 61
2836 61
2837 61
2838 61
2839 61
2840 61
2841 0
2842 61
2843 61
2844 61
2845 61
2846 61
2847 61
2848 61
2849 61
2850 61
2851 61
2852 61
2853 61
2854 61
2855 137
2856 0
2857 61
2858 488
2859 61
2860 61
2861 61
2862 61
2863 61
2864 137
2865 61
2866 61
2867 7
2868 752
2869 61
2870 61
2871 61
2872 61
2873 61
2874 61
2875 61
2876 61
2877 61
2878 752
2879 61
2880 61
2881 61
2882 61
2883 61
2884 61
2885 61
2886 137
2887 61
2888 61
2889 61
2890 752
2891 137
2892 61
2893 61
2894 61
2895 61
2896 61
2897 61
2898 61
2899 61
2900 61
2901 61
2902 61
2903 61
2904 61
2905 61
2906 61
2907 61
2908 61
2909 61
2910 61
2911 61
2912 137
2913 137
2914 61
2915 752
2916 137
2917 137
2918 61
2919 61
2920 61
2921 61
2922 61
2923 61
2924 61
2925 61
2926 61
2927 61
2928 61
2929 61
2930 61
2931 61
2932 752
2933 752
2934 61
2935 752
2936 752
2937 61
2938 61
2939 137
2940 137
2941 752
2942 752
2943 61
2944 61
2945 61
2946 752
2947 61
2948 61
2949 61
2950 61
2951 61
2952 61
2953 61
2954 137
2955 137
2956 752
2957 752
2958 61
2959 61
2960 61
2961 61
2962 61
2963 61
2964 752
2965 752
2966 752
2967 752
2968 61
2969 752
2970 61
2971 752
2972 752
2973 61
2974 61
2975 61
2976 61
2977 61
2978 752
2979 61
2980 61
2981 61
2982 752
2983 752
2984 61
2985 61
2986 61
2987 752
2988 61
2989 61
2990 752
2991 61
2992 61
2993 61
2994 752
2995 61
2996 137
2997 61
2998 61
2999 61
3000 61
3001 137
3002 61
3003 137
3004 137
3005 61
3006 137
3007 61
3008 137
3009 61
3010 61
3011 61
3012 752
3013 137
3014 137
3015 137
3016 137
3017 61
3018 61
3019 137
3020 95
3021 61
3022 61
3023 61
3024 137
3025 137
3026 61
3027 137
3028 137
3029 137
3030 137
3031 137
3032 137
3033 137
3034 691
3035 137
3036 137
3037 137
3038 752
3039 137
3040 137
3041 137
3042 137
3043 137
3044 137
3045 137
3046 137
3047 137
3048 137
3049 137
3050 137
3051 137
3052 137
3053 137
3054 137
3055 137
3056 137
3057 752
3058 752
3059 137
3060 137
3061 137
3062 137
3063 137
3064 752
3065 137
3066 137
3067 137
3068 137
3069 137
3070 137
3071 137
3072 137
3073 137
3074 137
3075 61
3076 137
3077 137
3078 137
3079 137
3080 61
3081 137
3082 137
3083 137
3084 137
3085 137
3086 61
3087 137
3088 137
3089 137
3090 137
3091 137
3092 137
3093 61
3094 137
3095 137
3096 137
3097 137
3098 61
3099 137
3100 137
3101 137
3102 137
3103 61
3104 137
3105 137
3106 137
3107 137
3108 137
3109 137
3110 137
3111 137
3112 137
3113 137
3114 137
3115 61
3116 137
3117 137
3118 137
3119 137
3120 137
3121 137
3122 137
3123 137
3124 137
3125 137
3126 137
3127 61
3128 61
3129 137
3130 137
3131 137
3132 137
3133 137
3134 137
3135 137
3136 137
3137 137
3138 137
3139 137
3140 752
3141 61
3142 137
3143 137
3144 137
3145 752
3146 137
3147 137
3148 137
3149 137
3150 137
3151 137
3152 137
3153 137
3154 137
3155 137
3156 137
3157 137
3158 137
3159 137
3160 137
3161 61
3162 137
3163 137
3164 137
3165 137
3166 137
3167 137
3168 61
3169 137
3170 137
3171 137
3172 137
3173 137
3174 137
3175 137
3176 137
3177 61
3178 137
3179 137
3180 137
3181 137
3182 137
3183 137
3184 137
3185 61
3186 137
3187 61
3188 752
3189 137
3190 137
3191 137
3192 137
3193 137
3194 137
3195 137
3196 137
3197 137
3198 137
3199 137
3200 752
3201 137
3202 137
3203 137
3204 137
3205 137
3206 137
3207 137
3208 752
3209 137
3210 137
3211 137
3212 137
3213 137
3214 137
3215 137
3216 61
3217 61
3218 61
3219 61
3220 137
3221 137
3222 137
3223 137
3224 137
3225 137
3226 137
3227 137
3228 137
3229 137
3230 137
3231 61
3232 137
3233 752
3234 137
3235 752
3236 137
3237 752
3238 137
3239 137
3240 137
3241 137
3242 137
3243 137
3244 823
3245 137
3246 137
3247 823
3248 823
3249 137
3250 137
3251 248
3252 137
3253 248
3254 137
3255 137
3256 137
3257 137
3258 248
3259 248
3260 248
3261 248
3262 137
3263 61
3264 137
3265 137
3266 137
3267 248
3268 137
3269 248
3270 248
3271 823
3272 248
3273 137
3274 137
3275 137
3276 137
3277 137
3278 137
3279 248
3280 248
3281 248
3282 137
3283 248
3284 137
3285 248
3286 137
3287 137
3288 137
3289 248
3290 248
3291 248
3292 137
3293 752
3294 248
3295 248
3296 823
3297 823
3298 823
3299 823
3300 137
3301 137
3302 248
3303 248
3304 248
3305 248
3306 248
3307 823
3308 137
3309 823
3310 61
3311 61
3312 61
3313 248
3314 137
3315 137
3316 137
3317 823
3318 137
3319 137
3320 248
3321 137
3322 137
3323 137
3324 137
3325 137
3326 137
3327 137
3328 137
3329 823
3330 61
3331 248
3332 823
3333 823
3334 137
3335 137
3336 137
3337 137
3338 137
3339 137
3340 823
3341 137
3342 137
3343 256
3344 248
3345 823
3346 248
3347 137
3348 137
3349 823
3350 823
3351 752
3352 248
3353 137
3354 61
3355 137
3356 823
3357 823
3358 823
3359 137
3360 137
3361 248
3362 137
3363 137
3364 248
3365 248
3366 137
3367 248
3368 248
3369 823
3370 752
3371 137
3372 248
3373 248
3374 137
3375 137
3376 823
3377 248
3378 823
3379 137
3380 137
3381 137
3382 137
3383 137
3384 248
3385 752
3386 137
3387 248
3388 248
3389 137
3390 137
3391 137
3392 137
3393 137
3394 61
3395 137
3396 137
3397 137
3398 137
3399 137
3400 248
3401 61
3402 137
3403 137
3404 137
3405 248
3406 137
3407 137
3408 248
3409 137
3410 137
3411 823
3412 823
3413 61
3414 137
3415 137
3416 137
3417 823
3418 248
3419 137
3420 137
3421 137
3422 137
3423 137
3424 137
3425 137
3426 61
3427 752
3428 61
3429 137
3430 248
3431 248
3432 248
3433 137
3434 823
3435 137
3436 137
3437 137
3438 137
3439 137
3440 823
3441 823
3442 752
3443 137
3444 752
3445 248
3446 137
3447 823
3448 752
3449 137
3450 248
3451 752
3452 137
3453 137
3454 248
3455 137
3456 137
3457 823
3458 823
3459 823
3460 823
3461 823
3462 248
3463 137
3464 137
3465 823
3466 248
3467 386
3468 137
3469 137
3470 137
3471 137
3472 137
3473 137
3474 248
3475 137
3476 137
3477 752
3478 137
3479 137
3480 137
3481 137
3482 137
3483 137
3484 137
3485 823
3486 823
3487 823
3488 823
3489 137
3490 137
3491 137
3492 248
3493 137
3494 137
3495 137
3496 137
3497 137
3498 137
3499 137
3500 137
3501 137
3502 137
3503 137
3504 137
3505 137
3506 137
3507 137
3508 137
3509 137
3510 137
3511 248
3512 137
3513 752
3514 248
3515 248
3516 248
3517 137
3518 752
3519 137
3520 137
3521 137
3522 248
3523 137
3524 248
3525 248
3526 137
3527 137
3528 137
3529 137
3530 823
3531 823
3532 137
3533 137
3534 137
3535 752
3536 137
3537 137
3538 137
3539 137
3540 137
3541 823
3542 823
3543 137
3544 823
3545 137
3546 137
3547 137
3548 137
3549 137
3550 248
3551 248
3552 248
3553 248
3554 248
3555 137
3556 137
3557 137
3558 137
3559 137
3560 137
3561 137
3562 137
3563 248
3564 137
3565 61
3566 137
3567 137
3568 95
3569 137
3570 137
3571 137
3572 823
3573 137
3574 823
3575 137
3576 137
3577 137
3578 137
3579 137
3580 248
3581 137
3582 137
3583 137
3584 248
3585 61
3586 137
3587 137
3588 137
3589 137
3590 137
3591 137
3592 137
3593 248
3594 137
3595 752
3596 248
3597 61
3598 137
3599 137
3600 137
3601 823
3602 137
3603 137
3604 61
3605 137
3606 248
3607 248
3608 137
3609 137
3610 137
3611 61
3612 137
3613 248
3614 137
3615 137
3616 137
3617 137
3618 137
3619 137
3620 137
3621 137
3622 137
3623 823
3624 823
3625 823
3626 137
3627 137
3628 137
3629 137
3630 137
3631 823
3632 61
3633 249
3634 137
3635 137
3636 137
3637 137
3638 137
3639 137
3640 137
3641 137
3642 823
3643 137
3644 248
3645 137
3646 137
3647 137
3648 137
3649 232
3650 823
3651 823
3652 137
3653 823
3654 137
3655 823
3656 137
3657 61
3658 137
3659 248
3660 137
3661 137
3662 248
3663 137
3664 137
3665 137
3666 248
3667 137
3668 137
3669 61
3670 823
3671 248
3672 137
3673 248
3674 823
3675 137
3676 137
3677 752
3678 823
3679 823
3680 61
3681 137
3682 752
3683 137
3684 137
3685 137
3686 137
3687 137
3688 137
3689 248
3690 248
3691 137
3692 248
3693 248
3694 137
3695 248
3696 61
3697 248
3698 823
3699 137
3700 137
3701 137
3702 137
3703 137
3704 137
3705 752
3706 137
3707 823
3708 137
3709 137
3710 137
3711 823
3712 823
3713 137
3714 248
3715 752
3716 1
3717 137
3718 137
3719 248
3720 248
3721 248
3722 248
3723 137
3724 137
3725 137
3726 61
3727 137
3728 61
3729 823
3730 137
3731 137
3732 61
3733 248
3734 248
3735 248
3736 137
3737 137
3738 137
3739 137
3740 137
3741 137
3742 61
3743 61
3744 137
3745 248
3746 137
3747 137
3748 137
3749 248
3750 248
3751 137
3752 137
3753 137
3754 137
3755 137
3756 248
3757 137
3758 137
3759 137
3760 823
3761 137
3762 14
3763 248
3764 137
3765 248
3766 248
3767 137
3768 137
3769 137
3770 137
3771 137
3772 137
3773 823
3774 248
3775 137
3776 752
3777 137
3778 137
3779 137
3780 137
3781 137
3782 137
3783 137
3784 137
3785 61
3786 137
3787 137
3788 137
3789 137
3790 137
3791 752
3792 752
3793 137
3794 248
3795 248
3796 137
3797 137
3798 137
3799 137
3800 137
3801 137
3802 248
3803 248
3804 248
3805 137
3806 137
3807 137
3808 137
3809 137
3810 137
3811 248
3812 137
3813 248
3814 823
3815 137
3816 137
3817 137
3818 137
3819 137
3820 137
3821 61
3822 137
3823 248
3824 248
3825 137
3826 61
3827 137
3828 137
3829 266
3830 137
3831 248
3832 137
3833 137
3834 137
3835 137
3836 137
3837 137
3838 137
3839 137
3840 137
3841 823
3842 137
3843 137
3844 232
3845 137
3846 61
3847 137
3848 61
3849 137
3850 137
3851 137
3852 137
3853 137
3854 137
3855 137
3856 137
3857 248
3858 137
3859 61
3860 248
3861 137
3862 137
3863 137
3864 823
3865 137
3866 137
3867 137
3868 248
3869 137
3870 61
3871 137
3872 137
3873 137
3874 137
3875 248
3876 248
3877 248
3878 248
3879 137
3880 823
3881 752
3882 137
3883 137
3884 823
3885 137
3886 137
3887 248
3888 137
3889 137
3890 137
3891 137
3892 137
3893 137
3894 823
3895 823
3896 752
3897 137
3898 137
3899 137
3900 137
3901 137
3902 137
3903 137
3904 137
3905 137
3906 61
3907 137
3908 137
3909 137
3910 137
3911 137
3912 137
3913 137
3914 137
3915 137
3916 137
3917 137
3918 137
3919 752
3920 823
3921 137
3922 137
3923 137
3924 752
3925 752
3926 887
3927 137
3928 137
3929 137
3930 137
3931 137
3932 137
3933 752
3934 137
3935 137
3936 137
3937 137
3938 137
3939 137
3940 137
3941 137
3942 137
3943 823
3944 248
3945 248
3946 248
3947 137
3948 137
3949 137
3950 137
3951 137
3952 137
3953 137
3954 137
3955 137
3956 137
3957 137
3958 137
3959 137
3960 752
3961 137
3962 137
3963 137
3964 137
3965 823
3966 823
3967 248
3968 61
3969 3
3970 137
3971 752
3972 137
3973 248
3974 137
3975 137
3976 137
3977 137
3978 137
3979 137
3980 137
3981 61
3982 248
3983 137
3984 137
3985 137
3986 137
3987 137
3988 137
3989 137
3990 137
3991 137
3992 823
3993 137
3994 137
3995 61
3996 823
3997 137
3998 248
3999 137
4000 137
4001 137
4002 137
4003 137
4004 137
4005 137
4006 137
4007 137
4008 752
4009 137
4010 137
4011 61
4012 137
4013 137
4014 248
4015 248
4016 248
4017 61
4018 248
4019 248
4020 137
4021 137
4022 137
4023 137
4024 137
4025 137
4026 137
4027 752
4028 752
4029 137
4030 137
4031 137
4032 248
4033 0
4034 137
4035 823
4036 137
4037 137
4038 137
4039 752
4040 137
4041 137
4042 137
4043 137
4044 137
4045 137
4046 823
4047 137
4048 137
4049 137
4050 137
4051 137
4052 137
4053 248
4054 137
4055 823
4056 752
4057 137
4058 137
4059 752
4060 61
4061 61
4062 61
4063 61
4064 61
4065 61
4066 61
4067 61
4068 61
4069 14
4070 61
4071 61
4072 61
4073 61
4074 61
4075 61
4076 61
4077 61
4078 61
4079 61
4080 752
4081 752
4082 752
4083 752
4084 752
4085 752
4086 61
4087 95
4088 95
4089 95
4090 95
4091 61
4092 137
4093 752
4094 61
4095 61
4096 61
4097 61
4098 61
4099 61
4100 61
4101 61
4102 61
4103 61
4104 61
4105 61
4106 61
4107 61
4108 61
4109 61
4110 61
4111 61
4112 137
4113 61
4114 61
4115 61
4116 752
4117 752
4118 752
4119 752
4120 752
4121 752
4122 752
4123 752
4124 752
4125 752
4126 752
4127 752
4128 752
4129 752
4130 752
4131 752
4132 61
4133 752
4134 752
4135 752
4136 61
4137 752
4138 61
4139 752
4140 752
4141 61
4142 752
4143 752
4144 61
4145 752
4146 61
4147 137
4148 137
4149 137
4150 137
4151 137
4152 137
4153 14
4154 137
4155 137
4156 137
4157 137
4158 137
4159 137
4160 61
4161 137
4162 752
4163 61
4164 752
4165 137
4166 137
4167 137
4168 752
4169 137
4170 137
4171 137
4172 137
4173 137
4174 137
4175 137
4176 137
4177 137
4178 752
4179 137
4180 61
4181 61
4182 137
4183 137
4184 137
4185 137
4186 137
4187 61
4188 137
4189 61
4190 137
4191 137
4192 137
4193 137
4194 137
4195 752
4196 137
4197 137
4198 137
4199 137
4200 137
4201 137
4202 137
4203 137
4204 61
4205 137
4206 752
4207 137
4208 137
4209 137
4210 61
4211 137
4212 752
4213 137
4214 137
4215 137
4216 137
4217 137
4218 137
4219 137
4220 61
4221 137
4222 137
4223 61
4224 137
4225 137
4226 137
4227 61
4228 752
4229 752
4230 137
4231 752
4232 18
4233 61
4234 61
4235 137
4236 137
4237 61
4238 137
4239 61
4240 137
4241 137
4242 137
4243 137
4244 61
4245 137
4246 137
4247 137
4248 137
4249 137
4250 137
4251 137
4252 137
4253 61
4254 137
4255 137
4256 4
4257 4
4258 4
4259 4
4260 4
4261 4
4262 4
4263 4
4264 4
4265 4
4266 4
4267 4
4268 4
4269 4
4270 4
4271 4
4272 4
4273 4
4274 4
4275 61
4276 61
4277 61
4278 61
4279 61
4280 61
4281 61
4282 61
4283 61
4284 61
4285 61
4286 61
4287 61
4288 14
4289 61
4290 61
4291 61
4292 61
4293 137
4294 137
4295 137
4296 137
4297 137
4298 137
4299 137
4300 137
4301 137
4302 137
4303 137
4304 137
4305 137
4306 137
4307 137
4308 137
4309 137
4310 137
4311 14
4312 137
4313 137
4314 137
4315 137
4316 137
4317 137
4318 137
4319 137
4320 137
4321 137
4322 137
4323 137
4324 137
4325 137
4326 137
4327 137
4328 137
4329 137
4330 137
4331 137
4332 137
4333 137
4334 137
4335 137
4336 137
4337 137
4338 137
4339 137
4340 137
4341 137
4342 137
4343 137
4344 137
4345 137
4346 137
4347 137
4348 137
4349 137
4350 137
4351 61
4352 61
4353 61
4354 61
4355 61
4356 61
4357 61
4358 61
4359 61
4360 61
4361 61
4362 61
4363 61
4364 61
4365 61
4366 61
4367 61
4368 61
4369 61
4370 61
4371 61
4372 61
4373 61
4374 268
4375 61
4376 61
4377 61
4378 61
4379 61
4380 61
4381 61
4382 61
4383 61
4384 61
4385 61
4386 61
4387 61
4388 61
4389 61
4390 61
4391 61
4392 61
4393 61
4394 61
4395 61
4396 61
4397 61
4398 61
4399 61
4400 61
4401 61
4402 823
4403 488
4404 61
4405 61
4406 61
4407 823
4408 823
4409 61
4410 61
4411 61
4412 61
4413 0
4414 7
4415 823
4416 61
4417 61
4418 61
4419 61
4420 61
4421 61
4422 823
4423 61
4424 61
4425 61
4426 61
4427 61
4428 61
4429 61
4430 61
4431 61
4432 823
4433 823
4434 823
4435 61
4436 61
4437 61
4438 61
4439 0
4440 61
4441 61
4442 61
4443 61
4444 61
4445 61
4446 61
4447 137
4448 61
4449 752
4450 61
4451 61
4452 61
4453 61
4454 61
4455 61
4456 61
4457 61
4458 61
4459 61
4460 61
4461 61
4462 61
4463 61
4464 61
4465 61
4466 61
4467 61
4468 61
4469 137
4470 488
4471 488
4472 488
4473 488
4474 137
4475 137
4476 61
4477 7
4478 7
4479 61
4480 752
4481 7
4482 752
4483 61
4484 61
4485 7
4486 752
4487 752
4488 752
4489 752
4490 752
4491 752
4492 752
4493 752
4494 137
4495 752
4496 752
4497 752
4498 752
4499 752
4500 752
4501 752
4502 752
4503 61
4504 61
4505 752
4506 752
4507 61
4508 752
4509 752
4510 752
4511 61
4512 137
4513 61
4514 61
4515 61
4516 752
4517 752
4518 752
4519 61
4520 61
4521 61
4522 61
4523 752
4524 61
4525 61
4526 61
4527 61
4528 752
4529 61
4530 61
4531 752
4532 752
4533 752
4534 61
4535 752
4536 752
4537 61
4538 61
4539 752
4540 752
4541 61
4542 61
4543 61
4544 752
4545 61
4546 752
4547 61
4548 61
4549 752
4550 137
4551 61
4552 61
4553 61
4554 752
4555 752
4556 752
4557 752
4558 752
4559 61
4560 61
4561 268
4562 137
4563 752
4564 61
4565 752
4566 61
4567 61
4568 61
4569 752
4570 61
4571 752
4572 752
4573 752
4574 752
4575 752
4576 752
4577 752
4578 752
4579 137
4580 137
4581 137
4582 61
4583 61
4584 61
4585 61
4586 61
4587 61
4588 61
4589 61
4590 61
4591 61
4592 61
4593 7
4594 61
4595 61
4596 61
4597 61
4598 61
4599 137
4600 137
4601 137
4602 137
4603 137
4604 137
4605 61
4606 61
4607 137
4608 137
4609 137
4610 137
4611 137
4612 137
4613 137
4614 137
4615 137
4616 752
4617 61
4618 61
4619 137
4620 137
4621 91
4622 137
4623 137
4624 137
4625 137
4626 61
4627 137
4628 137
4629 10
4630 9
4631 9
4632 9
4633 9
4634 9
4635 9
4636 9
4637 9
4638 9
4639 0
4640 0
4641 0
4642 61
4643 0
4644 0
4645 0
4646 0
4647 61
4648 61
4649 0
4650 228
4651 0
4652 0
4653 7
4654 61
4655 0
4656 0
4657 0
4658 61
4659 61
4660 61
4661 0
4662 0
4663 0
4664 0
4665 0
4666 61
4667 61
4668 61
4669 0
4670 61
4671 14
4672 228
4673 228
4674 228
4675 61
4676 752
4677 752
4678 752
4679 61
4680 61
4681 752
4682 61
4683 61
4684 752
4685 61
4686 137
4687 137
4688 61
4689 61
4690 61
4691 0
4692 752
4693 61
4694 61
4695 61
4696 752
4697 61
4698 137
4699 61
4700 752
4701 61
4702 61
4703 61
4704 61
4705 61
4706 61
4707 61
4708 61
4709 752
4710 752
4711 752
4712 752
4713 61
4714 61
4715 61
4716 137
4717 61
4718 61
4719 61
4720 61
4721 61
4722 61
4723 61
4724 61
4725 0
4726 0
4727 61
4728 61
4729 61
4730 61
4731 61
4732 61
4733 137
4734 137
4735 61
4736 61
4737 61
4738 61
4739 61
4740 137
4741 61
4742 137
4743 61
4744 61
4745 61
4746 61
4747 61
4748 137
4749 137
4750 137
4751 137
4752 61
4753 61
4754 137
4755 61
4756 61
4757 61
4758 61
4759 61
4760 61
4761 137
4762 137
4763 137
4764 137
4765 137
4766 137
4767 137
4768 137
4769 823
4770 823
4771 137
4772 137
4773 137
4774 137
4775 823
4776 823
4777 823
4778 823
4779 823
4780 137
4781 137
4782 137
4783 137
4784 61
4785 823
4786 137
4787 137
4788 137
4789 137
4790 61
4791 752
4792 61
4793 61
4794 61
4795 752
4796 752
4797 61
4798 137
4799 137
4800 137
4801 137
4802 10
4803 10
4804 10
4805 10
4806 10
4807 10
4808 488
4809 0
4810 61
4811 61
4812 61
4813 61
4814 61
4815 61
4816 61
4817 0
4818 61
4819 61
4820 61
4821 61
4822 61
4823 61
4824 61
4825 61
4826 61
4827 61
4828 61
4829 0
4830 0
4831 61
4832 61
4833 61
4834 61
4835 61
4836 0
4837 0
4838 0
4839 61
4840 61
4841 61
4842 61
4843 61
4844 61
4845 752
4846 0
4847 61
4848 61
4849 61
4850 0
4851 0
4852 0
4853 61
4854 61
4855 61
4856 61
4857 61
4858 61
4859 61
4860 61
4861 752
4862 61
4863 137
4864 61
4865 61
4866 61
4867 61
4868 61
4869 61
4870 61
4871 137
4872 61
4873 61
4874 61
4875 137
4876 61
4877 61
4878 61
4879 752
4880 137
4881 61
4882 752
4883 752
4884 137
4885 752
4886 752
4887 752
4888 752
4889 752
4890 61
4891 137
4892 752
4893 752
4894 752
4895 752
4896 752
4897 752
4898 61
4899 752
4900 752
4901 61
4902 61
4903 61
4904 488
4905 61
4906 61
4907 61
4908 137
4909 137
4910 137
4911 488
4912 488
4913 488
4914 488
4915 488
4916 61
4917 239
4918 488
4919 232
4920 7
4921 7
4922 61
4923 7
4924 61
4925 61
4926 137
4927 137
4928 61
4929 488
4930 61
4931 7
4932 488
4933 488
4934 61
4935 61
4936 488
4937 488
4938 488
4939 823
4940 823
4941 823
4942 7
4943 61
4944 61
4945 752
4946 488
4947 61
4948 61
4949 61
4950 488
4951 61
4952 61
4953 61
4954 7
4955 137
4956 137
4957 61
4958 231
4959 231
4960 137
4961 61
4962 61
4963 61
4964 61
4965 61
4966 61
4967 823
4968 823
4969 488
4970 61
4971 61
4972 488
4973 488
4974 488
4975 488
4976 61
4977 488
4978 488
4979 61
4980 61
4981 61
4982 61
4983 61
4984 61
4985 61
4986 61
4987 488
4988 823
4989 488
4990 61
4991 61
4992 61
4993 61
4994 61
4995 61
4996 61
4997 61
4998 823
4999 61
5000 488
5001 232
5002 488
5003 61
5004 61
5005 61
5006 61
5007 61
5008 488
5009 61
5010 823
5011 61
5012 11
5013 11
5014 11
5015 488
5016 488
5017 488
5018 488
5019 488
5020 386
5021 488
5022 488
5023 61
5024 61
5025 488
5026 7
5027 488
5028 7
5029 137
5030 752
5031 0
5032 0
5033 61
5034 0
5035 232
5036 887
5037 137
5038 12
5039 0
5040 0
5041 40
5042 823
5043 488
5044 0
5045 137
5046 61
5047 0
5048 0
5049 0
5050 40
5051 61
5052 61
5053 137
5054 0
5055 0
5056 0
5057 61
5058 61
5059 0
5060 0
5061 137
5062 0
5063 0
5064 488
5065 7
5066 61
5067 752
5068 488
5069 488
5070 61
5071 137
5072 61
5073 61
5074 137
5075 61
5076 61
5077 137
5078 61
5079 61
5080 61
5081 61
5082 61
5083 61
5084 61
5085 61
5086 61
5087 61
5088 61
5089 61
5090 61
5091 752
5092 61
5093 61
5094 61
5095 61
5096 61
5097 61
5098 61
5099 61
5100 61
5101 61
5102 61
5103 61
5104 752
5105 61
5106 61
5107 61
5108 61
5109 61
5110 752
5111 61
5112 61
5113 61
5114 61
5115 61
5116 61
5117 752
5118 137
5119 137
5120 137
5121 61
5122 61
5123 61
5124 61
5125 61
5126 61
5127 61
5128 61
5129 61
5130 61
5131 752
5132 752
5133 752
5134 752
5135 752
5136 752
5137 752
5138 752
5139 752
5140 268
5141 268
5142 268
5143 268
5144 752
5145 752
5146 61
5147 752
5148 752
5149 752
5150 752
5151 752
5152 61
5153 752
5154 752
5155 752
5156 752
5157 752
5158 61
5159 752
5160 752
5161 752
5162 752
5163 752
5164 752
5165 752
5166 61
5167 752
5168 752
5169 752
5170 752
5171 752
5172 752
5173 752
5174 752
5175 752
5176 752
5177 752
5178 752
5179 752
5180 752
5181 40
5182 40
5183 40
5184 40
5185 40
5186 61
5187 61
5188 40
5189 752
5190 61
5191 61
5192 61
5193 61
5194 61
5195 61
5196 61
5197 61
5198 61
5199 61
5200 386
5201 61
5202 61
5203 61
5204 61
5205 61
5206 61
5207 61
5208 61
5209 61
5210 61
5211 61
5212 61
5213 137
5214 61
5215 61
5216 61
5217 61
5218 61
5219 61
5220 61
5221 61
5222 61
5223 752
5224 61
5225 386
5226 61
5227 61
5228 61
5229 61
5230 752
5231 61
5232 61
5233 61
5234 752
5235 61
5236 61
5237 61
5238 61
5239 61
5240 61
5241 61
5242 386
5243 61
5244 61
5245 752
5246 61
5247 61
5248 61
5249 61
5250 61
5251 61
5252 61
5253 61
5254 61
5255 61
5256 61
5257 752
5258 61
5259 61
5260 61
5261 61
5262 61
5263 61
5264 61
5265 61
5266 61
5267 61
5268 61
5269 61
5270 752
5271 61
5272 61
5273 61
5274 61
5275 61
5276 61
5277 61
5278 61
5279 61
5280 61
5281 61
5282 61
5283 752
5284 61
5285 61
5286 61
5287 61
5288 61
5289 61
5290 61
5291 61
5292 61
5293 61
5294 61
5295 61
5296 61
5297 61
5298 61
5299 61
5300 95
5301 61
5302 137
5303 61
5304 61
5305 61
5306 137
5307 61
5308 752
5309 61
5310 61
5311 61
5312 61
5313 137
5314 752
5315 61
5316 61
5317 61
5318 61
5319 752
5320 386
5321 386
5322 61
5323 61
5324 61
5325 61
5326 61
5327 752
5328 752
5329 61
5330 61
5331 752
5332 61
5333 61
5334 61
5335 752
5336 61
5337 61
5338 61
5339 61
5340 61
5341 61
5342 61
5343 61
5344 386
5345 61
5346 752
5347 61
5348 752
5349 61
5350 61
5351 61
5352 61
5353 61
5354 61
5355 61
5356 752
5357 61
5358 61
5359 61
5360 61
5361 61
5362 137
5363 137
5364 137
5365 61
5366 61
5367 61
5368 61
5369 61
5370 61
5371 61
5372 61
5373 61
5374 61
5375 61
5376 61
5377 61
5378 61
5379 224
5380 61
5381 61
5382 61
5383 61
5384 61
5385 61
5386 61
5387 61
5388 61
5389 61
5390 752
5391 61
5392 61
5393 61
5394 61
5395 61
5396 61
5397 137
5398 61
5399 61
5400 61
5401 61
5402 61
5403 61
5404 61
5405 61
5406 61
5407 61
5408 61
5409 61
5410 61
5411 61
5412 61
5413 61
5414 61
5415 887
5416 61
5417 61
5418 61
5419 61
5420 61
5421 61
5422 61
5423 61
5424 61
5425 137
5426 61
5427 61
5428 61
5429 752
5430 61
5431 752
5432 61
5433 61
5434 61
5435 61
5436 61
5437 61
5438 61
5439 137
5440 61
5441 752
5442 61
5443 752
5444 61
5445 61
5446 61
5447 61
5448 61
5449 61
5450 752
5451 61
5452 61
5453 61
5454 61
5455 61
5456 61
5457 61
5458 61
5459 61
5460 61
5461 61
5462 61
5463 61
5464 752
5465 752
5466 61
5467 752
5468 61
5469 61
5470 61
5471 61
5472 61
5473 61
5474 61
5475 61
5476 61
5477 61
5478 752
5479 61
5480 61
5481 61
5482 61
5483 61
5484 61
5485 752
5486 752
5487 752
5488 752
5489 752
5490 61
5491 61
5492 61
5493 61
5494 752
5495 61
5496 61
5497 61
5498 61
5499 752
5500 752
5501 752
5502 61
5503 386
5504 61
5505 61
5506 61
5507 61
5508 61
5509 61
5510 61
5511 61
5512 61
5513 61
5514 61
5515 61
5516 61
5517 61
5518 61
5519 752
5520 61
5521 61
5522 61
5523 61
5524 61
5525 61
5526 61
5527 61
5528 831
5529 831
5530 61
5531 7
5532 7
5533 7
5534 7
5535 7
5536 61
5537 7
5538 7
5539 7
5540 7
5541 7
5542 7
5543 7
5544 7
5545 7
5546 7
5547 7
5548 7
5549 7
5550 7
5551 7
5552 752
5553 752
5554 7
5555 7
5556 7
5557 7
5558 7
5559 7
5560 7
5561 7
5562 7
5563 7
5564 7
5565 61
5566 7
5567 7
5568 7
5569 0
5570 7
5571 7
5572 7
5573 7
5574 7
5575 7
5576 7
5577 7
5578 7
5579 7
5580 7
5581 7
5582 7
5583 7
5584 7
5585 7
5586 7
5587 7
5588 7
5589 7
5590 7
5591 7
5592 7
5593 7
5594 7
5595 7
5596 7
5597 7
5598 7
5599 7
5600 7
5601 7
5602 7
5603 7
5604 7
5605 7
5606 7
5607 7
5608 7
5609 7
5610 7
5611 7
5612 7
5613 7
5614 61
5615 7
5616 488
5617 488
5618 7
5619 7
5620 61
5621 61
5622 7
5623 7
5624 137
5625 752
5626 7
5627 7
5628 7
5629 137
5630 752
5631 137
5632 137
5633 137
5634 137
5635 137
5636 137
5637 823
5638 823
5639 823
5640 823
5641 823
5642 137
5643 137
5644 137
5645 752
5646 137
5647 137
5648 137
5649 137
5650 137
5651 137
5652 137
5653 137
5654 752
5655 752
5656 752
5657 61
5658 61
5659 61
5660 61
5661 61
5662 752
5663 249
5664 137
5665 137
5666 137
5667 137
5668 137
5669 137
5670 137
5671 137
5672 137
5673 137
5674 61
5675 61
5676 61
5677 61
5678 61
5679 61
5680 61
5681 752
5682 61
5683 61
5684 752
5685 61
5686 61
5687 752
5688 752
5689 752
5690 61
5691 752
5692 14
5693 61
5694 61
5695 137
5696 61
5697 137
5698 0
5699 752
5700 752
5701 752
5702 61
5703 61
5704 752
5705 137
5706 752
5707 752
5708 752
5709 752
5710 752
5711 752
5712 61
5713 61
5714 61
5715 137
5716 137
5717 137
5718 137
5719 137
5720 137
5721 137
5722 0
5723 61
5724 137
5725 752
5726 752
5727 137
5728 61
5729 61
5730 137
5731 137
5732 137
5733 752
5734 137
5735 137
5736 137
5737 61
5738 137
5739 137
5740 137
5741 137
5742 137
5743 137
5744 137
5745 137
5746 137
5747 137
5748 137
5749 752
5750 137
5751 752
5752 752
5753 752
5754 137
5755 137
5756 137
5757 137
5758 137
5759 137
5760 137
5761 752
5762 137
5763 137
5764 137
5765 137
5766 61
5767 137
5768 137
5769 752
5770 61
5771 137
5772 137
5773 137
5774 752
5775 137
5776 234
5777 234
5778 752
5779 752
5780 137
5781 137
5782 752
5783 137
5784 137
5785 137
5786 137
5787 137
5788 137
5789 137
5790 137
5791 137
5792 137
5793 137
5794 137
5795 137
5796 137
5797 137
5798 137
5799 137
5800 137
5801 137
5802 137
5803 752
5804 95
5805 137
5806 137
5807 137
5808 137
5809 752
5810 137
5811 137
5812 137
5813 137
5814 137
5815 137
5816 234
5817 137
5818 137
5819 137
5820 137
5821 137
5822 752
5823 137
5824 137
5825 137
5826 137
5827 137
5828 137
5829 137
5830 14
5831 137
5832 752
5833 752
5834 61
5835 137
5836 61
5837 137
5838 137
5839 137
5840 137
5841 7
5842 137
5843 752
5844 752
5845 137
5846 137
5847 137
5848 137
5849 137
5850 137
5851 137
5852 137
5853 137
5854 137
5855 137
5856 218
5857 218
5858 137
5859 137
5860 137
5861 137
5862 137
5863 236
5864 137
5865 137
5866 137
5867 137
5868 137
5869 137
5870 137
5871 137
5872 752
5873 137
5874 752
5875 752
5876 752
5877 137
5878 137
5879 137
5880 137
5881 752
5882 752
5883 752
5884 137
5885 137
5886 137
5887 488
5888 137
5889 137
5890 137
5891 137
5892 137
5893 137
5894 137
5895 137
5896 752
5897 137
5898 137
5899 137
5900 752
5901 137
5902 61
5903 752
5904 137
5905 137
5906 137
5907 137
5908 137
5909 137
5910 137
5911 7
5912 137
5913 137
5914 137
5915 137
5916 752
5917 752
5918 137
5919 752
5920 752
5921 137
5922 137
5923 752
5924 137
5925 137
5926 137
5927 137
5928 14
5929 137
5930 137
5931 137
5932 137
5933 137
5934 61
5935 137
5936 137
5937 137
5938 137
5939 752
5940 137
5941 137
5942 137
5943 752
5944 137
5945 61
5946 137
5947 61
5948 61
5949 61
5950 61
5951 752
5952 752
5953 752
5954 752
5955 752
5956 752
5957 752
5958 7
5959 7
5960 61
5961 752
5962 7
5963 887
5964 61
5965 61
5966 61
5967 61
5968 887
5969 0
5970 61
5971 61
5972 61
5973 61
5974 61
5975 137
5976 61
5977 61
5978 61
5979 61
5980 61
5981 61
5982 61
5983 61
5984 752
5985 61
5986 61
5987 61
5988 61
5989 61
5990 61
5991 61
5992 61
5993 61
5994 245
5995 61
5996 61
5997 7
5998 61
5999 61
6000 61
6001 61
6002 61
6003 7
6004 61
6005 61
6006 61
6007 61
6008 245
6009 61
6010 61
6011 61
6012 245
6013 61
6014 752
6015 61
6016 61
6017 61
6018 61
6019 61
6020 61
6021 61
6022 61
6023 61
6024 61
6025 61
6026 61
6027 61
6028 61
6029 61
6030 61
6031 61
6032 61
6033 752
6034 61
6035 61
6036 61
6037 61
6038 61
6039 61
6040 61
6041 61
6042 61
6043 61
6044 61
6045 61
6046 61
6047 61
6048 61
6049 752
6050 61
6051 61
6052 61
6053 61
6054 61
6055 61
6056 61
6057 61
6058 61
6059 61
6060 61
6061 61
6062 61
6063 61
6064 61
6065 61
6066 61
6067 137
6068 752
6069 137
6070 137
6071 137
6072 61
6073 61
6074 61
6075 61
6076 232
6077 61
6078 61
6079 61
6080 61
6081 61
6082 61
6083 752
6084 232
6085 61
6086 61
6087 61
6088 61
6089 61
6090 232
6091 61
6092 61
6093 61
6094 61
6095 232
6096 61
6097 61
6098 61
6099 61
6100 61
6101 61
6102 61
6103 61
6104 61
6105 61
6106 61
6107 61
6108 61
6109 61
6110 61
6111 752
6112 61
6113 61
6114 137
6115 61
6116 137
6117 61
6118 61
6119 61
6120 61
6121 61
6122 61
6123 61
6124 61
6125 232
6126 61
6127 61
6128 61
6129 61
6130 61
6131 61
6132 61
6133 61
6134 61
6135 752
6136 61
6137 61
6138 61
6139 752
6140 752
6141 7
6142 7
6143 232
6144 61
6145 61
6146 752
6147 752
6148 245
6149 61
6150 61
6151 61
6152 61
6153 61
6154 61
6155 61
6156 61
6157 61
6158 61
6159 61
6160 61
6161 752
6162 61
6163 61
6164 7
6165 7
6166 61
6167 61
6168 752
6169 61
6170 61
6171 61
6172 61
6173 61
6174 61
6175 61
6176 752
6177 752
6178 61
6179 61
6180 61
6181 61
6182 61
6183 61
6184 61
6185 15
6186 15
6187 15
6188 15
6189 61
6190 61
6191 61
6192 752
6193 61
6194 61
6195 61
6196 245
6197 61
6198 61
6199 61
6200 61
6201 121
6202 61
6203 61
6204 61
6205 752
6206 61
6207 61
6208 61
6209 61
6210 61
6211 61
6212 61
6213 61
6214 61
6215 61
6216 61
6217 61
6218 61
6219 61
6220 61
6221 61
6222 61
6223 61
6224 61
6225 61
6226 61
6227 61
6228 61
6229 61
6230 232
6231 232
6232 61
6233 61
6234 61
6235 61
6236 61
6237 61
6238 61
6239 61
6240 61
6241 61
6242 61
6243 232
6244 61
6245 61
6246 61
6247 61
6248 61
6249 232
6250 61
6251 61
6252 61
6253 137
6254 61
6255 752
6256 61
6257 61
6258 61
6259 61
6260 61
6261 61
6262 61
6263 61
6264 61
6265 61
6266 61
6267 61
6268 61
6269 61
6270 61
6271 61
6272 61
6273 61
6274 752
6275 61
6276 61
6277 61
6278 61
6279 61
6280 61
6281 61
6282 752
6283 61
6284 137
6285 61
6286 61
6287 232
6288 752
6289 61
6290 61
6291 61
6292 61
6293 61
6294 61
6295 61
6296 61
6297 61
6298 61
6299 752
6300 61
6301 61
6302 61
6303 377
6304 61
6305 61
6306 61
6307 61
6308 232
6309 61
6310 61
6311 61
6312 61
6313 823
6314 823
6315 823
6316 823
6317 823
6318 61
6319 61
6320 232
6321 752
6322 61
6323 61
6324 61
6325 61
6326 61
6327 61
6328 61
6329 245
6330 245
6331 245
6332 61
6333 752
6334 61
6335 61
6336 61
6337 61
6338 61
6339 61
6340 137
6341 61
6342 61
6343 137
6344 61
6345 61
6346 137
6347 61
6348 61
6349 61
6350 61
6351 61
6352 61
6353 61
6354 61
6355 61
6356 61
6357 61
6358 61
6359 137
6360 61
6361 61
6362 137
6363 61
6364 61
6365 61
6366 61
6367 823
6368 61
6369 61
6370 61
6371 61
6372 752
6373 61
6374 61
6375 61
6376 61
6377 61
6378 61
6379 61
6380 61
6381 61
6382 61
6383 61
6384 61
6385 61
6386 61
6387 61
6388 61
6389 61
6390 61
6391 61
6392 137
6393 61
6394 268
6395 752
6396 61
6397 752
6398 488
6399 61
6400 752
6401 61
6402 61
6403 61
6404 232
6405 232
6406 61
6407 61
6408 61
6409 61
6410 14
6411 61
6412 752
6413 14
6414 61
6415 61
6416 61
6417 61
6418 61
6419 61
6420 232
6421 61
6422 61
6423 61
6424 232
6425 232
6426 232
6427 61
6428 61
6429 61
6430 61
6431 61
6432 61
6433 61
6434 61
6435 61
6436 61
6437 61
6438 61
6439 137
6440 61
6441 61
6442 752
6443 61
6444 61
6445 752
6446 61
6447 61
6448 61
6449 752
6450 61
6451 752
6452 61
6453 137
6454 61
6455 61
6456 61
6457 61
6458 61
6459 61
6460 14
6461 61
6462 61
6463 61
6464 61
6465 61
6466 232
6467 61
6468 61
6469 752
6470 232
6471 61
6472 61
6473 61
6474 61
6475 61
6476 61
6477 7
6478 232
6479 752
6480 61
6481 61
6482 61
6483 61
6484 61
6485 61
6486 61
6487 61
6488 61
6489 61
6490 377
6491 752
6492 61
6493 232
6494 61
6495 752
6496 61
6497 61
6498 61
6499 61
6500 61
6501 61
6502 61
6503 61
6504 61
6505 61
6506 61
6507 61
6508 61
6509 61
6510 61
6511 61
6512 61
6513 61
6514 61
6515 61
6516 61
6517 752
6518 61
6519 61
6520 61
6521 752
6522 823
6523 823
6524 61
6525 61
6526 61
6527 7
6528 61
6529 245
6530 61
6531 130
6532 61
6533 61
6534 61
6535 61
6536 61
6537 61
6538 61
6539 61
6540 61
6541 61
6542 61
6543 14
6544 61
6545 137
6546 137
6547 488
6548 61
6549 61
6550 61
6551 61
6552 61
6553 61
6554 61
6555 61
6556 61
6557 61
6558 752
6559 488
6560 61
6561 61
6562 61
6563 61
6564 61
6565 61
6566 61
6567 137
6568 61
6569 61
6570 137
6571 61
6572 61
6573 61
6574 137
6575 61
6576 61
6577 61
6578 61
6579 61
6580 61
6581 823
6582 61
6583 61
6584 61
6585 137
6586 61
6587 61
6588 61
6589 14
6590 752
6591 61
6592 61
6593 61
6594 61
6595 61
6596 14
6597 61
6598 61
6599 232
6600 232
6601 232
6602 232
6603 61
6604 61
6605 61
6606 752
6607 61
6608 61
6609 61
6610 61
6611 61
6612 61
6613 752
6614 61
6615 137
6616 0
6617 61
6618 61
6619 488
6620 61
6621 61
6622 61
6623 61
6624 61
6625 61
6626 14
6627 61
6628 61
6629 61
6630 61
6631 61
6632 14
6633 61
6634 61
6635 61
6636 61
6637 488
6638 61
6639 61
6640 61
6641 61
6642 61
6643 61
6644 61
6645 61
6646 61
6647 61
6648 61
6649 61
6650 61
6651 61
6652 61
6653 61
6654 61
6655 61
6656 61
6657 61
6658 61
6659 823
6660 823
6661 752
6662 61
6663 61
6664 61
6665 61
6666 61
6667 61
6668 61
6669 137
6670 137
6671 3
6672 61
6673 14
6674 752
6675 752
6676 61
6677 752
6678 61
6679 61
6680 61
6681 61
6682 61
6683 61
6684 218
6685 218
6686 7
6687 61
6688 61
6689 61
6690 61
6691 61
6692 61
6693 61
6694 61
6695 61
6696 61
6697 752
6698 752
6699 61
6700 61
6701 61
6702 61
6703 61
6704 61
6705 61
6706 61
6707 61
6708 61
6709 61
6710 61
6711 61
6712 61
6713 61
6714 61
6715 61
6716 61
6717 61
6718 61
6719 752
6720 61
6721 61
6722 61
6723 218
6724 218
6725 61
6726 61
6727 61
6728 61
6729 61
6730 61
6731 61
6732 61
6733 3
6734 7
6735 7
6736 61
6737 3
6738 61
6739 61
6740 61
6741 7
6742 61
6743 61
6744 137
6745 752
6746 752
6747 61
6748 61
6749 61
6750 61
6751 218
6752 218
6753 61
6754 61
6755 61
6756 61
6757 61
6758 137
6759 3
6760 61
6761 61
6762 61
6763 137
6764 61
6765 3
6766 61
6767 61
6768 61
6769 61
6770 61
6771 61
6772 61
6773 61
6774 61
6775 61
6776 61
6777 61
6778 61
6779 61
6780 61
6781 61
6782 752
6783 752
6784 752
6785 752
6786 12
6787 61
6788 268
6789 268
6790 268
6791 752
6792 752
6793 752
6794 752
6795 752
6796 752
6797 137
6798 137
6799 752
6800 752
6801 137
6802 137
6803 137
6804 61
6805 61
6806 61
6807 61
6808 752
6809 137
6810 137
6811 18
6812 137
6813 137
6814 137
6815 137
6816 61
6817 3
6818 61
6819 137
6820 61
6821 137
6822 137
6823 137
6824 137
6825 61
6826 61
6827 137
6828 887
6829 16
6830 339
6831 232
6832 137
6833 137
6834 61
6835 61
6836 61
6837 14
6838 61
6839 14
6840 752
6841 14
6842 14
6843 14
6844 61
6845 137
6846 61
6847 14
6848 14
6849 14
6850 14
6851 61
6852 61
6853 14
6854 14
6855 14
6856 14
6857 752
6858 61
6859 14
6860 61
6861 752
6862 61
6863 61
6864 137
6865 137
6866 137
6867 137
6868 137
6869 752
6870 137
6871 752
6872 137
6873 137
6874 752
6875 137
6876 137
6877 61
6878 137
6879 61
6880 61
6881 61
6882 61
6883 61
6884 61
6885 61
6886 0
6887 61
6888 61
6889 0
6890 61
6891 61
6892 61
6893 61
6894 61
6895 61
6896 752
6897 61
6898 61
6899 0
6900 0
6901 0
6902 0
6903 0
6904 61
6905 488
6906 61
6907 61
6908 61
6909 61
6910 61
6911 61
6912 61
6913 61
6914 0
6915 61
6916 61
6917 61
6918 61
6919 61
6920 61
6921 61
6922 61
6923 61
6924 0
6925 61
6926 61
6927 0
6928 0
6929 0
6930 61
6931 61
6932 61
6933 61
6934 61
6935 61
6936 61
6937 61
6938 61
6939 61
6940 61
6941 61
6942 823
6943 61
6944 0
6945 61
6946 0
6947 0
6948 61
6949 61
6950 0
6951 0
6952 0
6953 61
6954 61
6955 61
6956 61
6957 61
6958 61
6959 61
6960 61
6961 61
6962 0
6963 61
6964 61
6965 61
6966 61
6967 61
6968 823
6969 61
6970 61
6971 7
6972 61
6973 0
6974 61
6975 61
6976 61
6977 61
6978 0
6979 0
6980 752
6981 0
6982 0
6983 0
6984 61
6985 0
6986 61
6987 61
6988 61
6989 61
6990 61
6991 61
6992 61
6993 61
6994 61
6995 61
6996 0
6997 61
6998 61
6999 61
7000 137
7001 61
7002 61
7003 61
7004 61
7005 61
7006 0
7007 61
7008 61
7009 61
7010 61
7011 61
7012 61
7013 752
7014 61
7015 61
7016 61
7017 61
7018 61
7019 61
7020 61
7021 61
7022 61
7023 0
7024 61
7025 61
7026 61
7027 61
7028 61
7029 0
7030 0
7031 61
7032 14
7033 61
7034 61
7035 61
7036 61
7037 61
7038 61
7039 61
7040 61
7041 61
7042 61
7043 61
7044 61
7045 61
7046 61
7047 61
7048 61
7049 823
7050 137
7051 61
7052 137
7053 61
7054 61
7055 61
7056 61
7057 61
7058 823
7059 61
7060 61
7061 61
7062 61
7063 61
7064 61
7065 61
7066 61
7067 61
7068 61
7069 61
7070 61
7071 61
7072 61
7073 61
7074 61
7075 61
7076 61
7077 61
7078 61
7079 61
7080 61
7081 137
7082 61
7083 105
7084 752
7085 752
7086 61
7087 752
7088 61
7089 752
7090 61
7091 61
7092 61
7093 752
7094 61
7095 752
7096 61
7097 61
7098 61
7099 61
7100 61
7101 61
7102 105
7103 61
7104 61
7105 61
7106 105
7107 887
7108 105
7109 752
7110 61
7111 752
7112 752
7113 752
7114 61
7115 61
7116 137
7117 61
7118 61
7119 61
7120 61
7121 61
7122 61
7123 137
7124 61
7125 61
7126 61
7127 61
7128 61
7129 752
7130 752
7131 752
7132 752
7133 752
7134 61
7135 61
7136 752
7137 61
7138 14
7139 137
7140 752
7141 61
7142 61
7143 61
7144 61
7145 61
7146 752
7147 752
7148 752
7149 752
7150 61
7151 137
7152 61
7153 61
7154 61
7155 752
7156 752
7157 752
7158 752
7159 61
7160 752
7161 752
7162 61
7163 105
7164 61
7165 61
7166 61
7167 752
7168 752
7169 61
7170 752
7171 752
7172 752
7173 61
7174 752
7175 0
7176 4
7177 14
7178 752
7179 752
7180 752
7181 61
7182 61
7183 137
7184 61
7185 61
7186 61
7187 61
7188 752
7189 61
7190 61
7191 268
7192 752
7193 116
7194 752
7195 752
7196 752
7197 61
7198 752
7199 752
7200 61
7201 105
7202 61
7203 752
7204 137
7205 61
7206 61
7207 61
7208 61
7209 752
7210 752
7211 752
7212 61
7213 61
7214 752
7215 61
7216 61
7217 752
7218 137
7219 61
7220 61
7221 61
7222 61
7223 61
7224 61
7225 61
7226 61
7227 137
7228 752
7229 61
7230 752
7231 752
7232 61
7233 61
7234 61
7235 752
7236 752
7237 752
7238 752
7239 61
7240 61
7241 61
7242 61
7243 61
7244 752
7245 752
7246 61
7247 61
7248 752
7249 752
7250 137
7251 61
7252 61
7253 105
7254 105
7255 61
7256 752
7257 752
7258 752
7259 752
7260 61
7261 752
7262 61
7263 61
7264 61
7265 61
7266 752
7267 61
7268 752
7269 61
7270 61
7271 61
7272 752
7273 61
7274 61
7275 61
7276 752
7277 752
7278 752
7279 61
7280 61
7281 752
7282 61
7283 61
7284 752
7285 61
7286 61
7287 61
7288 752
7289 61
7290 61
7291 752
7292 752
7293 752
7294 752
7295 61
7296 61
7297 61
7298 61
7299 137
7300 752
7301 137
7302 61
7303 61
7304 61
7305 61
7306 61
7307 61
7308 752
7309 14
7310 752
7311 752
7312 752
7313 752
7314 61
7315 752
7316 752
7317 61
7318 61
7319 61
7320 752
7321 61
7322 61
7323 752
7324 61
7325 61
7326 61
7327 61
7328 61
7329 61
7330 752
7331 61
7332 752
7333 752
7334 61
7335 61
7336 752
7337 61
7338 61
7339 61
7340 61
7341 61
7342 61
7343 61
7344 61
7345 61
7346 61
7347 61
7348 752
7349 752
7350 752
7351 17
7352 61
7353 61
7354 61
7355 61
7356 752
7357 61
7358 752
7359 61
7360 61
7361 61
7362 137
7363 61
7364 61
7365 105
7366 105
7367 105
7368 752
7369 61
7370 61
7371 61
7372 17
7373 752
7374 752
7375 61
7376 752
7377 752
7378 752
7379 61
7380 61
7381 61
7382 752
7383 61
7384 61
7385 752
7386 61
7387 61
7388 61
7389 752
7390 752
7391 61
7392 61
7393 61
7394 752
7395 268
7396 752
7397 61
7398 61
7399 61
7400 61
7401 752
7402 752
7403 752
7404 752
7405 61
7406 61
7407 61
7408 61
7409 61
7410 61
7411 61
7412 137
7413 17
7414 752
7415 752
7416 752
7417 61
7418 61
7419 61
7420 752
7421 61
7422 752
7423 105
7424 105
7425 61
7426 61
7427 108
7428 752
7429 61
7430 61
7431 61
7432 61
7433 61
7434 137
7435 137
7436 61
7437 61
7438 752
7439 61
7440 61
7441 61
7442 61
7443 752
7444 752
7445 752
7446 752
7447 752
7448 752
7449 752
7450 752
7451 752
7452 61
7453 752
7454 752
7455 752
7456 61
7457 61
7458 752
7459 752
7460 61
7461 61
7462 137
7463 752
7464 268
7465 61
7466 752
7467 61
7468 61
7469 61
7470 61
7471 61
7472 61
7473 116
7474 116
7475 116
7476 752
7477 61
7478 61
7479 61
7480 752
7481 752
7482 61
7483 752
7484 61
7485 61
7486 61
7487 61
7488 61
7489 61
7490 61
7491 61
7492 61
7493 61
7494 61
7495 17
7496 17
7497 61
7498 61
7499 61
7500 61
7501 61
7502 752
7503 61
7504 752
7505 137
7506 137
7507 752
7508 137
7509 137
7510 137
7511 137
7512 137
7513 61
7514 137
7515 137
7516 137
7517 137
7518 137
7519 137
7520 137
7521 137
7522 137
7523 137
7524 137
7525 137
7526 137
7527 137
7528 137
7529 137
7530 137
7531 137
7532 137
7533 137
7534 137
7535 137
7536 137
7537 137
7538 137
7539 137
7540 137
7541 137
7542 137
7543 137
7544 137
7545 137
7546 137
7547 137
7548 137
7549 137
7550 137
7551 137
7552 137
7553 137
7554 137
7555 137
7556 137
7557 137
7558 137
7559 137
7560 137
7561 137
7562 137
7563 137
7564 137
7565 137
7566 137
7567 137
7568 137
7569 752
7570 137
7571 137
7572 137
7573 137
7574 137
7575 137
7576 137
7577 137
7578 137
7579 137
7580 137
7581 137
7582 137
7583 137
7584 137
7585 137
7586 137
7587 137
7588 137
7589 137
7590 137
7591 137
7592 137
7593 137
7594 137
7595 137
7596 137
7597 137
7598 137
7599 137
7600 137
7601 137
7602 137
7603 137
7604 137
7605 137
7606 137
7607 61
7608 137
7609 137
7610 137
7611 137
7612 137
7613 137
7614 752
7615 752
7616 137
7617 137
7618 137
7619 137
7620 137
7621 137
7622 137
7623 137
7624 137
7625 137
7626 137
7627 137
7628 137
7629 137
7630 61
7631 752
7632 137
7633 752
7634 752
7635 61
7636 752
7637 752
7638 752
7639 137
7640 752
7641 752
7642 137
7643 137
7644 137
7645 137
7646 137
7647 752
7648 137
7649 137
7650 137
7651 752
7652 137
7653 752
7654 752
7655 752
7656 752
7657 137
7658 752
7659 752
7660 137
7661 752
7662 752
7663 752
7664 752
7665 137
7666 137
7667 137
7668 752
7669 752
7670 137
7671 61
7672 137
7673 752
7674 752
7675 752
7676 137
7677 137
7678 137
7679 137
7680 752
7681 137
7682 137
7683 752
7684 752
7685 137
7686 137
7687 752
7688 752
7689 752
7690 752
7691 137
7692 752
7693 752
7694 137
7695 137
7696 61
7697 137
7698 137
7699 137
7700 752
7701 752
7702 137
7703 137
7704 137
7705 752
7706 752
7707 137
7708 752
7709 137
7710 137
7711 137
7712 137
7713 137
7714 61
7715 137
7716 137
7717 752
7718 137
7719 137
7720 752
7721 137
7722 752
7723 137
7724 0
7725 137
7726 137
7727 137
7728 752
7729 137
7730 752
7731 137
7732 752
7733 752
7734 137
7735 752
7736 752
7737 137
7738 137
7739 752
7740 137
7741 137
7742 752
7743 752
7744 137
7745 137
7746 137
7747 137
7748 752
7749 752
7750 137
7751 137
7752 752
7753 752
7754 137
7755 137
7756 137
7757 137
7758 137
7759 137
7760 137
7761 752
7762 137
7763 137
7764 137
7765 137
7766 752
7767 137
7768 137
7769 137
7770 752
7771 752
7772 12
7773 752
7774 61
7775 752
7776 752
7777 137
7778 137
7779 137
7780 137
7781 14
7782 137
7783 137
7784 752
7785 137
7786 752
7787 137
7788 137
7789 137
7790 137
7791 137
7792 137
7793 137
7794 752
7795 13
7796 752
7797 752
7798 137
7799 137
7800 137
7801 137
7802 752
7803 752
7804 137
7805 137
7806 137
7807 137
7808 61
7809 137
7810 752
7811 752
7812 752
7813 137
7814 137
7815 752
7816 3
7817 752
7818 752
7819 752
7820 137
7821 752
7822 752
7823 137
7824 137
7825 137
7826 61
7827 752
7828 137
7829 752
7830 137
7831 137
7832 752
7833 752
7834 752
7835 137
7836 752
7837 137
7838 752
7839 137
7840 137
7841 752
7842 61
7843 137
7844 61
7845 752
7846 137
7847 752
7848 752
7849 137
7850 137
7851 137
7852 137
7853 137
7854 752
7855 752
7856 752
7857 752
7858 752
7859 752
7860 61
7861 61
7862 61
7863 61
7864 61
7865 61
7866 61
7867 61
7868 61
7869 61
7870 61
7871 61
7872 61
7873 61
7874 61
7875 137
7876 61
7877 61
7878 61
7879 61
7880 752
7881 7
7882 61
7883 752
7884 61
7885 61
7886 61
7887 61
7888 61
7889 61
7890 0
7891 61
7892 61
7893 61
7894 61
7895 861
7896 61
7897 61
7898 61
7899 61
7900 61
7901 61
7902 61
7903 61
7904 61
7905 61
7906 61
7907 61
7908 61
7909 137
7910 61
7911 61
7912 61
7913 752
7914 61
7915 61
7916 61
7917 61
7918 61
7919 61
7920 488
7921 61
7922 61
7923 61
7924 61
7925 61
7926 61
7927 137
7928 61
7929 0
7930 61
7931 61
7932 61
7933 61
7934 61
7935 61
7936 61
7937 752
7938 752
7939 61
7940 61
7941 61
7942 752
7943 752
7944 61
7945 61
7946 752
7947 0
7948 61
7949 61
7950 61
7951 137
7952 0
7953 61
7954 752
7955 61
7956 61
7957 752
7958 752
7959 752
7960 752
7961 752
7962 61
7963 752
7964 752
7965 752
7966 752
7967 752
7968 61
7969 61
7970 752
7971 752
7972 752
7973 61
7974 137
7975 752
7976 752
7977 232
7978 752
7979 0
7980 61
7981 752
7982 61
7983 61
7984 61
7985 61
7986 61
7987 61
7988 61
7989 61
7990 61
7991 61
7992 61
7993 61
7994 61
7995 61
7996 61
7997 61
7998 61
7999 61
8000 61
8001 61
8002 61
8003 61
8004 61
8005 61
8006 61
8007 61
8008 61
8009 61
8010 61
8011 61
8012 61
8013 61
8014 61
8015 61
8016 61
8017 61
8018 61
8019 61
8020 61
8021 61
8022 61
8023 61
8024 61
8025 61
8026 61
8027 61
8028 61
8029 61
8030 61
8031 61
8032 61
8033 61
8034 61
8035 61
8036 61
8037 61
8038 61
8039 61
8040 61
8041 61
8042 61
8043 61
8044 61
8045 61
8046 61
8047 61
8048 61
8049 61
8050 61
8051 61
8052 61
8053 61
8054 61
8055 61
8056 61
8057 61
8058 61
8059 61
8060 61
8061 61
8062 752
8063 61
8064 752
8065 61
8066 61
8067 61
8068 61
8069 61
8070 61
8071 61
8072 12
8073 61
8074 61
8075 61
8076 61
8077 137
8078 61
8079 61
8080 137
8081 95
8082 61
8083 61
8084 61
8085 61
8086 61
8087 61
8088 61
8089 61
8090 61
8091 7
8092 61
8093 61
8094 95
8095 61
8096 61
8097 61
8098 61
8099 61
8100 61
8101 61
8102 61
8103 61
8104 752
8105 752
8106 61
8107 752
8108 61
8109 61
8110 752
8111 61
8112 61
8113 752
8114 0
8115 61
8116 61
8117 61
8118 61
8119 61
8120 61
8121 61
8122 61
8123 61
8124 61
8125 61
8126 61
8127 61
8128 61
8129 61
8130 61
8131 61
8132 61
8133 61
8134 40
8135 61
8136 61
8137 61
8138 61
8139 61
8140 61
8141 61
8142 61
8143 61
8144 61
8145 61
8146 61
8147 61
8148 61
8149 61
8150 61
8151 752
8152 61
8153 61
8154 61
8155 61
8156 61
8157 61
8158 61
8159 61
8160 137
8161 61
8162 61
8163 61
8164 752
8165 61
8166 61
8167 61
8168 61
8169 737
8170 61
8171 752
8172 61
8173 61
8174 40
8175 752
8176 61
8177 61
8178 61
8179 752
8180 61
8181 61
8182 61
8183 61
8184 752
8185 61
8186 823
8187 752
8188 61
8189 61
8190 61
8191 61
8192 752
8193 137
8194 12
8195 61
8196 61
8197 61
8198 61
8199 61
8200 61
8201 61
8202 61
8203 95
8204 61
8205 61
8206 137
8207 61
8208 61
8209 61
8210 61
8211 61
8212 61
8213 61
8214 61
8215 61
8216 61
8217 61
8218 61
8219 61
8220 61
8221 61
8222 61
8223 61
8224 61
8225 61
8226 61
8227 61
8228 61
8229 61
8230 61
8231 61
8232 137
8233 61
8234 61
8235 61
8236 61
8237 61
8238 61
8239 61
8240 61
8241 61
8242 61
8243 61
8244 61
8245 61
8246 61
8247 61
8248 61
8249 61
8250 61
8251 61
8252 61
8253 61
8254 61
8255 61
8256 61
8257 61
8258 61
8259 61
8260 61
8261 7
8262 7
8263 61
8264 752
8265 61
8266 61
8267 61
8268 61
8269 61
8270 61
8271 488
8272 61
8273 61
8274 61
8275 61
8276 61
8277 61
8278 61
8279 61
8280 752
8281 61
8282 488
8283 61
8284 61
8285 61
8286 752
8287 61
8288 7
8289 61
8290 249
8291 61
8292 61
8293 61
8294 61
8295 61
8296 61
8297 61
8298 61
8299 61
8300 61
8301 61
8302 61
8303 7
8304 61
8305 752
8306 752
8307 752
8308 752
8309 752
8310 752
8311 752
8312 61
8313 752
8314 18
8315 18
8316 18
8317 752
8318 752
8319 752
8320 752
8321 752
8322 18
8323 752
8324 12
8325 12
8326 12
8327 12
8328 752
8329 61
8330 137
8331 4
8332 752
8333 752
8334 752
8335 752
8336 4
8337 19
8338 752
8339 4
8340 18
8341 752
8342 61
8343 61
8344 396
8345 137
8346 137
8347 137
8348 137
8349 137
8350 14
8351 61
8352 137
8353 61
8354 752
8355 137
8356 137
8357 137
8358 137
8359 137
8360 137
8361 137
8362 137
8363 137
8364 752
8365 752
8366 137
8367 137
8368 752
8369 137
8370 137
8371 61
8372 752
8373 752
8374 752
8375 137
8376 137
8377 137
8378 137
8379 752
8380 752
8381 137
8382 137
8383 137
8384 137
8385 137
8386 137
8387 137
8388 752
8389 752
8390 137
8391 61
8392 61
8393 61
8394 61
8395 137
8396 137
8397 137
8398 752
8399 137
8400 61
8401 137
8402 752
8403 752
8404 61
8405 752
8406 137
8407 137
8408 701
8409 137
8410 137
8411 7
8412 752
8413 61
8414 137
8415 137
8416 752
8417 752
8418 137
8419 137
8420 137
8421 752
8422 752
8423 137
8424 137
8425 137
8426 61
8427 137
8428 137
8429 137
8430 137
8431 137
8432 137
8433 137
8434 137
8435 137
8436 137
8437 137
8438 137
8439 137
8440 137
8441 137
8442 137
8443 137
8444 137
8445 137
8446 137
8447 137
8448 137
8449 137
8450 137
8451 137
8452 137
8453 137
8454 137
8455 137
8456 137
8457 61
8458 137
8459 137
8460 137
8461 137
8462 137
8463 137
8464 137
8465 137
8466 61
8467 137
8468 137
8469 137
8470 137
8471 137
8472 137
8473 137
8474 137
8475 137
8476 301
8477 301
8478 301
8479 137
8480 137
8481 137
8482 137
8483 137
8484 752
8485 137
8486 137
8487 137
8488 752
8489 137
8490 752
8491 137
8492 137
8493 137
8494 137
8495 752
8496 137
8497 218
8498 137
8499 137
8500 137
8501 137
8502 488
8503 137
8504 137
8505 137
8506 137
8507 137
8508 823
8509 137
8510 137
8511 752
8512 61
8513 137
8514 137
8515 61
8516 61
8517 137
8518 137
8519 137
8520 137
8521 137
8522 137
8523 137
8524 137
8525 137
8526 752
8527 14
8528 137
8529 137
8530 137
8531 137
8532 137
8533 137
8534 137
8535 137
8536 137
8537 137
8538 137
8539 137
8540 137
8541 737
8542 137
8543 14
8544 14
8545 14
8546 14
8547 14
8548 752
8549 14
8550 14
8551 137
8552 61
8553 10
8554 10
8555 10
8556 7
8557 218
8558 488
8559 0
8560 7
8561 61
8562 20
8563 20
8564 20
8565 61
8566 40
8567 61
8568 61
8569 61
8570 61
8571 61
8572 61
8573 61
8574 61
8575 7
8576 7
8577 61
8578 61
8579 61
8580 61
8581 61
8582 7
8583 7
8584 137
8585 7
8586 61
8587 61
8588 61
8589 0
8590 7
8591 61
8592 7
8593 61
8594 61
8595 61
8596 7
8597 7
8598 61
8599 61
8600 752
8601 61
8602 0
8603 61
8604 61
8605 61
8606 61
8607 61
8608 61
8609 61
8610 61
8611 61
8612 61
8613 61
8614 61
8615 61
8616 61
8617 61
8618 61
8619 61
8620 61
8621 61
8622 61
8623 61
8624 61
8625 61
8626 61
8627 61
8628 61
8629 218
8630 61
8631 61
8632 61
8633 752
8634 61
8635 40
8636 61
8637 61
8638 61
8639 61
8640 61
8641 488
8642 218
8643 61
8644 14
8645 61
8646 61
8647 61
8648 61
8649 61
8650 61
8651 61
8652 61
8653 61
8654 61
8655 61
8656 61
8657 61
8658 61
8659 752
8660 752
8661 752
8662 61
8663 61
8664 61
8665 61
8666 61
8667 61
8668 14
8669 14
8670 14
8671 14
8672 14
8673 14
8674 14
8675 14
8676 14
8677 14
8678 61
8679 752
8680 752
8681 737
8682 752
8683 137
8684 61
8685 752
8686 752
8687 752
8688 61
8689 61
8690 61
8691 61
8692 61
8693 137
8694 61
8695 752
8696 752
8697 61
8698 137
8699 61
8700 752
8701 137
8702 137
8703 61
8704 61
8705 137
8706 137
8707 61
8708 61
8709 61
8710 232
8711 61
8712 137
8713 137
8714 137
8715 752
8716 752
8717 752
8718 61
8719 61
8720 137
8721 61
8722 61
8723 61
8724 61
8725 61
8726 61
8727 61
8728 61
8729 61
8730 752
8731 137
8732 61
8733 3
8734 61
8735 61
8736 61
8737 61
8738 61
8739 61
8740 61
8741 3
8742 61
8743 61
8744 61
8745 61
8746 61
8747 61
8748 61
8749 61
8750 488
8751 752
8752 137
8753 61
8754 752
8755 61
8756 61
8757 61
8758 137
8759 137
8760 137
8761 137
8762 137
8763 752
8764 752
8765 137
8766 137
8767 137
8768 61
8769 61
8770 61
8771 61
8772 61
8773 61
8774 61
8775 61
8776 61
8777 61
8778 61
8779 61
8780 61
8781 61
8782 61
8783 752
8784 61
8785 61
8786 61
8787 61
8788 752
8789 61
8790 752
8791 232
8792 61
8793 31
8794 21
8795 40
8796 61
8797 61
8798 61
8799 61
8800 61
8801 61
8802 61
8803 61
8804 61
8805 61
8806 61
8807 61
8808 61
8809 61
8810 61
8811 40
8812 61
8813 61
8814 61
8815 61
8816 61
8817 61
8818 61
8819 61
8820 61
8821 61
8822 61
8823 61
8824 61
8825 61
8826 61
8827 61
8828 61
8829 61
8830 61
8831 61
8832 61
8833 61
8834 61
8835 61
8836 61
8837 61
8838 61
8839 61
8840 61
8841 268
8842 61
8843 61
8844 61
8845 40
8846 752
8847 45
8848 61
8849 61
8850 29
8851 61
8852 61
8853 61
8854 61
8855 61
8856 61
8857 0
8858 61
8859 61
8860 0
8861 40
8862 61
8863 61
8864 61
8865 61
8866 752
8867 61
8868 61
8869 61
8870 61
8871 752
8872 61
8873 61
8874 40
8875 61
8876 61
8877 61
8878 0
8879 40
8880 61
8881 61
8882 61
8883 61
8884 61
8885 61
8886 61
8887 61
8888 61
8889 61
8890 61
8891 61
8892 61
8893 61
8894 61
8895 61
8896 752
8897 61
8898 61
8899 61
8900 61
8901 61
8902 752
8903 61
8904 61
8905 61
8906 61
8907 137
8908 61
8909 752
8910 61
8911 61
8912 61
8913 61
8914 752
8915 61
8916 61
8917 61
8918 61
8919 61
8920 61
8921 0
8922 0
8923 61
8924 61
8925 61
8926 752
8927 137
8928 752
8929 752
8930 752
8931 61
8932 752
8933 752
8934 752
8935 752
8936 61
8937 61
8938 61
8939 752
8940 752
8941 61
8942 752
8943 752
8944 752
8945 752
8946 752
8947 61
8948 752
8949 752
8950 61
8951 752
8952 61
8953 61
8954 61
8955 61
8956 752
8957 752
8958 12
8959 752
8960 752
8961 488
8962 137
8963 752
8964 752
8965 752
8966 887
8967 61
8968 137
8969 752
8970 61
8971 61
8972 61
8973 752
8974 61
8975 752
8976 752
8977 137
8978 61
8979 752
8980 752
8981 61
8982 752
8983 61
8984 752
8985 752
8986 752
8987 752
8988 61
8989 61
8990 377
8991 377
8992 752
8993 61
8994 61
8995 752
8996 752
8997 752
8998 752
8999 137
9000 752
9001 61
9002 61
9003 752
9004 752
9005 752
9006 488
9007 752
9008 61
9009 752
9010 752
9011 752
9012 61
9013 61
9014 752
9015 377
9016 752
9017 752
9018 61
9019 61
9020 752
9021 752
9022 752
9023 752
9024 301
9025 752
9026 752
9027 752
9028 752
9029 752
9030 488
9031 61
9032 137
9033 752
9034 752
9035 752
9036 752
9037 752
9038 61
9039 752
9040 752
9041 61
9042 752
9043 752
9044 488
9045 752
9046 752
9047 752
9048 752
9049 137
9050 752
9051 752
9052 61
9053 752
9054 752
9055 752
9056 752
9057 752
9058 752
9059 752
9060 61
9061 61
9062 61
9063 752
9064 752
9065 12
9066 0
9067 752
9068 752
9069 752
9070 752
9071 752
9072 752
9073 752
9074 752
9075 752
9076 137
9077 752
9078 752
9079 61
9080 752
9081 752
9082 752
9083 752
9084 752
9085 752
9086 137
9087 752
9088 752
9089 752
9090 752
9091 752
9092 488
9093 61
9094 752
9095 752
9096 752
9097 752
9098 752
9099 12
9100 61
9101 137
9102 61
9103 61
9104 752
9105 737
9106 737
9107 752
9108 752
9109 752
9110 61
9111 752
9112 61
9113 752
9114 137
9115 752
9116 752
9117 137
9118 752
9119 61
9120 61
9121 137
9122 137
9123 137
9124 137
9125 137
9126 137
9127 137
9128 137
9129 61
9130 61
9131 61
9132 40
9133 61
9134 61
9135 61
9136 61
9137 488
9138 61
9139 61
9140 823
9141 61
9142 61
9143 61
9144 61
9145 61
9146 61
9147 61
9148 61
9149 61
9150 61
9151 61
9152 61
9153 61
9154 61
9155 61
9156 61
9157 61
9158 0
9159 61
9160 22
9161 22
9162 22
9163 752
9164 752
9165 268
9166 752
9167 752
9168 752
9169 752
9170 752
9171 752
9172 752
9173 752
9174 61
9175 752
9176 137
9177 752
9178 752
9179 752
9180 752
9181 61
9182 752
9183 752
9184 752
9185 61
9186 752
9187 752
9188 752
9189 752
9190 752
9191 752
9192 752
9193 752
9194 752
9195 752
9196 752
9197 752
9198 752
9199 752
9200 752
9201 752
9202 752
9203 752
9204 752
9205 752
9206 752
9207 752
9208 752
9209 752
9210 752
9211 752
9212 752
9213 752
9214 752
9215 752
9216 752
9217 752
9218 752
9219 752
9220 752
9221 752
9222 752
9223 752
9224 752
9225 752
9226 752
9227 752
9228 61
9229 752
9230 61
9231 752
9232 752
9233 752
9234 752
9235 752
9236 752
9237 752
9238 752
9239 752
9240 752
9241 752
9242 752
9243 752
9244 752
9245 752
9246 752
9247 752
9248 752
9249 752
9250 752
9251 752
9252 752
9253 752
9254 752
9255 61
9256 752
9257 752
9258 137
9259 752
9260 752
9261 752
9262 752
9263 752
9264 752
9265 752
9266 752
9267 752
9268 752
9269 61
9270 752
9271 752
9272 752
9273 752
9274 752
9275 752
9276 61
9277 752
9278 752
9279 752
9280 752
9281 752
9282 752
9283 752
9284 752
9285 752
9286 752
9287 847
9288 752
9289 752
9290 752
9291 752
9292 61
9293 61
9294 752
9295 752
9296 752
9297 752
9298 752
9299 752
9300 752
9301 752
9302 752
9303 752
9304 61
9305 752
9306 752
9307 752
9308 752
9309 752
9310 752
9311 268
9312 752
9313 752
9314 752
9315 752
9316 61
9317 752
9318 752
9319 752
9320 752
9321 752
9322 752
9323 752
9324 752
9325 752
9326 752
9327 752
9328 752
9329 752
9330 752
9331 752
9332 752
9333 752
9334 752
9335 752
9336 752
9337 137
9338 137
9339 137
9340 137
9341 137
9342 137
9343 137
9344 61
9345 61
9346 137
9347 137
9348 137
9349 137
9350 137
9351 137
9352 137
9353 137
9354 137
9355 752
9356 137
9357 887
9358 887
9359 61
9360 61
9361 887
9362 887
9363 488
9364 887
9365 61
9366 887
9367 61
9368 887
9369 488
9370 887
9371 61
9372 61
9373 61
9374 887
9375 887
9376 887
9377 887
9378 61
9379 61
9380 61
9381 61
9382 887
9383 887
9384 887
9385 887
9386 61
9387 61
9388 61
9389 887
9390 887
9391 887
9392 61
9393 887
9394 61
9395 61
9396 61
9397 887
9398 61
9399 61
9400 887
9401 61
9402 61
9403 61
9404 61
9405 61
9406 7
9407 61
9408 61
9409 61
9410 61
9411 488
9412 887
9413 752
9414 61
9415 887
9416 887
9417 887
9418 61
9419 61
9420 887
9421 887
9422 61
9423 61
9424 488
9425 61
9426 61
9427 61
9428 61
9429 61
9430 488
9431 61
9432 137
9433 887
9434 887
9435 61
9436 61
9437 61
9438 61
9439 61
9440 61
9441 61
9442 887
9443 137
9444 887
9445 61
9446 61
9447 61
9448 61
9449 887
9450 61
9451 752
9452 23
9453 61
9454 61
9455 887
9456 61
9457 61
9458 61
9459 61
9460 61
9461 61
9462 137
9463 23
9464 23
9465 61
9466 61
9467 0
9468 61
9469 0
9470 0
9471 0
9472 61
9473 61
9474 137
9475 61
9476 61
9477 61
9478 61
9479 61
9480 61
9481 61
9482 137
9483 61
9484 61
9485 61
9486 61
9487 61
9488 61
9489 61
9490 137
9491 0
9492 0
9493 0
9494 61
9495 14
9496 752
9497 752
9498 61
9499 7
9500 488
9501 61
9502 61
9503 137
9504 14
9505 24
9506 24
9507 61
9508 7
9509 61
9510 61
9511 61
9512 61
9513 61
9514 7
9515 7
9516 7
9517 7
9518 7
9519 61
9520 7
9521 14
9522 14
9523 14
9524 61
9525 61
9526 61
9527 7
9528 7
9529 61
9530 14
9531 61
9532 3
9533 137
9534 14
9535 7
9536 61
9537 61
9538 14
9539 61
9540 61
9541 61
9542 61
9543 7
9544 61
9545 61
9546 61
9547 7
9548 137
9549 7
9550 7
9551 7
9552 61
9553 61
9554 7
9555 61
9556 137
9557 7
9558 14
9559 61
9560 61
9561 137
9562 61
9563 61
9564 61
9565 61
9566 61
9567 218
9568 61
9569 61
9570 61
9571 61
9572 137
9573 61
9574 14
9575 61
9576 61
9577 61
9578 14
9579 752
9580 61
9581 61
9582 61
9583 7
9584 7
9585 61
9586 752
9587 752
9588 752
9589 14
9590 14
9591 61
9592 61
9593 61
9594 61
9595 61
9596 61
9597 7
9598 137
9599 7
9600 14
9601 61
9602 61
9603 7
9604 14
9605 61
9606 61
9607 137
9608 7
9609 61
9610 61
9611 61
9612 61
9613 7
9614 61
9615 61
9616 61
9617 61
9618 61
9619 14
9620 61
9621 61
9622 61
9623 61
9624 7
9625 752
9626 752
9627 7
9628 7
9629 14
9630 14
9631 61
9632 61
9633 61
9634 61
9635 14
9636 61
9637 14
9638 61
9639 61
9640 61
9641 61
9642 61
9643 61
9644 61
9645 61
9646 61
9647 752
9648 14
9649 61
9650 14
9651 61
9652 396
9653 396
9654 396
9655 396
9656 396
9657 396
9658 396
9659 396
9660 396
9661 396
9662 396
9663 396
9664 396
9665 396
9666 396
9667 396
9668 396
9669 396
9670 396
9671 396
9672 396
9673 396
9674 396
9675 396
9676 396
9677 396
9678 396
9679 396
9680 396
9681 396
9682 396
9683 396
9684 396
9685 396
9686 396
9687 396
9688 396
9689 396
9690 396
9691 396
9692 396
9693 396
9694 396
9695 396
9696 396
9697 396
9698 396
9699 396
9700 396
9701 396
9702 396
9703 396
9704 396
9705 396
9706 396
9707 396
9708 396
9709 396
9710 396
9711 396
9712 396
9713 396
9714 396
9715 396
9716 396
9717 396
9718 396
9719 396
9720 396
9721 396
9722 396
9723 396
9724 396
9725 396
9726 396
9727 396
9728 396
9729 396
9730 396
9731 396
9732 396
9733 396
9734 396
9735 396
9736 396
9737 396
9738 396
9739 396
9740 396
9741 396
9742 396
9743 396
9744 396
9745 396
9746 396
9747 396
9748 396
9749 396
9750 396
9751 7
9752 61
9753 7
9754 61
9755 752
9756 137
9757 137
9758 61
9759 137
9760 137
9761 137
9762 137
9763 137
9764 137
9765 137
9766 137
9767 137
9768 137
9769 137
9770 137
9771 137
9772 137
9773 137
9774 137
9775 488
9776 61
9777 137
9778 137
9779 137
9780 137
9781 137
9782 40
9783 137
9784 137
9785 137
9786 137
9787 137
9788 488
9789 137
9790 137
9791 137
9792 137
9793 137
9794 137
9795 137
9796 137
9797 137
9798 137
9799 752
9800 137
9801 137
9802 137
9803 137
9804 137
9805 137
9806 137
9807 137
9808 137
9809 137
9810 137
9811 137
9812 137
9813 137
9814 137
9815 752
9816 137
9817 137
9818 137
9819 137
9820 137
9821 137
9822 137
9823 137
9824 137
9825 137
9826 137
9827 137
9828 61
9829 0
9830 137
9831 137
9832 137
9833 137
9834 137
9835 61
9836 137
9837 752
9838 137
9839 61
9840 137
9841 137
9842 137
9843 752
9844 137
9845 137
9846 137
9847 137
9848 218
9849 137
9850 40
9851 137
9852 137
9853 137
9854 137
9855 137
9856 137
9857 137
9858 137
9859 137
9860 137
9861 61
9862 752
9863 752
9864 137
9865 137
9866 61
9867 61
9868 61
9869 887
9870 61
9871 752
9872 61
9873 61
9874 61
9875 752
9876 61
9877 752
9878 61
9879 61
9880 137
9881 61
9882 61
9883 61
9884 61
9885 137
9886 137
9887 137
9888 137
9889 137
9890 752
9891 887
9892 137
9893 137
9894 137
9895 137
9896 137
9897 137
9898 137
9899 137
9900 137
9901 137
9902 137
9903 137
9904 137
9905 137
9906 268
9907 14
9908 14
9909 137
9910 137
9911 752
9912 752
9913 61
9914 0
9915 0
9916 0
9917 0
9918 0
9919 137
9920 488
9921 386
9922 0
9923 0
9924 0
9925 0
9926 0
9927 0
9928 0
9929 0
9930 0
9931 0
9932 0
9933 0
9934 488
9935 0
9936 0
9937 61
9938 0
9939 0
9940 0
9941 0
9942 61
9943 0
9944 61
9945 0
9946 0
9947 0
9948 0
9949 0
9950 0
9951 0
9952 0
9953 0
9954 0
9955 0
9956 0
9957 0
9958 0
9959 0
9960 137
9961 137
9962 0
9963 752
9964 0
9965 0
9966 0
9967 0
9968 488
9969 0
9970 0
9971 0
9972 0
9973 0
9974 0
9975 0
9976 137
9977 0
9978 0
9979 0
9980 0
9981 137
9982 0
9983 0
9984 0
9985 61
9986 0
9987 0
9988 488
9989 0
9990 0
9991 0
9992 0
9993 0
9994 0
9995 61
9996 0
9997 0
9998 0
9999 0
10000 0
10001 0
10002 0
10003 0
10004 0
10005 0
10006 0
10007 0
10008 0
10009 61
10010 0
10011 0
10012 488
10013 61
10014 61
10015 61
10016 61
10017 0
10018 61
10019 0
10020 61
10021 61
10022 61
10023 0
10024 61
10025 61
10026 61
10027 61
10028 61
10029 61
10030 61
10031 0
10032 0
10033 0
10034 0
10035 0
10036 0
10037 0
10038 0
10039 0
10040 0
10041 0
10042 0
10043 0
10044 0
10045 0
10046 0
10047 0
10048 0
10049 0
10050 0
10051 0
10052 0
10053 0
10054 0
10055 0
10056 0
10057 0
10058 0
10059 0
10060 0
10061 0
10062 0
10063 0
10064 0
10065 0
10066 0
10067 0
10068 0
10069 0
10070 0
10071 0
10072 0
10073 0
10074 0
10075 0
10076 0
10077 0
10078 0
10079 0
10080 0
10081 0
10082 0
10083 0
10084 0
10085 0
10086 0
10087 0
10088 0
10089 0
10090 61
10091 0
10092 0
10093 0
10094 0
10095 0
10096 0
10097 0
10098 0
10099 0
10100 0
10101 0
10102 0
10103 0
10104 0
10105 0
10106 0
10107 0
10108 0
10109 61
10110 61
10111 61
10112 26
10113 26
10114 26
10115 61
10116 61
10117 61
10118 61
10119 61
10120 26
10121 61
10122 61
10123 61
10124 61
10125 61
10126 61
10127 61
10128 61
10129 61
10130 61
10131 61
10132 61
10133 14
10134 61
10135 61
10136 61
10137 61
10138 61
10139 61
10140 61
10141 25
10142 25
10143 25
10144 25
10145 752
10146 61
10147 61
10148 61
10149 61
10150 61
10151 61
10152 61
10153 61
10154 61
10155 61
10156 61
10157 61
10158 61
10159 61
10160 61
10161 61
10162 61
10163 61
10164 61
10165 137
10166 61
10167 61
10168 61
10169 26
10170 26
10171 61
10172 61
10173 61
10174 137
10175 137
10176 137
10177 137
10178 137
10179 137
10180 137
10181 61
10182 61
10183 61
10184 61
10185 61
10186 61
10187 61
10188 61
10189 61
10190 61
10191 61
10192 61
10193 61
10194 61
10195 61
10196 61
10197 61
10198 61
10199 488
10200 61
10201 0
10202 61
10203 61
10204 61
10205 61
10206 61
10207 61
10208 61
10209 61
10210 137
10211 61
10212 61
10213 61
10214 0
10215 61
10216 61
10217 61
10218 61
10219 61
10220 61
10221 61
10222 61
10223 61
10224 61
10225 61
10226 61
10227 61
10228 61
10229 61
10230 61
10231 61
10232 61
10233 61
10234 61
10235 61
10236 61
10237 61
10238 61
10239 61
10240 61
10241 7
10242 14
10243 14
10244 14
10245 14
10246 14
10247 14
10248 14
10249 14
10250 14
10251 488
10252 488
10253 61
10254 488
10255 488
10256 488
10257 488
10258 61
10259 488
10260 488
10261 488
10262 488
10263 488
10264 137
10265 137
10266 752
10267 61
10268 488
10269 488
10270 488
10271 488
10272 488
10273 488
10274 488
10275 488
10276 488
10277 488
10278 40
10279 488
10280 3
10281 137
10282 137
10283 61
10284 488
10285 61
10286 488
10287 488
10288 137
10289 0
10290 0
10291 0
10292 0
10293 488
10294 488
10295 488
10296 488
10297 488
10298 488
10299 488
10300 488
10301 488
10302 61
10303 887
10304 488
10305 61
10306 488
10307 488
10308 488
10309 488
10310 488
10311 488
10312 488
10313 488
10314 488
10315 61
10316 61
10317 488
10318 887
10319 488
10320 488
10321 488
10322 488
10323 488
10324 488
10325 488
10326 137
10327 137
10328 488
10329 488
10330 488
10331 752
10332 752
10333 752
10334 61
10335 752
10336 752
10337 752
10338 61
10339 752
10340 752
10341 752
10342 752
10343 752
10344 752
10345 752
10346 752
10347 752
10348 752
10349 752
10350 752
10351 752
10352 61
10353 887
10354 61
10355 61
10356 752
10357 752
10358 752
10359 752
10360 137
10361 752
10362 752
10363 752
10364 752
10365 752
10366 752
10367 752
10368 752
10369 61
10370 752
10371 752
10372 752
10373 752
10374 752
10375 752
10376 61
10377 752
10378 752
10379 137
10380 752
10381 752
10382 752
10383 752
10384 752
10385 752
10386 752
10387 752
10388 752
10389 752
10390 752
10391 752
10392 752
10393 752
10394 752
10395 752
10396 752
10397 752
10398 752
10399 752
10400 752
10401 752
10402 752
10403 752
10404 752
10405 61
10406 752
10407 752
10408 61
10409 61
10410 752
10411 752
10412 752
10413 752
10414 752
10415 752
10416 752
10417 752
10418 752
10419 752
10420 213
10421 213
10422 213
10423 752
10424 752
10425 752
10426 752
10427 61
10428 752
10429 752
10430 752
10431 137
10432 137
10433 752
10434 752
10435 752
10436 752
10437 752
10438 61
10439 752
10440 752
10441 752
10442 752
10443 752
10444 752
10445 752
10446 752
10447 752
10448 752
10449 752
10450 61
10451 752
10452 752
10453 752
10454 752
10455 752
10456 752
10457 752
10458 137
10459 752
10460 752
10461 752
10462 61
10463 752
10464 752
10465 232
10466 752
10467 752
10468 752
10469 752
10470 752
10471 752
10472 752
10473 752
10474 752
10475 752
10476 61
10477 752
10478 752
10479 752
10480 752
10481 752
10482 61
10483 61
10484 61
10485 752
10486 752
10487 0
10488 0
10489 752
10490 752
10491 752
10492 752
10493 752
10494 752
10495 3
10496 752
10497 823
10498 823
10499 752
10500 752
10501 752
10502 752
10503 752
10504 752
10505 752
10506 752
10507 752
10508 61
10509 61
10510 61
10511 752
10512 61
10513 752
10514 752
10515 752
10516 752
10517 752
10518 752
10519 752
10520 752
10521 752
10522 752
10523 752
10524 752
10525 752
10526 752
10527 752
10528 752
10529 752
10530 752
10531 752
10532 752
10533 752
10534 752
10535 752
10536 752
10537 752
10538 752
10539 752
10540 752
10541 752
10542 752
10543 752
10544 752
10545 61
10546 752
10547 752
10548 752
10549 752
10550 752
10551 752
10552 752
10553 752
10554 752
10555 752
10556 752
10557 61
10558 752
10559 752
10560 137
10561 752
10562 752
10563 752
10564 752
10565 752
10566 752
10567 752
10568 752
10569 752
10570 752
10571 752
10572 61
10573 137
10574 137
10575 137
10576 137
10577 752
10578 752
10579 752
10580 752
10581 752
10582 752
10583 752
10584 752
10585 752
10586 752
10587 137
10588 752
10589 752
10590 752
10591 752
10592 232
10593 752
10594 752
10595 752
10596 61
10597 752
10598 752
10599 752
10600 752
10601 752
10602 61
10603 268
10604 61
10605 61
10606 61
10607 137
10608 61
10609 61
10610 752
10611 61
10612 752
10613 752
10614 752
10615 752
10616 752
10617 752
10618 752
10619 752
10620 137
10621 137
10622 752
10623 752
10624 752
10625 752
10626 752
10627 752
10628 752
10629 752
10630 752
10631 752
10632 752
10633 752
10634 752
10635 752
10636 752
10637 752
10638 752
10639 752
10640 752
10641 752
10642 752
10643 752
10644 752
10645 752
10646 752
10647 752
10648 61
10649 752
10650 752
10651 4
10652 4
10653 752
10654 12
10655 752
10656 752
10657 752
10658 752
10659 137
10660 61
10661 61
10662 61
10663 752
10664 752
10665 752
10666 752
10667 752
10668 752
10669 752
10670 752
10671 752
10672 752
10673 752
10674 752
10675 752
10676 752
10677 752
10678 752
10679 752
10680 752
10681 752
10682 752
10683 752
10684 752
10685 752
10686 752
10687 752
10688 752
10689 61
10690 61
10691 61
10692 61
10693 61
10694 137
10695 137
10696 61
10697 61
10698 61
10699 61
10700 874
10701 61
10702 61
10703 61
10704 61
10705 61
10706 61
10707 61
10708 61
10709 752
10710 4
10711 61
10712 61
10713 61
10714 61
10715 61
10716 488
10717 61
10718 61
10719 0
10720 488
10721 0
10722 61
10723 61
10724 61
10725 61
10726 61
10727 61
10728 61
10729 137
10730 27
10731 27
10732 61
10733 0
10734 488
10735 488
10736 61
10737 61
10738 61
10739 61
10740 752
10741 61
10742 752
10743 27
10744 61
10745 61
10746 61
10747 61
10748 0
10749 61
10750 61
10751 61
10752 488
10753 61
10754 61
10755 61
10756 752
10757 61
10758 0
10759 61
10760 61
10761 872
10762 61
10763 0
10764 61
10765 61
10766 0
10767 61
10768 0
10769 0
10770 0
10771 14
10772 14
10773 14
10774 14
10775 14
10776 14
10777 14
10778 14
10779 14
10780 137
10781 14
10782 14
10783 14
10784 14
10785 14
10786 137
10787 14
10788 14
10789 14
10790 14
10791 61
10792 61
10793 61
10794 7
10795 61
10796 61
10797 61
10798 61
10799 61
10800 61
10801 61
10802 61
10803 61
10804 61
10805 61
10806 61
10807 61
10808 61
10809 137
10810 61
10811 61
10812 61
10813 61
10814 61
10815 61
10816 61
10817 61
10818 61
10819 61
10820 61
10821 61
10822 61
10823 61
10824 61
10825 61
10826 61
10827 61
10828 61
10829 61
10830 61
10831 61
10832 61
10833 61
10834 752
10835 61
10836 61
10837 61
10838 61
10839 752
10840 61
10841 61
10842 61
10843 61
10844 61
10845 61
10846 61
10847 61
10848 61
10849 61
10850 61
10851 61
10852 61
10853 61
10854 61
10855 61
10856 752
10857 137
10858 137
10859 752
10860 752
10861 752
10862 752
10863 752
10864 752
10865 752
10866 752
10867 752
10868 752
10869 752
10870 752
10871 752
10872 61
10873 752
10874 752
10875 752
10876 752
10877 752
10878 752
10879 752
10880 752
10881 1
10882 752
10883 752
10884 752
10885 752
10886 61
10887 752
10888 61
10889 752
10890 752
10891 752
10892 12
10893 12
10894 12
10895 752
10896 752
10897 236
10898 752
10899 752
10900 752
10901 752
10902 61
10903 887
10904 61
10905 61
10906 61
10907 752
10908 752
10909 752
10910 752
10911 752
10912 137
10913 137
10914 137
10915 137
10916 137
10917 137
10918 137
10919 137
10920 137
10921 137
10922 268
10923 61
10924 61
10925 752
10926 752
10927 752
10928 61
10929 61
10930 61
10931 137
10932 137
10933 61
10934 137
10935 137
10936 61
10937 14
10938 752
10939 752
10940 268
10941 61
10942 61
10943 752
10944 752
10945 752
10946 61
10947 61
10948 61
10949 306
10950 61
10951 61
10952 137
10953 137
10954 61
10955 61
10956 61
10957 61
10958 752
10959 752
10960 752
10961 752
10962 61
10963 137
10964 137
10965 137
10966 137
10967 61
10968 61
10969 137
10970 137
10971 137
10972 137
10973 137
10974 137
10975 137
10976 137
10977 137
10978 137
10979 137
10980 752
10981 137
10982 137
10983 488
10984 137
10985 488
10986 137
10987 137
10988 137
10989 137
10990 137
10991 137
10992 752
10993 137
10994 137
10995 137
10996 137
10997 137
10998 137
10999 137
11000 137
11001 488
11002 488
11003 137
11004 137
11005 137
11006 752
11007 752
11008 137
11009 137
11010 137
11011 137
11012 137
11013 137
11014 752
11015 137
11016 752
11017 137
11018 137
11019 137
11020 137
11021 488
11022 137
11023 137
11024 752
11025 137
11026 137
11027 268
11028 268
11029 268
11030 61
11031 61
11032 268
11033 268
11034 268
11035 61
11036 61
11037 61
11038 61
11039 0
11040 61
11041 752
11042 61
11043 61
11044 61
11045 61
11046 61
11047 61
11048 137
11049 61
11050 61
11051 61
11052 137
11053 137
11054 137
11055 61
11056 137
11057 137
11058 61
11059 137
11060 137
11061 137
11062 137
11063 137
11064 137
11065 137
11066 137
11067 137
11068 137
11069 137
11070 61
11071 61
11072 61
11073 61
11074 61
11075 61
11076 752
11077 61
11078 752
11079 61
11080 61
11081 61
11082 752
11083 61
11084 752
11085 61
11086 61
11087 61
11088 61
11089 752
11090 61
11091 61
11092 752
11093 488
11094 488
11095 488
11096 488
11097 14
11098 14
11099 14
11100 752
11101 14
11102 14
11103 752
11104 752
11105 752
11106 752
11107 752
11108 752
11109 137
11110 14
11111 14
11112 14
11113 95
11114 752
11115 752
11116 752
11117 752
11118 752
11119 752
11120 752
11121 752
11122 752
11123 61
11124 752
11125 752
11126 752
11127 752
11128 752
11129 61
11130 137
11131 752
11132 488
11133 752
11134 752
11135 488
11136 488
11137 488
11138 488
11139 488
11140 488
11141 488
11142 488
11143 488
11144 488
11145 488
11146 488
11147 488
11148 488
11149 887
11150 488
11151 61
11152 488
11153 488
11154 488
11155 488
11156 488
11157 488
11158 488
11159 488
11160 488
11161 7
11162 488
11163 488
11164 488
11165 488
11166 488
11167 488
11168 61
11169 488
11170 488
11171 488
11172 0
11173 0
11174 488
11175 7
11176 488
11177 488
11178 28
11179 28
11180 752
11181 137
11182 137
11183 752
11184 752
11185 230
11186 61
11187 752
11188 752
11189 752
11190 752
11191 752
11192 752
11193 752
11194 752
11195 752
11196 752
11197 137
11198 137
11199 752
11200 137
11201 137
11202 137
11203 137
11204 137
11205 752
11206 823
11207 752
11208 752
11209 752
11210 752
11211 752
11212 752
11213 137
11214 137
11215 0
11216 752
11217 0
11218 137
11219 137
11220 137
11221 752
11222 137
11223 752
11224 752
11225 752
11226 752
11227 137
11228 752
11229 752
11230 752
11231 752
11232 752
11233 752
11234 752
11235 887
11236 752
11237 752
11238 752
11239 137
11240 137
11241 137
11242 752
11243 752
11244 752
11245 137
11246 137
11247 137
11248 137
11249 752
11250 752
11251 137
11252 137
11253 137
11254 752
11255 137
11256 752
11257 252
11258 252
11259 252
11260 137
11261 137
11262 137
11263 752
11264 752
11265 752
11266 752
11267 232
11268 752
11269 752
11270 61
11271 61
11272 61
11273 137
11274 752
11275 752
11276 752
11277 752
11278 137
11279 61
11280 752
11281 137
11282 137
11283 14
11284 752
11285 61
11286 61
11287 752
11288 61
11289 61
11290 28
11291 28
11292 752
11293 137
11294 752
11295 752
11296 752
11297 137
11298 752
11299 61
11300 137
11301 61
11302 752
11303 137
11304 61
11305 61
11306 14
11307 14
11308 752
11309 137
11310 137
11311 752
11312 752
11313 752
11314 752
11315 752
11316 752
11317 752
11318 137
11319 137
11320 752
11321 752
11322 752
11323 137
11324 137
11325 28
11326 752
11327 61
11328 752
11329 752
11330 752
11331 752
11332 752
11333 752
11334 752
11335 752
11336 752
11337 752
11338 0
11339 0
11340 232
11341 752
11342 137
11343 752
11344 137
11345 752
11346 137
11347 752
11348 752
11349 752
11350 752
11351 752
11352 752
11353 752
11354 752
11355 137
11356 752
11357 752
11358 752
11359 752
11360 752
11361 752
11362 752
11363 752
11364 752
11365 752
11366 752
11367 752
11368 752
11369 752
11370 752
11371 752
11372 752
11373 752
11374 752
11375 752
11376 752
11377 752
11378 752
11379 752
11380 752
11381 752
11382 752
11383 752
11384 752
11385 752
11386 752
11387 752
11388 752
11389 752
11390 752
11391 752
11392 752
11393 137
11394 137
11395 137
11396 137
11397 752
11398 752
11399 752
11400 752
11401 752
11402 752
11403 752
11404 752
11405 752
11406 752
11407 752
11408 752
11409 752
11410 40
11411 752
11412 752
11413 752
11414 752
11415 752
11416 752
11417 752
11418 752
11419 137
11420 752
11421 752
11422 752
11423 752
11424 752
11425 752
11426 752
11427 752
11428 752
11429 752
11430 40
11431 752
11432 752
11433 752
11434 752
11435 752
11436 752
11437 40
11438 61
11439 752
11440 752
11441 752
11442 752
11443 752
11444 752
11445 752
11446 61
11447 752
11448 752
11449 752
11450 752
11451 752
11452 752
11453 752
11454 752
11455 752
11456 752
11457 752
11458 752
11459 752
11460 752
11461 752
11462 752
11463 752
11464 752
11465 752
11466 752
11467 752
11468 752
11469 752
11470 752
11471 61
11472 61
11473 0
11474 61
11475 61
11476 61
11477 61
11478 61
11479 61
11480 836
11481 61
11482 61
11483 61
11484 61
11485 61
11486 61
11487 61
11488 61
11489 61
11490 61
11491 61
11492 61
11493 61
11494 887
11495 61
11496 61
11497 61
11498 61
11499 61
11500 61
11501 61
11502 61
11503 61
11504 61
11505 61
11506 61
11507 61
11508 61
11509 29
11510 61
11511 358
11512 61
11513 61
11514 61
11515 61
11516 61
11517 61
11518 61
11519 61
11520 61
11521 61
11522 887
11523 61
11524 61
11525 752
11526 137
11527 61
11528 137
11529 61
11530 61
11531 61
11532 61
11533 137
11534 61
11535 61
11536 61
11537 61
11538 61
11539 61
11540 61
11541 61
11542 61
11543 61
11544 61
11545 61
11546 7
11547 7
11548 61
11549 137
11550 61
11551 61
11552 61
11553 61
11554 61
11555 61
11556 61
11557 61
11558 61
11559 61
11560 61
11561 61
11562 61
11563 356
11564 61
11565 61
11566 61
11567 61
11568 61
11569 61
11570 61
11571 61
11572 21
11573 61
11574 61
11575 61
11576 61
11577 61
11578 61
11579 61
11580 61
11581 823
11582 61
11583 61
11584 61
11585 61
11586 61
11587 61
11588 61
11589 61
11590 61
11591 61
11592 0
11593 752
11594 61
11595 61
11596 29
11597 29
11598 95
11599 61
11600 21
11601 61
11602 61
11603 61
11604 61
11605 61
11606 61
11607 61
11608 61
11609 61
11610 61
11611 61
11612 61
11613 61
11614 61
11615 752
11616 61
11617 61
11618 61
11619 752
11620 61
11621 3
11622 752
11623 752
11624 752
11625 752
11626 137
11627 137
11628 752
11629 752
11630 752
11631 61
11632 752
11633 752
11634 61
11635 61
11636 752
11637 61
11638 752
11639 752
11640 752
11641 752
11642 61
11643 61
11644 61
11645 61
11646 61
11647 61
11648 61
11649 61
11650 61
11651 61
11652 61
11653 61
11654 61
11655 752
11656 752
11657 752
11658 752
11659 61
11660 61
11661 752
11662 752
11663 752
11664 752
11665 752
11666 61
11667 61
11668 61
11669 61
11670 752
11671 752
11672 752
11673 61
11674 752
11675 752
11676 752
11677 137
11678 752
11679 744
11680 61
11681 752
11682 752
11683 752
11684 30
11685 30
11686 61
11687 61
11688 61
11689 752
11690 21
11691 21
11692 21
11693 21
11694 232
11695 61
11696 61
11697 61
11698 137
11699 61
11700 61
11701 61
11702 61
11703 61
11704 61
11705 61
11706 61
11707 61
11708 137
11709 137
11710 137
11711 137
11712 137
11713 137
11714 137
11715 61
11716 61
11717 61
11718 752
11719 61
11720 61
11721 137
11722 40
11723 40
11724 40
11725 40
11726 40
11727 40
11728 40
11729 40
11730 40
11731 40
11732 7
11733 40
11734 40
11735 40
11736 40
11737 40
11738 40
11739 40
11740 40
11741 40
11742 40
11743 40
11744 14
11745 14
11746 61
11747 61
11748 31
11749 31
11750 31
11751 31
11752 31
11753 752
11754 752
11755 61
11756 752
11757 61
11758 32
11759 32
11760 32
11761 61
11762 61
11763 61
11764 488
11765 231
11766 61
11767 488
11768 0
11769 61
11770 61
11771 61
11772 32
11773 61
11774 61
11775 61
11776 61
11777 61
11778 61
11779 61
11780 61
11781 61
11782 61
11783 61
11784 61
11785 61
11786 61
11787 61
11788 61
11789 61
11790 61
11791 61
11792 61
11793 61
11794 752
11795 61
11796 752
11797 752
11798 137
11799 137
11800 137
11801 137
11802 137
11803 137
11804 137
11805 137
11806 0
11807 0
11808 61
11809 0
11810 0
11811 61
11812 268
11813 268
11814 61
11815 61
11816 4
11817 4
11818 4
11819 4
11820 4
11821 4
11822 4
11823 4
11824 4
11825 4
11826 4
11827 4
11828 4
11829 4
11830 4
11831 4
11832 4
11833 4
11834 4
11835 4
11836 4
11837 4
11838 4
11839 4
11840 4
11841 4
11842 4
11843 4
11844 4
11845 4
11846 4
11847 4
11848 4
11849 4
11850 4
11851 4
11852 4
11853 4
11854 4
11855 4
11856 4
11857 4
11858 4
11859 4
11860 4
11861 4
11862 4
11863 752
11864 752
11865 4
11866 4
11867 4
11868 61
11869 4
11870 4
11871 4
11872 4
11873 4
11874 4
11875 4
11876 4
11877 4
11878 752
11879 4
11880 4
11881 4
11882 4
11883 4
11884 4
11885 4
11886 4
11887 752
11888 4
11889 4
11890 61
11891 61
11892 4
11893 4
11894 4
11895 4
11896 4
11897 4
11898 4
11899 4
11900 4
11901 4
11902 4
11903 4
11904 752
11905 4
11906 4
11907 4
11908 4
11909 4
11910 4
11911 4
11912 4
11913 4
11914 4
11915 4
11916 4
11917 4
11918 4
11919 4
11920 752
11921 61
11922 61
11923 61
11924 61
11925 61
11926 61
11927 61
11928 61
11929 61
11930 61
11931 61
11932 16
11933 16
11934 887
11935 61
11936 61
11937 16
11938 752
11939 61
11940 61
11941 61
11942 137
11943 61
11944 61
11945 61
11946 61
11947 61
11948 61
11949 61
11950 61
11951 61
11952 61
11953 61
11954 61
11955 61
11956 61
11957 61
11958 61
11959 61
11960 61
11961 61
11962 61
11963 61
11964 16
11965 16
11966 61
11967 61
11968 887
11969 887
11970 61
11971 61
11972 0
11973 0
11974 0
11975 61
11976 61
11977 61
11978 137
11979 61
11980 61
11981 61
11982 61
11983 61
11984 61
11985 61
11986 61
11987 61
11988 33
11989 33
11990 33
11991 386
11992 61
11993 61
11994 0
11995 61
11996 61
11997 61
11998 61
11999 61
12000 95
12001 33
12002 0
12003 61
12004 61
12005 61
12006 752
12007 752
12008 14
12009 61
12010 137
12011 61
12012 0
12013 4
12014 4
12015 4
12016 61
12017 61
12018 752
12019 752
12020 61
12021 61
12022 61
12023 61
12024 61
12025 61
12026 7
12027 61
12028 61
12029 61
12030 61
12031 61
12032 61
12033 61
12034 887
12035 137
12036 61
12037 61
12038 61
12039 752
12040 61
12041 865
12042 61
12043 61
12044 887
12045 61
12046 61
12047 61
12048 61
12049 61
12050 61
12051 752
12052 61
12053 61
12054 61
12055 61
12056 61
12057 61
12058 61
12059 61
12060 61
12061 0
12062 61
12063 123
12064 61
12065 249
12066 61
12067 752
12068 752
12069 61
12070 61
12071 61
12072 61
12073 61
12074 752
12075 61
12076 137
12077 61
12078 61
12079 752
12080 752
12081 752
12082 752
12083 752
12084 752
12085 752
12086 752
12087 752
12088 752
12089 752
12090 752
12091 752
12092 752
12093 752
12094 752
12095 752
12096 752
12097 752
12098 752
12099 752
12100 752
12101 752
12102 752
12103 752
12104 752
12105 752
12106 752
12107 752
12108 752
12109 752
12110 752
12111 752
12112 752
12113 752
12114 752
12115 752
12116 752
12117 752
12118 752
12119 752
12120 752
12121 752
12122 752
12123 752
12124 752
12125 752
12126 752
12127 752
12128 752
12129 752
12130 61
12131 752
12132 752
12133 752
12134 752
12135 752
12136 752
12137 752
12138 752
12139 752
12140 752
12141 752
12142 752
12143 752
12144 752
12145 752
12146 752
12147 752
12148 752
12149 752
12150 752
12151 752
12152 752
12153 752
12154 752
12155 752
12156 752
12157 752
12158 752
12159 752
12160 752
12161 752
12162 752
12163 752
12164 268
12165 752
12166 752
12167 752
12168 752
12169 752
12170 752
12171 752
12172 752
12173 752
12174 752
12175 752
12176 752
12177 752
12178 752
12179 752
12180 752
12181 752
12182 61
12183 61
12184 61
12185 752
12186 752
12187 752
12188 137
12189 61
12190 61
12191 61
12192 61
12193 752
12194 61
12195 137
12196 752
12197 137
12198 137
12199 61
12200 61
12201 61
12202 137
12203 137
12204 61
12205 137
12206 137
12207 137
12208 137
12209 137
12210 137
12211 137
12212 137
12213 137
12214 137
12215 137
12216 488
12217 61
12218 61
12219 61
12220 61
12221 61
12222 61
12223 61
12224 61
12225 61
12226 61
12227 61
12228 61
12229 61
12230 61
12231 61
12232 61
12233 61
12234 61
12235 61
12236 61
12237 61
12238 61
12239 61
12240 61
12241 61
12242 61
12243 61
12244 61
12245 61
12246 61
12247 61
12248 61
12249 61
12250 61
12251 61
12252 61
12253 61
12254 752
12255 752
12256 61
12257 61
12258 61
12259 61
12260 752
12261 752
12262 752
12263 61
12264 752
12265 232
12266 232
12267 232
12268 752
12269 752
12270 752
12271 752
12272 752
12273 752
12274 752
12275 61
12276 752
12277 61
12278 752
12279 752
12280 752
12281 752
12282 752
12283 752
12284 752
12285 752
12286 752
12287 752
12288 752
12289 752
12290 752
12291 752
12292 61
12293 61
12294 61
12295 61
12296 61
12297 61
12298 61
12299 61
12300 61
12301 137
12302 61
12303 61
12304 61
12305 61
12306 61
12307 61
12308 137
12309 61
12310 61
12311 61
12312 61
12313 61
12314 61
12315 61
12316 61
12317 61
12318 268
12319 61
12320 61
12321 61
12322 61
12323 61
12324 61
12325 61
12326 61
12327 61
12328 61
12329 232
12330 752
12331 61
12332 61
12333 249
12334 61
12335 61
12336 61
12337 61
12338 61
12339 61
12340 61
12341 137
12342 61
12343 61
12344 61
12345 137
12346 137
12347 268
12348 137
12349 137
12350 61
12351 61
12352 61
12353 61
12354 61
12355 61
12356 61
12357 61
12358 61
12359 61
12360 61
12361 61
12362 61
12363 0
12364 61
12365 752
12366 752
12367 752
12368 752
12369 752
12370 752
12371 752
12372 752
12373 752
12374 752
12375 752
12376 752
12377 752
12378 752
12379 752
12380 61
12381 61
12382 752
12383 752
12384 752
12385 752
12386 752
12387 752
12388 752
12389 752
12390 752
12391 752
12392 752
12393 752
12394 752
12395 752
12396 752
12397 95
12398 752
12399 752
12400 752
12401 137
12402 752
12403 752
12404 752
12405 752
12406 752
12407 752
12408 752
12409 61
12410 752
12411 752
12412 752
12413 752
12414 752
12415 752
12416 61
12417 752
12418 752
12419 752
12420 752
12421 752
12422 232
12423 752
12424 752
12425 752
12426 752
12427 752
12428 752
12429 752
12430 752
12431 752
12432 752
12433 752
12434 752
12435 752
12436 752
12437 752
12438 752
12439 752
12440 752
12441 752
12442 752
12443 752
12444 752
12445 752
12446 752
12447 61
12448 752
12449 752
12450 752
12451 752
12452 752
12453 752
12454 752
12455 752
12456 752
12457 752
12458 752
12459 752
12460 752
12461 752
12462 752
12463 752
12464 752
12465 752
12466 752
12467 752
12468 752
12469 752
12470 752
12471 752
12472 752
12473 752
12474 752
12475 752
12476 752
12477 752
12478 752
12479 752
12480 752
12481 752
12482 752
12483 752
12484 752
12485 752
12486 752
12487 752
12488 752
12489 752
12490 752
12491 752
12492 752
12493 752
12494 752
12495 752
12496 752
12497 752
12498 752
12499 752
12500 752
12501 752
12502 752
12503 752
12504 752
12505 752
12506 752
12507 752
12508 752
12509 752
12510 752
12511 752
12512 752
12513 752
12514 752
12515 752
12516 752
12517 752
12518 752
12519 752
12520 752
12521 752
12522 752
12523 752
12524 752
12525 752
12526 752
12527 752
12528 752
12529 752
12530 752
12531 752
12532 7
12533 752
12534 752
12535 752
12536 752
12537 752
12538 752
12539 752
12540 752
12541 752
12542 752
12543 752
12544 752
12545 752
12546 752
12547 752
12548 752
12549 752
12550 752
12551 752
12552 752
12553 752
12554 752
12555 752
12556 752
12557 752
12558 752
12559 752
12560 752
12561 752
12562 752
12563 752
12564 752
12565 752
12566 752
12567 752
12568 752
12569 752
12570 752
12571 752
12572 752
12573 752
12574 752
12575 752
12576 752
12577 752
12578 752
12579 752
12580 61
12581 752
12582 61
12583 752
12584 752
12585 752
12586 752
12587 752
12588 752
12589 752
12590 752
12591 752
12592 752
12593 752
12594 752
12595 752
12596 752
12597 752
12598 752
12599 752
12600 752
12601 752
12602 752
12603 752
12604 752
12605 752
12606 752
12607 752
12608 752
12609 752
12610 752
12611 752
12612 752
12613 752
12614 752
12615 752
12616 752
12617 752
12618 752
12619 752
12620 752
12621 752
12622 752
12623 752
12624 752
12625 752
12626 752
12627 752
12628 752
12629 752
12630 752
12631 752
12632 752
12633 752
12634 137
12635 752
12636 137
12637 752
12638 752
12639 752
12640 752
12641 752
12642 752
12643 752
12644 752
12645 752
12646 752
12647 752
12648 752
12649 752
12650 752
12651 752
12652 752
12653 752
12654 752
12655 752
12656 752
12657 752
12658 752
12659 752
12660 752
12661 752
12662 752
12663 752
12664 752
12665 752
12666 752
12667 752
12668 752
12669 752
12670 752
12671 752
12672 752
12673 752
12674 752
12675 752
12676 752
12677 752
12678 752
12679 752
12680 752
12681 752
12682 752
12683 752
12684 752
12685 752
12686 752
12687 61
12688 752
12689 752
12690 752
12691 268
12692 752
12693 752
12694 752
12695 752
12696 752
12697 752
12698 752
12699 752
12700 61
12701 752
12702 752
12703 752
12704 752
12705 752
12706 752
12707 752
12708 752
12709 752
12710 752
12711 752
12712 752
12713 752
12714 752
12715 752
12716 752
12717 752
12718 752
12719 752
12720 752
12721 752
12722 752
12723 752
12724 752
12725 752
12726 752
12727 752
12728 752
12729 752
12730 752
12731 752
12732 752
12733 752
12734 752
12735 752
12736 752
12737 752
12738 752
12739 752
12740 82
12741 752
12742 752
12743 752
12744 752
12745 752
12746 752
12747 752
12748 752
12749 752
12750 752
12751 752
12752 752
12753 752
12754 752
12755 752
12756 752
12757 752
12758 752
12759 752
12760 752
12761 752
12762 752
12763 752
12764 752
12765 61
12766 752
12767 752
12768 752
12769 752
12770 752
12771 752
12772 752
12773 752
12774 61
12775 752
12776 752
12777 752
12778 752
12779 752
12780 752
12781 752
12782 752
12783 752
12784 752
12785 752
12786 752
12787 752
12788 752
12789 752
12790 752
12791 752
12792 752
12793 752
12794 752
12795 752
12796 752
12797 752
12798 752
12799 752
12800 61
12801 752
12802 752
12803 752
12804 752
12805 752
12806 752
12807 752
12808 752
12809 752
12810 752
12811 752
12812 752
12813 752
12814 752
12815 61
12816 752
12817 752
12818 752
12819 752
12820 752
12821 752
12822 752
12823 752
12824 752
12825 752
12826 752
12827 752
12828 0
12829 752
12830 752
12831 752
12832 752
12833 752
12834 752
12835 752
12836 137
12837 752
12838 752
12839 752
12840 752
12841 752
12842 752
12843 752
12844 752
12845 752
12846 752
12847 752
12848 752
12849 752
12850 752
12851 752
12852 752
12853 752
12854 752
12855 752
12856 752
12857 752
12858 752
12859 752
12860 752
12861 752
12862 752
12863 752
12864 752
12865 752
12866 752
12867 752
12868 752
12869 752
12870 752
12871 752
12872 752
12873 752
12874 752
12875 752
12876 752
12877 752
12878 752
12879 752
12880 752
12881 752
12882 752
12883 752
12884 752
12885 752
12886 61
12887 752
12888 752
12889 61
12890 752
12891 752
12892 752
12893 752
12894 752
12895 752
12896 752
12897 752
12898 752
12899 752
12900 752
12901 137
12902 137
12903 752
12904 752
12905 137
12906 752
12907 752
12908 14
12909 61
12910 61
12911 752
12912 887
12913 752
12914 752
12915 752
12916 752
12917 7
12918 61
12919 752
12920 752
12921 752
12922 752
12923 752
12924 752
12925 752
12926 752
12927 14
12928 61
12929 752
12930 752
12931 752
12932 752
12933 61
12934 752
12935 752
12936 752
12937 752
12938 61
12939 752
12940 752
12941 61
12942 752
12943 752
12944 752
12945 752
12946 752
12947 752
12948 752
12949 752
12950 752
12951 752
12952 752
12953 752
12954 128
12955 752
12956 752
12957 752
12958 752
12959 752
12960 752
12961 752
12962 61
12963 752
12964 752
12965 488
12966 752
12967 752
12968 752
12969 752
12970 752
12971 752
12972 752
12973 752
12974 752
12975 752
12976 752
12977 752
12978 752
12979 752
12980 752
12981 752
12982 752
12983 752
12984 752
12985 752
12986 752
12987 752
12988 752
12989 752
12990 752
12991 752
12992 752
12993 752
12994 752
12995 752
12996 752
12997 752
12998 752
12999 752
13000 752
13001 752
13002 752
13003 752
13004 752
13005 61
13006 752
13007 752
13008 752
13009 752
13010 752
13011 752
13012 752
13013 488
13014 61
13015 752
13016 752
13017 752
13018 752
13019 137
13020 752
13021 752
13022 752
13023 752
13024 752
13025 61
13026 752
13027 752
13028 61
13029 752
13030 752
13031 752
13032 752
13033 752
13034 752
13035 752
13036 488
13037 488
13038 752
13039 752
13040 752
13041 752
13042 752
13043 752
13044 752
13045 752
13046 752
13047 752
13048 752
13049 752
13050 752
13051 752
13052 752
13053 752
13054 752
13055 752
13056 752
13057 752
13058 752
13059 752
13060 752
13061 752
13062 752
13063 752
13064 752
13065 752
13066 752
13067 752
13068 752
13069 752
13070 752
13071 752
13072 752
13073 752
13074 752
13075 752
13076 61
13077 61
13078 61
13079 61
13080 61
13081 137
13082 137
13083 752
13084 61
13085 61
13086 61
13087 61
13088 61
13089 61
13090 232
13091 61
13092 752
13093 3
13094 752
13095 61
13096 61
13097 752
13098 752
13099 752
13100 887
13101 752
13102 752
13103 752
13104 752
13105 752
13106 752
13107 137
13108 61
13109 137
13110 3
13111 61
13112 61
13113 3
13114 137
13115 137
13116 137
13117 137
13118 137
13119 137
13120 137
13121 137
13122 137
13123 137
13124 137
13125 137
13126 137
13127 137
13128 137
13129 137
13130 137
13131 61
13132 61
13133 61
13134 61
13135 61
13136 61
13137 61
13138 61
13139 752
13140 752
13141 61
13142 61
13143 61
13144 61
13145 61
13146 61
13147 61
13148 61
13149 61
13150 61
13151 61
13152 61
13153 752
13154 137
13155 61
13156 61
13157 61
13158 61
13159 61
13160 61
13161 61
13162 61
13163 61
13164 61
13165 61
13166 61
13167 137
13168 137
13169 61
13170 61
13171 61
13172 0
13173 0
13174 0
13175 0
13176 0
13177 0
13178 0
13179 0
13180 0
13181 0
13182 0
13183 0
13184 0
13185 0
13186 0
13187 752
13188 752
13189 752
13190 752
13191 61
13192 752
13193 61
13194 268
13195 137
13196 137
13197 61
13198 61
13199 61
13200 61
13201 61
13202 61
13203 61
13204 61
13205 61
13206 61
13207 61
13208 61
13209 137
13210 137
13211 137
13212 137
13213 137
13214 137
13215 137
13216 137
13217 137
13218 137
13219 61
13220 137
13221 61
13222 61
13223 61
13224 137
13225 61
13226 232
13227 61
13228 61
13229 137
13230 137
13231 61
13232 488
13233 61
13234 61
13235 61
13236 40
13237 40
13238 40
13239 40
13240 40
13241 61
13242 61
13243 61
13244 61
13245 61
13246 752
13247 752
13248 0
13249 0
13250 0
13251 0
13252 0
13253 0
13254 0
13255 0
13256 137
13257 29
13258 29
13259 29
13260 752
13261 752
13262 752
13263 752
13264 0
13265 232
13266 137
13267 488
13268 61
13269 61
13270 752
13271 752
13272 233
13273 752
13274 752
13275 752
13276 752
13277 0
13278 752
13279 752
13280 752
13281 752
13282 61
13283 61
13284 61
13285 40
13286 232
13287 752
13288 752
13289 61
13290 752
13291 752
13292 752
13293 752
13294 752
13295 752
13296 752
13297 752
13298 752
13299 752
13300 752
13301 752
13302 752
13303 233
13304 752
13305 752
13306 233
13307 752
13308 752
13309 752
13310 752
13311 752
13312 40
13313 752
13314 752
13315 61
13316 752
13317 752
13318 752
13319 752
13320 752
13321 752
13322 752
13323 752
13324 752
13325 752
13326 752
13327 752
13328 752
13329 61
13330 40
13331 752
13332 752
13333 40
13334 752
13335 752
13336 234
13337 752
13338 752
13339 752
13340 752
13341 752
13342 752
13343 752
13344 752
13345 752
13346 752
13347 752
13348 752
13349 752
13350 752
13351 61
13352 34
13353 34
13354 35
13355 35
13356 61
13357 61
13358 36
13359 36
13360 37
13361 37
13362 37
13363 37
13364 37
13365 37
13366 61
13367 61
13368 137
13369 137
13370 752
13371 752
13372 137
13373 137
13374 137
13375 137
13376 137
13377 137
13378 488
13379 38
13380 38
13381 38
13382 39
13383 39
13384 39
13385 39
13386 39
13387 61
13388 61
13389 61
13390 61
13391 61
13392 61
13393 61
13394 61
13395 137
13396 40
13397 61
13398 61
13399 137
13400 61
13401 61
13402 61
13403 61
13404 823
13405 887
13406 823
13407 823
13408 232
13409 887
13410 887
13411 0
13412 232
13413 232
13414 232
13415 232
13416 488
13417 488
13418 887
13419 887
13420 887
13421 887
13422 887
13423 887
13424 887
13425 887
13426 887
13427 887
13428 887
13429 887
13430 887
13431 887
13432 887
13433 488
13434 488
13435 61
13436 488
13437 488
13438 488
13439 488
13440 488
13441 488
13442 488
13443 137
13444 137
13445 488
13446 488
13447 488
13448 488
13449 488
13450 488
13451 0
13452 488
13453 488
13454 488
13455 488
13456 488
13457 488
13458 488
13459 488
13460 488
13461 7
13462 488
13463 488
13464 488
13465 488
13466 488
13467 488
13468 488
13469 488
13470 488
13471 488
13472 488
13473 488
13474 61
13475 61
13476 488
13477 488
13478 7
13479 61
13480 488
13481 488
13482 488
13483 488
13484 488
13485 488
13486 887
13487 488
13488 488
13489 488
13490 488
13491 488
13492 488
13493 7
13494 488
13495 61
13496 488
13497 488
13498 488
13499 488
13500 488
13501 488
13502 488
13503 488
13504 488
13505 488
13506 137
13507 488
13508 488
13509 488
13510 488
13511 488
13512 488
13513 488
13514 488
13515 488
13516 488
13517 488
13518 488
13519 488
13520 488
13521 488
13522 488
13523 488
13524 488
13525 488
13526 488
13527 488
13528 488
13529 488
13530 488
13531 488
13532 488
13533 488
13534 488
13535 488
13536 488
13537 488
13538 488
13539 488
13540 488
13541 488
13542 488
13543 488
13544 488
13545 488
13546 488
13547 488
13548 488
13549 61
13550 488
13551 488
13552 488
13553 488
13554 488
13555 488
13556 488
13557 488
13558 488
13559 137
13560 488
13561 488
13562 488
13563 488
13564 488
13565 61
13566 488
13567 488
13568 137
13569 137
13570 137
13571 137
13572 137
13573 137
13574 137
13575 41
13576 41
13577 40
13578 232
13579 752
13580 752
13581 752
13582 752
13583 61
13584 61
13585 61
13586 0
13587 0
13588 40
13589 40
13590 40
13591 40
13592 40
13593 42
13594 42
13595 43
13596 43
13597 61
13598 61
13599 61
13600 61
13601 61
13602 61
13603 61
13604 61
13605 61
13606 61
13607 61
13608 61
13609 61
13610 61
13611 61
13612 61
13613 61
13614 61
13615 61
13616 61
13617 61
13618 61
13619 61
13620 61
13621 61
13622 61
13623 61
13624 61
13625 887
13626 887
13627 61
13628 61
13629 488
13630 488
13631 823
13632 488
13633 752
13634 488
13635 488
13636 488
13637 488
13638 488
13639 488
13640 386
13641 61
13642 61
13643 95
13644 95
13645 0
13646 61
13647 0
13648 0
13649 0
13650 0
13651 61
13652 61
13653 0
13654 0
13655 0
13656 127
13657 61
13658 137
13659 137
13660 137
13661 137
13662 137
13663 137
13664 137
13665 137
13666 137
13667 137
13668 137
13669 14
13670 14
13671 14
13672 0
13673 0
13674 0
13675 0
13676 0
13677 0
13678 0
13679 3
13680 61
13681 61
13682 61
13683 61
13684 3
13685 137
13686 137
13687 137
13688 137
13689 137
13690 137
13691 137
13692 137
13693 137
13694 137
13695 137
13696 137
13697 752
13698 137
13699 137
13700 137
13701 137
13702 137
13703 137
13704 137
13705 301
13706 301
13707 301
13708 752
13709 752
13710 137
13711 137
13712 137
13713 137
13714 137
13715 137
13716 137
13717 137
13718 137
13719 137
13720 137
13721 137
13722 752
13723 137
13724 0
13725 137
13726 137
13727 137
13728 61
13729 44
13730 44
13731 268
13732 268
13733 61
13734 268
13735 268
13736 268
13737 268
13738 268
13739 268
13740 268
13741 268
13742 268
13743 268
13744 268
13745 268
13746 268
13747 268
13748 268
13749 268
13750 61
13751 268
13752 268
13753 268
13754 268
13755 268
13756 752
13757 268
13758 268
13759 268
13760 268
13761 752
13762 268
13763 268
13764 268
13765 268
13766 268
13767 268
13768 268
13769 268
13770 268
13771 268
13772 268
13773 61
13774 268
13775 268
13776 268
13777 268
13778 268
13779 268
13780 268
13781 268
13782 268
13783 268
13784 61
13785 268
13786 268
13787 268
13788 268
13789 268
13790 268
13791 268
13792 268
13793 268
13794 268
13795 268
13796 61
13797 268
13798 268
13799 268
13800 268
13801 268
13802 268
13803 268
13804 268
13805 268
13806 268
13807 268
13808 268
13809 268
13810 268
13811 268
13812 268
13813 268
13814 268
13815 61
13816 268
13817 268
13818 268
13819 268
13820 61
13821 61
13822 268
13823 268
13824 268
13825 268
13826 268
13827 268
13828 268
13829 268
13830 268
13831 268
13832 268
13833 268
13834 268
13835 268
13836 268
13837 268
13838 268
13839 268
13840 137
13841 137
13842 137
13843 137
13844 137
13845 137
13846 137
13847 137
13848 137
13849 137
13850 137
13851 137
13852 137
13853 137
13854 137
13855 137
13856 137
13857 137
13858 137
13859 137
13860 137
13861 137
13862 137
13863 137
13864 752
13865 0
13866 0
13867 0
13868 0
13869 0
13870 0
13871 0
13872 0
13873 0
13874 0
13875 0
13876 0
13877 0
13878 0
13879 0
13880 0
13881 0
13882 0
13883 61
13884 0
13885 0
13886 0
13887 0
13888 0
13889 0
13890 0
13891 0
13892 0
13893 0
13894 887
13895 0
13896 0
13897 0
13898 0
13899 0
13900 45
13901 45
13902 45
13903 61
13904 61
13905 137
13906 137
13907 46
13908 46
13909 137
13910 47
13911 47
13912 21
13913 21
13914 752
13915 752
13916 752
13917 752
13918 752
13919 752
13920 0
13921 61
13922 61
13923 61
13924 61
13925 61
13926 61
13927 61
13928 61
13929 61
13930 61
13931 61
13932 61
13933 61
13934 61
13935 61
13936 61
13937 61
13938 752
13939 21
13940 21
13941 61
13942 61
13943 48
13944 61
13945 61
13946 40
13947 61
13948 48
13949 61
13950 61
13951 61
13952 137
13953 61
13954 61
13955 61
13956 61
13957 61
13958 49
13959 49
13960 14
13961 752
13962 752
13963 752
13964 752
13965 61
13966 61
13967 61
13968 61
13969 61
13970 61
13971 0
13972 0
13973 0
13974 0
13975 0
13976 0
13977 0
13978 0
13979 0
13980 0
13981 0
13982 0
13983 0
13984 0
13985 0
13986 0
13987 887
13988 0
13989 0
13990 0
13991 0
13992 0
13993 0
13994 0
13995 0
13996 0
13997 0
13998 0
13999 0
14000 0
14001 0
14002 0
14003 0
14004 0
14005 0
14006 0
14007 0
14008 0
14009 0
14010 61
14011 61
14012 61
14013 61
14014 61
14015 61
14016 61
14017 61
14018 61
14019 61
14020 61
14021 0
14022 61
14023 61
14024 137
14025 137
14026 752
14027 752
14028 61
14029 61
14030 61
14031 61
14032 61
14033 61
14034 137
14035 61
14036 61
14037 0
14038 0
14039 61
14040 0
14041 137
14042 137
14043 137
14044 61
14045 61
14046 488
14047 61
14048 61
14049 495
14050 61
14051 61
14052 61
14053 61
14054 61
14055 61
14056 61
14057 232
14058 61
14059 61
14060 61
14061 61
14062 61
14063 61
14064 61
14065 61
14066 61
14067 14
14068 61
14069 61
14070 61
14071 61
14072 61
14073 752
14074 137
14075 752
14076 137
14077 137
14078 137
14079 137
14080 137
14081 137
14082 137
14083 137
14084 137
14085 137
14086 137
14087 137
14088 137
14089 137
14090 137
14091 137
14092 137
14093 137
14094 137
14095 137
14096 137
14097 61
14098 137
14099 137
14100 137
14101 137
14102 61
14103 137
14104 61
14105 752
14106 137
14107 137
14108 137
14109 137
14110 137
14111 137
14112 137
14113 61
14114 52
14115 3
14116 61
14117 61
14118 61
14119 137
14120 61
14121 61
14122 61
14123 61
14124 61
14125 61
14126 61
14127 878
14128 752
14129 61
14130 61
14131 0
14132 61
14133 61
14134 3
14135 61
14136 61
14137 61
14138 61
14139 52
14140 61
14141 61
14142 877
14143 61
14144 61
14145 61
14146 61
14147 61
14148 3
14149 61
14150 61
14151 61
14152 61
14153 61
14154 61
14155 488
14156 3
14157 3
14158 3
14159 61
14160 61
14161 137
14162 61
14163 61
14164 61
14165 61
14166 61
14167 876
14168 61
14169 752
14170 3
14171 3
14172 823
14173 61
14174 61
14175 61
14176 61
14177 61
14178 137
14179 61
14180 488
14181 61
14182 61
14183 61
14184 61
14185 61
14186 61
14187 61
14188 3
14189 3
14190 61
14191 61
14192 61
14193 61
14194 488
14195 61
14196 50
14197 61
14198 61
14199 61
14200 61
14201 61
14202 61
14203 61
14204 3
14205 61
14206 61
14207 61
14208 61
14209 61
14210 61
14211 61
14212 61
14213 61
14214 61
14215 61
14216 61
14217 61
14218 61
14219 61
14220 61
14221 61
14222 61
14223 61
14224 488
14225 3
14226 3
14227 752
14228 488
14229 3
14230 61
14231 61
14232 137
14233 3
14234 61
14235 61
14236 3
14237 61
14238 61
14239 137
14240 61
14241 752
14242 61
14243 61
14244 61
14245 61
14246 61
14247 61
14248 61
14249 61
14250 488
14251 488
14252 488
14253 61
14254 3
14255 3
14256 488
14257 488
14258 61
14259 50
14260 50
14261 61
14262 61
14263 137
14264 3
14265 61
14266 61
14267 61
14268 137
14269 51
14270 61
14271 61
14272 61
14273 61
14274 61
14275 61
14276 61
14277 61
14278 838
14279 61
14280 752
14281 61
14282 61
14283 61
14284 61
14285 3
14286 137
14287 61
14288 61
14289 61
14290 61
14291 61
14292 61
14293 61
14294 14
14295 14
14296 14
14297 61
14298 61
14299 61
14300 61
14301 61
14302 3
14303 3
14304 61
14305 61
14306 61
14307 61
14308 61
14309 61
14310 61
14311 61
14312 61
14313 61
14314 61
14315 61
14316 61
14317 137
14318 61
14319 61
14320 752
14321 61
14322 61
14323 61
14324 61
14325 61
14326 61
14327 0
14328 61
14329 0
14330 61
14331 61
14332 61
14333 61
14334 61
14335 232
14336 61
14337 61
14338 3
14339 3
14340 3
14341 61
14342 879
14343 61
14344 61
14345 61
14346 61
14347 61
14348 61
14349 61
14350 61
14351 137
14352 137
14353 0
14354 0
14355 232
14356 61
14357 40
14358 61
14359 61
14360 61
14361 61
14362 61
14363 61
14364 61
14365 61
14366 61
14367 3
14368 61
14369 61
14370 61
14371 61
14372 61
14373 3
14374 61
14375 61
14376 61
14377 61
14378 61
14379 61
14380 61
14381 137
14382 137
14383 61
14384 752
14385 61
14386 61
14387 61
14388 61
14389 61
14390 61
14391 61
14392 61
14393 61
14394 61
14395 61
14396 488
14397 61
14398 61
14399 51
14400 51
14401 61
14402 61
14403 61
14404 61
14405 61
14406 51
14407 61
14408 61
14409 61
14410 61
14411 61
14412 823
14413 50
14414 50
14415 752
14416 51
14417 51
14418 51
14419 51
14420 61
14421 61
14422 61
14423 52
14424 52
14425 61
14426 3
14427 61
14428 61
14429 61
14430 61
14431 0
14432 61
14433 137
14434 137
14435 137
14436 137
14437 61
14438 61
14439 61
14440 61
14441 61
14442 61
14443 61
14444 61
14445 52
14446 14
14447 61
14448 3
14449 752
14450 752
14451 61
14452 488
14453 3
14454 61
14455 61
14456 752
14457 61
14458 61
14459 61
14460 61
14461 61
14462 137
14463 61
14464 137
14465 61
14466 61
14467 3
14468 3
14469 61
14470 61
14471 61
14472 61
14473 61
14474 61
14475 61
14476 61
14477 61
14478 61
14479 61
14480 61
14481 61
14482 3
14483 61
14484 61
14485 61
14486 61
14487 61
14488 61
14489 884
14490 61
14491 232
14492 61
14493 61
14494 61
14495 3
14496 3
14497 61
14498 61
14499 61
14500 61
14501 7
14502 137
14503 3
14504 61
14505 61
14506 61
14507 61
14508 61
14509 61
14510 61
14511 61
14512 61
14513 61
14514 137
14515 3
14516 61
14517 61
14518 61
14519 61
14520 0
14521 0
14522 0
14523 137
14524 137
14525 61
14526 3
14527 3
14528 3
14529 61
14530 3
14531 3
14532 137
14533 61
14534 61
14535 61
14536 61
14537 488
14538 61
14539 61
14540 61
14541 61
14542 61
14543 61
14544 61
14545 61
14546 61
14547 752
14548 61
14549 61
14550 61
14551 61
14552 3
14553 61
14554 61
14555 61
14556 823
14557 137
14558 61
14559 7
14560 61
14561 61
14562 61
14563 61
14564 61
14565 61
14566 40
14567 61
14568 61
14569 137
14570 137
14571 137
14572 752
14573 61
14574 752
14575 752
14576 137
14577 61
14578 752
14579 137
14580 752
14581 61
14582 61
14583 61
14584 61
14585 61
14586 61
14587 61
14588 488
14589 61
14590 488
14591 61
14592 61
14593 61
14594 887
14595 137
14596 61
14597 61
14598 321
14599 61
14600 61
14601 488
14602 887
14603 887
14604 61
14605 61
14606 3
14607 61
14608 61
14609 61
14610 61
14611 61
14612 61
14613 61
14614 61
14615 61
14616 61
14617 61
14618 61
14619 823
14620 887
14621 61
14622 137
14623 61
14624 61
14625 137
14626 61
14627 61
14628 61
14629 137
14630 137
14631 137
14632 752
14633 752
14634 61
14635 61
14636 137
14637 823
14638 61
14639 61
14640 61
14641 61
14642 61
14643 61
14644 61
14645 61
14646 823
14647 488
14648 488
14649 488
14650 488
14651 752
14652 137
14653 137
14654 61
14655 61
14656 0
14657 0
14658 0
14659 0
14660 0
14661 0
14662 0
14663 0
14664 0
14665 0
14666 0
14667 0
14668 0
14669 61
14670 61
14671 61
14672 61
14673 61
14674 61
14675 61
14676 0
14677 61
14678 61
14679 61
14680 61
14681 61
14682 61
14683 61
14684 61
14685 61
14686 61
14687 61
14688 137
14689 61
14690 12
14691 752
14692 752
14693 752
14694 12
14695 12
14696 61
14697 488
14698 488
14699 61
14700 61
14701 61
14702 61
14703 61
14704 61
14705 61
14706 61
14707 61
14708 61
14709 61
14710 61
14711 61
14712 244
14713 61
14714 61
14715 61
14716 61
14717 61
14718 61
14719 61
14720 61
14721 61
14722 61
14723 61
14724 61
14725 61
14726 61
14727 137
14728 61
14729 61
14730 61
14731 61
14732 61
14733 61
14734 61
14735 61
14736 61
14737 61
14738 244
14739 752
14740 752
14741 752
14742 752
14743 752
14744 752
14745 752
14746 137
14747 137
14748 137
14749 137
14750 61
14751 61
14752 61
14753 137
14754 137
14755 137
14756 137
14757 137
14758 137
14759 137
14760 61
14761 61
14762 61
14763 61
14764 4
14765 4
14766 4
14767 4
14768 61
14769 4
14770 4
14771 4
14772 4
14773 4
14774 4
14775 4
14776 4
14777 4
14778 4
14779 4
14780 4
14781 4
14782 4
14783 4
14784 4
14785 4
14786 4
14787 4
14788 4
14789 4
14790 4
14791 4
14792 4
14793 4
14794 4
14795 4
14796 4
14797 4
14798 61
14799 137
14800 137
14801 137
14802 137
14803 4
14804 61
14805 137
14806 61
14807 61
14808 61
14809 61
14810 61
14811 61
14812 61
14813 752
14814 752
14815 752
14816 61
14817 137
14818 137
14819 137
14820 752
14821 61
14822 61
14823 61
14824 137
14825 137
14826 137
14827 61
14828 61
14829 61
14830 137
14831 61
14832 61
14833 61
14834 61
14835 61
14836 61
14837 61
14838 61
14839 61
14840 61
14841 61
14842 249
14843 249
14844 249
14845 249
14846 61
14847 61
14848 53
14849 53
14850 137
14851 137
14852 137
14853 137
14854 137
14855 54
14856 54
14857 55
14858 55
14859 14
14860 14
14861 14
14862 218
14863 137
14864 137
14865 137
14866 137
14867 137
14868 137
14869 137
14870 137
14871 137
14872 137
14873 137
14874 137
14875 137
14876 137
14877 137
14878 137
14879 137
14880 137
14881 137
14882 137
14883 137
14884 137
14885 137
14886 137
14887 137
14888 137
14889 137
14890 137
14891 137
14892 137
14893 887
14894 887
14895 137
14896 61
14897 137
14898 137
14899 137
14900 137
14901 137
14902 137
14903 137
14904 137
14905 137
14906 137
14907 137
14908 137
14909 137
14910 137
14911 137
14912 137
14913 137
14914 137
14915 137
14916 137
14917 137
14918 137
14919 137
14920 137
14921 137
14922 137
14923 137
14924 137
14925 218
14926 137
14927 137
14928 137
14929 137
14930 218
14931 137
14932 137
14933 137
14934 137
14935 137
14936 137
14937 137
14938 137
14939 137
14940 137
14941 137
14942 137
14943 137
14944 137
14945 137
14946 137
14947 137
14948 137
14949 137
14950 137
14951 137
14952 137
14953 137
14954 137
14955 137
14956 137
14957 137
14958 137
14959 137
14960 137
14961 137
14962 137
14963 137
14964 137
14965 137
14966 137
14967 137
14968 137
14969 137
14970 137
14971 137
14972 137
14973 137
14974 137
14975 218
14976 218
14977 218
14978 218
14979 137
14980 137
14981 137
14982 137
14983 137
14984 61
14985 218
14986 137
14987 61
14988 218
14989 137
14990 0
14991 137
14992 137
14993 137
14994 137
14995 137
14996 137
14997 137
14998 137
14999 218
15000 137
15001 40
15002 887
15003 887
15004 887
15005 752
15006 137
15007 137
15008 137
15009 137
15010 137
15011 137
15012 137
15013 137
15014 137
15015 137
15016 137
15017 137
15018 137
15019 137
15020 137
15021 137
15022 137
15023 137
15024 137
15025 137
15026 137
15027 218
15028 137
15029 137
15030 137
15031 137
15032 137
15033 137
15034 137
15035 137
15036 137
15037 137
15038 137
15039 137
15040 137
15041 218
15042 137
15043 752
15044 61
15045 137
15046 137
15047 137
15048 137
15049 218
15050 137
15051 137
15052 137
15053 137
15054 137
15055 137
15056 137
15057 137
15058 137
15059 137
15060 137
15061 752
15062 218
15063 137
15064 887
15065 887
15066 887
15067 137
15068 137
15069 887
15070 137
15071 137
15072 137
15073 137
15074 137
15075 137
15076 137
15077 137
15078 137
15079 137
15080 823
15081 137
15082 137
15083 218
15084 137
15085 218
15086 137
15087 137
15088 137
15089 137
15090 218
15091 218
15092 218
15093 137
15094 61
15095 61
15096 137
15097 137
15098 218
15099 137
15100 137
15101 137
15102 137
15103 137
15104 218
15105 218
15106 137
15107 137
15108 137
15109 137
15110 137
15111 137
15112 218
15113 137
15114 218
15115 137
15116 137
15117 137
15118 137
15119 218
15120 218
15121 218
15122 218
15123 137
15124 137
15125 137
15126 137
15127 137
15128 137
15129 137
15130 137
15131 218
15132 137
15133 61
15134 61
15135 137
15136 137
15137 61
15138 137
15139 137
15140 14
15141 137
15142 137
15143 137
15144 137
15145 137
15146 61
15147 137
15148 137
15149 137
15150 137
15151 137
15152 137
15153 137
15154 137
15155 137
15156 137
15157 137
15158 137
15159 137
15160 56
15161 56
15162 14
15163 14
15164 14
15165 14
15166 14
15167 14
15168 14
15169 14
15170 14
15171 752
15172 14
15173 268
15174 268
15175 268
15176 61
15177 268
15178 268
15179 268
15180 137
15181 268
15182 268
15183 137
15184 137
15185 61
15186 137
15187 137
15188 137
15189 137
15190 137
15191 137
15192 137
15193 137
15194 61
15195 61
15196 137
15197 218
15198 218
15199 61
15200 137
15201 137
15202 137
15203 137
15204 137
15205 137
15206 137
15207 137
15208 752
15209 752
15210 137
15211 137
15212 137
15213 137
15214 137
15215 137
15216 137
15217 137
15218 137
15219 137
15220 137
15221 137
15222 137
15223 137
15224 61
15225 61
15226 61
15227 61
15228 137
15229 752
15230 752
15231 752
15232 752
15233 752
15234 752
15235 752
15236 752
15237 752
15238 752
15239 752
15240 752
15241 752
15242 752
15243 752
15244 752
15245 12
15246 12
15247 12
15248 12
15249 12
15250 752
15251 752
15252 752
15253 752
15254 752
15255 752
15256 752
15257 752
15258 752
15259 752
15260 2
15261 752
15262 12
15263 752
15264 12
15265 12
15266 752
15267 12
15268 752
15269 752
15270 752
15271 752
15272 12
15273 752
15274 752
15275 12
15276 752
15277 752
15278 752
15279 12
15280 12
15281 12
15282 12
15283 752
15284 752
15285 752
15286 137
15287 752
15288 752
15289 752
15290 752
15291 752
15292 752
15293 12
15294 752
15295 752
15296 752
15297 14
15298 12
15299 752
15300 12
15301 752
15302 752
15303 752
15304 752
15305 752
15306 752
15307 137
15308 137
15309 752
15310 752
15311 752
15312 752
15313 752
15314 752
15315 752
15316 752
15317 752
15318 752
15319 752
15320 752
15321 752
15322 752
15323 12
15324 12
15325 752
15326 752
15327 752
15328 752
15329 752
15330 12
15331 12
15332 12
15333 12
15334 752
15335 752
15336 752
15337 752
15338 12
15339 752
15340 61
15341 752
15342 752
15343 752
15344 752
15345 752
15346 752
15347 752
15348 752
15349 752
15350 752
15351 752
15352 752
15353 752
15354 752
15355 752
15356 752
15357 752
15358 752
15359 752
15360 752
15361 752
15362 12
15363 12
15364 12
15365 12
15366 12
15367 752
15368 752
15369 752
15370 752
15371 752
15372 752
15373 752
15374 752
15375 2
15376 752
15377 752
15378 752
15379 12
15380 12
15381 12
15382 12
15383 61
15384 752
15385 752
15386 887
15387 752
15388 752
15389 752
15390 752
15391 752
15392 752
15393 752
15394 752
15395 61
15396 752
15397 752
15398 752
15399 61
15400 752
15401 752
15402 752
15403 12
15404 752
15405 752
15406 752
15407 752
15408 752
15409 887
15410 887
15411 752
15412 752
15413 752
15414 752
15415 752
15416 752
15417 12
15418 752
15419 752
15420 752
15421 752
15422 752
15423 752
15424 752
15425 752
15426 752
15427 752
15428 752
15429 752
15430 752
15431 752
15432 752
15433 61
15434 752
15435 752
15436 12
15437 752
15438 752
15439 752
15440 752
15441 752
15442 887
15443 752
15444 61
15445 752
15446 752
15447 752
15448 752
15449 752
15450 752
15451 752
15452 752
15453 137
15454 752
15455 752
15456 12
15457 752
15458 752
15459 752
15460 752
15461 752
15462 752
15463 752
15464 137
15465 12
15466 12
15467 12
15468 12
15469 12
15470 752
15471 752
15472 752
15473 752
15474 752
15475 752
15476 61
15477 752
15478 12
15479 12
15480 12
15481 752
15482 752
15483 752
15484 752
15485 752
15486 752
15487 752
15488 752
15489 752
15490 752
15491 752
15492 752
15493 752
15494 752
15495 752
15496 752
15497 752
15498 12
15499 752
15500 752
15501 752
15502 752
15503 752
15504 752
15505 752
15506 752
15507 752
15508 752
15509 752
15510 752
15511 752
15512 887
15513 887
15514 752
15515 752
15516 752
15517 752
15518 752
15519 752
15520 752
15521 752
15522 752
15523 752
15524 752
15525 752
15526 752
15527 752
15528 752
15529 752
15530 752
15531 752
15532 752
15533 12
15534 12
15535 61
15536 752
15537 752
15538 752
15539 752
15540 752
15541 752
15542 752
15543 752
15544 752
15545 752
15546 752
15547 752
15548 752
15549 752
15550 752
15551 752
15552 12
15553 752
15554 752
15555 12
15556 12
15557 12
15558 752
15559 752
15560 752
15561 752
15562 752
15563 752
15564 752
15565 12
15566 12
15567 12
15568 12
15569 752
15570 752
15571 752
15572 752
15573 218
15574 752
15575 752
15576 752
15577 752
15578 752
15579 137
15580 752
15581 752
15582 752
15583 752
15584 752
15585 752
15586 752
15587 752
15588 752
15589 752
15590 752
15591 752
15592 752
15593 61
15594 12
15595 752
15596 752
15597 752
15598 752
15599 752
15600 752
15601 61
15602 752
15603 752
15604 752
15605 1
15606 752
15607 12
15608 12
15609 752
15610 752
15611 12
15612 752
15613 752
15614 752
15615 752
15616 752
15617 752
15618 752
15619 752
15620 61
15621 95
15622 752
15623 0
15624 752
15625 752
15626 752
15627 752
15628 752
15629 61
15630 752
15631 12
15632 752
15633 752
15634 752
15635 752
15636 752
15637 752
15638 752
15639 887
15640 887
15641 887
15642 887
15643 752
15644 752
15645 752
15646 137
15647 752
15648 752
15649 752
15650 752
15651 752
15652 752
15653 752
15654 752
15655 752
15656 752
15657 12
15658 752
15659 752
15660 752
15661 752
15662 752
15663 752
15664 752
15665 752
15666 752
15667 752
15668 12
15669 752
15670 752
15671 752
15672 752
15673 752
15674 752
15675 752
15676 752
15677 752
15678 137
15679 14
15680 752
15681 752
15682 752
15683 752
15684 752
15685 752
15686 752
15687 752
15688 752
15689 137
15690 752
15691 752
15692 752
15693 110
15694 110
15695 752
15696 752
15697 752
15698 752
15699 752
15700 752
15701 752
15702 752
15703 752
15704 752
15705 61
15706 752
15707 752
15708 823
15709 752
15710 752
15711 752
15712 752
15713 752
15714 752
15715 752
15716 752
15717 752
15718 752
15719 752
15720 752
15721 752
15722 752
15723 752
15724 752
15725 752
15726 752
15727 752
15728 752
15729 752
15730 752
15731 752
15732 752
15733 752
15734 752
15735 752
15736 752
15737 752
15738 752
15739 752
15740 752
15741 752
15742 752
15743 752
15744 752
15745 752
15746 752
15747 752
15748 752
15749 752
15750 110
15751 752
15752 752
15753 752
15754 248
15755 752
15756 752
15757 752
15758 752
15759 752
15760 752
15761 752
15762 752
15763 752
15764 752
15765 752
15766 752
15767 752
15768 752
15769 752
15770 752
15771 752
15772 752
15773 752
15774 752
15775 752
15776 752
15777 752
15778 752
15779 752
15780 752
15781 752
15782 752
15783 752
15784 752
15785 752
15786 752
15787 752
15788 137
15789 752
15790 752
15791 752
15792 61
15793 752
15794 752
15795 752
15796 752
15797 752
15798 752
15799 752
15800 752
15801 752
15802 752
15803 752
15804 752
15805 752
15806 752
15807 752
15808 752
15809 752
15810 752
15811 752
15812 752
15813 752
15814 12
15815 12
15816 12
15817 752
15818 752
15819 752
15820 752
15821 752
15822 752
15823 752
15824 752
15825 752
15826 61
15827 752
15828 752
15829 752
15830 752
15831 752
15832 752
15833 752
15834 752
15835 752
15836 752
15837 61
15838 752
15839 752
15840 752
15841 752
15842 752
15843 752
15844 752
15845 752
15846 752
15847 752
15848 752
15849 752
15850 752
15851 752
15852 752
15853 752
15854 752
15855 752
15856 752
15857 752
15858 752
15859 752
15860 752
15861 752
15862 752
15863 752
15864 752
15865 752
15866 752
15867 752
15868 752
15869 752
15870 752
15871 752
15872 752
15873 752
15874 752
15875 752
15876 752
15877 752
15878 752
15879 752
15880 752
15881 752
15882 752
15883 752
15884 752
15885 752
15886 752
15887 752
15888 752
15889 752
15890 752
15891 752
15892 752
15893 752
15894 752
15895 752
15896 752
15897 752
15898 752
15899 752
15900 752
15901 752
15902 61
15903 752
15904 61
15905 752
15906 61
15907 752
15908 752
15909 752
15910 752
15911 752
15912 61
15913 61
15914 752
15915 137
15916 137
15917 752
15918 752
15919 137
15920 137
15921 61
15922 61
15923 137
15924 137
15925 137
15926 137
15927 61
15928 14
15929 137
15930 137
15931 137
15932 137
15933 0
15934 0
15935 0
15936 0
15937 61
15938 61
15939 61
15940 61
15941 61
15942 61
15943 61
15944 61
15945 61
15946 61
15947 61
15948 14
15949 61
15950 61
15951 61
15952 61
15953 61
15954 61
15955 61
15956 61
15957 61
15958 61
15959 61
15960 61
15961 61
15962 61
15963 61
15964 61
15965 61
15966 61
15967 61
15968 61
15969 61
15970 61
15971 61
15972 61
15973 61
15974 61
15975 61
15976 57
15977 57
15978 57
15979 57
15980 61
15981 14
15982 61
15983 61
15984 61
15985 752
15986 61
15987 61
15988 61
15989 61
15990 61
15991 61
15992 61
15993 61
15994 61
15995 752
15996 752
15997 752
15998 752
15999 752
16000 752
16001 137
16002 137
16003 137
16004 752
16005 752
16006 752
16007 137
16008 137
16009 137
16010 137
16011 137
16012 137
16013 137
16014 137
16015 137
16016 14
16017 61
16018 752
16019 61
16020 61
16021 137
16022 61
16023 61
16024 61
16025 61
16026 61
16027 58
16028 58
16029 61
16030 61
16031 59
16032 59
16033 59
16034 61
16035 61
16036 40
16037 61
16038 61
16039 61
16040 61
16041 61
16042 61
16043 61
16044 61
16045 61
16046 61
16047 61
16048 61
16049 61
16050 59
16051 61
16052 61
16053 61
16054 61
16055 61
16056 61
16057 61
16058 61
16059 61
16060 61
16061 0
16062 59
16063 59
16064 59
16065 59
16066 61
16067 61
16068 59
16069 59
16070 61
16071 61
16072 61
16073 61
16074 137
16075 61
16076 61
16077 61
16078 61
16079 61
16080 61
16081 14
16082 752
16083 137
16084 137
16085 137
16086 137
16087 752
16088 752
16089 752
16090 752
16091 752
16092 752
16093 752
16094 752
16095 137
16096 61
16097 137
16098 137
16099 137
16100 137
16101 137
16102 249
16103 249
16104 249
16105 249
16106 137
16107 137
16108 137
16109 137
16110 137
16111 137
16112 137
16113 137
16114 137
16115 137
16116 249
16117 137
16118 137
16119 137
16120 137
16121 137
16122 137
16123 137
16124 137
16125 137
16126 137
16127 137
16128 137
16129 137
16130 137
16131 137
16132 137
16133 137
16134 137
16135 137
16136 137
16137 137
16138 137
16139 137
16140 137
16141 249
16142 137
16143 137
16144 137
16145 137
16146 137
16147 137
16148 137
16149 137
16150 137
16151 249
16152 137
16153 137
16154 137
16155 137
16156 137
16157 61
16158 137
16159 137
16160 137
16161 137
16162 249
16163 137
16164 137
16165 137
16166 137
16167 137
16168 249
16169 137
16170 137
16171 137
16172 137
16173 137
16174 137
16175 137
16176 137
16177 137
16178 137
16179 137
16180 232
16181 137
16182 137
16183 137
16184 137
16185 137
16186 137
16187 137
16188 137
16189 137
16190 137
16191 137
16192 137
16193 137
16194 137
16195 137
16196 137
16197 137
16198 137
16199 137
16200 137
16201 249
16202 249
16203 249
16204 249
16205 249
16206 249
16207 249
16208 249
16209 249
16210 249
16211 249
16212 249
16213 249
16214 249
16215 249
16216 249
16217 249
16218 249
16219 249
16220 249
16221 249
16222 249
16223 249
16224 249
16225 249
16226 249
16227 249
16228 249
16229 249
16230 249
16231 249
16232 249
16233 249
16234 249
16235 249
16236 249
16237 249
16238 249
16239 249
16240 249
16241 249
16242 249
16243 249
16244 249
16245 249
16246 249
16247 249
16248 249
16249 249
16250 249
16251 249
16252 249
16253 249
16254 249
16255 249
16256 249
16257 249
16258 249
16259 249
16260 249
16261 249
16262 249
16263 249
16264 249
16265 249
16266 249
16267 249
16268 249
16269 249
16270 249
16271 249
16272 249
16273 249
16274 249
16275 249
16276 249
16277 249
16278 249
16279 249
16280 249
16281 249
16282 249
16283 249
16284 249
16285 249
16286 249
16287 249
16288 249
16289 249
16290 249
16291 249
16292 249
16293 249
16294 249
16295 249
16296 249
16297 249
16298 249
16299 249
16300 249
16301 249
16302 137
16303 137
16304 137
16305 137
16306 137
16307 137
16308 137
16309 137
16310 137
16311 137
16312 137
16313 137
16314 823
16315 249
16316 249
16317 249
16318 249
16319 137
16320 14
16321 137
16322 137
16323 137
16324 137
16325 137
16326 137
16327 7
16328 61
16329 137
16330 488
16331 137
16332 137
16333 137
16334 137
16335 137
16336 137
16337 137
16338 137
16339 137
16340 137
16341 137
16342 137
16343 137
16344 137
16345 137
16346 137
16347 137
16348 137
16349 137
16350 137
16351 137
16352 137
16353 137
16354 137
16355 137
16356 137
16357 137
16358 137
16359 137
16360 137
16361 137
16362 137
16363 137
16364 137
16365 137
16366 137
16367 137
16368 249
16369 249
16370 249
16371 137
16372 137
16373 137
16374 232
16375 137
16376 823
16377 61
16378 232
16379 137
16380 137
16381 137
16382 137
16383 137
16384 137
16385 61
16386 61
16387 137
16388 137
16389 137
16390 232
16391 137
16392 137
16393 61
16394 137
16395 137
16396 137
16397 137
16398 137
16399 137
16400 137
16401 137
16402 137
16403 137
16404 137
16405 137
16406 137
16407 137
16408 137
16409 137
16410 137
16411 137
16412 249
16413 249
16414 137
16415 137
16416 249
16417 249
16418 137
16419 249
16420 137
16421 249
16422 393
16423 249
16424 249
16425 137
16426 249
16427 137
16428 249
16429 249
16430 137
16431 137
16432 249
16433 137
16434 752
16435 137
16436 249
16437 137
16438 137
16439 137
16440 137
16441 823
16442 823
16443 823
16444 137
16445 137
16446 137
16447 137
16448 137
16449 268
16450 268
16451 61
16452 137
16453 137
16454 137
16455 137
16456 137
16457 61
16458 61
16459 823
16460 823
16461 823
16462 823
16463 823
16464 823
16465 823
16466 823
16467 137
16468 137
16469 823
16470 823
16471 823
16472 823
16473 823
16474 823
16475 823
16476 823
16477 137
16478 137
16479 137
16480 137
16481 137
16482 137
16483 137
16484 137
16485 137
16486 137
16487 137
16488 137
16489 137
16490 137
16491 137
16492 137
16493 137
16494 137
16495 137
16496 137
16497 137
16498 7
16499 137
16500 137
16501 137
16502 137
16503 249
16504 137
16505 137
16506 137
16507 137
16508 137
16509 137
16510 137
16511 137
16512 231
16513 137
16514 137
16515 137
16516 137
16517 137
16518 137
16519 137
16520 137
16521 137
16522 137
16523 137
16524 137
16525 137
16526 137
16527 137
16528 137
16529 137
16530 231
16531 137
16532 137
16533 231
16534 231
16535 249
16536 249
16537 249
16538 249
16539 249
16540 249
16541 249
16542 249
16543 249
16544 249
16545 249
16546 137
16547 137
16548 61
16549 137
16550 137
16551 61
16552 4
16553 4
16554 4
16555 4
16556 4
16557 137
16558 823
16559 249
16560 137
16561 137
16562 137
16563 137
16564 137
16565 137
16566 137
16567 137
16568 137
16569 137
16570 7
16571 137
16572 0
16573 137
16574 7
16575 137
16576 137
16577 137
16578 137
16579 137
16580 137
16581 137
16582 137
16583 137
16584 137
16585 137
16586 137
16587 488
16588 137
16589 137
16590 137
16591 137
16592 0
16593 137
16594 137
16595 137
16596 137
16597 137
16598 137
16599 137
16600 137
16601 137
16602 137
16603 137
16604 137
16605 137
16606 137
16607 137
16608 137
16609 137
16610 137
16611 137
16612 137
16613 137
16614 137
16615 137
16616 137
16617 137
16618 823
16619 137
16620 137
16621 137
16622 137
16623 137
16624 137
16625 249
16626 137
16627 137
16628 137
16629 137
16630 137
16631 137
16632 137
16633 137
16634 137
16635 137
16636 137
16637 137
16638 137
16639 137
16640 137
16641 137
16642 137
16643 137
16644 137
16645 137
16646 137
16647 137
16648 137
16649 137
16650 137
16651 137
16652 137
16653 137
16654 137
16655 137
16656 137
16657 137
16658 752
16659 137
16660 137
16661 137
16662 137
16663 137
16664 137
16665 137
16666 137
16667 137
16668 137
16669 137
16670 60
16671 60
16672 60
16673 60
16674 249
16675 249
16676 249
16677 249
16678 249
16679 249
16680 249
16681 249
16682 249
16683 249
16684 249
16685 249
16686 249
16687 823
16688 823
16689 823
16690 823
16691 4
16692 4
16693 4
16694 4
16695 137
16696 61
16697 61
16698 61
16699 137
16700 61
16701 137
16702 61
16703 61
16704 61
16705 61
16706 61
16707 137
16708 61
16709 61
16710 232
16711 137
16712 137
16713 232
16714 823
16715 823
16716 823
16717 823
16718 823
16719 823
16720 823
16721 823
16722 823
16723 823
16724 823
16725 823
16726 823
16727 823
16728 823
16729 823
16730 823
16731 823
16732 823
16733 823
16734 823
16735 823
16736 823
16737 823
16738 823
16739 823
16740 823
16741 823
16742 823
16743 823
16744 823
16745 823
16746 823
16747 823
16748 823
16749 823
16750 823
16751 823
16752 823
16753 823
16754 823
16755 823
16756 823
16757 823
16758 823
16759 823
16760 823
16761 823
16762 823
16763 823
16764 823
16765 823
16766 823
16767 823
16768 823
16769 823
16770 823
16771 823
16772 823
16773 823
16774 823
16775 823
16776 823
16777 823
16778 823
16779 823
16780 4
16781 137
16782 137
16783 137
16784 137
16785 137
16786 137
16787 137
16788 137
16789 137
16790 137
16791 137
16792 137
16793 137
16794 137
16795 137
16796 137
16797 137
16798 137
16799 137
16800 137
16801 752
16802 137
16803 61
16804 61
16805 61
16806 61
16807 61
16808 61
16809 61
16810 61
16811 61
16812 61
16813 61
16814 137
16815 61
16816 61
16817 61
16818 61
16819 61
16820 61
16821 61
16822 61
16823 61
16824 61
16825 61
16826 61
16827 61
16828 61
16829 61
16830 61
16831 61
16832 61
16833 61
16834 61
16835 61
16836 61
16837 61
16838 488
16839 61
16840 61
16841 61
16842 61
16843 61
16844 488
16845 61
16846 61
16847 61
16848 61
16849 61
16850 61
16851 61
16852 61
16853 61
16854 61
16855 61
16856 752
16857 61
16858 61
16859 61
16860 887
16861 61
16862 61
16863 61
16864 61
16865 61
16866 61
16867 61
16868 61
16869 14
16870 14
16871 14
16872 14
16873 137
16874 137
16875 137
16876 137
16877 0
16878 0
16879 137
16880 137
16881 137
16882 137
16883 137
16884 137
16885 137
16886 137
16887 137
16888 137
16889 137
16890 137
16891 137
16892 249
16893 249
16894 137
16895 137
16896 137
16897 137
16898 137
16899 61
16900 137
16901 137
16902 137
16903 137
16904 137
16905 137
16906 137
16907 61
16908 137
16909 137
16910 137
16911 137
16912 137
16913 137
16914 137
16915 137
16916 137
16917 137
16918 137
16919 137
16920 137
16921 137
16922 137
16923 137
16924 137
16925 137
16926 137
16927 137
16928 137
16929 137
16930 137
16931 137
16932 137
16933 137
16934 137
16935 137
16936 137
16937 137
16938 137
16939 137
16940 137
16941 137
16942 137
16943 137
16944 218
16945 137
16946 137
16947 137
16948 137
16949 137
16950 137
16951 137
16952 137
16953 137
16954 137
16955 137
16956 137
16957 137
16958 137
16959 137
16960 137
16961 137
16962 137
16963 249
16964 249
16965 249
16966 249
16967 823
16968 137
16969 137
16970 137
16971 137
16972 212
16973 137
16974 137
16975 137
16976 232
16977 137
16978 232
16979 232
16980 137
16981 137
16982 137
16983 232
16984 232
16985 232
16986 137
16987 213
16988 137
16989 137
16990 137
16991 137
16992 137
16993 137
16994 137
16995 137
16996 137
16997 137
16998 137
16999 137
17000 137
17001 137
17002 137
17003 137
17004 137
17005 232
17006 137
17007 232
17008 137
17009 137
17010 137
17011 137
17012 137
17013 137
17014 137
17015 137
17016 137
17017 137
17018 752
17019 232
17020 232
17021 137
17022 232
17023 137
17024 752
17025 137
17026 137
17027 137
17028 61
17029 61
17030 137
17031 137
17032 137
17033 137
17034 137
17035 137
17036 137
17037 137
17038 137
17039 137
17040 137
17041 137
17042 3
17043 232
17044 137
17045 232
17046 232
17047 212
17048 232
17049 232
17050 232
17051 137
17052 752
17053 752
17054 137
17055 137
17056 232
17057 137
17058 137
17059 742
17060 232
17061 232
17062 232
17063 232
17064 823
17065 137
17066 137
17067 232
17068 232
17069 137
17070 137
17071 61
17072 137
17073 752
17074 232
17075 137
17076 137
17077 137
17078 137
17079 232
17080 137
17081 137
17082 232
17083 212
17084 137
17085 232
17086 232
17087 137
17088 232
17089 137
17090 137
17091 137
17092 232
17093 137
17094 213
17095 137
17096 137
17097 232
17098 232
17099 232
17100 887
17101 752
17102 0
17103 137
17104 137
17105 232
17106 137
17107 232
17108 137
17109 137
17110 61
17111 752
17112 61
17113 232
17114 137
17115 232
17116 61
17117 61
17118 61
17119 61
17120 61
17121 61
17122 61
17123 61
17124 61
17125 61
17126 61
17127 61
17128 232
17129 752
17130 752
17131 232
17132 61
17133 61
17134 752
17135 61
17136 61
17137 7
17138 61
17139 61
17140 61
17141 61
17142 61
17143 61
17144 61
17145 61
17146 137
17147 61
17148 137
17149 137
17150 137
17151 61
17152 61
17153 137
17154 61
17155 61
17156 61
17157 61
17158 61
17159 61
17160 61
17161 61
17162 61
17163 61
17164 61
17165 61
17166 14
17167 232
17168 14
17169 61
17170 61
17171 61
17172 61
17173 61
17174 61
17175 61
17176 61
17177 61
17178 61
17179 61
17180 61
17181 63
17182 61
17183 61
17184 61
17185 61
17186 61
17187 61
17188 61
17189 61
17190 61
17191 61
17192 61
17193 61
17194 61
17195 61
17196 61
17197 61
17198 61
17199 63
17200 61
17201 61
17202 61
17203 61
17204 61
17205 137
17206 61
17207 61
17208 61
17209 61
17210 61
17211 61
17212 63
17213 61
17214 137
17215 137
17216 137
17217 61
17218 61
17219 61
17220 61
17221 61
17222 61
17223 61
17224 752
17225 4
17226 4
17227 4
17228 4
17229 61
17230 61
17231 61
17232 61
17233 61
17234 14
17235 14
17236 14
17237 14
17238 14
17239 61
17240 14
17241 137
17242 752
17243 752
17244 14
17245 14
17246 137
17247 61
17248 61
17249 61
17250 61
17251 61
17252 61
17253 61
17254 61
17255 61
17256 752
17257 752
17258 752
17259 61
17260 61
17261 61
17262 61
17263 137
17264 137
17265 61
17266 61
17267 61
17268 232
17269 61
17270 752
17271 752
17272 61
17273 61
17274 7
17275 61
17276 0
17277 0
17278 232
17279 232
17280 752
17281 232
17282 232
17283 61
17284 61
17285 232
17286 61
17287 752
17288 752
17289 752
17290 752
17291 61
17292 752
17293 232
17294 232
17295 752
17296 61
17297 752
17298 232
17299 61
17300 61
17301 61
17302 61
17303 61
17304 61
17305 61
17306 61
17307 61
17308 61
17309 61
17310 61
17311 232
17312 61
17313 61
17314 61
17315 61
17316 61
17317 61
17318 61
17319 62
17320 14
17321 61
17322 61
17323 61
17324 61
17325 61
17326 61
17327 61
17328 61
17329 61
17330 61
17331 61
17332 61
17333 61
17334 61
17335 61
17336 61
17337 0
17338 0
17339 61
17340 61
17341 61
17342 61
17343 61
17344 61
17345 61
17346 61
17347 0
17348 61
17349 61
17350 61
17351 61
17352 61
17353 61
17354 61
17355 61
17356 61
17357 61
17358 61
17359 61
17360 61
17361 61
17362 61
17363 61
17364 61
17365 61
17366 61
17367 61
17368 7
17369 61
17370 232
17371 61
17372 61
17373 62
17374 752
17375 61
17376 61
17377 61
17378 61
17379 232
17380 887
17381 61
17382 61
17383 61
17384 752
17385 61
17386 61
17387 61
17388 3
17389 61
17390 14
17391 61
17392 61
17393 61
17394 61
17395 61
17396 61
17397 61
17398 61
17399 61
17400 61
17401 61
17402 752
17403 137
17404 61
17405 61
17406 61
17407 61
17408 61
17409 61
17410 61
17411 14
17412 61
17413 61
17414 61
17415 61
17416 61
17417 61
17418 61
17419 61
17420 61
17421 64
17422 61
17423 0
17424 61
17425 61
17426 61
17427 61
17428 61
17429 61
17430 61
17431 61
17432 61
17433 137
17434 137
17435 61
17436 61
17437 61
17438 61
17439 62
17440 62
17441 61
17442 137
17443 61
17444 61
17445 61
17446 61
17447 61
17448 61
17449 61
17450 61
17451 61
17452 61
17453 61
17454 61
17455 61
17456 61
17457 61
17458 61
17459 61
17460 61
17461 61
17462 61
17463 61
17464 61
17465 61
17466 61
17467 0
17468 61
17469 61
17470 14
17471 61
17472 61
17473 61
17474 61
17475 61
17476 61
17477 61
17478 61
17479 61
17480 61
17481 61
17482 61
17483 61
17484 61
17485 61
17486 61
17487 232
17488 232
17489 61
17490 61
17491 61
17492 7
17493 61
17494 61
17495 61
17496 61
17497 61
17498 61
17499 61
17500 61
17501 61
17502 61
17503 61
17504 61
17505 61
17506 61
17507 61
17508 61
17509 61
17510 137
17511 137
17512 14
17513 61
17514 61
17515 61
17516 61
17517 61
17518 61
17519 61
17520 61
17521 61
17522 61
17523 61
17524 61
17525 61
17526 61
17527 61
17528 61
17529 61
17530 61
17531 61
17532 268
17533 61
17534 0
17535 752
17536 752
17537 752
17538 61
17539 752
17540 61
17541 14
17542 61
17543 61
17544 61
17545 61
17546 62
17547 61
17548 752
17549 61
17550 61
17551 61
17552 61
17553 61
17554 61
17555 61
17556 61
17557 61
17558 61
17559 61
17560 61
17561 61
17562 61
17563 61
17564 61
17565 61
17566 61
17567 61
17568 61
17569 61
17570 61
17571 61
17572 61
17573 61
17574 61
17575 61
17576 61
17577 61
17578 61
17579 61
17580 61
17581 61
17582 61
17583 61
17584 61
17585 61
17586 61
17587 61
17588 61
17589 61
17590 61
17591 61
17592 61
17593 61
17594 61
17595 61
17596 61
17597 61
17598 61
17599 61
17600 61
17601 61
17602 61
17603 61
17604 61
17605 61
17606 64
17607 64
17608 64
17609 61
17610 61
17611 61
17612 61
17613 61
17614 61
17615 61
17616 61
17617 61
17618 232
17619 61
17620 61
17621 61
17622 61
17623 61
17624 61
17625 61
17626 14
17627 61
17628 61
17629 61
17630 61
17631 61
17632 61
17633 61
17634 61
17635 61
17636 61
17637 61
17638 61
17639 61
17640 61
17641 61
17642 7
17643 7
17644 61
17645 61
17646 61
17647 61
17648 61
17649 61
17650 61
17651 386
17652 61
17653 61
17654 61
17655 137
17656 61
17657 61
17658 137
17659 61
17660 232
17661 232
17662 61
17663 61
17664 61
17665 61
17666 61
17667 61
17668 61
17669 61
17670 232
17671 61
17672 61
17673 61
17674 61
17675 61
17676 61
17677 61
17678 61
17679 61
17680 61
17681 61
17682 61
17683 61
17684 61
17685 61
17686 386
17687 61
17688 61
17689 61
17690 61
17691 61
17692 386
17693 61
17694 61
17695 61
17696 61
17697 752
17698 137
17699 137
17700 61
17701 61
17702 61
17703 61
17704 61
17705 61
17706 61
17707 61
17708 14
17709 0
17710 61
17711 137
17712 137
17713 61
17714 61
17715 61
17716 61
17717 61
17718 61
17719 61
17720 61
17721 61
17722 61
17723 61
17724 61
17725 61
17726 61
17727 61
17728 61
17729 61
17730 61
17731 61
17732 61
17733 61
17734 61
17735 61
17736 61
17737 61
17738 61
17739 61
17740 12
17741 61
17742 61
17743 61
17744 61
17745 61
17746 61
17747 61
17748 61
17749 61
17750 232
17751 61
17752 61
17753 61
17754 61
17755 61
17756 61
17757 61
17758 63
17759 63
17760 63
17761 63
17762 63
17763 63
17764 63
17765 63
17766 63
17767 63
17768 63
17769 63
17770 63
17771 64
17772 64
17773 61
17774 61
17775 61
17776 61
17777 61
17778 488
17779 488
17780 61
17781 61
17782 61
17783 61
17784 61
17785 61
17786 61
17787 61
17788 61
17789 61
17790 61
17791 61
17792 61
17793 61
17794 61
17795 3
17796 61
17797 61
17798 61
17799 61
17800 61
17801 61
17802 64
17803 64
17804 64
17805 61
17806 61
17807 61
17808 61
17809 61
17810 61
17811 61
17812 137
17813 137
17814 137
17815 137
17816 137
17817 137
17818 137
17819 137
17820 137
17821 137
17822 137
17823 137
17824 137
17825 137
17826 137
17827 137
17828 137
17829 137
17830 137
17831 61
17832 61
17833 61
17834 61
17835 61
17836 61
17837 61
17838 61
17839 61
17840 61
17841 61
17842 61
17843 61
17844 61
17845 61
17846 61
17847 61
17848 61
17849 61
17850 61
17851 61
17852 61
17853 61
17854 61
17855 61
17856 61
17857 752
17858 61
17859 61
17860 61
17861 752
17862 61
17863 61
17864 61
17865 61
17866 61
17867 61
17868 65
17869 65
17870 65
17871 65
17872 61
17873 61
17874 823
17875 823
17876 61
17877 61
17878 61
17879 61
17880 61
17881 61
17882 61
17883 61
17884 61
17885 61
17886 61
17887 61
17888 61
17889 61
17890 61
17891 61
17892 61
17893 887
17894 61
17895 137
17896 61
17897 61
17898 61
17899 61
17900 61
17901 61
17902 61
17903 61
17904 14
17905 61
17906 61
17907 61
17908 61
17909 61
17910 61
17911 61
17912 61
17913 823
17914 61
17915 61
17916 61
17917 61
17918 61
17919 61
17920 61
17921 137
17922 137
17923 137
17924 137
17925 137
17926 137
17927 61
17928 61
17929 137
17930 137
17931 137
17932 137
17933 137
17934 137
17935 752
17936 137
17937 137
17938 137
17939 137
17940 137
17941 137
17942 137
17943 137
17944 137
17945 137
17946 137
17947 137
17948 137
17949 137
17950 137
17951 137
17952 137
17953 137
17954 137
17955 137
17956 137
17957 137
17958 137
17959 137
17960 137
17961 137
17962 137
17963 137
17964 137
17965 137
17966 137
17967 137
17968 137
17969 137
17970 137
17971 137
17972 137
17973 137
17974 137
17975 137
17976 137
17977 137
17978 137
17979 137
17980 137
17981 137
17982 137
17983 137
17984 137
17985 752
17986 137
17987 137
17988 137
17989 137
17990 137
17991 137
17992 137
17993 137
17994 137
17995 137
17996 137
17997 137
17998 137
17999 137
18000 137
18001 137
18002 137
18003 137
18004 137
18005 137
18006 137
18007 137
18008 137
18009 137
18010 137
18011 137
18012 137
18013 137
18014 137
18015 137
18016 137
18017 137
18018 137
18019 137
18020 137
18021 137
18022 137
18023 137
18024 137
18025 137
18026 137
18027 137
18028 137
18029 137
18030 137
18031 137
18032 137
18033 137
18034 137
18035 137
18036 137
18037 137
18038 137
18039 137
18040 137
18041 137
18042 137
18043 137
18044 137
18045 137
18046 137
18047 137
18048 137
18049 137
18050 137
18051 137
18052 137
18053 137
18054 137
18055 137
18056 137
18057 137
18058 137
18059 137
18060 137
18061 137
18062 137
18063 137
18064 137
18065 137
18066 488
18067 488
18068 137
18069 137
18070 137
18071 137
18072 137
18073 137
18074 137
18075 137
18076 137
18077 137
18078 137
18079 137
18080 137
18081 137
18082 137
18083 137
18084 61
18085 137
18086 137
18087 137
18088 137
18089 61
18090 137
18091 137
18092 137
18093 137
18094 137
18095 137
18096 137
18097 137
18098 137
18099 137
18100 137
18101 137
18102 137
18103 137
18104 137
18105 137
18106 137
18107 137
18108 137
18109 137
18110 137
18111 137
18112 137
18113 137
18114 137
18115 137
18116 137
18117 137
18118 137
18119 137
18120 137
18121 137
18122 137
18123 61
18124 137
18125 137
18126 137
18127 137
18128 137
18129 137
18130 137
18131 137
18132 137
18133 137
18134 137
18135 137
18136 137
18137 137
18138 137
18139 137
18140 137
18141 137
18142 137
18143 137
18144 137
18145 61
18146 137
18147 137
18148 137
18149 137
18150 137
18151 137
18152 137
18153 137
18154 137
18155 137
18156 137
18157 137
18158 137
18159 137
18160 137
18161 137
18162 61
18163 137
18164 137
18165 137
18166 137
18167 137
18168 137
18169 752
18170 137
18171 137
18172 137
18173 137
18174 137
18175 137
18176 137
18177 137
18178 137
18179 137
18180 137
18181 137
18182 137
18183 137
18184 14
18185 137
18186 137
18187 137
18188 137
18189 137
18190 61
18191 137
18192 137
18193 137
18194 137
18195 137
18196 137
18197 137
18198 137
18199 137
18200 137
18201 137
18202 137
18203 137
18204 137
18205 137
18206 137
18207 137
18208 137
18209 137
18210 137
18211 137
18212 137
18213 137
18214 137
18215 137
18216 137
18217 137
18218 137
18219 137
18220 137
18221 137
18222 137
18223 0
18224 137
18225 137
18226 137
18227 137
18228 137
18229 137
18230 137
18231 137
18232 137
18233 137
18234 137
18235 137
18236 137
18237 137
18238 137
18239 137
18240 137
18241 137
18242 137
18243 137
18244 137
18245 823
18246 61
18247 14
18248 14
18249 61
18250 61
18251 61
18252 61
18253 61
18254 61
18255 61
18256 752
18257 752
18258 61
18259 61
18260 4
18261 61
18262 61
18263 61
18264 61
18265 61
18266 0
18267 137
18268 137
18269 137
18270 61
18271 61
18272 95
18273 3
18274 3
18275 61
18276 61
18277 61
18278 61
18279 68
18280 61
18281 137
18282 137
18283 137
18284 752
18285 61
18286 61
18287 61
18288 61
18289 61
18290 61
18291 61
18292 61
18293 137
18294 14
18295 61
18296 61
18297 61
18298 61
18299 61
18300 61
18301 61
18302 61
18303 61
18304 61
18305 61
18306 61
18307 61
18308 61
18309 61
18310 14
18311 69
18312 61
18313 61
18314 61
18315 61
18316 61
18317 61
18318 61
18319 61
18320 61
18321 14
18322 61
18323 61
18324 61
18325 61
18326 61
18327 61
18328 61
18329 61
18330 61
18331 61
18332 61
18333 61
18334 61
18335 61
18336 61
18337 61
18338 61
18339 4
18340 61
18341 61
18342 61
18343 61
18344 61
18345 61
18346 61
18347 61
18348 61
18349 61
18350 61
18351 61
18352 61
18353 61
18354 61
18355 752
18356 752
18357 66
18358 66
18359 66
18360 66
18361 61
18362 61
18363 61
18364 61
18365 61
18366 61
18367 61
18368 61
18369 61
18370 61
18371 14
18372 14
18373 67
18374 67
18375 61
18376 61
18377 498
18378 61
18379 61
18380 61
18381 61
18382 61
18383 69
18384 69
18385 61
18386 61
18387 61
18388 61
18389 61
18390 61
18391 61
18392 61
18393 61
18394 61
18395 61
18396 61
18397 137
18398 61
18399 61
18400 61
18401 69
18402 61
18403 61
18404 61
18405 61
18406 61
18407 61
18408 61
18409 61
18410 14
18411 61
18412 61
18413 61
18414 61
18415 61
18416 61
18417 61
18418 61
18419 61
18420 61
18421 61
18422 61
18423 61
18424 61
18425 752
18426 61
18427 61
18428 61
18429 61
18430 61
18431 61
18432 61
18433 61
18434 61
18435 61
18436 61
18437 61
18438 61
18439 61
18440 61
18441 14
18442 61
18443 61
18444 61
18445 61
18446 61
18447 61
18448 61
18449 61
18450 61
18451 61
18452 61
18453 69
18454 61
18455 61
18456 61
18457 14
18458 14
18459 61
18460 61
18461 61
18462 61
18463 752
18464 752
18465 14
18466 61
18467 7
18468 61
18469 61
18470 61
18471 67
18472 67
18473 67
18474 67
18475 61
18476 61
18477 61
18478 61
18479 61
18480 61
18481 61
18482 61
18483 61
18484 61
18485 61
18486 61
18487 95
18488 61
18489 61
18490 61
18491 61
18492 61
18493 823
18494 823
18495 61
18496 61
18497 61
18498 68
18499 61
18500 68
18501 68
18502 68
18503 61
18504 61
18505 61
18506 61
18507 61
18508 61
18509 61
18510 61
18511 61
18512 95
18513 61
18514 61
18515 61
18516 61
18517 61
18518 61
18519 61
18520 61
18521 61
18522 68
18523 61
18524 61
18525 61
18526 67
18527 61
18528 61
18529 14
18530 14
18531 61
18532 61
18533 61
18534 61
18535 752
18536 61
18537 61
18538 61
18539 69
18540 69
18541 69
18542 61
18543 68
18544 68
18545 61
18546 61
18547 61
18548 752
18549 14
18550 14
18551 61
18552 61
18553 61
18554 752
18555 61
18556 61
18557 61
18558 61
18559 61
18560 61
18561 61
18562 61
18563 61
18564 61
18565 14
18566 14
18567 232
18568 61
18569 61
18570 61
18571 69
18572 61
18573 14
18574 14
18575 61
18576 61
18577 61
18578 61
18579 61
18580 61
18581 14
18582 61
18583 61
18584 61
18585 61
18586 61
18587 61
18588 61
18589 61
18590 232
18591 61
18592 61
18593 61
18594 3
18595 3
18596 61
18597 61
18598 95
18599 752
18600 752
18601 752
18602 752
18603 752
18604 752
18605 232
18606 232
18607 61
18608 61
18609 61
18610 137
18611 137
18612 137
18613 61
18614 61
18615 137
18616 137
18617 306
18618 752
18619 752
18620 752
18621 752
18622 752
18623 752
18624 752
18625 752
18626 752
18627 61
18628 61
18629 61
18630 61
18631 61
18632 61
18633 61
18634 61
18635 61
18636 61
18637 61
18638 0
18639 61
18640 61
18641 61
18642 61
18643 61
18644 61
18645 887
18646 887
18647 268
18648 268
18649 61
18650 61
18651 268
18652 752
18653 61
18654 61
18655 61
18656 61
18657 61
18658 61
18659 61
18660 61
18661 61
18662 61
18663 61
18664 61
18665 61
18666 61
18667 137
18668 137
18669 137
18670 137
18671 137
18672 137
18673 137
18674 3
18675 61
18676 61
18677 61
18678 61
18679 61
18680 61
18681 61
18682 61
18683 137
18684 752
18685 61
18686 752
18687 752
18688 61
18689 61
18690 61
18691 61
18692 752
18693 61
18694 61
18695 61
18696 61
18697 61
18698 752
18699 752
18700 61
18701 14
18702 61
18703 61
18704 752
18705 61
18706 61
18707 61
18708 232
18709 137
18710 137
18711 137
18712 137
18713 14
18714 14
18715 14
18716 14
18717 14
18718 14
18719 14
18720 14
18721 14
18722 14
18723 14
18724 14
18725 61
18726 61
18727 61
18728 61
18729 61
18730 61
18731 61
18732 7
18733 7
18734 7
18735 7
18736 7
18737 7
18738 7
18739 7
18740 7
18741 7
18742 1
18743 61
18744 61
18745 61
18746 61
18747 61
18748 61
18749 61
18750 61
18751 61
18752 61
18753 61
18754 61
18755 61
18756 61
18757 61
18758 61
18759 61
18760 61
18761 61
18762 61
18763 61
18764 61
18765 61
18766 61
18767 61
18768 61
18769 61
18770 61
18771 7
18772 7
18773 7
18774 7
18775 7
18776 7
18777 7
18778 61
18779 61
18780 61
18781 218
18782 61
18783 61
18784 7
18785 61
18786 61
18787 61
18788 61
18789 61
18790 61
18791 61
18792 61
18793 61
18794 61
18795 61
18796 61
18797 61
18798 61
18799 61
18800 61
18801 61
18802 61
18803 61
18804 61
18805 61
18806 61
18807 61
18808 61
18809 61
18810 61
18811 61
18812 61
18813 61
18814 61
18815 61
18816 61
18817 61
18818 488
18819 61
18820 61
18821 218
18822 61
18823 61
18824 61
18825 61
18826 61
18827 61
18828 61
18829 61
18830 61
18831 61
18832 61
18833 61
18834 61
18835 61
18836 61
18837 61
18838 61
18839 61
18840 61
18841 61
18842 61
18843 488
18844 61
18845 61
18846 61
18847 61
18848 61
18849 61
18850 61
18851 61
18852 61
18853 61
18854 61
18855 61
18856 61
18857 61
18858 61
18859 61
18860 61
18861 61
18862 61
18863 488
18864 61
18865 0
18866 61
18867 61
18868 61
18869 61
18870 61
18871 61
18872 61
18873 61
18874 61
18875 61
18876 488
18877 61
18878 61
18879 61
18880 61
18881 61
18882 61
18883 61
18884 61
18885 61
18886 61
18887 488
18888 61
18889 61
18890 61
18891 61
18892 61
18893 61
18894 61
18895 61
18896 61
18897 488
18898 61
18899 61
18900 61
18901 218
18902 61
18903 61
18904 61
18905 61
18906 61
18907 61
18908 61
18909 61
18910 218
18911 61
18912 61
18913 61
18914 61
18915 61
18916 61
18917 61
18918 61
18919 61
18920 61
18921 61
18922 61
18923 61
18924 887
18925 887
18926 61
18927 61
18928 61
18929 61
18930 61
18931 61
18932 61
18933 61
18934 61
18935 61
18936 61
18937 232
18938 61
18939 61
18940 61
18941 61
18942 61
18943 61
18944 61
18945 61
18946 488
18947 61
18948 61
18949 61
18950 61
18951 61
18952 61
18953 61
18954 61
18955 61
18956 61
18957 828
18958 61
18959 61
18960 61
18961 61
18962 70
18963 70
18964 70
18965 70
18966 61
18967 61
18968 61
18969 61
18970 61
18971 61
18972 0
18973 61
18974 61
18975 61
18976 61
18977 61
18978 0
18979 61
18980 61
18981 61
18982 61
18983 61
18984 61
18985 61
18986 61
18987 61
18988 14
18989 14
18990 14
18991 14
18992 14
18993 14
18994 14
18995 14
18996 14
18997 14
18998 7
18999 7
19000 7
19001 7
19002 7
19003 7
19004 7
19005 7
19006 7
19007 7
19008 71
19009 71
19010 72
19011 72
19012 72
19013 61
19014 61
19015 61
19016 18
19017 18
19018 18
19019 18
19020 18
19021 18
19022 752
19023 752
19024 752
19025 752
19026 752
19027 7
19028 7
19029 7
19030 7
19031 7
19032 7
19033 488
19034 7
19035 7
19036 7
19037 7
19038 7
19039 12
19040 7
19041 7
19042 7
19043 7
19044 7
19045 386
19046 7
19047 61
19048 7
19049 7
19050 7
19051 7
19052 7
19053 7
19054 7
19055 7
19056 7
19057 61
19058 7
19059 7
19060 7
19061 7
19062 7
19063 7
19064 7
19065 7
19066 7
19067 7
19068 7
19069 386
19070 61
19071 61
19072 61
19073 7
19074 7
19075 7
19076 7
19077 7
19078 7
19079 7
19080 7
19081 7
19082 7
19083 7
19084 7
19085 7
19086 488
19087 488
19088 488
19089 488
19090 488
19091 488
19092 488
19093 40
19094 488
19095 488
19096 488
19097 488
19098 61
19099 488
19100 488
19101 488
19102 488
19103 488
19104 488
19105 488
19106 488
19107 488
19108 488
19109 488
19110 488
19111 232
19112 232
19113 61
19114 232
19115 61
19116 61
19117 137
19118 61
19119 61
19120 61
19121 61
19122 61
19123 232
19124 232
19125 232
19126 232
19127 61
19128 61
19129 232
19130 232
19131 232
19132 232
19133 61
19134 232
19135 232
19136 61
19137 61
19138 61
19139 61
19140 61
19141 61
19142 61
19143 61
19144 61
19145 61
19146 61
19147 61
19148 232
19149 232
19150 61
19151 61
19152 61
19153 232
19154 61
19155 61
19156 61
19157 61
19158 61
19159 61
19160 61
19161 61
19162 232
19163 61
19164 61
19165 232
19166 232
19167 61
19168 61
19169 61
19170 752
19171 232
19172 232
19173 61
19174 61
19175 61
19176 61
19177 61
19178 752
19179 61
19180 61
19181 61
19182 61
19183 61
19184 61
19185 0
19186 61
19187 61
19188 61
19189 752
19190 61
19191 752
19192 61
19193 887
19194 887
19195 887
19196 887
19197 887
19198 887
19199 61
19200 887
19201 61
19202 887
19203 61
19204 61
19205 61
19206 752
19207 61
19208 61
19209 61
19210 61
19211 61
19212 61
19213 61
19214 61
19215 61
19216 61
19217 61
19218 752
19219 752
19220 7
19221 7
19222 7
19223 7
19224 7
19225 7
19226 7
19227 7
19228 350
19229 61
19230 61
19231 61
19232 752
19233 137
19234 61
19235 7
19236 7
19237 7
19238 7
19239 7
19240 887
19241 887
19242 887
19243 887
19244 887
19245 61
19246 61
19247 61
19248 61
19249 61
19250 887
19251 137
19252 887
19253 61
19254 61
19255 328
19256 61
19257 887
19258 887
19259 887
19260 887
19261 61
19262 328
19263 488
19264 61
19265 488
19266 61
19267 61
19268 61
19269 61
19270 61
19271 488
19272 61
19273 887
19274 488
19275 61
19276 61
19277 61
19278 887
19279 61
19280 61
19281 61
19282 61
19283 887
19284 887
19285 61
19286 61
19287 61
19288 61
19289 61
19290 61
19291 61
19292 887
19293 61
19294 61
19295 61
19296 61
19297 61
19298 887
19299 61
19300 887
19301 61
19302 61
19303 887
19304 887
19305 887
19306 61
19307 887
19308 887
19309 887
19310 887
19311 61
19312 887
19313 61
19314 61
19315 73
19316 73
19317 73
19318 73
19319 73
19320 61
19321 61
19322 61
19323 61
19324 7
19325 7
19326 752
19327 137
19328 137
19329 61
19330 61
19331 7
19332 14
19333 61
19334 61
19335 61
19336 7
19337 74
19338 74
19339 61
19340 75
19341 75
19342 75
19343 75
19344 75
19345 0
19346 61
19347 61
19348 61
19349 61
19350 61
19351 61
19352 61
19353 76
19354 76
19355 61
19356 61
19357 61
19358 61
19359 7
19360 7
19361 61
19362 752
19363 77
19364 77
19365 61
19366 61
19367 61
19368 61
19369 61
19370 61
19371 61
19372 61
19373 61
19374 40
19375 61
19376 61
19377 61
19378 61
19379 40
19380 61
19381 40
19382 40
19383 61
19384 61
19385 61
19386 61
19387 61
19388 61
19389 61
19390 61
19391 61
19392 40
19393 61
19394 61
19395 61
19396 61
19397 61
19398 61
19399 61
19400 61
19401 61
19402 61
19403 61
19404 488
19405 488
19406 488
19407 488
19408 61
19409 887
19410 887
19411 3
19412 61
19413 61
19414 7
19415 61
19416 61
19417 61
19418 61
19419 61
19420 78
19421 78
19422 0
19423 752
19424 4
19425 7
19426 7
19427 7
19428 7
19429 7
19430 7
19431 7
19432 7
19433 7
19434 7
19435 7
19436 137
19437 7
19438 7
19439 7
19440 7
19441 7
19442 7
19443 7
19444 7
19445 7
19446 7
19447 7
19448 7
19449 61
19450 61
19451 14
19452 223
19453 223
19454 223
19455 223
19456 223
19457 137
19458 137
19459 137
19460 137
19461 137
19462 137
19463 752
19464 7
19465 0
19466 0
19467 301
19468 301
19469 301
19470 0
19471 0
19472 0
19473 0
19474 0
19475 0
19476 79
19477 79
19478 79
19479 80
19480 80
19481 80
19482 137
19483 61
19484 81
19485 61
19486 61
19487 61
19488 61
19489 61
19490 81
19491 61
19492 137
19493 61
19494 752
19495 752
19496 61
19497 61
19498 61
19499 0
19500 0
19501 61
19502 81
19503 61
19504 61
19505 61
19506 61
19507 61
19508 61
19509 61
19510 61
19511 887
19512 887
19513 61
19514 887
19515 61
19516 61
19517 61
19518 61
19519 61
19520 61
19521 61
19522 61
19523 61
19524 887
19525 887
19526 61
19527 61
19528 887
19529 61
19530 488
19531 61
19532 61
19533 61
19534 887
19535 887
19536 61
19537 61
19538 61
19539 61
19540 61
19541 887
19542 61
19543 61
19544 82
19545 82
19546 82
19547 82
19548 82
19549 82
19550 82
19551 61
19552 61
19553 752
19554 752
19555 79
19556 7
19557 61
19558 83
19559 83
19560 61
19561 61
19562 61
19563 61
19564 61
19565 14
19566 14
19567 14
19568 14
19569 4
19570 4
19571 4
19572 4
19573 4
19574 4
19575 4
19576 4
19577 4
19578 4
19579 4
19580 4
19581 0
19582 0
19583 0
19584 0
19585 0
19586 0
19587 61
19588 61
19589 61
19590 61
19591 0
19592 82
19593 82
19594 82
19595 61
19596 218
19597 61
19598 218
19599 218
19600 218
19601 218
19602 218
19603 218
19604 218
19605 218
19606 218
19607 218
19608 218
19609 218
19610 218
19611 218
19612 218
19613 218
19614 218
19615 218
19616 823
19617 218
19618 218
19619 218
19620 218
19621 218
19622 218
19623 218
19624 218
19625 218
19626 218
19627 218
19628 218
19629 218
19630 218
19631 218
19632 218
19633 218
19634 218
19635 218
19636 218
19637 218
19638 61
19639 61
19640 61
19641 61
19642 61
19643 40
19644 40
19645 40
19646 40
19647 351
19648 61
19649 61
19650 61
19651 61
19652 61
19653 61
19654 61
19655 40
19656 40
19657 40
19658 40
19659 40
19660 40
19661 61
19662 61
19663 61
19664 40
19665 40
19666 40
19667 40
19668 61
19669 488
19670 61
19671 61
19672 40
19673 61
19674 61
19675 61
19676 61
19677 61
19678 61
19679 61
19680 61
19681 61
19682 61
19683 61
19684 61
19685 61
19686 61
19687 61
19688 61
19689 61
19690 61
19691 61
19692 61
19693 61
19694 61
19695 61
19696 137
19697 137
19698 137
19699 137
19700 14
19701 14
19702 14
19703 887
19704 137
19705 3
19706 3
19707 61
19708 61
19709 61
19710 887
19711 887
19712 887
19713 61
19714 887
19715 887
19716 887
19717 887
19718 887
19719 887
19720 887
19721 887
19722 61
19723 61
19724 887
19725 887
19726 887
19727 887
19728 887
19729 61
19730 61
19731 887
19732 887
19733 887
19734 61
19735 61
19736 61
19737 84
19738 61
19739 887
19740 61
19741 61
19742 0
19743 61
19744 887
19745 887
19746 61
19747 61
19748 61
19749 61
19750 887
19751 886
19752 61
19753 61
19754 887
19755 887
19756 61
19757 61
19758 887
19759 61
19760 61
19761 887
19762 61
19763 61
19764 887
19765 887
19766 137
19767 61
19768 61
19769 61
19770 61
19771 61
19772 61
19773 61
19774 61
19775 61
19776 61
19777 61
19778 61
19779 887
19780 887
19781 61
19782 61
19783 61
19784 61
19785 61
19786 887
19787 887
19788 887
19789 887
19790 61
19791 61
19792 887
19793 61
19794 61
19795 61
19796 61
19797 61
19798 61
19799 61
19800 84
19801 84
19802 887
19803 887
19804 61
19805 61
19806 0
19807 887
19808 887
19809 887
19810 61
19811 61
19812 887
19813 61
19814 137
19815 887
19816 887
19817 137
19818 137
19819 137
19820 137
19821 137
19822 137
19823 232
19824 488
19825 137
19826 488
19827 488
19828 137
19829 887
19830 40
19831 488
19832 887
19833 488
19834 137
19835 61
19836 137
19837 137
19838 86
19839 488
19840 488
19841 137
19842 137
19843 137
19844 137
19845 137
19846 887
19847 887
19848 137
19849 137
19850 232
19851 232
19852 137
19853 137
19854 86
19855 137
19856 86
19857 887
19858 887
19859 137
19860 137
19861 137
19862 488
19863 137
19864 137
19865 137
19866 61
19867 137
19868 137
19869 137
19870 137
19871 137
19872 137
19873 137
19874 137
19875 137
19876 232
19877 887
19878 137
19879 61
19880 137
19881 137
19882 137
19883 137
19884 137
19885 137
19886 137
19887 488
19888 137
19889 137
19890 137
19891 137
19892 137
19893 887
19894 887
19895 137
19896 137
19897 137
19898 137
19899 488
19900 137
19901 887
19902 61
19903 61
19904 137
19905 137
19906 137
19907 137
19908 137
19909 137
19910 137
19911 137
19912 137
19913 137
19914 137
19915 137
19916 137
19917 137
19918 823
19919 137
19920 137
19921 887
19922 137
19923 137
19924 137
19925 137
19926 137
19927 137
19928 137
19929 137
19930 887
19931 137
19932 137
19933 137
19934 137
19935 887
19936 0
19937 137
19938 232
19939 137
19940 137
19941 137
19942 137
19943 137
19944 137
19945 137
19946 137
19947 137
19948 137
19949 137
19950 488
19951 137
19952 137
19953 137
19954 137
19955 137
19956 137
19957 137
19958 887
19959 887
19960 137
19961 137
19962 488
19963 137
19964 137
19965 137
19966 137
19967 137
19968 137
19969 137
19970 488
19971 488
19972 137
19973 137
19974 137
19975 137
19976 137
19977 137
19978 488
19979 232
19980 137
19981 137
19982 137
19983 887
19984 887
19985 137
19986 137
19987 61
19988 137
19989 137
19990 137
19991 137
19992 488
19993 137
19994 137
19995 488
19996 137
19997 887
19998 137
19999 137
20000 137
20001 137
20002 887
20003 488
20004 95
20005 137
20006 137
20007 887
20008 137
20009 90
20010 137
20011 488
20012 488
20013 488
20014 137
20015 137
20016 887
20017 137
20018 887
20019 86
20020 86
20021 137
20022 137
20023 137
20024 137
20025 137
20026 137
20027 137
20028 137
20029 137
20030 752
20031 61
20032 137
20033 887
20034 887
20035 887
20036 137
20037 14
20038 14
20039 14
20040 14
20041 14
20042 14
20043 14
20044 14
20045 14
20046 61
20047 14
20048 14
20049 14
20050 14
20051 14
20052 14
20053 14
20054 14
20055 14
20056 14
20057 14
20058 14
20059 14
20060 14
20061 14
20062 14
20063 14
20064 14
20065 14
20066 14
20067 488
20068 14
20069 14
20070 14
20071 14
20072 14
20073 14
20074 14
20075 14
20076 14
20077 14
20078 14
20079 14
20080 14
20081 14
20082 14
20083 14
20084 14
20085 14
20086 14
20087 14
20088 14
20089 14
20090 14
20091 14
20092 14
20093 14
20094 14
20095 14
20096 14
20097 14
20098 14
20099 14
20100 14
20101 14
20102 14
20103 14
20104 14
20105 14
20106 14
20107 14
20108 14
20109 14
20110 14
20111 14
20112 14
20113 14
20114 14
20115 14
20116 14
20117 14
20118 14
20119 14
20120 14
20121 14
20122 14
20123 14
20124 14
20125 14
20126 14
20127 14
20128 14
20129 14
20130 14
20131 14
20132 14
20133 14
20134 14
20135 14
20136 14
20137 14
20138 14
20139 61
20140 14
20141 14
20142 14
20143 14
20144 14
20145 137
20146 137
20147 137
20148 137
20149 137
20150 137
20151 137
20152 137
20153 137
20154 137
20155 137
20156 137
20157 5
20158 137
20159 137
20160 137
20161 137
20162 137
20163 137
20164 137
20165 137
20166 137
20167 137
20168 137
20169 137
20170 488
20171 488
20172 488
20173 488
20174 488
20175 488
20176 488
20177 488
20178 488
20179 488
20180 488
20181 488
20182 488
20183 268
20184 488
20185 137
20186 137
20187 137
20188 488
20189 488
20190 887
20191 887
20192 887
20193 887
20194 887
20195 887
20196 887
20197 887
20198 887
20199 887
20200 86
20201 86
20202 86
20203 137
20204 61
20205 61
20206 61
20207 61
20208 61
20209 61
20210 61
20211 61
20212 61
20213 61
20214 61
20215 61
20216 61
20217 61
20218 61
20219 61
20220 61
20221 61
20222 61
20223 61
20224 61
20225 61
20226 61
20227 145
20228 61
20229 61
20230 61
20231 488
20232 61
20233 61
20234 61
20235 61
20236 61
20237 61
20238 61
20239 61
20240 61
20241 61
20242 61
20243 61
20244 61
20245 61
20246 61
20247 61
20248 61
20249 61
20250 61
20251 61
20252 61
20253 61
20254 61
20255 61
20256 61
20257 61
20258 61
20259 61
20260 61
20261 61
20262 61
20263 61
20264 61
20265 61
20266 61
20267 61
20268 61
20269 61
20270 61
20271 61
20272 61
20273 61
20274 61
20275 61
20276 61
20277 61
20278 61
20279 61
20280 138
20281 61
20282 61
20283 61
20284 61
20285 61
20286 61
20287 61
20288 61
20289 61
20290 61
20291 61
20292 61
20293 61
20294 61
20295 61
20296 61
20297 61
20298 61
20299 61
20300 61
20301 61
20302 61
20303 61
20304 61
20305 61
20306 61
20307 61
20308 61
20309 61
20310 61
20311 61
20312 61
20313 61
20314 61
20315 12
20316 61
20317 140
20318 61
20319 61
20320 61
20321 61
20322 61
20323 61
20324 61
20325 61
20326 61
20327 61
20328 61
20329 61
20330 137
20331 61
20332 488
20333 61
20334 61
20335 61
20336 61
20337 61
20338 61
20339 61
20340 61
20341 61
20342 61
20343 61
20344 61
20345 61
20346 61
20347 61
20348 61
20349 61
20350 182
20351 61
20352 61
20353 61
20354 61
20355 61
20356 61
20357 61
20358 61
20359 61
20360 61
20361 61
20362 61
20363 61
20364 61
20365 61
20366 137
20367 61
20368 61
20369 61
20370 61
20371 61
20372 61
20373 61
20374 61
20375 61
20376 61
20377 61
20378 61
20379 61
20380 61
20381 61
20382 142
20383 61
20384 61
20385 61
20386 61
20387 61
20388 61
20389 61
20390 61
20391 61
20392 61
20393 61
20394 137
20395 137
20396 137
20397 85
20398 85
20399 137
20400 137
20401 137
20402 137
20403 137
20404 137
20405 137
20406 137
20407 137
20408 137
20409 137
20410 137
20411 137
20412 137
20413 137
20414 137
20415 137
20416 137
20417 137
20418 137
20419 137
20420 137
20421 137
20422 137
20423 137
20424 137
20425 137
20426 137
20427 137
20428 0
20429 232
20430 232
20431 232
20432 232
20433 232
20434 232
20435 232
20436 232
20437 232
20438 232
20439 232
20440 232
20441 232
20442 232
20443 232
20444 232
20445 232
20446 232
20447 232
20448 232
20449 232
20450 232
20451 232
20452 232
20453 86
20454 86
20455 86
20456 86
20457 87
20458 87
20459 87
20460 87
20461 87
20462 137
20463 137
20464 137
20465 137
20466 137
20467 137
20468 137
20469 137
20470 137
20471 218
20472 218
20473 7
20474 7
20475 137
20476 137
20477 137
20478 137
20479 137
20480 887
20481 887
20482 61
20483 61
20484 61
20485 61
20486 61
20487 61
20488 61
20489 61
20490 61
20491 61
20492 61
20493 61
20494 61
20495 61
20496 61
20497 61
20498 61
20499 61
20500 61
20501 61
20502 61
20503 61
20504 61
20505 137
20506 61
20507 61
20508 61
20509 61
20510 61
20511 61
20512 61
20513 137
20514 61
20515 61
20516 61
20517 61
20518 61
20519 61
20520 823
20521 61
20522 61
20523 61
20524 61
20525 61
20526 61
20527 61
20528 61
20529 61
20530 61
20531 61
20532 61
20533 61
20534 61
20535 61
20536 61
20537 61
20538 61
20539 61
20540 61
20541 488
20542 488
20543 61
20544 61
20545 61
20546 61
20547 61
20548 61
20549 61
20550 61
20551 61
20552 61
20553 61
20554 61
20555 61
20556 61
20557 61
20558 61
20559 61
20560 61
20561 61
20562 61
20563 61
20564 61
20565 61
20566 61
20567 61
20568 61
20569 61
20570 61
20571 61
20572 61
20573 61
20574 61
20575 61
20576 61
20577 61
20578 61
20579 61
20580 61
20581 61
20582 61
20583 61
20584 61
20585 61
20586 61
20587 61
20588 61
20589 61
20590 61
20591 61
20592 61
20593 61
20594 61
20595 61
20596 61
20597 61
20598 61
20599 61
20600 61
20601 488
20602 488
20603 488
20604 488
20605 488
20606 488
20607 488
20608 61
20609 61
20610 61
20611 61
20612 61
20613 61
20614 61
20615 61
20616 61
20617 61
20618 61
20619 61
20620 61
20621 61
20622 61
20623 61
20624 61
20625 61
20626 61
20627 61
20628 61
20629 61
20630 752
20631 137
20632 231
20633 231
20634 231
20635 137
20636 137
20637 137
20638 137
20639 95
20640 0
20641 137
20642 137
20643 137
20644 61
20645 137
20646 137
20647 137
20648 137
20649 137
20650 137
20651 137
20652 137
20653 137
20654 137
20655 137
20656 137
20657 137
20658 137
20659 137
20660 137
20661 137
20662 137
20663 137
20664 137
20665 137
20666 137
20667 137
20668 137
20669 137
20670 137
20671 137
20672 137
20673 137
20674 137
20675 137
20676 137
20677 137
20678 137
20679 137
20680 137
20681 137
20682 137
20683 137
20684 137
20685 137
20686 137
20687 137
20688 137
20689 137
20690 137
20691 137
20692 137
20693 137
20694 137
20695 137
20696 137
20697 137
20698 137
20699 137
20700 137
20701 137
20702 137
20703 137
20704 137
20705 137
20706 137
20707 137
20708 137
20709 137
20710 5
20711 5
20712 137
20713 137
20714 137
20715 137
20716 137
20717 137
20718 137
20719 137
20720 137
20721 137
20722 137
20723 137
20724 137
20725 137
20726 137
20727 137
20728 137
20729 137
20730 137
20731 488
20732 137
20733 137
20734 137
20735 232
20736 137
20737 137
20738 137
20739 137
20740 137
20741 137
20742 137
20743 61
20744 61
20745 88
20746 88
20747 88
20748 88
20749 61
20750 89
20751 89
20752 61
20753 137
20754 137
20755 137
20756 137
20757 137
20758 137
20759 137
20760 137
20761 137
20762 137
20763 137
20764 488
20765 887
20766 887
20767 488
20768 488
20769 488
20770 488
20771 488
20772 90
20773 90
20774 90
20775 90
20776 90
20777 90
20778 91
20779 91
20780 91
20781 91
20782 91
20783 91
20784 91
20785 91
20786 91
20787 91
20788 91
20789 91
20790 91
20791 91
20792 91
20793 91
20794 91
20795 91
20796 137
20797 137
20798 137
20799 137
20800 137
20801 137
20802 137
20803 137
20804 137
20805 218
20806 92
20807 92
20808 92
20809 92
20810 92
20811 137
20812 137
20813 137
20814 137
20815 61
20816 887
20817 61
20818 61
20819 887
20820 887
20821 887
20822 887
20823 887
20824 887
20825 752
20826 887
20827 887
20828 887
20829 887
20830 137
20831 137
20832 887
20833 61
20834 0
20835 137
20836 137
20837 137
20838 137
20839 137
20840 752
20841 137
20842 137
20843 137
20844 137
20845 137
20846 137
20847 137
20848 137
20849 137
20850 137
20851 137
20852 137
20853 137
20854 137
20855 7
20856 7
20857 7
20858 7
20859 137
20860 137
20861 137
20862 137
20863 137
20864 137
20865 0
20866 137
20867 137
20868 137
20869 137
20870 137
20871 137
20872 137
20873 137
20874 137
20875 137
20876 137
20877 137
20878 137
20879 137
20880 137
20881 137
20882 137
20883 137
20884 137
20885 137
20886 137
20887 137
20888 137
20889 137
20890 137
20891 137
20892 137
20893 137
20894 137
20895 137
20896 137
20897 137
20898 137
20899 137
20900 137
20901 93
20902 93
20903 94
20904 94
20905 94
20906 232
20907 137
20908 137
20909 61
20910 61
20911 61
20912 61
20913 61
20914 137
20915 887
20916 887
20917 887
20918 887
20919 137
20920 137
20921 887
20922 887
20923 887
20924 887
20925 887
20926 887
20927 887
20928 488
20929 488
20930 488
20931 95
20932 95
20933 95
20934 95
20935 95
20936 95
20937 95
20938 95
20939 95
20940 95
20941 95
20942 95
20943 95
20944 95
20945 752
20946 95
20947 95
20948 95
20949 95
20950 95
20951 95
20952 95
20953 95
20954 95
20955 95
20956 95
20957 95
20958 95
20959 752
20960 95
20961 95
20962 488
20963 488
20964 488
20965 488
20966 488
20967 301
20968 386
20969 248
20970 137
20971 96
20972 96
20973 96
20974 96
20975 752
20976 752
20977 61
20978 752
20979 752
20980 97
20981 97
20982 97
20983 97
20984 97
20985 137
20986 98
20987 98
20988 752
20989 752
20990 752
20991 61
20992 752
20993 752
20994 752
20995 752
20996 752
20997 752
20998 752
20999 752
21000 752
21001 752
21002 61
21003 137
21004 137
21005 137
21006 137
21007 137
21008 137
21009 137
21010 137
21011 137
21012 137
21013 137
21014 137
21015 137
21016 137
21017 137
21018 137
21019 137
21020 137
21021 137
21022 137
21023 137
21024 137
21025 137
21026 137
21027 137
21028 137
21029 137
21030 137
21031 137
21032 137
21033 137
21034 137
21035 137
21036 137
21037 137
21038 137
21039 137
21040 137
21041 137
21042 137
21043 137
21044 137
21045 137
21046 137
21047 137
21048 137
21049 137
21050 137
21051 137
21052 137
21053 137
21054 137
21055 137
21056 137
21057 137
21058 137
21059 137
21060 137
21061 137
21062 137
21063 137
21064 137
21065 137
21066 137
21067 137
21068 137
21069 137
21070 137
21071 137
21072 61
21073 137
21074 137
21075 137
21076 137
21077 137
21078 137
21079 137
21080 137
21081 137
21082 137
21083 137
21084 137
21085 61
21086 137
21087 137
21088 137
21089 301
21090 137
21091 137
21092 0
21093 137
21094 137
21095 137
21096 137
21097 137
21098 887
21099 61
21100 137
21101 61
21102 752
21103 137
21104 752
21105 137
21106 61
21107 137
21108 268
21109 137
21110 137
21111 137
21112 61
21113 752
21114 752
21115 752
21116 7
21117 7
21118 7
21119 7
21120 7
21121 7
21122 7
21123 7
21124 7
21125 7
21126 7
21127 7
21128 7
21129 7
21130 7
21131 7
21132 7
21133 7
21134 7
21135 7
21136 7
21137 137
21138 99
21139 99
21140 100
21141 100
21142 137
21143 218
21144 218
21145 218
21146 218
21147 218
21148 218
21149 218
21150 218
21151 218
21152 218
21153 218
21154 218
21155 218
21156 218
21157 218
21158 0
21159 218
21160 218
21161 218
21162 218
21163 218
21164 137
21165 218
21166 218
21167 488
21168 218
21169 218
21170 218
21171 218
21172 218
21173 0
21174 218
21175 218
21176 218
21177 218
21178 218
21179 218
21180 218
21181 218
21182 218
21183 218
21184 218
21185 218
21186 218
21187 218
21188 218
21189 218
21190 218
21191 218
21192 218
21193 218
21194 218
21195 218
21196 218
21197 218
21198 218
21199 218
21200 218
21201 218
21202 218
21203 218
21204 218
21205 218
21206 218
21207 218
21208 218
21209 218
21210 218
21211 218
21212 218
21213 218
21214 218
21215 61
21216 218
21217 218
21218 218
21219 218
21220 0
21221 218
21222 218
21223 218
21224 218
21225 218
21226 218
21227 218
21228 218
21229 488
21230 101
21231 101
21232 102
21233 102
21234 102
21235 488
21236 0
21237 488
21238 488
21239 103
21240 103
21241 61
21242 61
21243 61
21244 61
21245 61
21246 61
21247 61
21248 61
21249 887
21250 887
21251 887
21252 887
21253 887
21254 61
21255 61
21256 61
21257 232
21258 232
21259 232
21260 104
21261 104
21262 137
21263 137
21264 137
21265 137
21266 137
21267 137
21268 137
21269 137
21270 137
21271 137
21272 137
21273 137
21274 137
21275 137
21276 137
21277 137
21278 137
21279 137
21280 137
21281 137
21282 137
21283 137
21284 137
21285 137
21286 137
21287 137
21288 137
21289 137
21290 137
21291 137
21292 137
21293 137
21294 137
21295 137
21296 137
21297 137
21298 137
21299 137
21300 137
21301 137
21302 137
21303 137
21304 137
21305 137
21306 137
21307 137
21308 137
21309 137
21310 137
21311 137
21312 137
21313 137
21314 137
21315 137
21316 137
21317 137
21318 137
21319 488
21320 137
21321 137
21322 137
21323 137
21324 137
21325 137
21326 137
21327 137
21328 137
21329 137
21330 488
21331 137
21332 137
21333 137
21334 137
21335 137
21336 61
21337 137
21338 137
21339 488
21340 137
21341 137
21342 137
21343 248
21344 248
21345 887
21346 137
21347 887
21348 887
21349 887
21350 887
21351 137
21352 137
21353 137
21354 137
21355 137
21356 137
21357 7
21358 137
21359 137
21360 137
21361 137
21362 137
21363 137
21364 137
21365 137
21366 137
21367 137
21368 137
21369 137
21370 137
21371 137
21372 137
21373 137
21374 137
21375 137
21376 137
21377 137
21378 137
21379 137
21380 7
21381 137
21382 752
21383 5
21384 5
21385 5
21386 61
21387 14
21388 14
21389 61
21390 61
21391 61
21392 61
21393 137
21394 137
21395 61
21396 61
21397 61
21398 61
21399 61
21400 752
21401 61
21402 61
21403 61
21404 61
21405 61
21406 61
21407 61
21408 61
21409 61
21410 61
21411 61
21412 61
21413 61
21414 61
21415 61
21416 61
21417 61
21418 61
21419 61
21420 61
21421 61
21422 61
21423 61
21424 61
21425 61
21426 61
21427 61
21428 61
21429 61
21430 61
21431 61
21432 61
21433 61
21434 752
21435 61
21436 61
21437 105
21438 105
21439 105
21440 105
21441 61
21442 61
21443 61
21444 137
21445 137
21446 137
21447 137
21448 61
21449 61
21450 61
21451 61
21452 61
21453 61
21454 61
21455 61
21456 61
21457 61
21458 61
21459 61
21460 61
21461 61
21462 61
21463 61
21464 61
21465 61
21466 752
21467 752
21468 61
21469 61
21470 752
21471 61
21472 752
21473 752
21474 7
21475 7
21476 7
21477 752
21478 752
21479 752
21480 752
21481 752
21482 752
21483 752
21484 752
21485 61
21486 752
21487 752
21488 61
21489 752
21490 752
21491 752
21492 752
21493 752
21494 752
21495 61
21496 752
21497 232
21498 752
21499 232
21500 752
21501 752
21502 752
21503 752
21504 232
21505 752
21506 61
21507 752
21508 752
21509 752
21510 232
21511 752
21512 752
21513 752
21514 752
21515 752
21516 232
21517 752
21518 232
21519 752
21520 752
21521 752
21522 752
21523 752
21524 752
21525 752
21526 232
21527 137
21528 137
21529 752
21530 137
21531 752
21532 752
21533 752
21534 752
21535 752
21536 752
21537 752
21538 752
21539 752
21540 752
21541 752
21542 752
21543 752
21544 232
21545 232
21546 752
21547 752
21548 752
21549 752
21550 137
21551 752
21552 752
21553 752
21554 232
21555 752
21556 137
21557 61
21558 752
21559 752
21560 752
21561 752
21562 752
21563 752
21564 752
21565 752
21566 752
21567 752
21568 752
21569 752
21570 752
21571 752
21572 752
21573 752
21574 752
21575 752
21576 752
21577 752
21578 752
21579 61
21580 61
21581 61
21582 61
21583 752
21584 752
21585 752
21586 752
21587 752
21588 752
21589 752
21590 752
21591 752
21592 752
21593 752
21594 752
21595 752
21596 137
21597 752
21598 752
21599 752
21600 752
21601 752
21602 752
21603 752
21604 752
21605 752
21606 752
21607 752
21608 752
21609 752
21610 752
21611 752
21612 752
21613 752
21614 752
21615 752
21616 752
21617 752
21618 752
21619 752
21620 237
21621 752
21622 752
21623 752
21624 61
21625 752
21626 12
21627 12
21628 752
21629 752
21630 752
21631 752
21632 752
21633 752
21634 752
21635 752
21636 752
21637 106
21638 61
21639 752
21640 61
21641 752
21642 752
21643 752
21644 752
21645 752
21646 237
21647 752
21648 752
21649 752
21650 12
21651 752
21652 752
21653 752
21654 752
21655 752
21656 752
21657 752
21658 752
21659 752
21660 752
21661 752
21662 752
21663 752
21664 752
21665 752
21666 752
21667 752
21668 752
21669 752
21670 752
21671 752
21672 752
21673 752
21674 61
21675 752
21676 752
21677 752
21678 61
21679 752
21680 752
21681 752
21682 752
21683 752
21684 752
21685 752
21686 752
21687 752
21688 752
21689 752
21690 752
21691 752
21692 752
21693 752
21694 752
21695 752
21696 752
21697 752
21698 752
21699 752
21700 752
21701 137
21702 752
21703 752
21704 752
21705 752
21706 61
21707 752
21708 1
21709 752
21710 752
21711 752
21712 752
21713 752
21714 752
21715 752
21716 752
21717 752
21718 752
21719 752
21720 752
21721 61
21722 61
21723 752
21724 752
21725 752
21726 752
21727 752
21728 752
21729 752
21730 752
21731 752
21732 752
21733 752
21734 752
21735 752
21736 752
21737 752
21738 752
21739 752
21740 752
21741 752
21742 752
21743 752
21744 752
21745 752
21746 752
21747 752
21748 752
21749 752
21750 752
21751 752
21752 752
21753 752
21754 752
21755 752
21756 752
21757 752
21758 752
21759 752
21760 752
21761 752
21762 752
21763 752
21764 1
21765 61
21766 752
21767 752
21768 752
21769 752
21770 752
21771 752
21772 752
21773 752
21774 752
21775 752
21776 752
21777 752
21778 752
21779 752
21780 752
21781 752
21782 752
21783 61
21784 752
21785 752
21786 1
21787 752
21788 752
21789 752
21790 752
21791 752
21792 752
21793 752
21794 752
21795 752
21796 752
21797 752
21798 752
21799 752
21800 752
21801 237
21802 752
21803 752
21804 752
21805 752
21806 752
21807 752
21808 752
21809 752
21810 752
21811 752
21812 752
21813 752
21814 752
21815 752
21816 752
21817 752
21818 752
21819 752
21820 752
21821 752
21822 752
21823 752
21824 752
21825 752
21826 752
21827 752
21828 752
21829 237
21830 752
21831 752
21832 752
21833 752
21834 752
21835 752
21836 752
21837 752
21838 752
21839 752
21840 752
21841 752
21842 752
21843 752
21844 752
21845 1
21846 752
21847 752
21848 752
21849 752
21850 752
21851 752
21852 752
21853 752
21854 752
21855 752
21856 752
21857 752
21858 752
21859 752
21860 752
21861 752
21862 752
21863 752
21864 752
21865 752
21866 752
21867 752
21868 752
21869 752
21870 752
21871 752
21872 752
21873 752
21874 752
21875 752
21876 752
21877 752
21878 752
21879 1
21880 752
21881 752
21882 752
21883 752
21884 752
21885 752
21886 752
21887 752
21888 752
21889 752
21890 752
21891 752
21892 752
21893 752
21894 752
21895 752
21896 752
21897 752
21898 752
21899 7
21900 752
21901 752
21902 752
21903 752
21904 752
21905 61
21906 752
21907 752
21908 752
21909 752
21910 752
21911 752
21912 752
21913 488
21914 752
21915 752
21916 752
21917 752
21918 1
21919 752
21920 752
21921 752
21922 61
21923 752
21924 752
21925 752
21926 752
21927 752
21928 752
21929 752
21930 752
21931 752
21932 752
21933 61
21934 752
21935 752
21936 752
21937 752
21938 752
21939 752
21940 1
21941 752
21942 752
21943 752
21944 752
21945 752
21946 752
21947 752
21948 752
21949 752
21950 752
21951 752
21952 752
21953 752
21954 752
21955 752
21956 236
21957 752
21958 752
21959 752
21960 752
21961 752
21962 752
21963 61
21964 752
21965 752
21966 237
21967 752
21968 752
21969 752
21970 752
21971 61
21972 752
21973 752
21974 61
21975 61
21976 61
21977 61
21978 61
21979 752
21980 752
21981 752
21982 752
21983 752
21984 752
21985 752
21986 752
21987 752
21988 752
21989 752
21990 752
21991 752
21992 752
21993 752
21994 752
21995 752
21996 752
21997 752
21998 752
21999 752
22000 61
22001 752
22002 752
22003 237
22004 752
22005 61
22006 107
22007 107
22008 107
22009 107
22010 752
22011 61
22012 61
22013 61
22014 61
22015 61
22016 61
22017 61
22018 61
22019 61
22020 301
22021 61
22022 61
22023 61
22024 301
22025 301
22026 61
22027 61
22028 61
22029 61
22030 61
22031 61
22032 61
22033 752
22034 752
22035 61
22036 752
22037 4
22038 108
22039 108
22040 108
22041 108
22042 108
22043 61
22044 61
22045 61
22046 137
22047 137
22048 137
22049 61
22050 752
22051 752
22052 14
22053 14
22054 752
22055 752
22056 752
22057 752
22058 752
22059 752
22060 752
22061 61
22062 752
22063 61
22064 61
22065 61
22066 61
22067 61
22068 61
22069 61
22070 61
22071 61
22072 137
22073 137
22074 137
22075 137
22076 752
22077 752
22078 752
22079 752
22080 752
22081 752
22082 752
22083 752
22084 752
22085 752
22086 752
22087 752
22088 61
22089 61
22090 61
22091 752
22092 752
22093 752
22094 752
22095 752
22096 752
22097 752
22098 752
22099 61
22100 95
22101 752
22102 752
22103 752
22104 752
22105 752
22106 95
22107 61
22108 61
22109 61
22110 61
22111 61
22112 61
22113 61
22114 752
22115 268
22116 268
22117 268
22118 268
22119 752
22120 752
22121 61
22122 752
22123 752
22124 752
22125 752
22126 61
22127 61
22128 61
22129 61
22130 752
22131 752
22132 752
22133 61
22134 61
22135 61
22136 61
22137 61
22138 61
22139 752
22140 752
22141 137
22142 137
22143 61
22144 61
22145 61
22146 752
22147 137
22148 137
22149 137
22150 752
22151 61
22152 752
22153 137
22154 137
22155 752
22156 752
22157 752
22158 752
22159 14
22160 14
22161 14
22162 137
22163 137
22164 137
22165 137
22166 137
22167 137
22168 752
22169 61
22170 61
22171 61
22172 109
22173 109
22174 109
22175 752
22176 61
22177 61
22178 61
22179 61
22180 61
22181 61
22182 61
22183 61
22184 61
22185 61
22186 61
22187 61
22188 61
22189 61
22190 61
22191 61
22192 61
22193 61
22194 61
22195 61
22196 61
22197 61
22198 752
22199 752
22200 752
22201 61
22202 61
22203 61
22204 110
22205 61
22206 61
22207 61
22208 61
22209 61
22210 61
22211 61
22212 61
22213 61
22214 61
22215 61
22216 61
22217 61
22218 61
22219 61
22220 61
22221 110
22222 110
22223 110
22224 61
22225 61
22226 61
22227 61
22228 61
22229 61
22230 61
22231 61
22232 61
22233 61
22234 61
22235 61
22236 61
22237 61
22238 61
22239 61
22240 61
22241 61
22242 110
22243 110
22244 61
22245 455
22246 752
22247 752
22248 61
22249 61
22250 61
22251 752
22252 752
22253 61
22254 61
22255 61
22256 61
22257 61
22258 61
22259 61
22260 61
22261 61
22262 61
22263 61
22264 61
22265 61
22266 61
22267 61
22268 61
22269 61
22270 61
22271 61
22272 61
22273 61
22274 61
22275 61
22276 61
22277 61
22278 61
22279 61
22280 61
22281 61
22282 61
22283 61
22284 61
22285 110
22286 110
22287 110
22288 61
22289 61
22290 61
22291 61
22292 61
22293 61
22294 61
22295 61
22296 61
22297 61
22298 61
22299 61
22300 61
22301 455
22302 61
22303 61
22304 61
22305 61
22306 61
22307 61
22308 61
22309 61
22310 752
22311 61
22312 61
22313 61
22314 61
22315 61
22316 61
22317 61
22318 61
22319 61
22320 61
22321 61
22322 61
22323 61
22324 61
22325 61
22326 61
22327 61
22328 61
22329 61
22330 61
22331 61
22332 61
22333 61
22334 61
22335 61
22336 61
22337 61
22338 61
22339 61
22340 752
22341 4
22342 752
22343 61
22344 95
22345 752
22346 137
22347 137
22348 61
22349 137
22350 137
22351 137
22352 137
22353 61
22354 61
22355 61
22356 137
22357 137
22358 137
22359 137
22360 232
22361 232
22362 752
22363 61
22364 111
22365 111
22366 111
22367 752
22368 752
22369 752
22370 752
22371 752
22372 61
22373 61
22374 61
22375 0
22376 752
22377 752
22378 0
22379 752
22380 752
22381 752
22382 752
22383 137
22384 137
22385 61
22386 752
22387 112
22388 112
22389 112
22390 112
22391 61
22392 752
22393 61
22394 137
22395 137
22396 61
22397 61
22398 752
22399 752
22400 752
22401 61
22402 61
22403 137
22404 61
22405 61
22406 61
22407 61
22408 752
22409 752
22410 61
22411 61
22412 61
22413 95
22414 61
22415 752
22416 752
22417 752
22418 61
22419 61
22420 61
22421 61
22422 268
22423 268
22424 61
22425 61
22426 752
22427 752
22428 752
22429 752
22430 752
22431 752
22432 752
22433 752
22434 752
22435 137
22436 752
22437 752
22438 752
22439 752
22440 61
22441 61
22442 61
22443 137
22444 137
22445 137
22446 61
22447 61
22448 61
22449 61
22450 61
22451 61
22452 752
22453 752
22454 752
22455 752
22456 752
22457 61
22458 0
22459 752
22460 61
22461 4
22462 4
22463 61
22464 61
22465 61
22466 61
22467 61
22468 752
22469 752
22470 137
22471 752
22472 752
22473 752
22474 752
22475 752
22476 752
22477 61
22478 262
22479 61
22480 137
22481 61
22482 61
22483 61
22484 752
22485 28
22486 28
22487 28
22488 28
22489 113
22490 113
22491 17
22492 17
22493 17
22494 137
22495 137
22496 137
22497 752
22498 752
22499 4
22500 4
22501 752
22502 752
22503 61
22504 12
22505 12
22506 12
22507 137
22508 61
22509 61
22510 61
22511 268
22512 752
22513 752
22514 137
22515 752
22516 137
22517 137
22518 137
22519 137
22520 137
22521 137
22522 137
22523 752
22524 752
22525 137
22526 752
22527 752
22528 752
22529 137
22530 137
22531 137
22532 137
22533 137
22534 752
22535 752
22536 752
22537 752
22538 752
22539 752
22540 61
22541 61
22542 752
22543 752
22544 752
22545 61
22546 61
22547 61
22548 61
22549 61
22550 61
22551 61
22552 61
22553 61
22554 61
22555 61
22556 61
22557 61
22558 61
22559 61
22560 61
22561 61
22562 61
22563 61
22564 61
22565 61
22566 61
22567 61
22568 61
22569 61
22570 61
22571 61
22572 61
22573 61
22574 61
22575 61
22576 61
22577 752
22578 752
22579 752
22580 137
22581 137
22582 137
22583 61
22584 752
22585 752
22586 752
22587 752
22588 3
22589 114
22590 114
22591 137
22592 752
22593 752
22594 752
22595 137
22596 137
22597 137
22598 137
22599 137
22600 137
22601 137
22602 137
22603 14
22604 752
22605 61
22606 752
22607 752
22608 137
22609 61
22610 61
22611 61
22612 61
22613 61
22614 115
22615 115
22616 115
22617 115
22618 116
22619 116
22620 116
22621 116
22622 116
22623 116
22624 116
22625 116
22626 116
22627 116
22628 116
22629 116
22630 137
22631 137
22632 137
22633 137
22634 137
22635 752
22636 232
22637 752
22638 752
22639 752
22640 752
22641 752
22642 12
22643 752
22644 12
22645 752
22646 137
22647 2
22648 752
22649 12
22650 2
22651 137
22652 2
22653 752
22654 752
22655 2
22656 752
22657 752
22658 12
22659 12
22660 12
22661 752
22662 752
22663 12
22664 752
22665 752
22666 752
22667 752
22668 12
22669 12
22670 12
22671 752
22672 752
22673 752
22674 752
22675 752
22676 12
22677 752
22678 752
22679 2
22680 752
22681 752
22682 752
22683 752
22684 12
22685 752
22686 752
22687 12
22688 752
22689 752
22690 752
22691 752
22692 2
22693 752
22694 117
22695 752
22696 752
22697 752
22698 752
22699 137
22700 752
22701 61
22702 752
22703 752
22704 752
22705 752
22706 752
22707 752
22708 12
22709 752
22710 752
22711 752
22712 752
22713 752
22714 752
22715 752
22716 752
22717 752
22718 752
22719 752
22720 752
22721 12
22722 752
22723 752
22724 752
22725 752
22726 752
22727 752
22728 752
22729 752
22730 752
22731 2
22732 752
22733 752
22734 887
22735 752
22736 752
22737 752
22738 887
22739 752
22740 752
22741 752
22742 752
22743 887
22744 887
22745 887
22746 887
22747 887
22748 887
22749 887
22750 887
22751 887
22752 752
22753 12
22754 12
22755 752
22756 752
22757 14
22758 752
22759 752
22760 752
22761 137
22762 137
22763 137
22764 137
22765 752
22766 752
22767 752
22768 306
22769 137
22770 752
22771 752
22772 752
22773 752
22774 752
22775 752
22776 752
22777 752
22778 752
22779 752
22780 752
22781 752
22782 752
22783 752
22784 752
22785 752
22786 752
22787 752
22788 752
22789 488
22790 752
22791 752
22792 752
22793 752
22794 752
22795 752
22796 752
22797 752
22798 752
22799 752
22800 752
22801 306
22802 752
22803 3
22804 3
22805 752
22806 752
22807 232
22808 752
22809 752
22810 752
22811 752
22812 752
22813 752
22814 61
22815 61
22816 752
22817 752
22818 752
22819 752
22820 752
22821 752
22822 752
22823 752
22824 752
22825 752
22826 752
22827 752
22828 752
22829 752
22830 752
22831 752
22832 488
22833 752
22834 752
22835 752
22836 232
22837 752
22838 752
22839 752
22840 752
22841 752
22842 752
22843 752
22844 752
22845 752
22846 752
22847 752
22848 752
22849 137
22850 137
22851 752
22852 137
22853 752
22854 752
22855 752
22856 752
22857 752
22858 752
22859 752
22860 752
22861 752
22862 752
22863 752
22864 752
22865 752
22866 752
22867 752
22868 752
22869 305
22870 752
22871 752
22872 752
22873 752
22874 752
22875 137
22876 752
22877 752
22878 752
22879 752
22880 752
22881 752
22882 752
22883 752
22884 752
22885 752
22886 752
22887 752
22888 752
22889 752
22890 232
22891 232
22892 752
22893 752
22894 752
22895 752
22896 752
22897 137
22898 61
22899 61
22900 752
22901 752
22902 752
22903 137
22904 137
22905 752
22906 752
22907 752
22908 61
22909 752
22910 61
22911 61
22912 61
22913 61
22914 61
22915 61
22916 61
22917 118
22918 118
22919 752
22920 752
22921 752
22922 0
22923 0
22924 0
22925 0
22926 0
22927 0
22928 61
22929 0
22930 0
22931 0
22932 0
22933 0
22934 488
22935 0
22936 0
22937 0
22938 0
22939 0
22940 0
22941 0
22942 7
22943 0
22944 0
22945 0
22946 0
22947 0
22948 0
22949 0
22950 0
22951 0
22952 0
22953 0
22954 0
22955 0
22956 0
22957 0
22958 0
22959 0
22960 0
22961 0
22962 0
22963 0
22964 0
22965 0
22966 0
22967 0
22968 0
22969 0
22970 0
22971 887
22972 0
22973 0
22974 0
22975 0
22976 0
22977 0
22978 0
22979 0
22980 61
22981 0
22982 0
22983 0
22984 0
22985 0
22986 0
22987 0
22988 0
22989 0
22990 0
22991 0
22992 0
22993 0
22994 0
22995 0
22996 0
22997 0
22998 0
22999 0
23000 0
23001 0
23002 0
23003 0
23004 0
23005 0
23006 0
23007 61
23008 137
23009 137
23010 137
23011 752
23012 752
23013 752
23014 61
23015 61
23016 61
23017 137
23018 3
23019 61
23020 61
23021 61
23022 61
23023 61
23024 61
23025 61
23026 61
23027 61
23028 61
23029 61
23030 61
23031 61
23032 61
23033 61
23034 61
23035 61
23036 61
23037 61
23038 61
23039 61
23040 61
23041 61
23042 61
23043 61
23044 61
23045 61
23046 61
23047 61
23048 61
23049 61
23050 61
23051 61
23052 61
23053 61
23054 61
23055 61
23056 61
23057 61
23058 61
23059 61
23060 61
23061 61
23062 61
23063 61
23064 61
23065 61
23066 61
23067 61
23068 61
23069 61
23070 61
23071 61
23072 61
23073 61
23074 61
23075 61
23076 61
23077 61
23078 61
23079 61
23080 61
23081 61
23082 61
23083 61
23084 61
23085 61
23086 61
23087 61
23088 61
23089 61
23090 61
23091 61
23092 61
23093 61
23094 61
23095 137
23096 61
23097 61
23098 61
23099 61
23100 752
23101 61
23102 137
23103 61
23104 887
23105 887
23106 887
23107 887
23108 887
23109 887
23110 61
23111 61
23112 137
23113 0
23114 137
23115 119
23116 119
23117 119
23118 119
23119 119
23120 119
23121 120
23122 120
23123 752
23124 61
23125 61
23126 61
23127 61
23128 61
23129 61
23130 61
23131 61
23132 61
23133 61
23134 61
23135 61
23136 61
23137 61
23138 61
23139 61
23140 61
23141 61
23142 61
23143 61
23144 61
23145 61
23146 61
23147 61
23148 61
23149 61
23150 61
23151 61
23152 61
23153 61
23154 61
23155 61
23156 61
23157 61
23158 61
23159 61
23160 61
23161 61
23162 61
23163 61
23164 61
23165 61
23166 61
23167 61
23168 61
23169 61
23170 61
23171 61
23172 61
23173 61
23174 61
23175 61
23176 61
23177 61
23178 61
23179 14
23180 61
23181 61
23182 61
23183 61
23184 61
23185 61
23186 61
23187 61
23188 61
23189 61
23190 61
23191 61
23192 61
23193 61
23194 61
23195 61
23196 61
23197 61
23198 61
23199 61
23200 61
23201 61
23202 61
23203 232
23204 137
23205 137
23206 61
23207 61
23208 61
23209 61
23210 61
23211 61
23212 752
23213 61
23214 61
23215 245
23216 245
23217 61
23218 61
23219 121
23220 121
23221 121
23222 121
23223 61
23224 61
23225 61
23226 61
23227 61
23228 61
23229 61
23230 61
23231 61
23232 61
23233 61
23234 61
23235 61
23236 61
23237 61
23238 61
23239 61
23240 752
23241 61
23242 61
23243 61
23244 61
23245 61
23246 61
23247 61
23248 61
23249 61
23250 61
23251 61
23252 61
23253 752
23254 61
23255 61
23256 61
23257 61
23258 61
23259 61
23260 61
23261 232
23262 232
23263 61
23264 245
23265 61
23266 61
23267 61
23268 61
23269 61
23270 61
23271 61
23272 61
23273 61
23274 7
23275 61
23276 61
23277 61
23278 61
23279 61
23280 61
23281 61
23282 137
23283 137
23284 137
23285 61
23286 61
23287 61
23288 137
23289 137
23290 137
23291 122
23292 122
23293 137
23294 137
23295 137
23296 137
23297 61
23298 137
23299 137
23300 137
23301 137
23302 137
23303 752
23304 301
23305 301
23306 137
23307 887
23308 887
23309 887
23310 137
23311 137
23312 137
23313 137
23314 137
23315 137
23316 137
23317 137
23318 137
23319 137
23320 137
23321 137
23322 137
23323 137
23324 137
23325 61
23326 137
23327 137
23328 137
23329 137
23330 137
23331 137
23332 137
23333 137
23334 137
23335 137
23336 61
23337 137
23338 137
23339 137
23340 137
23341 137
23342 752
23343 61
23344 61
23345 61
23346 61
23347 61
23348 61
23349 61
23350 61
23351 61
23352 61
23353 61
23354 61
23355 61
23356 61
23357 61
23358 61
23359 61
23360 61
23361 61
23362 61
23363 61
23364 61
23365 61
23366 61
23367 61
23368 61
23369 61
23370 61
23371 61
23372 61
23373 61
23374 61
23375 61
23376 61
23377 61
23378 61
23379 61
23380 61
23381 61
23382 61
23383 61
23384 61
23385 61
23386 61
23387 61
23388 61
23389 61
23390 61
23391 61
23392 61
23393 61
23394 61
23395 61
23396 61
23397 61
23398 61
23399 61
23400 61
23401 61
23402 61
23403 61
23404 61
23405 61
23406 61
23407 61
23408 61
23409 61
23410 61
23411 61
23412 61
23413 61
23414 61
23415 61
23416 61
23417 61
23418 61
23419 61
23420 61
23421 61
23422 61
23423 61
23424 61
23425 61
23426 61
23427 61
23428 61
23429 61
23430 61
23431 61
23432 61
23433 61
23434 61
23435 61
23436 61
23437 61
23438 61
23439 61
23440 61
23441 61
23442 61
23443 61
23444 61
23445 61
23446 61
23447 61
23448 61
23449 61
23450 61
23451 61
23452 61
23453 61
23454 61
23455 61
23456 61
23457 61
23458 61
23459 61
23460 61
23461 61
23462 61
23463 61
23464 61
23465 61
23466 61
23467 61
23468 61
23469 61
23470 61
23471 61
23472 61
23473 61
23474 61
23475 61
23476 61
23477 61
23478 61
23479 61
23480 61
23481 61
23482 61
23483 386
23484 386
23485 386
23486 61
23487 61
23488 61
23489 61
23490 386
23491 386
23492 386
23493 61
23494 61
23495 61
23496 386
23497 61
23498 61
23499 61
23500 61
23501 386
23502 61
23503 61
23504 61
23505 61
23506 61
23507 61
23508 61
23509 61
23510 61
23511 61
23512 61
23513 61
23514 386
23515 386
23516 61
23517 61
23518 386
23519 61
23520 61
23521 61
23522 61
23523 386
23524 61
23525 61
23526 61
23527 61
23528 61
23529 61
23530 61
23531 61
23532 61
23533 61
23534 386
23535 61
23536 61
23537 61
23538 61
23539 61
23540 61
23541 61
23542 61
23543 61
23544 61
23545 386
23546 61
23547 61
23548 61
23549 61
23550 61
23551 61
23552 61
23553 61
23554 61
23555 386
23556 386
23557 61
23558 61
23559 61
23560 61
23561 61
23562 61
23563 386
23564 386
23565 61
23566 61
23567 61
23568 61
23569 61
23570 61
23571 61
23572 61
23573 61
23574 61
23575 61
23576 61
23577 61
23578 61
23579 61
23580 61
23581 61
23582 61
23583 386
23584 61
23585 61
23586 61
23587 61
23588 61
23589 61
23590 61
23591 61
23592 61
23593 61
23594 61
23595 61
23596 61
23597 61
23598 61
23599 61
23600 61
23601 137
23602 61
23603 61
23604 61
23605 61
23606 61
23607 61
23608 61
23609 61
23610 61
23611 61
23612 61
23613 61
23614 61
23615 61
23616 61
23617 61
23618 61
23619 61
23620 61
23621 61
23622 752
23623 61
23624 61
23625 61
23626 232
23627 232
23628 61
23629 61
23630 61
23631 61
23632 61
23633 61
23634 61
23635 61
23636 61
23637 61
23638 61
23639 61
23640 61
23641 61
23642 61
23643 61
23644 61
23645 61
23646 0
23647 61
23648 123
23649 123
23650 123
23651 123
23652 123
23653 123
23654 123
23655 123
23656 123
23657 123
23658 123
23659 61
23660 61
23661 61
23662 61
23663 61
23664 61
23665 61
23666 61
23667 61
23668 61
23669 61
23670 61
23671 61
23672 61
23673 61
23674 61
23675 61
23676 61
23677 61
23678 61
23679 61
23680 61
23681 61
23682 61
23683 61
23684 61
23685 61
23686 61
23687 61
23688 61
23689 61
23690 61
23691 61
23692 61
23693 61
23694 61
23695 61
23696 61
23697 61
23698 61
23699 61
23700 61
23701 61
23702 61
23703 61
23704 61
23705 61
23706 61
23707 61
23708 61
23709 61
23710 61
23711 61
23712 61
23713 61
23714 61
23715 61
23716 61
23717 887
23718 887
23719 887
23720 887
23721 3
23722 3
23723 61
23724 61
23725 61
23726 61
23727 61
23728 61
23729 61
23730 61
23731 61
23732 61
23733 61
23734 61
23735 61
23736 61
23737 61
23738 61
23739 61
23740 61
23741 61
23742 61
23743 61
23744 61
23745 61
23746 61
23747 61
23748 61
23749 61
23750 61
23751 61
23752 61
23753 61
23754 61
23755 61
23756 61
23757 61
23758 61
23759 61
23760 61
23761 61
23762 61
23763 61
23764 61
23765 61
23766 61
23767 61
23768 61
23769 61
23770 61
23771 61
23772 61
23773 61
23774 61
23775 61
23776 61
23777 61
23778 61
23779 61
23780 61
23781 61
23782 61
23783 124
23784 124
23785 124
23786 61
23787 61
23788 61
23789 61
23790 61
23791 61
23792 61
23793 849
23794 61
23795 61
23796 61
23797 61
23798 61
23799 61
23800 61
23801 61
23802 823
23803 61
23804 61
23805 61
23806 61
23807 61
23808 311
23809 61
23810 311
23811 311
23812 61
23813 61
23814 61
23815 61
23816 61
23817 61
23818 855
23819 61
23820 61
23821 61
23822 61
23823 61
23824 61
23825 61
23826 61
23827 61
23828 61
23829 61
23830 61
23831 61
23832 61
23833 61
23834 61
23835 61
23836 61
23837 61
23838 61
23839 61
23840 61
23841 61
23842 61
23843 61
23844 61
23845 61
23846 61
23847 61
23848 61
23849 61
23850 61
23851 61
23852 61
23853 61
23854 61
23855 61
23856 61
23857 61
23858 61
23859 61
23860 61
23861 61
23862 61
23863 61
23864 61
23865 61
23866 61
23867 61
23868 61
23869 61
23870 61
23871 61
23872 61
23873 61
23874 61
23875 61
23876 61
23877 61
23878 61
23879 61
23880 61
23881 61
23882 61
23883 61
23884 61
23885 61
23886 61
23887 61
23888 61
23889 61
23890 61
23891 61
23892 61
23893 61
23894 61
23895 61
23896 61
23897 61
23898 61
23899 61
23900 61
23901 61
23902 61
23903 61
23904 61
23905 61
23906 752
23907 61
23908 61
23909 61
23910 61
23911 823
23912 61
23913 61
23914 61
23915 61
23916 61
23917 61
23918 61
23919 61
23920 61
23921 61
23922 61
23923 61
23924 61
23925 61
23926 823
23927 61
23928 61
23929 61
23930 61
23931 61
23932 61
23933 61
23934 61
23935 61
23936 61
23937 61
23938 61
23939 61
23940 61
23941 61
23942 61
23943 61
23944 61
23945 61
23946 61
23947 61
23948 61
23949 887
23950 61
23951 61
23952 61
23953 61
23954 61
23955 61
23956 61
23957 61
23958 61
23959 61
23960 218
23961 61
23962 61
23963 61
23964 61
23965 61
23966 61
23967 61
23968 137
23969 61
23970 61
23971 61
23972 61
23973 61
23974 61
23975 61
23976 61
23977 61
23978 61
23979 124
23980 61
23981 61
23982 61
23983 61
23984 61
23985 61
23986 61
23987 61
23988 61
23989 61
23990 61
23991 61
23992 61
23993 61
23994 61
23995 61
23996 61
23997 61
23998 61
23999 61
24000 61
24001 61
24002 61
24003 61
24004 61
24005 61
24006 61
24007 61
24008 61
24009 61
24010 61
24011 61
24012 61
24013 61
24014 61
24015 61
24016 61
24017 61
24018 61
24019 61
24020 310
24021 61
24022 61
24023 61
24024 61
24025 310
24026 61
24027 61
24028 61
24029 61
24030 61
24031 125
24032 125
24033 125
24034 4
24035 61
24036 61
24037 61
24038 61
24039 61
24040 61
24041 61
24042 61
24043 61
24044 61
24045 61
24046 61
24047 61
24048 61
24049 61
24050 126
24051 126
24052 61
24053 61
24054 40
24055 61
24056 824
24057 824
24058 95
24059 40
24060 61
24061 61
24062 61
24063 40
24064 61
24065 61
24066 61
24067 61
24068 61
24069 61
24070 3
24071 137
24072 137
24073 137
24074 61
24075 61
24076 61
24077 61
24078 61
24079 61
24080 61
24081 61
24082 61
24083 61
24084 61
24085 61
24086 61
24087 61
24088 61
24089 61
24090 61
24091 61
24092 95
24093 61
24094 61
24095 61
24096 61
24097 232
24098 61
24099 95
24100 61
24101 61
24102 61
24103 95
24104 61
24105 752
24106 752
24107 752
24108 61
24109 61
24110 61
24111 61
24112 61
24113 61
24114 61
24115 61
24116 61
24117 61
24118 61
24119 61
24120 61
24121 61
24122 61
24123 752
24124 95
24125 0
24126 61
24127 61
24128 61
24129 61
24130 61
24131 61
24132 61
24133 61
24134 61
24135 61
24136 61
24137 61
24138 61
24139 61
24140 61
24141 61
24142 0
24143 0
24144 0
24145 0
24146 0
24147 0
24148 0
24149 0
24150 0
24151 0
24152 0
24153 0
24154 0
24155 0
24156 0
24157 0
24158 0
24159 0
24160 0
24161 0
24162 0
24163 0
24164 0
24165 0
24166 0
24167 0
24168 0
24169 3
24170 0
24171 0
24172 0
24173 0
24174 0
24175 0
24176 0
24177 0
24178 61
24179 61
24180 0
24181 0
24182 0
24183 0
24184 0
24185 0
24186 386
24187 0
24188 61
24189 0
24190 0
24191 0
24192 0
24193 61
24194 0
24195 0
24196 0
24197 0
24198 0
24199 0
24200 0
24201 0
24202 0
24203 0
24204 0
24205 0
24206 0
24207 0
24208 0
24209 0
24210 0
24211 0
24212 0
24213 0
24214 0
24215 0
24216 0
24217 0
24218 0
24219 0
24220 0
24221 0
24222 0
24223 0
24224 0
24225 0
24226 0
24227 0
24228 0
24229 0
24230 0
24231 0
24232 0
24233 0
24234 0
24235 0
24236 0
24237 0
24238 0
24239 0
24240 0
24241 61
24242 0
24243 0
24244 0
24245 0
24246 0
24247 0
24248 0
24249 0
24250 0
24251 0
24252 0
24253 0
24254 0
24255 0
24256 0
24257 0
24258 0
24259 0
24260 0
24261 0
24262 0
24263 0
24264 0
24265 0
24266 0
24267 0
24268 0
24269 0
24270 0
24271 0
24272 61
24273 12
24274 0
24275 0
24276 0
24277 0
24278 0
24279 0
24280 0
24281 0
24282 0
24283 61
24284 0
24285 0
24286 0
24287 0
24288 0
24289 0
24290 0
24291 0
24292 0
24293 0
24294 0
24295 0
24296 0
24297 0
24298 0
24299 0
24300 0
24301 752
24302 0
24303 0
24304 0
24305 0
24306 0
24307 0
24308 0
24309 0
24310 0
24311 0
24312 0
24313 0
24314 0
24315 0
24316 0
24317 0
24318 0
24319 0
24320 0
24321 0
24322 0
24323 0
24324 0
24325 0
24326 0
24327 0
24328 0
24329 0
24330 0
24331 0
24332 0
24333 0
24334 0
24335 0
24336 0
24337 0
24338 0
24339 0
24340 0
24341 0
24342 0
24343 0
24344 0
24345 61
24346 0
24347 0
24348 0
24349 61
24350 0
24351 0
24352 0
24353 0
24354 0
24355 0
24356 0
24357 0
24358 0
24359 0
24360 0
24361 0
24362 0
24363 0
24364 0
24365 61
24366 3
24367 0
24368 0
24369 137
24370 137
24371 488
24372 61
24373 61
24374 12
24375 488
24376 61
24377 488
24378 61
24379 61
24380 61
24381 61
24382 61
24383 61
24384 61
24385 61
24386 61
24387 61
24388 61
24389 61
24390 61
24391 488
24392 488
24393 61
24394 61
24395 3
24396 61
24397 61
24398 61
24399 3
24400 61
24401 61
24402 61
24403 61
24404 12
24405 61
24406 61
24407 61
24408 61
24409 61
24410 61
24411 61
24412 868
24413 61
24414 61
24415 488
24416 61
24417 488
24418 488
24419 61
24420 61
24421 61
24422 0
24423 0
24424 0
24425 0
24426 0
24427 0
24428 0
24429 0
24430 0
24431 0
24432 0
24433 0
24434 0
24435 4
24436 4
24437 4
24438 0
24439 0
24440 0
24441 0
24442 0
24443 308
24444 61
24445 0
24446 0
24447 0
24448 61
24449 61
24450 887
24451 61
24452 0
24453 0
24454 0
24455 0
24456 0
24457 0
24458 0
24459 0
24460 0
24461 137
24462 0
24463 3
24464 7
24465 127
24466 127
24467 137
24468 137
24469 137
24470 137
24471 137
24472 137
24473 137
24474 137
24475 137
24476 137
24477 137
24478 137
24479 137
24480 137
24481 137
24482 137
24483 137
24484 137
24485 137
24486 61
24487 137
24488 137
24489 137
24490 137
24491 137
24492 137
24493 137
24494 137
24495 137
24496 137
24497 137
24498 137
24499 137
24500 137
24501 137
24502 137
24503 137
24504 137
24505 137
24506 137
24507 137
24508 137
24509 137
24510 137
24511 137
24512 137
24513 137
24514 137
24515 137
24516 137
24517 137
24518 137
24519 137
24520 137
24521 137
24522 137
24523 137
24524 137
24525 137
24526 137
24527 137
24528 137
24529 752
24530 61
24531 137
24532 137
24533 137
24534 137
24535 137
24536 137
24537 137
24538 137
24539 137
24540 137
24541 137
24542 137
24543 137
24544 137
24545 137
24546 137
24547 137
24548 137
24549 752
24550 137
24551 137
24552 137
24553 137
24554 137
24555 137
24556 230
24557 137
24558 137
24559 61
24560 137
24561 137
24562 137
24563 137
24564 137
24565 137
24566 137
24567 137
24568 137
24569 137
24570 137
24571 137
24572 137
24573 268
24574 137
24575 137
24576 137
24577 137
24578 137
24579 137
24580 137
24581 137
24582 137
24583 137
24584 137
24585 137
24586 137
24587 137
24588 137
24589 137
24590 137
24591 137
24592 137
24593 137
24594 137
24595 137
24596 137
24597 268
24598 752
24599 61
24600 61
24601 61
24602 61
24603 752
24604 128
24605 128
24606 128
24607 128
24608 61
24609 14
24610 752
24611 752
24612 752
24613 137
24614 137
24615 137
24616 752
24617 752
24618 752
24619 7
24620 752
24621 752
24622 752
24623 752
24624 752
24625 129
24626 129
24627 129
24628 752
24629 752
24630 752
24631 752
24632 752
24633 752
24634 752
24635 752
24636 752
24637 12
24638 12
24639 752
24640 61
24641 61
24642 61
24643 61
24644 232
24645 752
24646 232
24647 232
24648 232
24649 232
24650 232
24651 232
24652 752
24653 752
24654 752
24655 752
24656 752
24657 752
24658 137
24659 61
24660 752
24661 14
24662 752
24663 752
24664 752
24665 137
24666 137
24667 752
24668 137
24669 130
24670 130
24671 130
24672 61
24673 61
24674 61
24675 131
24676 131
24677 131
24678 131
24679 752
24680 752
24681 232
24682 232
24683 232
24684 232
24685 232
24686 232
24687 232
24688 232
24689 232
24690 232
24691 232
24692 232
24693 232
24694 232
24695 232
24696 232
24697 232
24698 232
24699 232
24700 232
24701 752
24702 61
24703 61
24704 61
24705 61
24706 16
24707 16
24708 752
24709 61
24710 752
24711 823
24712 823
24713 823
24714 61
24715 249
24716 249
24717 249
24718 61
24719 0
24720 0
24721 0
24722 61
24723 473
24724 61
24725 61
24726 61
24727 61
24728 61
24729 61
24730 61
24731 61
24732 752
24733 752
24734 132
24735 132
24736 132
24737 132
24738 232
24739 232
24740 232
24741 232
24742 232
24743 232
24744 232
24745 232
24746 232
24747 232
24748 232
24749 232
24750 232
24751 232
24752 232
24753 232
24754 752
24755 752
24756 752
24757 14
24758 14
24759 61
24760 61
24761 61
24762 61
24763 61
24764 720
24765 720
24766 752
24767 752
24768 133
24769 133
24770 133
24771 133
24772 61
24773 61
24774 61
24775 61
24776 137
24777 137
24778 887
24779 887
24780 887
24781 887
24782 752
24783 752
24784 752
24785 752
24786 752
24787 218
24788 218
24789 218
24790 218
24791 218
24792 61
24793 752
24794 752
24795 752
24796 752
24797 134
24798 134
24799 61
24800 135
24801 135
24802 61
24803 61
24804 61
24805 61
24806 136
24807 136
24808 136
24809 136
24810 218
24811 218
24812 218
24813 218
24814 218
24815 218
24816 218
24817 218
24818 218
24819 218
24820 218
24821 218
24822 218
24823 218
24824 218
24825 218
24826 218
24827 218
24828 218
24829 218
24830 218
24831 218
24832 218
24833 218
24834 218
24835 218
24836 218
24837 218
24838 218
24839 218
24840 218
24841 218
24842 218
24843 218
24844 218
24845 218
24846 218
24847 218
24848 218
24849 218
24850 218
24851 218
24852 218
24853 218
24854 137
24855 218
24856 218
24857 218
24858 218
24859 218
24860 218
24861 218
24862 218
24863 218
24864 218
24865 218
24866 218
24867 218
24868 218
24869 218
24870 218
24871 218
24872 218
24873 218
24874 218
24875 218
24876 218
24877 218
24878 218
24879 218
24880 218
24881 138
24882 138
24883 138
24884 138
24885 138
24886 138
24887 218
24888 218
24889 218
24890 218
24891 218
24892 218
24893 218
24894 218
24895 218
24896 218
24897 218
24898 218
24899 218
24900 61
24901 61
24902 61
24903 61
24904 61
24905 61
24906 61
24907 61
24908 61
24909 61
24910 61
24911 488
24912 488
24913 488
24914 488
24915 488
24916 488
24917 488
24918 488
24919 488
24920 488
24921 137
24922 137
24923 137
24924 61
24925 61
24926 61
24927 61
24928 61
24929 0
24930 61
24931 61
24932 61
24933 61
24934 61
24935 137
24936 137
24937 137
24938 139
24939 139
24940 139
24941 140
24942 140
24943 140
24944 140
24945 140
24946 140
24947 140
24948 140
24949 140
24950 140
24951 140
24952 140
24953 140
24954 140
24955 140
24956 140
24957 140
24958 140
24959 140
24960 140
24961 140
24962 141
24963 141
24964 61
24965 61
24966 823
24967 61
24968 61
24969 61
24970 61
24971 61
24972 488
24973 488
24974 488
24975 488
24976 488
24977 488
24978 488
24979 488
24980 488
24981 488
24982 488
24983 488
24984 488
24985 488
24986 488
24987 488
24988 488
24989 488
24990 488
24991 488
24992 61
24993 61
24994 61
24995 61
24996 61
24997 61
24998 61
24999 61
25000 61
25001 61
25002 61
25003 61
25004 61
25005 61
25006 61
25007 61
25008 61
25009 61
25010 61
25011 61
25012 61
25013 61
25014 61
25015 61
25016 61
25017 61
25018 61
25019 61
25020 823
25021 823
25022 823
25023 142
25024 142
25025 142
25026 142
25027 143
25028 143
25029 143
25030 144
25031 144
25032 144
25033 144
25034 144
25035 218
25036 145
25037 145
25038 145
25039 145
25040 140
25041 140
25042 140
25043 140
25044 61
25045 61
25046 61
25047 61
25048 61
25049 0
25050 0
25051 146
25052 146
25053 61
25054 61
25055 61
25056 61
25057 61
25058 61
25059 147
25060 147
25061 61
25062 61
25063 148
25064 148
25065 148
25066 148
25067 61
25068 61
25069 61
25070 61
25071 301
25072 61
25073 61
25074 61
25075 61
25076 61
25077 823
25078 823
25079 61
25080 61
25081 61
25082 887
25083 218
25084 218
25085 218
25086 218
25087 218
25088 218
25089 218
25090 218
25091 218
25092 218
25093 218
25094 218
25095 218
25096 218
25097 218
25098 218
25099 218
25100 137
25101 386
25102 218
25103 218
25104 218
25105 218
25106 218
25107 218
25108 218
25109 218
25110 218
25111 218
25112 218
25113 218
25114 218
25115 218
25116 218
25117 218
25118 218
25119 218
25120 218
25121 218
25122 218
25123 218
25124 386
25125 218
25126 218
25127 218
25128 218
25129 218
25130 218
25131 218
25132 218
25133 218
25134 218
25135 61
25136 61
25137 61
25138 14
25139 14
25140 14
25141 61
25142 61
25143 61
25144 61
25145 61
25146 61
25147 61
25148 149
25149 149
25150 137
25151 61
25152 61
25153 61
25154 61
25155 61
25156 486
25157 486
25158 486
25159 61
25160 61
25161 61
25162 486
25163 486
25164 486
25165 61
25166 61
25167 61
25168 61
25169 61
25170 61
25171 61
25172 61
25173 61
25174 61
25175 61
25176 61
25177 61
25178 61
25179 61
25180 61
25181 61
25182 61
25183 61
25184 61
25185 61
25186 61
25187 61
25188 61
25189 61
25190 61
25191 61
25192 61
25193 61
25194 61
25195 61
25196 61
25197 61
25198 61
25199 61
25200 61
25201 61
25202 61
25203 61
25204 61
25205 61
25206 61
25207 61
25208 61
25209 61
25210 61
25211 61
25212 61
25213 61
25214 61
25215 488
25216 137
25217 61
25218 61
25219 61
25220 61
25221 61
25222 61
25223 61
25224 61
25225 61
25226 61
25227 61
25228 61
25229 61
25230 61
25231 61
25232 61
25233 61
25234 61
25235 61
25236 61
25237 487
25238 61
25239 61
25240 61
25241 61
25242 887
25243 61
25244 61
25245 61
25246 887
25247 61
25248 61
25249 61
25250 61
25251 61
25252 61
25253 61
25254 61
25255 61
25256 61
25257 61
25258 61
25259 3
25260 61
25261 61
25262 61
25263 61
25264 61
25265 61
25266 61
25267 61
25268 61
25269 61
25270 335
25271 61
25272 61
25273 61
25274 61
25275 61
25276 61
25277 61
25278 61
25279 61
25280 61
25281 61
25282 61
25283 61
25284 61
25285 61
25286 61
25287 61
25288 61
25289 61
25290 61
25291 61
25292 61
25293 61
25294 61
25295 61
25296 61
25297 61
25298 4
25299 150
25300 150
25301 150
25302 12
25303 12
25304 0
25305 137
25306 137
25307 752
25308 137
25309 137
25310 488
25311 151
25312 151
25313 151
25314 151
25315 151
25316 152
25317 152
25318 61
25319 61
25320 301
25321 301
25322 301
25323 301
25324 301
25325 301
25326 301
25327 153
25328 153
25329 153
25330 4
25331 154
25332 154
25333 155
25334 155
25335 488
25336 156
25337 156
25338 61
25339 61
25340 386
25341 386
25342 386
25343 386
25344 61
25345 61
25346 61
25347 61
25348 157
25349 157
25350 158
25351 158
25352 159
25353 159
25354 159
25355 159
25356 159
25357 160
25358 160
25359 160
25360 161
25361 161
25362 162
25363 162
25364 163
25365 163
25366 164
25367 164
25368 165
25369 165
25370 166
25371 166
25372 167
25373 167
25374 168
25375 168
25376 168
25377 168
25378 168
25379 168
25380 169
25381 169
25382 170
25383 170
25384 171
25385 171
25386 172
25387 172
25388 173
25389 173
25390 174
25391 174
25392 175
25393 175
25394 175
25395 175
25396 175
25397 176
25398 176
25399 176
25400 177
25401 177
25402 178
25403 178
25404 178
25405 178
25406 179
25407 179
25408 180
25409 180
25410 181
25411 181
25412 182
25413 182
25414 182
25415 183
25416 183
25417 184
25418 184
25419 185
25420 185
25421 186
25422 186
25423 187
25424 187
25425 188
25426 188
25427 188
25428 189
25429 189
25430 190
25431 190
25432 190
25433 190
25434 190
25435 191
25436 191
25437 192
25438 192
25439 193
25440 193
25441 194
25442 194
25443 194
25444 195
25445 195
25446 196
25447 196
25448 197
25449 197
25450 198
25451 198
25452 198
25453 199
25454 199
25455 200
25456 200
25457 140
25458 140
25459 201
25460 201
25461 202
25462 202
25463 203
25464 203
25465 752
25466 218
25467 218
25468 218
25469 218
25470 218
25471 218
25472 218
25473 204
25474 204
25475 218
25476 218
25477 218
25478 218
25479 218
25480 823
25481 752
25482 61
25483 61
25484 137
25485 488
25486 488
25487 488
25488 488
25489 488
25490 488
25491 488
25492 137
25493 137
25494 137
25495 137
25496 137
25497 137
25498 137
25499 137
25500 137
25501 137
25502 5
25503 5
25504 5
25505 5
25506 5
25507 5
25508 5
25509 5
25510 5
25511 5
25512 5
25513 5
25514 5
25515 5
25516 5
25517 5
25518 5
25519 5
25520 5
25521 5
25522 5
25523 5
25524 5
25525 205
25526 205
25527 206
25528 206
25529 137
25530 137
25531 137
25532 137
25533 137
25534 137
25535 207
25536 207
25537 137
25538 208
25539 208
25540 208
25541 208
25542 208
25543 208
25544 208
25545 208
25546 208
25547 208
25548 209
25549 209
25550 210
25551 210
25552 137
25553 137
25554 137
25555 211
25556 211
25557 211
25558 211
25559 212
25560 212
25561 212
25562 212
25563 0
25564 137
25565 137
25566 137
25567 61
25568 752
25569 137
25570 137
25571 823
25572 823
25573 823
25574 823
25575 752
25576 61
25577 61
25578 14
25579 61
25580 752
25581 14
25582 752
25583 752
25584 752
25585 232
25586 232
25587 232
25588 3
25589 3
25590 3
25591 3
25592 3
25593 752
25594 213
25595 213
25596 213
25597 488
25598 488
25599 488
25600 232
25601 232
25602 232
25603 232
25604 232
25605 232
25606 752
25607 752
25608 752
25609 137
25610 137
25611 137
25612 137
25613 137
25614 752
25615 752
25616 752
25617 752
25618 137
25619 137
25620 213
25621 213
25622 752
25623 61
25624 752
25625 752
25626 61
25627 377
25628 752
25629 752
25630 752
25631 752
25632 752
25633 752
25634 752
25635 752
25636 752
25637 137
25638 232
25639 232
25640 232
25641 61
25642 61
25643 61
25644 752
25645 61
25646 137
25647 137
25648 137
25649 137
25650 137
25651 137
25652 214
25653 214
25654 215
25655 215
25656 215
25657 215
25658 3
25659 137
25660 14
25661 14
25662 14
25663 14
25664 14
25665 14
25666 14
25667 14
25668 14
25669 14
25670 14
25671 14
25672 14
25673 14
25674 14
25675 14
25676 14
25677 14
25678 14
25679 14
25680 14
25681 14
25682 14
25683 14
25684 14
25685 14
25686 14
25687 14
25688 14
25689 61
25690 14
25691 14
25692 14
25693 14
25694 14
25695 14
25696 14
25697 14
25698 14
25699 14
25700 137
25701 14
25702 14
25703 14
25704 14
25705 14
25706 14
25707 14
25708 14
25709 14
25710 14
25711 14
25712 752
25713 14
25714 14
25715 14
25716 14
25717 14
25718 14
25719 14
25720 14
25721 14
25722 14
25723 14
25724 887
25725 887
25726 14
25727 14
25728 14
25729 14
25730 14
25731 137
25732 137
25733 137
25734 137
25735 137
25736 137
25737 137
25738 137
25739 137
25740 137
25741 137
25742 137
25743 137
25744 137
25745 14
25746 216
25747 216
25748 216
25749 14
25750 216
25751 14
25752 14
25753 14
25754 14
25755 14
25756 14
25757 14
25758 887
25759 887
25760 887
25761 887
25762 887
25763 887
25764 386
25765 386
25766 386
25767 386
25768 386
25769 386
25770 386
25771 386
25772 386
25773 61
25774 61
25775 61
25776 61
25777 217
25778 217
25779 14
25780 14
25781 14
25782 61
25783 61
25784 386
25785 386
25786 386
25787 386
25788 386
25789 386
25790 386
25791 386
25792 386
25793 386
25794 386
25795 386
25796 386
25797 386
25798 386
25799 386
25800 386
25801 386
25802 386
25803 386
25804 386
25805 386
25806 386
25807 386
25808 386
25809 386
25810 386
25811 386
25812 386
25813 386
25814 386
25815 386
25816 386
25817 386
25818 386
25819 386
25820 386
25821 386
25822 386
25823 386
25824 386
25825 386
25826 386
25827 386
25828 386
25829 386
25830 386
25831 386
25832 386
25833 386
25834 61
25835 219
25836 219
25837 219
25838 219
25839 61
25840 386
25841 386
25842 386
25843 386
25844 386
25845 386
25846 386
25847 386
25848 386
25849 386
25850 386
25851 386
25852 61
25853 61
25854 61
25855 752
25856 137
25857 220
25858 220
25859 220
25860 220
25861 220
25862 61
25863 386
25864 386
25865 386
25866 386
25867 386
25868 386
25869 386
25870 386
25871 386
25872 386
25873 386
25874 386
25875 386
25876 386
25877 386
25878 386
25879 386
25880 386
25881 386
25882 386
25883 386
25884 386
25885 386
25886 386
25887 61
25888 61
25889 61
25890 61
25891 61
25892 61
25893 61
25894 61
25895 61
25896 61
25897 61
25898 61
25899 61
25900 887
25901 61
25902 61
25903 61
25904 137
25905 7
25906 7
25907 7
25908 61
25909 61
25910 61
25911 823
25912 61
25913 61
25914 61
25915 61
25916 823
25917 61
25918 61
25919 61
25920 61
25921 887
25922 823
25923 61
25924 61
25925 61
25926 61
25927 61
25928 823
25929 61
25930 61
25931 61
25932 823
25933 823
25934 61
25935 61
25936 61
25937 61
25938 61
25939 61
25940 61
25941 137
25942 61
25943 61
25944 61
25945 61
25946 887
25947 823
25948 823
25949 61
25950 61
25951 61
25952 61
25953 61
25954 61
25955 61
25956 61
25957 61
25958 61
25959 61
25960 61
25961 61
25962 61
25963 61
25964 887
25965 887
25966 61
25967 61
25968 61
25969 61
25970 823
25971 823
25972 823
25973 14
25974 14
25975 14
25976 221
25977 221
25978 221
25979 221
25980 221
25981 221
25982 221
25983 221
25984 221
25985 752
25986 222
25987 222
25988 222
25989 222
25990 223
25991 61
25992 61
25993 0
25994 61
25995 61
25996 61
25997 224
25998 224
25999 224
26000 224
26001 224
26002 224
26003 224
26004 61
26005 61
26006 61
26007 18
26008 18
26009 18
26010 18
26011 18
26012 18
26013 18
26014 18
26015 18
26016 18
26017 18
26018 18
26019 18
26020 18
26021 18
26022 18
26023 18
26024 18
26025 18
26026 18
26027 18
26028 18
26029 18
26030 18
26031 18
26032 18
26033 18
26034 18
26035 18
26036 18
26037 18
26038 18
26039 18
26040 18
26041 18
26042 18
26043 18
26044 18
26045 18
26046 18
26047 18
26048 18
26049 18
26050 18
26051 18
26052 18
26053 18
26054 18
26055 18
26056 18
26057 18
26058 18
26059 18
26060 18
26061 18
26062 18
26063 18
26064 18
26065 18
26066 18
26067 18
26068 18
26069 18
26070 18
26071 18
26072 18
26073 137
26074 137
26075 137
26076 137
26077 137
26078 137
26079 137
26080 137
26081 137
26082 137
26083 137
26084 137
26085 137
26086 137
26087 137
26088 137
26089 137
26090 130
26091 137
26092 137
26093 137
26094 137
26095 137
26096 137
26097 137
26098 137
26099 137
26100 137
26101 137
26102 137
26103 137
26104 137
26105 137
26106 137
26107 137
26108 137
26109 137
26110 137
26111 137
26112 137
26113 137
26114 137
26115 137
26116 137
26117 137
26118 137
26119 137
26120 61
26121 137
26122 137
26123 137
26124 137
26125 231
26126 137
26127 61
26128 137
26129 137
26130 137
26131 137
26132 137
26133 137
26134 137
26135 137
26136 137
26137 231
26138 137
26139 137
26140 137
26141 231
26142 249
26143 249
26144 249
26145 249
26146 249
26147 249
26148 249
26149 249
26150 249
26151 249
26152 249
26153 225
26154 225
26155 225
26156 225
26157 225
26158 225
26159 225
26160 225
26161 249
26162 249
26163 249
26164 249
26165 137
26166 137
26167 137
26168 137
26169 137
26170 226
26171 226
26172 226
26173 226
26174 226
26175 137
26176 137
26177 137
26178 137
26179 137
26180 137
26181 137
26182 137
26183 137
26184 137
26185 137
26186 137
26187 137
26188 137
26189 137
26190 137
26191 137
26192 137
26193 137
26194 137
26195 137
26196 137
26197 137
26198 137
26199 137
26200 137
26201 137
26202 137
26203 137
26204 137
26205 137
26206 137
26207 137
26208 137
26209 137
26210 137
26211 137
26212 137
26213 137
26214 137
26215 137
26216 137
26217 137
26218 137
26219 249
26220 249
26221 137
26222 249
26223 249
26224 249
26225 249
26226 249
26227 249
26228 249
26229 137
26230 137
26231 137
26232 137
26233 137
26234 61
26235 227
26236 227
26237 227
26238 218
26239 218
26240 218
26241 218
26242 7
26243 7
26244 7
26245 7
26246 7
26247 61
26248 61
26249 7
26250 7
26251 7
26252 61
26253 61
26254 61
26255 61
26256 61
26257 61
26258 61
26259 61
26260 61
26261 61
26262 61
26263 61
26264 61
26265 228
26266 228
26267 229
26268 229
26269 7
26270 230
26271 230
26272 231
26273 231
26274 232
26275 232
26276 232
26277 232
26278 232
26279 232
26280 0
26281 0
26282 0
26283 233
26284 233
26285 40
26286 40
26287 40
26288 40
26289 234
26290 234
26291 235
26292 235
26293 236
26294 236
26295 237
26296 237
26297 238
26298 238
26299 239
26300 239
26301 239
26302 239
26303 240
26304 240
26305 241
26306 241
26307 242
26308 242
26309 243
26310 243
26311 244
26312 244
26313 245
26314 245
26315 246
26316 246
26317 488
26318 488
26319 488
26320 61
26321 823
26322 823
26323 823
26324 823
26325 823
26326 823
26327 823
26328 823
26329 823
26330 823
26331 823
26332 823
26333 823
26334 823
26335 823
26336 823
26337 823
26338 823
26339 823
26340 823
26341 823
26342 823
26343 823
26344 823
26345 823
26346 137
26347 137
26348 247
26349 247
26350 247
26351 248
26352 248
26353 248
26354 248
26355 248
26356 248
26357 248
26358 248
26359 248
26360 248
26361 248
26362 248
26363 248
26364 248
26365 248
26366 248
26367 248
26368 248
26369 248
26370 248
26371 248
26372 248
26373 248
26374 248
26375 248
26376 248
26377 248
26378 137
26379 137
26380 137
26381 137
26382 137
26383 137
26384 823
26385 137
26386 137
26387 137
26388 137
26389 137
26390 137
26391 823
26392 823
26393 823
26394 137
26395 823
26396 823
26397 137
26398 137
26399 137
26400 137
26401 137
26402 137
26403 137
26404 137
26405 137
26406 137
26407 137
26408 137
26409 137
26410 137
26411 137
26412 137
26413 137
26414 137
26415 137
26416 137
26417 823
26418 137
26419 137
26420 137
26421 137
26422 137
26423 137
26424 137
26425 823
26426 248
26427 137
26428 137
26429 137
26430 137
26431 137
26432 137
26433 137
26434 137
26435 823
26436 137
26437 137
26438 137
26439 137
26440 137
26441 137
26442 137
26443 137
26444 137
26445 137
26446 137
26447 137
26448 823
26449 137
26450 137
26451 137
26452 823
26453 823
26454 823
26455 137
26456 137
26457 137
26458 137
26459 137
26460 137
26461 137
26462 137
26463 137
26464 137
26465 137
26466 137
26467 137
26468 137
26469 248
26470 137
26471 137
26472 137
26473 137
26474 137
26475 137
26476 137
26477 137
26478 137
26479 137
26480 137
26481 137
26482 137
26483 137
26484 137
26485 137
26486 137
26487 137
26488 248
26489 137
26490 137
26491 823
26492 137
26493 137
26494 137
26495 137
26496 137
26497 137
26498 823
26499 823
26500 823
26501 823
26502 823
26503 137
26504 137
26505 137
26506 137
26507 823
26508 823
26509 823
26510 823
26511 823
26512 823
26513 823
26514 823
26515 823
26516 823
26517 823
26518 823
26519 823
26520 823
26521 248
26522 248
26523 248
26524 248
26525 248
26526 248
26527 248
26528 248
26529 248
26530 823
26531 823
26532 823
26533 823
26534 823
26535 823
26536 137
26537 137
26538 137
26539 137
26540 137
26541 137
26542 137
26543 137
26544 137
26545 137
26546 137
26547 137
26548 137
26549 137
26550 137
26551 137
26552 137
26553 137
26554 137
26555 137
26556 137
26557 137
26558 137
26559 137
26560 137
26561 137
26562 137
26563 137
26564 137
26565 137
26566 248
26567 248
26568 248
26569 248
26570 248
26571 248
26572 248
26573 248
26574 248
26575 248
26576 248
26577 248
26578 248
26579 248
26580 248
26581 248
26582 248
26583 248
26584 248
26585 248
26586 248
26587 248
26588 248
26589 248
26590 248
26591 248
26592 248
26593 248
26594 248
26595 248
26596 137
26597 137
26598 137
26599 137
26600 137
26601 137
26602 137
26603 12
26604 137
26605 137
26606 137
26607 137
26608 690
26609 690
26610 690
26611 690
26612 690
26613 137
26614 137
26615 137
26616 137
26617 137
26618 137
26619 137
26620 137
26621 12
26622 137
26623 232
26624 137
26625 137
26626 137
26627 137
26628 137
26629 137
26630 137
26631 137
26632 137
26633 12
26634 137
26635 137
26636 137
26637 690
26638 137
26639 137
26640 137
26641 12
26642 137
26643 137
26644 137
26645 137
26646 137
26647 137
26648 137
26649 137
26650 137
26651 137
26652 137
26653 137
26654 137
26655 137
26656 137
26657 823
26658 137
26659 137
26660 137
26661 137
26662 137
26663 137
26664 137
26665 823
26666 823
26667 823
26668 823
26669 823
26670 823
26671 248
26672 248
26673 248
26674 248
26675 248
26676 248
26677 248
26678 248
26679 248
26680 248
26681 248
26682 248
26683 248
26684 248
26685 248
26686 248
26687 248
26688 248
26689 248
26690 248
26691 248
26692 248
26693 248
26694 248
26695 137
26696 137
26697 248
26698 823
26699 248
26700 248
26701 248
26702 248
26703 248
26704 248
26705 248
26706 248
26707 248
26708 823
26709 248
26710 248
26711 248
26712 248
26713 248
26714 248
26715 248
26716 248
26717 248
26718 248
26719 248
26720 248
26721 248
26722 248
26723 248
26724 248
26725 248
26726 248
26727 137
26728 823
26729 823
26730 823
26731 61
26732 137
26733 137
26734 137
26735 137
26736 823
26737 823
26738 823
26739 137
26740 137
26741 137
26742 137
26743 232
26744 137
26745 137
26746 137
26747 137
26748 137
26749 137
26750 137
26751 137
26752 137
26753 137
26754 137
26755 0
26756 137
26757 234
26758 137
26759 137
26760 137
26761 234
26762 137
26763 137
26764 137
26765 137
26766 137
26767 137
26768 137
26769 137
26770 137
26771 137
26772 137
26773 137
26774 137
26775 137
26776 137
26777 137
26778 137
26779 137
26780 137
26781 137
26782 137
26783 137
26784 137
26785 137
26786 137
26787 137
26788 234
26789 137
26790 137
26791 137
26792 7
26793 137
26794 137
26795 61
26796 137
26797 137
26798 137
26799 137
26800 137
26801 137
26802 137
26803 248
26804 248
26805 248
26806 248
26807 248
26808 248
26809 248
26810 248
26811 248
26812 248
26813 248
26814 248
26815 248
26816 248
26817 248
26818 248
26819 248
26820 248
26821 248
26822 248
26823 248
26824 248
26825 248
26826 248
26827 248
26828 248
26829 248
26830 248
26831 248
26832 248
26833 248
26834 248
26835 248
26836 248
26837 248
26838 248
26839 248
26840 248
26841 248
26842 248
26843 248
26844 248
26845 248
26846 248
26847 248
26848 248
26849 248
26850 248
26851 248
26852 248
26853 248
26854 248
26855 248
26856 248
26857 248
26858 248
26859 248
26860 248
26861 248
26862 248
26863 248
26864 248
26865 248
26866 248
26867 248
26868 248
26869 248
26870 248
26871 248
26872 248
26873 248
26874 137
26875 137
26876 137
26877 248
26878 248
26879 248
26880 248
26881 248
26882 248
26883 248
26884 248
26885 248
26886 248
26887 248
26888 248
26889 248
26890 248
26891 248
26892 248
26893 248
26894 137
26895 137
26896 137
26897 248
26898 137
26899 137
26900 137
26901 137
26902 137
26903 137
26904 752
26905 248
26906 248
26907 248
26908 248
26909 248
26910 248
26911 248
26912 248
26913 248
26914 248
26915 248
26916 248
26917 248
26918 248
26919 248
26920 248
26921 248
26922 248
26923 248
26924 248
26925 248
26926 248
26927 248
26928 248
26929 248
26930 248
26931 248
26932 248
26933 248
26934 248
26935 248
26936 248
26937 248
26938 248
26939 248
26940 248
26941 248
26942 248
26943 248
26944 248
26945 248
26946 248
26947 248
26948 248
26949 248
26950 248
26951 248
26952 248
26953 248
26954 248
26955 248
26956 823
26957 823
26958 823
26959 823
26960 823
26961 823
26962 752
26963 248
26964 248
26965 248
26966 248
26967 248
26968 248
26969 248
26970 248
26971 248
26972 248
26973 248
26974 248
26975 248
26976 248
26977 248
26978 248
26979 248
26980 248
26981 823
26982 137
26983 137
26984 232
26985 823
26986 823
26987 823
26988 823
26989 823
26990 823
26991 823
26992 823
26993 823
26994 823
26995 823
26996 823
26997 823
26998 823
26999 823
27000 823
27001 0
27002 823
27003 823
27004 823
27005 823
27006 823
27007 823
27008 823
27009 823
27010 823
27011 823
27012 137
27013 137
27014 248
27015 248
27016 248
27017 248
27018 248
27019 248
27020 248
27021 248
27022 248
27023 248
27024 248
27025 248
27026 248
27027 248
27028 248
27029 823
27030 823
27031 823
27032 823
27033 823
27034 823
27035 823
27036 823
27037 823
27038 823
27039 823
27040 823
27041 823
27042 823
27043 137
27044 823
27045 823
27046 823
27047 823
27048 823
27049 823
27050 137
27051 137
27052 137
27053 248
27054 823
27055 823
27056 823
27057 823
27058 823
27059 823
27060 823
27061 823
27062 823
27063 823
27064 823
27065 823
27066 823
27067 823
27068 248
27069 248
27070 248
27071 752
27072 823
27073 823
27074 823
27075 823
27076 823
27077 823
27078 823
27079 823
27080 823
27081 823
27082 823
27083 823
27084 137
27085 137
27086 137
27087 137
27088 137
27089 137
27090 137
27091 823
27092 823
27093 823
27094 823
27095 823
27096 823
27097 823
27098 823
27099 823
27100 823
27101 823
27102 248
27103 248
27104 248
27105 248
27106 248
27107 248
27108 248
27109 137
27110 137
27111 250
27112 250
27113 250
27114 250
27115 250
27116 250
27117 250
27118 250
27119 250
27120 250
27121 248
27122 248
27123 248
27124 137
27125 137
27126 752
27127 752
27128 3
27129 3
27130 752
27131 137
27132 14
27133 137
27134 137
27135 137
27136 823
27137 137
27138 137
27139 137
27140 137
27141 230
27142 230
27143 137
27144 137
27145 251
27146 251
27147 252
27148 252
27149 252
27150 252
27151 252
27152 252
27153 252
27154 252
27155 252
27156 252
27157 252
27158 252
27159 252
27160 252
27161 252
27162 252
27163 252
27164 252
27165 252
27166 252
27167 137
27168 137
27169 137
27170 61
27171 61
27172 248
27173 137
27174 823
27175 823
27176 823
27177 823
27178 823
27179 823
27180 823
27181 823
27182 752
27183 137
27184 137
27185 137
27186 248
27187 137
27188 137
27189 253
27190 253
27191 253
27192 248
27193 248
27194 248
27195 248
27196 248
27197 137
27198 137
27199 137
27200 137
27201 137
27202 254
27203 254
27204 137
27205 137
27206 137
27207 137
27208 137
27209 137
27210 137
27211 137
27212 137
27213 137
27214 137
27215 137
27216 137
27217 248
27218 248
27219 248
27220 248
27221 248
27222 248
27223 752
27224 752
27225 137
27226 137
27227 137
27228 255
27229 255
27230 137
27231 137
27232 137
27233 137
27234 137
27235 137
27236 137
27237 721
27238 137
27239 137
27240 137
27241 137
27242 137
27243 137
27244 137
27245 218
27246 137
27247 137
27248 137
27249 137
27250 137
27251 137
27252 137
27253 137
27254 137
27255 137
27256 137
27257 137
27258 137
27259 137
27260 137
27261 137
27262 137
27263 137
27264 137
27265 248
27266 823
27267 823
27268 823
27269 823
27270 823
27271 823
27272 248
27273 248
27274 137
27275 137
27276 137
27277 137
27278 137
27279 137
27280 137
27281 137
27282 137
27283 823
27284 823
27285 823
27286 137
27287 137
27288 137
27289 248
27290 248
27291 0
27292 752
27293 256
27294 256
27295 256
27296 256
27297 256
27298 256
27299 248
27300 248
27301 248
27302 248
27303 248
27304 248
27305 248
27306 248
27307 248
27308 248
27309 137
27310 137
27311 137
27312 249
27313 249
27314 249
27315 248
27316 248
27317 248
27318 823
27319 823
27320 137
27321 137
27322 137
27323 137
27324 137
27325 137
27326 137
27327 752
27328 137
27329 137
27330 137
27331 137
27332 137
27333 137
27334 137
27335 137
27336 137
27337 137
27338 137
27339 137
27340 137
27341 752
27342 137
27343 137
27344 137
27345 137
27346 137
27347 137
27348 0
27349 137
27350 137
27351 137
27352 137
27353 137
27354 137
27355 137
27356 137
27357 137
27358 137
27359 137
27360 137
27361 823
27362 823
27363 232
27364 232
27365 232
27366 232
27367 232
27368 232
27369 232
27370 232
27371 232
27372 232
27373 232
27374 232
27375 232
27376 232
27377 232
27378 232
27379 232
27380 232
27381 232
27382 232
27383 232
27384 232
27385 232
27386 232
27387 232
27388 232
27389 232
27390 232
27391 232
27392 7
27393 232
27394 137
27395 232
27396 137
27397 61
27398 61
27399 61
27400 257
27401 257
27402 257
27403 257
27404 0
27405 248
27406 248
27407 248
27408 823
27409 823
27410 823
27411 248
27412 248
27413 248
27414 248
27415 248
27416 248
27417 248
27418 248
27419 248
27420 248
27421 248
27422 258
27423 258
27424 7
27425 7
27426 137
27427 137
27428 137
27429 137
27430 259
27431 259
27432 259
27433 259
27434 259
27435 823
27436 823
27437 823
27438 823
27439 823
27440 823
27441 823
27442 823
27443 137
27444 137
27445 137
27446 137
27447 137
27448 137
27449 137
27450 823
27451 823
27452 823
27453 137
27454 260
27455 260
27456 260
27457 260
27458 248
27459 248
27460 248
27461 248
27462 248
27463 248
27464 248
27465 137
27466 137
27467 137
27468 261
27469 261
27470 261
27471 261
27472 262
27473 262
27474 262
27475 301
27476 301
27477 301
27478 301
27479 1
27480 1
27481 61
27482 248
27483 137
27484 137
27485 137
27486 137
27487 137
27488 137
27489 137
27490 137
27491 137
27492 137
27493 137
27494 887
27495 248
27496 137
27497 137
27498 137
27499 137
27500 137
27501 137
27502 752
27503 0
27504 248
27505 248
27506 248
27507 61
27508 61
27509 61
27510 61
27511 263
27512 263
27513 137
27514 137
27515 248
27516 0
27517 137
27518 248
27519 61
27520 61
27521 61
27522 61
27523 61
27524 61
27525 61
27526 61
27527 61
27528 61
27529 61
27530 241
27531 61
27532 61
27533 61
27534 14
27535 61
27536 61
27537 61
27538 61
27539 61
27540 61
27541 61
27542 61
27543 61
27544 61
27545 61
27546 61
27547 61
27548 61
27549 61
27550 61
27551 61
27552 61
27553 61
27554 61
27555 61
27556 752
27557 61
27558 61
27559 61
27560 61
27561 61
27562 61
27563 14
27564 61
27565 264
27566 264
27567 264
27568 264
27569 264
27570 264
27571 264
27572 264
27573 264
27574 264
27575 265
27576 265
27577 137
27578 137
27579 137
27580 266
27581 266
27582 266
27583 266
27584 266
27585 267
27586 267
27587 267
27588 267
27589 268
27590 268
27591 268
27592 268
27593 268
27594 268
27595 268
27596 268
27597 268
27598 268
27599 268
27600 268
27601 268
27602 268
27603 268
27604 268
27605 268
27606 268
27607 752
27608 61
27609 61
27610 61
27611 752
27612 752
27613 752
27614 268
27615 268
27616 268
27617 268
27618 268
27619 268
27620 268
27621 268
27622 268
27623 268
27624 268
27625 268
27626 268
27627 488
27628 268
27629 268
27630 268
27631 268
27632 268
27633 268
27634 268
27635 268
27636 268
27637 268
27638 268
27639 0
27640 0
27641 269
27642 269
27643 269
27644 269
27645 61
27646 268
27647 268
27648 268
27649 270
27650 270
27651 270
27652 270
27653 268
27654 268
27655 268
27656 752
27657 752
27658 271
27659 271
27660 271
27661 272
27662 272
27663 273
27664 273
27665 274
27666 274
27667 275
27668 275
27669 276
27670 276
27671 277
27672 277
27673 278
27674 278
27675 279
27676 279
27677 280
27678 280
27679 281
27680 281
27681 282
27682 282
27683 61
27684 61
27685 283
27686 283
27687 284
27688 284
27689 285
27690 285
27691 285
27692 286
27693 286
27694 287
27695 287
27696 288
27697 288
27698 289
27699 289
27700 290
27701 290
27702 290
27703 291
27704 291
27705 292
27706 292
27707 293
27708 293
27709 294
27710 294
27711 137
27712 137
27713 137
27714 295
27715 295
27716 295
27717 295
27718 301
27719 301
27720 301
27721 301
27722 301
27723 301
27724 301
27725 301
27726 301
27727 301
27728 301
27729 301
27730 301
27731 301
27732 301
27733 301
27734 301
27735 301
27736 301
27737 301
27738 301
27739 301
27740 301
27741 301
27742 301
27743 301
27744 301
27745 301
27746 301
27747 301
27748 301
27749 301
27750 301
27751 301
27752 301
27753 301
27754 301
27755 301
27756 301
27757 301
27758 301
27759 301
27760 301
27761 301
27762 301
27763 301
27764 301
27765 296
27766 296
27767 296
27768 296
27769 296
27770 296
27771 296
27772 296
27773 301
27774 301
27775 301
27776 301
27777 301
27778 301
27779 301
27780 301
27781 301
27782 301
27783 301
27784 297
27785 297
27786 297
27787 137
27788 137
27789 301
27790 301
27791 301
27792 301
27793 301
27794 301
27795 301
27796 301
27797 301
27798 301
27799 298
27800 298
27801 299
27802 299
27803 299
27804 299
27805 299
27806 299
27807 299
27808 301
27809 301
27810 301
27811 301
27812 301
27813 301
27814 301
27815 301
27816 301
27817 301
27818 137
27819 137
27820 137
27821 137
27822 137
27823 137
27824 137
27825 137
27826 137
27827 137
27828 137
27829 137
27830 137
27831 137
27832 137
27833 137
27834 137
27835 137
27836 137
27837 137
27838 137
27839 137
27840 137
27841 137
27842 137
27843 137
27844 137
27845 137
27846 137
27847 137
27848 137
27849 137
27850 300
27851 300
27852 300
27853 300
27854 300
27855 300
27856 300
27857 300
27858 300
27859 300
27860 300
27861 300
27862 137
27863 137
27864 137
27865 370
27866 137
27867 137
27868 137
27869 370
27870 137
27871 370
27872 137
27873 137
27874 137
27875 137
27876 8
27877 137
27878 137
27879 137
27880 137
27881 137
27882 137
27883 137
27884 137
27885 137
27886 137
27887 370
27888 370
27889 370
27890 137
27891 137
27892 370
27893 137
27894 370
27895 137
27896 137
27897 137
27898 370
27899 137
27900 370
27901 137
27902 137
27903 137
27904 137
27905 137
27906 370
27907 137
27908 137
27909 137
27910 8
27911 8
27912 137
27913 137
27914 137
27915 137
27916 137
27917 370
27918 370
27919 370
27920 137
27921 370
27922 8
27923 8
27924 137
27925 137
27926 370
27927 370
27928 61
27929 61
27930 137
27931 137
27932 137
27933 137
27934 137
27935 137
27936 137
27937 137
27938 137
27939 137
27940 137
27941 137
27942 137
27943 137
27944 137
27945 137
27946 137
27947 137
27948 137
27949 137
27950 137
27951 137
27952 301
27953 301
27954 301
27955 301
27956 301
27957 301
27958 301
27959 301
27960 301
27961 301
27962 301
27963 301
27964 301
27965 301
27966 301
27967 301
27968 301
27969 301
27970 301
27971 301
27972 301
27973 301
27974 301
27975 301
27976 301
27977 301
27978 301
27979 301
27980 301
27981 301
27982 301
27983 137
27984 301
27985 301
27986 301
27987 301
27988 301
27989 301
27990 301
27991 301
27992 301
27993 301
27994 301
27995 301
27996 301
27997 301
27998 301
27999 301
28000 301
28001 301
28002 301
28003 301
28004 301
28005 301
28006 752
28007 752
28008 752
28009 752
28010 752
28011 752
28012 752
28013 752
28014 752
28015 752
28016 752
28017 752
28018 752
28019 752
28020 752
28021 752
28022 752
28023 752
28024 752
28025 752
28026 752
28027 137
28028 302
28029 302
28030 301
28031 301
28032 301
28033 301
28034 301
28035 137
28036 245
28037 137
28038 137
28039 137
28040 137
28041 245
28042 137
28043 245
28044 137
28045 137
28046 137
28047 137
28048 137
28049 137
28050 137
28051 137
28052 137
28053 137
28054 137
28055 137
28056 137
28057 137
28058 137
28059 137
28060 137
28061 137
28062 245
28063 137
28064 137
28065 137
28066 137
28067 137
28068 137
28069 137
28070 137
28071 137
28072 137
28073 137
28074 301
28075 301
28076 301
28077 301
28078 301
28079 61
28080 137
28081 137
28082 137
28083 137
28084 61
28085 752
28086 232
28087 232
28088 232
28089 137
28090 61
28091 61
28092 61
28093 752
28094 61
28095 137
28096 137
28097 303
28098 303
28099 303
28100 303
28101 303
28102 303
28103 14
28104 304
28105 304
28106 305
28107 305
28108 305
28109 305
28110 305
28111 305
28112 305
28113 61
28114 306
28115 306
28116 306
28117 306
28118 306
28119 306
28120 306
28121 306
28122 306
28123 306
28124 306
28125 306
28126 306
28127 307
28128 307
28129 752
28130 752
28131 752
28132 752
28133 752
28134 752
28135 752
28136 14
28137 221
28138 221
28139 221
28140 61
28141 61
28142 488
28143 488
28144 488
28145 488
28146 488
28147 137
28148 137
28149 61
28150 61
28151 61
28152 61
28153 61
28154 61
28155 61
28156 61
28157 61
28158 61
28159 3
28160 3
28161 3
28162 3
28163 3
28164 3
28165 3
28166 3
28167 3
28168 3
28169 3
28170 3
28171 3
28172 3
28173 0
28174 3
28175 3
28176 3
28177 3
28178 3
28179 3
28180 488
28181 3
28182 3
28183 3
28184 3
28185 3
28186 3
28187 3
28188 3
28189 3
28190 3
28191 61
28192 3
28193 3
28194 3
28195 3
28196 3
28197 3
28198 3
28199 3
28200 3
28201 3
28202 3
28203 3
28204 3
28205 3
28206 3
28207 3
28208 3
28209 3
28210 3
28211 3
28212 3
28213 3
28214 3
28215 3
28216 3
28217 3
28218 3
28219 3
28220 3
28221 3
28222 3
28223 3
28224 3
28225 3
28226 3
28227 3
28228 3
28229 3
28230 3
28231 3
28232 3
28233 3
28234 3
28235 3
28236 3
28237 3
28238 3
28239 3
28240 3
28241 3
28242 3
28243 3
28244 3
28245 3
28246 3
28247 3
28248 3
28249 3
28250 3
28251 3
28252 3
28253 3
28254 3
28255 3
28256 3
28257 3
28258 3
28259 3
28260 3
28261 3
28262 3
28263 3
28264 3
28265 3
28266 3
28267 3
28268 3
28269 3
28270 3
28271 3
28272 3
28273 3
28274 3
28275 3
28276 3
28277 3
28278 3
28279 3
28280 3
28281 3
28282 3
28283 3
28284 3
28285 3
28286 3
28287 3
28288 3
28289 3
28290 3
28291 3
28292 3
28293 3
28294 3
28295 3
28296 3
28297 3
28298 3
28299 3
28300 3
28301 3
28302 3
28303 3
28304 3
28305 3
28306 3
28307 3
28308 3
28309 3
28310 3
28311 3
28312 3
28313 3
28314 3
28315 3
28316 3
28317 3
28318 3
28319 3
28320 3
28321 3
28322 3
28323 3
28324 3
28325 3
28326 3
28327 3
28328 3
28329 3
28330 3
28331 3
28332 3
28333 3
28334 3
28335 3
28336 3
28337 3
28338 3
28339 3
28340 3
28341 3
28342 3
28343 3
28344 3
28345 3
28346 3
28347 3
28348 3
28349 3
28350 3
28351 3
28352 3
28353 3
28354 3
28355 3
28356 3
28357 3
28358 3
28359 3
28360 3
28361 3
28362 3
28363 3
28364 3
28365 3
28366 3
28367 3
28368 3
28369 3
28370 3
28371 3
28372 3
28373 3
28374 3
28375 3
28376 3
28377 3
28378 3
28379 3
28380 3
28381 3
28382 3
28383 3
28384 3
28385 3
28386 3
28387 3
28388 3
28389 3
28390 3
28391 3
28392 3
28393 3
28394 3
28395 3
28396 3
28397 3
28398 3
28399 3
28400 3
28401 3
28402 3
28403 3
28404 3
28405 3
28406 3
28407 3
28408 3
28409 3
28410 3
28411 3
28412 3
28413 3
28414 3
28415 3
28416 3
28417 3
28418 3
28419 3
28420 3
28421 3
28422 308
28423 308
28424 308
28425 61
28426 232
28427 309
28428 309
28429 61
28430 310
28431 310
28432 310
28433 310
28434 310
28435 310
28436 310
28437 310
28438 310
28439 61
28440 61
28441 61
28442 61
28443 61
28444 61
28445 61
28446 312
28447 312
28448 312
28449 312
28450 312
28451 61
28452 61
28453 0
28454 61
28455 61
28456 61
28457 61
28458 61
28459 61
28460 61
28461 61
28462 61
28463 61
28464 61
28465 61
28466 61
28467 61
28468 866
28469 61
28470 61
28471 61
28472 0
28473 61
28474 61
28475 61
28476 61
28477 313
28478 313
28479 314
28480 314
28481 61
28482 61
28483 312
28484 315
28485 315
28486 315
28487 316
28488 316
28489 14
28490 14
28491 14
28492 14
28493 61
28494 488
28495 268
28496 61
28497 137
28498 137
28499 317
28500 317
28501 317
28502 61
28503 61
28504 61
28505 14
28506 318
28507 318
28508 14
28509 61
28510 319
28511 319
28512 320
28513 320
28514 321
28515 321
28516 321
28517 321
28518 321
28519 321
28520 321
28521 321
28522 321
28523 82
28524 82
28525 82
28526 322
28527 322
28528 322
28529 322
28530 61
28531 61
28532 61
28533 61
28534 752
28535 61
28536 61
28537 61
28538 61
28539 0
28540 0
28541 0
28542 0
28543 7
28544 7
28545 7
28546 7
28547 61
28548 323
28549 323
28550 323
28551 324
28552 324
28553 324
28554 324
28555 325
28556 325
28557 325
28558 325
28559 325
28560 325
28561 326
28562 326
28563 7
28564 61
28565 61
28566 7
28567 832
28568 61
28569 7
28570 61
28571 7
28572 7
28573 7
28574 61
28575 61
28576 61
28577 61
28578 7
28579 7
28580 7
28581 7
28582 7
28583 61
28584 61
28585 7
28586 61
28587 61
28588 61
28589 7
28590 61
28591 61
28592 7
28593 830
28594 7
28595 7
28596 61
28597 61
28598 7
28599 61
28600 61
28601 61
28602 61
28603 61
28604 488
28605 488
28606 488
28607 61
28608 61
28609 61
28610 887
28611 887
28612 887
28613 887
28614 887
28615 887
28616 887
28617 887
28618 887
28619 887
28620 61
28621 887
28622 887
28623 887
28624 887
28625 887
28626 887
28627 887
28628 887
28629 887
28630 887
28631 887
28632 887
28633 61
28634 61
28635 61
28636 887
28637 61
28638 887
28639 887
28640 887
28641 887
28642 887
28643 887
28644 887
28645 887
28646 887
28647 887
28648 887
28649 887
28650 887
28651 887
28652 887
28653 887
28654 887
28655 887
28656 887
28657 887
28658 887
28659 887
28660 887
28661 887
28662 887
28663 887
28664 887
28665 887
28666 887
28667 887
28668 887
28669 887
28670 887
28671 887
28672 887
28673 887
28674 887
28675 887
28676 887
28677 887
28678 887
28679 887
28680 887
28681 887
28682 887
28683 887
28684 887
28685 887
28686 887
28687 887
28688 887
28689 887
28690 887
28691 887
28692 887
28693 887
28694 887
28695 887
28696 887
28697 887
28698 887
28699 887
28700 887
28701 887
28702 887
28703 887
28704 887
28705 887
28706 887
28707 887
28708 887
28709 887
28710 887
28711 887
28712 887
28713 887
28714 887
28715 887
28716 887
28717 887
28718 887
28719 887
28720 887
28721 887
28722 887
28723 887
28724 887
28725 887
28726 887
28727 61
28728 752
28729 752
28730 61
28731 61
28732 327
28733 327
28734 327
28735 327
28736 327
28737 488
28738 488
28739 488
28740 488
28741 488
28742 488
28743 488
28744 488
28745 488
28746 488
28747 488
28748 488
28749 488
28750 488
28751 488
28752 488
28753 488
28754 488
28755 488
28756 488
28757 488
28758 488
28759 488
28760 488
28761 488
28762 488
28763 488
28764 488
28765 488
28766 488
28767 488
28768 488
28769 488
28770 488
28771 488
28772 488
28773 488
28774 488
28775 488
28776 488
28777 488
28778 488
28779 488
28780 488
28781 488
28782 488
28783 887
28784 488
28785 488
28786 488
28787 488
28788 887
28789 887
28790 887
28791 887
28792 887
28793 61
28794 61
28795 61
28796 61
28797 887
28798 887
28799 887
28800 61
28801 61
28802 887
28803 887
28804 887
28805 887
28806 887
28807 268
28808 268
28809 268
28810 268
28811 328
28812 328
28813 61
28814 887
28815 488
28816 488
28817 488
28818 137
28819 137
28820 95
28821 95
28822 95
28823 223
28824 887
28825 887
28826 887
28827 887
28828 887
28829 887
28830 887
28831 887
28832 887
28833 887
28834 887
28835 887
28836 887
28837 887
28838 887
28839 887
28840 887
28841 887
28842 58
28843 58
28844 329
28845 329
28846 329
28847 329
28848 329
28849 887
28850 887
28851 887
28852 330
28853 330
28854 61
28855 887
28856 887
28857 61
28858 331
28859 331
28860 331
28861 331
28862 887
28863 887
28864 887
28865 887
28866 887
28867 887
28868 61
28869 61
28870 61
28871 61
28872 7
28873 7
28874 61
28875 61
28876 61
28877 7
28878 61
28879 61
28880 61
28881 61
28882 61
28883 61
28884 61
28885 61
28886 61
28887 61
28888 7
28889 61
28890 61
28891 61
28892 61
28893 61
28894 61
28895 61
28896 61
28897 61
28898 241
28899 61
28900 61
28901 7
28902 61
28903 61
28904 61
28905 61
28906 61
28907 61
28908 61
28909 488
28910 488
28911 488
28912 18
28913 18
28914 18
28915 18
28916 18
28917 18
28918 18
28919 18
28920 18
28921 18
28922 18
28923 18
28924 18
28925 18
28926 18
28927 18
28928 18
28929 18
28930 18
28931 18
28932 18
28933 18
28934 18
28935 18
28936 18
28937 18
28938 18
28939 18
28940 18
28941 18
28942 18
28943 18
28944 18
28945 18
28946 18
28947 18
28948 18
28949 18
28950 18
28951 18
28952 18
28953 18
28954 18
28955 18
28956 18
28957 18
28958 18
28959 18
28960 332
28961 332
28962 332
28963 332
28964 18
28965 18
28966 14
28967 14
28968 14
28969 14
28970 14
28971 14
28972 14
28973 14
28974 14
28975 14
28976 14
28977 14
28978 14
28979 14
28980 14
28981 14
28982 14
28983 14
28984 14
28985 14
28986 14
28987 14
28988 14
28989 14
28990 14
28991 14
28992 14
28993 14
28994 14
28995 14
28996 14
28997 14
28998 14
28999 752
29000 752
29001 14
29002 14
29003 14
29004 14
29005 14
29006 14
29007 14
29008 14
29009 14
29010 14
29011 14
29012 0
29013 333
29014 333
29015 14
29016 137
29017 137
29018 334
29019 334
29020 334
29021 301
29022 301
29023 301
29024 137
29025 61
29026 61
29027 137
29028 137
29029 301
29030 301
29031 301
29032 301
29033 301
29034 0
29035 0
29036 0
29037 0
29038 0
29039 0
29040 0
29041 137
29042 61
29043 61
29044 61
29045 61
29046 61
29047 61
29048 61
29049 61
29050 61
29051 61
29052 335
29053 335
29054 335
29055 61
29056 61
29057 61
29058 61
29059 61
29060 61
29061 61
29062 61
29063 61
29064 61
29065 61
29066 137
29067 137
29068 137
29069 137
29070 137
29071 137
29072 61
29073 61
29074 61
29075 61
29076 61
29077 61
29078 336
29079 336
29080 336
29081 61
29082 61
29083 61
29084 61
29085 137
29086 887
29087 887
29088 887
29089 887
29090 887
29091 337
29092 337
29093 337
29094 137
29095 137
29096 137
29097 137
29098 137
29099 137
29100 137
29101 137
29102 137
29103 137
29104 137
29105 887
29106 887
29107 887
29108 887
29109 887
29110 887
29111 887
29112 887
29113 887
29114 338
29115 338
29116 338
29117 137
29118 752
29119 752
29120 752
29121 752
29122 752
29123 752
29124 752
29125 752
29126 752
29127 752
29128 752
29129 752
29130 752
29131 752
29132 752
29133 752
29134 752
29135 752
29136 752
29137 752
29138 752
29139 752
29140 752
29141 752
29142 752
29143 752
29144 752
29145 752
29146 752
29147 752
29148 752
29149 752
29150 752
29151 752
29152 752
29153 752
29154 752
29155 752
29156 752
29157 488
29158 339
29159 339
29160 340
29161 340
29162 61
29163 0
29164 0
29165 61
29166 61
29167 887
29168 887
29169 887
29170 887
29171 887
29172 887
29173 61
29174 61
29175 61
29176 61
29177 61
29178 61
29179 137
29180 137
29181 137
29182 137
29183 61
29184 341
29185 341
29186 342
29187 342
29188 61
29189 61
29190 137
29191 61
29192 61
29193 61
29194 61
29195 61
29196 0
29197 0
29198 0
29199 0
29200 0
29201 0
29202 0
29203 0
29204 0
29205 0
29206 0
29207 0
29208 0
29209 0
29210 0
29211 0
29212 0
29213 0
29214 0
29215 0
29216 0
29217 0
29218 0
29219 0
29220 0
29221 0
29222 0
29223 0
29224 0
29225 0
29226 0
29227 0
29228 0
29229 0
29230 0
29231 0
29232 0
29233 0
29234 0
29235 0
29236 0
29237 0
29238 0
29239 0
29240 0
29241 0
29242 0
29243 0
29244 0
29245 0
29246 0
29247 0
29248 0
29249 0
29250 0
29251 0
29252 0
29253 0
29254 0
29255 0
29256 0
29257 0
29258 0
29259 0
29260 0
29261 386
29262 386
29263 386
29264 386
29265 386
29266 386
29267 0
29268 0
29269 0
29270 0
29271 0
29272 0
29273 0
29274 0
29275 0
29276 343
29277 343
29278 0
29279 0
29280 0
29281 0
29282 0
29283 0
29284 0
29285 0
29286 0
29287 0
29288 0
29289 0
29290 0
29291 0
29292 0
29293 0
29294 0
29295 0
29296 0
29297 0
29298 0
29299 0
29300 0
29301 137
29302 0
29303 0
29304 0
29305 0
29306 0
29307 0
29308 0
29309 0
29310 0
29311 0
29312 0
29313 0
29314 0
29315 0
29316 0
29317 0
29318 0
29319 344
29320 344
29321 345
29322 345
29323 887
29324 488
29325 488
29326 488
29327 346
29328 346
29329 346
29330 346
29331 488
29332 488
29333 488
29334 488
29335 488
29336 347
29337 347
29338 347
29339 347
29340 347
29341 347
29342 348
29343 348
29344 348
29345 348
29346 137
29347 137
29348 137
29349 752
29350 752
29351 752
29352 752
29353 752
29354 301
29355 301
29356 301
29357 301
29358 301
29359 301
29360 301
29361 301
29362 301
29363 301
29364 3
29365 3
29366 3
29367 3
29368 3
29369 3
29370 301
29371 301
29372 7
29373 7
29374 7
29375 349
29376 349
29377 61
29378 61
29379 61
29380 61
29381 61
29382 61
29383 40
29384 40
29385 40
29386 40
29387 40
29388 40
29389 40
29390 40
29391 61
29392 40
29393 40
29394 40
29395 40
29396 40
29397 40
29398 40
29399 40
29400 40
29401 40
29402 40
29403 40
29404 40
29405 40
29406 40
29407 40
29408 40
29409 40
29410 40
29411 61
29412 61
29413 61
29414 61
29415 61
29416 61
29417 61
29418 61
29419 61
29420 61
29421 61
29422 61
29423 61
29424 61
29425 61
29426 61
29427 61
29428 61
29429 61
29430 61
29431 61
29432 61
29433 40
29434 40
29435 40
29436 350
29437 350
29438 350
29439 40
29440 40
29441 40
29442 40
29443 40
29444 488
29445 268
29446 268
29447 351
29448 351
29449 351
29450 351
29451 351
29452 351
29453 61
29454 887
29455 887
29456 352
29457 352
29458 70
29459 353
29460 353
29461 61
29462 887
29463 887
29464 887
29465 887
29466 887
29467 887
29468 887
29469 887
29470 887
29471 887
29472 887
29473 887
29474 354
29475 354
29476 354
29477 354
29478 356
29479 356
29480 356
29481 61
29482 752
29483 61
29484 355
29485 355
29486 355
29487 355
29488 355
29489 355
29490 355
29491 355
29492 752
29493 752
29494 752
29495 61
29496 356
29497 357
29498 357
29499 357
29500 887
29501 887
29502 887
29503 887
29504 887
29505 752
29506 61
29507 61
29508 488
29509 95
29510 95
29511 137
29512 137
29513 61
29514 61
29515 61
29516 61
29517 61
29518 61
29519 61
29520 61
29521 61
29522 61
29523 61
29524 61
29525 61
29526 61
29527 61
29528 61
29529 61
29530 61
29531 61
29532 61
29533 61
29534 61
29535 61
29536 61
29537 752
29538 61
29539 61
29540 61
29541 752
29542 752
29543 752
29544 752
29545 358
29546 358
29547 358
29548 359
29549 359
29550 360
29551 360
29552 361
29553 361
29554 361
29555 361
29556 362
29557 362
29558 363
29559 363
29560 363
29561 361
29562 361
29563 361
29564 361
29565 361
29566 361
29567 364
29568 364
29569 364
29570 365
29571 365
29572 366
29573 366
29574 366
29575 366
29576 823
29577 823
29578 823
29579 367
29580 367
29581 367
29582 367
29583 752
29584 752
29585 752
29586 368
29587 368
29588 368
29589 368
29590 368
29591 368
29592 61
29593 137
29594 137
29595 8
29596 8
29597 8
29598 8
29599 8
29600 8
29601 8
29602 8
29603 8
29604 137
29605 137
29606 137
29607 137
29608 137
29609 369
29610 369
29611 369
29612 369
29613 370
29614 370
29615 370
29616 370
29617 370
29618 370
29619 370
29620 370
29621 370
29622 370
29623 370
29624 370
29625 370
29626 370
29627 370
29628 370
29629 370
29630 370
29631 370
29632 370
29633 370
29634 370
29635 370
29636 370
29637 370
29638 370
29639 137
29640 137
29641 137
29642 370
29643 370
29644 370
29645 370
29646 370
29647 370
29648 370
29649 370
29650 370
29651 370
29652 137
29653 137
29654 370
29655 370
29656 370
29657 370
29658 370
29659 370
29660 370
29661 370
29662 371
29663 371
29664 371
29665 137
29666 137
29667 137
29668 137
29669 137
29670 137
29671 137
29672 137
29673 137
29674 137
29675 372
29676 372
29677 372
29678 372
29679 373
29680 373
29681 373
29682 7
29683 370
29684 370
29685 374
29686 374
29687 374
29688 374
29689 374
29690 370
29691 370
29692 61
29693 232
29694 232
29695 232
29696 232
29697 232
29698 232
29699 232
29700 232
29701 232
29702 232
29703 232
29704 232
29705 752
29706 232
29707 232
29708 232
29709 232
29710 232
29711 232
29712 232
29713 232
29714 232
29715 232
29716 232
29717 137
29718 232
29719 232
29720 232
29721 232
29722 232
29723 232
29724 232
29725 232
29726 232
29727 232
29728 232
29729 232
29730 232
29731 232
29732 232
29733 232
29734 232
29735 232
29736 232
29737 232
29738 232
29739 232
29740 232
29741 232
29742 232
29743 232
29744 232
29745 232
29746 232
29747 232
29748 232
29749 232
29750 232
29751 232
29752 232
29753 232
29754 375
29755 375
29756 232
29757 376
29758 376
29759 232
29760 232
29761 232
29762 232
29763 232
29764 137
29765 137
29766 137
29767 137
29768 137
29769 221
29770 232
29771 232
29772 232
29773 232
29774 232
29775 232
29776 232
29777 232
29778 232
29779 232
29780 232
29781 232
29782 232
29783 232
29784 232
29785 232
29786 232
29787 232
29788 137
29789 232
29790 232
29791 752
29792 752
29793 61
29794 232
29795 232
29796 61
29797 232
29798 232
29799 232
29800 232
29801 232
29802 232
29803 377
29804 377
29805 377
29806 137
29807 137
29808 137
29809 137
29810 137
29811 137
29812 61
29813 752
29814 12
29815 12
29816 12
29817 12
29818 12
29819 12
29820 12
29821 12
29822 12
29823 12
29824 12
29825 137
29826 137
29827 752
29828 752
29829 378
29830 378
29831 752
29832 752
29833 61
29834 752
29835 752
29836 752
29837 752
29838 752
29839 752
29840 137
29841 61
29842 61
29843 61
29844 12
29845 12
29846 379
29847 379
29848 106
29849 106
29850 838
29851 838
29852 380
29853 380
29854 380
29855 381
29856 381
29857 232
29858 232
29859 232
29860 232
29861 232
29862 232
29863 382
29864 382
29865 383
29866 383
29867 383
29868 383
29869 838
29870 384
29871 384
29872 384
29873 384
29874 384
29875 384
29876 385
29877 385
29878 385
29879 137
29880 137
29881 249
29882 249
29883 249
29884 249
29885 249
29886 249
29887 249
29888 249
29889 249
29890 249
29891 249
29892 249
29893 249
29894 249
29895 249
29896 61
29897 249
29898 249
29899 249
29900 249
29901 249
29902 249
29903 249
29904 387
29905 387
29906 388
29907 388
29908 4
29909 249
29910 249
29911 389
29912 389
29913 390
29914 390
29915 4
29916 249
29917 391
29918 391
29919 392
29920 392
29921 392
29922 393
29923 393
29924 393
29925 393
29926 393
29927 393
29928 137
29929 137
29930 137
29931 137
29932 394
29933 394
29934 137
29935 137
29936 137
29937 137
29938 137
29939 137
29940 137
29941 395
29942 395
29943 61
29944 61
29945 61
29946 396
29947 396
29948 397
29949 397
29950 398
29951 398
29952 399
29953 399
29954 400
29955 400
29956 401
29957 401
29958 402
29959 402
29960 403
29961 403
29962 404
29963 404
29964 405
29965 405
29966 405
29967 406
29968 406
29969 407
29970 407
29971 408
29972 408
29973 409
29974 409
29975 410
29976 410
29977 411
29978 411
29979 411
29980 411
29981 412
29982 412
29983 413
29984 413
29985 414
29986 414
29987 415
29988 415
29989 416
29990 416
29991 417
29992 417
29993 418
29994 418
29995 419
29996 419
29997 420
29998 420
29999 421
30000 421
30001 422
30002 422
30003 423
30004 423
30005 424
30006 424
30007 424
30008 425
30009 425
30010 425
30011 426
30012 426
30013 427
30014 427
30015 428
30016 428
30017 429
30018 429
30019 430
30020 430
30021 430
30022 431
30023 431
30024 432
30025 432
30026 433
30027 433
30028 434
30029 434
30030 435
30031 435
30032 436
30033 436
30034 437
30035 437
30036 438
30037 438
30038 439
30039 439
30040 440
30041 440
30042 441
30043 441
30044 442
30045 442
30046 443
30047 443
30048 444
30049 444
30050 445
30051 445
30052 446
30053 446
30054 447
30055 447
30056 396
30057 448
30058 448
30059 448
30060 449
30061 449
30062 450
30063 450
30064 451
30065 451
30066 452
30067 452
30068 453
30069 453
30070 454
30071 454
30072 61
30073 61
30074 61
30075 61
30076 61
30077 61
30078 61
30079 61
30080 61
30081 61
30082 12
30083 61
30084 61
30085 61
30086 110
30087 110
30088 110
30089 110
30090 110
30091 455
30092 455
30093 455
30094 455
30095 61
30096 456
30097 456
30098 456
30099 456
30100 456
30101 12
30102 137
30103 137
30104 137
30105 137
30106 12
30107 457
30108 457
30109 458
30110 458
30111 301
30112 301
30113 95
30114 752
30115 752
30116 459
30117 459
30118 14
30119 887
30120 7
30121 7
30122 7
30123 61
30124 823
30125 460
30126 460
30127 460
30128 61
30129 61
30130 61
30131 61
30132 61
30133 61
30134 488
30135 61
30136 61
30137 61
30138 61
30139 61
30140 61
30141 61
30142 61
30143 61
30144 61
30145 61
30146 61
30147 61
30148 61
30149 61
30150 61
30151 61
30152 61
30153 61
30154 61
30155 61
30156 61
30157 61
30158 461
30159 461
30160 462
30161 462
30162 463
30163 463
30164 464
30165 464
30166 464
30167 465
30168 465
30169 466
30170 466
30171 231
30172 231
30173 467
30174 467
30175 468
30176 468
30177 61
30178 61
30179 61
30180 268
30181 268
30182 268
30183 268
30184 268
30185 488
30186 268
30187 268
30188 268
30189 268
30190 268
30191 268
30192 268
30193 268
30194 268
30195 268
30196 268
30197 268
30198 268
30199 268
30200 268
30201 268
30202 268
30203 268
30204 268
30205 268
30206 268
30207 268
30208 268
30209 268
30210 268
30211 268
30212 268
30213 268
30214 268
30215 268
30216 268
30217 268
30218 268
30219 268
30220 268
30221 268
30222 268
30223 268
30224 268
30225 268
30226 268
30227 268
30228 268
30229 268
30230 268
30231 268
30232 752
30233 752
30234 268
30235 268
30236 268
30237 268
30238 469
30239 469
30240 137
30241 137
30242 137
30243 7
30244 7
30245 7
30246 7
30247 7
30248 137
30249 470
30250 470
30251 470
30252 137
30253 137
30254 137
30255 61
30256 471
30257 471
30258 472
30259 472
30260 473
30261 473
30262 473
30263 474
30264 474
30265 474
30266 474
30267 0
30268 475
30269 475
30270 475
30271 475
30272 476
30273 476
30274 0
30275 0
30276 361
30277 361
30278 386
30279 386
30280 386
30281 477
30282 477
30283 386
30284 386
30285 386
30286 386
30287 386
30288 386
30289 361
30290 361
30291 361
30292 478
30293 478
30294 478
30295 478
30296 61
30297 61
30298 361
30299 361
30300 361
30301 361
30302 361
30303 386
30304 386
30305 386
30306 386
30307 386
30308 386
30309 386
30310 386
30311 386
30312 479
30313 479
30314 479
30315 479
30316 479
30317 479
30318 479
30319 479
30320 479
30321 479
30322 61
30323 61
30324 14
30325 14
30326 14
30327 14
30328 752
30329 0
30330 0
30331 61
30332 480
30333 480
30334 0
30335 7
30336 61
30337 12
30338 117
30339 117
30340 117
30341 224
30342 224
30343 224
30344 481
30345 481
30346 481
30347 481
30348 482
30349 482
30350 483
30351 483
30352 483
30353 61
30354 61
30355 484
30356 484
30357 484
30358 484
30359 484
30360 485
30361 485
30362 485
30363 218
30364 218
30365 218
30366 218
30367 218
30368 218
30369 218
30370 218
30371 218
30372 486
30373 486
30374 486
30375 486
30376 486
30377 486
30378 486
30379 486
30380 486
30381 486
30382 486
30383 486
30384 486
30385 486
30386 486
30387 486
30388 486
30389 486
30390 486
30391 487
30392 487
30393 487
30394 887
30395 887
30396 887
30397 887
30398 887
30399 887
30400 887
30401 490
30402 490
30403 490
30404 61
30405 61
30406 61
30407 61
30408 61
30409 61
30410 61
30411 489
30412 489
30413 490
30414 490
30415 490
30416 491
30417 491
30418 491
30419 491
30420 492
30421 492
30422 218
30423 218
30424 218
30425 218
30426 218
30427 218
30428 218
30429 493
30430 493
30431 493
30432 493
30433 493
30434 130
30435 130
30436 61
30437 61
30438 232
30439 232
30440 232
30441 232
30442 232
30443 232
30444 232
30445 232
30446 232
30447 232
30448 232
30449 232
30450 232
30451 232
30452 232
30453 232
30454 232
30455 232
30456 61
30457 61
30458 494
30459 494
30460 232
30461 232
30462 232
30463 232
30464 232
30465 232
30466 232
30467 232
30468 232
30469 232
30470 232
30471 232
30472 232
30473 232
30474 232
30475 232
30476 232
30477 232
30478 137
30479 137
30480 137
30481 0
30482 0
30483 3
30484 3
30485 3
30486 3
30487 3
30488 61
30489 61
30490 61
30491 137
30492 137
30493 137
30494 137
30495 137
30496 495
30497 495
30498 495
30499 495
30500 137
30501 823
30502 823
30503 823
30504 752
30505 752
30506 496
30507 496
30508 496
30509 496
30510 496
30511 69
30512 752
30513 13
30514 61
30515 67
30516 67
30517 67
30518 67
30519 67
30520 497
30521 497
30522 497
30523 497
30524 14
30525 61
30526 61
30527 61
30528 61
30529 61
30530 61
30531 61
30532 61
30533 67
30534 67
30535 232
30536 232
30537 4
30538 4
30539 61
30540 95
30541 498
30542 498
30543 498
30544 498
30545 3
30546 232
30547 232
30548 499
30549 499
30550 752
30551 752
30552 752
30553 752
30554 752
30555 752
30556 752
30557 752
30558 752
30559 752
30560 752
30561 752
30562 752
30563 752
30564 752
30565 752
30566 752
30567 752
30568 752
30569 752
30570 752
30571 752
30572 752
30573 752
30574 752
30575 752
30576 752
30577 752
30578 752
30579 752
30580 752
30581 752
30582 752
30583 752
30584 752
30585 752
30586 752
30587 752
30588 752
30589 752
30590 752
30591 752
30592 752
30593 752
30594 752
30595 752
30596 752
30597 752
30598 752
30599 752
30600 752
30601 752
30602 752
30603 752
30604 752
30605 752
30606 752
30607 752
30608 752
30609 752
30610 752
30611 752
30612 752
30613 752
30614 752
30615 752
30616 752
30617 752
30618 752
30619 752
30620 752
30621 752
30622 752
30623 752
30624 752
30625 752
30626 12
30627 752
30628 752
30629 752
30630 752
30631 752
30632 752
30633 752
30634 752
30635 752
30636 752
30637 12
30638 752
30639 752
30640 752
30641 752
30642 752
30643 752
30644 752
30645 752
30646 752
30647 752
30648 752
30649 752
30650 752
30651 823
30652 752
30653 110
30654 752
30655 752
30656 752
30657 752
30658 752
30659 752
30660 752
30661 752
30662 752
30663 752
30664 752
30665 752
30666 752
30667 752
30668 752
30669 752
30670 752
30671 752
30672 752
30673 752
30674 752
30675 752
30676 508
30677 752
30678 752
30679 752
30680 752
30681 752
30682 752
30683 752
30684 752
30685 752
30686 752
30687 752
30688 752
30689 752
30690 752
30691 752
30692 752
30693 752
30694 752
30695 752
30696 752
30697 752
30698 752
30699 752
30700 752
30701 752
30702 752
30703 752
30704 752
30705 752
30706 752
30707 752
30708 752
30709 752
30710 752
30711 752
30712 752
30713 752
30714 752
30715 752
30716 752
30717 752
30718 752
30719 752
30720 752
30721 752
30722 752
30723 752
30724 752
30725 752
30726 752
30727 752
30728 752
30729 752
30730 752
30731 752
30732 752
30733 752
30734 752
30735 752
30736 752
30737 752
30738 752
30739 752
30740 752
30741 752
30742 752
30743 752
30744 752
30745 752
30746 752
30747 752
30748 752
30749 752
30750 752
30751 752
30752 752
30753 752
30754 752
30755 752
30756 752
30757 752
30758 752
30759 752
30760 752
30761 752
30762 752
30763 752
30764 752
30765 752
30766 752
30767 752
30768 752
30769 232
30770 232
30771 752
30772 752
30773 752
30774 752
30775 752
30776 752
30777 752
30778 752
30779 752
30780 752
30781 752
30782 752
30783 752
30784 752
30785 752
30786 752
30787 752
30788 752
30789 752
30790 752
30791 752
30792 500
30793 500
30794 61
30795 137
30796 137
30797 752
30798 501
30799 501
30800 752
30801 752
30802 752
30803 752
30804 752
30805 752
30806 752
30807 752
30808 752
30809 752
30810 752
30811 752
30812 752
30813 752
30814 752
30815 752
30816 752
30817 752
30818 752
30819 752
30820 752
30821 752
30822 137
30823 502
30824 502
30825 503
30826 503
30827 504
30828 504
30829 752
30830 752
30831 752
30832 752
30833 752
30834 752
30835 752
30836 752
30837 752
30838 752
30839 752
30840 752
30841 752
30842 752
30843 752
30844 752
30845 752
30846 752
30847 7
30848 7
30849 7
30850 7
30851 752
30852 752
30853 752
30854 752
30855 752
30856 752
30857 752
30858 752
30859 752
30860 752
30861 752
30862 752
30863 752
30864 752
30865 752
30866 505
30867 505
30868 752
30869 752
30870 752
30871 752
30872 752
30873 506
30874 506
30875 507
30876 507
30877 507
30878 507
30879 507
30880 507
30881 752
30882 752
30883 752
30884 752
30885 508
30886 508
30887 508
30888 508
30889 508
30890 508
30891 752
30892 752
30893 752
30894 752
30895 752
30896 752
30897 752
30898 752
30899 752
30900 752
30901 509
30902 509
30903 509
30904 752
30905 752
30906 752
30907 752
30908 752
30909 752
30910 752
30911 752
30912 752
30913 510
30914 510
30915 12
30916 12
30917 12
30918 12
30919 12
30920 511
30921 511
30922 7
30923 7
30924 7
30925 7
30926 752
30927 752
30928 512
30929 512
30930 513
30931 513
30932 752
30933 752
30934 752
30935 514
30936 514
30937 515
30938 515
30939 516
30940 516
30941 517
30942 517
30943 517
30944 752
30945 61
30946 518
30947 518
30948 519
30949 519
30950 519
30951 520
30952 520
30953 887
30954 521
30955 521
30956 522
30957 522
30958 752
30959 523
30960 523
30961 524
30962 524
30963 525
30964 525
30965 526
30966 526
30967 527
30968 527
30969 528
30970 528
30971 528
30972 529
30973 529
30974 530
30975 530
30976 530
30977 531
30978 531
30979 532
30980 532
30981 532
30982 532
30983 532
30984 532
30985 532
30986 532
30987 532
30988 532
30989 532
30990 532
30991 532
30992 752
30993 752
30994 752
30995 752
30996 752
30997 752
30998 752
30999 752
31000 752
31001 752
31002 533
31003 533
31004 752
31005 752
31006 534
31007 534
31008 534
31009 535
31010 535
31011 424
31012 536
31013 536
31014 536
31015 536
31016 537
31017 537
31018 538
31019 538
31020 538
31021 539
31022 539
31023 540
31024 540
31025 540
31026 541
31027 541
31028 542
31029 542
31030 502
31031 137
31032 137
31033 137
31034 137
31035 543
31036 543
31037 544
31038 544
31039 544
31040 545
31041 545
31042 546
31043 546
31044 547
31045 547
31046 548
31047 548
31048 549
31049 549
31050 550
31051 550
31052 551
31053 551
31054 552
31055 552
31056 552
31057 553
31058 553
31059 554
31060 554
31061 555
31062 555
31063 556
31064 556
31065 557
31066 557
31067 558
31068 558
31069 559
31070 559
31071 560
31072 560
31073 561
31074 561
31075 562
31076 562
31077 563
31078 563
31079 564
31080 564
31081 565
31082 565
31083 566
31084 566
31085 567
31086 567
31087 568
31088 568
31089 569
31090 569
31091 570
31092 570
31093 571
31094 571
31095 572
31096 572
31097 573
31098 573
31099 574
31100 574
31101 575
31102 575
31103 576
31104 576
31105 577
31106 577
31107 578
31108 578
31109 579
31110 579
31111 580
31112 580
31113 581
31114 581
31115 582
31116 582
31117 544
31118 583
31119 583
31120 584
31121 584
31122 584
31123 584
31124 585
31125 585
31126 586
31127 586
31128 587
31129 587
31130 588
31131 588
31132 589
31133 589
31134 590
31135 590
31136 591
31137 591
31138 592
31139 592
31140 592
31141 593
31142 593
31143 594
31144 594
31145 595
31146 595
31147 596
31148 596
31149 597
31150 597
31151 598
31152 598
31153 598
31154 598
31155 137
31156 137
31157 599
31158 599
31159 600
31160 600
31161 752
31162 752
31163 752
31164 752
31165 752
31166 752
31167 752
31168 752
31169 752
31170 601
31171 601
31172 602
31173 602
31174 603
31175 603
31176 604
31177 604
31178 605
31179 605
31180 606
31181 606
31182 607
31183 607
31184 608
31185 608
31186 609
31187 609
31188 610
31189 610
31190 611
31191 611
31192 612
31193 612
31194 613
31195 613
31196 614
31197 614
31198 615
31199 615
31200 616
31201 616
31202 617
31203 617
31204 618
31205 618
31206 619
31207 619
31208 620
31209 620
31210 621
31211 621
31212 622
31213 622
31214 622
31215 622
31216 622
31217 623
31218 623
31219 624
31220 624
31221 752
31222 625
31223 625
31224 625
31225 626
31226 626
31227 626
31228 626
31229 627
31230 627
31231 627
31232 628
31233 628
31234 629
31235 629
31236 630
31237 630
31238 631
31239 631
31240 632
31241 632
31242 633
31243 633
31244 633
31245 634
31246 634
31247 635
31248 635
31249 636
31250 636
31251 637
31252 637
31253 638
31254 638
31255 639
31256 639
31257 640
31258 640
31259 641
31260 641
31261 642
31262 642
31263 643
31264 643
31265 644
31266 644
31267 645
31268 645
31269 646
31270 646
31271 647
31272 647
31273 648
31274 648
31275 649
31276 649
31277 650
31278 650
31279 651
31280 651
31281 652
31282 652
31283 652
31284 515
31285 653
31286 653
31287 654
31288 654
31289 655
31290 655
31291 656
31292 656
31293 657
31294 657
31295 658
31296 658
31297 659
31298 659
31299 660
31300 660
31301 661
31302 661
31303 661
31304 662
31305 662
31306 663
31307 663
31308 664
31309 664
31310 665
31311 665
31312 666
31313 666
31314 667
31315 667
31316 668
31317 668
31318 669
31319 669
31320 670
31321 670
31322 671
31323 671
31324 672
31325 672
31326 673
31327 673
31328 674
31329 674
31330 675
31331 675
31332 676
31333 676
31334 677
31335 677
31336 678
31337 678
31338 679
31339 679
31340 680
31341 680
31342 681
31343 681
31344 682
31345 682
31346 683
31347 683
31348 684
31349 684
31350 684
31351 684
31352 685
31353 685
31354 686
31355 686
31356 686
31357 686
31358 686
31359 686
31360 687
31361 687
31362 688
31363 688
31364 752
31365 752
31366 752
31367 752
31368 752
31369 12
31370 752
31371 752
31372 752
31373 752
31374 752
31375 752
31376 752
31377 752
31378 689
31379 689
31380 137
31381 137
31382 690
31383 690
31384 690
31385 690
31386 690
31387 690
31388 690
31389 690
31390 690
31391 4
31392 4
31393 4
31394 4
31395 4
31396 137
31397 137
31398 137
31399 12
31400 12
31401 12
31402 137
31403 137
31404 12
31405 12
31406 12
31407 12
31408 12
31409 12
31410 12
31411 752
31412 691
31413 691
31414 691
31415 691
31416 691
31417 691
31418 137
31419 137
31420 137
31421 692
31422 692
31423 692
31424 692
31425 1
31426 1
31427 1
31428 137
31429 137
31430 693
31431 693
31432 752
31433 694
31434 694
31435 695
31436 695
31437 695
31438 695
31439 695
31440 12
31441 12
31442 12
31443 12
31444 752
31445 12
31446 12
31447 12
31448 12
31449 12
31450 12
31451 12
31452 12
31453 12
31454 12
31455 12
31456 12
31457 12
31458 12
31459 12
31460 12
31461 12
31462 12
31463 12
31464 12
31465 12
31466 12
31467 12
31468 12
31469 12
31470 12
31471 12
31472 12
31473 12
31474 12
31475 12
31476 12
31477 12
31478 12
31479 12
31480 12
31481 12
31482 12
31483 12
31484 12
31485 12
31486 12
31487 12
31488 12
31489 12
31490 12
31491 12
31492 12
31493 12
31494 12
31495 12
31496 12
31497 12
31498 12
31499 12
31500 12
31501 12
31502 12
31503 12
31504 12
31505 12
31506 12
31507 12
31508 12
31509 12
31510 12
31511 12
31512 12
31513 12
31514 12
31515 12
31516 12
31517 12
31518 12
31519 12
31520 12
31521 12
31522 12
31523 12
31524 12
31525 12
31526 12
31527 12
31528 12
31529 12
31530 12
31531 12
31532 12
31533 12
31534 12
31535 12
31536 12
31537 12
31538 12
31539 12
31540 12
31541 12
31542 12
31543 12
31544 12
31545 12
31546 12
31547 12
31548 12
31549 12
31550 12
31551 12
31552 12
31553 12
31554 12
31555 12
31556 12
31557 12
31558 12
31559 12
31560 12
31561 12
31562 12
31563 12
31564 12
31565 12
31566 12
31567 12
31568 12
31569 12
31570 12
31571 12
31572 12
31573 12
31574 12
31575 12
31576 12
31577 12
31578 12
31579 12
31580 12
31581 12
31582 12
31583 12
31584 12
31585 12
31586 12
31587 12
31588 12
31589 12
31590 12
31591 12
31592 12
31593 12
31594 12
31595 12
31596 12
31597 12
31598 12
31599 12
31600 12
31601 12
31602 12
31603 12
31604 12
31605 12
31606 12
31607 12
31608 12
31609 12
31610 12
31611 12
31612 12
31613 12
31614 12
31615 12
31616 12
31617 12
31618 12
31619 12
31620 12
31621 12
31622 12
31623 12
31624 12
31625 12
31626 12
31627 12
31628 12
31629 12
31630 12
31631 12
31632 12
31633 12
31634 12
31635 12
31636 12
31637 12
31638 12
31639 12
31640 12
31641 12
31642 12
31643 12
31644 12
31645 12
31646 12
31647 12
31648 12
31649 12
31650 12
31651 12
31652 12
31653 12
31654 12
31655 12
31656 12
31657 12
31658 12
31659 12
31660 12
31661 12
31662 12
31663 12
31664 12
31665 12
31666 12
31667 12
31668 12
31669 12
31670 12
31671 12
31672 12
31673 12
31674 12
31675 12
31676 12
31677 12
31678 12
31679 12
31680 12
31681 12
31682 12
31683 12
31684 12
31685 12
31686 12
31687 12
31688 12
31689 12
31690 12
31691 12
31692 12
31693 12
31694 12
31695 12
31696 12
31697 12
31698 12
31699 12
31700 12
31701 12
31702 12
31703 12
31704 12
31705 12
31706 12
31707 12
31708 12
31709 12
31710 12
31711 12
31712 12
31713 12
31714 12
31715 12
31716 12
31717 12
31718 12
31719 12
31720 12
31721 12
31722 12
31723 12
31724 12
31725 12
31726 12
31727 12
31728 12
31729 12
31730 12
31731 12
31732 12
31733 12
31734 12
31735 12
31736 12
31737 12
31738 12
31739 12
31740 12
31741 12
31742 12
31743 12
31744 12
31745 12
31746 12
31747 12
31748 12
31749 12
31750 12
31751 12
31752 12
31753 12
31754 12
31755 12
31756 12
31757 12
31758 12
31759 12
31760 12
31761 12
31762 12
31763 12
31764 12
31765 12
31766 12
31767 12
31768 12
31769 12
31770 12
31771 12
31772 12
31773 12
31774 12
31775 12
31776 12
31777 12
31778 12
31779 12
31780 12
31781 12
31782 12
31783 12
31784 12
31785 12
31786 12
31787 12
31788 12
31789 12
31790 12
31791 12
31792 12
31793 12
31794 12
31795 12
31796 12
31797 12
31798 12
31799 12
31800 12
31801 12
31802 12
31803 12
31804 12
31805 12
31806 12
31807 12
31808 12
31809 12
31810 12
31811 12
31812 12
31813 12
31814 12
31815 12
31816 12
31817 12
31818 12
31819 12
31820 12
31821 12
31822 12
31823 12
31824 12
31825 12
31826 12
31827 12
31828 12
31829 12
31830 12
31831 12
31832 12
31833 12
31834 12
31835 12
31836 12
31837 12
31838 12
31839 12
31840 12
31841 12
31842 12
31843 12
31844 12
31845 12
31846 12
31847 12
31848 12
31849 12
31850 12
31851 12
31852 12
31853 12
31854 12
31855 12
31856 12
31857 12
31858 12
31859 12
31860 12
31861 12
31862 12
31863 12
31864 12
31865 12
31866 12
31867 12
31868 12
31869 12
31870 12
31871 12
31872 12
31873 12
31874 12
31875 12
31876 12
31877 12
31878 12
31879 12
31880 12
31881 12
31882 12
31883 12
31884 12
31885 12
31886 12
31887 12
31888 12
31889 12
31890 12
31891 12
31892 12
31893 12
31894 12
31895 12
31896 12
31897 12
31898 12
31899 12
31900 12
31901 12
31902 12
31903 12
31904 12
31905 12
31906 12
31907 12
31908 12
31909 12
31910 12
31911 12
31912 12
31913 12
31914 12
31915 12
31916 12
31917 12
31918 12
31919 12
31920 12
31921 12
31922 12
31923 12
31924 12
31925 12
31926 12
31927 12
31928 12
31929 12
31930 12
31931 12
31932 12
31933 12
31934 12
31935 12
31936 12
31937 12
31938 12
31939 12
31940 12
31941 12
31942 12
31943 12
31944 12
31945 12
31946 12
31947 12
31948 12
31949 12
31950 12
31951 12
31952 12
31953 12
31954 12
31955 12
31956 12
31957 12
31958 12
31959 12
31960 12
31961 12
31962 12
31963 12
31964 12
31965 12
31966 12
31967 12
31968 12
31969 12
31970 12
31971 12
31972 12
31973 12
31974 12
31975 12
31976 12
31977 12
31978 12
31979 12
31980 12
31981 12
31982 12
31983 12
31984 12
31985 12
31986 12
31987 12
31988 12
31989 12
31990 12
31991 12
31992 12
31993 12
31994 12
31995 12
31996 12
31997 12
31998 12
31999 12
32000 12
32001 12
32002 12
32003 12
32004 12
32005 12
32006 12
32007 12
32008 12
32009 12
32010 12
32011 12
32012 12
32013 12
32014 12
32015 12
32016 12
32017 12
32018 12
32019 12
32020 12
32021 12
32022 12
32023 12
32024 12
32025 12
32026 12
32027 12
32028 12
32029 12
32030 12
32031 12
32032 12
32033 12
32034 12
32035 12
32036 12
32037 12
32038 12
32039 12
32040 12
32041 12
32042 12
32043 12
32044 12
32045 12
32046 12
32047 12
32048 12
32049 12
32050 12
32051 12
32052 12
32053 12
32054 12
32055 12
32056 12
32057 12
32058 12
32059 12
32060 12
32061 12
32062 12
32063 12
32064 12
32065 12
32066 12
32067 12
32068 12
32069 12
32070 12
32071 12
32072 12
32073 12
32074 12
32075 12
32076 12
32077 12
32078 12
32079 12
32080 12
32081 12
32082 12
32083 12
32084 12
32085 12
32086 12
32087 12
32088 12
32089 12
32090 12
32091 12
32092 12
32093 12
32094 12
32095 12
32096 12
32097 12
32098 12
32099 12
32100 12
32101 12
32102 12
32103 12
32104 12
32105 12
32106 12
32107 12
32108 12
32109 12
32110 12
32111 12
32112 12
32113 12
32114 12
32115 12
32116 12
32117 12
32118 12
32119 12
32120 12
32121 12
32122 12
32123 12
32124 12
32125 12
32126 12
32127 12
32128 12
32129 12
32130 12
32131 12
32132 12
32133 12
32134 12
32135 12
32136 12
32137 12
32138 12
32139 12
32140 12
32141 12
32142 12
32143 12
32144 12
32145 12
32146 12
32147 12
32148 12
32149 12
32150 12
32151 12
32152 12
32153 12
32154 12
32155 12
32156 12
32157 12
32158 12
32159 12
32160 12
32161 12
32162 12
32163 12
32164 12
32165 12
32166 12
32167 12
32168 12
32169 12
32170 12
32171 12
32172 12
32173 12
32174 12
32175 12
32176 12
32177 12
32178 12
32179 12
32180 12
32181 12
32182 12
32183 12
32184 12
32185 12
32186 12
32187 12
32188 12
32189 12
32190 12
32191 12
32192 12
32193 12
32194 12
32195 12
32196 12
32197 12
32198 12
32199 12
32200 12
32201 12
32202 12
32203 12
32204 12
32205 12
32206 12
32207 12
32208 12
32209 12
32210 12
32211 12
32212 12
32213 12
32214 12
32215 12
32216 12
32217 12
32218 12
32219 12
32220 12
32221 12
32222 12
32223 12
32224 12
32225 12
32226 12
32227 12
32228 12
32229 12
32230 12
32231 12
32232 12
32233 12
32234 12
32235 12
32236 12
32237 12
32238 12
32239 12
32240 12
32241 12
32242 12
32243 12
32244 12
32245 12
32246 12
32247 12
32248 12
32249 12
32250 12
32251 12
32252 12
32253 12
32254 12
32255 12
32256 12
32257 12
32258 12
32259 12
32260 12
32261 12
32262 12
32263 12
32264 12
32265 12
32266 12
32267 12
32268 12
32269 12
32270 12
32271 12
32272 12
32273 12
32274 12
32275 12
32276 12
32277 12
32278 12
32279 12
32280 12
32281 12
32282 12
32283 12
32284 12
32285 12
32286 12
32287 12
32288 12
32289 12
32290 12
32291 12
32292 12
32293 12
32294 12
32295 12
32296 12
32297 12
32298 12
32299 12
32300 12
32301 12
32302 12
32303 12
32304 12
32305 12
32306 12
32307 12
32308 12
32309 12
32310 12
32311 12
32312 12
32313 12
32314 12
32315 12
32316 12
32317 12
32318 12
32319 12
32320 12
32321 12
32322 12
32323 12
32324 12
32325 12
32326 12
32327 12
32328 12
32329 12
32330 12
32331 12
32332 12
32333 12
32334 12
32335 12
32336 12
32337 12
32338 12
32339 12
32340 12
32341 12
32342 12
32343 12
32344 12
32345 12
32346 12
32347 12
32348 12
32349 12
32350 12
32351 12
32352 12
32353 12
32354 12
32355 12
32356 12
32357 12
32358 12
32359 12
32360 12
32361 12
32362 12
32363 12
32364 12
32365 12
32366 12
32367 12
32368 12
32369 12
32370 12
32371 12
32372 12
32373 12
32374 12
32375 12
32376 12
32377 12
32378 12
32379 12
32380 12
32381 12
32382 12
32383 12
32384 12
32385 12
32386 12
32387 12
32388 12
32389 12
32390 12
32391 12
32392 12
32393 12
32394 12
32395 12
32396 12
32397 12
32398 12
32399 12
32400 12
32401 12
32402 12
32403 12
32404 12
32405 12
32406 12
32407 12
32408 12
32409 12
32410 12
32411 12
32412 12
32413 12
32414 12
32415 12
32416 12
32417 12
32418 12
32419 12
32420 12
32421 12
32422 12
32423 12
32424 12
32425 12
32426 12
32427 12
32428 12
32429 12
32430 12
32431 12
32432 12
32433 12
32434 12
32435 12
32436 12
32437 12
32438 12
32439 12
32440 12
32441 12
32442 12
32443 12
32444 12
32445 12
32446 12
32447 12
32448 12
32449 12
32450 12
32451 12
32452 12
32453 12
32454 12
32455 12
32456 12
32457 12
32458 12
32459 12
32460 12
32461 12
32462 12
32463 12
32464 12
32465 12
32466 12
32467 12
32468 12
32469 12
32470 12
32471 12
32472 12
32473 12
32474 12
32475 12
32476 12
32477 12
32478 12
32479 12
32480 12
32481 12
32482 12
32483 12
32484 12
32485 12
32486 12
32487 12
32488 12
32489 12
32490 12
32491 12
32492 12
32493 12
32494 12
32495 12
32496 12
32497 12
32498 12
32499 12
32500 12
32501 12
32502 12
32503 12
32504 12
32505 12
32506 12
32507 12
32508 12
32509 12
32510 12
32511 12
32512 12
32513 12
32514 12
32515 12
32516 12
32517 12
32518 12
32519 12
32520 12
32521 12
32522 12
32523 12
32524 12
32525 12
32526 12
32527 12
32528 12
32529 12
32530 12
32531 12
32532 12
32533 12
32534 12
32535 12
32536 12
32537 12
32538 12
32539 12
32540 12
32541 12
32542 12
32543 12
32544 12
32545 12
32546 12
32547 12
32548 12
32549 12
32550 12
32551 12
32552 12
32553 12
32554 12
32555 12
32556 12
32557 12
32558 12
32559 12
32560 12
32561 12
32562 12
32563 12
32564 12
32565 12
32566 12
32567 12
32568 12
32569 12
32570 12
32571 12
32572 12
32573 12
32574 12
32575 12
32576 12
32577 12
32578 12
32579 12
32580 12
32581 12
32582 12
32583 12
32584 12
32585 12
32586 12
32587 12
32588 12
32589 12
32590 12
32591 12
32592 12
32593 12
32594 12
32595 12
32596 12
32597 12
32598 12
32599 12
32600 12
32601 12
32602 12
32603 12
32604 12
32605 12
32606 12
32607 12
32608 12
32609 12
32610 12
32611 12
32612 12
32613 12
32614 12
32615 12
32616 12
32617 12
32618 12
32619 12
32620 12
32621 12
32622 12
32623 12
32624 12
32625 12
32626 12
32627 12
32628 12
32629 12
32630 12
32631 12
32632 12
32633 12
32634 12
32635 12
32636 12
32637 12
32638 12
32639 12
32640 12
32641 12
32642 12
32643 12
32644 12
32645 12
32646 12
32647 12
32648 12
32649 12
32650 12
32651 12
32652 12
32653 12
32654 12
32655 12
32656 12
32657 12
32658 12
32659 12
32660 12
32661 12
32662 12
32663 12
32664 12
32665 12
32666 12
32667 12
32668 12
32669 12
32670 12
32671 12
32672 12
32673 12
32674 12
32675 12
32676 12
32677 12
32678 12
32679 12
32680 12
32681 12
32682 12
32683 12
32684 12
32685 12
32686 12
32687 12
32688 12
32689 12
32690 12
32691 12
32692 12
32693 12
32694 12
32695 12
32696 12
32697 12
32698 12
32699 12
32700 12
32701 12
32702 12
32703 12
32704 12
32705 12
32706 12
32707 12
32708 12
32709 12
32710 12
32711 12
32712 12
32713 12
32714 12
32715 12
32716 12
32717 12
32718 12
32719 12
32720 12
32721 12
32722 12
32723 12
32724 12
32725 137
32726 137
32727 137
32728 823
32729 823
32730 823
32731 823
32732 823
32733 823
32734 696
32735 696
32736 696
32737 696
32738 488
32739 488
32740 488
32741 697
32742 697
32743 698
32744 698
32745 236
32746 236
32747 61
32748 236
32749 236
32750 236
32751 236
32752 236
32753 236
32754 236
32755 699
32756 699
32757 700
32758 700
32759 137
32760 137
32761 137
32762 137
32763 137
32764 137
32765 137
32766 137
32767 137
32768 137
32769 137
32770 137
32771 137
32772 137
32773 137
32774 137
32775 137
32776 137
32777 137
32778 137
32779 137
32780 137
32781 137
32782 137
32783 137
32784 137
32785 137
32786 137
32787 137
32788 137
32789 137
32790 137
32791 137
32792 137
32793 137
32794 137
32795 137
32796 137
32797 137
32798 137
32799 137
32800 137
32801 137
32802 137
32803 137
32804 701
32805 701
32806 701
32807 701
32808 137
32809 488
32810 702
32811 702
32812 61
32813 61
32814 61
32815 61
32816 61
32817 61
32818 61
32819 61
32820 61
32821 61
32822 61
32823 61
32824 61
32825 61
32826 61
32827 61
32828 61
32829 61
32830 61
32831 61
32832 61
32833 61
32834 61
32835 61
32836 61
32837 61
32838 61
32839 61
32840 61
32841 61
32842 61
32843 61
32844 61
32845 61
32846 61
32847 61
32848 61
32849 61
32850 61
32851 0
32852 0
32853 0
32854 61
32855 703
32856 703
32857 75
32858 704
32859 704
32860 704
32861 705
32862 705
32863 61
32864 706
32865 706
32866 707
32867 707
32868 708
32869 708
32870 709
32871 709
32872 710
32873 710
32874 61
32875 61
32876 61
32877 61
32878 61
32879 61
32880 61
32881 711
32882 711
32883 711
32884 711
32885 711
32886 712
32887 712
32888 713
32889 713
32890 714
32891 714
32892 715
32893 715
32894 716
32895 716
32896 61
32897 61
32898 61
32899 61
32900 717
32901 717
32902 718
32903 718
32904 719
32905 719
32906 720
32907 720
32908 721
32909 721
32910 722
32911 722
32912 722
32913 723
32914 723
32915 488
32916 488
32917 724
32918 724
32919 725
32920 725
32921 726
32922 726
32923 727
32924 727
32925 728
32926 728
32927 728
32928 728
32929 729
32930 729
32931 730
32932 730
32933 488
32934 488
32935 488
32936 488
32937 488
32938 488
32939 488
32940 488
32941 488
32942 488
32943 488
32944 488
32945 488
32946 488
32947 488
32948 488
32949 488
32950 488
32951 488
32952 488
32953 488
32954 488
32955 488
32956 488
32957 488
32958 12
32959 12
32960 12
32961 12
32962 12
32963 731
32964 731
32965 732
32966 732
32967 887
32968 887
32969 887
32970 733
32971 733
32972 734
32973 734
32974 734
32975 735
32976 735
32977 736
32978 736
32979 736
32980 736
32981 737
32982 737
32983 737
32984 737
32985 137
32986 137
32987 61
32988 377
32989 137
32990 137
32991 137
32992 137
32993 137
32994 137
32995 137
32996 7
32997 7
32998 7
32999 7
33000 7
33001 7
33002 7
33003 7
33004 7
33005 7
33006 7
33007 7
33008 7
33009 7
33010 7
33011 7
33012 7
33013 7
33014 7
33015 7
33016 7
33017 7
33018 7
33019 7
33020 7
33021 7
33022 738
33023 738
33024 739
33025 739
33026 739
33027 739
33028 740
33029 740
33030 740
33031 740
33032 0
33033 7
33034 7
33035 7
33036 4
33037 4
33038 4
33039 4
33040 4
33041 4
33042 4
33043 4
33044 4
33045 4
33046 4
33047 4
33048 4
33049 752
33050 752
33051 752
33052 752
33053 752
33054 752
33055 742
33056 742
33057 742
33058 752
33059 741
33060 741
33061 741
33062 752
33063 488
33064 488
33065 488
33066 488
33067 61
33068 61
33069 61
33070 61
33071 61
33072 61
33073 61
33074 742
33075 742
33076 742
33077 742
33078 742
33079 742
33080 742
33081 742
33082 742
33083 742
33084 0
33085 4
33086 4
33087 12
33088 12
33089 12
33090 12
33091 12
33092 12
33093 12
33094 743
33095 743
33096 743
33097 743
33098 743
33099 743
33100 743
33101 12
33102 2
33103 2
33104 2
33105 2
33106 2
33107 2
33108 2
33109 2
33110 2
33111 2
33112 2
33113 2
33114 12
33115 12
33116 12
33117 12
33118 2
33119 2
33120 2
33121 12
33122 2
33123 2
33124 12
33125 12
33126 12
33127 12
33128 12
33129 12
33130 12
33131 887
33132 887
33133 887
33134 887
33135 887
33136 887
33137 887
33138 887
33139 12
33140 12
33141 12
33142 12
33143 12
33144 12
33145 12
33146 488
33147 12
33148 12
33149 12
33150 744
33151 744
33152 744
33153 744
33154 744
33155 744
33156 1
33157 1
33158 1
33159 1
33160 1
33161 745
33162 745
33163 745
33164 887
33165 746
33166 746
33167 746
33168 746
33169 12
33170 12
33171 12
33172 12
33173 12
33174 12
33175 12
33176 2
33177 887
33178 887
33179 887
33180 887
33181 887
33182 887
33183 747
33184 747
33185 747
33186 12
33187 12
33188 748
33189 748
33190 748
33191 748
33192 749
33193 749
33194 61
33195 237
33196 61
33197 61
33198 61
33199 61
33200 61
33201 61
33202 61
33203 61
33204 61
33205 61
33206 237
33207 61
33208 61
33209 237
33210 61
33211 61
33212 61
33213 61
33214 61
33215 12
33216 12
33217 12
33218 750
33219 750
33220 750
33221 750
33222 751
33223 751
33224 752
33225 753
33226 753
33227 754
33228 754
33229 754
33230 755
33231 755
33232 755
33233 755
33234 756
33235 756
33236 757
33237 757
33238 758
33239 758
33240 758
33241 758
33242 759
33243 759
33244 759
33245 760
33246 760
33247 761
33248 761
33249 2
33250 2
33251 2
33252 762
33253 762
33254 762
33255 763
33256 763
33257 764
33258 764
33259 764
33260 2
33261 2
33262 2
33263 2
33264 2
33265 2
33266 2
33267 2
33268 765
33269 765
33270 765
33271 766
33272 766
33273 766
33274 766
33275 766
33276 12
33277 12
33278 752
33279 12
33280 12
33281 12
33282 12
33283 12
33284 12
33285 12
33286 12
33287 12
33288 12
33289 12
33290 12
33291 12
33292 12
33293 752
33294 12
33295 12
33296 12
33297 767
33298 767
33299 767
33300 767
33301 768
33302 768
33303 769
33304 769
33305 769
33306 769
33307 769
33308 770
33309 770
33310 770
33311 770
33312 770
33313 770
33314 771
33315 771
33316 771
33317 771
33318 771
33319 771
33320 771
33321 771
33322 771
33323 771
33324 771
33325 771
33326 772
33327 772
33328 772
33329 772
33330 772
33331 772
33332 772
33333 772
33334 772
33335 773
33336 773
33337 774
33338 774
33339 774
33340 774
33341 774
33342 774
33343 774
33344 774
33345 774
33346 774
33347 12
33348 12
33349 12
33350 12
33351 12
33352 12
33353 12
33354 12
33355 12
33356 775
33357 775
33358 106
33359 106
33360 106
33361 776
33362 776
33363 777
33364 777
33365 778
33366 778
33367 12
33368 752
33369 779
33370 779
33371 779
33372 779
33373 779
33374 779
33375 779
33376 779
33377 779
33378 779
33379 780
33380 780
33381 12
33382 12
33383 137
33384 12
33385 12
33386 12
33387 12
33388 12
33389 12
33390 12
33391 781
33392 781
33393 488
33394 488
33395 488
33396 12
33397 12
33398 12
33399 12
33400 782
33401 782
33402 12
33403 783
33404 783
33405 783
33406 784
33407 784
33408 784
33409 784
33410 785
33411 785
33412 785
33413 785
33414 786
33415 786
33416 786
33417 786
33418 786
33419 786
33420 249
33421 249
33422 787
33423 787
33424 787
33425 787
33426 788
33427 788
33428 788
33429 12
33430 12
33431 12
33432 12
33433 12
33434 12
33435 789
33436 789
33437 789
33438 789
33439 7
33440 7
33441 7
33442 7
33443 7
33444 7
33445 7
33446 7
33447 61
33448 61
33449 61
33450 61
33451 7
33452 790
33453 790
33454 790
33455 7
33456 7
33457 7
33458 7
33459 7
33460 7
33461 791
33462 791
33463 791
33464 791
33465 791
33466 791
33467 488
33468 488
33469 488
33470 488
33471 488
33472 488
33473 488
33474 488
33475 488
33476 488
33477 488
33478 488
33479 488
33480 488
33481 488
33482 488
33483 488
33484 488
33485 488
33486 488
33487 488
33488 488
33489 488
33490 488
33491 488
33492 488
33493 488
33494 488
33495 488
33496 488
33497 488
33498 488
33499 488
33500 488
33501 488
33502 488
33503 488
33504 488
33505 488
33506 488
33507 488
33508 488
33509 488
33510 488
33511 488
33512 488
33513 488
33514 488
33515 488
33516 488
33517 488
33518 488
33519 488
33520 488
33521 488
33522 488
33523 488
33524 488
33525 488
33526 488
33527 488
33528 488
33529 488
33530 488
33531 488
33532 488
33533 488
33534 488
33535 488
33536 488
33537 488
33538 488
33539 488
33540 488
33541 488
33542 488
33543 488
33544 488
33545 488
33546 488
33547 488
33548 488
33549 488
33550 488
33551 488
33552 488
33553 488
33554 488
33555 488
33556 488
33557 488
33558 488
33559 488
33560 488
33561 488
33562 488
33563 488
33564 488
33565 488
33566 488
33567 488
33568 488
33569 488
33570 488
33571 488
33572 488
33573 488
33574 488
33575 488
33576 488
33577 488
33578 488
33579 488
33580 488
33581 488
33582 488
33583 488
33584 488
33585 488
33586 488
33587 488
33588 488
33589 488
33590 488
33591 488
33592 488
33593 488
33594 488
33595 488
33596 488
33597 488
33598 488
33599 488
33600 488
33601 488
33602 488
33603 488
33604 488
33605 488
33606 488
33607 488
33608 488
33609 488
33610 488
33611 488
33612 488
33613 488
33614 792
33615 792
33616 7
33617 7
33618 7
33619 7
33620 793
33621 793
33622 794
33623 794
33624 794
33625 488
33626 488
33627 488
33628 61
33629 488
33630 488
33631 488
33632 488
33633 488
33634 488
33635 488
33636 488
33637 488
33638 488
33639 488
33640 488
33641 488
33642 488
33643 488
33644 488
33645 488
33646 488
33647 488
33648 488
33649 488
33650 488
33651 488
33652 488
33653 488
33654 488
33655 488
33656 61
33657 488
33658 488
33659 488
33660 488
33661 488
33662 488
33663 488
33664 488
33665 488
33666 488
33667 488
33668 488
33669 488
33670 488
33671 488
33672 488
33673 488
33674 488
33675 488
33676 795
33677 795
33678 795
33679 795
33680 795
33681 795
33682 795
33683 795
33684 795
33685 795
33686 795
33687 796
33688 796
33689 796
33690 796
33691 796
33692 796
33693 796
33694 797
33695 797
33696 798
33697 798
33698 799
33699 799
33700 799
33701 800
33702 800
33703 800
33704 488
33705 488
33706 488
33707 488
33708 801
33709 801
33710 802
33711 802
33712 802
33713 802
33714 802
33715 803
33716 803
33717 804
33718 804
33719 804
33720 805
33721 805
33722 805
33723 805
33724 806
33725 806
33726 807
33727 807
33728 808
33729 808
33730 488
33731 488
33732 488
33733 488
33734 488
33735 809
33736 809
33737 809
33738 810
33739 810
33740 488
33741 488
33742 488
33743 488
33744 488
33745 488
33746 488
33747 488
33748 488
33749 811
33750 811
33751 812
33752 812
33753 812
33754 813
33755 813
33756 813
33757 814
33758 814
33759 815
33760 815
33761 816
33762 816
33763 817
33764 817
33765 818
33766 818
33767 819
33768 819
33769 820
33770 820
33771 821
33772 821
33773 821
33774 821
33775 137
33776 137
33777 137
33778 822
33779 822
33780 823
33781 823
33782 823
33783 823
33784 823
33785 823
33786 61
33787 61
33788 887
33789 887
33790 887
33791 887
33792 887
33793 887
33794 4
33795 4
33796 4
33797 823
33798 823
33799 823
33800 823
33801 823
33802 823
33803 137
33804 61
33805 3
33806 824
33807 824
33808 824
33809 824
33810 824
33811 824
33812 824
33813 824
33814 824
33815 824
33816 824
33817 824
33818 824
33819 824
33820 824
33821 824
33822 824
33823 824
33824 824
33825 824
33826 824
33827 824
33828 824
33829 824
33830 824
33831 824
33832 824
33833 824
33834 824
33835 824
33836 824
33837 824
33838 824
33839 824
33840 824
33841 824
33842 824
33843 824
33844 824
33845 824
33846 824
33847 824
33848 824
33849 824
33850 824
33851 824
33852 824
33853 824
33854 40
33855 40
33856 40
33857 40
33858 40
33859 40
33860 40
33861 40
33862 40
33863 40
33864 40
33865 40
33866 40
33867 40
33868 824
33869 40
33870 40
33871 40
33872 40
33873 40
33874 40
33875 61
33876 61
33877 825
33878 825
33879 825
33880 825
33881 825
33882 825
33883 825
33884 825
33885 825
33886 40
33887 40
33888 40
33889 826
33890 826
33891 827
33892 827
33893 827
33894 827
33895 61
33896 61
33897 61
33898 61
33899 828
33900 828
33901 828
33902 0
33903 0
33904 0
33905 488
33906 7
33907 7
33908 7
33909 7
33910 7
33911 7
33912 7
33913 7
33914 7
33915 7
33916 7
33917 7
33918 7
33919 7
33920 7
33921 7
33922 7
33923 7
33924 7
33925 7
33926 7
33927 7
33928 7
33929 7
33930 7
33931 7
33932 7
33933 7
33934 7
33935 7
33936 7
33937 7
33938 7
33939 829
33940 829
33941 829
33942 829
33943 829
33944 488
33945 488
33946 488
33947 488
33948 488
33949 488
33950 488
33951 488
33952 7
33953 7
33954 7
33955 7
33956 7
33957 7
33958 7
33959 7
33960 61
33961 61
33962 830
33963 830
33964 830
33965 830
33966 831
33967 831
33968 831
33969 831
33970 831
33971 831
33972 832
33973 832
33974 832
33975 7
33976 7
33977 7
33978 7
33979 7
33980 7
33981 7
33982 7
33983 7
33984 7
33985 7
33986 7
33987 7
33988 7
33989 7
33990 7
33991 7
33992 7
33993 7
33994 7
33995 7
33996 7
33997 833
33998 833
33999 833
34000 833
34001 218
34002 218
34003 834
34004 834
34005 835
34006 835
34007 836
34008 836
34009 837
34010 837
34011 837
34012 837
34013 137
34014 137
34015 137
34016 137
34017 137
34018 137
34019 137
34020 137
34021 137
34022 137
34023 137
34024 137
34025 137
34026 95
34027 61
34028 838
34029 839
34030 839
34031 61
34032 840
34033 840
34034 840
34035 840
34036 7
34037 7
34038 841
34039 841
34040 841
34041 842
34042 842
34043 842
34044 842
34045 842
34046 842
34047 843
34048 843
34049 0
34050 0
34051 0
34052 844
34053 844
34054 845
34055 845
34056 845
34057 845
34058 846
34059 846
34060 40
34061 61
34062 61
34063 61
34064 847
34065 847
34066 847
34067 848
34068 848
34069 40
34070 40
34071 40
34072 40
34073 40
34074 40
34075 40
34076 40
34077 40
34078 40
34079 40
34080 40
34081 849
34082 849
34083 849
34084 849
34085 61
34086 61
34087 61
34088 61
34089 850
34090 850
34091 850
34092 850
34093 851
34094 851
34095 851
34096 851
34097 851
34098 851
34099 851
34100 851
34101 851
34102 311
34103 311
34104 311
34105 311
34106 311
34107 311
34108 311
34109 311
34110 852
34111 852
34112 853
34113 853
34114 61
34115 854
34116 854
34117 855
34118 855
34119 855
34120 855
34121 856
34122 856
34123 856
34124 0
34125 0
34126 0
34127 0
34128 0
34129 0
34130 0
34131 0
34132 0
34133 0
34134 0
34135 0
34136 488
34137 857
34138 857
34139 857
34140 857
34141 858
34142 858
34143 858
34144 858
34145 859
34146 859
34147 859
34148 860
34149 860
34150 860
34151 861
34152 861
34153 862
34154 862
34155 862
34156 863
34157 863
34158 863
34159 863
34160 863
34161 61
34162 864
34163 864
34164 488
34165 488
34166 488
34167 488
34168 0
34169 0
34170 865
34171 865
34172 865
34173 865
34174 865
34175 488
34176 488
34177 488
34178 488
34179 488
34180 866
34181 866
34182 866
34183 866
34184 488
34185 488
34186 488
34187 488
34188 488
34189 488
34190 488
34191 488
34192 488
34193 488
34194 488
34195 488
34196 488
34197 488
34198 488
34199 488
34200 488
34201 488
34202 488
34203 488
34204 488
34205 488
34206 488
34207 488
34208 488
34209 488
34210 488
34211 488
34212 488
34213 488
34214 488
34215 488
34216 488
34217 488
34218 488
34219 488
34220 488
34221 488
34222 488
34223 488
34224 488
34225 488
34226 488
34227 488
34228 488
34229 488
34230 488
34231 488
34232 488
34233 488
34234 488
34235 488
34236 488
34237 488
34238 488
34239 488
34240 488
34241 488
34242 488
34243 488
34244 488
34245 488
34246 488
34247 488
34248 488
34249 488
34250 488
34251 488
34252 488
34253 488
34254 488
34255 488
34256 488
34257 488
34258 488
34259 488
34260 488
34261 488
34262 488
34263 488
34264 488
34265 488
34266 488
34267 488
34268 488
34269 488
34270 488
34271 488
34272 488
34273 488
34274 488
34275 488
34276 488
34277 488
34278 488
34279 488
34280 488
34281 488
34282 488
34283 488
34284 488
34285 488
34286 488
34287 488
34288 488
34289 488
34290 488
34291 488
34292 488
34293 488
34294 488
34295 488
34296 488
34297 488
34298 488
34299 488
34300 488
34301 488
34302 488
34303 488
34304 488
34305 488
34306 488
34307 488
34308 488
34309 488
34310 488
34311 488
34312 488
34313 488
34314 488
34315 488
34316 488
34317 488
34318 488
34319 488
34320 488
34321 488
34322 488
34323 488
34324 488
34325 488
34326 488
34327 488
34328 488
34329 488
34330 488
34331 61
34332 488
34333 867
34334 867
34335 868
34336 868
34337 869
34338 869
34339 137
34340 137
34341 870
34342 870
34343 870
34344 871
34345 871
34346 871
34347 871
34348 488
34349 488
34350 488
34351 61
34352 61
34353 872
34354 872
34355 872
34356 872
34357 872
34358 27
34359 873
34360 873
34361 873
34362 874
34363 874
34364 874
34365 874
34366 874
34367 872
34368 872
34369 872
34370 872
34371 61
34372 875
34373 875
34374 875
34375 875
34376 3
34377 3
34378 3
34379 3
34380 3
34381 3
34382 3
34383 3
34384 3
34385 3
34386 3
34387 3
34388 3
34389 3
34390 3
34391 3
34392 3
34393 3
34394 3
34395 3
34396 61
34397 488
34398 488
34399 876
34400 876
34401 876
34402 876
34403 876
34404 876
34405 876
34406 876
34407 876
34408 876
34409 61
34410 61
34411 61
34412 877
34413 877
34414 137
34415 752
34416 752
34417 752
34418 752
34419 752
34420 752
34421 52
34422 52
34423 52
34424 488
34425 3
34426 3
34427 3
34428 3
34429 878
34430 878
34431 878
34432 879
34433 879
34434 879
34435 488
34436 488
34437 488
34438 488
34439 488
34440 488
34441 50
34442 50
34443 50
34444 50
34445 137
34446 488
34447 3
34448 3
34449 3
34450 3
34451 3
34452 3
34453 3
34454 3
34455 3
34456 3
34457 61
34458 876
34459 52
34460 14
34461 14
34462 14
34463 14
34464 14
34465 14
34466 14
34467 14
34468 880
34469 880
34470 880
34471 880
34472 881
34473 881
34474 881
34475 881
34476 882
34477 882
34478 883
34479 883
34480 137
34481 884
34482 884
34483 884
34484 885
34485 885
34486 232
34487 232
34488 232
34489 887
34490 887
34491 887
34492 887
34493 887
34494 887
34495 887
34496 887
34497 886
34498 886
34499 886
34500 886
34501 886
34502 886
34503 886
34504 886
34505 886
34506 887
34507 887
34508 887
34509 887
34510 887
34511 887
34512 887
34513 887
34514 887
34515 887
34516 887
34517 888
34518 888
34519 887
34520 887
34521 887
34522 84
34523 84
34524 0
34525 0
34526 0
34527 0
34528 61
34529 61
34530 61
34531 3
34532 3
34533 3
34534 3
34535 3
34536 3
34537 3
34538 3
34539 3
34540 3
34541 3
34542 3
34543 3
34544 3
34545 889
34546 889
34547 889
34548 889
34549 890
34550 890
34551 890
34552 890
34553 890
34554 890
34555 890
34556 3
34557 3
34558 48
34559 48
34560 488
34561 488
34562 488
34563 7
34564 7
34565 7
34566 7
34567 61
34568 488
34569 488
34570 488
34571 488
34572 488
34573 488
34574 488
34575 488
34576 488
34577 488
34578 488
34579 488
34580 488
34581 488
34582 488
34583 488
34584 488
34585 691
34586 691
34587 691
34588 891
34589 891
34590 891
34591 891
34592 891
34593 891
34594 891
34595 891
34596 891
34597 891
34598 891
34599 891
34600 891
34601 891
34602 891
34603 891
34604 301
34605 892
34606 892
34607 893
34608 893
34609 893
34610 893
34611 893
34612 887
34613 887
34614 887
34615 887
34616 887
34617 887
34618 887
34619 887
34620 887
34621 887
34622 887
34623 887
34624 887
34625 887
34626 887
34627 887
34628 887
34629 887
34630 887
34631 887
34632 887
34633 887
34634 887
34635 887
34636 887
34637 887
34638 894
34639 894
34640 895
34641 895
34642 895
34643 895
34644 895
34645 895
34646 895
34647 895
34648 895
34649 23
34650 23
34651 23
34652 23
34653 23
34654 23
34655 23
34656 897
34657 897
34658 897
34659 897
34660 897
34661 897
34662 896
34663 896
34664 896
34665 896
34666 896
34667 897
34668 897
34669 897
34670 887
34671 887
34672 61
34673 61
34674 61
34675 61
34676 61
34677 61
34678 61
34679 61
34680 61
34681 61
34682 61
34683 61
34684 61
34685 61
34686 61
34687 61
34688 61
34689 61
34690 61
34691 61
34692 61
34693 61
34694 61
34695 61
34696 61
34697 61
34698 61
34699 61
34700 61
34701 61
34702 61
34703 61
34704 61
34705 61
34706 61
34707 61
34708 61
34709 61
34710 61
34711 61
34712 61
34713 61
34714 61
34715 61
34716 61
34717 61
34718 61
34719 61
34720 61
34721 61
34722 61
34723 61
34724 61
34725 61
34726 898
34727 898
34728 899
34729 899
34730 488
34731 488
34732 488
34733 488
34734 488
34735 488
34736 488
34737 488
34738 488
34739 488
34740 488
34741 488
34742 61
34743 488
34744 488
34745 488
34746 488
34747 900
34748 900
34749 26
34750 8
34751 8
34752 8
34753 8
34754 8
34755 8
34756 8
34757 8
34758 8
34759 8
34760 8
34761 8
34762 8
34763 8
34764 8
34765 8
34766 8
34767 8
34768 8
34769 8
34770 8
34771 8
34772 8
34773 8
34774 8
34775 8
34776 8
34777 8
34778 8
34779 8
34780 8
34781 8
34782 901
34783 901
34784 901
34785 901
34786 902
34787 902
34788 902
34789 902
34790 902
34791 902
34792 902
34793 903
34794 903
34795 8
34796 8
34797 8
34798 8
34799 717
34800 717
34801 717
34802 717
34803 8
34804 718
34805 718
34806 718
34807 718
34808 718
34809 8
34810 8
34811 8
34812 719
34813 719
34814 218
34815 218
34816 218
34817 218
34818 218
34819 218
34820 218
34821 218
34822 218
34823 218
34824 218
34825 218
34826 218
34827 218
34828 218
34829 218
34830 218
34831 720
34832 720
34833 720
34834 720
34835 720
34836 721
34837 721
34838 721
34839 721
34840 721
34841 721
34842 137
34843 137
34844 137
34845 218
34846 218
34847 722
34848 722
34849 218
34850 218
34851 723
34852 723
34853 137
34854 137
34855 137
34856 137
34857 137
34858 724
34859 724
34860 724
34861 724
34862 725
34863 725
34864 726
34865 726
34866 726
34867 726
34868 727
34869 727
34870 727
34871 728
34872 728
34873 728
34874 728
34875 729
34876 729
34877 729
34878 730
34879 730
34880 730
34881 730
34882 137
34883 137
34884 137
34885 137
34886 137
34887 137
34888 137
34889 137
34890 137
34891 137
34892 887
34893 887
34894 887
34895 887
34896 887
34897 887
34898 887
34899 887
34900 887
34901 887
34902 887
34903 887
34904 887
34905 887
34906 887
34907 887
34908 887
34909 887
34910 887
34911 887
34912 887
34913 887
34914 887
34915 887
34916 887
34917 887
34918 887
34919 887
34920 0
34921 137
34922 137
34923 137
34924 137
34925 137
34926 137
34927 887
34928 887
34929 887
34930 887
34931 137
34932 137
34933 137
34934 137
34935 137
34936 137
34937 137
34938 137
34939 137
34940 137
34941 61
34942 61
34943 61
34944 61
34945 61
34946 61
34947 61
34948 61
34949 61
34950 61
34951 731
34952 731
34953 731
34954 731
34955 137
34956 732
34957 732
34958 733
34959 733
34960 137
34961 137
34962 733
34963 733
34964 733
34965 733
34966 734
34967 734
34968 734
34969 0
34970 0
34971 0
34972 0
34973 0
34974 0
34975 0
34976 0
34977 386
34978 386
34979 386
34980 386
34981 386
34982 386
34983 386
34984 386
34985 386
34986 0
34987 0
34988 0
34989 0
34990 0
34991 0
34992 0
34993 0
34994 0
34995 0
34996 0
34997 0
34998 0
34999 0
35000 0
35001 0
35002 0
35003 0
35004 0
35005 0
35006 0
35007 0
35008 0
35009 0
35010 0
35011 0
35012 488
35013 0
35014 0
35015 736
35016 736
35017 736
35018 736
35019 488
35020 488
35021 488
35022 488
35023 488
35024 488
35025 488
35026 0
35027 0
35028 0
35029 0
35030 0
35031 0
35032 0
35033 737
35034 737
35035 738
35036 738
35037 738
35038 739
35039 739
35040 740
35041 740
35042 0
35043 0
35044 738
35045 0
35046 0
35047 0
35048 741
35049 741
35050 741
35051 741
35052 232
35053 232
35054 742
35055 742
35056 742
35057 232
35058 742
35059 742
35060 742
35061 137
35062 137
35063 137
35064 742
35065 212
35066 212
35067 212
35068 212
35069 212
35070 137
35071 137
35072 137
35073 3
35074 3
35075 3
35076 3
35077 232
35078 213
35079 213
35080 213
35081 213
35082 213
35083 213
35084 213
35085 213
35086 213
35087 213
35088 213
35089 137
35090 823
35091 823
35092 823
35093 823
35094 823
35095 137
35096 137
35097 137
35098 137
35099 137
35100 232
35101 232
35102 213
35103 213
35104 213
35105 214
35106 214
35107 214
35108 214
35109 214
35110 214
35111 214
35112 214
35113 218
35114 218
35115 19
35116 19
35117 19
35118 19
35119 19
35120 19
35121 19
35122 214
35123 214
35124 215
35125 215
35126 215
35127 215
35128 216
35129 216
35130 217
35131 217
35132 217
35133 217
35134 217
35135 217
35136 217
35137 217
35138 217
35139 217
35140 386
35141 386
35142 219
35143 219
35144 219
35145 219
35146 220
35147 220
35148 220
35149 220
35150 220
35151 220
35152 220
35153 220
35154 220
35155 220
35156 221
35157 221
35158 222
35159 222
35160 223
35161 223
35162 223
35163 223
35164 223
35165 223
35166 224
35167 224
35168 225
35169 225
35170 225
35171 225
35172 225
35173 225
35174 225
35175 225
35176 226
35177 226
35178 226
35179 226
35180 227
35181 227
35182 227
35183 227
35184 227
35185 227
35186 228
35187 228
35188 228
35189 228
35190 228
35191 0
35192 0
35193 0
35194 228
35195 228
35196 228
35197 228
35198 229
35199 229
35200 229
35201 229
35202 229
35203 229
35204 230
35205 230
35206 230
35207 230
35208 137
35209 137
35210 137
35211 137
35212 137
35213 137
35214 137
35215 137
35216 137
35217 232
35218 137
35219 137
35220 137
35221 137
35222 137
35223 137
35224 137
35225 137
35226 137
35227 137
35228 230
35229 230
35230 137
35231 137
35232 137
35233 137
35234 230
35235 230
35236 230
35237 230
35238 230
35239 230
35240 230
35241 230
35242 137
35243 230
35244 230
35245 230
35246 230
35247 230
35248 230
35249 230
35250 230
35251 230
35252 230
35253 230
35254 230
35255 230
35256 230
35257 231
35258 231
35259 231
35260 231
35261 231
35262 231
35263 231
35264 137
35265 231
35266 231
35267 231
35268 231
35269 231
35270 231
35271 231
35272 231
35273 231
35274 231
35275 231
35276 231
35277 231
35278 231
35279 231
35280 231
35281 231
35282 231
35283 231
35284 231
35285 231
35286 231
35287 231
35288 231
35289 231
35290 231
35291 137
35292 137
35293 137
35294 231
35295 231
35296 231
35297 231
35298 231
35299 231
35300 231
35301 231
35302 231
35303 231
35304 137
35305 231
35306 231
35307 231
35308 231
35309 231
35310 231
35311 231
35312 231
35313 61
35314 61
35315 61
35316 231
35317 231
35318 231
35319 231
35320 231
35321 231
35322 231
35323 231
35324 231
35325 231
35326 61
35327 61
35328 61
35329 231
35330 231
35331 231
35332 488
35333 488
35334 61
35335 61
35336 61
35337 61
35338 61
35339 61
35340 61
35341 32
35342 61
35343 61
35344 231
35345 231
35346 231
35347 231
35348 231
35349 231
35350 231
35351 231
35352 231
35353 231
35354 231
35355 0
35356 0
35357 0
35358 0
35359 0
35360 0
35361 0
35362 0
35363 0
35364 0
35365 0
35366 0
35367 0
35368 0
35369 0
35370 0
35371 0
35372 0
35373 0
35374 0
35375 0
35376 0
35377 0
35378 0
35379 0
35380 0
35381 0
35382 0
35383 0
35384 0
35385 0
35386 0
35387 0
35388 0
35389 0
35390 0
35391 0
35392 0
35393 0
35394 0
35395 0
35396 0
35397 0
35398 0
35399 0
35400 0
35401 0
35402 0
35403 0
35404 0
35405 0
35406 0
35407 0
35408 0
35409 61
35410 61
35411 61
35412 61
35413 0
35414 0
35415 0
35416 0
35417 0
35418 0
35419 0
35420 61
35421 0
35422 0
35423 0
35424 0
35425 0
35426 0
35427 0
35428 0
35429 0
35430 0
35431 0
35432 61
35433 0
35434 0
35435 0
35436 0
35437 0
35438 0
35439 0
35440 0
35441 0
35442 0
35443 0
35444 0
35445 0
35446 0
35447 0
35448 0
35449 0
35450 231
35451 231
35452 231
35453 231
35454 231
35455 231
35456 231
35457 231
35458 231
35459 0
35460 0
35461 0
35462 0
35463 0
35464 0
35465 130
35466 130
35467 130
35468 130
35469 130
35470 0
35471 0
35472 0
35473 0
35474 0
35475 0
35476 0
35477 0
35478 0
35479 0
35480 137
35481 137
35482 137
35483 0
35484 0
35485 0
35486 0
35487 0
35488 0
35489 0
35490 232
35491 232
35492 232
35493 232
35494 232
35495 232
35496 232
35497 232
35498 232
35499 232
35500 232
35501 232
35502 232
35503 232
35504 0
35505 0
35506 0
35507 0
35508 0
35509 0
35510 0
35511 0
35512 0
35513 0
35514 0
35515 0
35516 0
35517 0
35518 0
35519 0
35520 0
35521 0
35522 0
35523 61
35524 137
35525 137
35526 137
35527 61
35528 0
35529 0
35530 14
35531 14
35532 14
35533 14
35534 14
35535 14
35536 233
35537 233
35538 233
35539 233
35540 233
35541 233
35542 40
35543 40
35544 40
35545 40
35546 40
35547 40
35548 40
35549 40
35550 40
35551 40
35552 40
35553 40
35554 40
35555 40
35556 40
35557 40
35558 40
35559 40
35560 40
35561 233
35562 233
35563 233
35564 232
35565 40
35566 40
35567 40
35568 40
35569 40
35570 40
35571 40
35572 40
35573 40
35574 40
35575 40
35576 40
35577 40
35578 234
35579 234
35580 234
35581 234
35582 234
35583 234
35584 234
35585 234
35586 234
35587 234
35588 137
35589 234
35590 234
35591 234
35592 234
35593 234
35594 234
35595 234
35596 234
35597 61
35598 234
35599 234
35600 234
35601 234
35602 234
35603 234
35604 234
35605 234
35606 234
35607 234
35608 234
35609 234
35610 234
35611 235
35612 235
35613 235
35614 235
35615 235
35616 235
35617 235
35618 235
35619 235
35620 235
35621 232
35622 232
35623 232
35624 235
35625 235
35626 235
35627 235
35628 236
35629 236
35630 236
35631 236
35632 236
35633 887
35634 887
35635 887
35636 61
35637 61
35638 61
35639 61
35640 61
35641 61
35642 61
35643 61
35644 61
35645 61
35646 61
35647 61
35648 61
35649 61
35650 61
35651 61
35652 61
35653 61
35654 61
35655 61
35656 61
35657 61
35658 61
35659 61
35660 61
35661 61
35662 61
35663 61
35664 61
35665 61
35666 61
35667 61
35668 61
35669 61
35670 61
35671 61
35672 61
35673 61
35674 61
35675 237
35676 61
35677 61
35678 61
35679 61
35680 61
35681 61
35682 61
35683 236
35684 236
35685 236
35686 236
35687 236
35688 236
35689 236
35690 236
35691 61
35692 752
35693 236
35694 236
35695 236
35696 1
35697 1
35698 1
35699 1
35700 61
35701 117
35702 117
35703 117
35704 13
35705 13
35706 13
35707 13
35708 13
35709 13
35710 236
35711 236
35712 236
35713 236
35714 236
35715 1
35716 1
35717 1
35718 236
35719 236
35720 236
35721 236
35722 236
35723 236
35724 236
35725 236
35726 236
35727 236
35728 236
35729 236
35730 237
35731 237
35732 237
35733 237
35734 237
35735 237
35736 237
35737 237
35738 237
35739 237
35740 237
35741 237
35742 237
35743 237
35744 237
35745 237
35746 237
35747 237
35748 237
35749 237
35750 237
35751 237
35752 237
35753 237
35754 237
35755 237
35756 237
35757 237
35758 237
35759 237
35760 237
35761 237
35762 237
35763 237
35764 237
35765 237
35766 237
35767 237
35768 237
35769 752
35770 238
35771 238
35772 238
35773 238
35774 1
35775 1
35776 1
35777 1
35778 237
35779 744
35780 744
35781 744
35782 744
35783 237
35784 237
35785 237
35786 237
35787 237
35788 237
35789 237
35790 237
35791 237
35792 237
35793 237
35794 237
35795 237
35796 237
35797 237
35798 237
35799 237
35800 237
35801 237
35802 237
35803 237
35804 237
35805 237
35806 237
35807 237
35808 237
35809 237
35810 61
35811 61
35812 61
35813 61
35814 61
35815 61
35816 238
35817 238
35818 238
35819 237
35820 237
35821 238
35822 238
35823 238
35824 238
35825 238
35826 238
35827 238
35828 237
35829 237
35830 237
35831 1
35832 1
35833 238
35834 238
35835 1
35836 1
35837 238
35838 238
35839 238
35840 238
35841 238
35842 238
35843 238
35844 238
35845 238
35846 238
35847 239
35848 239
35849 239
35850 239
35851 239
35852 239
35853 137
35854 239
35855 239
35856 137
35857 137
35858 137
35859 137
35860 137
35861 823
35862 823
35863 61
35864 61
35865 61
35866 239
35867 239
35868 239
35869 239
35870 239
35871 239
35872 239
35873 239
35874 239
35875 239
35876 239
35877 239
35878 239
35879 7
35880 7
35881 7
35882 7
35883 7
35884 7
35885 7
35886 7
35887 240
35888 240
35889 240
35890 240
35891 240
35892 240
35893 240
35894 240
35895 240
35896 240
35897 240
35898 240
35899 240
35900 240
35901 240
35902 240
35903 7
35904 7
35905 7
35906 7
35907 7
35908 7
35909 241
35910 241
35911 241
35912 241
35913 241
35914 241
35915 249
35916 249
35917 249
35918 249
35919 249
35920 249
35921 249
35922 249
35923 249
35924 249
35925 249
35926 249
35927 249
35928 249
35929 249
35930 249
35931 249
35932 249
35933 249
35934 249
35935 249
35936 249
35937 249
35938 249
35939 249
35940 249
35941 249
35942 249
35943 249
35944 249
35945 249
35946 249
35947 249
35948 249
35949 249
35950 249
35951 249
35952 249
35953 249
35954 249
35955 249
35956 249
35957 249
35958 249
35959 241
35960 241
35961 241
35962 241
35963 242
35964 242
35965 242
35966 242
35967 242
35968 242
35969 242
35970 242
35971 243
35972 243
35973 137
35974 137
35975 137
35976 137
35977 137
35978 396
35979 396
35980 396
35981 137
35982 137
35983 243
35984 243
35985 244
35986 244
35987 244
35988 244
35989 244
35990 244
35991 244
35992 244
35993 61
35994 61
35995 61
35996 61
35997 61
35998 61
35999 61
36000 61
36001 61
36002 61
36003 61
36004 61
36005 488
36006 488
36007 488
36008 488
36009 488
36010 488
36011 488
36012 244
36013 244
36014 244
36015 244
36016 244
36017 244
36018 244
36019 244
36020 244
36021 244
36022 244
36023 244
36024 244
36025 244
36026 244
36027 244
36028 245
36029 245
36030 245
36031 245
36032 245
36033 245
36034 245
36035 488
36036 245
36037 245
36038 245
36039 245
36040 245
36041 245
36042 245
36043 245
36044 245
36045 245
36046 245
36047 245
36048 245
36049 245
36050 245
36051 245
36052 245
36053 245
36054 245
36055 245
36056 245
36057 245
36058 137
36059 137
36060 137
36061 7
36062 245
36063 245
36064 245
36065 245
36066 245
36067 245
36068 245
36069 245
36070 245
36071 245
36072 245
36073 245
36074 245
36075 245
36076 245
36077 245
36078 245
36079 245
36080 245
36081 245
36082 245
36083 245
36084 245
36085 245
36086 245
36087 245
36088 245
36089 245
36090 245
36091 61
36092 245
36093 245
36094 245
36095 245
36096 246
36097 246
36098 246
36099 137
36100 246
36101 246
36102 246
36103 246
36104 246
36105 246
36106 137
36107 7
36108 7
36109 7
36110 7
36111 7
36112 7
36113 7
36114 7
36115 823
36116 823
36117 823
36118 246
36119 246
36120 246
36121 246
36122 246
36123 246
36124 0
36125 0
36126 0
36127 246
36128 246
36129 246
36130 246
36131 0
36132 0
36133 218
36134 246
36135 246
36136 246
36137 246
36138 246
36139 246
36140 246
36141 246
36142 246
36143 246
36144 246
36145 246
36146 246
36147 246
36148 218
36149 246
36150 246
36151 246
36152 246
36153 246
36154 246
36155 246
36156 246
36157 246
36158 246
36159 246
36160 246
36161 246
36162 246
36163 246
36164 246
36165 246
36166 246
36167 246
36168 246
36169 246
36170 246
36171 246
36172 218
36173 218
36174 218
36175 218
36176 246
36177 246
36178 246
36179 246
36180 246
36181 246
36182 246
36183 246
36184 246
36185 488
36186 488
36187 488
36188 488
36189 488
36190 488
36191 488
36192 488
36193 488
36194 488
36195 488
36196 488
36197 488
36198 488
36199 488
36200 488
36201 488
36202 488
36203 488
36204 488
36205 488
36206 488
36207 488
36208 488
36209 887
36210 887
36211 887
36212 887
36213 488
36214 488
36215 488
36216 488
36217 488
36218 488
36219 488
36220 488
36221 247
36222 247
36223 247
36224 247
36225 247
36226 248
36227 248
36228 248
36229 248
36230 248
36231 248
36232 488
36233 61
36234 61
36235 61
36236 61
36237 61
36238 61
36239 61
36240 61
36241 61
36242 61
36243 61
36244 61
36245 61
36246 61
36247 249
36248 249
36249 249
36250 249
36251 249
36252 61
36253 61
36254 61
36255 249
36256 249
36257 61
36258 61
36259 61
36260 61
36261 61
36262 61
36263 61
36264 81
36265 81
36266 81
36267 61
36268 61
36269 61
36270 249
36271 249
36272 752
36273 249
36274 249
36275 249
36276 249
36277 249
36278 249
36279 249
36280 249
36281 61
36282 61
36283 61
36284 61
36285 61
36286 61
36287 61
36288 61
36289 61
36290 249
36291 249
36292 249
36293 249
36294 249
36295 249
36296 249
36297 249
36298 249
36299 249
36300 249
36301 249
36302 249
36303 249
36304 249
36305 61
36306 250
36307 250
36308 250
36309 250
36310 3
36311 3
36312 3
36313 3
36314 3
36315 3
36316 3
36317 3
36318 3
36319 3
36320 3
36321 3
36322 3
36323 3
36324 3
36325 16
36326 16
36327 16
36328 16
36329 16
36330 16
36331 16
36332 16
36333 3
36334 3
36335 3
36336 488
36337 488
36338 488
36339 488
36340 488
36341 488
36342 488
36343 488
36344 488
36345 488
36346 488
36347 488
36348 488
36349 488
36350 488
36351 488
36352 488
36353 488
36354 488
36355 488
36356 3
36357 3
36358 3
36359 3
36360 3
36361 3
36362 251
36363 251
36364 252
36365 252
36366 252
36367 252
36368 252
36369 252
36370 253
36371 253
36372 253
36373 253
36374 254
36375 254
36376 254
36377 254
36378 254
36379 254
36380 254
36381 254
36382 254
36383 254
36384 254
36385 254
36386 254
36387 254
36388 254
36389 254
36390 254
36391 254
36392 254
36393 254
36394 254
36395 254
36396 254
36397 254
36398 254
36399 254
36400 254
36401 254
36402 254
36403 254
36404 254
36405 254
36406 254
36407 254
36408 254
36409 254
36410 254
36411 254
36412 254
36413 254
36414 254
36415 40
36416 40
36417 40
36418 40
36419 40
36420 40
36421 40
36422 40
36423 40
36424 40
36425 40
36426 40
36427 40
36428 40
36429 40
36430 40
36431 40
36432 40
36433 40
36434 40
36435 40
36436 40
36437 40
36438 40
36439 40
36440 40
36441 40
36442 40
36443 40
36444 40
36445 40
36446 40
36447 40
36448 40
36449 40
36450 40
36451 40
36452 40
36453 40
36454 40
36455 40
36456 40
36457 40
36458 40
36459 40
36460 40
36461 40
36462 40
36463 40
36464 40
36465 40
36466 40
36467 40
36468 40
36469 40
36470 40
36471 40
36472 40
36473 40
36474 40
36475 40
36476 40
36477 40
36478 40
36479 40
36480 40
36481 41
36482 41
36483 41
36484 41
36485 41
36486 41
36487 41
36488 41
36489 41
36490 41
36491 42
36492 42
36493 42
36494 42
36495 42
36496 42
36497 42
36498 42
36499 42
36500 42
36501 42
36502 42
36503 42
36504 42
36505 42
36506 42
36507 42
36508 42
36509 42
36510 43
36511 43
36512 43
36513 43
36514 43
36515 43
36516 43
36517 43
36518 43
36519 43
36520 43
36521 43
36522 43
36523 43
36524 43
36525 43
36526 43
36527 43
36528 43
36529 43
36530 43
36531 43
36532 43
36533 887
36534 887
36535 887
36536 887
36537 887
36538 887
36539 887
36540 887
36541 887
36542 887
36543 887
36544 887
36545 887
36546 887
36547 887
36548 887
36549 887
36550 887
36551 887
36552 887
36553 887
36554 887
36555 887
36556 887
36557 887
36558 887
36559 887
36560 887
36561 887
36562 887
36563 887
36564 887
36565 887
36566 887
36567 887
36568 61
36569 61
36570 61
36571 61
36572 887
36573 887
36574 7
36575 7
36576 7
36577 7
36578 7
36579 7
36580 7
36581 7
36582 7
36583 7
36584 7
36585 7
36586 7
36587 7
36588 7
36589 7
36590 7
36591 7
36592 7
36593 231
36594 231
36595 7
36596 7
36597 95
36598 61
36599 61
36600 61
36601 61
36602 61
36603 61
36604 61
36605 61
36606 61
36607 61
36608 61
36609 61
36610 61
36611 61
36612 61
36613 61
36614 61
36615 61
36616 61
36617 61
36618 61
36619 61
36620 61
36621 61
36622 61
36623 61
36624 61
36625 61
36626 61
36627 61
36628 61
36629 61
36630 61
36631 61
36632 61
36633 61
36634 61
36635 61
36636 95
36637 95
36638 95
36639 95
36640 95
36641 95
36642 95
36643 95
36644 95
36645 95
36646 95
36647 95
36648 95
36649 95
36650 95
36651 95
36652 95
36653 95
36654 95
36655 95
36656 95
36657 95
36658 95
36659 95
36660 95
36661 95
36662 95
36663 95
36664 95
36665 95
36666 95
36667 95
36668 95
36669 95
36670 95
36671 95
36672 752
36673 95
36674 95
36675 95
36676 95
36677 95
36678 95
36679 95
36680 95
36681 95
36682 95
36683 95
36684 95
36685 95
36686 95
36687 95
36688 95
36689 95
36690 95
36691 95
