3000 44700
0 20 1
0 125 9
0 270 2
0 291 4
0 298 7
0 369 7
0 395 9
0 428 2
0 482 4
0 685 7
0 883 7
0 1027 10
0 1134 3
0 1169 9
0 1175 7
0 1392 5
0 1808 4
0 1837 10
0 1962 3
0 2113 8
0 2121 8
0 2154 6
0 2222 4
0 2427 7
0 2517 5
0 2544 10
0 2564 2
0 2569 5
0 2588 4
0 2736 8
0 2749 3
0 2756 6
0 2925 4
0 2991 1
1 210 6
1 214 1
1 316 2
1 409 3
1 520 3
1 715 6
1 742 6
1 804 4
1 847 2
1 1036 4
1 1074 7
1 1104 5
1 1155 2
1 1353 7
1 1358 5
1 1362 1
1 1366 8
1 1454 4
1 1500 7
1 1733 6
1 1940 3
1 2012 7
1 2030 10
1 2105 10
1 2231 1
1 2248 9
1 2503 1
1 2605 6
1 2627 6
1 2718 2
1 2882 8
1 2970 6
2 640 6
2 741 10
2 785 4
2 920 8
2 944 9
2 1180 10
2 1185 1
2 1221 4
2 1244 9
2 1308 6
2 1397 6
2 1424 7
2 1563 7
2 1596 8
2 1661 4
2 1755 6
2 1863 10
2 1988 4
2 2023 3
2 2028 4
2 2146 9
2 2225 8
2 2314 2
2 2376 2
2 2404 5
2 2501 9
2 2709 1
2 2844 7
2 2883 9
2 2989 2
3 87 1
3 155 8
3 175 10
3 247 10
3 721 2
3 787 3
3 815 5
3 819 4
3 1399 6
3 1441 2
3 1456 4
3 1628 3
3 1682 1
3 1780 6
3 1847 2
3 1924 6
3 1972 10
3 2288 10
3 2454 4
3 2641 1
3 2709 3
3 2907 10
4 198 5
4 246 3
4 366 2
4 581 2
4 708 9
4 727 2
4 744 5
4 1021 8
4 1084 2
4 1089 8
4 1229 7
4 1322 4
4 1384 6
4 1514 2
4 1545 3
4 1685 2
4 1708 10
4 1825 4
4 1910 7
4 1918 2
4 2012 1
4 2031 1
4 2127 5
4 2185 1
4 2289 10
4 2412 6
4 2418 6
4 2488 9
4 2653 3
4 2698 1
4 2843 10
5 36 10
5 83 7
5 255 10
5 353 7
5 547 5
5 572 6
5 591 2
5 595 8
5 771 1
5 828 7
5 975 5
5 1019 10
5 1753 10
5 1826 4
5 1997 10
5 2039 5
5 2048 5
5 2102 2
5 2136 10
5 2181 2
5 2363 10
5 2618 10
5 2758 6
5 2830 3
5 2934 6
6 220 4
6 327 2
6 337 8
6 398 7
6 399 3
6 406 2
6 484 3
6 529 6
6 597 4
6 704 4
6 799 7
6 1036 5
6 1064 1
6 1089 8
6 1162 10
6 1230 5
6 1269 8
6 1383 9
6 1392 10
6 1404 9
6 1582 5
6 1669 2
6 1704 6
6 1754 7
6 1767 10
6 1796 10
6 1843 1
6 2021 7
6 2117 8
6 2165 4
6 2194 8
6 2225 10
6 2436 7
6 2543 9
6 2734 2
6 2754 8
6 2774 2
6 2845 3
6 2870 10
7 61 7
7 102 9
7 137 7
7 250 1
7 300 3
7 307 7
7 395 10
7 446 8
7 457 4
7 512 2
7 529 6
7 553 8
7 701 8
7 731 1
7 859 5
7 1213 10
7 1298 5
7 1320 6
7 1359 9
7 1440 8
7 1557 2
7 1711 8
7 1813 4
7 1824 9
7 1877 6
7 1993 10
7 2000 8
7 2062 10
7 2074 3
7 2086 7
7 2254 5
7 2293 5
7 2333 1
7 2387 5
7 2499 8
7 2674 7
7 2716 8
7 2756 1
7 2827 10
7 2982 2
8 19 8
8 37 8
8 47 6
8 248 3
8 260 1
8 625 10
8 699 2
8 767 10
8 827 7
8 950 9
8 1128 2
8 1185 1
8 1598 1
8 2081 6
8 2145 6
8 2333 2
8 2407 3
8 2483 9
8 2568 2
8 2791 8
8 2855 8
9 77 10
9 119 8
9 123 8
9 156 3
9 337 1
9 520 2
9 590 8
9 630 8
9 679 3
9 742 10
9 801 2
9 854 9
9 855 8
9 931 4
9 1016 2
9 1182 3
9 1224 8
9 1252 1
9 1324 8
9 1386 8
9 1396 3
9 1416 8
9 1604 10
9 1855 9
9 2002 7
9 2135 1
9 2214 10
9 2305 9
9 2620 4
9 2788 3
9 2826 7
9 2830 3
9 2871 8
10 123 8
10 141 6
10 348 2
10 355 2
10 544 5
10 555 6
10 617 8
10 655 10
10 763 2
10 830 4
10 853 7
10 1066 10
10 1119 8
10 1141 2
10 1248 8
10 1311 7
10 1395 1
10 1404 9
10 1471 2
10 1548 8
10 1794 2
10 1843 4
10 1923 6
10 2107 9
10 2109 6
10 2370 5
10 2625 5
10 2745 4
10 2839 4
10 2875 1
11 38 8
11 41 7
11 141 1
11 312 1
11 388 9
11 479 4
11 585 10
11 655 6
11 765 4
11 777 10
11 798 2
11 799 8
11 887 6
11 938 2
11 1028 8
11 1093 5
11 1170 8
11 1317 8
11 1757 4
11 1814 9
11 1980 4
11 2005 7
11 2024 8
11 2155 7
11 2254 7
11 2359 3
11 2370 5
11 2462 1
11 2473 6
11 2637 5
11 2653 8
11 2847 3
11 2913 8
12 17 4
12 58 2
12 131 8
12 157 6
12 533 1
12 580 5
12 770 10
12 801 2
12 820 8
12 868 1
12 870 7
12 1110 8
12 1370 2
12 1396 3
12 1404 10
12 1463 3
12 1598 6
12 1810 6
12 1820 5
12 1912 3
12 2041 4
12 2264 7
12 2375 7
12 2605 9
12 2864 2
13 31 3
13 63 8
13 189 9
13 235 1
13 370 8
13 386 4
13 475 8
13 635 8
13 650 6
13 983 4
13 993 1
13 1044 3
13 1087 5
13 1136 1
13 1305 9
13 1376 8
13 1415 7
13 1485 2
13 1585 7
13 1648 2
13 1676 5
13 1805 10
13 1846 10
13 2100 1
13 2164 8
13 2199 5
13 2202 2
13 2311 3
13 2387 2
13 2402 8
13 2419 2
13 2429 8
13 2457 2
13 2659 2
13 2674 5
13 2746 3
14 56 9
14 90 4
14 181 10
14 191 6
14 267 6
14 520 1
14 528 4
14 569 1
14 729 2
14 742 10
14 880 3
14 995 2
14 1049 5
14 1086 8
14 1091 2
14 1201 1
14 1341 2
14 1439 1
14 1616 2
14 1657 9
14 1679 10
14 1777 3
14 1795 9
14 2002 7
14 2388 2
14 2477 1
14 2525 8
14 2593 8
14 2605 4
14 2654 5
15 42 10
15 368 2
15 378 3
15 393 1
15 563 4
15 607 9
15 742 5
15 943 2
15 1078 3
15 1090 7
15 1161 9
15 1225 10
15 1301 3
15 1413 1
15 1545 7
15 1811 10
15 1891 3
15 1965 3
15 1975 3
15 1981 3
15 1984 9
15 2006 9
15 2060 10
15 2077 9
15 2200 9
15 2214 10
15 2337 7
15 2363 8
15 2481 4
15 2579 4
15 2604 3
15 2610 6
16 25 6
16 29 7
16 40 5
16 84 6
16 102 7
16 117 3
16 333 9
16 341 2
16 466 2
16 541 10
16 771 9
16 814 5
16 816 5
16 1111 9
16 1286 3
16 1376 6
16 1388 8
16 1429 10
16 1441 1
16 1546 8
16 1579 4
16 1767 7
16 1920 3
16 1942 5
16 2355 6
16 2431 1
16 2574 9
16 2593 10
16 2595 6
16 2676 1
16 2677 1
16 2909 1
16 2937 4
17 82 1
17 227 1
17 334 5
17 484 9
17 492 2
17 532 5
17 720 8
17 782 8
17 884 5
17 911 8
17 928 9
17 990 2
17 1070 8
17 1117 8
17 1285 10
17 1442 6
17 1468 6
17 1678 4
17 1779 1
17 1782 8
17 1879 1
17 2097 5
17 2194 4
17 2317 2
17 2447 1
17 2460 6
17 2584 10
17 2615 9
17 2674 6
17 2700 4
17 2956 9
17 2966 10
18 85 10
18 91 10
18 173 9
18 521 4
18 609 6
18 843 1
18 873 2
18 1144 3
18 1349 1
18 1361 4
18 1380 5
18 1595 6
18 1750 10
18 1800 9
18 1860 1
18 1925 1
18 2236 5
18 2444 5
18 2447 1
18 2478 8
18 2511 4
18 2537 2
18 2571 7
18 2645 1
18 2671 10
18 2742 4
18 2784 3
19 112 2
19 255 4
19 280 4
19 565 2
19 834 5
19 849 8
19 903 3
19 985 7
19 1040 1
19 1088 4
19 1224 4
19 1249 10
19 1363 2
19 1684 6
19 1886 6
19 1920 4
19 1959 3
19 2021 10
19 2052 9
19 2118 1
19 2788 2
20 329 5
20 470 7
20 708 7
20 727 1
20 747 10
20 775 4
20 1082 9
20 1098 4
20 1120 3
20 1221 7
20 1285 1
20 1348 2
20 1600 9
20 1683 6
20 1794 7
20 1857 4
20 1864 7
20 1871 8
20 2059 3
20 2074 7
20 2379 2
20 2405 9
20 2492 9
20 2738 2
21 37 5
21 38 9
21 273 8
21 331 8
21 354 6
21 523 2
21 822 4
21 927 2
21 934 6
21 999 5
21 1006 9
21 1169 3
21 1319 1
21 1465 6
21 1536 2
21 1619 2
21 1727 9
21 1795 3
21 1840 5
21 1954 3
21 1994 8
21 2144 4
21 2306 10
21 2398 8
21 2488 1
21 2560 9
21 2818 6
21 2868 4
21 2894 6
22 176 9
22 283 3
22 295 4
22 385 7
22 898 9
22 903 6
22 991 2
22 1065 10
22 1096 4
22 1218 6
22 1275 10
22 1409 10
22 1427 2
22 1470 3
22 1474 8
22 1498 6
22 1638 10
22 1641 8
22 1884 5
22 1937 10
22 1943 1
22 1994 5
22 2079 5
22 2106 5
22 2114 3
22 2314 6
22 2490 8
22 2670 1
22 2687 4
22 2873 10
23 230 6
23 301 3
23 314 2
23 333 9
23 490 9
23 585 4
23 612 7
23 673 8
23 737 9
23 869 5
23 892 5
23 936 7
23 1043 6
23 1198 7
23 1387 5
23 1437 7
23 1511 1
23 1549 5
23 1582 5
23 1601 2
23 1825 4
23 1838 1
23 1972 2
23 2337 1
23 2340 10
23 2393 6
23 2397 8
23 2701 1
23 2795 1
23 2823 6
23 2849 10
23 2874 3
24 406 5
24 533 9
24 564 8
24 623 3
24 693 2
24 704 10
24 715 1
24 727 2
24 956 7
24 1051 2
24 1059 3
24 1318 6
24 1353 8
24 1743 7
24 1803 2
24 1951 6
24 2210 1
24 2414 2
24 2432 3
24 2568 3
24 2705 9
24 2756 6
24 2835 8
24 2946 7
24 2999 4
25 63 8
25 176 6
25 218 7
25 230 3
25 341 9
25 370 7
25 392 3
25 416 1
25 532 3
25 796 5
25 866 2
25 980 7
25 1023 3
25 1107 10
25 1421 9
25 1426 10
25 1532 10
25 1748 9
25 1903 5
25 1929 7
25 2200 5
25 2307 9
25 2416 3
25 2428 1
25 2541 2
25 2646 5
25 2677 7
25 2750 9
25 2776 7
26 36 3
26 84 4
26 132 2
26 145 6
26 154 9
26 212 6
26 376 9
26 482 3
26 568 5
26 727 6
26 760 4
26 777 7
26 819 9
26 853 9
26 930 4
26 1281 2
26 1429 3
26 1476 8
26 1727 4
26 1820 8
26 1860 9
26 1904 9
26 2002 4
26 2025 7
26 2046 10
26 2065 6
26 2096 3
26 2175 10
26 2258 10
26 2297 3
26 2342 7
26 2395 1
26 2411 4
26 2452 8
26 2488 5
26 2550 1
26 2806 2
26 2934 8
27 48 3
27 138 3
27 262 3
27 303 3
27 412 7
27 478 7
27 643 7
27 709 5
27 710 5
27 797 1
27 920 9
27 1090 10
27 1178 1
27 1300 7
27 1382 10
27 1464 1
27 1588 2
27 1624 7
27 1646 6
27 2000 8
27 2327 3
27 2712 6
28 36 6
28 43 8
28 144 9
28 375 9
28 376 3
28 489 6
28 547 1
28 668 10
28 791 7
28 945 8
28 1061 7
28 1084 2
28 1264 5
28 1390 8
28 1625 4
28 1644 2
28 1720 3
28 1741 7
28 1772 3
28 1847 4
28 1911 1
28 1938 8
28 2254 8
28 2277 4
28 2516 4
28 2675 5
28 2936 8
28 2985 4
29 69 5
29 115 5
29 244 3
29 394 3
29 431 3
29 492 6
29 494 10
29 625 5
29 675 5
29 679 8
29 1028 8
29 1215 10
29 1296 1
29 1299 5
29 1504 10
29 1631 4
29 2026 1
29 2144 6
29 2219 4
29 2222 3
29 2409 2
29 2585 1
29 2591 5
29 2602 3
29 2653 5
29 2672 9
29 2733 9
29 2853 1
29 2880 5
29 2972 9
30 54 1
30 209 5
30 236 3
30 239 6
30 257 1
30 273 6
30 303 6
30 390 6
30 529 6
30 562 6
30 595 5
30 680 6
30 697 4
30 708 1
30 761 2
30 799 9
30 944 7
30 1149 8
30 1205 6
30 1328 4
30 1345 3
30 1495 6
30 1513 8
30 1688 1
30 1719 5
30 1776 8
30 2001 3
30 2077 10
30 2107 7
30 2580 3
30 2828 3
30 2939 7
30 2968 7
31 74 7
31 194 1
31 356 1
31 414 3
31 649 1
31 697 6
31 798 5
31 1074 5
31 1187 10
31 1285 4
31 1400 5
31 1430 6
31 1454 2
31 1530 8
31 1697 2
31 1752 6
31 1781 3
31 1813 1
31 1819 3
31 1955 10
31 2250 3
31 2303 8
31 2396 2
31 2530 10
31 2772 4
31 2883 9
31 2884 10
31 2903 2
31 2995 2
32 80 4
32 125 1
32 277 3
32 282 2
32 295 1
32 413 3
32 515 5
32 516 10
32 529 1
32 587 6
32 606 1
32 677 10
32 755 3
32 810 3
32 943 7
32 1016 10
32 1400 9
32 1484 2
32 1543 10
32 1606 9
32 1684 8
32 2111 9
32 2224 1
32 2237 6
32 2277 3
32 2311 5
32 2351 4
32 2423 10
32 2441 4
32 2455 1
32 2528 4
32 2647 6
32 2726 10
32 2860 1
33 78 9
33 144 5
33 319 9
33 402 10
33 487 3
33 517 7
33 573 1
33 747 7
33 800 5
33 857 7
33 923 3
33 927 7
33 1087 6
33 1229 9
33 1447 9
33 1538 2
33 1708 3
33 1976 8
33 2014 10
33 2239 4
33 2344 9
33 2370 1
33 2491 7
33 2680 3
33 2755 1
33 2756 2
33 2884 9
33 2890 2
33 2977 1
33 2996 9
34 79 5
34 147 6
34 478 2
34 498 7
34 589 9
34 634 7
34 669 8
34 689 5
34 717 8
34 767 5
34 785 3
34 831 7
34 891 5
34 1191 8
34 1217 10
34 1249 2
34 1257 1
34 1514 4
34 1643 10
34 1652 6
34 1679 8
34 1804 1
34 2243 2
34 2319 7
34 2383 4
34 2919 7
34 2939 10
35 60 1
35 171 9
35 240 3
35 467 2
35 536 5
35 563 6
35 757 6
35 918 4
35 1014 9
35 1016 9
35 1115 5
35 1193 5
35 1269 8
35 1568 5
35 1633 9
35 1674 3
35 1815 1
35 1930 10
35 2013 3
35 2019 5
35 2032 3
35 2050 10
35 2535 9
35 2692 7
35 2836 3
35 2863 2
35 2871 10
36 145 10
36 291 2
36 669 2
36 692 7
36 836 7
36 919 9
36 1470 5
36 1647 2
36 1682 2
36 1758 1
36 1990 2
36 2109 7
36 2144 10
36 2319 3
36 2469 4
36 2470 4
36 2630 4
36 2827 5
37 85 7
37 183 7
37 278 2
37 405 6
37 411 1
37 682 7
37 691 7
37 783 9
37 1262 8
37 1377 5
37 1458 5
37 1500 2
37 1673 10
37 1874 2
37 1989 7
37 2106 10
37 2186 3
37 2193 1
37 2280 5
37 2351 10
37 2533 3
37 2623 9
37 2754 4
37 2922 9
37 2923 5
37 2978 1
38 91 4
38 139 8
38 259 5
38 364 1
38 380 9
38 400 5
38 517 10
38 523 1
38 531 6
38 671 7
38 793 5
38 854 3
38 858 6
38 974 5
38 1062 5
38 1202 3
38 1271 2
38 1302 2
38 1381 6
38 1421 8
38 1546 1
38 1558 10
38 1630 3
38 1842 8
38 1872 2
38 1940 10
38 1996 2
38 2098 10
38 2383 9
38 2469 3
38 2482 5
38 2632 7
38 2656 8
38 2670 3
38 2715 9
38 2719 10
38 2879 3
38 2890 8
39 56 1
39 115 3
39 229 3
39 496 2
39 608 2
39 839 4
39 1022 7
39 1023 6
39 1269 8
39 1374 3
39 1462 9
39 1515 5
39 1693 2
39 1710 10
39 1785 4
39 1822 5
39 1851 10
39 1908 4
39 1975 6
39 1997 4
39 2317 2
39 2326 7
39 2402 4
39 2470 2
39 2554 7
40 97 6
40 104 1
40 192 2
40 209 10
40 393 8
40 717 3
40 840 5
40 896 2
40 1092 2
40 1348 6
40 1489 3
40 1530 1
40 1541 10
40 1614 3
40 1631 2
40 1637 2
40 1674 6
40 1736 5
40 2061 6
40 2134 6
40 2299 7
40 2377 2
40 2408 8
40 2490 6
40 2542 3
40 2558 1
40 2606 4
40 2687 6
40 2726 8
40 2793 3
40 2933 2
41 240 5
41 304 6
41 356 4
41 376 8
41 494 2
41 753 3
41 1499 4
41 1591 5
41 1609 10
41 1684 8
41 1721 6
41 1807 2
41 1864 6
41 1886 10
41 1944 5
41 2098 2
41 2123 4
41 2192 6
41 2230 8
41 2663 8
41 2678 3
41 2985 1
42 123 5
42 153 7
42 272 6
42 339 7
42 432 6
42 650 5
42 666 7
42 754 5
42 865 4
42 876 2
42 1029 5
42 1042 2
42 1345 4
42 1563 7
42 1628 10
42 1646 8
42 1892 2
42 1903 4
42 1971 1
42 2023 4
42 2128 5
42 2189 3
42 2230 2
42 2256 8
42 2267 3
42 2363 6
42 2499 3
42 2587 1
42 2606 4
42 2716 9
42 2759 4
43 220 8
43 411 2
43 1009 8
43 1211 3
43 1270 7
43 1291 10
43 1368 8
43 1399 6
43 1418 1
43 1593 2
43 1788 10
43 1979 10
43 2082 3
43 2391 8
43 2570 6
43 2691 8
43 2884 4
43 2939 1
44 175 6
44 270 4
44 347 8
44 349 5
44 385 1
44 436 1
44 472 8
44 509 3
44 637 8
44 988 6
44 1008 9
44 1095 8
44 1249 4
44 1299 10
44 1303 4
44 1532 4
44 1558 5
44 1589 5
44 1595 8
44 1763 8
44 1790 3
44 1909 5
44 1962 2
44 2019 2
44 2055 2
44 2175 5
44 2193 8
44 2319 8
44 2406 6
44 2486 10
44 2692 5
44 2879 8
45 98 4
45 185 2
45 523 9
45 702 7
45 766 10
45 778 7
45 788 7
45 811 4
45 917 1
45 970 5
45 1143 9
45 1244 6
45 1280 6
45 1382 2
45 1435 1
45 1529 10
45 1541 8
45 1600 8
45 1747 4
45 1754 8
45 1757 3
45 1776 4
45 1917 5
45 2059 9
45 2108 9
45 2126 2
45 2559 8
45 2624 2
45 2670 6
45 2719 8
46 47 1
46 188 1
46 346 6
46 601 3
46 679 1
46 728 3
46 733 8
46 883 6
46 947 2
46 1025 2
46 1053 6
46 1152 3
46 1233 1
46 1234 4
46 1351 10
46 1399 6
46 1442 2
46 1452 10
46 1593 6
46 1608 5
46 1677 9
46 1719 7
46 1730 2
46 1898 9
46 2194 10
46 2282 6
46 2313 7
46 2486 9
46 2491 1
46 2686 1
46 2706 5
46 2709 6
46 2749 3
46 2921 8
46 2959 3
46 2966 8
47 71 10
47 132 4
47 214 1
47 273 10
47 333 2
47 378 9
47 615 2
47 848 1
47 933 5
47 1040 2
47 1058 9
47 1350 8
47 1519 4
47 1580 3
47 1759 4
47 1780 3
47 1931 2
47 2130 1
47 2422 6
47 2448 4
47 2623 9
47 2790 3
47 2903 2
47 2945 9
48 59 9
48 135 10
48 247 3
48 403 10
48 407 9
48 436 5
48 503 3
48 605 4
48 765 3
48 770 8
48 871 6
48 1123 8
48 1240 8
48 1432 8
48 1442 8
48 1478 1
48 1571 3
48 1581 8
48 1694 4
48 1695 7
48 1705 4
48 1911 6
48 2160 2
48 2355 4
48 2416 9
48 2443 2
48 2545 3
48 2659 6
48 2802 8
48 2818 4
48 2910 2
49 158 1
49 373 10
49 479 1
49 596 1
49 818 10
49 849 7
49 1006 2
49 1187 3
49 1202 1
49 1266 3
49 1361 8
49 1579 6
49 1884 6
49 1897 10
49 1949 8
49 2144 8
49 2178 3
49 2402 3
49 2478 5
49 2484 4
49 2575 5
49 2596 6
49 2641 1
49 2655 5
49 2759 2
49 2777 4
49 2923 9
50 150 10
50 156 7
50 294 5
50 339 9
50 694 2
50 728 5
50 741 2
50 750 1
50 918 8
50 1051 1
50 1084 10
50 1086 6
50 1181 10
50 1284 6
50 1329 1
50 1368 2
50 1758 8
50 2008 6
50 2079 6
50 2224 6
50 2298 9
50 2315 7
50 2326 3
50 2415 9
50 2679 3
50 2787 6
50 2806 8
50 2854 3
51 104 2
51 202 5
51 223 4
51 285 2
51 288 8
51 389 4
51 404 4
51 418 1
51 441 3
51 558 10
51 575 9
51 631 10
51 808 5
51 829 3
51 957 5
51 1032 1
51 1072 6
51 1131 8
51 1193 6
51 1219 6
51 1310 8
51 1334 6
51 1410 7
51 1465 1
51 1474 7
51 1501 7
51 1509 8
51 1642 9
51 1672 6
51 2108 1
51 2205 1
51 2262 2
51 2300 4
51 2423 8
51 2455 4
51 2501 2
51 2741 4
51 2757 1
51 2785 8
52 244 4
52 365 5
52 451 3
52 533 2
52 549 3
52 601 9
52 634 5
52 942 2
52 1108 8
52 1482 5
52 1529 5
52 1531 7
52 1711 1
52 1767 1
52 2043 10
52 2221 3
52 2360 9
52 2528 2
52 2535 10
52 2693 9
52 2726 8
52 2743 9
52 2759 9
52 2777 9
52 2786 8
52 2870 2
53 68 5
53 122 2
53 353 3
53 409 6
53 536 7
53 589 2
53 626 9
53 903 3
53 968 4
53 1274 8
53 1426 9
53 1574 6
53 1837 8
53 1893 3
53 1908 7
53 2005 9
53 2092 2
53 2111 2
53 2236 10
53 2255 9
53 2341 7
53 2633 6
53 2895 10
53 2991 7
54 177 3
54 182 4
54 260 8
54 307 6
54 381 8
54 421 4
54 424 7
54 509 1
54 882 6
54 1000 6
54 1005 5
54 1301 2
54 1401 9
54 1479 8
54 1601 10
54 1690 9
54 1775 8
54 1811 6
54 1818 2
54 1850 8
54 1862 9
54 2244 4
54 2436 7
54 2438 9
54 2540 9
54 2598 9
54 2602 8
54 2764 4
54 2979 2
54 2994 10
55 109 6
55 176 2
55 473 2
55 522 1
55 571 8
55 572 10
55 589 5
55 590 6
55 655 9
55 867 9
55 933 8
55 958 2
55 1076 5
55 1077 1
55 1222 7
55 1343 5
55 1452 10
55 1579 10
55 1650 5
55 1666 9
55 1668 3
55 1729 6
55 1730 5
55 1746 6
55 1826 7
55 1883 1
55 2178 5
55 2238 8
55 2487 2
55 2712 3
55 2766 3
55 2820 8
55 2970 7
55 2993 5
56 208 1
56 247 4
56 254 2
56 373 6
56 678 4
56 700 7
56 858 6
56 1019 9
56 1024 3
56 1106 5
56 1348 10
56 1501 1
56 1597 6
56 1863 6
56 1909 8
56 2034 7
56 2284 6
56 2353 6
56 2357 8
56 2554 2
56 2602 2
56 2651 3
56 2712 4
56 2823 7
56 2824 8
56 2956 9
57 207 7
57 259 1
57 284 5
57 292 6
57 464 3
57 505 1
57 573 5
57 601 5
57 606 6
57 698 8
57 911 4
57 913 7
57 976 2
57 1001 1
57 1055 2
57 1359 4
57 1388 9
57 2042 3
57 2348 5
57 2360 4
57 2624 10
57 2758 7
57 2790 6
57 2809 2
58 63 3
58 109 3
58 119 2
58 131 9
58 292 7
58 476 7
58 486 1
58 545 8
58 582 7
58 679 5
58 684 4
58 742 6
58 823 9
58 905 2
58 982 4
58 989 6
58 1093 8
58 1159 4
58 1271 3
58 1356 1
58 1519 8
58 1580 7
58 1607 10
58 1612 4
58 1629 8
58 1925 1
58 2007 1
58 2010 5
58 2338 8
58 2347 4
58 2358 5
58 2476 10
58 2609 6
58 2646 1
58 2732 1
58 2755 3
58 2787 2
58 2828 6
58 2877 7
58 2924 3
59 67 9
59 74 7
59 206 1
59 265 10
59 279 5
59 528 1
59 603 9
59 609 7
59 673 1
59 811 4
59 837 7
59 868 1
59 872 7
59 905 1
59 998 9
59 1209 1
59 1230 7
59 1786 8
59 2018 8
59 2095 9
59 2214 5
59 2775 1
59 2854 4
60 113 6
60 176 2
60 237 9
60 293 2
60 316 6
60 340 6
60 383 8
60 589 5
60 975 2
60 1180 5
60 1240 5
60 1258 8
60 1281 10
60 1340 9
60 1360 6
60 1377 1
60 1457 4
60 1495 5
60 1607 9
60 1799 2
60 1868 4
60 2078 1
60 2129 7
60 2174 2
60 2198 7
60 2263 6
60 2485 3
60 2494 3
60 2506 5
60 2730 10
60 2762 3
60 2901 3
61 200 3
61 201 7
61 335 2
61 336 3
61 434 6
61 451 5
61 508 4
61 625 6
61 765 8
61 992 6
61 1005 2
61 1157 4
61 1198 3
61 1254 7
61 1417 5
61 1589 8
61 1605 4
61 1731 9
61 1736 1
61 1932 6
61 2102 5
61 2295 10
61 2311 5
61 2434 7
61 2519 9
61 2759 1
61 2967 1
62 289 9
62 425 7
62 474 4
62 701 9
62 748 10
62 883 2
62 900 5
62 984 6
62 1064 6
62 1068 3
62 1179 3
62 1268 1
62 1437 7
62 1488 9
62 1696 5
62 1735 3
62 1830 8
62 1840 6
62 1991 2
62 2124 6
62 2243 2
62 2332 4
62 2345 9
62 2401 4
62 2444 7
62 2659 5
62 2870 7
63 405 1
63 419 5
63 497 2
63 502 8
63 516 9
63 707 8
63 762 7
63 850 10
63 1052 4
63 1061 7
63 1173 3
63 1338 1
63 1392 8
63 1497 7
63 1614 6
63 1685 7
63 1738 3
63 1811 3
63 2022 5
63 2075 4
63 2213 2
63 2458 5
63 2561 2
63 2581 5
63 2688 5
63 2729 2
63 2730 9
63 2770 9
63 2981 6
64 327 2
64 352 10
64 449 4
64 954 6
64 1005 10
64 1150 2
64 1238 8
64 1291 10
64 1363 6
64 1404 7
64 1541 5
64 1622 7
64 1709 1
64 1741 7
64 1778 8
64 1833 9
64 2382 6
64 2417 9
64 2425 1
64 2477 8
64 2566 10
64 2590 6
64 2654 7
64 2670 7
64 2739 1
64 2777 9
64 2869 3
64 2877 6
65 184 3
65 203 4
65 266 8
65 469 9
65 499 2
65 621 4
65 704 4
65 782 6
65 951 6
65 1103 2
65 1236 1
65 1425 9
65 1476 3
65 1709 4
65 1998 1
65 2144 9
65 2214 7
65 2235 5
65 2318 6
65 2573 9
65 2593 1
65 2640 5
65 2767 1
65 2781 4
65 2985 10
66 172 4
66 452 1
66 729 5
66 793 3
66 886 10
66 921 4
66 1054 9
66 1073 10
66 1154 10
66 1165 6
66 1423 8
66 1525 7
66 1643 5
66 1876 1
66 2103 5
66 2161 1
66 2173 7
66 2202 6
66 2209 5
66 2219 9
66 2254 7
66 2263 6
66 2300 9
66 2407 3
66 2447 7
66 2463 7
66 2488 4
66 2832 6
66 2973 2
66 2977 4
67 126 10
67 170 4
67 225 4
67 237 9
67 267 2
67 414 1
67 435 3
67 846 1
67 1369 9
67 1585 1
67 1654 3
67 1661 5
67 1759 4
67 1760 2
67 1788 3
67 1847 6
67 2153 8
67 2212 2
67 2217 9
67 2263 9
67 2274 7
67 2296 2
67 2382 3
67 2412 9
67 2438 7
67 2477 1
67 2524 5
67 2530 7
67 2638 4
67 2692 1
67 2723 3
67 2898 6
68 69 2
68 85 3
68 128 1
68 135 9
68 179 2
68 275 1
68 284 2
68 299 3
68 378 4
68 382 4
68 512 7
68 516 1
68 657 6
68 763 8
68 801 1
68 866 6
68 907 5
68 955 3
68 999 9
68 1205 1
68 1265 10
68 1324 4
68 1376 2
68 1393 3
68 1543 8
68 1600 6
68 1682 1
68 1824 4
68 1982 9
68 2145 8
68 2314 4
68 2575 8
68 2663 7
68 2774 1
68 2776 1
68 2808 10
68 2816 9
68 2823 5
68 2836 4
69 262 4
69 720 8
69 784 1
69 884 5
69 965 9
69 1322 2
69 1408 3
69 1447 7
69 1556 8
69 1672 1
69 1904 3
69 2069 9
69 2139 6
69 2304 3
69 2454 10
69 2544 10
69 2608 3
69 2673 8
69 2734 7
69 2778 6
69 2848 4
69 2954 10
70 112 2
70 135 4
70 242 6
70 391 6
70 397 8
70 442 7
70 806 7
70 851 1
70 951 3
70 1061 10
70 1116 6
70 1188 2
70 1499 1
70 1509 10
70 1589 1
70 1625 10
70 1651 2
70 1720 7
70 1807 7
70 1850 2
70 1881 4
70 1910 8
70 2157 9
70 2190 7
70 2203 9
70 2256 1
70 2333 7
70 2423 1
70 2484 4
70 2855 6
70 2950 5
70 2959 2
71 307 10
71 411 6
71 500 6
71 876 2
71 951 2
71 970 5
71 973 1
71 1078 3
71 1353 9
71 1372 4
71 1426 10
71 1484 3
71 1685 9
71 1706 6
71 1718 6
71 1907 6
71 1990 7
71 2078 7
71 2298 7
71 2301 2
71 2373 5
71 2413 9
71 2439 8
71 2460 2
71 2495 4
71 2698 8
71 2719 9
71 2979 1
72 111 5
72 199 5
72 241 3
72 309 9
72 380 5
72 411 7
72 427 7
72 517 4
72 560 8
72 609 1
72 738 8
72 1081 3
72 1197 9
72 1203 1
72 1283 9
72 1411 7
72 1416 7
72 1485 1
72 1660 2
72 1784 4
72 1890 3
72 1894 2
72 1986 2
72 2033 4
72 2075 3
72 2235 4
72 2356 4
72 2687 4
72 2781 7
72 2807 4
72 2966 5
72 2974 5
73 179 5
73 314 10
73 365 9
73 528 9
73 597 9
73 719 8
73 974 3
73 996 6
73 1066 8
73 1341 7
73 1383 1
73 1426 5
73 1444 4
73 1487 6
73 1539 2
73 1548 5
73 1753 9
73 1906 6
73 1932 6
73 2015 3
73 2038 10
73 2151 3
73 2443 6
73 2461 9
73 2521 4
73 2728 8
73 2740 2
73 2765 3
73 2803 5
73 2810 3
73 2916 9
73 2928 6
73 2950 2
73 2977 5
74 220 3
74 326 8
74 473 10
74 895 9
74 924 9
74 1035 9
74 1076 7
74 1097 3
74 1102 2
74 1200 4
74 1248 8
74 1355 10
74 1389 4
74 1444 10
74 1522 4
74 1651 7
74 1734 7
74 1789 10
74 2043 10
74 2060 3
74 2069 6
74 2153 10
74 2191 7
74 2257 6
74 2297 4
74 2365 6
74 2446 9
74 2449 8
74 2536 3
74 2560 7
74 2576 2
74 2631 4
74 2722 3
74 2750 3
74 2789 10
75 76 7
75 245 5
75 271 2
75 439 10
75 441 10
75 445 3
75 507 1
75 706 9
75 845 10
75 943 1
75 1064 1
75 1071 9
75 1073 10
75 1154 2
75 1216 4
75 1232 7
75 1255 8
75 1301 5
75 1349 8
75 1397 4
75 1432 5
75 1788 8
75 1901 6
75 1946 9
75 2086 3
75 2121 8
75 2230 2
75 2398 1
75 2472 5
75 2482 10
75 2610 9
75 2864 7
75 2938 6
75 2968 1
76 423 8
76 445 1
76 454 5
76 496 4
76 503 9
76 525 2
76 538 8
76 654 1
76 874 7
76 935 1
76 969 9
76 985 10
76 988 9
76 1308 9
76 1402 3
76 1617 4
76 1685 8
76 1799 6
76 2029 9
76 2097 2
76 2121 7
76 2189 1
76 2240 4
76 2351 5
76 2355 8
76 2386 7
76 2437 10
76 2441 9
76 2539 6
76 2814 9
77 89 7
77 148 9
77 174 9
77 529 10
77 625 10
77 644 4
77 672 7
77 685 9
77 712 1
77 1110 1
77 1140 1
77 1194 10
77 1230 8
77 1475 2
77 1670 4
77 1796 6
77 1839 1
77 2144 10
77 2153 10
77 2210 8
77 2282 6
77 2344 4
77 2439 6
77 2543 10
77 2654 8
77 2656 10
77 2761 6
77 2788 10
77 2884 5
78 95 4
78 97 10
78 285 5
78 375 4
78 834 8
78 923 3
78 1321 4
78 1506 2
78 1590 2
78 1633 8
78 1655 3
78 1665 3
78 1683 9
78 1730 2
78 1806 6
78 1820 2
78 1844 3
78 1882 10
78 2055 4
78 2130 9
78 2200 10
78 2219 4
78 2291 6
78 2512 6
78 2569 4
78 2574 7
78 2642 8
78 2774 5
79 111 1
79 408 9
79 442 7
79 521 4
79 723 7
79 770 3
79 957 9
79 959 7
79 1159 3
79 1199 6
79 1215 6
79 1272 2
79 1294 8
79 1316 10
79 1435 5
79 1485 7
79 1561 9
79 1713 2
79 1733 7
79 1773 1
79 1789 2
79 1810 9
79 2411 6
79 2467 2
79 2701 3
79 2729 1
79 2827 8
79 2862 10
79 2867 10
80 119 8
80 227 5
80 240 1
80 257 4
80 586 7
80 589 1
80 602 1
80 662 7
80 753 1
80 825 7
80 906 1
80 969 5
80 987 2
80 1051 5
80 1235 10
80 1258 7
80 1296 9
80 1393 7
80 1553 4
80 1632 4
80 1636 9
80 1661 9
80 1732 7
80 1815 10
80 1853 2
80 1913 9
80 1916 9
80 1945 1
80 1967 10
80 1988 2
80 2034 2
80 2040 8
80 2076 4
80 2080 4
80 2242 7
80 2486 1
80 2589 5
80 2649 3
80 2671 2
80 2847 1
80 2903 6
81 212 7
81 317 5
81 366 9
81 411 8
81 529 6
81 625 6
81 750 4
81 803 7
81 922 6
81 1001 1
81 1392 4
81 1457 2
81 1486 1
81 1654 2
81 1741 7
81 1924 7
81 2093 4
81 2253 9
81 2367 10
81 2829 4
81 2863 4
81 2980 6
82 119 4
82 167 4
82 181 9
82 247 1
82 336 7
82 502 1
82 587 2
82 599 3
82 794 1
82 888 1
82 942 7
82 1001 5
82 1072 9
82 1088 5
82 1173 8
82 1187 7
82 1206 7
82 1316 8
82 1322 3
82 1331 3
82 1499 3
82 1604 4
82 1608 8
82 1696 2
82 1723 6
82 1756 1
82 1795 5
82 1925 10
82 1958 1
82 1992 4
82 2027 10
82 2030 4
82 2080 2
82 2160 5
82 2282 10
82 2333 7
82 2389 5
82 2426 9
82 2429 7
82 2499 4
82 2749 4
82 2808 5
82 2964 3
83 94 6
83 129 9
83 263 2
83 550 8
83 610 8
83 643 1
83 706 9
83 790 10
83 883 3
83 998 9
83 1069 2
83 1322 3
83 1426 2
83 1545 10
83 1718 4
83 1743 10
83 1866 6
83 1925 1
83 2031 4
83 2260 2
83 2317 8
83 2414 8
83 2919 4
83 2936 6
84 404 7
84 419 2
84 453 1
84 613 9
84 636 8
84 748 6
84 749 9
84 811 9
84 815 2
84 817 1
84 819 7
84 839 6
84 840 2
84 898 4
84 929 7
84 939 2
84 972 5
84 1008 1
84 1013 4
84 1115 6
84 1212 8
84 1275 10
84 1586 6
84 1684 6
84 1747 10
84 1752 7
84 1786 2
84 1895 1
84 2199 2
84 2298 2
84 2512 5
84 2658 2
84 2800 4
84 2960 10
85 154 3
85 631 3
85 779 1
85 793 6
85 877 2
85 1070 1
85 1818 8
85 1830 7
85 1971 9
85 2139 9
85 2210 8
85 2300 2
85 2374 8
85 2376 9
85 2649 6
85 2671 6
85 2807 9
85 2839 8
85 2987 1
85 2995 8
86 122 2
86 224 6
86 266 5
86 398 7
86 622 10
86 760 6
86 776 3
86 942 1
86 1074 4
86 1105 2
86 1133 2
86 1183 10
86 1312 10
86 1343 9
86 1425 7
86 1581 10
86 1608 9
86 1637 1
86 1827 9
86 1846 2
86 1945 5
86 1947 1
86 2012 10
86 2090 9
86 2130 9
86 2145 2
86 2451 10
86 2558 7
86 2601 2
86 2767 2
86 2946 10
87 108 1
87 114 10
87 183 8
87 194 1
87 223 4
87 387 4
87 418 5
87 452 8
87 455 9
87 517 4
87 625 1
87 632 6
87 682 3
87 797 10
87 851 6
87 959 7
87 1041 2
87 1050 2
87 1099 4
87 1143 2
87 1358 2
87 1371 5
87 1539 7
87 1544 8
87 1546 10
87 1581 3
87 1606 2
87 1658 4
87 1664 9
87 1690 5
87 1703 8
87 2158 5
87 2284 4
87 2302 4
87 2364 3
87 2385 10
87 2658 5
87 2839 2
87 2842 1
87 2906 6
87 2982 9
88 341 6
88 469 3
88 588 10
88 737 4
88 758 7
88 889 9
88 930 6
88 1128 6
88 1363 6
88 1478 9
88 1647 9
88 1671 9
88 1747 3
88 1763 1
88 1775 2
88 1838 10
88 2015 7
88 2080 10
88 2118 3
88 2147 6
88 2211 10
88 2391 7
88 2437 7
88 2442 1
88 2492 10
88 2973 7
89 151 1
89 471 9
89 480 5
89 487 7
89 513 3
89 549 10
89 597 7
89 658 1
89 710 3
89 780 10
89 932 10
89 969 3
89 1148 1
89 1188 6
89 1196 6
89 1229 1
89 1287 10
89 1584 4
89 1672 6
89 1803 2
89 1885 8
89 1973 6
89 2391 8
89 2412 10
89 2427 3
89 2511 10
89 2633 1
89 2696 4
89 2959 7
89 2985 10
90 132 9
90 152 3
90 174 5
90 379 9
90 412 3
90 558 8
90 711 8
90 820 5
90 907 9
90 1134 2
90 1178 2
90 1233 7
90 1234 9
90 1241 6
90 1405 2
90 1442 7
90 1477 8
90 1504 7
90 1516 5
90 1543 2
90 1634 7
90 1802 6
90 1812 5
90 2188 9
90 2280 1
90 2283 10
90 2519 7
90 2598 10
90 2838 9
90 2886 5
90 2967 8
91 153 2
91 239 9
91 371 6
91 395 6
91 442 3
91 525 9
91 570 3
91 583 1
91 648 6
91 747 7
91 789 1
91 796 5
91 1092 5
91 1100 7
91 1543 1
91 1557 4
91 1619 10
91 1623 9
91 1734 4
91 1772 6
91 1794 10
91 1828 5
91 1955 5
91 1985 9
91 2080 9
91 2131 6
91 2181 4
91 2230 3
91 2237 9
91 2595 9
91 2780 9
91 2838 3
91 2874 5
92 287 8
92 380 5
92 405 10
92 417 3
92 501 6
92 852 5
92 864 3
92 883 1
92 885 1
92 1037 1
92 1113 7
92 1246 9
92 1286 10
92 1305 4
92 1325 5
92 1531 10
92 1548 9
92 1607 9
92 1795 4
92 1871 9
92 1884 1
92 1935 8
92 2022 6
92 2067 2
92 2091 7
92 2542 4
92 2639 3
92 2678 5
92 2853 1
92 2893 8
92 2908 2
93 291 8
93 314 2
93 457 8
93 597 5
93 613 9
93 657 1
93 732 10
93 797 2
93 1074 10
93 1095 4
93 1152 8
93 1264 2
93 1308 10
93 1357 3
93 1581 2
93 1686 6
93 1879 2
93 1881 3
93 1905 7
93 1934 10
93 1985 10
93 2030 8
93 2038 2
93 2160 2
93 2205 2
93 2380 8
93 2696 5
93 2756 5
93 2855 1
93 2879 3
93 2934 6
94 164 5
94 203 9
94 257 7
94 430 1
94 563 8
94 575 2
94 633 10
94 834 4
94 895 3
94 924 7
94 1065 4
94 1115 2
94 1258 4
94 1283 3
94 1433 2
94 1509 6
94 1511 4
94 1572 10
94 1588 2
94 1744 2
94 1791 8
94 2018 1
94 2030 2
94 2066 2
94 2202 10
94 2341 9
94 2443 10
94 2577 2
94 2610 6
94 2778 6
94 2835 2
94 2882 9
94 2899 8
95 129 9
95 209 9
95 259 8
95 264 10
95 272 2
95 315 4
95 427 1
95 445 2
95 656 2
95 738 7
95 823 2
95 842 2
95 911 3
95 938 10
95 1124 2
95 1418 4
95 1570 4
95 1629 1
95 1660 10
95 1751 4
95 1820 7
95 1831 1
95 2119 9
95 2174 2
95 2194 9
95 2318 10
95 2382 5
95 2525 8
95 2738 3
95 2818 6
95 2883 8
95 2949 4
96 137 6
96 196 9
96 229 3
96 268 9
96 334 8
96 363 9
96 420 1
96 504 10
96 553 3
96 655 10
96 836 9
96 842 2
96 880 3
96 882 2
96 901 3
96 928 2
96 1024 6
96 1039 5
96 1080 2
96 1091 3
96 1109 9
96 1163 4
96 1273 9
96 1394 7
96 1806 5
96 1912 4
96 1921 1
96 1966 8
96 2095 9
96 2129 2
96 2247 2
96 2513 6
96 2642 9
96 2797 2
96 2806 10
96 2866 8
97 237 5
97 265 10
97 338 4
97 600 9
97 679 6
97 691 5
97 705 4
97 729 5
97 861 7
97 949 6
97 984 5
97 1000 1
97 1105 3
97 1179 3
97 1273 2
97 1534 8
97 1537 6
97 1589 3
97 2038 5
97 2119 2
97 2219 2
97 2690 9
97 2754 8
97 2867 8
97 2975 1
97 2991 7
98 297 4
98 307 6
98 502 6
98 630 1
98 807 3
98 822 6
98 1036 7
98 1046 2
98 1074 3
98 1131 5
98 1290 3
98 1536 6
98 1705 2
98 1875 9
98 1935 4
98 1948 1
98 2052 10
98 2220 3
98 2255 4
98 2393 7
98 2437 1
98 2525 1
98 2545 7
98 2793 8
98 2983 9
99 144 7
99 289 2
99 335 6
99 338 1
99 596 8
99 691 8
99 717 6
99 755 2
99 926 10
99 1018 6
99 1117 4
99 1235 7
99 1327 4
99 1371 2
99 1633 1
99 1793 4
99 1864 1
99 1985 5
99 2118 7
99 2230 1
99 2340 4
99 2590 8
99 2615 2
99 2687 4
99 2855 10
99 2866 1
99 2876 2
100 141 2
100 294 2
100 479 6
100 519 1
100 543 7
100 637 9
100 799 10
100 841 8
100 851 7
100 1068 1
100 1095 7
100 1148 5
100 1448 6
100 1477 7
100 1694 8
100 1788 10
100 1837 6
100 1926 6
100 2198 3
100 2430 10
100 2442 3
100 2444 1
100 2562 3
100 2826 6
101 102 1
101 165 4
101 207 3
101 286 10
101 397 4
101 405 3
101 544 7
101 651 5
101 722 8
101 723 10
101 880 9
101 1069 3
101 1145 7
101 1204 3
101 1241 9
101 1340 3
101 1440 7
101 1733 1
101 1896 1
101 1932 4
101 2004 5
101 2010 3
101 2139 5
101 2384 5
101 2559 7
101 2653 9
101 2667 2
101 2709 5
101 2740 5
101 2753 4
101 2821 5
101 2885 2
101 2934 5
101 2950 7
102 212 9
102 329 8
102 349 8
102 429 5
102 434 10
102 452 9
102 540 5
102 589 1
102 601 7
102 768 4
102 771 10
102 898 7
102 914 6
102 955 6
102 1267 10
102 1281 7
102 1448 7
102 1703 9
102 1783 3
102 1854 7
102 2096 9
102 2116 8
102 2155 9
102 2161 10
102 2176 7
102 2339 5
102 2505 2
102 2561 1
102 2749 5
102 2772 2
102 2818 10
102 2901 9
102 2910 6
102 2912 6
102 2975 9
103 163 8
103 216 6
103 324 6
103 332 4
103 679 1
103 731 10
103 892 7
103 981 7
103 1056 9
103 1099 2
103 1103 4
103 1167 5
103 1213 5
103 1242 7
103 1263 3
103 1663 10
103 1730 3
103 1838 4
103 1840 10
103 1886 4
103 1891 4
103 1927 1
103 1980 6
103 1995 2
103 2039 8
103 2200 1
103 2239 7
103 2339 2
103 2352 2
103 2552 7
103 2567 9
103 2686 1
103 2698 10
103 2900 3
104 173 4
104 208 3
104 282 7
104 291 6
104 310 1
104 330 3
104 448 4
104 595 10
104 601 3
104 628 10
104 648 4
104 744 2
104 791 9
104 874 2
104 1126 1
104 1146 6
104 1324 3
104 1493 3
104 1567 1
104 1610 10
104 1789 8
104 1799 9
104 1856 5
104 2070 2
104 2138 7
104 2386 4
104 2642 9
104 2663 3
104 2756 6
104 2901 3
104 2911 4
104 2917 3
104 2919 2
104 2943 7
104 2960 9
105 122 3
105 267 8
105 909 2
105 1027 10
105 1075 8
105 1078 3
105 1080 4
105 1133 10
105 1221 8
105 1341 1
105 1423 4
105 1530 7
105 1673 7
105 1698 10
105 1734 9
105 1935 5
105 2108 9
105 2249 7
105 2275 7
105 2316 10
105 2497 7
105 2538 3
105 2611 7
105 2798 2
105 2938 10
105 2948 2
106 186 6
106 312 2
106 347 1
106 469 10
106 603 3
106 608 4
106 811 1
106 868 1
106 915 6
106 961 8
106 1050 1
106 1073 2
106 1152 9
106 1260 8
106 1337 4
106 1339 6
106 1613 9
106 1646 6
106 1654 6
106 1796 1
106 2047 10
106 2073 1
106 2116 6
106 2135 10
106 2414 2
106 2688 3
106 2689 3
106 2990 2
107 127 6
107 128 9
107 171 1
107 176 6
107 297 7
107 420 6
107 432 6
107 539 9
107 709 5
107 848 9
107 894 5
107 1102 8
107 1106 9
107 1158 8
107 1244 1
107 1350 1
107 1614 2
107 1625 8
107 1649 10
107 1851 5
107 2145 2
107 2240 7
107 2366 5
107 2671 4
108 140 3
108 494 10
108 512 2
108 785 3
108 939 10
108 982 1
108 1008 6
108 1048 5
108 1150 1
108 1199 2
108 1497 8
108 1514 7
108 1558 3
108 1582 2
108 1685 2
108 1756 3
108 2013 4
108 2046 10
108 2142 4
108 2144 3
108 2307 2
108 2408 5
108 2473 1
108 2498 1
108 2860 6
108 2962 6
109 131 2
109 228 9
109 324 6
109 376 2
109 487 6
109 612 7
109 673 6
109 709 6
109 858 5
109 1007 4
109 1032 2
109 1137 5
109 1212 4
109 1272 2
109 1289 5
109 1300 3
109 1301 9
109 1336 2
109 1364 10
109 1405 8
109 1641 9
109 1645 1
109 1920 1
109 1969 3
109 1978 2
109 2027 4
109 2046 2
109 2118 2
109 2121 6
109 2126 4
109 2215 5
109 2235 9
109 2257 10
109 2284 6
109 2293 2
109 2306 7
109 2388 7
109 2516 7
109 2568 1
109 2943 3
109 2948 1
109 2958 10
110 177 7
110 732 4
110 838 3
110 956 2
110 989 4
110 1121 5
110 1692 6
110 1913 5
110 1979 2
110 2025 4
110 2076 8
110 2087 9
110 2120 8
110 2367 10
110 2411 4
110 2485 7
110 2538 9
110 2551 5
110 2571 10
110 2782 10
111 180 8
111 224 3
111 268 2
111 321 1
111 369 6
111 426 3
111 505 2
111 617 10
111 627 5
111 657 10
111 724 6
111 857 4
111 880 2
111 1097 3
111 1126 1
111 1127 6
111 1209 1
111 1397 7
111 1461 7
111 1464 10
111 1511 6
111 1656 2
111 1861 7
111 2025 4
111 2058 9
111 2119 9
111 2487 1
111 2512 6
111 2689 4
111 2746 1
111 2824 8
111 2929 10
112 116 9
112 171 5
112 175 3
112 245 9
112 257 8
112 350 1
112 383 4
112 508 9
112 672 7
112 990 7
112 1101 3
112 1460 6
112 1464 7
112 1478 9
112 1643 10
112 1673 10
112 1732 1
112 1883 10
112 1933 7
112 2479 5
112 2495 1
112 2546 7
112 2636 6
112 2750 6
112 2755 5
112 2919 3
112 2929 6
112 2954 10
113 241 2
113 463 3
113 479 5
113 491 3
113 670 8
113 855 2
113 894 4
113 970 6
113 981 8
113 1002 10
113 1005 1
113 1091 4
113 1180 7
113 1224 8
113 1296 3
113 1309 7
113 1361 1
113 1367 3
113 1737 1
113 1752 6
113 1890 5
113 1905 4
113 1977 4
113 2042 10
113 2046 9
113 2064 10
113 2075 1
113 2120 10
113 2227 5
113 2369 3
113 2533 8
113 2602 7
113 2818 5
113 2913 7
114 175 4
114 409 1
114 584 6
114 661 4
114 1336 8
114 1479 4
114 1488 7
114 2004 6
114 2120 5
114 2135 9
114 2219 9
114 2298 8
114 2365 4
114 2507 1
114 2889 10
114 2971 6
114 2990 3
115 179 6
115 350 7
115 464 6
115 467 7
115 654 1
115 684 4
115 808 3
115 1047 3
115 1128 3
115 1286 4
115 1366 3
115 1574 3
115 1970 3
115 2009 5
115 2102 9
115 2215 5
115 2499 8
115 2686 7
115 2692 7
115 2702 7
115 2749 5
115 2864 10
116 150 9
116 303 1
116 413 6
116 704 6
116 714 5
116 797 10
116 946 2
116 1016 10
116 1129 5
116 1208 6
116 1237 8
116 1438 6
116 1854 3
116 1944 6
116 1945 8
116 2050 10
116 2173 4
116 2481 1
116 2504 9
116 2602 9
116 2659 9
116 2671 10
116 2937 10
116 2974 5
117 258 4
117 319 10
117 378 10
117 479 8
117 649 7
117 847 7
117 1003 8
117 1174 5
117 1262 10
117 1371 10
117 1377 8
117 1627 3
117 1664 6
117 1667 2
117 1701 9
117 1720 9
117 1747 3
117 1766 2
117 1782 10
117 1847 2
117 1852 6
117 2387 3
117 2714 8
117 2755 7
117 2837 5
117 2918 6
117 2954 5
117 2991 4
118 190 9
118 239 1
118 376 8
118 411 5
118 480 7
118 482 2
118 500 2
118 517 10
118 533 9
118 575 3
118 577 1
118 627 3
118 658 9
118 659 1
118 708 3
118 728 3
118 739 7
118 868 10
118 1056 2
118 1124 5
118 1328 7
118 1367 7
118 1424 1
118 1570 3
118 1744 7
118 1756 4
118 1774 3
118 1847 1
118 1923 6
118 1963 8
118 2098 9
118 2412 3
118 2447 7
118 2450 8
118 2543 1
118 2780 3
118 2910 7
118 2935 10
119 145 1
119 180 6
119 265 10
119 283 7
119 286 3
119 321 5
119 337 6
119 348 4
119 500 5
119 517 8
119 521 7
119 558 8
119 575 7
119 579 5
119 923 5
119 1022 5
119 1073 1
119 1314 3
119 1328 7
119 1406 4
119 1548 7
119 1896 9
119 1995 2
119 2114 9
119 2128 8
119 2153 3
119 2315 7
119 2469 2
119 2599 1
119 2633 4
119 2668 7
119 2871 3
119 2918 4
119 2924 7
119 2933 6
119 2943 2
119 2944 2
119 2956 3
120 125 4
120 192 4
120 304 4
120 341 10
120 345 7
120 416 6
120 429 10
120 593 7
120 632 8
120 639 8
120 747 7
120 791 2
120 863 5
120 874 4
120 921 9
120 1068 10
120 1097 3
120 1418 5
120 1525 4
120 1557 7
120 1639 3
120 1644 8
120 1677 4
120 1699 10
120 1735 10
120 1760 8
120 2143 1
120 2166 6
120 2279 7
120 2356 10
120 2402 1
120 2411 10
120 2434 5
120 2595 8
120 2699 3
120 2867 1
120 2896 4
121 207 3
121 223 3
121 288 3
121 403 3
121 424 10
121 560 3
121 678 5
121 895 1
121 1018 10
121 1036 4
121 1082 5
121 1180 1
121 1269 2
121 1418 6
121 1490 6
121 1564 2
121 1864 3
121 1904 8
121 2038 4
121 2099 7
121 2108 3
121 2139 10
121 2234 6
121 2242 2
121 2260 8
121 2292 8
121 2490 1
121 2656 3
121 2686 5
121 2757 7
121 2767 4
122 176 10
122 227 4
122 245 10
122 337 9
122 362 3
122 377 3
122 430 1
122 917 8
122 977 7
122 1012 9
122 1038 9
122 1043 10
122 1115 4
122 1129 8
122 1174 10
122 1328 6
122 1332 9
122 1352 3
122 1360 4
122 1557 7
122 1886 1
122 2045 10
122 2098 4
122 2100 7
122 2210 2
122 2397 2
122 2446 7
122 2447 2
122 2493 5
122 2692 3
122 2713 1
123 138 5
123 410 3
123 440 9
123 608 4
123 629 5
123 646 5
123 689 8
123 1262 3
123 1968 5
123 2071 5
123 2089 2
123 2151 4
123 2342 10
123 2444 9
123 2491 1
123 2496 3
123 2533 5
123 2545 2
123 2709 7
123 2770 2
123 2826 4
123 2941 10
124 290 4
124 374 10
124 531 3
124 640 8
124 683 8
124 844 5
124 995 9
124 1077 6
124 1108 4
124 1402 9
124 1803 9
124 1844 3
124 1914 6
124 2189 3
124 2650 1
124 2706 8
124 2710 6
124 2767 3
124 2794 2
124 2899 3
125 172 5
125 420 1
125 688 6
125 841 3
125 845 10
125 859 6
125 876 8
125 1078 6
125 1095 7
125 1144 7
125 1307 7
125 1321 8
125 1361 4
125 1767 2
125 1804 9
125 2263 6
125 2290 4
125 2490 3
125 2699 6
125 2731 6
126 221 10
126 280 9
126 559 2
126 713 2
126 953 1
126 1008 4
126 1070 2
126 1099 4
126 1178 1
126 1226 8
126 1299 3
126 1343 6
126 1525 7
126 1893 10
126 1945 4
126 2148 8
126 2208 3
126 2433 10
126 2468 6
126 2472 3
126 2530 7
126 2581 6
126 2729 6
126 2886 6
127 132 6
127 379 10
127 391 3
127 475 6
127 536 5
127 542 2
127 571 6
127 718 1
127 941 3
127 1065 6
127 1111 4
127 1226 1
127 1311 7
127 1346 10
127 1374 1
127 1574 3
127 1653 9
127 1665 7
127 1973 10
127 2013 9
127 2020 4
127 2090 8
127 2257 1
127 2281 9
127 2591 6
127 2653 9
127 2693 1
127 2737 3
127 2958 2
128 139 3
128 238 6
128 246 9
128 251 6
128 363 10
128 579 8
128 603 4
128 644 3
128 687 6
128 709 9
128 821 4
128 1156 8
128 1370 4
128 1579 10
128 2150 4
128 2325 5
128 2420 10
128 2644 2
128 2716 6
128 2785 9
128 2883 1
128 2949 6
129 269 1
129 322 9
129 349 2
129 396 6
129 522 1
129 621 1
129 683 1
129 909 10
129 941 1
129 1039 10
129 1085 7
129 1119 3
129 1172 5
129 1217 7
129 1342 5
129 1408 10
129 1431 4
129 1596 9
129 1755 1
129 2078 7
129 2532 7
129 2597 3
129 2712 4
129 2726 5
129 2734 7
129 2742 7
129 2936 6
130 158 7
130 358 7
130 511 1
130 541 9
130 559 7
130 711 10
130 916 10
130 948 6
130 1048 10
130 1204 3
130 1240 4
130 1278 6
130 1310 5
130 1458 1
130 1597 2
130 1681 9
130 1757 3
130 1834 7
130 1935 3
130 2051 3
130 2183 9
130 2202 3
130 2563 10
130 2654 3
130 2709 5
130 2842 6
130 2904 2
130 2952 6
131 152 6
131 347 1
131 510 1
131 539 2
131 584 5
131 620 5
131 640 3
131 656 6
131 701 2
131 1013 8
131 1052 3
131 1130 6
131 1151 5
131 1193 3
131 1217 2
131 1257 8
131 1295 2
131 1335 9
131 1401 8
131 1463 5
131 1472 6
131 1544 9
131 1613 7
131 1812 9
131 1824 1
131 1891 1
131 2084 7
131 2318 3
131 2349 5
131 2421 10
131 2531 3
131 2614 3
131 2624 3
131 2718 2
131 2740 3
131 2806 10
131 2879 8
131 2941 2
131 2985 7
131 2997 9
132 133 3
132 212 7
132 234 9
132 257 6
132 419 5
132 779 2
132 817 6
132 1044 5
132 1096 3
132 1167 1
132 1358 4
132 1394 8
132 1671 8
132 1694 10
132 1866 10
132 1879 10
132 2180 3
132 2225 7
132 2369 7
132 2405 7
132 2420 9
132 2488 10
132 2490 8
132 2535 9
132 2561 6
132 2732 8
132 2835 8
132 2838 9
132 2851 4
132 2875 8
132 2947 10
132 2990 4
133 256 3
133 316 2
133 479 10
133 505 1
133 555 5
133 560 8
133 786 6
133 905 3
133 909 4
133 912 8
133 1038 7
133 1116 2
133 1185 9
133 1612 1
133 1640 10
133 1763 6
133 1789 2
133 1841 3
133 1951 10
133 2063 7
133 2065 1
133 2091 9
133 2142 10
133 2188 5
133 2195 2
133 2222 1
133 2232 4
133 2431 6
133 2865 4
134 510 9
134 551 10
134 735 3
134 745 10
134 843 10
134 1035 2
134 1083 6
134 1194 6
134 1497 5
134 1568 7
134 1777 7
134 1979 10
134 2113 7
134 2210 1
134 2224 2
134 2243 5
134 2377 7
134 2558 4
134 2568 1
134 2687 2
134 2752 1
134 2874 8
134 2884 3
134 2904 2
135 193 5
135 222 10
135 291 5
135 307 1
135 331 6
135 369 2
135 732 7
135 780 6
135 836 3
135 915 5
135 1097 5
135 1139 9
135 1278 9
135 1310 10
135 1383 9
135 1438 7
135 1484 1
135 1665 2
135 1827 4
135 1934 7
135 2024 3
135 2189 10
135 2229 6
135 2367 3
135 2389 1
135 2606 8
135 2613 6
135 2629 3
135 2690 7
135 2791 1
135 2793 3
135 2797 1
135 2880 5
135 2997 5
136 170 3
136 213 4
136 253 10
136 263 5
136 444 3
136 448 10
136 561 4
136 805 1
136 934 9
136 1058 3
136 1244 9
136 1598 7
136 1677 8
136 1696 4
136 1977 4
136 2069 1
136 2070 3
136 2100 1
136 2131 2
136 2236 10
136 2732 4
136 2993 5
136 2998 7
137 198 7
137 217 10
137 251 2
137 451 3
137 575 6
137 596 8
137 779 3
137 821 1
137 947 6
137 1291 5
137 1362 3
137 1518 6
137 1957 4
137 2453 9
137 2580 8
137 2589 1
137 2686 4
137 2919 10
138 334 4
138 448 2
138 560 2
138 573 8
138 594 10
138 617 7
138 707 4
138 921 4
138 1228 2
138 1345 10
138 1400 6
138 1417 4
138 1433 1
138 1658 10
138 1774 8
138 1791 6
138 1986 10
138 2076 3
138 2144 3
138 2263 8
138 2280 9
138 2330 3
138 2365 9
138 2515 4
138 2526 1
138 2694 7
138 2716 1
138 2724 8
138 2851 1
139 454 4
139 541 2
139 551 10
139 751 5
139 887 6
139 1144 10
139 1150 2
139 1153 9
139 1172 6
139 1189 1
139 1223 8
139 1228 1
139 1253 5
139 1301 1
139 1346 8
139 1347 2
139 1358 10
139 1363 8
139 1401 5
139 1421 6
139 1573 7
139 1599 5
139 1723 5
139 1927 1
139 1989 2
139 2337 3
139 2392 2
139 2423 2
139 2537 9
139 2550 10
139 2645 10
139 2657 4
139 2864 6
139 2968 1
140 297 9
140 340 3
140 671 1
140 788 8
140 793 6
140 854 10
140 1045 10
140 1203 9
140 1215 1
140 1429 4
140 1463 1
140 1599 10
140 1778 3
140 1837 8
140 1869 3
140 1899 8
140 2081 8
140 2200 3
140 2382 6
140 2440 4
140 2519 8
140 2621 4
140 2973 3
140 2984 8
141 226 4
141 231 1
141 274 1
141 367 10
141 491 4
141 591 5
141 592 4
141 609 7
141 647 8
141 689 5
141 713 7
141 758 10
141 764 2
141 1051 9
141 1415 6
141 1492 3
141 1517 3
141 1577 5
141 1611 9
141 1701 8
141 1704 3
141 1721 9
141 1840 8
141 2044 3
141 2051 1
141 2515 9
141 2542 6
141 2584 6
141 2702 3
141 2777 7
142 213 9
142 542 5
142 602 2
142 833 2
142 885 6
142 959 1
142 1052 7
142 1084 1
142 1335 2
142 1413 1
142 1424 7
142 1472 6
142 1487 3
142 1538 4
142 1549 7
142 1629 9
142 1704 6
142 1716 8
142 1846 10
142 2087 1
142 2172 8
142 2536 1
142 2591 4
142 2675 7
143 330 8
143 338 3
143 497 2
143 499 10
143 598 10
143 665 9
143 795 10
143 811 7
143 1097 1
143 1302 5
143 1558 10
143 1630 4
143 1741 8
143 1850 3
143 2005 5
143 2094 6
143 2123 1
143 2360 3
143 2373 6
143 2406 1
143 2732 6
143 2765 1
143 2805 1
143 2953 8
143 2972 6
144 284 1
144 309 3
144 400 4
144 650 10
144 711 1
144 798 1
144 832 8
144 877 9
144 890 10
144 925 1
144 1164 5
144 1262 4
144 1278 3
144 1284 1
144 1322 4
144 1587 8
144 1706 10
144 1863 10
144 1904 2
144 1960 7
144 2004 4
144 2046 6
144 2061 1
144 2187 5
144 2298 7
144 2309 2
144 2478 2
144 2487 4
144 2693 8
144 2787 4
144 2860 1
144 2993 5
145 233 4
145 244 10
145 293 6
145 367 3
145 385 4
145 394 2
145 398 3
145 646 9
145 662 8
145 684 1
145 764 5
145 772 1
145 783 10
145 792 9
145 1018 3
145 1085 4
145 1185 9
145 1248 5
145 1290 1
145 1398 8
145 1434 7
145 1452 8
145 1471 8
145 1620 4
145 1712 5
145 1742 7
145 1749 7
145 1770 10
145 2034 8
145 2214 2
145 2270 10
145 2282 5
145 2333 7
145 2392 5
145 2555 4
145 2602 3
145 2693 6
145 2754 7
145 2845 9
145 2862 3
145 2884 9
145 2963 10
145 2972 4
145 2989 1
146 266 3
146 435 7
146 615 9
146 619 5
146 651 2
146 890 6
146 938 1
146 1058 1
146 1226 4
146 1416 7
146 1430 2
146 1590 6
146 1626 7
146 1820 6
146 1951 4
146 2100 9
146 2223 5
146 2335 6
146 2541 2
146 2644 1
146 2724 1
146 2749 5
146 2904 10
147 189 1
147 266 1
147 410 5
147 438 4
147 610 4
147 811 2
147 1125 5
147 1142 4
147 1295 6
147 1353 9
147 1450 1
147 1542 5
147 1590 3
147 1761 3
147 1826 1
147 1989 7
147 2035 5
147 2058 10
147 2174 5
147 2181 3
147 2222 2
147 2243 1
147 2263 2
147 2306 6
147 2367 4
147 2489 9
147 2684 6
147 2711 5
147 2881 9
148 198 6
148 231 4
148 457 3
148 484 9
148 583 6
148 769 5
148 892 7
148 1031 2
148 1066 10
148 1170 8
148 1288 4
148 1444 4
148 1565 7
148 1689 1
148 1717 3
148 1853 8
148 1913 10
148 2151 3
148 2735 2
148 2824 10
149 596 1
149 675 2
149 683 5
149 734 3
149 971 2
149 1120 8
149 1220 9
149 1387 1
149 1481 4
149 1965 6
149 2067 9
149 2075 2
149 2516 6
149 2530 4
149 2547 9
149 2752 5
150 151 5
150 200 3
150 386 8
150 391 8
150 562 10
150 875 10
150 1001 1
150 1189 9
150 1341 9
150 1367 5
150 1397 4
150 1415 1
150 1548 8
150 1557 7
150 1582 8
150 1767 6
150 2295 6
150 2521 1
150 2760 7
150 2953 5
151 168 6
151 192 10
151 257 6
151 496 3
151 671 5
151 793 1
151 801 10
151 872 4
151 917 4
151 1122 5
151 1151 9
151 1198 3
151 1345 2
151 1519 7
151 1717 4
151 2005 1
151 2054 9
151 2107 4
151 2133 8
151 2182 5
151 2245 6
151 2311 2
151 2356 6
151 2578 1
151 2635 9
151 2694 10
151 2871 1
151 2908 7
151 2981 6
152 217 1
152 222 4
152 301 9
152 352 5
152 458 6
152 514 5
152 815 3
152 962 8
152 1039 2
152 1192 5
152 1212 2
152 1398 4
152 1409 2
152 1453 9
152 1521 10
152 1622 10
152 1680 2
152 1707 7
152 1964 6
152 1991 5
152 2043 10
152 2059 8
152 2195 6
152 2200 6
152 2234 3
152 2256 4
152 2318 1
152 2343 5
152 2483 5
152 2605 5
152 2657 1
152 2679 9
152 2718 3
152 2767 5
152 2821 1
153 524 10
153 687 2
153 902 5
153 905 6
153 912 5
153 1004 5
153 1127 7
153 1332 10
153 1355 5
153 1510 10
153 1598 4
153 1693 4
153 1769 6
153 1817 1
153 1898 2
153 2025 3
153 2125 1
153 2186 5
153 2336 9
153 2427 3
153 2438 2
153 2577 8
153 2837 3
153 2846 8
153 2880 6
153 2977 3
153 2978 4
154 259 9
154 367 9
154 449 4
154 475 4
154 1031 2
154 1042 2
154 1088 3
154 1157 10
154 1205 5
154 1305 8
154 1632 7
154 1644 5
154 1824 5
154 1874 1
154 1966 4
154 2092 5
154 2229 5
154 2257 7
154 2467 6
154 2636 10
154 2667 10
154 2699 8
154 2710 6
154 2717 10
154 2760 3
154 2942 4
154 2947 8
155 306 6
155 434 2
155 540 5
155 821 2
155 825 4
155 892 8
155 973 8
155 1108 7
155 1186 9
155 1499 8
155 1665 10
155 1690 5
155 1928 1
155 2019 9
155 2180 2
155 2439 6
155 2474 2
155 2523 10
155 2531 6
155 2560 6
155 2796 2
155 2803 3
156 407 5
156 491 6
156 557 2
156 611 6
156 612 6
156 660 6
156 816 3
156 826 8
156 928 8
156 935 10
156 982 5
156 1227 6
156 1421 1
156 1609 5
156 1633 10
156 1985 8
156 2215 7
156 2244 8
156 2391 7
156 2521 7
156 2581 9
156 2613 7
156 2696 6
156 2704 8
156 2813 2
156 2995 10
157 200 2
157 248 7
157 375 2
157 410 2
157 609 1
157 762 7
157 856 6
157 948 8
157 1018 9
157 1111 8
157 1208 4
157 1271 9
157 1527 6
157 1600 10
157 1696 1
157 1903 8
157 1956 2
157 2076 2
157 2091 8
157 2236 10
157 2287 2
157 2306 10
157 2359 6
157 2686 3
157 2693 8
157 2763 1
157 2910 7
158 177 1
158 259 5
158 422 5
158 461 1
158 747 9
158 767 3
158 871 1
158 1067 8
158 1127 8
158 1177 6
158 1198 7
158 1300 9
158 1323 4
158 1403 5
158 1477 9
158 1483 2
158 1546 4
158 1637 10
158 1910 10
158 1937 4
158 2184 1
158 2205 8
158 2207 9
158 2217 1
158 2465 2
158 2501 4
158 2653 10
158 2698 3
158 2727 6
158 2798 6
158 2881 2
159 216 9
159 410 6
159 553 4
159 584 3
159 642 2
159 692 3
159 703 10
159 733 5
159 1151 10
159 1224 3
159 1363 4
159 1413 7
159 1571 4
159 1604 4
159 1827 4
159 1952 7
159 2123 3
159 2198 7
159 2247 7
159 2280 4
159 2348 3
159 2379 8
159 2517 4
159 2568 9
159 2729 7
159 2934 7
160 259 7
160 432 10
160 506 6
160 876 8
160 1213 5
160 1409 8
160 1438 8
160 1466 10
160 1490 10
160 1536 6
160 1664 9
160 1754 5
160 1761 9
160 1766 3
160 1923 5
160 2261 4
160 2453 9
160 2716 1
160 2782 5
160 2900 10
160 2927 5
161 190 5
161 266 9
161 670 10
161 676 7
161 813 4
161 880 9
161 1113 6
161 1142 8
161 1168 7
161 1178 6
161 1180 4
161 1236 9
161 1350 2
161 1416 3
161 1476 10
161 1866 5
161 1953 8
161 2023 7
161 2025 5
161 2139 8
161 2160 9
161 2206 3
161 2369 9
161 2435 6
161 2541 7
161 2546 10
161 2634 6
161 2648 6
161 2660 9
161 2698 3
161 2772 8
162 526 9
162 657 10
162 811 1
162 818 3
162 889 5
162 947 9
162 951 2
162 995 4
162 1044 10
162 1145 8
162 1251 7
162 1295 7
162 1406 4
162 1517 4
162 1521 2
162 1566 5
162 1593 1
162 1726 3
162 1799 7
162 1828 10
162 2057 7
162 2257 10
162 2356 1
162 2382 8
162 2518 1
162 2696 3
162 2781 3
162 2823 6
162 2860 2
162 2868 7
162 2957 10
163 236 2
163 507 6
163 591 2
163 841 2
163 910 6
163 923 5
163 932 10
163 971 7
163 1067 4
163 1334 6
163 1391 5
163 1415 3
163 1423 6
163 1524 7
163 1547 8
163 1792 7
163 1847 9
163 2026 5
163 2593 4
163 2633 3
163 2678 2
164 224 7
164 225 6
164 263 9
164 282 7
164 465 5
164 519 8
164 614 6
164 729 8
164 841 7
164 1017 5
164 1050 5
164 1074 7
164 1149 3
164 1159 10
164 1224 9
164 1233 9
164 1236 3
164 1396 2
164 1468 2
164 1730 8
164 1742 4
164 1784 4
164 1944 1
164 1970 8
164 2069 10
164 2409 10
164 2449 4
164 2464 9
164 2544 4
164 2562 4
164 2625 3
164 2763 1
164 2801 4
164 2835 7
164 2895 10
164 2904 2
164 2978 8
165 364 7
165 414 1
165 628 1
165 887 5
165 991 4
165 1106 8
165 1412 10
165 1458 4
165 1490 2
165 1640 9
165 1792 4
165 1865 1
165 1908 5
165 1974 9
165 2045 10
165 2157 2
165 2403 3
165 2560 6
165 2806 3
166 182 8
166 207 2
166 209 3
166 230 7
166 359 8
166 490 4
166 525 3
166 636 6
166 695 5
166 719 4
166 756 9
166 819 10
166 886 6
166 1014 6
166 1179 5
166 1187 10
166 1217 9
166 1423 5
166 1463 4
166 1531 5
166 1702 6
166 1790 4
166 1842 8
166 2001 5
166 2136 5
166 2339 1
166 2379 1
166 2383 1
166 2386 5
166 2478 8
166 2488 3
166 2622 2
166 2674 7
166 2737 9
166 2845 9
166 2957 4
166 2963 9
167 187 7
167 516 3
167 624 4
167 751 1
167 924 6
167 1005 8
167 1164 10
167 1325 8
167 1340 3
167 1400 3
167 1411 1
167 1426 5
167 1477 4
167 1491 6
167 1812 4
167 1927 7
167 2092 10
167 2136 2
167 2162 5
167 2165 2
167 2358 10
167 2498 4
167 2602 10
167 2623 5
167 2672 1
167 2961 3
168 175 3
168 209 2
168 252 2
168 276 2
168 312 8
168 427 9
168 499 10
168 560 7
168 615 4
168 633 3
168 657 5
168 769 5
168 843 7
168 905 3
168 969 4
168 995 5
168 1026 1
168 1034 8
168 1225 10
168 1314 7
168 1347 6
168 1473 3
168 1504 4
168 1728 2
168 1898 6
168 2102 9
168 2145 6
168 2180 1
168 2379 7
168 2435 1
168 2526 10
168 2642 3
168 2679 6
168 2897 1
168 2970 9
169 313 10
169 342 8
169 378 9
169 423 7
169 582 7
169 640 9
169 757 9
169 808 4
169 887 8
169 901 5
169 1034 7
169 1139 5
169 1550 9
169 1605 8
169 1744 2
169 2060 7
169 2061 1
169 2070 5
169 2177 6
169 2195 6
169 2268 9
169 2386 3
169 2578 9
169 2599 2
169 2608 3
169 2647 3
169 2663 10
169 2968 4
169 2970 3
170 191 3
170 426 9
170 432 10
170 471 5
170 505 9
170 652 8
170 700 2
170 731 8
170 794 4
170 884 10
170 981 8
170 983 7
170 1131 3
170 1226 6
170 1230 1
170 1253 10
170 1321 3
170 1347 4
170 1812 9
170 1908 4
170 1918 3
170 1951 7
170 2088 10
170 2254 10
170 2421 1
170 2471 10
170 2608 7
170 2682 3
170 2706 6
170 2731 2
170 2844 3
171 314 7
171 325 9
171 443 1
171 580 5
171 759 2
171 901 4
171 930 9
171 937 2
171 1005 9
171 1099 7
171 1120 7
171 1214 6
171 1419 8
171 1444 4
171 1466 8
171 1554 9
171 1736 5
171 1739 2
171 1793 6
171 1850 7
171 1964 1
171 2111 5
171 2147 1
171 2205 6
171 2254 4
171 2287 2
171 2295 7
171 2297 1
171 2324 5
171 2348 5
171 2359 9
171 2514 2
171 2579 9
171 2658 1
171 2703 10
171 2866 3
171 2991 1
172 329 10
172 366 2
172 674 10
172 703 6
172 788 4
172 855 5
172 875 2
172 986 7
172 1050 3
172 1062 9
172 1114 8
172 1128 5
172 1261 3
172 1720 4
172 1792 9
172 1873 7
172 1958 4
172 2163 2
172 2191 3
172 2202 5
172 2366 7
172 2488 8
172 2707 10
172 2824 8
172 2902 10
172 2972 3
173 260 9
173 362 1
173 517 9
173 571 10
173 600 2
173 671 10
173 871 3
173 876 3
173 1001 4
173 1080 8
173 1346 6
173 1407 9
173 1592 10
173 1685 7
173 1725 5
173 1803 6
173 1817 1
173 2094 8
173 2367 10
173 2480 9
173 2600 6
173 2751 7
173 2775 5
174 297 2
174 353 9
174 406 8
174 489 5
174 711 4
174 812 1
174 1170 4
174 1189 1
174 1318 7
174 1442 8
174 1470 3
174 1697 6
174 1715 3
174 1821 1
174 1829 6
174 1847 4
174 2040 3
174 2220 7
174 2423 9
174 2505 10
174 2512 8
174 2758 9
174 2796 1
174 2825 3
174 2970 5
175 259 10
175 426 5
175 473 2
175 479 3
175 502 3
175 628 8
175 803 4
175 994 4
175 1095 1
175 1183 10
175 1262 8
175 1316 7
175 1503 3
175 1534 8
175 1838 6
175 1930 8
175 2239 9
175 2255 5
175 2460 6
175 2656 5
175 2662 9
175 2745 8
175 2826 7
176 219 8
176 221 8
176 363 4
176 422 8
176 504 9
176 546 3
176 666 6
176 826 5
176 1001 6
176 1014 9
176 1287 1
176 1442 2
176 1574 2
176 1628 9
176 1677 10
176 1847 5
176 1869 4
176 2252 7
176 2448 7
176 2477 3
176 2557 3
177 196 1
177 295 7
177 296 7
177 353 1
177 654 1
177 677 1
177 729 4
177 864 10
177 884 7
177 961 4
177 1033 9
177 1042 4
177 1137 1
177 1260 10
177 1271 3
177 1543 4
177 1580 2
177 1667 5
177 1680 8
177 1975 6
177 2250 7
177 2328 3
177 2336 4
177 2404 2
177 2656 4
177 2714 4
177 2780 2
177 2829 1
177 2923 7
178 254 10
178 284 1
178 375 6
178 403 9
178 448 6
178 451 8
178 523 9
178 697 6
178 777 9
178 865 10
178 909 1
178 1078 9
178 1121 6
178 1149 5
178 1257 6
178 1573 2
178 1698 9
178 2268 10
178 2369 7
178 2370 8
178 2480 4
178 2791 8
178 2940 5
178 2996 10
179 218 9
179 578 7
179 652 5
179 673 3
179 752 4
179 762 4
179 773 7
179 995 5
179 1036 4
179 1151 8
179 1180 10
179 1265 9
179 1468 1
179 1540 5
179 1559 1
179 1772 2
179 1781 8
179 1850 10
179 1990 8
179 2075 4
179 2196 2
179 2204 1
179 2208 6
179 2264 10
179 2332 3
179 2747 5
179 2853 6
179 2886 3
179 2978 6
180 267 3
180 363 5
180 386 1
180 394 8
180 592 1
180 671 6
180 728 3
180 732 2
180 767 9
180 793 2
180 800 9
180 957 6
180 1037 4
180 1059 2
180 1078 9
180 1178 2
180 1243 9
180 1342 2
180 1496 8
180 1523 6
180 1549 7
180 1644 7
180 2166 4
180 2219 10
180 2521 9
180 2592 1
180 2715 10
181 200 6
181 289 1
181 459 2
181 558 1
181 600 5
181 612 5
181 779 9
181 865 3
181 866 10
181 1019 2
181 1109 5
181 1113 4
181 1153 1
181 1154 10
181 1379 8
181 1594 9
181 1625 3
181 1689 6
181 1746 1
181 1930 1
181 1954 3
181 2162 4
181 2297 7
181 2335 2
181 2352 6
181 2464 4
181 2502 9
181 2571 10
181 2582 4
181 2796 8
181 2859 9
181 2929 3
181 2939 7
182 243 8
182 249 10
182 275 2
182 283 6
182 483 3
182 686 6
182 904 9
182 1060 6
182 1079 8
182 1176 7
182 1665 3
182 1897 10
182 1935 9
182 2013 6
182 2062 9
182 2068 7
182 2225 7
182 2266 3
182 2297 6
182 2336 2
182 2362 2
182 2419 5
182 2429 9
182 2507 5
182 2700 3
182 2755 9
182 2925 1
182 2928 4
182 2973 6
182 2975 4
183 209 2
183 268 4
183 346 4
183 584 3
183 602 5
183 676 5
183 863 6
183 880 6
183 965 3
183 1047 8
183 1066 2
183 1262 4
183 1349 7
183 1415 6
183 1526 3
183 1559 3
183 1593 5
183 1736 8
183 1767 1
183 1861 4
183 2035 9
183 2062 9
183 2108 5
183 2264 7
183 2275 8
183 2291 2
183 2403 3
183 2472 1
183 2544 3
183 2635 2
183 2678 8
183 2722 10
183 2935 10
184 281 8
184 444 6
184 461 10
184 738 8
184 741 2
184 753 1
184 861 10
184 931 2
184 955 4
184 994 7
184 1157 9
184 1236 6
184 1586 3
184 1626 3
184 1692 1
184 1744 9
184 1746 7
184 1832 5
184 1966 3
184 2058 1
184 2103 4
184 2124 6
184 2165 4
184 2171 10
184 2207 6
184 2377 6
184 2399 7
184 2571 9
184 2741 2
184 2753 7
184 2765 4
184 2830 10
184 2925 3
185 251 10
185 262 10
185 310 10
185 395 4
185 429 5
185 456 1
185 524 7
185 646 2
185 711 3
185 900 9
185 1077 7
185 1086 3
185 1202 1
185 1226 8
185 1251 7
185 1305 3
185 1319 6
185 1456 3
185 1666 6
185 1915 4
185 2240 7
185 2542 5
185 2573 6
185 2932 10
185 2946 2
185 2974 5
186 244 6
186 331 6
186 431 8
186 689 8
186 1031 8
186 1034 2
186 1144 10
186 1161 8
186 1232 10
186 1569 5
186 1619 9
186 1721 5
186 1749 6
186 1800 3
186 2119 5
186 2143 5
186 2221 5
186 2267 4
186 2276 7
186 2305 9
186 2315 10
186 2317 1
186 2422 3
186 2452 2
186 2525 2
186 2563 3
186 2635 5
186 2657 2
186 2714 5
186 2873 10
186 2990 5
187 385 1
187 594 9
187 729 10
187 795 1
187 867 4
187 904 2
187 1026 3
187 1396 8
187 1467 8
187 1573 9
187 1607 1
187 1610 8
187 1618 1
187 1681 9
187 1712 6
187 1715 2
187 1861 4
187 1909 10
187 2064 2
187 2183 10
187 2262 2
187 2281 1
187 2488 3
187 2725 4
187 2912 4
188 548 3
188 642 5
188 669 4
188 790 2
188 909 6
188 1055 9
188 1195 3
188 1315 9
188 1343 10
188 1392 9
188 1398 9
188 1401 10
188 1431 9
188 1717 8
188 1741 7
188 1840 4
188 1842 6
188 1864 2
188 1979 2
188 2071 7
188 2083 8
188 2200 4
188 2312 3
188 2387 5
188 2404 3
188 2533 4
188 2889 6
188 2960 9
188 2969 1
189 190 6
189 248 8
189 257 3
189 596 10
189 630 8
189 755 10
189 792 9
189 1010 4
189 1318 2
189 1434 8
189 1536 3
189 1900 2
189 1921 10
189 1946 4
189 2135 6
189 2334 1
189 2587 2
189 2686 5
189 2749 5
189 2765 8
189 2836 3
189 2913 2
189 2985 6
190 223 6
190 350 9
190 580 10
190 743 7
190 786 5
190 871 7
190 889 9
190 920 4
190 958 2
190 985 2
190 1035 10
190 1084 3
190 1111 5
190 1180 8
190 1185 10
190 1215 10
190 1230 8
190 1326 5
190 1370 8
190 1453 3
190 1561 2
190 1652 1
190 1691 3
190 1821 8
190 2022 1
190 2151 2
190 2308 5
190 2396 2
190 2414 1
190 2447 6
190 2521 7
190 2585 3
190 2605 5
190 2609 7
190 2720 5
190 2798 4
190 2852 6
190 2895 1
190 2902 5
190 2915 10
191 219 7
191 238 6
191 334 1
191 530 2
191 633 7
191 749 10
191 753 2
191 1140 8
191 1183 9
191 1219 2
191 1282 3
191 1630 4
191 1682 8
191 1709 4
191 1779 6
191 1788 1
191 2011 6
191 2045 10
191 2094 3
191 2121 6
191 2316 1
191 2463 9
191 2468 5
191 2629 3
191 2890 7
191 2911 6
192 231 2
192 451 3
192 458 1
192 472 9
192 477 3
192 566 5
192 825 6
192 858 5
192 891 10
192 1032 1
192 1121 10
192 1501 3
192 1877 9
192 1898 10
192 1905 7
192 1967 3
192 2157 1
192 2280 8
192 2460 5
192 2501 7
192 2521 10
192 2541 7
192 2550 8
192 2601 3
192 2839 3
192 2861 4
192 2884 9
192 2923 4
193 430 3
193 493 4
193 535 10
193 644 7
193 668 10
193 743 6
193 891 7
193 1035 8
193 1091 7
193 1097 8
193 1222 3
193 1226 9
193 1709 1
193 1719 4
193 1873 9
193 1993 1
193 2016 2
193 2249 6
193 2381 9
193 2395 10
193 2417 9
193 2736 3
194 292 3
194 334 10
194 370 1
194 381 4
194 458 7
194 490 8
194 693 6
194 1193 10
194 1231 5
194 1261 4
194 1275 2
194 1281 1
194 1318 2
194 1384 10
194 1455 2
194 1819 9
194 2219 4
194 2272 10
194 2632 9
194 2708 5
194 2797 5
194 2812 3
194 2818 2
195 202 9
195 747 7
195 895 7
195 904 10
195 1143 8
195 1225 1
195 1345 6
195 1380 9
195 1384 4
195 1514 3
195 1523 3
195 1556 9
195 1613 5
195 1840 1
195 2134 5
195 2295 6
195 2384 1
195 2450 4
195 2495 2
195 2640 4
195 2693 9
195 2876 5
195 2899 1
196 211 2
196 213 2
196 262 4
196 263 6
196 300 3
196 492 10
196 628 7
196 796 2
196 904 8
196 908 5
196 1008 3
196 1120 10
196 1313 1
196 1409 6
196 1823 3
196 2032 8
196 2223 2
196 2242 2
196 2315 2
196 2382 9
196 2506 9
196 2568 2
196 2605 6
196 2783 2
196 2790 8
196 2897 2
196 2963 2
196 2991 2
197 334 7
197 343 6
197 511 3
197 549 8
197 565 3
197 686 9
197 765 10
197 872 5
197 1097 7
197 1286 1
197 1378 9
197 1427 1
197 1450 9
197 1638 6
197 1746 6
197 1778 9
197 1822 5
197 2022 9
197 2110 9
197 2274 1
197 2276 5
197 2331 1
197 2619 3
197 2646 1
197 2687 7
197 2701 5
197 2979 5
198 283 8
198 314 3
198 446 8
198 555 6
198 595 8
198 597 4
198 691 5
198 709 5
198 1113 10
198 1137 9
198 1150 9
198 1154 3
198 1223 1
198 1340 2
198 1411 8
198 1428 8
198 1539 5
198 1714 1
198 1885 2
198 2000 6
198 2066 8
198 2200 4
198 2307 6
198 2428 4
198 2492 10
198 2718 1
199 342 3
199 512 9
199 544 9
199 743 2
199 775 6
199 879 7
199 988 1
199 1026 7
199 1039 6
199 1051 3
199 1114 7
199 1157 1
199 1176 2
199 1581 3
199 1637 2
199 1690 9
199 2259 2
199 2310 4
199 2324 7
199 2417 2
199 2494 6
199 2661 4
199 2700 3
199 2734 5
199 2956 2
200 225 6
200 293 2
200 294 1
200 501 7
200 836 4
200 955 8
200 976 2
200 1070 8
200 1097 3
200 1164 5
200 1362 5
200 1383 2
200 1473 5
200 1558 1
200 1559 6
200 1811 6
200 2193 4
200 2404 1
200 2503 6
200 2617 5
200 2679 10
200 2759 7
200 2887 9
200 2991 5
201 222 2
201 231 2
201 252 9
201 290 7
201 365 5
201 392 1
201 475 10
201 795 4
201 801 5
201 1083 7
201 1089 9
201 1254 2
201 1396 4
201 1458 2
201 1488 6
201 1587 7
201 1644 10
201 1895 3
201 1952 9
201 1989 9
201 1996 10
201 2005 3
201 2120 8
201 2265 3
201 2283 6
201 2379 5
201 2408 5
201 2552 3
201 2579 7
201 2638 5
201 2640 7
201 2685 9
201 2761 3
201 2796 1
201 2923 2
201 2926 6
201 2990 7
202 212 6
202 559 8
202 931 9
202 1164 8
202 1318 1
202 1460 8
202 1630 7
202 1921 7
202 1994 3
202 2004 9
202 2064 8
202 2078 5
202 2153 5
202 2176 4
202 2294 1
202 2543 6
202 2567 8
202 2646 1
202 2860 6
203 256 1
203 314 2
203 406 10
203 407 10
203 477 3
203 598 9
203 654 7
203 709 2
203 785 9
203 811 2
203 823 9
203 1006 3
203 1089 1
203 1115 6
203 1137 1
203 1159 2
203 1187 1
203 1368 1
203 1451 1
203 1489 6
203 1515 1
203 1908 5
203 1986 7
203 2047 7
203 2240 4
203 2260 1
203 2348 1
203 2583 4
203 2738 1
203 2808 10
204 336 7
204 345 5
204 722 6
204 820 10
204 874 5
204 911 3
204 990 1
204 1194 6
204 1205 3
204 1249 3
204 1264 3
204 1420 6
204 1446 4
204 1651 3
204 1683 10
204 1691 4
204 1769 5
204 1819 1
204 1879 3
204 2020 1
204 2071 9
204 2147 1
204 2149 5
204 2163 1
204 2262 5
204 2343 8
204 2462 6
204 2636 8
204 2789 10
204 2967 6
205 216 2
205 226 4
205 354 1
205 402 7
205 429 4
205 497 6
205 584 2
205 948 3
205 979 4
205 1018 6
205 1248 1
205 1330 5
205 1381 4
205 1443 1
205 1482 2
205 1568 7
205 1636 1
205 1638 5
205 1788 2
205 1842 8
205 2096 9
205 2099 1
205 2140 3
205 2150 7
205 2165 3
205 2195 4
205 2809 7
205 2896 5
205 2907 10
205 2934 8
206 233 5
206 293 9
206 402 1
206 452 9
206 576 9
206 582 5
206 589 5
206 743 8
206 770 10
206 1220 1
206 1245 6
206 1282 2
206 1312 7
206 1331 8
206 1465 10
206 1514 1
206 1575 1
206 1576 3
206 1850 3
206 1869 1
206 1872 1
206 2103 6
206 2108 6
206 2204 10
206 2402 8
206 2648 9
206 2788 8
206 2811 7
207 238 4
207 536 6
207 583 3
207 678 7
207 701 3
207 711 3
207 745 9
207 776 1
207 778 3
207 890 4
207 1003 1
207 1062 4
207 1095 1
207 1341 4
207 1431 8
207 1580 9
207 1988 6
207 2012 6
207 2416 5
207 2526 10
207 2548 8
207 2854 1
207 2921 7
208 307 8
208 382 9
208 492 10
208 689 10
208 818 7
208 849 8
208 867 3
208 927 3
208 994 5
208 1223 9
208 1538 5
208 1620 5
208 1716 2
208 1773 6
208 1871 10
208 1902 10
208 1916 7
208 2040 2
208 2241 7
208 2265 5
208 2349 4
208 2394 3
208 2568 10
208 2619 1
208 2846 5
208 2852 5
208 2929 3
208 2942 10
209 261 4
209 284 7
209 460 6
209 509 1
209 584 6
209 603 4
209 629 3
209 668 4
209 722 1
209 829 9
209 996 2
209 1136 7
209 1147 6
209 1333 5
209 1347 6
209 1430 1
209 1451 1
209 1483 6
209 1485 1
209 1528 3
209 1687 1
209 1694 5
209 1760 3
209 1820 7
209 1839 1
209 1889 5
209 2019 3
209 2062 4
209 2254 10
209 2335 10
209 2435 5
209 2882 2
209 2890 3
210 248 1
210 250 7
210 293 8
210 303 6
210 475 8
210 505 10
210 651 6
210 715 6
210 862 2
210 901 10
210 1074 5
210 1095 1
210 1158 6
210 1214 10
210 1215 4
210 1318 2
210 1533 9
210 1602 6
210 1630 1
210 1989 2
210 2071 2
210 2212 1
210 2246 2
210 2374 3
210 2396 7
210 2422 6
210 2453 10
210 2474 10
210 2475 8
210 2616 6
210 2793 10
210 2804 5
211 359 8
211 489 1
211 527 7
211 607 10
211 637 9
211 693 1
211 809 10
211 826 7
211 854 3
211 860 3
211 884 2
211 898 8
211 918 1
211 967 5
211 1258 9
211 1278 9
211 1293 10
211 1444 10
211 1594 4
211 1821 2
211 1822 6
211 1824 1
211 1912 10
211 1975 6
211 2296 7
211 2349 5
211 2523 8
211 2551 5
211 2604 6
211 2662 1
212 280 6
212 305 10
212 350 3
212 502 5
212 1001 3
212 1083 7
212 1160 7
212 1188 3
212 1255 6
212 1267 4
212 1995 1
212 2105 9
212 2154 10
212 2564 10
212 2676 5
212 2872 9
212 2977 8
213 236 4
213 366 10
213 408 2
213 670 8
213 687 8
213 801 7
213 836 2
213 1101 10
213 1438 5
213 1474 8
213 1800 9
213 1951 10
213 2044 2
213 2046 10
213 2147 10
213 2187 3
213 2241 5
213 2272 10
213 2479 8
213 2528 1
213 2536 10
213 2774 8
213 2805 1
213 2813 8
213 2820 9
213 2979 7
214 230 6
214 247 10
214 259 7
214 350 2
214 401 8
214 507 6
214 638 4
214 759 5
214 782 3
214 813 1
214 943 8
214 965 9
214 1044 9
214 1116 1
214 1147 6
214 1164 7
214 1194 3
214 1273 5
214 1419 3
214 1448 2
214 1524 8
214 1708 6
214 1872 2
214 2343 7
214 2402 4
214 2502 6
214 2620 6
214 2648 5
214 2677 5
214 2780 6
214 2933 10
214 2949 9
214 2957 7
214 2988 6
215 300 1
215 309 8
215 378 4
215 453 8
215 677 7
215 847 8
215 1085 3
215 1089 7
215 1333 8
215 1413 5
215 1557 1
215 1615 7
215 1685 1
215 1691 8
215 1801 7
215 1807 3
215 1814 7
215 1888 1
215 1953 8
215 2107 4
215 2146 4
215 2188 9
215 2383 8
215 2592 3
215 2974 8
216 273 1
216 322 10
216 341 8
216 377 3
216 401 2
216 526 1
216 668 2
216 690 10
216 852 8
216 1062 5
216 1105 5
216 1132 9
216 1395 4
216 1503 8
216 1564 6
216 1734 9
216 1780 7
216 1949 9
216 1997 6
216 2032 8
216 2165 5
216 2168 6
216 2207 5
216 2266 6
216 2359 4
216 2402 5
216 2481 6
216 2499 6
216 2588 2
216 2726 4
216 2777 9
216 2887 3
216 2970 4
217 327 4
217 435 9
217 577 9
217 637 3
217 677 9
217 719 6
217 800 8
217 1002 9
217 1126 4
217 1129 3
217 1182 8
217 1209 10
217 1242 8
217 1337 5
217 1338 1
217 1494 10
217 1560 8
217 1628 9
217 1726 8
217 1738 9
217 1748 2
217 1768 6
217 1801 9
217 1802 6
217 1805 7
217 1816 3
217 1848 9
217 1989 1
217 2078 10
217 2099 1
217 2137 7
217 2246 5
217 2292 1
217 2343 10
217 2433 5
217 2494 10
217 2593 5
217 2596 10
217 2675 4
217 2720 10
217 2740 2
217 2882 4
218 225 10
218 318 6
218 355 2
218 494 4
218 542 9
218 585 7
218 751 10
218 826 4
218 919 7
218 939 8
218 982 6
218 1027 10
218 1064 3
218 1469 7
218 1526 8
218 1706 1
218 1708 6
218 1824 10
218 2095 1
218 2146 10
218 2436 4
218 2505 9
218 2688 5
218 2731 5
218 2756 7
218 2833 5
218 2959 5
219 486 7
219 585 10
219 683 2
219 762 6
219 765 6
219 886 3
219 942 6
219 981 1
219 1036 2
219 1084 3
219 1268 9
219 1624 8
219 1804 4
219 1858 10
219 1864 5
219 1893 8
219 2106 7
219 2151 9
219 2157 5
219 2242 9
219 2330 6
219 2336 9
219 2396 8
219 2411 10
219 2480 5
219 2580 7
219 2581 4
219 2664 2
219 2754 10
219 2756 3
219 2783 8
219 2822 8
219 2851 3
220 317 1
220 478 9
220 525 2
220 562 1
220 568 4
220 754 8
220 910 9
220 976 2
220 1019 3
220 1316 1
220 1772 9
220 1845 1
220 1969 3
220 2000 4
220 2068 8
220 2136 1
220 2205 1
220 2387 9
220 2569 1
220 2767 6
220 2792 7
220 2795 8
220 2864 3
221 288 10
221 319 8
221 385 10
221 501 9
221 550 1
221 583 3
221 685 10
221 746 4
221 749 3
221 969 4
221 975 5
221 1139 10
221 1156 3
221 1184 8
221 1510 9
221 1617 1
221 1854 7
221 1863 5
221 1955 4
221 2109 8
221 2242 1
221 2247 1
221 2334 7
221 2361 3
221 2447 6
221 2721 2
221 2825 2
221 2899 10
222 224 5
222 250 8
222 311 10
222 380 4
222 617 6
222 629 5
222 790 4
222 986 3
222 1048 10
222 1154 2
222 1212 5
222 1798 8
222 2180 5
222 2212 3
222 2365 9
222 2368 7
222 2504 4
222 2518 1
222 2530 1
222 2701 8
222 2720 10
222 2756 9
223 252 5
223 298 8
223 355 6
223 396 6
223 520 4
223 577 9
223 734 8
223 742 9
223 810 10
223 1028 10
223 1231 1
223 1304 4
223 1646 3
223 1716 2
223 1824 4
223 1837 2
223 2051 7
223 2105 9
223 2196 10
223 2353 6
223 2367 10
223 2377 9
223 2382 4
223 2792 2
223 2812 1
224 324 10
224 422 2
224 427 8
224 450 4
224 569 2
224 796 3
224 812 6
224 915 9
224 953 4
224 973 5
224 1121 8
224 1198 4
224 1206 10
224 1483 1
224 1732 6
224 1816 1
224 1843 8
224 1969 10
224 1973 8
224 2125 8
224 2305 1
224 2348 9
224 2405 9
224 2458 9
224 2469 4
224 2928 10
224 2935 1
224 2943 9
225 384 1
225 469 7
225 517 2
225 529 7
225 549 2
225 599 2
225 614 3
225 671 1
225 747 8
225 1189 6
225 1261 8
225 1454 7
225 1510 5
225 1517 2
225 1568 6
225 1640 5
225 1987 9
225 2038 4
225 2185 3
225 2225 2
225 2240 7
225 2264 5
225 2294 10
225 2304 4
225 2309 8
225 2328 1
225 2489 8
225 2618 9
225 2625 4
226 270 6
226 317 5
226 457 5
226 510 7
226 525 4
226 542 5
226 633 1
226 803 5
226 895 5
226 1042 8
226 1058 8
226 1158 7
226 1167 4
226 1169 4
226 1172 1
226 1413 9
226 1449 3
226 1593 2
226 1601 3
226 1717 3
226 1763 1
226 1892 5
226 1932 8
226 1974 6
226 2075 4
226 2260 5
226 2490 7
226 2687 9
226 2800 1
226 2823 7
226 2925 9
227 289 8
227 553 6
227 590 2
227 774 6
227 804 2
227 863 9
227 1040 10
227 1179 5
227 1233 6
227 1238 3
227 1401 10
227 1473 3
227 1542 6
227 1686 6
227 1719 3
227 1757 5
227 1778 7
227 1789 2
227 1905 10
227 2122 3
227 2333 9
227 2391 1
227 2479 6
227 2581 2
227 2669 7
227 2708 9
227 2876 3
227 2905 10
227 2991 8
228 331 1
228 378 1
228 457 3
228 471 5
228 552 7
228 604 2
228 675 7
228 700 9
228 1168 9
228 1354 6
228 1436 3
228 1452 9
228 1545 4
228 2142 6
228 2222 2
228 2248 1
228 2433 3
228 2448 8
228 2506 3
228 2566 5
228 2570 1
228 2655 10
228 2766 7
228 2767 10
228 2796 5
228 2820 8
228 2962 9
229 283 4
229 337 4
229 352 6
229 381 9
229 490 10
229 672 3
229 971 3
229 973 9
229 1047 6
229 1049 7
229 1184 4
229 1230 5
229 1270 7
229 1332 1
229 1664 9
229 1810 10
229 1822 2
229 2146 10
229 2157 7
229 2189 2
229 2368 6
229 2450 6
229 2501 8
229 2569 4
229 2654 2
229 2658 6
229 2785 1
229 2875 3
230 365 9
230 691 8
230 842 4
230 862 4
230 875 3
230 1229 9
230 1434 4
230 1547 4
230 1618 3
230 1767 7
230 1772 9
230 1949 6
230 2055 8
230 2079 3
230 2340 7
230 2406 2
230 2525 4
230 2588 3
230 2617 10
230 2672 7
230 2699 5
230 2790 8
230 2849 3
230 2904 3
230 2987 9
230 2992 3
231 323 4
231 409 6
231 461 6
231 678 2
231 711 4
231 913 3
231 1071 1
231 1076 1
231 1081 8
231 1136 5
231 1241 9
231 1473 6
231 1546 3
231 1691 7
231 1704 9
231 1733 1
231 1736 6
231 1751 4
231 1767 1
231 1878 5
231 2025 7
231 2092 3
231 2266 3
231 2275 9
231 2402 6
231 2466 6
231 2519 6
231 2566 10
231 2568 5
231 2607 7
231 2821 3
231 2969 1
232 362 7
232 568 7
232 616 9
232 619 9
232 761 10
232 788 3
232 876 10
232 1213 8
232 1260 6
232 1267 1
232 1279 3
232 1380 6
232 1562 9
232 1752 10
232 1761 10
232 1767 8
232 1771 9
232 1892 8
232 1937 8
232 1952 5
232 1958 10
232 2263 3
232 2468 8
232 2556 8
232 2629 9
232 2776 1
232 2868 8
233 451 2
233 453 3
233 475 1
233 636 10
233 656 4
233 928 6
233 1110 7
233 1321 4
233 1339 9
233 1396 8
233 1546 7
233 1580 7
233 1585 1
233 1626 9
233 1856 6
233 1917 8
233 1943 7
233 1963 9
233 2140 9
233 2257 6
233 2292 1
233 2305 3
233 2893 1
233 2937 3
233 2959 4
233 2963 6
234 272 5
234 348 10
234 550 4
234 670 5
234 694 7
234 922 10
234 933 5
234 1103 8
234 1237 3
234 1261 1
234 1358 9
234 1362 6
234 1452 2
234 1596 3
234 1634 2
234 1732 3
234 2053 9
234 2116 10
234 2119 6
234 2216 4
234 2250 4
234 2274 8
234 2451 3
234 2732 9
234 2764 3
234 2809 7
234 2905 7
234 2926 7
234 2930 7
235 343 9
235 353 2
235 390 2
235 435 10
235 477 8
235 488 10
235 760 9
235 789 5
235 810 1
235 934 2
235 1167 1
235 1188 5
235 1203 7
235 1268 7
235 1316 10
235 1336 1
235 1369 10
235 1449 4
235 1526 1
235 1527 2
235 1641 7
235 1658 6
235 1859 6
235 1871 2
235 1906 6
235 1923 9
235 1925 10
235 2039 9
235 2147 1
235 2194 4
235 2257 3
235 2517 5
235 2744 7
235 2901 9
236 548 2
236 670 10
236 789 8
236 1008 9
236 1101 5
236 1106 10
236 1179 4
236 1216 8
236 1240 9
236 1333 1
236 1360 4
236 1588 2
236 1672 3
236 1779 8
236 1844 9
236 1858 2
236 1882 4
236 1888 3
236 2022 1
236 2078 7
236 2117 10
236 2180 7
236 2181 9
236 2193 6
236 2302 1
236 2315 4
236 2375 7
236 2384 5
236 2428 7
236 2512 7
236 2560 5
236 2724 1
236 2952 9
236 2984 5
237 272 3
237 401 9
237 461 5
237 509 1
237 616 9
237 627 3
237 636 10
237 646 8
237 653 10
237 726 1
237 752 9
237 885 9
237 992 3
237 1049 4
237 1190 2
237 1195 9
237 1230 5
237 1366 2
237 1407 4
237 1646 3
237 1859 1
237 1911 10
237 2007 10
237 2067 5
237 2110 2
237 2231 5
237 2278 10
237 2389 5
237 2582 6
237 2633 6
237 2649 7
237 2658 4
237 2712 9
238 353 5
238 389 6
238 597 2
238 623 10
238 663 1
238 921 5
238 991 10
238 1070 5
238 1083 5
238 1119 1
238 1447 3
238 1958 4
238 1967 2
238 2043 1
238 2064 8
238 2080 6
238 2396 4
238 2549 5
238 2840 7
238 2949 1
238 2952 9
239 328 5
239 488 3
239 538 1
239 544 5
239 1051 5
239 1190 4
239 1207 5
239 1431 7
239 1583 5
239 1618 1
239 1831 6
239 1886 4
239 2000 8
239 2113 6
239 2243 1
239 2673 9
239 2787 1
240 265 10
240 297 3
240 308 5
240 314 6
240 378 5
240 453 6
240 506 1
240 611 4
240 617 3
240 718 6
240 886 4
240 1061 2
240 1121 9
240 1313 8
240 1476 2
240 1668 2
240 1822 3
240 1846 7
240 1919 7
240 1920 7
240 1970 6
240 1986 10
240 2037 2
240 2062 8
240 2299 3
240 2537 6
240 2940 4
240 2954 4
241 263 10
241 349 7
241 393 8
241 431 9
241 447 9
241 493 4
241 503 2
241 552 8
241 730 6
241 889 7
241 982 10
241 1027 7
241 1028 6
241 1082 8
241 1119 7
241 1245 8
241 1388 3
241 1461 5
241 1465 6
241 1804 8
241 1817 2
241 1847 5
241 1889 8
241 1939 5
241 1959 7
241 2037 10
241 2086 5
241 2110 10
241 2114 8
241 2239 8
241 2298 1
241 2407 3
241 2420 2
241 2520 7
241 2551 9
241 2675 7
241 2754 3
241 2911 10
241 2980 8
242 505 7
242 681 8
242 775 2
242 839 10
242 892 4
242 1072 6
242 1422 4
242 1424 10
242 1495 5
242 1586 1
242 1831 9
242 1856 3
242 1875 3
242 1963 4
242 2109 10
242 2151 8
242 2230 5
242 2372 2
242 2375 9
242 2468 6
242 2618 1
242 2686 9
242 2828 9
242 2941 9
242 2954 4
243 509 10
243 555 3
243 612 9
243 674 8
243 777 6
243 805 4
243 906 7
243 916 2
243 1054 10
243 1123 7
243 1343 7
243 1410 1
243 1426 3
243 1642 7
243 1756 6
243 1784 6
243 1798 1
243 1823 4
243 1948 6
243 1994 10
243 2042 5
243 2129 7
243 2142 5
243 2377 1
243 2857 10
244 303 5
244 353 3
244 431 5
244 544 1
244 621 2
244 842 5
244 931 8
244 949 1
244 1107 7
244 1246 2
244 1253 7
244 1314 3
244 1362 7
244 1446 6
244 1457 10
244 1461 7
244 1558 4
244 1613 2
244 1635 8
244 1668 6
244 1906 6
244 1939 3
244 2118 6
244 2169 5
244 2289 5
244 2333 4
244 2341 9
244 2573 2
245 337 10
245 432 2
245 439 4
245 603 3
245 866 1
245 916 7
245 1019 9
245 1121 1
245 1133 3
245 1225 10
245 1464 9
245 1492 10
245 1588 6
245 1694 4
245 1723 7
245 1867 7
245 2113 3
245 2145 7
245 2204 8
245 2443 7
245 2625 10
245 2659 3
245 2670 8
245 2680 5
245 2701 8
245 2740 5
245 2748 7
246 382 10
246 427 8
246 486 8
246 548 3
246 697 2
246 704 10
246 718 2
246 777 10
246 1119 8
246 1305 1
246 1329 9
246 1509 3
246 1684 7
246 1694 2
246 1719 10
246 1773 8
246 1874 6
246 1934 1
246 1936 6
246 1980 7
246 2024 6
246 2123 9
246 2149 10
246 2498 4
246 2606 7
246 2658 9
246 2691 8
247 253 9
247 255 4
247 287 6
247 325 1
247 616 5
247 628 8
247 867 2
247 972 2
247 1250 3
247 1465 8
247 1641 9
247 1724 2
247 1846 9
247 1927 10
247 2004 6
247 2054 1
247 2079 10
247 2131 3
247 2132 2
247 2321 10
247 2392 10
247 2549 10
247 2927 3
247 2987 4
248 372 1
248 440 2
248 463 5
248 600 1
248 751 9
248 937 5
248 979 4
248 1261 6
248 1269 2
248 1511 5
248 1538 4
248 1692 2
248 1973 3
248 2021 4
248 2032 2
248 2336 1
248 2341 3
248 2993 6
249 607 1
249 648 9
249 703 4
249 801 10
249 959 8
249 1091 8
249 1176 4
249 1254 1
249 1306 8
249 1424 4
249 1466 3
249 1633 2
249 1654 1
249 1776 10
249 1808 3
249 1832 7
249 2111 5
249 2159 1
249 2364 3
249 2387 1
249 2590 8
250 608 9
250 677 7
250 873 1
250 921 4
250 973 3
250 997 9
250 1064 8
250 1236 9
250 1297 9
250 1345 5
250 1374 10
250 1439 8
250 1590 2
250 1952 7
250 2008 10
250 2028 9
250 2217 8
250 2304 3
250 2518 4
250 2564 10
250 2645 7
250 2775 4
251 283 5
251 395 9
251 494 6
251 505 7
251 637 9
251 687 6
251 916 1
251 1016 9
251 1067 6
251 1141 1
251 1153 4
251 1215 7
251 1505 9
251 1515 7
251 1615 1
251 1840 2
251 2065 2
251 2165 2
251 2194 9
251 2261 8
251 2453 4
251 2503 7
251 2528 7
251 2576 8
251 2669 2
251 2777 10
251 2836 2
251 2953 5
251 2960 5
252 383 1
252 576 2
252 645 10
252 707 5
252 993 5
252 1145 4
252 1251 8
252 1334 5
252 1424 8
252 1505 4
252 1567 6
252 1659 5
252 1662 4
252 1903 2
252 2143 10
252 2214 10
252 2293 3
252 2375 4
252 2477 7
252 2602 6
252 2648 1
252 2719 10
252 2720 2
253 418 10
253 432 6
253 635 10
253 1463 10
253 1489 2
253 1766 7
253 1769 2
253 1869 1
253 2251 4
253 2275 9
253 2335 9
253 2583 3
253 2610 8
253 2663 1
253 2841 6
254 311 7
254 339 7
254 363 1
254 428 1
254 495 6
254 536 8
254 569 1
254 681 10
254 794 4
254 825 1
254 861 5
254 932 4
254 954 6
254 1082 9
254 1191 4
254 1260 7
254 1287 5
254 1565 7
254 1597 6
254 1621 6
254 1724 7
254 1814 4
254 1832 1
254 2037 5
254 2139 2
254 2371 6
254 2374 2
254 2742 8
254 2784 5
254 2805 1
254 2895 9
254 2951 6
254 2968 9
255 300 9
255 340 10
255 350 4
255 381 9
255 398 6
255 546 4
255 561 6
255 601 1
255 623 2
255 697 1
255 868 10
255 913 2
255 994 2
255 1066 7
255 1067 3
255 1103 7
255 1235 7
255 1238 6
255 1327 8
255 1335 6
255 1347 9
255 1356 6
255 1457 2
255 1916 6
255 1921 3
255 1947 4
255 2129 1
255 2190 1
255 2313 9
255 2350 9
255 2388 5
255 2545 5
255 2582 6
255 2637 10
255 2665 10
255 2762 5
255 2888 10
255 2949 4
256 272 7
256 420 4
256 446 1
256 522 4
256 542 7
256 607 4
256 620 6
256 682 1
256 761 8
256 782 8
256 958 3
256 983 6
256 1019 8
256 1056 8
256 1132 5
256 1252 2
256 1254 4
256 1754 10
256 1924 3
256 1962 3
256 2058 10
256 2063 10
256 2258 4
256 2265 2
256 2337 10
256 2445 8
256 2642 4
256 2996 8
257 315 1
257 337 5
257 372 4
257 565 6
257 662 1
257 793 3
257 849 6
257 1046 4
257 1298 3
257 1398 5
257 1445 10
257 1590 10
257 1634 10
257 1672 3
257 1712 9
257 1966 3
257 1968 6
257 2125 10
257 2186 7
257 2210 6
257 2317 3
257 2540 7
257 2821 2
258 354 1
258 573 2
258 582 10
258 584 4
258 591 6
258 933 8
258 960 10
258 1004 3
258 1016 4
258 1057 9
258 1117 1
258 1134 7
258 1152 4
258 1224 7
258 1417 6
258 1505 1
258 1588 2
258 1732 3
258 1771 6
258 1849 9
258 1999 7
258 2389 3
258 2447 9
258 2504 3
258 2509 9
258 2679 3
258 2777 2
258 2808 9
258 2837 7
258 2907 8
258 2991 8
259 314 6
259 417 2
259 524 6
259 600 3
259 656 2
259 677 9
259 683 5
259 717 4
259 797 9
259 928 4
259 1043 10
259 1135 8
259 1207 4
259 1325 1
259 1359 4
259 1487 1
259 1541 5
259 1587 7
259 1696 4
259 1784 9
259 1789 4
259 1946 9
259 1980 5
259 2078 8
259 2190 1
259 2211 6
259 2227 7
259 2273 10
259 2424 3
259 2559 6
260 361 2
260 372 4
260 406 10
260 640 10
260 768 6
260 914 9
260 940 8
260 963 1
260 1015 4
260 1057 1
260 1088 6
260 1394 1
260 1399 6
260 1469 6
260 1744 10
260 1787 7
260 2007 3
260 2014 1
260 2123 6
260 2131 3
260 2137 6
260 2277 3
260 2280 5
260 2413 9
260 2528 7
260 2545 7
260 2611 2
260 2654 5
260 2810 5
260 2890 2
260 2998 9
261 318 4
261 322 1
261 467 2
261 485 7
261 487 5
261 656 10
261 703 9
261 811 1
261 889 3
261 933 10
261 958 10
261 1026 7
261 1167 6
261 1183 6
261 1370 7
261 1387 8
261 1390 5
261 1716 8
261 1813 5
261 1821 5
261 1848 6
261 1944 7
261 1960 5
261 2000 1
261 2031 7
261 2136 2
261 2782 1
261 2818 1
261 2841 5
262 395 10
262 422 4
262 447 6
262 514 9
262 641 4
262 959 2
262 1102 7
262 1197 8
262 1219 8
262 1256 4
262 1665 8
262 1687 9
262 1704 1
262 1742 2
262 1818 10
262 1884 10
262 1897 3
262 1903 8
262 2021 6
262 2048 6
262 2057 4
262 2228 5
262 2345 1
262 2364 5
262 2403 10
262 2446 9
262 2509 10
262 2705 3
262 2790 4
262 2986 5
263 282 5
263 288 10
263 346 1
263 426 4
263 548 3
263 562 5
263 640 7
263 834 4
263 893 8
263 924 6
263 948 5
263 1100 8
263 1255 5
263 1353 3
263 1442 3
263 1585 3
263 1609 10
263 1808 2
263 1900 6
263 1998 3
263 2222 1
263 2315 7
263 2335 3
263 2503 5
263 2553 5
263 2644 2
263 2759 1
264 675 5
264 860 2
264 1162 6
264 1183 10
264 1195 10
264 1204 2
264 1327 3
264 1348 4
264 1429 5
264 1430 1
264 1500 3
264 1544 1
264 1572 7
264 1695 5
264 2045 10
264 2100 4
264 2299 5
264 2373 5
264 2470 6
264 2480 6
264 2531 6
264 2538 6
264 2553 8
264 2582 2
264 2683 10
264 2696 9
264 2768 10
264 2771 9
264 2949 8
265 361 10
265 384 10
265 500 2
265 726 7
265 751 6
265 825 10
265 876 5
265 966 8
265 1178 7
265 1368 8
265 1376 6
265 1423 1
265 1455 6
265 1469 4
265 1555 10
265 1653 9
265 1820 6
265 1829 8
265 1835 7
265 2001 7
265 2020 8
265 2031 6
265 2049 9
265 2139 6
265 2190 3
265 2463 4
265 2574 1
265 2583 8
265 2668 5
265 2753 2
265 2836 6
265 2844 5
266 390 9
266 739 8
266 754 6
266 970 2
266 1478 8
266 1562 5
266 1590 4
266 1681 9
266 1761 6
266 1792 6
266 1882 2
266 2133 9
266 2206 7
266 2207 6
266 2276 1
266 2454 5
266 2782 1
267 291 4
267 582 6
267 716 8
267 717 4
267 843 6
267 911 7
267 950 6
267 972 9
267 1053 4
267 1099 8
267 1376 6
267 1487 3
267 1555 5
267 1576 5
267 1657 4
267 1736 6
267 1920 7
267 1979 7
267 2136 3
267 2138 2
267 2205 8
267 2214 2
267 2413 8
267 2530 10
267 2706 8
267 2790 4
267 2813 8
268 400 9
268 424 8
268 560 6
268 676 9
268 973 10
268 1003 3
268 1086 1
268 1092 5
268 1380 6
268 1659 5
268 1861 9
268 2034 8
268 2037 7
268 2111 6
268 2192 3
268 2254 8
268 2274 9
268 2280 4
268 2328 4
268 2361 7
268 2370 5
268 2373 1
268 2419 4
268 2471 2
268 2478 4
268 2487 8
268 2610 2
268 2667 4
268 2745 1
268 2911 5
269 297 7
269 312 2
269 421 3
269 489 10
269 534 5
269 570 10
269 714 7
269 796 10
269 893 6
269 969 6
269 1031 6
269 1050 7
269 1060 4
269 1259 8
269 1341 6
269 1352 7
269 1562 1
269 1690 10
269 1756 2
269 2048 7
269 2050 8
269 2505 2
269 2543 3
269 2545 7
269 2606 9
269 2697 1
269 2705 7
269 2796 4
270 273 10
270 411 4
270 442 4
270 484 8
270 634 9
270 640 1
270 641 8
270 654 5
270 916 8
270 1198 7
270 1356 10
270 1359 2
270 1390 2
270 1422 5
270 1488 4
270 1515 6
270 1567 5
270 1579 4
270 1602 3
270 1893 7
270 2044 9
270 2216 4
270 2372 2
270 2377 6
270 2660 4
270 2676 8
270 2817 9
270 2903 3
270 2952 10
270 2968 8
271 341 2
271 387 3
271 404 10
271 449 5
271 455 4
271 613 5
271 762 10
271 784 9
271 815 8
271 838 1
271 930 5
271 985 9
271 993 4
271 996 7
271 1004 4
271 1319 9
271 1361 9
271 1433 3
271 1434 3
271 1512 10
271 1551 10
271 1603 7
271 1782 5
271 1831 8
271 1950 8
271 1981 1
271 2044 8
271 2058 8
271 2183 2
271 2348 2
271 2464 9
271 2546 4
271 2626 10
271 2635 6
271 2660 5
271 2696 9
271 2733 2
271 2762 4
271 2928 2
271 2934 7
271 2980 1
272 362 5
272 415 10
272 757 7
272 1019 4
272 1189 3
272 1339 4
272 1342 10
272 1522 6
272 1533 4
272 1632 5
272 1670 3
272 1678 4
272 1719 1
272 1724 6
272 1811 8
272 1853 9
272 1854 5
272 1902 5
272 2307 10
272 2468 5
272 2480 5
272 2510 7
272 2522 1
272 2547 1
272 2637 5
272 2851 2
272 2999 3
273 283 2
273 536 7
273 540 5
273 564 9
273 575 8
273 654 4
273 1195 5
273 1268 8
273 1291 1
273 1587 3
273 1907 8
273 1963 7
273 1983 8
273 2018 7
273 2803 2
273 2807 8
274 326 2
274 339 1
274 366 5
274 404 8
274 595 10
274 634 4
274 723 6
274 757 3
274 788 7
274 886 9
274 1131 5
274 1175 5
274 1205 8
274 1249 5
274 1287 4
274 1335 8
274 1453 8
274 1632 8
274 1730 3
274 1798 3
274 2125 4
274 2442 1
274 2470 10
274 2513 3
274 2808 10
275 353 4
275 649 4
275 820 7
275 967 10
275 1024 10
275 1120 2
275 1361 10
275 1459 7
275 1664 9
275 1665 6
275 1760 4
275 1860 9
275 2012 4
275 2189 5
275 2211 4
275 2488 9
275 2684 10
275 2990 8
276 445 2
276 451 4
276 556 6
276 653 10
276 679 4
276 815 3
276 1075 3
276 1116 5
276 1546 10
276 1594 8
276 1653 9
276 1754 2
276 1765 2
276 1771 4
276 1967 10
276 2234 6
276 2309 10
276 2373 10
276 2480 8
276 2593 7
276 2695 8
277 440 1
277 474 9
277 570 4
277 589 1
277 764 4
277 794 2
277 828 6
277 938 7
277 1033 8
277 1192 3
277 1355 10
277 1407 7
277 1545 8
277 1679 1
277 1703 9
277 1755 2
277 1899 1
277 1967 10
277 2201 2
277 2447 7
277 2465 3
277 2531 8
277 2546 1
277 2669 1
277 2888 7
277 2896 5
277 2909 10
278 298 8
278 532 6
278 991 10
278 1047 4
278 1218 2
278 1282 9
278 1328 5
278 1341 2
278 1491 5
278 1600 6
278 1678 3
278 1716 2
278 2398 8
278 2567 8
278 2596 8
278 2740 1
278 2815 1
278 2839 9
279 290 1
279 338 8
279 493 9
279 502 10
279 537 2
279 755 8
279 909 1
279 911 3
279 949 8
279 955 7
279 985 2
279 1008 5
279 1196 2
279 1271 5
279 1310 2
279 1353 1
279 1354 2
279 1436 8
279 1461 7
279 1483 4
279 1489 4
279 1609 3
279 1622 10
279 1775 2
279 1853 2
279 2026 7
279 2288 6
279 2324 3
279 2513 2
279 2535 2
279 2609 4
279 2627 7
279 2817 10
279 2907 6
279 2960 7
280 373 6
280 430 10
280 478 3
280 626 3
280 635 6
280 693 7
280 734 4
280 751 4
280 896 9
280 939 6
280 1075 2
280 1099 8
280 1272 9
280 1307 4
280 1429 8
280 1444 2
280 1709 8
280 1938 2
280 1958 3
280 2240 1
280 2241 7
280 2368 7
280 2717 8
280 2808 8
280 2892 3
280 2895 2
281 366 10
281 374 10
281 473 6
281 631 3
281 691 10
281 776 1
281 856 8
281 902 3
281 940 8
281 1104 4
281 1165 3
281 1233 5
281 1321 7
281 1703 7
281 1838 4
281 1898 1
281 1946 2
281 2192 6
281 2309 9
281 2425 5
281 2438 2
281 2615 3
281 2780 10
281 2923 9
282 394 2
282 421 5
282 466 9
282 611 3
282 824 5
282 857 1
282 948 2
282 1136 7
282 1232 6
282 1357 2
282 1487 1
282 1711 5
282 1756 1
282 1803 3
282 1974 4
282 2022 1
282 2218 6
282 2225 5
282 2273 1
282 2344 6
282 2523 8
282 2532 7
282 2661 3
282 2700 7
282 2740 4
282 2771 2
282 2829 5
283 421 8
283 532 9
283 663 8
283 665 8
283 871 7
283 1094 3
283 1290 4
283 1345 6
283 1346 7
283 1389 8
283 1494 5
283 1511 5
283 1808 6
283 1842 3
283 1896 1
283 1920 3
283 1994 3
283 2007 9
283 2217 9
283 2220 9
283 2448 2
283 2585 7
283 2690 8
283 2774 5
283 2776 9
283 2852 2
283 2922 3
283 2925 5
284 440 3
284 449 2
284 482 7
284 488 1
284 832 10
284 870 10
284 1089 5
284 1221 5
284 1292 10
284 1317 6
284 1395 7
284 2081 2
284 2322 3
284 2461 9
284 2826 8
284 2992 3
285 346 4
285 391 5
285 597 10
285 691 3
285 736 8
285 767 6
285 805 3
285 968 5
285 1080 9
285 1155 4
285 1240 6
285 1443 4
285 1863 4
285 1953 1
285 2047 10
285 2093 7
285 2174 3
285 2204 4
285 2256 4
285 2411 9
285 2624 10
285 2711 9
285 2820 7
285 2843 2
285 2855 6
285 2909 8
286 675 10
286 826 6
286 839 6
286 841 7
286 949 2
286 954 9
286 1022 4
286 1163 1
286 1490 8
286 1531 5
286 1567 6
286 1732 9
286 1855 2
286 1963 6
286 2070 4
286 2117 2
286 2158 10
286 2208 4
286 2418 6
286 2477 5
286 2578 8
286 2630 10
286 2653 4
286 2701 1
286 2794 2
286 2911 7
286 2925 7
287 316 5
287 410 7
287 438 7
287 542 3
287 545 2
287 588 4
287 742 7
287 760 7
287 804 7
287 815 8
287 827 10
287 882 6
287 897 7
287 1060 10
287 1111 9
287 1213 7
287 1288 7
287 1721 7
287 1723 8
287 1873 1
287 1940 1
287 2111 10
287 2123 9
287 2258 10
287 2454 2
287 2504 6
287 2529 4
287 2682 5
287 2685 7
287 2697 4
287 2703 7
287 2713 1
287 2720 8
287 2740 9
287 2969 3
288 291 7
288 295 1
288 359 4
288 377 10
288 465 3
288 506 9
288 551 6
288 686 2
288 923 4
288 1075 4
288 1181 4
288 1184 5
288 1415 10
288 1563 6
288 1594 1
288 1613 9
288 1686 2
288 1795 10
288 1958 7
288 1986 1
288 2020 8
288 2028 4
288 2314 3
288 2395 1
288 2572 3
288 2587 2
288 2590 9
288 2612 7
288 2647 5
288 2698 3
288 2703 2
288 2739 4
289 343 10
289 406 5
289 524 3
289 537 9
289 666 3
289 725 6
289 865 5
289 889 1
289 934 6
289 1089 2
289 1094 10
289 1164 9
289 1588 7
289 1888 5
289 1896 6
289 2184 10
289 2196 9
289 2538 1
289 2579 2
289 2687 4
289 2783 3
290 337 2
290 363 10
290 372 1
290 466 7
290 631 10
290 663 10
290 730 4
290 890 3
290 1298 6
290 1346 10
290 1423 1
290 1683 9
290 1855 6
290 1875 2
290 1995 2
290 2310 1
290 2311 2
290 2337 6
290 2366 2
290 2435 5
290 2462 4
290 2504 5
290 2601 9
290 2751 7
290 2840 4
290 2853 6
290 2966 1
291 614 6
291 634 9
291 749 5
291 972 2
291 1044 7
291 1069 10
291 1157 10
291 1289 1
291 1417 7
291 1427 3
291 1513 6
291 1542 3
291 1573 9
291 1642 2
291 1692 1
291 1858 2
291 1948 6
291 1968 5
291 2156 7
291 2406 3
291 2500 1
291 2502 6
291 2535 10
291 2625 2
291 2669 3
291 2723 6
291 2878 1
291 2885 4
291 2936 4
292 346 1
292 420 4
292 595 9
292 661 8
292 733 10
292 909 6
292 1007 10
292 1106 8
292 1275 6
292 1380 1
292 1397 6
292 1440 5
292 1709 10
292 1720 9
292 1784 8
292 1860 4
292 1889 3
292 1975 6
292 1983 9
292 2026 10
292 2154 9
292 2181 3
292 2207 5
292 2241 1
292 2265 10
292 2552 1
292 2843 6
292 2951 10
292 2972 7
293 294 6
293 634 2
293 704 3
293 737 2
293 795 2
293 947 2
293 994 9
293 1005 1
293 1017 5
293 1026 9
293 1159 6
293 1223 5
293 1309 1
293 1319 8
293 1663 4
293 1708 6
293 1815 8
293 1937 6
293 1985 3
293 2024 1
293 2143 3
293 2188 8
293 2199 7
293 2289 4
293 2381 3
293 2414 2
293 2914 6
293 2918 10
294 379 4
294 383 9
294 403 9
294 530 7
294 628 1
294 633 8
294 679 9
294 735 8
294 778 2
294 825 7
294 879 8
294 969 10
294 1093 6
294 1168 3
294 1184 8
294 1190 1
294 1213 3
294 1312 8
294 1371 2
294 1510 6
294 1605 9
294 1662 9
294 1844 3
294 1951 8
294 1984 7
294 2111 1
294 2238 6
294 2287 6
294 2376 7
294 2427 4
294 2447 10
294 2571 3
294 2697 1
294 2719 9
294 2721 6
294 2821 5
294 2931 3
294 2938 9
294 2940 1
295 420 10
295 443 1
295 517 2
295 845 9
295 1072 5
295 1134 8
295 1157 10
295 1327 5
295 1334 5
295 1343 4
295 1383 3
295 1579 3
295 1592 6
295 1713 4
295 1720 9
295 1763 8
295 1785 2
295 1788 4
295 1796 2
295 2197 6
295 2411 2
295 2421 3
295 2453 3
295 2487 8
295 2777 9
295 2796 6
295 2896 4
295 2946 3
296 413 10
296 447 10
296 498 4
296 593 5
296 610 7
296 697 8
296 806 2
296 846 7
296 894 9
296 918 5
296 941 10
296 1087 4
296 1311 6
296 1357 7
296 1496 1
296 1892 8
296 2165 4
296 2529 5
296 2758 9
296 2780 4
296 2934 7
296 2939 1
296 2992 7
297 324 10
297 522 3
297 560 7
297 758 5
297 906 4
297 992 6
297 1118 6
297 1271 6
297 1280 5
297 1316 8
297 1370 9
297 1659 1
297 1661 2
297 1920 6
297 2026 10
297 2147 1
297 2279 10
297 2291 7
297 2297 9
297 2331 4
297 2415 4
297 2443 2
297 2483 2
297 2653 5
297 2662 6
297 2665 4
297 2788 6
297 2837 8
297 2917 5
298 398 7
298 477 9
298 714 4
298 772 10
298 821 4
298 839 6
298 916 5
298 983 8
298 1011 6
298 1131 2
298 1296 9
298 1369 10
298 1486 4
298 1577 6
298 1639 9
298 1785 10
298 1800 7
298 1931 2
298 1986 7
298 2036 2
298 2175 2
298 2493 9
298 2544 3
298 2558 4
298 2561 4
298 2772 1
298 2787 4
298 2905 1
299 525 4
299 570 9
299 653 1
299 700 4
299 947 4
299 1150 10
299 1673 7
299 1684 7
299 1724 7
299 1957 9
299 2043 6
299 2056 9
299 2088 2
299 2168 5
299 2311 6
299 2406 8
299 2479 4
299 2490 7
299 2510 3
299 2548 5
299 2579 6
299 2780 4
300 357 5
300 435 8
300 581 6
300 601 8
300 882 9
300 1004 2
300 1011 7
300 1051 2
300 1156 3
300 1189 6
300 1490 7
300 1631 10
300 1932 3
300 1995 8
300 2417 8
300 2447 3
300 2448 6
300 2466 2
300 2539 7
300 2549 5
300 2636 8
300 2818 8
301 402 1
301 483 3
301 528 4
301 670 4
301 701 1
301 842 9
301 853 1
301 899 8
301 1116 4
301 1118 10
301 1258 10
301 1309 3
301 1347 5
301 1387 10
301 1422 5
301 1535 3
301 1608 3
301 1629 3
301 1636 10
301 1742 2
301 1773 6
301 1791 9
301 2080 8
301 2111 1
301 2213 8
301 2512 10
301 2523 1
301 2553 6
301 2608 7
301 2954 6
302 533 6
302 595 2
302 790 9
302 838 3
302 930 8
302 1012 8
302 1122 8
302 1165 4
302 1181 4
302 1370 8
302 1529 6
302 1700 1
302 1878 2
302 2102 10
302 2165 1
302 2536 10
302 2676 4
302 2705 1
302 2755 9
302 2765 3
302 2788 7
302 2841 3
302 2982 8
303 339 5
303 363 2
303 396 4
303 413 4
303 766 1
303 884 8
303 968 4
303 970 1
303 1079 4
303 1102 9
303 1139 9
303 1271 3
303 1372 4
303 1492 8
303 1508 4
303 1525 10
303 1557 9
303 1718 6
303 1808 2
303 1901 6
303 2041 7
303 2117 3
303 2129 3
303 2381 3
303 2446 1
303 2573 4
303 2642 5
303 2645 9
303 2723 5
303 2863 5
303 2887 7
304 568 10
304 636 4
304 682 1
304 697 3
304 709 3
304 805 9
304 832 10
304 905 1
304 927 10
304 935 8
304 951 7
304 961 10
304 1039 6
304 1354 5
304 1480 3
304 1844 8
304 1918 6
304 1928 8
304 1996 10
304 2028 2
304 2158 7
304 2180 9
304 2423 5
304 2558 10
304 2587 1
304 2877 8
304 2910 9
304 2920 10
305 432 2
305 530 2
305 720 3
305 741 10
305 881 2
305 1014 4
305 1102 7
305 1212 8
305 1302 1
305 1331 1
305 1505 4
305 1588 4
305 1713 10
305 1837 7
305 2189 9
305 2254 7
305 2539 5
305 2614 7
305 2635 5
305 2960 5
305 2986 3
306 458 8
306 634 6
306 700 7
306 754 4
306 938 6
306 1197 1
306 1201 4
306 1327 4
306 1429 9
306 1486 4
306 1755 8
306 1787 2
306 1891 2
306 1900 2
306 2024 9
306 2207 6
306 2312 7
306 2440 9
306 2519 10
306 2619 8
306 2652 3
306 2679 4
306 2790 5
306 2805 5
306 2846 6
306 2954 3
307 429 4
307 443 2
307 465 10
307 504 8
307 660 3
307 665 3
307 683 5
307 738 3
307 741 1
307 1127 2
307 1134 9
307 1375 6
307 1385 7
307 1402 1
307 1424 10
307 1548 9
307 1564 3
307 1685 5
307 1687 1
307 1834 3
307 1930 3
307 2061 3
307 2108 1
307 2172 7
307 2257 8
307 2288 6
307 2571 9
307 2941 2
307 2959 9
308 368 2
308 540 2
308 665 5
308 686 1
308 836 4
308 993 5
308 1124 6
308 1329 6
308 1357 2
308 1385 7
308 1511 9
308 1538 5
308 1542 4
308 1605 10
308 1739 6
308 1871 4
308 1881 7
308 2085 4
308 2139 6
308 2271 7
308 2279 3
308 2314 7
308 2373 10
308 2416 1
308 2505 6
308 2569 3
308 2577 10
308 2591 4
308 2712 8
308 2734 7
308 2861 8
308 2921 3
308 2963 2
309 338 2
309 417 2
309 457 2
309 606 8
309 622 8
309 886 2
309 892 6
309 928 1
309 1015 7
309 1169 5
309 1231 6
309 1340 3
309 1513 3
309 1588 9
309 1614 9
309 1624 5
309 1632 1
309 1672 9
309 1727 1
309 1788 3
309 1900 2
309 2178 7
309 2254 8
309 2272 4
309 2282 1
309 2621 3
309 2667 2
309 2699 8
309 2835 9
309 2882 4
310 522 3
310 734 2
310 797 9
310 799 2
310 977 6
310 981 8
310 1078 10
310 1242 8
310 1252 4
310 1441 9
310 1488 10
310 1506 9
310 1583 8
310 1879 7
310 1901 5
310 2117 4
310 2185 10
310 2366 6
310 2502 8
310 2529 6
310 2658 8
310 2720 8
310 2837 4
311 319 8
311 694 1
311 785 4
311 1134 3
311 1256 4
311 1352 7
311 1441 8
311 1529 6
311 1557 4
311 1752 6
311 1954 2
311 2436 5
311 2577 10
311 2655 3
311 2743 3
311 2776 9
311 2786 4
311 2834 10
311 2927 5
312 582 5
312 735 1
312 871 7
312 872 5
312 1058 4
312 1216 5
312 1231 6
312 1334 1
312 1343 6
312 1430 9
312 1444 5
312 1544 1
312 1623 5
312 1718 9
312 1909 4
312 1937 10
312 1957 8
312 2116 3
312 2159 9
312 2239 10
312 2311 1
312 2317 10
312 2414 9
312 2600 10
312 2601 4
312 2908 10
312 2996 3
313 318 6
313 444 9
313 499 5
313 719 10
313 940 3
313 945 8
313 997 6
313 1076 1
313 1407 5
313 1611 4
313 1620 2
313 1621 2
313 1628 2
313 1763 4
313 1813 9
313 1966 9
313 2185 6
313 2222 4
313 2307 7
313 2334 4
313 2346 3
313 2426 6
313 2442 6
313 2515 4
313 2525 8
313 2528 8
313 2552 9
313 2635 7
313 2654 1
313 2772 2
313 2806 3
313 2818 2
313 2873 10
313 2986 5
314 359 7
314 369 3
314 389 6
314 499 6
314 579 6
314 633 1
314 816 10
314 832 5
314 838 3
314 848 2
314 1057 3
314 1165 6
314 1251 7
314 1322 8
314 1401 9
314 1413 1
314 1616 5
314 1685 3
314 1857 1
314 1905 3
314 1912 1
314 2183 5
314 2399 7
314 2418 2
314 2521 8
314 2658 8
314 2800 10
314 2936 1
314 2949 9
315 525 1
315 570 4
315 672 8
315 763 4
315 788 3
315 847 5
315 854 4
315 978 3
315 1151 4
315 1162 8
315 1195 1
315 1284 5
315 1307 1
315 1416 1
315 1570 5
315 1803 10
315 2268 7
315 2300 6
315 2391 3
315 2454 1
315 2552 3
315 2589 5
315 2667 6
315 2675 5
315 2757 5
315 2949 5
315 2953 3
316 394 3
316 417 5
316 425 1
316 446 10
316 571 2
316 780 5
316 813 8
316 859 9
316 1112 8
316 1159 10
316 1457 5
316 1652 9
316 1835 3
316 1867 1
316 1940 7
316 1948 4
316 2014 2
316 2066 10
316 2098 4
316 2284 3
316 2320 5
316 2418 10
316 2445 3
316 2486 10
316 2553 10
316 2580 8
316 2602 9
316 2669 9
316 2677 1
316 2706 5
316 2809 7
316 2831 3
316 2883 8
317 432 3
317 694 10
317 886 2
317 890 1
317 933 5
317 1134 2
317 1159 5
317 1178 4
317 1363 6
317 1531 5
317 1588 7
317 1703 1
317 1948 8
317 2108 7
317 2250 4
317 2367 2
317 2433 7
317 2452 10
317 2468 9
317 2516 10
317 2529 9
317 2613 5
317 2735 4
317 2809 7
318 328 4
318 446 6
318 599 5
318 736 1
318 860 4
318 989 3
318 997 5
318 1229 10
318 1245 5
318 1588 6
318 1646 9
318 1810 9
318 1822 2
318 1947 4
318 2023 7
318 2045 10
318 2180 6
318 2198 9
318 2278 8
318 2282 4
318 2379 6
318 2461 2
318 2729 8
318 2804 5
318 2881 1
319 381 7
319 443 1
319 474 2
319 534 5
319 549 4
319 569 6
319 691 4
319 867 10
319 1057 7
319 1101 10
319 1421 8
319 1656 1
319 1790 6
319 1896 2
319 2101 1
319 2106 7
319 2135 2
319 2243 3
319 2277 10
319 2362 6
319 2410 5
319 2449 3
319 2462 7
319 2677 2
319 2765 4
320 405 4
320 429 3
320 455 2
320 475 3
320 517 2
320 814 9
320 986 9
320 1201 2
320 1273 3
320 1279 2
320 1320 3
320 1337 5
320 1379 7
320 1425 7
320 1463 4
320 1478 7
320 1642 6
320 1757 5
320 1769 2
320 1795 8
320 2208 8
320 2298 1
320 2344 5
320 2507 1
320 2662 3
320 2783 8
320 2855 6
320 2880 3
320 2950 5
321 480 6
321 513 5
321 527 2
321 613 2
321 634 2
321 645 4
321 727 6
321 786 1
321 795 5
321 819 7
321 866 5
321 1023 1
321 1092 7
321 1303 4
321 1312 4
321 1349 3
321 1378 2
321 1457 7
321 1592 1
321 1703 5
321 1885 7
321 1918 5
321 2005 10
321 2061 4
321 2178 4
321 2203 5
321 2417 4
321 2464 4
321 2474 2
321 2497 5
321 2527 5
321 2645 3
321 2648 2
321 2714 8
321 2770 9
321 2890 4
321 2899 6
322 381 3
322 475 1
322 494 8
322 519 10
322 579 4
322 732 9
322 1082 3
322 1095 10
322 1163 1
322 1217 4
322 1332 2
322 1621 4
322 1633 10
322 1930 6
322 1936 6
322 2056 4
322 2380 8
322 2420 5
322 2435 7
322 2440 2
322 2508 1
322 2650 10
322 2757 5
322 2790 10
322 2950 5
322 2977 8
323 350 9
323 467 7
323 768 5
323 968 7
323 1253 3
323 1279 1
323 1388 3
323 1440 1
323 1640 10
323 1856 8
323 2075 1
323 2147 8
323 2225 6
323 2495 5
323 2525 10
323 2580 5
323 2668 5
323 2727 1
323 2728 10
323 2810 3
323 2821 7
323 2857 4
323 2893 9
324 540 10
324 638 2
324 658 2
324 894 4
324 930 4
324 1123 3
324 1322 4
324 1341 1
324 1388 2
324 1421 8
324 1491 7
324 1597 8
324 1697 9
324 1707 10
324 1779 6
324 1785 10
324 1966 9
324 2003 10
324 2034 10
324 2077 10
324 2159 10
324 2294 8
324 2304 2
324 2340 9
324 2360 5
324 2466 9
324 2516 9
324 2715 5
324 2852 4
324 2964 8
324 2982 5
325 556 3
325 698 6
325 728 4
325 770 9
325 794 10
325 816 5
325 984 2
325 1093 8
325 1106 8
325 1197 1
325 1217 5
325 1633 6
325 1649 5
325 1785 3
325 1821 4
325 1833 2
325 1887 3
325 2473 1
325 2502 8
325 2565 3
325 2631 9
325 2661 9
325 2664 3
325 2783 1
325 2790 5
325 2795 9
326 356 1
326 432 3
326 464 1
326 531 9
326 561 10
326 651 6
326 656 2
326 658 10
326 839 2
326 873 1
326 901 9
326 930 3
326 946 2
326 1122 7
326 1147 5
326 1159 9
326 1184 8
326 1208 5
326 1264 10
326 1332 2
326 1338 10
326 1350 4
326 1668 10
326 1722 6
326 1825 3
326 1869 6
326 2008 9
326 2108 9
326 2118 8
326 2143 4
326 2149 5
326 2326 4
326 2479 6
326 2556 7
326 2645 5
326 2944 7
326 2971 4
326 2999 3
327 428 5
327 621 9
327 725 2
327 728 6
327 867 2
327 881 5
327 967 5
327 1032 10
327 1081 9
327 1123 2
327 1143 1
327 1168 9
327 1180 10
327 1242 3
327 1261 9
327 1346 3
327 1367 7
327 1478 6
327 1525 2
327 1879 9
327 1990 7
327 2012 5
327 2014 4
327 2211 8
327 2639 8
327 2710 2
327 2761 7
328 343 4
328 396 2
328 496 6
328 683 10
328 748 4
328 935 8
328 1033 2
328 1158 8
328 1207 4
328 1218 5
328 1250 8
328 1251 8
328 1373 6
328 1510 6
328 1575 4
328 1885 10
328 1917 6
328 1982 4
328 1991 1
328 2019 9
328 2441 6
328 2499 3
328 2653 2
328 2775 1
328 2942 4
329 410 9
329 541 5
329 549 5
329 665 10
329 753 2
329 808 6
329 822 4
329 836 3
329 866 8
329 885 10
329 963 2
329 1052 4
329 1146 5
329 1461 4
329 1541 4
329 1561 5
329 1593 6
329 2023 2
329 2075 2
329 2129 1
329 2250 6
329 2342 4
329 2375 2
329 2488 5
329 2516 8
329 2517 8
329 2544 6
330 380 7
330 615 2
330 759 3
330 782 10
330 908 2
330 1021 1
330 1045 6
330 1088 7
330 1261 8
330 1287 4
330 1354 9
330 1535 2
330 1544 5
330 1579 4
330 1756 8
330 1811 8
330 1973 8
330 2102 4
330 2241 9
330 2440 2
330 2718 10
330 2808 1
330 2884 4
330 2965 10
331 415 1
331 435 1
331 693 7
331 905 4
331 930 5
331 979 9
331 992 5
331 993 4
331 1014 8
331 1037 8
331 1263 10
331 1337 7
331 1812 10
331 2030 7
331 2140 5
331 2149 1
331 2205 5
331 2473 3
331 2803 9
331 2858 2
331 2864 9
331 2880 1
332 334 10
332 340 5
332 412 2
332 744 3
332 897 5
332 972 1
332 984 1
332 996 3
332 1013 7
332 1130 9
332 1392 5
332 1423 1
332 1473 9
332 1477 9
332 1560 6
332 1693 8
332 1792 2
332 1830 5
332 2061 3
332 2350 1
332 2383 2
332 2471 4
332 2565 8
332 2704 8
332 2732 1
332 2827 9
332 2829 6
332 2850 10
332 2859 5
332 2942 7
332 2957 7
333 387 7
333 494 3
333 680 1
333 715 7
333 727 3
333 734 10
333 811 10
333 820 9
333 884 3
333 998 6
333 1124 7
333 1294 7
333 1348 4
333 1615 7
333 1745 2
333 1837 6
333 2085 8
333 2165 1
333 2206 8
333 2233 5
333 2239 10
333 2249 4
333 2417 7
333 2504 8
333 2636 6
333 2843 4
333 2850 2
333 2861 10
333 2899 3
333 2922 10
334 443 1
334 677 4
334 845 9
334 861 3
334 955 10
334 1135 6
334 1346 4
334 1374 2
334 1403 7
334 1542 9
334 1550 5
334 1603 1
334 1614 2
334 1800 6
334 1885 9
334 1933 8
334 2010 3
334 2237 7
334 2245 8
334 2329 7
334 2331 7
334 2464 6
334 2646 5
334 2955 3
335 346 7
335 353 2
335 358 7
335 396 4
335 487 1
335 586 8
335 676 10
335 880 5
335 910 4
335 1026 7
335 1053 3
335 1055 4
335 1146 9
335 1211 10
335 1305 6
335 1331 3
335 1344 1
335 1613 2
335 1652 3
335 1762 4
335 1922 7
335 1927 10
335 1945 4
335 2124 8
335 2179 7
335 2180 9
335 2228 2
335 2321 6
335 2413 6
335 2798 10
335 2941 8
335 2969 1
336 353 5
336 595 8
336 740 10
336 803 10
336 829 1
336 834 7
336 892 3
336 993 3
336 1014 1
336 1151 2
336 1318 2
336 1551 8
336 1613 5
336 1721 9
336 1915 4
336 1928 5
336 2110 10
336 2129 2
336 2217 10
336 2231 7
336 2359 2
336 2382 2
336 2441 4
336 2466 6
336 2586 3
336 2691 5
336 2752 2
336 2833 6
336 2958 7
337 401 9
337 509 7
337 548 3
337 729 1
337 933 10
337 959 6
337 1089 4
337 1292 7
337 1460 10
337 1535 7
337 1630 3
337 1718 9
337 1821 3
337 1938 1
337 1990 1
337 2084 1
337 2140 3
337 2397 7
337 2609 4
337 2714 8
337 2749 6
337 2940 4
338 353 6
338 413 9
338 544 10
338 706 2
338 749 10
338 902 9
338 954 6
338 1059 8
338 1140 2
338 1318 6
338 1356 4
338 1462 6
338 1484 7
338 1831 9
338 1888 8
338 2087 2
338 2131 2
338 2156 10
338 2176 9
338 2239 9
338 2666 8
338 2678 7
338 2802 9
338 2826 5
338 2860 6
338 2962 3
338 2967 9
338 2985 9
339 668 10
339 933 4
339 1003 10
339 1091 1
339 1138 4
339 1373 10
339 1457 6
339 1589 6
339 1705 6
339 1730 6
339 1785 2
339 1962 5
339 2006 1
339 2042 2
339 2215 1
339 2262 6
339 2319 7
339 2351 10
339 2368 8
339 2372 5
339 2455 10
339 2462 3
339 2487 6
339 2622 1
339 2623 3
339 2688 5
339 2889 7
340 492 6
340 507 4
340 525 4
340 709 10
340 879 8
340 1020 5
340 1102 8
340 1212 2
340 1220 4
340 1264 6
340 1542 10
340 1582 10
340 1809 9
340 1985 4
340 2020 2
340 2188 5
340 2191 1
340 2663 1
340 2725 2
340 2766 4
340 2867 5
340 2915 3
340 2975 3
341 457 3
341 458 1
341 555 6
341 983 7
341 1449 5
341 1560 1
341 1623 2
341 1638 5
341 1723 6
341 1744 4
341 1878 4
341 1912 4
341 1965 1
341 2059 4
341 2097 9
341 2276 2
341 2298 9
341 2679 7
341 2738 8
341 2740 10
341 2941 8
341 2955 5
341 2999 5
342 519 2
342 524 2
342 691 9
342 927 2
342 960 2
342 963 7
342 981 10
342 1176 10
342 1271 3
342 1508 2
342 1509 6
342 1511 2
342 1621 4
342 1663 2
342 1750 5
342 1828 2
342 1992 4
342 2189 6
342 2430 5
342 2530 2
342 2536 5
342 2547 8
342 2599 4
342 2663 5
342 2720 4
342 2919 2
343 589 6
343 626 6
343 677 7
343 799 6
343 808 3
343 949 10
343 1063 3
343 1070 9
343 1251 8
343 1296 3
343 1340 10
343 1499 7
343 1696 8
343 1757 8
343 1765 5
343 1845 10
343 1907 10
343 1912 9
343 1930 3
343 2017 3
343 2410 6
343 2504 2
343 2510 4
343 2933 9
344 407 1
344 480 7
344 495 2
344 496 3
344 544 8
344 854 1
344 857 6
344 984 3
344 985 5
344 1112 10
344 1153 8
344 1211 3
344 1271 5
344 1355 9
344 1669 7
344 1791 8
344 1983 10
344 2437 1
344 2445 2
344 2690 8
344 2795 5
344 2800 10
344 2904 3
344 2996 4
345 504 3
345 509 9
345 738 7
345 841 5
345 907 7
345 1205 2
345 1431 4
345 1622 9
345 1643 2
345 1689 8
345 1808 6
345 1891 3
345 1966 2
345 2025 4
345 2079 3
345 2150 5
345 2251 7
345 2285 8
345 2440 9
345 2493 5
345 2917 10
345 2972 1
346 467 7
346 509 8
346 922 8
346 1011 7
346 1031 4
346 1146 2
346 1392 5
346 1443 7
346 1474 7
346 1732 10
346 1788 5
346 1800 3
346 1809 10
346 1959 4
346 2045 2
346 2121 8
346 2141 8
346 2316 8
346 2401 9
346 2471 7
346 2602 9
346 2618 9
346 2622 5
346 2633 4
346 2647 1
346 2746 6
346 2898 10
346 2949 7
347 376 10
347 463 5
347 478 1
347 673 3
347 782 5
347 1279 2
347 1316 4
347 1471 1
347 1586 4
347 1616 1
347 1789 2
347 1804 5
347 1812 6
347 1843 10
347 2110 4
347 2206 4
347 2220 3
347 2426 1
347 2670 10
347 2734 3
347 2896 1
348 416 9
348 606 8
348 742 6
348 778 7
348 858 9
348 872 2
348 952 5
348 1162 3
348 1333 1
348 1755 5
348 1855 6
348 1948 1
348 2070 1
348 2155 1
348 2205 2
348 2470 4
348 2532 6
348 2632 1
348 2636 4
348 2672 7
348 2710 7
348 2802 8
348 2840 6
348 2849 1
348 2892 2
349 356 5
349 406 6
349 407 4
349 433 10
349 449 10
349 495 1
349 597 6
349 650 9
349 863 2
349 910 1
349 1232 10
349 1239 6
349 1449 3
349 1530 7
349 1614 4
349 1643 8
349 1797 4
349 1902 6
349 2057 5
349 2133 5
349 2141 1
349 2316 9
349 2321 8
349 2339 9
349 2431 1
349 2481 6
349 2759 6
349 2764 6
349 2879 8
350 418 3
350 645 7
350 663 8
350 891 10
350 935 10
350 960 5
350 1008 7
350 1148 9
350 1166 2
350 1303 7
350 1631 2
350 1746 6
350 1939 6
350 2013 6
350 2062 1
350 2242 10
350 2609 1
350 2676 2
350 2697 7
350 2743 1
350 2813 10
350 2815 10
350 2876 7
351 412 6
351 696 2
351 812 4
351 941 3
351 1297 9
351 1372 5
351 1464 6
351 1480 8
351 1490 2
351 1584 10
351 1623 1
351 1788 5
351 1801 6
351 1851 9
351 1878 3
351 2047 3
351 2066 9
351 2114 3
351 2164 2
351 2224 3
351 2355 8
351 2383 3
351 2394 3
351 2406 2
351 2451 8
351 2611 10
351 2716 5
351 2760 7
351 2884 9
352 390 9
352 477 7
352 482 2
352 639 8
352 676 10
352 717 9
352 758 1
352 800 10
352 905 4
352 933 3
352 956 3
352 1320 6
352 1482 8
352 1566 1
352 1576 8
352 1582 4
352 1656 5
352 1859 8
352 1936 5
352 1959 1
352 1978 8
352 2142 8
352 2195 4
352 2549 5
352 2721 8
352 2864 6
352 2945 5
352 2995 6
353 382 8
353 460 4
353 505 5
353 598 6
353 761 6
353 792 4
353 869 4
353 946 3
353 950 10
353 997 3
353 1019 8
353 1177 2
353 1269 10
353 1272 6
353 1757 3
353 1933 4
353 1986 10
353 2161 1
353 2257 5
353 2454 10
353 2885 6
354 430 9
354 647 5
354 768 6
354 967 6
354 1165 2
354 1401 9
354 1426 6
354 1440 10
354 1515 10
354 1644 7
354 1645 2
354 1976 7
354 2021 1
354 2039 5
354 2044 6
354 2108 9
354 2253 3
354 2337 2
354 2532 3
354 2606 1
354 2801 8
354 2876 6
354 2930 5
355 422 4
355 569 9
355 627 1
355 650 9
355 680 2
355 735 2
355 756 1
355 1119 10
355 1196 3
355 1403 2
355 1408 7
355 1595 7
355 1658 5
355 1849 8
355 1865 9
355 1932 1
355 1939 9
355 1960 2
355 1987 4
355 2065 1
355 2072 10
355 2158 6
355 2294 8
355 2485 4
355 2994 8
356 438 8
356 498 5
356 574 2
356 827 7
356 843 10
356 1087 6
356 1110 3
356 1333 5
356 1336 5
356 1739 4
356 1795 3
356 1862 9
356 1907 6
356 2288 10
356 2315 10
356 2408 2
356 2562 5
356 2670 7
356 2672 10
356 2725 5
356 2762 8
357 671 8
357 679 7
357 711 6
357 725 8
357 832 7
357 952 9
357 975 2
357 986 2
357 1019 1
357 1195 8
357 1254 3
357 1465 2
357 1640 7
357 1758 8
357 1814 10
357 1924 4
357 2002 6
357 2170 9
357 2523 5
357 2620 7
357 2632 8
357 2746 5
357 2778 4
357 2804 7
357 2859 7
357 2923 5
358 400 9
358 425 6
358 616 4
358 647 1
358 666 7
358 847 4
358 965 3
358 973 10
358 1215 9
358 1269 10
358 1407 4
358 1441 8
358 1471 8
358 1700 4
358 1939 1
358 1973 10
358 2037 3
358 2103 5
358 2122 6
358 2428 2
358 2512 9
358 2652 10
358 2981 4
358 2986 10
359 406 7
359 472 8
359 644 10
359 661 6
359 674 3
359 900 8
359 916 1
359 929 7
359 964 9
359 1005 4
359 1064 1
359 1190 3
359 1223 5
359 1398 8
359 1412 2
359 1555 5
359 1702 8
359 1744 2
359 1756 2
359 1944 4
359 2118 2
359 2351 6
359 2361 4
359 2542 3
359 2629 2
359 2819 7
359 2903 4
359 2944 1
360 802 10
360 838 1
360 1046 3
360 1181 1
360 1391 8
360 1476 5
360 1623 3
360 1752 3
360 1938 4
360 1940 8
360 2004 3
360 2190 7
360 2196 1
360 2272 9
360 2528 4
360 2642 10
360 2975 8
361 435 6
361 453 5
361 678 6
361 719 1
361 800 5
361 888 4
361 1022 8
361 1137 6
361 1149 4
361 1278 7
361 1331 8
361 1414 9
361 1534 9
361 1566 2
361 1595 10
361 1691 3
361 1713 10
361 1774 1
361 1788 3
361 1954 3
361 1975 7
361 2206 8
361 2303 6
361 2601 3
361 2873 2
361 2942 6
362 373 2
362 413 2
362 419 9
362 458 3
362 591 8
362 662 10
362 754 10
362 817 10
362 836 7
362 930 1
362 1116 10
362 1128 10
362 1165 3
362 1342 8
362 1433 9
362 1434 1
362 1652 10
362 2270 1
362 2324 9
362 2364 7
362 2442 10
362 2480 6
362 2783 7
362 2801 3
362 2839 4
363 367 5
363 541 10
363 684 7
363 756 2
363 950 2
363 956 2
363 1046 4
363 1062 5
363 1209 4
363 1216 7
363 1534 1
363 1630 4
363 1657 6
363 1749 7
363 1789 3
363 1918 8
363 1990 3
363 2062 5
363 2120 7
363 2136 5
363 2150 3
363 2186 6
363 2190 4
363 2191 7
363 2297 7
363 2443 10
363 2490 10
363 2510 5
363 2577 6
363 2596 2
363 2790 10
363 2887 10
363 2909 4
363 2910 3
363 2981 1
364 562 6
364 628 10
364 658 1
364 695 9
364 714 3
364 722 7
364 1029 6
364 1225 9
364 1318 8
364 1440 1
364 1578 4
364 1669 6
364 1863 2
364 1890 7
364 1909 1
364 1967 10
364 2055 1
364 2175 2
364 2238 2
364 2286 6
364 2334 9
364 2678 6
364 2803 4
364 2838 9
365 412 9
365 459 10
365 488 1
365 577 8
365 579 1
365 623 1
365 640 6
365 650 7
365 672 5
365 1310 9
365 1415 3
365 1672 3
365 1722 10
365 1942 8
365 2018 6
365 2077 10
365 2118 8
365 2184 10
365 2354 8
365 2371 2
365 2401 6
365 2574 10
365 2624 1
365 2670 10
365 2687 6
365 2850 10
365 2866 2
365 2992 1
366 387 9
366 398 5
366 553 10
366 565 2
366 810 1
366 914 10
366 1019 7
366 1132 10
366 1335 1
366 1451 3
366 1666 9
366 1950 3
366 1953 9
366 2092 9
366 2227 2
366 2671 7
366 2761 8
366 2862 7
366 2893 1
366 2922 9
366 2978 8
367 414 9
367 476 2
367 641 8
367 932 3
367 940 2
367 1122 7
367 1696 5
367 1848 10
367 1949 6
367 2129 8
367 2181 5
367 2424 6
367 2491 5
367 2577 2
367 2613 3
367 2820 8
367 2931 8
367 2945 1
368 625 5
368 657 2
368 706 9
368 725 3
368 775 6
368 790 8
368 807 7
368 916 5
368 950 4
368 1032 3
368 1033 7
368 1059 8
368 1105 5
368 1346 8
368 1613 8
368 1671 4
368 1786 3
368 1796 2
368 2253 7
368 2261 4
368 2358 7
368 2385 8
368 2639 7
368 2694 6
368 2778 9
369 544 8
369 632 6
369 985 4
369 1064 3
369 1077 3
369 1167 10
369 1248 8
369 1294 8
369 1317 4
369 1371 2
369 1405 4
369 1422 5
369 1554 7
369 1921 7
369 1989 7
369 2009 2
369 2038 8
369 2136 8
369 2157 2
369 2172 3
369 2283 8
369 2329 9
369 2343 5
369 2372 10
369 2482 3
369 2606 5
369 2667 5
369 2877 8
370 422 2
370 433 7
370 524 10
370 668 4
370 700 4
370 783 10
370 884 4
370 922 7
370 967 9
370 996 4
370 1038 6
370 1120 5
370 1217 6
370 1249 8
370 1274 7
370 1304 5
370 1426 2
370 1446 9
370 1455 4
370 1464 7
370 1495 1
370 1673 6
370 1715 6
370 1959 10
370 2225 7
370 2232 6
370 2268 8
370 2281 4
370 2311 6
370 2478 1
370 2660 3
370 2671 9
370 2708 8
370 2862 2
370 2877 4
370 2934 3
371 373 1
371 514 2
371 586 2
371 706 2
371 792 6
371 946 8
371 1093 5
371 1261 9
371 1346 5
371 1405 6
371 1497 2
371 1581 2
371 1599 4
371 1717 3
371 1733 9
371 1770 3
371 1798 4
371 1813 1
371 1830 9
371 1889 9
371 1967 5
371 2007 10
371 2090 4
371 2218 7
371 2389 2
371 2393 7
371 2432 8
371 2494 3
371 2549 7
371 2677 7
371 2708 5
371 2745 8
371 2751 9
371 2788 7
371 2798 5
371 2959 1
372 421 9
372 840 1
372 864 10
372 982 1
372 1029 8
372 1061 2
372 1227 9
372 1230 9
372 1282 10
372 1420 3
372 1468 6
372 1469 9
372 1520 7
372 1620 3
372 1825 5
372 1894 5
372 1960 4
372 2083 1
372 2184 4
372 2185 7
372 2228 1
372 2240 6
372 2338 1
372 2367 3
372 2506 3
372 2602 7
372 2638 5
372 2640 10
372 2689 5
372 2736 5
372 2781 5
372 2842 10
372 2864 9
372 2960 5
373 388 6
373 492 5
373 552 9
373 595 1
373 669 4
373 806 10
373 851 6
373 927 3
373 934 5
373 960 9
373 1091 3
373 1125 1
373 1195 3
373 1221 9
373 1237 2
373 1243 7
373 1276 7
373 1292 9
373 1344 7
373 1663 7
373 1802 5
373 1932 6
373 2051 6
373 2070 9
373 2102 3
373 2304 3
373 2338 8
373 2417 7
373 2428 1
373 2473 4
373 2707 3
373 2710 10
373 2842 1
373 2910 8
374 630 10
374 641 5
374 938 9
374 1006 5
374 1080 2
374 1188 5
374 1241 3
374 1297 8
374 1508 6
374 1724 3
374 1746 7
374 1788 2
374 1821 10
374 1872 5
374 1890 7
374 2047 7
374 2129 1
374 2255 6
374 2281 7
374 2328 8
374 2686 2
374 2698 9
375 434 9
375 583 4
375 845 8
375 914 5
375 971 5
375 1107 9
375 1303 2
375 1457 6
375 1734 9
375 1925 8
375 1967 9
375 2028 4
375 2108 5
375 2140 7
375 2209 1
375 2255 1
375 2287 6
375 2436 7
375 2487 7
375 2529 2
375 2666 6
375 2938 1
375 2950 9
376 549 8
376 573 2
376 628 6
376 631 10
376 728 8
376 855 2
376 865 5
376 869 1
376 951 10
376 1026 10
376 1034 8
376 1183 8
376 1211 4
376 1221 6
376 1289 2
376 1684 5
376 1698 10
376 1723 3
376 1817 2
376 1881 10
376 1946 7
376 2183 1
376 2249 6
376 2299 2
376 2392 8
376 2408 2
376 2469 7
376 2512 10
376 2687 7
376 2699 8
376 2752 9
376 2858 6
376 2871 3
376 2924 1
377 469 10
377 480 3
377 734 4
377 804 3
377 857 5
377 908 5
377 999 4
377 1139 5
377 1250 7
377 1261 8
377 1283 3
377 1603 9
377 1972 3
377 2102 8
377 2185 1
377 2429 2
377 2469 10
377 2492 6
377 2785 3
377 2810 7
377 2894 9
377 2919 1
378 423 7
378 436 4
378 563 3
378 742 6
378 1055 4
378 1175 10
378 1368 9
378 1410 7
378 1602 4
378 1654 3
378 1849 10
378 1852 6
378 1884 10
378 1908 10
378 1982 5
378 2026 9
378 2034 6
378 2076 10
378 2184 1
378 2212 1
378 2294 10
378 2304 5
378 2325 5
378 2461 3
378 2676 3
378 2699 4
378 2850 4
378 2956 1
379 526 10
379 571 9
379 622 4
379 634 2
379 724 2
379 1088 10
379 1203 4
379 1484 3
379 1559 6
379 1612 5
379 1785 8
379 1849 10
379 1861 6
379 1888 5
379 2026 6
379 2076 4
379 2095 2
379 2100 2
379 2231 10
379 2325 2
379 2703 6
379 2829 9
379 2921 8
380 395 6
380 654 8
380 1115 9
380 1165 7
380 1184 5
380 1251 5
380 1375 4
380 1509 1
380 1691 7
380 1920 2
380 2042 5
380 2212 8
380 2418 3
380 2487 2
380 2547 10
380 2624 3
380 2788 4
380 2814 9
380 2871 9
380 2954 5
381 518 6
381 555 2
381 559 8
381 631 4
381 707 2
381 829 6
381 959 7
381 962 1
381 971 10
381 973 4
381 1061 8
381 1074 7
381 1143 3
381 1147 10
381 1246 3
381 1564 2
381 1851 4
381 1941 10
381 1987 4
381 2337 4
381 2392 1
381 2488 7
381 2643 9
381 2673 4
381 2705 4
381 2741 10
381 2751 3
381 2824 9
381 2851 2
381 2874 4
382 420 10
382 491 10
382 569 2
382 589 4
382 604 8
382 628 9
382 711 2
382 879 7
382 975 5
382 1151 6
382 1209 3
382 1799 9
382 1884 7
382 1900 8
382 1903 5
382 2228 10
382 2378 3
382 2438 2
382 2458 9
382 2479 1
382 2529 3
382 2579 2
382 2690 2
382 2805 10
382 2881 7
382 2883 1
382 2950 3
383 426 1
383 570 4
383 593 6
383 833 5
383 837 10
383 943 2
383 982 2
383 1020 1
383 1097 8
383 1148 7
383 1156 8
383 1192 5
383 1391 5
383 1530 8
383 1652 3
383 1665 4
383 1800 5
383 1891 2
383 1906 2
383 1969 7
383 1980 5
383 2091 5
383 2234 2
383 2314 5
383 2401 9
383 2441 9
383 2756 4
383 2806 6
383 2841 7
383 2892 9
384 401 6
384 475 3
384 478 5
384 514 10
384 515 8
384 542 7
384 567 8
384 586 6
384 685 4
384 791 6
384 1026 6
384 1038 10
384 1228 9
384 1334 6
384 1349 10
384 1462 1
384 1468 3
384 1634 9
384 1683 1
384 1804 5
384 1901 3
384 2151 9
384 2259 10
384 2261 3
384 2466 3
384 2504 2
384 2653 1
384 2854 6
384 2858 7
384 2883 2
384 2911 6
385 708 2
385 1127 9
385 1194 9
385 1453 3
385 1485 7
385 1497 4
385 1644 4
385 1879 10
385 1924 8
385 1999 10
385 2033 9
385 2219 4
385 2422 1
385 2614 9
385 2645 10
385 2687 3
385 2800 1
385 2988 5
386 747 8
386 790 2
386 901 7
386 1008 2
386 1028 9
386 1063 3
386 1118 6
386 1567 9
386 1640 4
386 1681 2
386 1808 2
386 1957 3
386 2096 8
386 2380 4
386 2392 9
386 2456 4
386 2548 8
386 2578 8
386 2691 4
386 2751 10
386 2781 3
386 2811 3
386 2866 2
386 2950 10
386 2972 2
386 2991 3
387 422 3
387 441 8
387 575 3
387 1027 7
387 1283 10
387 1842 3
387 1861 1
387 1885 2
387 1911 6
387 1940 1
387 2023 7
387 2057 1
387 2146 2
387 2433 10
387 2716 6
387 2816 9
388 444 10
388 633 10
388 675 4
388 710 6
388 769 3
388 991 4
388 1113 5
388 1153 3
388 1170 8
388 1180 4
388 1244 4
388 1664 7
388 1883 1
388 1906 1
388 2002 8
388 2027 10
388 2045 10
388 2143 10
388 2244 5
388 2323 10
388 2423 10
388 2428 7
388 2437 4
388 2478 8
388 2590 7
388 2614 1
388 2625 4
388 2731 1
388 2794 1
388 2810 9
388 2835 5
389 391 3
389 550 7
389 586 2
389 664 1
389 737 7
389 767 5
389 954 8
389 1122 8
389 1162 4
389 1309 2
389 1369 4
389 1539 9
389 1590 10
389 1691 8
389 1720 4
389 1751 5
389 1756 3
389 2037 6
389 2069 3
389 2383 4
389 2538 7
389 2755 8
389 2763 6
389 2778 7
389 2815 10
389 2861 6
389 2973 8
390 465 8
390 472 1
390 726 6
390 970 3
390 1006 7
390 1030 7
390 1257 6
390 1273 7
390 1490 5
390 1506 1
390 1925 3
390 1950 4
390 2125 10
390 2226 5
390 2249 8
390 2332 4
390 2399 2
390 2437 6
390 2453 6
390 2551 1
390 2826 6
390 2894 8
390 2961 9
390 2999 10
391 455 4
391 520 5
391 752 4
391 911 9
391 929 3
391 941 4
391 966 9
391 1014 3
391 1184 1
391 1187 4
391 1281 5
391 1306 6
391 1377 7
391 1410 6
391 1680 2
391 1767 6
391 1895 9
391 1922 3
391 1970 2
391 2358 1
391 2469 2
391 2612 9
391 2668 7
391 2691 3
391 2758 3
391 2991 3
392 429 4
392 697 1
392 925 7
392 927 5
392 945 6
392 1081 2
392 1098 4
392 1304 10
392 1440 5
392 1495 9
392 1516 9
392 1550 7
392 1588 8
392 1953 5
392 1974 9
392 2170 5
392 2258 10
392 2318 9
392 2469 6
392 2605 1
392 2688 4
392 2752 2
392 2806 9
392 2833 1
392 2996 4
393 443 9
393 512 9
393 637 1
393 649 10
393 662 10
393 721 1
393 787 7
393 1027 10
393 1078 2
393 1204 5
393 1342 6
393 1435 1
393 1436 1
393 1823 5
393 1835 7
393 1925 10
393 1937 6
393 1977 8
393 1984 3
393 1994 1
393 2132 1
393 2236 5
393 2260 10
393 2379 10
393 2573 3
393 2627 7
393 2658 9
394 593 5
394 1018 4
394 1055 4
394 1210 6
394 1469 3
394 1543 7
394 1731 1
394 1792 10
394 1932 5
394 1999 2
394 2108 10
394 2123 8
394 2248 5
394 2478 7
394 2510 2
394 2517 10
394 2599 10
394 2654 9
394 2688 10
394 2702 2
394 2768 4
394 2839 1
394 2997 10
395 501 2
395 590 1
395 661 9
395 743 4
395 789 1
395 1023 9
395 1027 8
395 1116 9
395 1229 6
395 1430 7
395 1521 4
395 1591 7
395 1663 9
395 1978 2
395 2095 1
395 2099 3
395 2112 7
395 2204 8
395 2486 6
395 2490 10
395 2695 10
395 2871 8
395 2915 1
396 738 6
396 784 1
396 920 4
396 995 5
396 1247 9
396 1281 4
396 1344 7
396 1682 10
396 1718 5
396 1744 2
396 1895 6
396 2282 3
396 2396 4
396 2799 8
396 2812 2
396 2822 7
396 2940 6
397 452 8
397 462 10
397 470 2
397 683 1
397 717 5
397 771 3
397 848 2
397 959 1
397 987 10
397 1102 8
397 1483 8
397 1763 9
397 2054 3
397 2154 9
397 2369 2
397 2452 1
397 2583 2
397 2620 8
397 2635 6
397 2652 5
397 2659 8
397 2745 8
397 2814 8
398 438 7
398 527 8
398 756 7
398 1071 7
398 1086 2
398 1100 3
398 1169 3
398 1262 9
398 1342 4
398 1350 7
398 1525 7
398 1717 8
398 1834 6
398 1985 2
398 2120 10
398 2124 1
398 2493 7
398 2495 7
398 2514 7
398 2535 9
398 2581 2
398 2656 1
398 2705 5
398 2719 1
398 2835 4
398 2976 6
399 576 2
399 672 3
399 710 8
399 744 2
399 917 10
399 1432 7
399 1589 5
399 1610 4
399 1924 10
399 2104 8
399 2120 5
399 2143 2
399 2153 3
399 2293 10
399 2342 9
399 2430 9
399 2460 8
399 2811 3
399 2816 8
400 449 9
400 462 5
400 471 3
400 695 5
400 750 8
400 840 10
400 906 1
400 955 4
400 996 8
400 1155 5
400 1168 10
400 1324 7
400 1341 9
400 1471 10
400 1518 5
400 1654 7
400 1710 5
400 1747 4
400 1904 2
400 1931 3
400 2036 8
400 2136 7
400 2183 10
400 2208 3
400 2215 9
400 2507 1
400 2569 8
400 2715 10
400 2779 3
400 2786 9
400 2946 7
400 2973 5
401 432 6
401 530 1
401 926 4
401 1032 3
401 1112 3
401 1211 6
401 1297 3
401 1450 3
401 1854 2
401 1866 10
401 1939 7
401 1963 5
401 2253 8
401 2262 2
401 2316 6
401 2405 10
401 2836 5
401 2916 2
402 532 1
402 592 9
402 622 6
402 727 4
402 731 3
402 916 7
402 940 4
402 968 10
402 1266 9
402 1296 3
402 1379 10
402 1460 4
402 1549 3
402 1729 8
402 1808 5
402 2030 8
402 2066 1
402 2187 4
402 2249 4
402 2327 3
402 2359 4
402 2413 4
402 2452 5
402 2573 4
402 2636 3
402 2686 9
402 2940 6
403 592 3
403 593 3
403 720 1
403 748 4
403 763 7
403 832 10
403 1043 8
403 1044 5
403 1053 8
403 1097 6
403 1240 3
403 1370 5
403 1393 2
403 1584 5
403 1741 3
403 2080 4
403 2153 3
403 2247 2
403 2381 9
403 2611 9
403 2672 8
403 2732 8
403 2786 1
403 2902 4
403 2911 1
403 2977 4
403 2995 4
404 462 4
404 463 5
404 498 8
404 506 7
404 598 4
404 627 3
404 845 8
404 945 1
404 967 8
404 1198 7
404 1207 6
404 1223 2
404 1251 7
404 1308 10
404 1381 6
404 1488 6
404 1603 2
404 1619 4
404 1650 9
404 1670 7
404 1797 4
404 1810 5
404 1866 5
404 1981 7
404 2188 8
404 2490 1
404 2518 10
404 2561 10
404 2645 3
404 2769 9
404 2853 5
404 2923 7
404 2926 5
404 2930 7
405 421 10
405 511 4
405 581 8
405 883 7
405 894 5
405 1018 5
405 1053 4
405 1092 2
405 1183 9
405 1288 2
405 1347 3
405 1561 6
405 1730 3
405 2097 5
405 2165 4
405 2206 6
405 2294 1
405 2673 3
405 2879 1
406 490 6
406 603 9
406 658 6
406 664 4
406 683 10
406 756 3
406 779 5
406 789 9
406 842 2
406 876 10
406 1033 5
406 1083 10
406 1189 8
406 1442 1
406 1573 7
406 1703 10
406 1704 4
406 1758 10
406 1836 5
406 1895 8
406 1961 2
406 2047 10
406 2130 1
406 2135 3
406 2157 8
406 2170 5
406 2353 4
406 2361 5
406 2368 2
406 2511 6
406 2636 5
406 2770 7
406 2819 2
407 440 2
407 609 2
407 696 2
407 770 7
407 786 1
407 791 3
407 992 3
407 1075 9
407 1126 10
407 1321 10
407 1414 4
407 1433 4
407 1513 1
407 1518 6
407 1746 3
407 2164 1
407 2213 9
407 2252 1
407 2434 6
407 2532 8
407 2594 7
407 2673 4
407 2845 10
407 2854 8
407 2928 8
407 2982 10
408 690 4
408 826 2
408 1025 10
408 1032 6
408 1309 10
408 1324 7
408 1524 8
408 1761 7
408 1762 7
408 1852 5
408 1955 6
408 2234 1
408 2241 8
408 2250 10
408 2421 8
408 2432 3
408 2468 7
408 2526 5
408 2566 1
408 2592 9
408 2609 8
408 2698 8
408 2779 9
408 2840 10
408 2989 6
409 432 5
409 1220 5
409 1240 1
409 1378 4
409 1427 9
409 1507 6
409 1681 1
409 1992 3
409 2043 3
409 2092 9
409 2311 8
409 2680 3
409 2764 3
409 2792 6
409 2867 10
409 2928 7
410 428 2
410 457 9
410 477 1
410 500 9
410 597 7
410 599 2
410 606 4
410 644 1
410 864 6
410 970 5
410 976 2
410 1114 10
410 1287 5
410 1440 10
410 1543 8
410 1572 6
410 1693 2
410 1718 9
410 1758 7
410 1809 7
410 1907 1
410 1908 9
410 1957 3
410 2156 6
410 2323 8
410 2494 5
410 2653 9
410 2684 3
410 2767 5
410 2774 1
410 2815 9
410 2837 3
410 2888 10
411 459 1
411 535 2
411 578 7
411 856 2
411 858 10
411 951 2
411 1014 7
411 1018 9
411 1040 4
411 1111 7
411 1205 4
411 1265 1
411 1368 2
411 1468 1
411 1508 10
411 1538 1
411 1544 7
411 1627 10
411 1715 6
411 1977 2
411 2048 5
411 2324 3
411 2373 10
411 2397 8
411 2610 7
411 2870 8
412 451 7
412 581 2
412 674 7
412 824 3
412 871 10
412 896 8
412 1090 7
412 1386 2
412 1468 4
412 1609 3
412 1718 2
412 2052 6
412 2111 5
412 2472 3
412 2521 7
412 2603 1
412 2639 1
413 486 8
413 575 3
413 587 4
413 590 5
413 700 7
413 985 4
413 1056 10
413 1159 7
413 1162 9
413 1224 4
413 1231 9
413 1268 1
413 1283 2
413 1485 5
413 1679 5
413 1744 10
413 1908 5
413 1968 10
413 2013 9
413 2281 8
413 2316 10
413 2392 8
413 2555 10
413 2563 2
413 2643 10
413 2672 2
414 688 3
414 806 8
414 808 4
414 880 8
414 960 2
414 1143 4
414 1164 9
414 1219 9
414 1236 2
414 1328 9
414 1450 1
414 1548 9
414 1573 5
414 1623 8
414 1639 10
414 1741 9
414 1903 5
414 2160 6
414 2372 4
414 2515 5
414 2555 1
414 2628 9
414 2632 10
414 2655 7
415 611 2
415 721 7
415 912 5
415 1032 7
415 1226 10
415 1334 1
415 1423 6
415 1638 7
415 1665 10
415 1694 10
415 2089 6
415 2439 9
415 2442 2
415 2590 10
415 2741 9
416 552 9
416 674 10
416 716 1
416 731 4
416 750 6
416 921 2
416 927 2
416 1047 1
416 1194 9
416 1200 6
416 1252 7
416 1382 6
416 1477 3
416 1550 7
416 1679 8
416 1709 10
416 1722 9
416 1928 2
416 1953 9
416 2000 5
416 2024 9
416 2071 6
416 2106 7
416 2169 10
416 2261 2
416 2301 10
416 2349 2
416 2406 9
416 2453 2
416 2502 6
416 2521 4
416 2544 7
416 2619 3
416 2787 9
416 2832 2
416 2959 8
417 431 4
417 456 7
417 525 9
417 589 3
417 625 6
417 727 1
417 743 10
417 758 5
417 858 6
417 952 5
417 1086 5
417 1253 7
417 1304 6
417 1344 1
417 1526 7
417 1533 4
417 1564 1
417 1690 6
417 1762 4
417 1813 7
417 1957 8
417 2010 6
417 2077 1
417 2136 7
417 2153 2
417 2188 10
417 2432 7
417 2449 10
417 2528 2
417 2644 7
417 2778 9
417 2779 7
417 2889 1
417 2999 6
418 537 1
418 846 2
418 852 3
418 868 9
418 900 5
418 951 5
418 1115 1
418 1603 7
418 1628 6
418 1737 7
418 1924 3
418 1939 1
418 2028 5
418 2113 7
418 2187 2
418 2298 5
418 2304 4
418 2397 8
418 2412 4
418 2429 3
418 2648 6
418 2960 9
419 423 7
419 711 5
419 806 10
419 858 1
419 937 5
419 952 4
419 990 10
419 1083 5
419 1108 10
419 1251 9
419 1339 7
419 1694 8
419 2033 9
419 2034 5
419 2052 4
419 2073 4
419 2135 8
419 2225 7
419 2266 5
419 2287 4
419 2381 4
419 2429 1
419 2478 1
419 2496 2
419 2542 5
419 2616 2
419 2745 7
419 2772 10
419 2941 8
419 2995 1
420 459 10
420 548 1
420 567 10
420 636 10
420 654 5
420 691 10
420 706 8
420 899 10
420 913 7
420 961 1
420 1042 10
420 1045 5
420 1378 4
420 1435 2
420 1492 5
420 1511 5
420 1517 6
420 1555 4
420 1558 10
420 1611 9
420 1798 4
420 1807 9
420 1911 3
420 1940 5
420 1941 2
420 2031 8
420 2063 1
420 2169 1
420 2183 7
420 2296 8
420 2432 1
420 2439 2
420 2464 4
420 2469 6
420 2610 3
420 2911 1
420 2920 3
420 2935 7
421 463 1
421 609 8
421 660 7
421 696 1
421 730 4
421 1057 8
421 1188 8
421 1215 5
421 1277 4
421 1551 1
421 1663 5
421 1684 1
421 1743 3
421 1952 2
421 1983 4
421 2016 1
421 2169 5
421 2188 4
421 2250 9
421 2278 4
421 2348 5
421 2395 6
421 2513 6
421 2534 7
421 2618 2
421 2640 8
421 2655 3
421 2809 6
421 2865 9
421 2907 4
422 456 8
422 483 4
422 565 1
422 604 1
422 614 10
422 627 1
422 670 5
422 693 7
422 839 5
422 995 3
422 1595 5
422 1728 2
422 1758 10
422 1763 4
422 1980 9
422 2014 4
422 2053 8
422 2099 10
422 2123 8
422 2136 6
422 2169 10
422 2298 5
422 2312 4
422 2319 9
422 2509 8
422 2699 5
422 2997 7
423 559 5
423 583 6
423 618 7
423 627 7
423 662 2
423 670 5
423 689 10
423 716 8
423 772 9
423 788 6
423 1180 8
423 1185 2
423 1245 6
423 1300 8
423 1595 8
423 1762 5
423 1871 9
423 1904 1
423 1958 6
423 1962 9
423 2038 9
423 2046 4
423 2193 8
423 2285 3
423 2393 8
423 2465 8
423 2640 10
423 2642 4
423 2689 5
423 2743 10
423 2793 2
423 2809 7
423 2842 8
423 2909 3
424 532 6
424 609 4
424 623 4
424 703 10
424 880 3
424 1186 10
424 1529 4
424 1680 7
424 1692 4
424 1810 10
424 2132 8
424 2238 9
424 2250 8
424 2571 9
424 2612 8
424 2695 4
424 2732 10
424 2754 9
424 2994 10
425 508 6
425 607 6
425 645 3
425 654 4
425 766 9
425 947 9
425 987 1
425 1091 3
425 1228 7
425 1247 1
425 1350 7
425 1449 9
425 1500 6
425 1554 1
425 1627 3
425 1855 5
425 1963 9
425 2010 3
425 2061 7
425 2070 9
425 2310 3
425 2533 5
425 2723 6
425 2832 8
425 2858 1
425 2927 8
426 673 3
426 680 8
426 800 7
426 822 5
426 840 3
426 951 7
426 1034 1
426 1138 10
426 1220 6
426 1262 1
426 1342 9
426 1356 1
426 1526 1
426 1559 6
426 1723 6
426 1877 5
426 1886 7
426 1903 6
426 2006 3
426 2044 9
426 2072 3
426 2081 1
426 2091 5
426 2127 6
426 2235 8
426 2434 3
426 2526 9
426 2906 6
426 2915 4
427 445 8
427 628 2
427 725 10
427 902 6
427 907 10
427 1008 10
427 1034 8
427 1156 6
427 1162 9
427 1245 5
427 1260 5
427 1358 2
427 1681 7
427 1742 4
427 2132 7
427 2160 9
427 2169 8
427 2240 10
427 2296 6
427 2639 7
427 2693 8
427 2928 4
427 2931 2
428 580 9
428 716 6
428 860 4
428 881 2
428 907 2
428 1108 10
428 1138 8
428 1306 2
428 1414 5
428 1466 10
428 1620 4
428 2009 3
428 2020 10
428 2021 8
428 2098 5
428 2258 3
428 2331 4
428 2603 5
428 2668 7
428 2711 10
429 573 3
429 818 7
429 1094 3
429 1119 4
429 1220 3
429 1223 4
429 1337 1
429 1682 2
429 1797 5
429 1935 10
429 1949 4
429 2091 6
429 2124 2
429 2168 1
429 2174 2
429 2180 10
429 2219 1
429 2235 2
429 2564 1
429 2582 9
429 2641 2
429 2642 3
430 611 4
430 883 10
430 1043 7
430 1196 6
430 1239 7
430 1253 6
430 1302 4
430 1404 1
430 1408 4
430 1540 6
430 1736 5
430 1771 9
430 1986 5
430 2048 8
430 2233 6
430 2320 8
430 2391 1
430 2438 7
430 2561 7
430 2609 5
430 2631 4
431 689 10
431 731 5
431 1088 6
431 1097 7
431 1137 6
431 1164 6
431 1171 8
431 1260 2
431 1304 5
431 1350 5
431 1527 2
431 1574 7
431 1586 8
431 1776 2
431 1782 8
431 1878 3
431 1933 9
431 2111 5
431 2207 2
431 2250 5
431 2359 5
431 2407 9
431 2441 1
431 2486 2
431 2566 9
431 2629 2
431 2633 10
431 2653 3
431 2728 8
431 2794 9
432 505 4
432 544 8
432 568 9
432 609 6
432 612 9
432 777 7
432 1060 8
432 1127 1
432 1149 7
432 1535 8
432 1757 5
432 1796 4
432 1844 9
432 1894 2
432 1946 2
432 2024 6
432 2116 2
432 2148 6
432 2258 10
432 2273 7
432 2567 4
432 2568 7
432 2692 1
432 2795 7
432 2967 6
432 2975 7
432 2993 6
433 533 7
433 689 3
433 763 4
433 822 8
433 882 1
433 937 10
433 944 10
433 1009 4
433 1093 5
433 1106 8
433 1108 9
433 1143 6
433 1338 9
433 1461 9
433 1486 5
433 1522 1
433 1551 4
433 1600 2
433 1777 4
433 1823 1
433 1957 6
433 2032 3
433 2042 10
433 2293 3
433 2413 6
433 2504 5
433 2513 9
433 2548 10
433 2653 2
433 2718 3
433 2728 4
433 2853 2
433 2887 1
433 2950 9
433 2957 7
434 482 6
434 721 3
434 890 9
434 917 7
434 974 2
434 1005 5
434 1275 2
434 1387 3
434 1430 2
434 1438 10
434 1473 7
434 1500 8
434 1704 7
434 1715 4
434 1924 1
434 2188 4
434 2301 7
434 2305 5
434 2417 7
434 2420 8
434 2425 6
434 2491 10
434 2651 8
434 2672 2
434 2946 4
434 2992 7
435 477 7
435 491 1
435 536 7
435 551 3
435 804 9
435 1007 4
435 1182 6
435 1325 1
435 1332 9
435 1452 7
435 1522 6
435 1543 3
435 1691 10
435 1823 2
435 2018 9
435 2315 5
435 2373 6
435 2383 3
435 2452 2
435 2463 9
435 2499 7
435 2597 7
436 452 2
436 530 3
436 566 1
436 619 2
436 668 6
436 828 9
436 872 10
436 978 2
436 1006 9
436 1056 8
436 1306 4
436 1365 10
436 1412 6
436 1447 6
436 1501 8
436 1592 6
436 1630 9
436 1667 7
436 1710 3
436 1750 7
436 1751 6
436 1767 2
436 1802 3
436 1811 2
436 2014 3
436 2094 3
436 2268 8
436 2294 5
436 2464 2
436 2516 10
436 2537 8
436 2734 1
436 2864 2
437 461 4
437 499 6
437 519 8
437 726 3
437 927 1
437 1096 6
437 1302 10
437 1336 7
437 1339 6
437 1385 6
437 1845 2
437 1902 2
437 2214 10
437 2468 2
437 2496 4
437 2507 9
437 2671 7
437 2743 10
437 2852 10
437 2901 5
437 2931 6
438 536 8
438 593 9
438 804 1
438 866 9
438 918 2
438 952 4
438 976 9
438 1190 10
438 1253 6
438 1255 10
438 1647 3
438 1786 1
438 1952 6
438 2006 7
438 2810 8
439 527 4
439 555 2
439 593 10
439 643 3
439 646 1
439 745 3
439 880 10
439 938 9
439 1227 8
439 1395 4
439 1517 3
439 1541 5
439 1664 2
439 1737 6
439 1882 9
439 1912 4
439 2075 8
439 2181 8
439 2200 8
439 2232 9
439 2351 1
439 2460 3
439 2687 1
439 2710 3
439 2846 7
439 2884 7
439 2900 10
440 450 10
440 619 1
440 659 5
440 679 7
440 786 5
440 861 5
440 960 5
440 964 2
440 1206 2
440 1245 5
440 1275 8
440 1305 5
440 1488 4
440 1588 8
440 1765 1
440 1768 7
440 1777 5
440 1884 9
440 1953 6
440 2462 3
440 2604 4
440 2662 4
440 2810 1
440 2922 10
440 2964 3
441 565 3
441 654 6
441 719 9
441 894 5
441 949 5
441 1014 10
441 1233 9
441 1301 3
441 1310 3
441 1557 6
441 1664 8
441 1790 4
441 1792 2
441 1887 1
441 1895 1
441 1897 5
441 1909 2
441 2028 2
441 2273 2
441 2286 6
441 2339 1
441 2366 4
441 2469 7
441 2508 2
441 2624 5
441 2675 4
441 2879 5
441 2882 8
441 2914 3
441 2920 10
441 2971 2
442 507 9
442 537 7
442 854 9
442 876 3
442 1007 8
442 1125 6
442 1149 5
442 1246 7
442 1304 3
442 1499 10
442 1555 7
442 1573 4
442 1612 9
442 1685 2
442 1938 8
442 2007 4
442 2020 1
442 2096 2
442 2103 8
442 2489 5
442 2520 6
442 2764 3
442 2804 8
442 2882 8
442 2933 5
442 2982 8
443 550 4
443 623 10
443 645 9
443 722 1
443 887 4
443 998 8
443 1214 5
443 1382 7
443 1455 4
443 1600 9
443 1694 9
443 1779 7
443 1878 5
443 2133 4
443 2134 5
443 2293 10
443 2382 9
443 2421 2
443 2422 6
443 2477 2
443 2639 8
443 2665 2
443 2669 6
443 2690 6
443 2783 2
443 2874 3
443 2902 7
443 2924 4
443 2965 2
444 712 6
444 759 10
444 799 7
444 1097 8
444 1137 9
444 1221 2
444 1253 6
444 1267 1
444 1300 5
444 1332 5
444 1493 2
444 1749 4
444 1812 6
444 1855 7
444 1897 3
444 2074 6
444 2126 2
444 2230 2
444 2254 1
444 2502 8
444 2533 8
444 2654 1
444 2658 3
444 2667 8
444 2693 5
444 2735 8
444 2747 6
444 2784 1
444 2805 8
445 460 6
445 626 3
445 728 2
445 824 10
445 850 7
445 900 5
445 1058 2
445 1460 3
445 1490 3
445 1936 7
445 2095 4
445 2173 2
445 2257 8
445 2361 9
445 2477 6
445 2500 5
445 2692 7
445 2938 4
445 2949 5
446 480 10
446 781 4
446 841 5
446 862 4
446 991 1
446 1120 6
446 1193 3
446 1256 10
446 1388 9
446 1400 7
446 1463 9
446 1512 4
446 1544 5
446 1608 9
446 1639 7
446 1689 7
446 1879 10
446 1965 5
446 1969 10
446 2129 2
446 2244 7
446 2340 7
446 2511 1
446 2692 4
446 2701 3
446 2788 4
446 2801 9
446 2912 1
447 685 8
447 689 7
447 855 6
447 901 5
447 1078 9
447 1087 4
447 1110 8
447 1126 5
447 1229 8
447 1600 3
447 1652 10
447 1671 4
447 1703 7
447 1844 9
447 1880 8
447 2195 7
447 2270 9
447 2283 10
447 2413 8
447 2442 4
447 2462 4
447 2594 5
447 2660 3
447 2693 6
447 2906 4
448 502 6
448 585 10
448 703 7
448 917 3
448 1000 5
448 1105 3
448 1175 3
448 1366 3
448 1434 9
448 1832 8
448 1953 5
448 2022 7
448 2115 3
448 2139 8
448 2160 3
448 2165 9
448 2452 10
448 2715 1
448 2839 3
448 2879 1
448 2991 10
449 560 5
449 673 5
449 710 4
449 720 10
449 742 3
449 1104 5
449 1127 2
449 1164 9
449 1197 5
449 1282 7
449 1330 3
449 1421 2
449 1473 10
449 1497 8
449 1510 2
449 1603 3
449 1662 1
449 1871 8
449 1959 3
449 2313 2
449 2430 3
449 2473 10
449 2761 5
449 2809 7
449 2820 8
449 2933 8
449 2979 2
450 560 5
450 633 9
450 652 10
450 764 8
450 774 9
450 801 8
450 976 6
450 1015 4
450 1313 3
450 1346 7
450 1393 5
450 1443 2
450 1456 1
450 1457 8
450 1472 7
450 1547 4
450 1621 5
450 1673 3
450 1791 8
450 1906 2
450 1965 3
450 2134 6
450 2254 7
450 2268 6
450 2274 1
450 2325 10
450 2385 10
450 2532 4
450 2621 6
450 2687 7
450 2914 8
450 2982 2
450 2986 7
451 575 6
451 616 5
451 694 3
451 776 10
451 785 3
451 797 4
451 876 10
451 1006 2
451 1073 8
451 1091 7
451 1168 8
451 1419 10
451 1426 6
451 1504 10
451 1525 8
451 1616 9
451 1693 1
451 1794 7
451 1817 9
451 1961 9
451 2314 1
451 2355 6
451 2772 4
452 488 5
452 518 9
452 612 5
452 729 4
452 1071 6
452 1136 5
452 1145 6
452 1209 9
452 1362 7
452 1805 6
452 1837 9
452 1944 2
452 2003 6
452 2433 10
452 2481 5
452 2586 7
452 2882 9
453 494 2
453 547 7
453 738 4
453 795 4
453 862 4
453 889 1
453 927 8
453 1308 5
453 1343 6
453 1420 9
453 1567 10
453 1613 9
453 1671 9
453 1746 8
453 2010 3
453 2036 2
453 2100 1
453 2163 1
453 2200 9
453 2353 1
453 2443 4
453 2471 10
453 2710 9
453 2726 10
453 2871 3
453 2883 10
453 2945 4
453 2983 5
454 652 8
454 900 6
454 994 3
454 1197 4
454 1276 2
454 1399 1
454 1456 2
454 1477 1
454 1478 3
454 1810 9
454 2045 4
454 2061 7
454 2169 3
454 2415 9
454 2556 3
454 2564 6
454 2666 1
454 2672 5
454 2699 10
454 2847 1
454 2916 10
455 524 7
455 657 4
455 763 10
455 843 9
455 1051 6
455 1065 1
455 1142 4
455 1431 8
455 1441 10
455 1539 8
455 1550 3
455 1840 2
455 1996 3
455 2007 8
455 2035 8
455 2073 8
455 2160 5
455 2216 7
455 2301 5
455 2355 7
455 2624 1
455 2758 1
456 486 10
456 538 9
456 551 9
456 653 1
456 663 8
456 674 2
456 797 9
456 852 7
456 1194 3
456 1523 10
456 1604 10
456 1632 3
456 1692 8
456 1723 6
456 1758 9
456 1789 8
456 1870 9
456 1931 2
456 2117 2
456 2138 3
456 2238 1
456 2341 5
456 2420 8
456 2505 7
456 2655 7
456 2686 2
456 2851 1
456 2930 5
457 477 9
457 497 4
457 634 4
457 928 2
457 1024 6
457 1045 6
457 1087 1
457 1137 6
457 1236 10
457 1286 8
457 1368 3
457 1422 7
457 1474 3
457 1577 2
457 1674 6
457 1741 2
457 1765 7
457 1937 2
457 2464 5
457 2522 6
457 2569 2
457 2598 9
458 463 2
458 475 3
458 526 4
458 541 6
458 936 9
458 944 8
458 1083 9
458 1303 3
458 1476 1
458 1489 5
458 1555 9
458 1811 2
458 1844 6
458 1937 8
458 2041 8
458 2202 2
458 2268 10
458 2296 8
458 2431 7
458 2662 9
458 2673 8
458 2773 8
458 2950 8
459 711 6
459 821 1
459 843 3
459 1002 4
459 1076 9
459 1202 10
459 1265 8
459 1311 6
459 1365 6
459 1585 4
459 1595 2
459 1607 9
459 1623 4
459 1670 1
459 1926 7
459 2121 9
459 2164 9
459 2342 9
459 2407 9
459 2453 1
459 2484 2
459 2581 2
459 2673 7
459 2683 8
459 2708 6
459 2974 2
460 561 3
460 737 7
460 834 6
460 894 7
460 965 5
460 984 9
460 1200 9
460 1309 4
460 1396 9
460 1525 10
460 1570 5
460 1663 4
460 1811 3
460 1839 1
460 1938 6
460 2233 6
460 2252 7
460 2351 1
460 2558 2
460 2653 9
460 2722 9
460 2798 1
460 2858 4
460 2926 4
461 601 2
461 1210 7
461 1270 4
461 1365 1
461 1368 7
461 1441 5
461 1543 6
461 1560 3
461 1735 8
461 1770 8
461 1879 2
461 1898 7
461 2009 9
461 2125 9
461 2214 4
461 2698 4
461 2748 3
462 806 2
462 1027 1
462 1032 9
462 1040 7
462 1270 1
462 1274 5
462 1384 2
462 1629 8
462 1698 10
462 1714 4
462 1762 6
462 1830 3
462 1890 2
462 1904 4
462 1916 6
462 1994 9
462 2036 8
462 2067 1
462 2149 9
462 2203 6
462 2218 9
462 2248 3
462 2258 9
462 2295 3
462 2337 4
462 2414 3
462 2616 4
462 2622 4
462 2678 1
462 2915 1
463 649 5
463 678 1
463 949 6
463 1053 1
463 1344 2
463 1586 9
463 1826 5
463 2070 4
463 2209 1
463 2273 7
463 2285 2
463 2312 9
463 2671 5
463 2917 3
464 588 8
464 591 5
464 658 10
464 674 2
464 690 10
464 735 3
464 871 9
464 878 2
464 925 6
464 941 7
464 1264 5
464 1267 8
464 1438 5
464 1464 6
464 1503 1
464 1707 4
464 1829 8
464 1869 3
464 1929 1
464 1936 7
464 1956 7
464 2159 3
464 2202 4
464 2219 10
464 2472 2
464 2614 7
464 2868 9
465 559 3
465 611 7
465 710 8
465 827 2
465 866 2
465 1035 7
465 1307 3
465 1422 8
465 1451 3
465 1509 2
465 1654 2
465 1787 7
465 1936 5
465 2141 3
465 2157 3
465 2382 10
465 2662 1
466 484 10
466 487 8
466 591 1
466 597 3
466 715 2
466 751 10
466 908 3
466 1123 4
466 1210 5
466 1317 5
466 1333 5
466 1736 10
466 1868 8
466 1909 7
466 1957 9
466 1966 1
466 1984 7
466 2112 2
466 2156 3
466 2335 5
466 2349 10
466 2351 5
466 2558 5
466 2591 4
466 2635 6
466 2657 7
466 2659 9
466 2687 5
466 2756 5
466 2766 10
466 2775 9
466 2784 3
466 2912 4
466 2919 3
466 2977 8
467 526 7
467 714 10
467 745 2
467 811 9
467 878 7
467 914 3
467 1011 9
467 1079 9
467 1114 1
467 1141 10
467 1155 4
467 1437 4
467 1657 3
467 1801 6
467 1862 3
467 1891 5
467 1953 4
467 2084 5
467 2096 1
467 2110 8
467 2113 7
467 2173 3
467 2289 8
467 2317 4
467 2503 7
467 2660 1
467 2692 8
467 2713 2
468 629 3
468 636 1
468 650 10
468 651 2
468 727 6
468 777 9
468 871 1
468 927 2
468 1141 5
468 1227 7
468 1322 7
468 1497 4
468 1559 5
468 1663 4
468 1801 3
468 1927 6
468 2028 4
468 2128 8
468 2155 1
468 2253 7
468 2278 10
468 2310 7
468 2335 2
468 2339 7
468 2373 6
468 2394 8
468 2399 8
468 2417 9
468 2724 7
468 2783 9
468 2796 4
468 2917 2
468 2976 2
468 2994 2
469 632 10
469 663 1
469 758 10
469 823 8
469 956 10
469 972 9
469 1006 1
469 1018 2
469 1078 5
469 1125 9
469 1589 4
469 1730 8
469 1804 10
469 1948 3
469 1977 1
469 2036 3
469 2059 3
469 2280 1
469 2295 10
469 2320 2
469 2587 3
469 2732 4
469 2756 4
469 2837 7
470 488 3
470 613 10
470 794 8
470 826 6
470 894 2
470 934 5
470 940 3
470 1022 3
470 1034 9
470 1042 10
470 1072 10
470 1140 5
470 1266 4
470 1545 9
470 1744 6
470 1801 9
470 1812 4
470 1887 2
470 2085 4
470 2147 5
470 2331 3
470 2349 7
470 2404 2
470 2466 5
470 2600 10
470 2604 10
470 2631 4
470 2746 3
470 2858 2
470 2895 2
470 2941 6
471 643 2
471 673 2
471 684 7
471 717 1
471 781 8
471 844 1
471 914 2
471 1047 5
471 1090 7
471 1126 5
471 1382 7
471 1389 1
471 1482 3
471 1658 2
471 1876 4
471 1887 4
471 2017 10
471 2456 6
471 2459 10
471 2560 8
471 2620 6
471 2715 6
471 2925 6
471 2955 8
471 2966 5
471 2970 4
471 2998 10
472 505 4
472 607 8
472 1046 5
472 1068 6
472 1179 1
472 1199 10
472 1326 3
472 1366 1
472 1392 3
472 1418 5
472 1469 10
472 1517 8
472 1752 5
472 2089 3
472 2109 9
472 2183 2
472 2194 10
472 2247 4
472 2307 1
472 2336 5
472 2407 2
472 2422 6
472 2499 9
472 2897 5
473 503 9
473 542 10
473 553 6
473 609 5
473 658 5
473 683 9
473 996 8
473 1110 9
473 1178 9
473 1244 8
473 1299 10
473 1312 8
473 1482 1
473 1491 9
473 1553 8
473 1617 1
473 1627 10
473 1646 7
473 1703 9
473 1733 6
473 2013 1
473 2080 4
473 2294 5
473 2444 4
473 2449 5
473 2601 4
473 2732 6
473 2903 1
473 2960 1
473 2983 9
474 488 4
474 716 5
474 803 8
474 845 5
474 1074 8
474 1149 10
474 1206 4
474 1219 7
474 1312 2
474 1357 10
474 1634 8
474 1637 1
474 1800 4
474 1807 1
474 1931 6
474 1979 7
474 1989 5
474 2138 5
474 2168 4
474 2172 3
474 2237 9
474 2284 7
474 2376 9
474 2389 4
474 2586 8
474 2591 10
474 2597 8
474 2599 7
474 2608 8
474 2736 4
474 2895 5
475 836 5
475 991 3
475 1069 8
475 1219 5
475 1234 2
475 1662 3
475 2040 10
475 2086 10
475 2147 8
475 2197 1
475 2202 8
475 2203 4
475 2205 9
475 2243 7
475 2281 10
475 2360 8
475 2512 9
475 2608 1
475 2821 4
475 2979 10
476 559 2
476 757 4
476 847 10
476 869 5
476 1175 6
476 1176 6
476 1205 10
476 1297 3
476 1514 6
476 1718 7
476 1840 9
476 1940 2
476 2010 7
476 2193 7
476 2195 8
476 2249 9
476 2275 2
476 2569 1
476 2587 1
476 2636 4
476 2662 9
476 2722 2
476 2772 9
476 2894 5
477 481 7
477 532 7
477 619 4
477 667 6
477 692 4
477 730 2
477 756 5
477 812 4
477 819 4
477 862 10
477 902 9
477 1210 1
477 1256 10
477 1356 5
477 1393 3
477 1547 7
477 1743 2
477 1939 9
477 2119 9
477 2155 9
477 2311 8
477 2426 9
477 2429 7
477 2519 2
477 2558 3
477 2717 7
477 2740 4
477 2858 9
477 2894 5
477 2924 8
477 2950 2
477 2970 3
478 694 10
478 1158 10
478 1273 9
478 1359 9
478 1426 4
478 1509 5
478 1609 1
478 1954 2
478 2007 5
478 2155 10
478 2253 9
478 2364 7
478 2386 1
478 2402 2
478 2535 10
478 2546 7
478 2578 5
478 2779 3
478 2838 2
478 2906 1
479 658 7
479 685 8
479 737 3
479 848 2
479 892 7
479 895 9
479 969 5
479 1045 1
479 1366 1
479 1549 3
479 1571 10
479 1743 7
479 1788 1
479 1801 6
479 1974 4
479 2012 4
479 2018 5
479 2143 3
479 2146 9
479 2170 10
479 2367 6
479 2485 8
479 2581 8
479 2586 6
479 2652 2
479 2753 9
479 2906 4
480 493 4
480 622 7
480 623 8
480 730 7
480 794 9
480 1032 5
480 1034 1
480 1074 9
480 1243 7
480 1425 4
480 1451 9
480 1491 9
480 1513 8
480 1641 7
480 1666 7
480 1798 2
480 1879 6
480 1952 3
480 2054 3
480 2205 1
480 2406 7
480 2458 8
480 2522 8
480 2694 4
480 2697 5
480 2770 2
481 580 8
481 819 8
481 1175 1
481 1200 4
481 1283 2
481 1391 8
481 1397 4
481 1414 7
481 2003 8
481 2162 1
481 2254 4
481 2268 1
481 2371 4
481 2466 8
481 2506 1
481 2601 2
481 2759 1
481 2918 5
481 2974 7
482 510 9
482 540 10
482 565 10
482 576 2
482 622 9
482 643 4
482 696 8
482 748 8
482 781 4
482 821 9
482 876 10
482 899 8
482 1048 7
482 1118 1
482 1212 8
482 1300 8
482 1395 6
482 1578 8
482 1661 8
482 1770 10
482 1779 3
482 1807 1
482 1899 8
482 1988 9
482 2182 2
482 2499 10
482 2506 1
482 2611 1
482 2669 5
482 2707 3
482 2925 6
482 2964 2
483 520 1
483 593 6
483 851 4
483 1047 2
483 1370 2
483 1385 10
483 1450 7
483 1502 6
483 1524 8
483 1620 5
483 1632 3
483 1746 1
483 1750 8
483 1754 6
483 1782 3
483 1847 10
483 1921 5
483 2102 10
483 2120 9
483 2180 6
483 2325 2
483 2493 8
483 2829 2
484 609 1
484 775 8
484 825 6
484 873 6
484 1190 2
484 1659 1
484 1791 6
484 2297 4
484 2437 6
484 2620 6
484 2808 2
484 2907 2
484 2951 10
485 486 8
485 552 5
485 591 8
485 727 3
485 770 10
485 844 10
485 987 2
485 1135 5
485 1144 6
485 1283 7
485 1453 7
485 1527 5
485 1549 3
485 1885 2
485 1995 7
485 2219 1
485 2360 3
485 2433 6
485 2518 9
485 2519 10
485 2724 1
485 2929 1
486 601 1
486 672 8
486 732 9
486 1122 8
486 1283 5
486 1480 5
486 1547 8
486 1557 1
486 1646 3
486 1657 7
486 1727 1
486 1806 5
486 1827 9
486 2024 5
486 2254 10
486 2338 2
486 2362 7
486 2689 10
486 2772 6
487 520 5
487 623 1
487 675 5
487 703 7
487 769 1
487 804 9
487 871 5
487 914 10
487 993 1
487 997 4
487 1055 10
487 1123 10
487 1376 7
487 1627 8
487 1697 6
487 1864 4
487 1912 9
487 1946 5
487 1955 9
487 2332 8
487 2374 8
487 2773 9
487 2810 10
487 2820 10
488 965 9
488 1020 2
488 1032 2
488 1145 8
488 1200 10
488 1249 2
488 1474 9
488 1544 7
488 1567 4
488 1583 5
488 1826 3
488 1938 8
488 2361 8
488 2402 10
488 2537 3
488 2656 3
488 2660 9
488 2731 10
488 2766 4
488 2770 5
488 2821 7
488 2844 6
488 2867 7
489 520 6
489 636 10
489 1001 6
489 1163 5
489 1282 9
489 1286 3
489 1293 6
489 1333 9
489 1354 10
489 1735 2
489 1759 3
489 1894 8
489 1902 1
489 1942 7
489 2191 8
489 2250 5
489 2380 8
489 2444 7
489 2726 7
489 2775 10
489 2783 6
489 2889 10
489 2901 3
489 2917 7
490 520 5
490 633 10
490 636 6
490 680 6
490 761 1
490 880 9
490 974 2
490 1069 7
490 1084 5
490 1251 3
490 1346 6
490 1432 6
490 1467 5
490 1502 2
490 1565 10
490 1603 2
490 1628 5
490 1656 4
490 1786 5
490 1862 6
490 1944 8
490 2100 3
490 2114 10
490 2127 9
490 2239 8
490 2368 8
490 2442 3
490 2483 2
490 2494 5
490 2595 1
490 2787 6
490 2889 4
490 2915 9
491 586 1
491 722 6
491 771 9
491 968 6
491 989 4
491 1021 3
491 1104 10
491 1224 7
491 1286 8
491 1558 6
491 1778 7
491 1852 7
491 1957 10
491 1969 2
491 2085 1
491 2254 2
491 2351 5
491 2376 7
491 2671 6
491 2680 10
491 2750 10
491 2835 3
491 2968 3
492 604 7
492 765 3
492 792 10
492 827 8
492 867 7
492 880 3
492 980 4
492 1002 9
492 1090 8
492 1187 8
492 1240 5
492 1324 8
492 1425 9
492 1495 10
492 1544 2
492 1570 10
492 1637 4
492 1810 4
492 1932 4
492 2110 10
492 2169 6
492 2202 5
492 2353 1
492 2760 5
492 2881 1
492 2928 5
492 2969 4
493 544 1
493 582 3
493 589 6
493 590 3
493 700 3
493 1104 7
493 1240 4
493 1326 10
493 1440 1
493 1761 2
493 1893 1
493 1898 2
493 1974 3
493 1982 7
493 1984 2
493 2192 10
493 2310 1
493 2344 4
493 2418 10
493 2449 6
493 2523 9
493 2588 5
493 2597 5
493 2739 1
493 2781 9
493 2898 8
494 626 7
494 704 4
494 768 5
494 797 8
494 838 3
494 978 9
494 1177 9
494 1271 5
494 1318 6
494 1324 10
494 1375 10
494 1378 10
494 1397 4
494 1432 3
494 1511 9
494 1919 7
494 2058 4
494 2064 2
494 2095 2
494 2181 1
494 2287 4
494 2295 1
494 2311 8
494 2399 1
494 2421 8
494 2469 1
494 2605 3
494 2743 1
494 2770 6
494 2779 3
494 2999 10
495 541 8
495 543 4
495 644 2
495 680 7
495 688 5
495 737 4
495 1032 7
495 1105 2
495 1146 5
495 1200 4
495 1244 7
495 1308 4
495 1397 10
495 1437 4
495 1501 2
495 1941 6
495 1981 8
495 2056 10
495 2107 3
495 2167 1
495 2187 3
495 2255 4
495 2355 7
495 2488 5
495 2608 6
495 2666 1
495 2750 5
495 2845 10
496 546 5
496 684 4
496 688 9
496 836 4
496 851 10
496 913 2
496 1006 3
496 1277 3
496 1322 7
496 1378 5
496 1385 4
496 1502 9
496 1622 4
496 1793 1
496 2024 3
496 2026 10
496 2062 2
496 2074 5
496 2112 1
496 2182 1
496 2694 8
496 2722 4
496 2827 1
497 626 6
497 685 3
497 873 10
497 967 2
497 976 9
497 993 8
497 1019 7
497 1121 5
497 1264 5
497 1316 10
497 1378 9
497 1383 7
497 1546 8
497 1639 7
497 1669 8
497 1721 5
497 2044 9
497 2170 3
497 2371 3
497 2455 6
497 2516 3
497 2519 9
497 2864 4
498 500 1
498 767 6
498 771 1
498 824 10
498 1129 6
498 1668 1
498 1709 2
498 1724 2
498 1728 6
498 1794 7
498 2332 5
498 2486 5
498 2558 3
498 2594 2
498 2704 1
498 2748 9
498 2790 6
498 2796 5
498 2843 9
498 2986 7
499 534 4
499 762 9
499 793 3
499 815 9
499 899 4
499 1002 10
499 1136 1
499 1291 7
499 1323 3
499 1487 9
499 1633 8
499 1781 5
499 1886 9
499 1969 2
499 1989 10
499 2092 10
499 2101 9
499 2200 10
499 2398 4
499 2506 5
499 2569 9
499 2634 3
499 2728 3
499 2795 7
499 2849 10
499 2924 6
500 516 6
500 688 10
500 1061 3
500 1221 1
500 1222 2
500 1276 2
500 1480 7
500 1512 7
500 1574 4
500 1596 5
500 1662 1
500 1684 1
500 1740 10
500 1795 5
500 1820 4
500 1863 9
500 1939 7
500 2114 5
500 2179 10
500 2579 6
500 2632 5
500 2675 7
500 2721 7
500 2802 4
500 2990 3
501 576 9
501 631 9
501 670 2
501 679 3
501 840 4
501 952 2
501 1048 5
501 1123 6
501 1214 1
501 1290 2
501 1326 6
501 1357 3
501 1473 6
501 1528 6
501 1667 10
501 1793 4
501 1830 6
501 1924 7
501 2054 8
501 2104 7
501 2474 7
501 2728 10
501 2931 8
501 2977 8
501 2989 2
502 552 7
502 753 10
502 864 6
502 883 7
502 1003 7
502 1023 10
502 1122 3
502 1437 5
502 1519 3
502 1745 8
502 1799 9
502 1805 2
502 1850 9
502 1982 9
502 2051 2
502 2057 9
502 2143 2
502 2285 4
502 2301 8
502 2361 8
502 2432 3
502 2468 1
502 2728 3
503 710 10
503 765 4
503 1050 4
503 1230 3
503 1314 2
503 1382 3
503 1515 9
503 1597 3
503 1646 7
503 1679 6
503 1958 6
503 2018 1
503 2131 3
503 2191 10
503 2298 10
503 2411 1
503 2962 6
504 1237 5
504 1244 4
504 1280 7
504 1417 8
504 1572 7
504 1675 7
504 1690 4
504 1730 3
504 1824 3
504 1836 6
504 1979 4
504 1993 7
504 2420 2
504 2497 6
504 2523 9
504 2643 3
504 2706 1
504 2913 1
504 2989 6
505 809 8
505 827 2
505 879 6
505 970 10
505 1035 5
505 1113 3
505 1459 2
505 1518 7
505 1659 10
505 1690 10
505 1855 9
505 1869 7
505 1878 10
505 1934 4
505 1993 10
505 2058 8
505 2063 1
505 2065 1
505 2106 6
505 2151 9
505 2313 5
505 2336 6
505 2407 6
505 2584 5
505 2591 2
505 2709 8
505 2780 1
505 2806 1
506 573 8
506 665 10
506 782 6
506 789 5
506 814 2
506 903 10
506 1062 4
506 1081 4
506 1143 7
506 1248 5
506 1313 5
506 1353 6
506 1357 5
506 1424 5
506 1642 3
506 1847 2
506 1863 5
506 1957 1
506 2011 2
506 2042 8
506 2212 10
506 2326 5
506 2627 2
506 2675 7
506 2760 8
506 2897 1
506 2919 6
506 2995 2
507 851 9
507 1186 4
507 1221 7
507 1266 9
507 1305 10
507 1329 10
507 1490 3
507 1491 8
507 1608 6
507 1891 6
507 2065 10
507 2156 9
507 2175 6
507 2411 4
507 2508 5
507 2543 8
507 2732 2
507 2742 6
507 2787 1
507 2963 8
508 755 10
508 934 7
508 950 4
508 961 1
508 1004 10
508 1032 3
508 1103 7
508 1113 10
508 1206 1
508 1239 7
508 1259 10
508 1269 2
508 1306 3
508 1361 5
508 1389 8
508 1439 7
508 1480 6
508 1653 4
508 1694 8
508 1706 5
508 1796 2
508 1832 2
508 2448 2
508 2505 1
508 2508 2
508 2574 8
508 2756 7
508 2808 2
509 560 2
509 673 3
509 1090 7
509 1118 3
509 1278 3
509 1365 2
509 1666 7
509 1715 10
509 1737 1
509 1988 10
509 2205 4
509 2431 2
509 2443 9
509 2446 9
509 2633 6
509 2741 9
509 2926 5
509 2958 2
510 591 3
510 639 10
510 658 4
510 679 9
510 783 7
510 983 6
510 1048 10
510 1135 6
510 1241 9
510 1303 5
510 1339 3
510 1364 2
510 1470 2
510 1474 5
510 1524 6
510 1546 6
510 1585 6
510 1599 10
510 1739 8
510 1742 8
510 2050 4
510 2212 3
510 2246 10
510 2342 10
510 2511 2
510 2536 2
510 2874 3
510 2909 7
510 2919 1
511 730 3
511 740 4
511 781 6
511 789 3
511 793 9
511 902 7
511 972 9
511 1330 10
511 1334 3
511 1544 9
511 1644 7
511 1645 2
511 1777 10
511 1779 7
511 1914 10
511 1928 2
511 2042 1
511 2194 5
511 2211 5
511 2215 6
511 2231 2
511 2534 6
511 2566 6
511 2637 10
511 2940 2
511 2981 6
512 612 1
512 675 7
512 706 10
512 807 7
512 814 7
512 891 4
512 893 9
512 1072 9
512 1227 4
512 1280 3
512 1635 2
512 1659 10
512 1669 9
512 1705 9
512 1711 1
512 1783 7
512 1803 2
512 1825 9
512 1841 10
512 2117 4
512 2173 9
512 2205 9
512 2246 5
512 2442 7
512 2472 7
512 2587 7
512 2611 1
512 2642 3
512 2748 8
512 2877 8
512 2961 2
513 767 9
513 794 1
513 797 5
513 952 6
513 1039 2
513 1348 6
513 1594 1
513 1601 2
513 1710 7
513 1758 2
513 1759 7
513 1834 8
513 1854 1
513 1861 7
513 1942 1
513 1983 1
513 1989 8
513 1998 2
513 2056 7
513 2067 3
513 2142 9
513 2172 4
513 2318 3
513 2447 2
513 2476 4
513 2582 10
513 2613 2
513 2647 9
513 2674 9
513 2681 5
513 2787 4
513 2827 9
513 2872 3
513 2974 5
514 539 3
514 562 8
514 610 1
514 903 7
514 992 7
514 1385 9
514 1628 4
514 1637 5
514 1645 8
514 1709 6
514 1752 6
514 1771 7
514 2503 3
514 2520 10
514 2624 10
514 2921 3
515 532 8
515 577 7
515 912 9
515 1044 7
515 1073 4
515 1118 5
515 1287 4
515 1402 4
515 1482 3
515 1678 6
515 1702 5
515 1714 10
515 2141 6
515 2260 5
515 2578 4
515 2715 5
515 2876 2
516 593 4
516 857 10
516 859 6
516 1062 7
516 1700 7
516 1912 10
516 1961 3
516 2007 7
516 2025 3
516 2118 4
516 2137 5
516 2254 5
516 2275 2
516 2362 9
516 2463 9
516 2534 6
516 2552 7
516 2655 4
516 2683 9
516 2701 8
516 2774 10
516 2928 2
516 2940 6
516 2943 1
517 554 5
517 617 4
517 677 1
517 709 1
517 821 2
517 887 7
517 904 6
517 955 2
517 1001 6
517 1116 7
517 1228 6
517 1312 9
517 1355 10
517 1425 6
517 1443 4
517 1471 7
517 1473 9
517 1497 9
517 1601 7
517 1788 2
517 1853 10
517 1893 7
517 2358 3
517 2444 5
517 2457 1
517 2504 1
517 2507 6
517 2521 3
517 2536 5
517 2587 8
517 2712 4
517 2762 3
517 2890 1
518 705 6
518 786 1
518 979 9
518 992 1
518 1013 2
518 1376 9
518 1399 10
518 1401 10
518 1808 8
518 1870 5
518 1919 3
518 1923 5
518 1967 1
518 2078 1
518 2316 1
518 2563 8
518 2606 4
518 2777 6
518 2892 3
519 542 1
519 618 1
519 641 6
519 715 3
519 823 1
519 882 7
519 933 2
519 1027 3
519 1096 10
519 1101 2
519 1143 4
519 1227 4
519 1243 4
519 1272 10
519 1326 10
519 1494 10
519 1531 7
519 1672 4
519 1850 10
519 2008 8
519 2071 2
519 2178 9
519 2561 7
519 2733 3
520 579 3
520 719 4
520 743 3
520 985 10
520 1341 3
520 1423 9
520 1447 10
520 1571 6
520 1642 1
520 1654 1
520 1695 8
520 1854 4
520 1961 6
520 1963 2
520 1965 3
520 2156 2
520 2223 9
520 2305 7
520 2308 5
520 2335 7
520 2346 8
520 2364 4
520 2989 10
521 650 7
521 724 9
521 729 9
521 865 5
521 1057 9
521 1110 9
521 1203 1
521 1569 4
521 1655 3
521 1940 1
521 1982 2
521 1987 2
521 1996 1
521 2000 9
521 2317 3
521 2376 5
521 2435 5
521 2495 5
521 2507 7
521 2765 2
521 2769 4
521 2775 4
521 2784 3
521 2867 7
522 553 9
522 558 2
522 809 1
522 886 3
522 1097 8
522 1104 6
522 1352 7
522 1406 8
522 1506 3
522 1650 8
522 1690 8
522 1839 1
522 1946 1
522 2072 2
522 2215 3
522 2296 1
522 2339 2
522 2502 8
522 2552 10
522 2658 5
522 2879 9
522 2914 7
523 601 7
523 682 3
523 713 2
523 1106 7
523 1137 2
523 1178 5
523 1227 1
523 1263 3
523 1324 4
523 1443 8
523 1551 1
523 1761 4
523 1771 3
523 1785 4
523 1879 2
523 1925 6
523 1991 4
523 2283 6
523 2294 6
523 2385 5
523 2581 10
523 2767 5
523 2943 2
523 2976 8
524 562 5
524 672 8
524 772 5
524 1078 3
524 1095 7
524 1215 4
524 1254 5
524 1386 7
524 1414 3
524 1443 9
524 1653 8
524 1667 1
524 1701 6
524 1788 6
524 2208 9
524 2215 1
524 2249 1
524 2436 4
524 2567 3
524 2632 10
524 2642 2
524 2721 6
524 2772 7
525 570 10
525 614 4
525 624 1
525 744 1
525 923 4
525 1140 2
525 1177 5
525 1181 3
525 1184 1
525 1233 9
525 1255 7
525 1269 8
525 1313 4
525 1375 3
525 1678 4
525 1720 2
525 1732 9
525 1754 4
525 1755 10
525 1793 10
525 1921 4
525 1985 9
525 2022 2
525 2089 8
525 2422 6
525 2590 4
525 2603 4
525 2616 8
525 2709 5
525 2950 3
526 579 6
526 581 7
526 585 5
526 640 4
526 691 9
526 900 1
526 1114 3
526 1162 10
526 1249 9
526 1365 9
526 1448 5
526 1463 7
526 1466 9
526 1574 3
526 1787 6
526 1819 3
526 1948 2
526 1951 7
526 2121 6
526 2137 8
526 2283 4
526 2413 1
526 2562 2
526 2568 8
526 2760 2
526 2778 2
526 2874 6
526 2926 10
526 2996 10
527 740 9
527 753 10
527 929 7
527 1085 4
527 1154 2
527 1213 7
527 1298 10
527 1305 7
527 1646 7
527 1662 2
527 1696 7
527 1801 2
527 2386 10
527 2424 8
527 2681 5
527 2761 7
528 554 7
528 661 7
528 900 2
528 1028 6
528 1118 7
528 1129 1
528 1144 8
528 1220 8
528 1399 3
528 1467 8
528 1468 10
528 1538 6
528 1660 2
528 1753 4
528 1779 7
528 1793 2
528 1842 3
528 1987 3
528 2077 6
528 2303 9
528 2482 9
528 2693 10
528 2727 1
528 2731 7
528 2794 8
528 2847 2
528 2882 3
528 2988 1
528 2989 6
528 2992 2
529 555 5
529 816 10
529 934 6
529 940 8
529 1109 1
529 1274 10
529 1585 7
529 1678 4
529 1706 3
529 1833 4
529 1844 7
529 2039 6
529 2062 10
529 2130 9
529 2261 8
529 2309 2
529 2505 2
529 2548 3
529 2620 1
529 2642 5
529 2673 5
529 2680 4
529 2782 8
529 2786 8
529 2825 7
529 2890 4
529 2975 4
529 2998 8
530 550 1
530 661 8
530 886 7
530 954 3
530 995 10
530 1046 3
530 1139 7
530 1412 6
530 1805 1
530 1833 5
530 1868 10
530 2431 2
530 2593 9
530 2734 8
531 613 4
531 741 8
531 754 5
531 813 6
531 891 6
531 916 3
531 926 8
531 1107 8
531 1173 5
531 1230 8
531 1244 9
531 1270 4
531 1322 5
531 1417 2
531 1451 8
531 1615 3
531 1622 2
531 1644 9
531 1658 8
531 1746 9
531 1817 4
531 2186 2
531 2342 6
531 2558 5
531 2585 5
531 2626 1
531 2919 10
531 2931 6
531 2955 3
532 756 2
532 758 6
532 783 3
532 890 6
532 1090 9
532 1130 1
532 1167 1
532 1237 3
532 1324 8
532 1364 9
532 1365 3
532 1432 8
532 1685 7
532 1783 9
532 1956 8
532 2028 1
532 2286 6
532 2395 2
532 2438 10
532 2541 4
532 2575 7
532 2661 9
532 2670 8
532 2961 10
533 627 6
533 658 10
533 713 7
533 918 3
533 1168 3
533 1215 4
533 1240 4
533 1251 8
533 1440 4
533 1481 8
533 1504 9
533 1595 10
533 1754 2
533 1952 4
533 2084 6
533 2096 8
533 2098 8
533 2099 6
533 2348 3
533 2391 9
533 2601 1
533 2765 5
533 2785 1
533 2820 5
533 2893 1
533 2894 6
534 577 4
534 730 1
534 824 5
534 835 10
534 874 3
534 984 5
534 1210 8
534 1277 3
534 1336 9
534 1358 3
534 1597 7
534 1773 8
534 1784 5
534 1810 8
534 1918 3
534 1938 1
534 1951 7
534 2239 6
534 2242 9
534 2329 7
534 2390 2
534 2416 4
534 2424 2
534 2440 5
534 2626 7
534 2713 5
534 2745 9
534 2844 9
534 2845 3
534 2855 1
534 2959 8
535 574 2
535 658 1
535 870 7
535 876 9
535 960 3
535 1250 1
535 1453 9
535 1458 5
535 1704 2
535 1871 10
535 2107 2
535 2145 3
535 2311 9
535 2444 5
535 2504 9
535 2744 2
535 2758 3
535 2840 3
536 567 1
536 650 1
536 686 2
536 697 4
536 901 8
536 1135 3
536 1184 3
536 1211 6
536 1446 10
536 1470 8
536 1499 4
536 1600 10
536 1658 7
536 1802 4
536 1906 3
536 2105 3
536 2172 2
536 2201 5
536 2213 1
536 2325 6
536 2437 10
536 2544 9
536 2627 6
536 2699 1
536 2710 10
536 2736 10
536 2818 5
536 2854 5
536 2941 2
536 2972 2
537 718 1
537 729 5
537 740 10
537 813 6
537 861 1
537 890 2
537 1383 9
537 1429 5
537 1513 1
537 1526 8
537 1575 6
537 1645 1
537 1647 10
537 1778 5
537 1784 9
537 1812 6
537 1964 8
537 2077 10
537 2148 8
537 2151 9
537 2166 10
537 2239 10
537 2456 7
537 2499 3
537 2583 8
537 2634 1
537 2680 8
537 2708 7
537 2790 2
537 2869 1
537 2900 10
537 2963 3
538 541 7
538 841 9
538 849 8
538 851 2
538 907 8
538 930 5
538 1032 3
538 1234 6
538 1344 6
538 1351 1
538 1431 7
538 1553 1
538 1560 3
538 1601 8
538 1805 6
538 1811 9
538 2065 3
538 2090 8
538 2322 2
538 2584 9
538 2777 10
538 2826 2
538 2828 1
539 645 10
539 728 7
539 941 10
539 987 2
539 1031 10
539 1185 6
539 1312 10
539 1362 6
539 1452 9
539 1529 6
539 1630 10
539 1648 5
539 1727 2
539 1973 9
539 2079 6
539 2084 6
539 2115 6
539 2276 1
539 2311 5
539 2346 9
539 2350 7
539 2909 10
539 2973 6
540 615 6
540 748 5
540 783 10
540 843 5
540 1314 4
540 1535 8
540 1702 5
540 1944 4
540 1947 8
540 2256 8
540 2372 3
540 2428 8
540 2487 9
540 2548 2
540 2633 10
540 2744 4
540 2771 5
540 2805 3
540 2809 7
541 681 7
541 718 4
541 723 10
541 816 2
541 864 4
541 1059 8
541 1084 4
541 1366 1
541 1549 4
541 1608 2
541 1652 10
541 1734 1
541 1822 1
541 1892 2
541 1915 9
541 1927 6
541 1932 9
541 2296 6
541 2329 4
541 2615 6
541 2678 9
541 2791 7
541 2807 7
541 2879 1
542 659 9
542 678 6
542 718 6
542 720 6
542 800 8
542 962 1
542 1010 5
542 1016 7
542 1168 8
542 1419 3
542 1460 2
542 1525 9
542 1551 5
542 1645 6
542 1773 7
542 1832 6
542 1950 3
542 1977 5
542 2086 7
542 2101 5
542 2203 5
542 2257 4
542 2259 6
542 2310 3
542 2320 3
542 2360 1
542 2603 7
542 2841 8
542 2864 2
543 575 6
543 790 3
543 1021 1
543 1055 10
543 1104 6
543 1120 2
543 1175 2
543 1182 3
543 1252 10
543 1298 3
543 1311 10
543 1343 2
543 1430 7
543 1463 10
543 1616 3
543 1625 9
543 1641 9
543 1846 10
543 1989 8
543 2022 2
543 2054 10
543 2069 2
543 2148 1
543 2159 8
543 2457 6
543 2533 3
543 2635 6
543 2675 9
543 2722 3
543 2767 8
543 2773 1
543 2815 5
543 2953 6
544 816 4
544 828 2
544 892 4
544 903 2
544 970 6
544 1114 3
544 1188 9
544 1495 1
544 1517 7
544 1521 2
544 1646 9
544 1679 9
544 1917 6
544 2123 6
544 2133 10
544 2687 10
544 2697 3
544 2804 4
544 2994 1
545 621 6
545 680 2
545 1054 10
545 1083 8
545 1236 1
545 1304 2
545 1311 9
545 1320 10
545 1442 6
545 1598 1
545 1775 2
545 1823 4
545 1886 6
545 2137 8
545 2199 10
545 2471 1
545 2487 8
545 2510 8
545 2521 5
545 2577 2
545 2651 6
545 2732 8
545 2739 2
545 2740 3
545 2763 3
545 2806 10
545 2974 8
545 2987 6
546 853 5
546 859 9
546 897 10
546 1073 1
546 1142 8
546 1243 1
546 1257 7
546 1363 5
546 1446 6
546 1455 7
546 1546 5
546 1638 10
546 1710 8
546 1877 4
546 1905 9
546 2051 8
546 2090 5
546 2113 4
546 2270 2
546 2379 6
546 2396 8
546 2519 8
546 2540 3
546 2589 8
546 2665 9
546 2715 1
547 619 3
547 887 2
547 910 4
547 942 2
547 1139 9
547 1151 7
547 1235 8
547 1352 6
547 1392 9
547 1507 10
547 1603 5
547 1666 5
547 1741 2
547 2030 4
547 2042 9
547 2095 10
547 2144 5
547 2265 6
547 2329 2
547 2405 5
547 2453 3
547 2519 6
547 2632 5
547 2764 10
547 2806 6
547 2897 3
548 602 1
548 759 4
548 924 10
548 1292 9
548 1321 5
548 1415 5
548 1641 6
548 1810 7
548 1847 1
548 2013 1
548 2037 1
548 2280 6
548 2321 10
548 2471 9
548 2492 9
548 2566 8
548 2792 3
549 552 7
549 745 5
549 1012 9
549 1082 8
549 1096 8
549 1197 9
549 1278 1
549 1472 3
549 1490 2
549 1521 10
549 1611 8
549 1622 1
549 1753 10
549 1782 9
549 1973 4
549 2097 9
549 2217 3
549 2322 9
549 2723 3
549 2858 2
549 2900 6
550 594 1
550 617 10
550 790 6
550 824 1
550 873 4
550 1027 1
550 1045 4
550 1263 3
550 1505 4
550 1657 7
550 1712 3
550 1717 2
550 1814 9
550 1824 5
550 2018 2
550 2469 2
550 2495 3
550 2895 8
550 2931 8
550 2985 1
551 711 5
551 760 9
551 942 8
551 1098 8
551 1496 6
551 1566 8
551 1582 2
551 1677 10
551 1826 2
551 1910 9
551 1918 8
551 2065 1
551 2410 6
551 2422 2
551 2478 8
551 2532 1
551 2702 8
551 2789 9
551 2846 3
551 2848 8
551 2973 5
552 573 1
552 581 7
552 600 2
552 712 10
552 750 10
552 793 6
552 864 10
552 1135 4
552 1239 6
552 1315 5
552 1322 7
552 1338 3
552 1358 7
552 1425 9
552 1468 10
552 1504 7
552 1735 2
552 1837 5
552 1884 9
552 2032 3
552 2038 3
552 2153 1
552 2176 10
552 2338 6
552 2356 1
552 2399 8
552 2583 3
552 2622 1
552 2734 9
552 2825 2
552 2828 5
552 2965 5
553 861 4
553 998 9
553 1048 2
553 1090 3
553 1174 4
553 1190 9
553 1771 3
553 1808 3
553 1854 10
553 1992 9
553 2130 10
553 2134 6
553 2154 8
553 2161 3
553 2196 5
553 2271 3
553 2314 7
553 2324 6
553 2365 1
553 2438 7
553 2499 6
553 2525 5
553 2548 8
553 2658 9
554 598 5
554 616 4
554 634 3
554 687 1
554 726 1
554 747 9
554 792 9
554 828 8
554 1049 9
554 1079 6
554 1097 4
554 1201 1
554 1204 1
554 1206 6
554 1236 2
554 1255 3
554 1450 3
554 1489 2
554 1741 7
554 1786 10
554 1873 8
554 1922 1
554 1977 5
554 2018 7
554 2433 2
554 2489 6
554 2533 7
554 2738 7
554 2793 2
554 2830 4
554 2853 5
555 561 4
555 609 6
555 614 2
555 639 2
555 923 3
555 1172 1
555 1181 1
555 1184 9
555 1493 1
555 1560 7
555 1603 9
555 1760 6
555 1851 5
555 1934 8
555 2493 5
555 2537 2
555 2611 5
555 2667 7
555 2724 8
555 2742 8
556 601 3
556 611 8
556 711 10
556 769 3
556 775 2
556 789 7
556 904 7
556 1044 9
556 1293 8
556 1327 10
556 1376 6
556 1479 2
556 1558 2
556 1646 8
556 1837 7
556 1985 1
556 1989 6
556 2028 9
556 2095 2
556 2185 8
556 2293 4
556 2362 2
556 2672 6
556 2766 3
556 2780 2
557 572 9
557 610 8
557 664 7
557 773 6
557 843 5
557 987 4
557 1016 9
557 1036 5
557 1231 3
557 1371 3
557 1392 2
557 1607 1
557 1657 4
557 1661 9
557 1845 1
557 1902 8
557 1910 4
557 2066 3
557 2116 10
557 2308 2
557 2460 5
557 2478 8
557 2560 2
557 2573 1
557 2712 2
557 2781 7
558 694 8
558 824 3
558 858 6
558 947 3
558 957 9
558 1009 10
558 1086 7
558 1174 6
558 1175 7
558 1328 9
558 1703 9
558 1759 3
558 1898 9
558 1952 5
558 2187 7
558 2380 4
558 2449 6
558 2533 5
558 2559 4
558 2589 5
559 617 1
559 642 5
559 820 3
559 942 8
559 1023 2
559 1070 6
559 1091 4
559 1156 6
559 1250 3
559 1278 5
559 1331 1
559 1632 9
559 1656 10
559 1704 6
559 1769 6
559 1854 1
559 1975 8
559 2172 8
559 2214 8
559 2444 3
559 2747 3
559 2766 4
560 567 9
560 626 7
560 672 10
560 697 6
560 837 10
560 1022 9
560 1034 8
560 1064 3
560 1469 9
560 1475 10
560 1692 9
560 1709 7
560 1778 10
560 1814 6
560 1984 3
560 2033 10
560 2141 2
560 2173 8
560 2386 3
560 2462 4
560 2515 4
560 2550 2
560 2880 5
561 622 3
561 657 4
561 709 1
561 718 6
561 771 4
561 913 4
561 1029 2
561 1198 4
561 1229 5
561 1510 9
561 1587 2
561 1747 1
561 1923 8
561 1967 3
561 2012 3
561 2089 5
561 2205 10
561 2275 9
561 2339 8
561 2397 8
561 2423 10
561 2625 10
561 2651 4
561 2665 3
561 2708 8
561 2884 1
561 2908 2
561 2958 9
562 611 9
562 736 8
562 762 8
562 763 3
562 859 9
562 879 5
562 932 5
562 995 5
562 1085 6
562 1129 8
562 1144 2
562 1204 4
562 1221 4
562 1299 9
562 1304 3
562 1399 1
562 1478 9
562 1569 10
562 1699 4
562 1774 4
562 2018 4
562 2135 5
562 2199 5
562 2285 2
562 2400 3
562 2514 1
562 2655 8
562 2759 9
562 2836 4
562 2938 7
562 2951 6
563 645 7
563 1100 9
563 1233 7
563 1327 6
563 1521 7
563 1563 7
563 1572 2
563 1600 5
563 1605 4
563 1869 4
563 2061 7
563 2070 9
563 2217 9
563 2316 4
563 2409 9
563 2503 1
563 2509 4
563 2595 9
563 2788 4
563 2869 6
563 2887 7
563 2893 1
563 2902 2
564 713 9
564 720 8
564 818 1
564 971 7
564 981 4
564 1231 7
564 1270 2
564 1391 6
564 1438 7
564 1786 3
564 1815 2
564 1855 1
564 2196 9
564 2379 8
564 2396 7
564 2731 9
564 2980 7
565 715 5
565 867 4
565 879 8
565 1040 9
565 1122 8
565 1135 5
565 1141 1
565 1394 7
565 1444 3
565 1501 1
565 1555 4
565 1576 3
565 1686 1
565 1855 8
565 1865 6
565 1878 3
565 1939 8
565 2014 8
565 2210 7
565 2222 4
565 2249 7
565 2252 8
565 2274 3
565 2514 1
565 2814 6
565 2978 6
566 578 7
566 674 7
566 792 10
566 849 9
566 1049 5
566 1497 5
566 1899 6
566 1908 5
566 1926 5
566 1968 6
566 2189 7
566 2296 2
566 2460 3
566 2495 10
566 2700 10
566 2824 4
566 2860 5
566 2946 3
566 2951 5
567 802 3
567 908 10
567 1106 3
567 1152 6
567 1177 5
567 1242 5
567 1284 10
567 1527 2
567 1902 4
567 1915 7
567 2097 6
567 2303 8
567 2430 7
567 2460 3
567 2652 1
567 2683 10
567 2719 5
567 2767 9
567 2854 9
567 2941 3
567 2957 6
568 681 7
568 759 5
568 799 8
568 861 7
568 1043 9
568 1160 4
568 1186 8
568 1208 5
568 1260 9
568 1280 4
568 1283 1
568 1382 1
568 1412 8
568 1621 4
568 1627 10
568 1641 10
568 1691 4
568 1983 5
568 2118 7
568 2190 6
568 2547 8
568 2555 4
568 2596 10
568 2603 7
568 2618 3
568 2805 6
568 2868 7
568 2870 10
569 604 8
569 974 7
569 996 3
569 1239 3
569 1344 9
569 1356 6
569 1361 3
569 1467 4
569 1469 8
569 1498 4
569 1573 5
569 1717 7
569 1831 2
569 1938 5
569 2096 5
569 2161 1
569 2431 4
569 2709 4
569 2736 1
569 2858 2
569 2866 10
569 2949 9
570 583 4
570 680 9
570 703 3
570 888 8
570 925 6
570 1061 8
570 1062 5
570 1441 9
570 1465 7
570 1486 3
570 1968 7
570 2116 9
570 2206 6
570 2344 7
570 2444 2
570 2602 6
570 2678 7
570 2692 2
570 2738 4
570 2773 6
570 2774 1
570 2776 6
570 2870 1
570 2893 9
570 2968 4
571 598 1
571 927 5
571 1001 2
571 1054 4
571 1313 9
571 1327 8
571 1330 1
571 1447 9
571 1505 4
571 1542 10
571 1611 9
571 1781 6
571 1892 1
571 1947 8
571 1977 4
571 2039 10
571 2050 5
571 2075 6
571 2081 6
571 2090 5
571 2230 5
571 2261 5
571 2292 4
571 2331 9
571 2502 9
571 2528 5
571 2552 7
571 2566 6
571 2686 9
571 2741 3
571 2956 4
572 780 3
572 841 3
572 1121 9
572 1128 8
572 1222 7
572 1414 1
572 1595 6
572 1619 7
572 2173 3
572 2197 3
572 2308 1
572 2342 1
572 2969 9
572 2980 6
573 593 1
573 598 7
573 726 6
573 941 7
573 1042 6
573 1202 6
573 1354 1
573 1388 7
573 1585 5
573 1730 5
573 1792 8
573 1888 6
573 1904 3
573 1954 7
573 2010 3
573 2079 3
573 2105 6
573 2355 6
573 2491 6
573 2659 8
573 2744 6
573 2760 9
573 2830 7
573 2908 10
573 2943 5
573 2954 9
574 583 5
574 616 6
574 707 7
574 815 2
574 935 1
574 1020 10
574 1046 2
574 1052 5
574 1327 6
574 1364 2
574 1507 5
574 1567 6
574 1616 8
574 1947 7
574 1996 3
574 2190 4
574 2300 9
574 2302 10
574 2447 10
574 2663 8
574 2886 9
574 2908 4
574 2911 5
575 697 9
575 744 3
575 855 2
575 873 1
575 1061 3
575 1081 10
575 1147 9
575 1149 1
575 1548 1
575 1747 4
575 1970 6
575 2127 10
575 2450 2
575 2511 9
575 2702 4
575 2849 5
575 2892 2
575 2987 7
576 577 2
576 1059 8
576 1146 5
576 1263 10
576 1340 5
576 1453 3
576 1461 3
576 1673 1
576 1713 10
576 1720 7
576 2047 10
576 2064 8
576 2083 9
576 2088 2
576 2285 2
576 2459 10
576 2533 2
576 2703 8
576 2805 4
576 2963 4
577 671 3
577 687 5
577 698 7
577 863 6
577 937 4
577 939 5
577 946 9
577 948 8
577 1048 7
577 1073 1
577 1175 10
577 1376 5
577 1381 2
577 1576 6
577 1600 10
577 1714 2
577 1766 8
577 2438 9
577 2673 5
577 2767 6
577 2790 7
577 2879 10
577 2920 7
578 625 9
578 986 7
578 1310 2
578 1417 1
578 1482 3
578 1582 3
578 1679 7
578 2243 5
578 2312 10
578 2359 1
578 2468 6
578 2491 5
578 2504 7
578 2554 1
578 2685 8
578 2727 1
578 2791 1
578 2949 5
579 586 3
579 596 6
579 685 10
579 901 2
579 999 6
579 1236 5
579 1293 2
579 1358 9
579 1681 8
579 1768 2
579 2075 5
579 2105 4
579 2233 3
579 2348 4
579 2400 6
579 2463 9
579 2695 4
579 2727 10
579 2772 7
579 2855 4
580 606 3
580 635 1
580 785 6
580 828 5
580 891 7
580 952 3
580 1070 10
580 1080 2
580 1330 9
580 1338 10
580 1562 10
580 1645 2
580 1706 10
580 1730 4
580 1847 7
580 1848 2
580 1855 2
580 1890 8
580 2082 6
580 2090 4
580 2121 9
580 2325 5
580 2478 10
580 2785 1
580 2907 6
580 2946 1
581 594 8
581 606 4
581 640 1
581 777 2
581 910 2
581 1030 2
581 1118 10
581 1157 7
581 1233 5
581 1307 10
581 1710 1
581 1897 2
581 2041 10
581 2069 9
581 2212 1
581 2237 2
581 2442 9
581 2459 6
581 2506 4
581 2689 7
581 2718 10
581 2858 7
581 2922 3
581 2972 5
582 717 5
582 769 4
582 819 10
582 950 1
582 1120 1
582 1168 2
582 1380 6
582 1433 1
582 1485 9
582 1521 1
582 1575 3
582 1598 8
582 1631 9
582 1666 3
582 1699 8
582 1834 2
582 1869 1
582 2025 10
582 2084 1
582 2327 2
582 2478 3
582 2525 10
582 2618 9
582 2623 10
582 2652 9
582 2732 3
582 2835 5
582 2840 2
583 654 1
583 742 3
583 768 10
583 846 2
583 869 2
583 914 6
583 929 5
583 945 1
583 1028 5
583 1387 9
583 1749 10
583 1959 2
583 2019 5
583 2064 2
583 2100 5
583 2173 2
583 2218 8
583 2411 6
583 2764 8
583 2898 7
583 2932 8
584 599 9
584 694 4
584 739 8
584 780 8
584 829 4
584 1170 7
584 1509 1
584 1532 1
584 1565 6
584 1622 5
584 1625 4
584 1641 1
584 1802 7
584 1834 9
584 1928 3
584 1937 9
584 1963 1
584 1973 8
584 2148 7
584 2342 2
584 2363 4
584 2439 6
584 2461 3
584 2482 4
584 2534 10
584 2544 8
584 2928 10
585 608 9
585 615 6
585 674 2
585 676 6
585 759 6
585 840 6
585 907 3
585 1034 10
585 1062 10
585 1077 7
585 1136 7
585 1146 7
585 1156 5
585 1170 9
585 1306 7
585 1309 7
585 1512 6
585 1788 6
585 1965 1
585 2043 9
585 2107 9
585 2348 6
585 2381 6
585 2401 3
585 2630 9
585 2673 1
585 2674 6
585 2800 2
585 2969 4
585 2983 1
586 631 3
586 690 6
586 708 2
586 830 2
586 857 4
586 920 7
586 998 1
586 1037 10
586 1176 6
586 1260 10
586 1311 6
586 1446 4
586 1734 6
586 1941 1
586 1969 1
586 2172 8
586 2228 6
586 2251 10
586 2345 1
586 2444 7
586 2596 10
586 2598 10
586 2639 7
586 2867 8
586 2934 6
586 2990 6
587 918 8
587 946 6
587 968 6
587 1055 1
587 1152 7
587 1422 7
587 1521 10
587 1692 9
587 1701 7
587 1751 6
587 1914 9
587 1971 8
587 1992 1
587 2129 10
587 2232 1
587 2254 5
587 2278 3
587 2297 7
587 2382 6
587 2386 8
587 2446 7
587 2471 2
587 2518 8
587 2592 5
587 2658 5
587 2804 5
587 2848 6
587 2861 4
587 2911 4
588 732 3
588 810 3
588 1003 4
588 1086 4
588 1131 6
588 1213 4
588 1265 9
588 1318 8
588 1583 9
588 1651 1
588 1810 4
588 2012 7
588 2204 7
588 2233 9
588 2733 5
588 2826 4
588 2836 1
589 882 3
589 898 9
589 978 4
589 997 1
589 1052 8
589 1073 10
589 1087 4
589 1117 7
589 1155 10
589 1277 3
589 1341 2
589 1434 2
589 1655 1
589 1737 6
589 1790 2
589 1833 4
589 1876 4
589 1880 5
589 1970 3
589 2201 1
589 2214 8
589 2371 1
589 2476 1
589 2639 9
589 2679 9
589 2952 1
590 648 10
590 726 4
590 792 10
590 934 5
590 1063 1
590 1078 1
590 1132 2
590 1136 7
590 1183 3
590 1213 5
590 1329 3
590 1347 5
590 1484 4
590 1533 9
590 1558 6
590 1610 4
590 1645 5
590 1656 2
590 1786 5
590 2142 5
590 2207 4
590 2249 7
590 2252 5
590 2309 8
590 2412 5
590 2433 3
590 2478 4
590 2663 2
590 2911 6
591 692 6
591 774 6
591 956 7
591 1067 10
591 1084 1
591 1094 9
591 1268 5
591 1324 10
591 1348 7
591 1469 8
591 1704 6
591 1746 7
591 1785 4
591 1857 6
591 1943 4
591 1977 5
591 2017 5
591 2089 3
591 2131 5
591 2198 3
591 2271 10
591 2470 1
591 2613 2
591 2622 6
591 2721 9
591 2828 10
591 2869 2
591 2873 4
591 2890 1
591 2955 7
591 2974 2
592 809 3
592 1044 6
592 1085 4
592 1148 6
592 1191 10
592 1423 7
592 1484 9
592 1513 6
592 1514 8
592 1556 2
592 1565 2
592 1568 9
592 1591 9
592 1653 5
592 1675 7
592 1679 10
592 1697 2
592 1711 5
592 1814 2
592 1820 5
592 1900 9
592 1908 9
592 2224 1
592 2284 3
592 2317 2
592 2336 1
592 2424 7
592 2498 7
592 2503 6
592 2536 9
592 2612 10
592 2742 10
592 2801 10
592 2810 1
592 2851 5
592 2904 4
592 2935 5
592 2950 8
592 2956 9
592 2972 1
592 2978 7
593 881 6
593 887 4
593 896 4
593 901 4
593 1067 8
593 1073 3
593 1074 8
593 1182 3
593 1256 9
593 1329 9
593 1477 7
593 1670 5
593 1707 4
593 1720 2
593 1897 2
593 1914 4
593 1995 3
593 2019 7
593 2045 7
593 2173 3
593 2182 3
593 2247 10
593 2616 4
593 2645 4
593 2782 9
593 2784 7
593 2981 7
594 607 1
594 649 3
594 686 6
594 689 4
594 772 3
594 800 7
594 829 5
594 926 1
594 937 4
594 965 8
594 989 3
594 1146 8
594 1225 4
594 1248 1
594 1315 4
594 1379 2
594 1380 10
594 2001 7
594 2168 3
594 2264 2
594 2315 1
594 2362 4
594 2593 1
594 2614 2
594 2662 3
594 2850 2
594 2859 8
594 2873 6
594 2957 3
595 836 7
595 850 10
595 862 8
595 882 2
595 1171 5
595 1494 9
595 1502 4
595 1768 1
595 1824 2
595 1916 6
595 1918 8
595 1978 9
595 1983 2
595 2301 4
595 2311 6
595 2316 7
595 2351 4
595 2583 8
595 2746 3
595 2766 10
595 2940 7
595 2943 1
596 658 8
596 897 3
596 931 2
596 968 3
596 1079 7
596 1191 2
596 1285 7
596 1290 6
596 1504 7
596 1733 1
596 1751 5
596 1868 6
596 1943 5
596 2007 6
596 2058 9
596 2133 6
596 2151 7
596 2219 4
596 2226 9
596 2282 9
596 2390 5
596 2419 8
596 2443 3
596 2469 5
596 2680 7
596 2683 4
596 2960 4
597 603 8
597 682 2
597 720 10
597 924 5
597 1068 8
597 1103 4
597 1129 10
597 1140 8
597 1164 7
597 1260 2
597 1371 5
597 1405 7
597 1693 10
597 1785 4
597 1823 3
597 1828 8
597 2183 7
597 2206 9
597 2283 9
597 2291 4
597 2332 9
597 2507 5
597 2664 6
597 2744 5
597 2772 10
597 2823 3
597 2890 2
597 2937 7
597 2950 10
598 653 1
598 781 4
598 815 8
598 879 9
598 936 2
598 984 6
598 987 8
598 1028 4
598 1154 8
598 1176 9
598 1585 7
598 1619 6
598 1827 4
598 1974 4
598 2086 2
598 2204 3
598 2377 8
598 2406 1
598 2415 3
598 2454 2
598 2502 10
598 2537 3
598 2562 8
598 2587 8
598 2623 3
598 2697 3
598 2702 1
598 2722 9
599 683 7
599 704 9
599 720 3
599 734 10
599 853 3
599 988 6
599 1061 8
599 1141 2
599 1377 8
599 1570 1
599 1937 10
599 2501 8
599 2793 10
599 2978 9
600 874 1
600 877 10
600 889 7
600 900 9
600 912 3
600 1020 6
600 1109 3
600 1185 6
600 1214 9
600 1408 8
600 1505 3
600 1512 7
600 1686 6
600 1833 4
600 1843 7
600 1917 4
600 1927 8
600 1931 1
600 1970 3
600 2033 5
600 2092 2
600 2490 7
600 2509 8
600 2512 7
600 2567 10
600 2680 7
600 2868 2
600 2886 3
601 611 7
601 639 10
601 853 8
601 915 1
601 1152 7
601 1220 3
601 1228 5
601 1345 9
601 1625 6
601 1824 2
601 1900 3
601 2080 8
601 2116 3
601 2143 6
601 2198 6
601 2302 10
601 2306 10
601 2340 9
601 2539 6
601 2838 2
601 2993 8
602 613 3
602 656 6
602 692 4
602 847 10
602 875 8
602 1223 4
602 1729 8
602 1862 10
602 2083 7
602 2137 5
602 2142 5
602 2190 2
602 2338 5
602 2370 3
602 2413 8
602 2767 9
602 2862 9
602 2900 10
602 2991 4
603 944 9
603 966 3
603 1007 1
603 1189 5
603 1224 1
603 1396 4
603 1411 4
603 1493 9
603 1557 9
603 1607 10
603 1648 3
603 1740 3
603 1776 7
603 1990 4
603 2024 4
603 2112 10
603 2193 6
603 2318 8
603 2857 10
603 2980 7
603 2986 7
604 688 8
604 1118 3
604 1128 8
604 1335 9
604 1380 4
604 1527 1
604 1897 8
604 1933 4
604 2201 3
604 2248 7
604 2282 6
604 2521 2
604 2526 5
604 2528 6
604 2558 9
604 2642 1
604 2754 8
604 2786 5
604 2933 7
605 625 8
605 645 1
605 731 1
605 744 8
605 895 6
605 904 6
605 920 1
605 1323 5
605 1425 9
605 1585 7
605 1838 6
605 1907 6
605 1941 10
605 2101 5
605 2131 3
605 2796 10
606 676 10
606 700 10
606 851 9
606 1113 8
606 1190 9
606 1255 2
606 1547 9
606 1646 4
606 1663 7
606 1859 4
606 1908 5
606 1936 5
606 2040 2
606 2076 4
606 2095 3
606 2149 6
606 2158 3
606 2193 3
606 2205 3
606 2223 3
606 2309 3
606 2404 1
606 2424 2
606 2527 6
606 2592 4
606 2744 7
606 2780 2
606 2837 1
606 2876 2
607 614 8
607 737 2
607 803 7
607 1034 3
607 1261 10
607 1262 8
607 1279 3
607 1339 2
607 1355 8
607 1682 7
607 1742 1
607 1788 9
607 1870 7
607 1921 6
607 1986 1
607 2001 5
607 2174 4
607 2262 5
607 2315 5
607 2392 9
607 2464 2
607 2509 1
607 2522 7
607 2920 6
607 2974 3
607 2990 10
608 647 6
608 736 6
608 1371 10
608 1451 6
608 1648 5
608 1784 3
608 2203 8
608 2284 6
608 2317 2
608 2443 4
608 2844 9
608 2848 10
608 2873 2
609 666 4
609 717 1
609 756 7
609 809 2
609 1052 5
609 1142 5
609 1171 4
609 1257 4
609 1276 1
609 1367 9
609 1389 2
609 1484 6
609 2023 5
609 2113 2
609 2139 5
609 2901 10
609 2993 7
609 2994 10
610 656 6
610 688 5
610 696 2
610 714 8
610 770 1
610 786 5
610 913 1
610 1135 8
610 1157 3
610 1275 7
610 1395 4
610 1536 3
610 1953 3
610 2010 1
610 2085 1
610 2121 10
610 2397 6
610 2444 6
610 2667 10
610 2772 1
610 2787 1
610 2845 9
610 2870 9
610 2909 2
610 2922 4
610 2955 4
611 637 9
611 1002 2
611 1009 8
611 1051 8
611 1150 5
611 1175 3
611 1199 8
611 1264 6
611 1332 8
611 1565 1
611 1901 9
611 1990 9
611 1995 7
611 1997 5
611 2022 1
611 2071 2
611 2141 10
611 2162 9
611 2195 10
611 2283 6
611 2566 7
611 2622 8
611 2624 3
611 2715 2
611 2829 9
612 762 7
612 763 5
612 945 5
612 959 5
612 1027 5
612 1080 6
612 1242 5
612 1317 8
612 1389 7
612 1450 7
612 1518 5
612 1614 3
612 1665 1
612 1723 8
612 1729 9
612 1797 5
612 1957 8
612 2220 1
612 2358 5
612 2536 7
612 2708 1
612 2950 1
612 2965 4
613 642 8
613 657 2
613 697 6
613 763 9
613 1110 4
613 1229 1
613 1506 2
613 1616 5
613 1649 8
613 1878 6
613 1943 9
613 1986 6
613 2011 2
613 2022 10
613 2081 4
613 2186 2
613 2201 4
613 2262 8
613 2313 4
613 2323 10
613 2339 4
613 2445 6
613 2506 2
613 2748 5
613 2824 6
613 2937 10
614 959 10
614 1018 4
614 1019 7
614 1219 10
614 1280 10
614 1442 7
614 1518 10
614 1714 4
614 1986 2
614 1998 7
614 2028 1
614 2081 1
614 2175 5
614 2343 9
614 2438 7
614 2689 1
614 2780 10
614 2834 2
614 2892 4
614 2977 10
614 2994 2
615 619 4
615 680 8
615 715 2
615 957 5
615 1029 5
615 1199 9
615 1258 6
615 1314 3
615 1381 10
615 1475 1
615 1489 1
615 1598 9
615 1807 10
615 1959 10
615 2077 9
615 2095 5
615 2319 1
615 2349 1
615 2473 10
615 2505 9
615 2758 1
615 2798 5
615 2806 1
615 2883 1
616 829 6
616 1185 1
616 1191 9
616 1193 3
616 1198 5
616 1298 4
616 1408 6
616 1419 5
616 1448 5
616 1544 1
616 1626 10
616 1762 8
616 1894 1
616 2066 9
616 2206 5
616 2293 10
616 2717 10
617 694 3
617 699 3
617 772 1
617 844 5
617 951 8
617 1134 1
617 1467 1
617 1510 2
617 1598 6
617 1754 1
617 2068 2
617 2072 8
617 2208 5
617 2225 9
617 2345 3
617 2462 10
617 2501 5
617 2587 2
617 2602 9
617 2691 8
617 2714 2
617 2727 8
617 2848 1
617 2894 5
617 2964 4
618 702 4
618 727 8
618 743 9
618 785 3
618 1005 4
618 1041 1
618 1076 2
618 1182 3
618 1459 9
618 1481 1
618 1507 7
618 1626 4
618 1652 6
618 1679 7
618 1693 4
618 1947 10
618 2141 8
618 2252 3
618 2653 5
618 2661 2
618 2670 5
618 2725 7
618 2782 2
618 2945 3
619 657 2
619 728 7
619 907 1
619 938 3
619 1454 3
619 1649 8
619 1870 2
619 1917 5
619 1957 5
619 2083 7
619 2305 8
619 2330 7
619 2340 5
619 2545 2
619 2721 8
619 2804 4
619 2841 5
619 2851 6
619 2887 2
620 660 9
620 948 6
620 985 9
620 1162 8
620 1308 1
620 1409 9
620 1438 10
620 1472 4
620 1572 3
620 1623 9
620 1640 4
620 1654 3
620 1805 2
620 1878 10
620 1989 10
620 2144 8
620 2318 7
620 2439 6
620 2502 5
620 2531 8
620 2553 4
620 2718 1
620 2777 8
620 2788 9
621 626 3
621 781 8
621 797 8
621 851 10
621 1070 2
621 1110 5
621 1166 9
621 1281 9
621 1450 2
621 1610 5
621 1795 1
621 1804 6
621 1805 3
621 1858 1
621 1878 1
621 2002 6
621 2322 10
621 2343 2
621 2357 2
621 2453 7
621 2479 1
621 2514 8
621 2560 2
621 2740 10
621 2843 8
621 2962 10
621 2966 1
621 2973 4
621 2994 2
622 770 8
622 845 8
622 956 8
622 1010 4
622 1270 9
622 1293 1
622 1390 3
622 1553 6
622 1554 4
622 1578 3
622 1669 5
622 1683 6
622 1829 1
622 2004 7
622 2008 8
622 2107 6
622 2129 1
622 2380 2
622 2395 9
622 2606 2
622 2733 2
622 2790 3
622 2843 1
622 2967 6
623 641 9
623 934 7
623 1210 9
623 1251 2
623 1273 3
623 1367 5
623 1430 9
623 1522 6
623 1542 5
623 1629 9
623 1694 9
623 1701 5
623 1775 9
623 1913 8
623 1942 7
623 1953 6
623 2113 1
623 2671 10
623 2909 4
624 1020 1
624 1213 5
624 1355 7
624 1434 3
624 1541 2
624 1609 2
624 1657 10
624 1875 2
624 2166 3
624 2176 3
624 2194 3
624 2200 7
624 2223 10
624 2358 8
624 2402 2
624 2633 8
624 2717 5
624 2929 4
624 2976 3
624 2978 6
625 926 3
625 976 7
625 1046 4
625 1126 3
625 1220 8
625 1242 4
625 1282 7
625 1351 3
625 1524 2
625 1538 1
625 1573 1
625 1686 10
625 1754 9
625 1771 5
625 1812 6
625 1902 1
625 1922 8
625 2068 2
625 2197 4
625 2202 8
625 2223 4
625 2279 8
625 2290 4
625 2330 2
625 2391 10
625 2517 1
625 2538 1
625 2548 4
625 2640 5
625 2679 9
626 862 6
626 896 10
626 991 1
626 1091 4
626 1101 8
626 1415 7
626 1437 9
626 1453 10
626 1455 7
626 1480 4
626 1690 2
626 1844 6
626 1939 10
626 2074 3
626 2169 1
626 2173 10
626 2187 2
626 2308 5
626 2359 7
626 2393 10
626 2500 9
626 2501 2
626 2507 1
626 2526 7
626 2547 3
626 2603 5
626 2838 10
626 2959 7
626 2991 7
627 646 5
627 879 2
627 1033 4
627 1245 2
627 1286 2
627 1392 3
627 1449 3
627 1475 4
627 1544 3
627 1662 7
627 1766 6
627 1835 6
627 1865 5
627 1967 9
627 1991 4
627 2164 6
627 2362 8
627 2587 1
627 2720 9
627 2795 3
627 2843 5
628 671 1
628 783 2
628 827 8
628 883 10
628 1005 7
628 1045 10
628 1408 5
628 1593 7
628 1618 9
628 1806 5
628 1871 6
628 1885 7
628 1971 6
628 2117 6
628 2399 9
628 2430 7
628 2488 8
628 2502 1
628 2600 1
628 2679 6
628 2889 6
628 2898 5
628 2939 10
629 714 6
629 779 5
629 857 4
629 865 3
629 1020 2
629 1106 8
629 1193 9
629 1261 4
629 1272 2
629 1309 3
629 1513 5
629 1693 1
629 1701 8
629 1774 4
629 1904 1
629 2234 6
629 2352 4
629 2502 1
629 2577 1
629 2711 10
629 2863 6
629 2936 4
629 2937 3
630 726 7
630 858 2
630 916 3
630 1083 9
630 1093 6
630 1133 4
630 1142 3
630 1365 7
630 2070 8
630 2072 7
630 2211 2
630 2274 2
630 2447 9
630 2845 8
630 2854 4
630 2893 5
631 684 2
631 699 8
631 846 2
631 1021 4
631 1173 10
631 1408 10
631 1435 5
631 1453 7
631 1687 5
631 1730 4
631 2011 5
631 2066 8
631 2428 7
631 2462 6
631 2552 8
631 2621 4
631 2686 6
631 2691 10
631 2725 4
631 2872 4
631 2946 7
631 2958 1
632 696 9
632 984 5
632 1068 10
632 1228 3
632 1394 3
632 1402 5
632 1444 5
632 1693 2
632 1706 4
632 1714 3
632 1815 8
632 1928 10
632 2097 3
632 2107 7
632 2303 9
632 2374 4
632 2537 3
632 2637 4
632 2648 3
632 2699 8
633 674 1
633 769 4
633 825 10
633 957 1
633 999 3
633 1003 1
633 1151 5
633 1317 9
633 1388 5
633 1410 10
633 1446 5
633 1613 5
633 1622 10
633 1626 3
633 1631 9
633 1650 1
633 1690 8
633 1700 4
633 1760 9
633 1770 2
633 1779 8
633 1820 4
633 1989 5
633 1997 4
633 2016 6
633 2027 5
633 2123 4
633 2162 5
633 2177 2
633 2289 3
633 2348 8
633 2430 8
633 2515 6
633 2603 1
633 2693 3
633 2750 1
633 2810 7
633 2842 7
633 2861 8
633 2867 5
633 2907 7
634 672 9
634 745 5
634 826 9
634 876 3
634 954 2
634 1014 10
634 1273 6
634 1292 4
634 1386 9
634 1495 5
634 1523 2
634 1524 1
634 1538 1
634 1570 1
634 1781 10
634 1995 1
634 2325 4
634 2346 9
634 2743 10
634 2818 1
634 2889 9
634 2905 5
635 793 2
635 910 1
635 994 9
635 1029 7
635 1078 4
635 1284 8
635 1295 6
635 1418 5
635 1444 3
635 1457 4
635 1512 4
635 1519 3
635 1639 5
635 1684 2
635 1703 1
635 1868 3
635 1921 2
635 1941 6
635 1994 5
635 1995 10
635 2013 4
635 2018 8
635 2051 4
635 2099 10
635 2114 4
635 2256 6
635 2261 1
635 2282 1
635 2304 3
635 2626 2
635 2653 6
635 2785 4
635 2811 2
635 2872 5
635 2970 8
635 2977 2
636 965 4
636 1015 4
636 1191 1
636 1335 9
636 1346 5
636 1370 5
636 1435 9
636 1487 2
636 1501 7
636 1507 9
636 1598 4
636 1708 5
636 1798 3
636 1808 6
636 1888 9
636 2051 4
636 2083 8
636 2084 8
636 2137 6
636 2295 5
636 2309 4
636 2349 9
636 2512 8
636 2652 7
636 2679 3
636 2748 1
636 2850 3
636 2874 6
637 692 9
637 763 10
637 774 7
637 777 2
637 866 8
637 1149 6
637 1188 4
637 1246 6
637 1475 2
637 1663 1
637 1999 5
637 2010 2
637 2049 1
637 2161 1
637 2218 3
637 2277 7
637 2307 4
637 2437 3
637 2454 1
637 2617 8
637 2665 3
637 2807 4
637 2867 9
637 2940 3
638 698 8
638 845 1
638 848 2
638 962 7
638 1147 2
638 1249 2
638 1264 9
638 1352 4
638 1438 6
638 1583 6
638 1614 2
638 1644 9
638 1687 3
638 1829 10
638 1943 8
638 2102 10
638 2165 2
638 2231 9
638 2356 9
638 2394 4
638 2455 1
638 2460 1
638 2503 4
638 2565 8
638 2714 7
638 2722 10
638 2757 5
638 2869 1
639 646 9
639 670 9
639 971 6
639 995 10
639 998 8
639 1067 5
639 1079 2
639 1154 2
639 1213 3
639 1406 10
639 1424 6
639 1437 5
639 1578 8
639 1795 4
639 2009 2
639 2081 4
639 2082 6
639 2118 7
639 2175 2
639 2275 1
639 2297 4
639 2362 5
639 2760 9
639 2872 8
639 2976 10
639 2988 10
640 837 8
640 933 7
640 1041 2
640 1137 8
640 1287 5
640 1374 8
640 1425 1
640 1961 3
640 1998 4
640 2216 7
640 2235 7
640 2287 8
640 2407 3
640 2469 6
640 2565 5
640 2671 6
640 2693 3
640 2838 4
641 686 8
641 879 1
641 1114 1
641 1310 2
641 1311 5
641 1537 5
641 1615 1
641 1658 8
641 1666 2
641 1713 4
641 1748 1
641 1878 10
641 1906 8
641 2095 8
641 2132 10
641 2476 8
641 2496 4
641 2529 7
641 2563 9
641 2606 10
641 2630 5
641 2643 2
641 2728 8
641 2783 3
641 2831 8
641 2946 10
642 746 1
642 984 4
642 1228 10
642 1265 3
642 1290 1
642 1296 3
642 1496 7
642 1501 5
642 1632 2
642 1733 7
642 1753 4
642 1782 10
642 1942 4
642 1948 9
642 2136 7
642 2280 9
642 2407 8
642 2542 2
642 2561 10
642 2682 7
642 2694 1
642 2792 7
642 2883 6
642 2925 4
642 2926 4
642 2927 9
642 2993 6
643 653 7
643 753 8
643 771 7
643 783 3
643 1000 7
643 1076 4
643 1342 4
643 1409 3
643 1541 3
643 1561 8
643 1627 1
643 1672 2
643 1691 1
643 1692 6
643 1701 1
643 1777 6
643 1828 6
643 2066 1
643 2185 9
643 2202 5
643 2335 10
643 2358 8
643 2361 4
643 2362 3
643 2400 3
643 2416 10
643 2566 1
643 2681 3
643 2837 8
643 2866 2
643 2983 2
644 739 4
644 754 4
644 766 6
644 969 8
644 1256 3
644 1271 5
644 1315 8
644 1341 9
644 1386 7
644 1472 4
644 1580 9
644 1600 5
644 1874 5
644 1884 5
644 2010 1
644 2054 5
644 2066 9
644 2086 7
644 2145 4
644 2157 10
644 2173 9
644 2346 6
644 2379 3
644 2574 4
644 2690 1
644 2700 3
644 2719 2
644 2750 8
644 2881 4
644 2882 5
644 2886 7
644 2893 9
644 2990 1
645 726 8
645 812 2
645 848 2
645 994 8
645 1078 2
645 1120 8
645 1151 10
645 1291 9
645 1593 4
645 1890 2
645 1955 6
645 2126 10
645 2276 9
645 2344 7
645 2431 1
645 2503 10
645 2554 8
645 2612 7
645 2643 3
645 2810 10
645 2961 3
645 2963 10
645 2977 8
646 679 1
646 790 2
646 798 5
646 1125 6
646 1328 2
646 1355 6
646 1601 1
646 1654 1
646 1663 5
646 1669 3
646 1860 1
646 2184 7
646 2216 4
646 2305 2
646 2315 6
646 2431 8
646 2482 9
646 2590 10
646 2607 10
646 2772 5
646 2811 4
646 2869 4
646 2911 2
646 2985 9
647 671 8
647 785 5
647 860 5
647 1125 2
647 1353 2
647 1365 7
647 1488 1
647 1654 3
647 1755 1
647 1777 9
647 1811 7
647 1839 10
647 1877 2
647 1913 5
647 2096 2
647 2265 10
647 2399 10
647 2872 8
648 751 3
648 846 6
648 962 8
648 969 5
648 1039 9
648 1088 3
648 1203 7
648 1361 5
648 1388 4
648 1458 4
648 1640 8
648 1724 2
648 1739 6
648 1759 10
648 1986 7
648 2022 6
648 2082 1
648 2115 3
648 2165 3
648 2187 1
648 2202 8
648 2267 10
648 2531 9
648 2796 7
648 2798 2
648 2932 3
648 2998 3
649 780 3
649 809 2
649 939 6
649 966 7
649 1028 7
649 1132 2
649 1223 6
649 1249 7
649 1395 1
649 1417 4
649 1557 2
649 1654 4
649 1700 4
649 1731 6
649 1732 10
649 1752 10
649 1834 2
649 1835 10
649 1858 6
649 1966 2
649 2010 5
649 2011 6
649 2035 4
649 2096 7
649 2098 1
649 2372 7
649 2398 6
649 2497 8
649 2569 3
649 2618 5
649 2684 9
649 2718 5
649 2731 1
649 2789 7
649 2848 9
649 2922 9
649 2929 5
650 699 7
650 848 5
650 949 7
650 978 7
650 1110 4
650 1233 9
650 1235 7
650 1240 2
650 1394 8
650 1456 9
650 1472 10
650 1494 10
650 1522 10
650 1628 6
650 1707 4
650 1759 3
650 1802 6
650 1972 2
650 1999 1
650 2185 4
650 2217 2
650 2370 6
650 2477 6
650 2512 1
650 2601 7
650 2765 2
650 2791 7
650 2806 5
650 2827 1
650 2860 9
650 2877 7
650 2898 5
650 2929 9
651 718 2
651 946 3
651 952 6
651 1073 8
651 1130 1
651 1133 6
651 1193 9
651 1487 6
651 1555 5
651 1801 10
651 1837 3
651 2146 2
651 2307 5
651 2377 3
651 2382 7
651 2413 4
651 2445 3
651 2457 9
651 2947 7
652 661 10
652 688 4
652 757 9
652 826 10
652 969 2
652 1069 2
652 1084 4
652 1216 5
652 1291 8
652 1304 2
652 1344 3
652 1370 3
652 1648 7
652 1727 5
652 1953 5
652 1958 10
652 1960 3
652 1983 2
652 2032 3
652 2042 6
652 2053 6
652 2176 4
652 2210 2
652 2304 2
652 2432 2
652 2647 6
652 2676 9
653 771 4
653 841 9
653 883 9
653 1221 2
653 1383 4
653 1400 3
653 1439 9
653 1552 10
653 1629 1
653 1805 6
653 1830 6
653 1876 6
653 2021 1
653 2147 8
653 2197 6
653 2457 9
653 2468 1
653 2722 5
653 2725 5
653 2821 6
654 1213 7
654 1285 5
654 1469 4
654 1511 9
654 1541 6
654 1604 8
654 1649 9
654 1718 8
654 1791 8
654 1848 3
654 1943 5
654 2057 9
654 2260 3
654 2296 4
654 2316 2
654 2393 5
654 2434 8
654 2578 3
654 2630 1
654 2824 4
654 2949 2
654 2975 10
655 670 7
655 681 6
655 751 4
655 844 3
655 1032 8
655 1045 1
655 1097 5
655 1128 3
655 1213 9
655 1398 9
655 1487 3
655 1681 7
655 1691 1
655 1758 6
655 1811 5
655 1912 4
655 1972 5
655 1974 5
655 2045 3
655 2063 1
655 2079 5
655 2127 5
655 2171 6
655 2397 8
655 2530 7
655 2649 1
655 2701 10
655 2730 4
655 2773 6
655 2779 5
655 2951 6
656 719 4
656 813 3
656 835 4
656 991 2
656 994 8
656 1072 4
656 1100 6
656 1110 4
656 1292 10
656 1301 5
656 1433 2
656 1453 3
656 1532 6
656 1678 10
656 1713 9
656 1878 4
656 2308 6
656 2426 10
656 2460 7
656 2530 8
656 2826 6
656 2961 2
657 768 9
657 1320 5
657 1489 10
657 1537 5
657 1673 10
657 1745 4
657 1752 3
657 1754 9
657 1844 3
657 1856 9
657 2142 3
657 2167 4
657 2231 6
657 2352 3
657 2377 7
657 2389 10
657 2395 10
657 2412 9
657 2477 9
657 2587 7
657 2654 8
657 2840 2
658 663 2
658 669 4
658 879 7
658 961 5
658 970 9
658 1072 5
658 1180 9
658 1216 6
658 1371 3
658 1373 4
658 1380 10
658 1397 7
658 1467 6
658 1567 1
658 1675 10
658 1686 2
658 1734 1
658 1737 10
658 1790 5
658 2027 10
658 2097 2
658 2178 8
658 2325 2
658 2396 5
658 2555 1
658 2661 2
658 2709 10
659 838 9
659 1034 7
659 1200 6
659 1357 10
659 1408 9
659 1470 8
659 1884 4
659 2048 5
659 2320 10
659 2920 1
660 798 1
660 807 6
660 927 3
660 1257 3
660 1464 8
660 1488 8
660 1831 10
660 1927 3
660 2319 9
660 2342 8
660 2380 6
660 2446 7
660 2779 1
661 725 10
661 787 8
661 821 8
661 825 9
661 1477 1
661 1490 9
661 1588 7
661 1688 2
661 1721 8
661 1764 6
661 1909 6
661 2127 3
661 2224 5
661 2264 2
661 2286 10
661 2549 4
661 2698 7
662 757 5
662 854 2
662 881 2
662 942 1
662 1059 7
662 1195 7
662 1310 8
662 1324 7
662 1392 10
662 1422 5
662 1565 1
662 1789 2
662 1921 10
662 2384 7
662 2488 10
662 2566 7
662 2638 7
662 2699 1
662 2819 2
662 2889 2
662 2930 3
663 708 3
663 726 4
663 738 3
663 740 10
663 742 10
663 905 10
663 964 5
663 1090 6
663 1310 9
663 1419 10
663 1439 3
663 1515 4
663 1591 6
663 1630 2
663 1717 1
663 1800 6
663 1861 9
663 1864 2
663 2004 6
663 2008 7
663 2040 8
663 2064 7
663 2066 10
663 2100 10
663 2187 9
663 2190 7
663 2453 9
663 2464 5
663 2534 7
663 2728 6
663 2846 3
663 2936 7
663 2967 7
664 717 5
664 876 8
664 924 5
664 1125 9
664 1136 1
664 1249 4
664 1731 2
664 1929 10
664 2174 2
664 2201 3
664 2274 6
664 2296 7
664 2623 9
664 2648 1
664 2655 2
664 2702 5
664 2856 1
664 2875 7
664 2985 1
665 722 5
665 825 6
665 899 10
665 1070 8
665 1180 10
665 1497 5
665 1620 1
665 1675 1
665 1738 8
665 1802 7
665 1821 10
665 1839 10
665 1852 6
665 1922 1
665 2182 10
665 2302 7
665 2383 3
665 2413 4
665 2489 6
665 2492 5
665 2842 9
665 2893 10
665 2926 9
666 797 1
666 865 9
666 908 1
666 971 5
666 1104 4
666 1130 2
666 1419 7
666 1494 4
666 1567 3
666 1727 4
666 1924 4
666 1949 4
666 1957 3
666 2087 1
666 2116 1
666 2291 6
666 2773 5
666 2780 7
666 2853 4
667 746 7
667 991 8
667 1028 2
667 1046 9
667 1096 10
667 1221 9
667 1629 2
667 1632 4
667 1763 2
667 1870 4
667 1871 3
667 2028 1
667 2138 2
667 2203 7
667 2214 5
667 2229 7
667 2252 5
667 2295 4
667 2455 4
667 2495 2
667 2591 10
667 2707 10
667 2720 4
667 2770 1
667 2783 7
667 2887 9
667 2896 6
667 2939 9
668 671 5
668 706 8
668 1052 6
668 1134 4
668 1175 2
668 1543 7
668 1572 3
668 1593 4
668 1786 6
668 1910 10
668 1923 9
668 1927 4
668 2081 6
668 2157 4
668 2342 2
668 2478 4
668 2512 1
668 2519 10
668 2527 10
668 2722 2
668 2754 4
668 2814 8
668 2823 3
668 2943 10
668 2961 6
669 720 7
669 805 3
669 830 9
669 842 9
669 931 7
669 1148 1
669 1594 10
669 1666 6
669 1792 6
669 1853 9
669 2156 6
669 2264 9
669 2280 9
669 2315 7
669 2341 10
669 2718 5
669 2781 4
669 2801 7
669 2928 2
669 2998 1
670 735 7
670 743 1
670 833 5
670 1011 2
670 1099 4
670 1171 9
670 1179 9
670 1219 6
670 1352 5
670 1445 7
670 1633 3
670 1637 7
670 1664 9
670 1675 3
670 1738 10
670 1746 6
670 1863 6
670 2110 2
670 2473 10
670 2700 1
671 675 8
671 814 6
671 839 8
671 877 1
671 894 4
671 984 1
671 996 4
671 1101 4
671 1457 5
671 1509 4
671 1636 3
671 1786 4
671 1813 3
671 1861 8
671 2452 4
671 2579 8
671 2761 7
671 2910 8
671 2934 9
672 747 10
672 816 9
672 881 7
672 885 7
672 1297 4
672 1321 5
672 1704 6
672 1720 1
672 1864 3
672 1871 10
672 1973 6
672 2091 9
672 2148 5
672 2451 2
672 2634 5
672 2695 10
672 2707 8
672 2842 2
672 2873 1
672 2945 1
673 733 10
673 1059 9
673 1149 8
673 1216 7
673 1389 6
673 1417 5
673 1503 4
673 1547 9
673 1866 10
673 1867 3
673 1935 6
673 2019 4
673 2645 9
673 2674 7
673 2695 8
673 2716 7
673 2864 10
673 2919 4
673 2957 4
674 690 8
674 832 2
674 965 2
674 1006 6
674 1088 8
674 1200 4
674 1557 2
674 1607 6
674 1807 2
674 1825 4
674 1870 4
674 1938 5
674 1979 3
674 1991 10
674 2016 10
674 2101 6
674 2194 3
674 2221 2
674 2356 1
674 2510 5
674 2625 4
674 2663 9
674 2736 5
674 2945 10
675 703 1
675 868 7
675 933 9
675 1115 8
675 1256 2
675 1295 9
675 1558 8
675 1897 3
675 2138 2
675 2226 1
675 2237 1
675 2270 4
675 2271 10
675 2559 2
675 2657 1
675 2659 10
675 2890 9
676 725 8
676 907 5
676 936 7
676 1009 2
676 1222 4
676 1272 7
676 1327 4
676 1534 8
676 1649 3
676 1661 9
676 1705 6
676 1830 1
676 1843 1
676 1973 10
676 2092 3
676 2265 3
676 2274 3
676 2357 7
676 2494 4
676 2821 10
676 2889 8
677 696 7
677 732 1
677 1002 6
677 1083 3
677 1220 5
677 1252 5
677 1256 9
677 1781 5
677 1854 9
677 1970 7
677 2106 8
677 2161 8
677 2213 5
677 2276 2
677 2286 1
677 2686 10
677 2769 4
677 2787 10
677 2839 1
677 2868 10
677 2877 1
677 2930 9
678 740 1
678 820 2
678 931 2
678 952 2
678 971 8
678 1096 6
678 1210 9
678 1277 9
678 1350 8
678 1384 4
678 1439 4
678 1441 7
678 1470 8
678 1719 1
678 1821 9
678 1883 10
678 2109 3
678 2254 4
678 2264 4
678 2293 6
678 2305 1
678 2438 6
678 2494 5
678 2545 10
678 2567 8
678 2595 4
679 849 1
679 853 10
679 939 5
679 1053 7
679 1104 4
679 1231 7
679 1246 4
679 1330 3
679 1576 5
679 1648 4
679 1707 4
679 1739 6
679 1844 6
679 1895 5
679 1964 8
679 1991 1
679 1994 5
679 2157 10
679 2401 3
679 2409 5
679 2852 7
679 2977 3
680 843 10
680 1186 1
680 1303 10
680 1356 9
680 1414 9
680 1603 9
680 1659 2
680 1877 3
680 1906 1
680 1975 8
680 2100 2
680 2108 1
680 2148 4
680 2155 8
680 2172 7
680 2247 5
680 2414 9
680 2537 7
680 2634 7
680 2742 9
680 2779 3
681 684 4
681 750 6
681 753 7
681 801 1
681 858 1
681 907 2
681 1002 7
681 1041 2
681 1092 10
681 1269 1
681 1270 6
681 1310 6
681 1421 2
681 1776 2
681 1844 1
681 1852 5
681 1871 6
681 2059 5
681 2508 1
681 2631 6
681 2674 2
681 2912 6
681 2949 8
682 709 3
682 712 7
682 750 7
682 843 6
682 844 1
682 937 3
682 1036 10
682 1106 8
682 1266 1
682 1338 4
682 1404 8
682 1410 8
682 1665 4
682 1828 7
682 1935 8
682 1944 8
682 2017 5
682 2050 5
682 2329 1
682 2348 2
682 2650 2
682 2736 7
682 2900 7
682 2922 8
682 2927 1
683 726 6
683 1028 10
683 1216 7
683 1270 3
683 1274 10
683 1366 1
683 1557 3
683 1578 1
683 1614 6
683 1768 4
683 1911 2
683 2102 9
683 2197 2
683 2227 1
683 2237 7
683 2287 3
683 2368 9
683 2433 7
683 2489 6
683 2505 6
683 2586 10
683 2685 7
684 778 9
684 799 2
684 806 1
684 948 9
684 949 7
684 959 7
684 977 7
684 1070 2
684 1124 9
684 1231 3
684 1266 10
684 1283 10
684 1542 4
684 1683 3
684 1814 3
684 2152 10
684 2273 4
684 2321 3
684 2372 6
684 2487 6
684 2607 6
684 2655 8
684 2689 6
684 2722 4
684 2798 5
684 2811 2
684 2892 2
685 702 4
685 713 5
685 731 6
685 920 2
685 968 4
685 984 6
685 1473 7
685 1622 1
685 1725 6
685 1781 2
685 1788 8
685 1811 1
685 1946 7
685 1970 5
685 1995 4
685 2145 10
685 2275 1
685 2287 2
685 2313 7
685 2345 5
685 2568 6
685 2666 4
685 2869 8
686 699 5
686 767 8
686 863 4
686 1002 7
686 1067 6
686 1168 9
686 1207 9
686 1261 3
686 1275 7
686 1300 9
686 1310 2
686 1353 3
686 1501 10
686 1534 4
686 1566 2
686 1641 4
686 1661 5
686 1864 4
686 1922 8
686 2040 7
686 2050 8
686 2053 9
686 2123 10
686 2137 6
686 2364 4
686 2458 3
686 2505 8
686 2565 7
686 2624 7
686 2672 4
686 2773 2
686 2774 3
686 2841 1
687 867 3
687 1044 6
687 1319 5
687 1346 4
687 1436 1
687 1625 4
687 1730 8
687 1737 9
687 1776 9
687 1810 1
687 2082 1
687 2085 2
687 2107 1
687 2480 6
687 2715 8
687 2928 9
688 740 1
688 1325 6
688 1426 8
688 1534 4
688 1624 10
688 1657 2
688 1711 3
688 1758 3
688 1890 6
688 1958 7
688 2365 3
688 2395 5
688 2490 3
688 2569 3
688 2795 8
688 2866 8
689 932 6
689 1223 10
689 1287 3
689 1353 7
689 1360 9
689 1393 7
689 1427 4
689 1474 5
689 1610 6
689 1616 4
689 1814 6
689 1839 8
689 1928 10
689 2037 1
689 2206 6
689 2300 2
689 2510 2
689 2590 5
689 2595 6
690 712 2
690 748 3
690 830 6
690 1079 10
690 1137 2
690 1157 7
690 1246 10
690 1331 3
690 1418 9
690 1644 6
690 1668 5
690 1766 4
690 1788 2
690 1963 6
690 2049 5
690 2099 2
690 2333 4
690 2431 8
690 2462 7
690 2538 2
690 2700 3
690 2755 4
690 2842 5
691 1197 4
691 1525 10
691 1537 2
691 1651 3
691 1731 1
691 1998 4
691 1999 10
691 2231 9
691 2269 10
691 2279 3
691 2362 6
691 2390 9
691 2569 4
691 2642 8
691 2841 6
692 706 7
692 711 5
692 712 2
692 847 6
692 929 6
692 1236 6
692 1521 10
692 1542 5
692 1731 8
692 1866 10
692 1893 6
692 2332 2
692 2411 3
692 2455 2
692 2503 4
692 2642 7
692 2788 6
692 2845 9
693 701 7
693 747 9
693 879 7
693 1561 1
693 1635 7
693 1825 5
693 2000 2
693 2120 1
693 2248 9
693 2281 8
693 2353 4
693 2383 7
693 2520 7
693 2557 2
693 2628 8
693 2649 2
693 2812 1
693 2974 6
693 2984 6
694 874 5
694 1035 6
694 1106 6
694 1139 7
694 1301 4
694 1306 3
694 1458 7
694 1516 1
694 1559 7
694 1621 7
694 1687 8
694 1774 3
694 2114 7
694 2194 9
694 2223 9
694 2420 8
694 2595 6
694 2606 2
695 700 1
695 756 9
695 816 10
695 827 5
695 846 9
695 934 6
695 953 3
695 1317 7
695 1474 3
695 1483 2
695 1505 10
695 1509 3
695 1602 10
695 1641 8
695 1682 9
695 1752 10
695 1778 3
695 1785 10
695 2023 7
695 2062 4
695 2315 1
695 2597 2
695 2659 8
695 2786 6
695 2826 4
695 2836 1
695 2899 6
695 2905 7
695 2938 9
696 787 2
696 808 7
696 822 1
696 903 5
696 960 5
696 966 7
696 1020 2
696 1240 5
696 1329 5
696 1486 3
696 1609 9
696 1621 5
696 1743 4
696 1860 7
696 2468 10
696 2675 4
696 2690 2
696 2785 10
696 2841 1
696 2854 6
696 2858 8
697 796 1
697 839 9
697 840 8
697 882 6
697 978 6
697 1122 1
697 1288 5
697 1557 5
697 1841 9
697 2016 4
697 2204 1
697 2207 8
697 2252 7
697 2267 6
697 2315 5
697 2448 10
697 2501 7
697 2606 8
697 2609 6
697 2640 8
697 2748 8
697 2808 4
697 2882 10
698 735 1
698 965 9
698 996 9
698 1050 7
698 1072 7
698 1217 6
698 1316 1
698 1374 8
698 1395 10
698 1677 7
698 1691 8
698 1744 2
698 1849 7
698 1986 6
698 1990 6
698 2024 5
698 2162 4
698 2495 8
698 2532 1
698 2550 7
698 2654 7
698 2726 5
699 722 1
699 792 7
699 836 9
699 944 2
699 1115 3
699 1376 10
699 1395 4
699 1594 6
699 1713 10
699 1825 5
699 1935 1
699 1983 10
699 1989 6
699 2050 7
699 2338 7
699 2505 3
699 2607 4
699 2657 10
699 2843 2
699 2903 1
699 2959 3
699 2984 1
700 987 4
700 997 2
700 1085 2
700 1106 8
700 1187 3
700 1240 5
700 1251 7
700 1605 10
700 1811 5
700 1828 9
700 1851 1
700 1884 1
700 1984 2
700 1990 5
700 2074 2
700 2115 7
700 2175 1
700 2317 8
700 2489 1
700 2492 10
700 2499 5
700 2508 5
700 2561 4
700 2614 3
700 2653 6
700 2676 2
700 2764 9
700 2780 10
700 2920 6
701 760 3
701 870 1
701 886 8
701 1040 6
701 1132 7
701 1147 2
701 1448 7
701 1513 9
701 1611 5
701 1619 5
701 1664 1
701 1705 6
701 1819 3
701 1886 10
701 1981 2
701 1990 3
701 1996 1
701 2171 3
701 2241 4
701 2437 3
701 2565 7
701 2590 2
701 2659 5
701 2711 2
701 2799 6
701 2860 10
701 2863 2
701 2913 1
701 2988 5
702 709 5
702 889 5
702 968 7
702 1154 8
702 1313 7
702 1382 5
702 1443 4
702 1555 6
702 1673 3
702 1838 10
702 1990 7
702 2072 3
702 2175 1
702 2217 7
702 2230 4
702 2340 9
702 2511 9
702 2818 1
702 2865 9
702 2951 2
702 2955 6
702 2973 1
703 874 9
703 919 4
703 950 7
703 964 9
703 1038 3
703 1050 2
703 1111 7
703 1138 8
703 1571 2
703 1615 8
703 1759 6
703 1771 6
703 1857 7
703 1949 3
703 2026 1
703 2046 3
703 2193 4
703 2228 7
703 2289 8
703 2406 9
703 2481 10
703 2593 9
704 752 8
704 956 5
704 1185 10
704 1367 8
704 1443 7
704 1455 2
704 1463 5
704 1548 9
704 1550 7
704 1565 7
704 1575 6
704 1674 1
704 1744 8
704 1875 3
704 1891 7
704 2089 6
704 2379 8
704 2382 6
704 2389 4
704 2433 10
704 2438 7
704 2549 7
704 2599 8
704 2620 3
704 2689 9
704 2755 2
704 2785 2
704 2856 9
704 2863 7
705 945 2
705 1026 10
705 1096 10
705 1128 9
705 1201 1
705 1527 5
705 1588 2
705 1592 2
705 1654 7
705 1721 3
705 1833 2
705 2322 4
705 2340 4
705 2504 8
705 2586 7
705 2630 9
705 2632 2
705 2637 5
705 2653 2
705 2713 8
705 2743 9
705 2771 6
705 2813 6
706 786 8
706 958 8
706 1020 2
706 1079 8
706 1214 4
706 1260 6
706 1458 3
706 1511 5
706 1550 1
706 1713 3
706 1886 4
706 2017 8
706 2072 8
706 2189 9
706 2227 9
706 2289 1
706 2326 3
706 2332 3
706 2394 3
706 2525 2
706 2532 8
706 2788 3
706 2973 2
706 2974 2
707 838 2
707 1234 7
707 1309 7
707 1357 7
707 1374 5
707 1444 1
707 1483 7
707 1564 4
707 1765 2
707 2106 4
707 2137 3
707 2271 2
707 2283 8
707 2301 4
707 2418 4
707 2546 6
707 2550 6
707 2742 5
707 2826 8
707 2949 4
708 752 4
708 898 7
708 959 10
708 1055 2
708 1272 1
708 1360 8
708 1514 3
708 1881 1
708 2063 8
708 2181 5
708 2247 6
708 2305 9
708 2384 3
708 2400 10
708 2475 6
708 2585 5
708 2764 10
708 2793 2
708 2812 7
709 723 4
709 1134 10
709 1318 9
709 1372 6
709 1391 4
709 1487 8
709 1605 4
709 1672 7
709 1774 3
709 1836 5
709 1988 5
709 2048 9
709 2325 2
709 2386 2
709 2434 6
709 2602 9
709 2621 2
709 2764 4
709 2788 8
709 2805 3
709 2918 5
710 753 7
710 757 7
710 921 5
710 955 8
710 1002 1
710 1052 1
710 1202 3
710 1212 6
710 1463 3
710 1535 4
710 1559 5
710 1608 3
710 1728 6
710 1757 8
710 1783 3
710 1881 6
710 1889 6
710 1950 10
710 2064 3
710 2253 3
710 2297 4
710 2313 1
710 2470 2
710 2485 10
710 2791 1
710 2853 2
711 721 9
711 840 7
711 849 7
711 955 7
711 957 5
711 1024 6
711 1138 3
711 1196 6
711 1343 5
711 1379 7
711 1458 6
711 1540 8
711 1543 5
711 1602 3
711 1699 5
711 1888 7
711 2017 7
711 2027 4
711 2103 2
711 2219 5
711 2234 7
711 2586 7
711 2764 9
711 2797 5
711 2804 3
711 2898 7
712 855 8
712 873 3
712 1086 8
712 1101 4
712 1163 4
712 1225 3
712 1260 4
712 1459 4
712 1566 8
712 1802 10
712 1978 8
712 2144 6
712 2192 3
712 2229 8
712 2374 2
712 2488 10
712 2622 1
712 2726 3
712 2791 9
712 2821 4
712 2832 9
712 2844 5
712 2982 1
713 869 10
713 935 7
713 985 5
713 1019 10
713 1460 6
713 1535 7
713 1576 5
713 1599 7
713 1615 3
713 1628 10
713 1708 6
713 1774 6
713 1880 2
713 1942 4
713 1982 9
713 2076 8
713 2392 10
713 2559 7
713 2608 4
713 2637 1
713 2671 9
713 2749 5
713 2943 3
714 732 9
714 897 6
714 906 7
714 1088 1
714 1293 5
714 1308 10
714 1341 5
714 1638 10
714 1645 6
714 1727 5
714 1791 6
714 1879 8
714 2057 8
714 2299 6
714 2370 8
714 2609 7
714 2689 3
714 2863 9
714 2901 4
714 2932 8
714 2972 7
715 726 2
715 729 4
715 1032 8
715 1039 3
715 1052 6
715 1063 3
715 1073 9
715 1074 9
715 1148 8
715 1190 3
715 1363 10
715 1403 9
715 1422 3
715 1475 7
715 1494 3
715 1582 2
715 1626 3
715 1697 6
715 1760 5
715 1771 2
715 1837 10
715 1882 5
715 2282 2
715 2285 4
715 2334 7
715 2360 8
715 2413 10
715 2565 4
715 2715 2
715 2716 3
715 2901 6
716 717 8
716 780 10
716 911 2
716 918 9
716 1062 9
716 1484 1
716 1800 7
716 1841 8
716 1879 10
716 1953 8
716 1964 1
716 2046 6
716 2156 4
716 2293 10
716 2512 2
716 2874 4
716 2896 8
716 2904 6
717 796 2
717 804 3
717 1015 3
717 1091 6
717 1174 1
717 1290 3
717 1400 10
717 1505 7
717 1552 5
717 1621 6
717 1623 4
717 1868 2
717 2129 5
717 2133 3
717 2156 7
717 2192 1
717 2298 6
717 2366 7
717 2386 1
717 2410 8
717 2529 5
717 2583 6
717 2630 2
717 2731 5
717 2759 1
717 2893 2
718 781 6
718 860 1
718 914 9
718 942 7
718 996 9
718 1098 9
718 1362 4
718 1371 2
718 1412 5
718 1430 7
718 1669 7
718 1897 4
718 2076 9
718 2110 10
718 2139 2
718 2141 4
718 2143 3
718 2169 6
718 2292 6
718 2314 7
718 2425 1
718 2497 4
718 2553 9
718 2644 1
719 770 6
719 915 9
719 1118 6
719 1178 1
719 1246 8
719 1377 8
719 1381 10
719 1475 10
719 1672 3
719 1799 10
719 1832 2
719 1944 10
719 1966 4
719 2136 3
719 2464 8
719 2484 10
719 2563 5
719 2584 10
719 2593 1
719 2633 1
719 2653 5
720 825 4
720 1078 1
720 1091 1
720 1100 5
720 1212 7
720 1280 9
720 1296 1
720 1326 10
720 1406 3
720 1493 3
720 1558 8
720 1704 7
720 1766 5
720 1800 3
720 1867 6
720 1884 6
720 1895 6
720 1911 10
720 2001 5
720 2058 9
720 2186 6
720 2235 9
720 2242 2
720 2403 1
720 2421 3
720 2479 9
720 2567 2
720 2701 5
720 2732 9
720 2752 6
720 2763 4
720 2781 10
720 2827 6
720 2889 4
720 2933 1
721 839 3
721 928 1
721 929 4
721 953 9
721 955 8
721 1051 10
721 1136 9
721 1222 5
721 1299 2
721 1466 7
721 1736 6
721 1760 1
721 2009 1
721 2156 7
721 2187 6
721 2200 4
721 2299 4
721 2301 1
721 2457 7
721 2534 2
721 2677 5
721 2809 10
721 2968 3
722 841 3
722 884 6
722 1041 3
722 1067 1
722 1100 10
722 1174 9
722 1271 8
722 1328 5
722 1385 2
722 1450 6
722 1478 6
722 1614 4
722 1637 8
722 1646 10
722 1690 5
722 1693 1
722 1737 7
722 1865 3
722 1889 5
722 2076 4
722 2084 7
722 2166 7
722 2199 1
722 2242 9
722 2290 1
722 2529 2
722 2554 9
722 2606 3
722 2690 5
722 2731 2
722 2988 9
723 843 6
723 940 5
723 968 8
723 989 6
723 1165 9
723 1362 8
723 1472 8
723 1504 7
723 1584 1
723 1698 1
723 1712 8
723 1771 9
723 1889 2
723 1896 3
723 1978 2
723 2027 10
723 2574 1
723 2623 10
723 2759 1
723 2851 5
723 2940 3
724 840 4
724 866 5
724 1095 1
724 1097 7
724 1213 5
724 1387 10
724 1573 2
724 1628 9
724 1669 4
724 1845 10
724 2008 5
724 2128 7
724 2199 2
724 2303 5
724 2307 10
724 2346 4
724 2706 5
724 2746 9
724 2845 4
724 2907 9
724 2946 10
725 733 9
725 955 6
725 965 1
725 1219 1
725 1276 4
725 1303 4
725 1307 2
725 1359 6
725 1454 9
725 1630 4
725 1742 10
725 1744 7
725 1945 8
725 1994 8
725 2211 2
725 2266 8
725 2461 5
725 2599 4
725 2673 5
725 2824 10
725 2950 9
726 792 2
726 836 5
726 1419 3
726 1449 6
726 1539 8
726 1555 6
726 1738 1
726 1780 5
726 1782 4
726 1802 4
726 2021 10
726 2212 2
726 2366 7
726 2435 4
726 2494 6
726 2542 4
726 2551 5
726 2665 9
726 2768 7
726 2824 9
726 2914 2
726 2969 9
727 955 7
727 1014 3
727 1035 4
727 1127 5
727 1183 3
727 1188 9
727 1194 7
727 1246 5
727 1248 8
727 1303 3
727 1687 10
727 1929 1
727 2109 7
727 2124 4
727 2145 3
727 2214 4
727 2369 5
727 2614 2
727 2678 6
727 2727 9
727 2850 8
727 2895 6
728 814 2
728 932 7
728 939 2
728 1045 8
728 1163 9
728 1165 5
728 1201 4
728 1476 1
728 1561 5
728 1632 5
728 1850 8
728 1901 2
728 1919 2
728 1979 3
728 2008 8
728 2419 2
728 2460 10
728 2470 9
728 2500 7
728 2509 4
728 2663 2
728 2917 4
728 2987 7
729 777 4
729 958 6
729 1156 8
729 1175 3
729 1215 5
729 1220 10
729 1272 3
729 1284 9
729 1302 3
729 1350 1
729 1381 1
729 1416 3
729 1602 4
729 1796 2
729 2036 2
729 2304 1
729 2322 1
729 2459 8
729 2716 7
729 2751 10
729 2793 8
729 2800 6
729 2941 2
729 2951 4
729 2991 9
730 800 7
730 942 5
730 1302 5
730 1354 10
730 1357 3
730 1639 5
730 1674 6
730 2016 2
730 2144 2
730 2314 4
730 2488 2
730 2506 4
730 2695 8
730 2819 10
730 2835 5
730 2872 3
730 2879 7
730 2923 8
730 2998 3
731 857 6
731 1102 4
731 1197 2
731 1236 2
731 1406 2
731 1465 8
731 1519 7
731 1578 8
731 1653 9
731 1751 5
731 1805 8
731 1966 9
731 2378 6
731 2473 1
731 2502 5
731 2685 6
731 2759 10
731 2877 6
731 2956 9
732 898 1
732 984 3
732 1005 8
732 1097 3
732 1116 3
732 1151 6
732 1153 8
732 1401 3
732 1474 9
732 1484 6
732 1518 1
732 1579 3
732 1709 8
732 1725 3
732 1891 3
732 1945 7
732 2063 1
732 2093 9
732 2144 3
732 2196 3
732 2219 10
732 2326 5
732 2350 10
732 2473 1
732 2554 10
732 2605 3
732 2862 7
733 935 10
733 1052 7
733 1142 1
733 1193 1
733 1276 3
733 1285 1
733 1318 6
733 1348 10
733 1489 4
733 1492 2
733 1598 5
733 1743 4
733 1788 5
733 1914 8
733 2216 7
733 2311 5
733 2369 6
733 2548 7
733 2563 10
733 2659 8
733 2820 8
733 2993 2
734 771 9
734 937 8
734 940 3
734 1168 10
734 1270 4
734 1545 5
734 1668 9
734 1704 5
734 1803 4
734 1938 9
734 1971 9
734 1973 8
734 2068 9
734 2417 7
734 2634 8
734 2635 3
734 2636 1
734 2641 7
734 2729 6
734 2805 3
734 2849 5
734 2898 8
734 2923 4
734 2992 10
735 774 6
735 793 9
735 840 1
735 1023 3
735 1035 2
735 1066 1
735 1246 10
735 1284 4
735 1392 9
735 1461 8
735 1513 1
735 1598 6
735 1758 2
735 1779 1
735 1791 9
735 1839 7
735 1870 9
735 1925 5
735 2119 5
735 2213 7
735 2236 5
735 2394 5
735 2837 8
735 2920 10
736 806 6
736 853 4
736 1066 6
736 1237 7
736 1290 8
736 1335 7
736 1338 8
736 1954 1
736 2155 2
736 2197 4
736 2257 4
736 2350 8
736 2385 2
736 2455 3
736 2780 3
736 2920 7
736 2955 8
737 785 1
737 799 10
737 909 9
737 1006 8
737 1008 1
737 1232 6
737 1347 9
737 1364 7
737 1386 3
737 1419 9
737 1451 7
737 1503 6
737 1592 1
737 1763 4
737 1791 7
737 1840 6
737 2105 3
737 2176 2
737 2414 10
737 2890 10
737 2929 2
737 2963 8
737 2989 4
737 2999 3
738 755 3
738 880 2
738 894 8
738 1056 6
738 1095 4
738 1215 8
738 1232 3
738 1508 9
738 1615 9
738 1724 10
738 1823 8
738 1867 8
738 2030 4
738 2070 5
738 2127 1
738 2353 7
738 2371 8
738 2425 7
738 2653 7
738 2791 3
738 2951 6
739 847 3
739 934 1
739 1035 6
739 1160 6
739 1195 5
739 1334 1
739 1387 4
739 1624 9
739 1639 2
739 1682 5
739 1714 10
739 1811 4
739 2047 1
739 2302 2
739 2357 3
739 2387 10
739 2462 5
739 2526 7
739 2652 8
739 2775 10
739 2966 2
739 2997 7
740 783 3
740 942 4
740 965 1
740 1075 2
740 1169 8
740 1195 7
740 1232 10
740 1252 6
740 1312 6
740 1365 1
740 1406 7
740 1418 2
740 1480 3
740 1579 3
740 1653 9
740 1771 7
740 1910 9
740 1985 4
740 2043 7
740 2094 8
740 2457 6
740 2649 7
740 2728 10
740 2754 4
740 2867 10
740 2869 7
741 1070 2
741 1082 1
741 1085 10
741 1422 2
741 1506 6
741 1550 7
741 1617 7
741 1664 4
741 1828 5
741 1838 3
741 2000 5
741 2083 5
741 2134 9
741 2213 1
741 2415 10
741 2424 5
741 2533 5
741 2588 6
741 2734 6
741 2755 7
741 2758 2
741 2871 10
741 2943 3
742 791 4
742 1050 6
742 1317 3
742 1368 3
742 1667 4
742 1929 9
742 1970 9
742 2290 2
742 2353 10
742 2362 1
742 2446 10
742 2461 4
742 2527 5
742 2573 3
742 2603 4
742 2636 8
742 2727 8
742 2759 2
742 2790 3
742 2809 3
742 2919 7
743 1113 7
743 1129 7
743 1611 2
743 1643 7
743 1708 9
743 1726 1
743 1733 2
743 1934 10
743 2026 2
743 2028 5
743 2053 2
743 2151 3
743 2221 10
743 2261 6
743 2362 5
743 2371 3
743 2710 9
743 2722 1
743 2731 5
743 2765 6
743 2811 3
743 2918 1
743 2969 8
743 2979 7
744 800 1
744 968 8
744 985 8
744 1125 8
744 1218 4
744 1220 8
744 1270 5
744 1276 9
744 1404 7
744 1408 3
744 1425 10
744 1463 8
744 1566 7
744 1611 3
744 1698 1
744 1773 7
744 1787 9
744 1791 7
744 1832 5
744 1939 4
744 1986 7
744 2018 7
744 2106 2
744 2165 8
744 2624 9
744 2640 3
744 2967 6
745 781 2
745 795 3
745 843 5
745 969 5
745 1058 4
745 1102 2
745 1153 3
745 1154 3
745 1176 3
745 1184 1
745 1209 2
745 1279 9
745 1301 2
745 1609 2
745 1715 9
745 1901 7
745 1944 1
745 2036 10
745 2265 7
745 2280 8
745 2440 7
745 2510 5
745 2614 8
745 2649 1
745 2787 8
746 828 8
746 947 6
746 1122 7
746 1129 1
746 1170 5
746 1471 10
746 1626 8
746 1700 1
746 1881 9
746 1968 3
746 2215 10
746 2261 6
746 2324 2
746 2335 2
746 2392 6
746 2393 10
746 2595 7
746 2647 4
746 2841 7
746 2932 9
747 829 6
747 866 8
747 904 10
747 925 6
747 945 7
747 1079 2
747 1113 10
747 1146 5
747 1167 6
747 1353 1
747 1461 3
747 1515 10
747 1727 4
747 1747 5
747 1798 6
747 1988 10
747 2023 8
747 2059 8
747 2083 9
747 2172 3
747 2240 8
747 2261 6
747 2344 8
747 2434 2
747 2470 6
747 2567 2
748 758 9
748 975 9
748 992 3
748 996 2
748 1021 1
748 1054 4
748 1268 6
748 1388 3
748 1714 3
748 1861 7
748 2094 5
748 2150 6
748 2288 10
748 2407 7
748 2411 6
748 2451 10
748 2473 6
748 2505 8
748 2722 2
748 2741 4
748 2779 9
748 2857 1
748 2892 10
748 2981 8
749 847 9
749 952 8
749 966 10
749 1074 1
749 1083 10
749 1288 2
749 1567 10
749 1751 5
749 1921 6
749 1927 6
749 1930 3
749 1942 6
749 2028 3
749 2083 4
749 2130 9
749 2223 8
749 2291 2
749 2356 3
749 2388 4
749 2395 3
749 2425 10
749 2485 4
749 2736 2
749 2804 7
749 2830 1
749 2928 5
750 961 1
750 973 10
750 1168 4
750 1189 1
750 1383 1
750 1415 1
750 1526 2
750 1559 7
750 1583 6
750 1610 3
750 1698 6
750 1794 7
750 1973 8
750 2126 7
750 2147 8
750 2168 7
750 2182 8
750 2247 10
750 2391 3
750 2448 7
750 2730 2
750 2812 2
750 2854 1
750 2927 4
750 2951 5
751 752 5
751 1009 7
751 1055 7
751 1128 10
751 1182 1
751 1356 8
751 1360 10
751 1402 8
751 1419 5
751 1524 2
751 1538 6
751 1651 1
751 1821 7
751 1937 1
751 2026 8
751 2038 8
751 2083 3
751 2306 5
751 2380 1
751 2807 7
751 2829 7
752 754 2
752 869 9
752 878 7
752 978 3
752 1211 2
752 1218 9
752 1346 9
752 1625 5
752 1632 6
752 1752 7
752 1840 2
752 1866 1
752 1953 6
752 2024 2
752 2229 10
752 2382 7
752 2427 2
752 2439 6
752 2487 3
752 2553 8
752 2554 6
752 2576 2
752 2590 8
752 2625 1
752 2745 2
752 2867 5
753 794 9
753 927 3
753 1113 6
753 1140 8
753 1173 3
753 1199 5
753 1253 9
753 1319 2
753 1406 2
753 1637 1
753 1902 5
753 1932 10
753 2064 8
753 2156 2
753 2483 9
753 2664 7
753 2694 9
753 2799 4
753 2825 8
753 2898 2
754 824 6
754 873 5
754 922 3
754 976 3
754 1052 2
754 1060 1
754 1448 3
754 1686 2
754 1815 7
754 1886 2
754 1952 8
754 2028 1
754 2062 1
754 2248 6
754 2381 9
754 2435 9
754 2478 8
754 2487 6
754 2544 6
754 2638 3
754 2725 4
754 2950 2
754 2987 6
755 770 4
755 912 6
755 951 6
755 961 2
755 1033 9
755 1139 7
755 1322 10
755 1493 2
755 1535 4
755 1774 10
755 1921 3
755 1935 7
755 1960 3
755 1998 9
755 2072 6
755 2209 3
755 2492 8
755 2500 6
755 2755 10
755 2835 5
755 2869 3
756 928 5
756 1018 8
756 1033 5
756 1060 2
756 1182 1
756 1201 3
756 1285 1
756 1292 9
756 1365 3
756 1459 10
756 1464 8
756 1468 5
756 1482 2
756 1502 5
756 1543 1
756 1627 4
756 1691 8
756 1696 2
756 2288 4
756 2486 8
756 2495 6
756 2684 1
756 2805 1
757 759 5
757 797 9
757 818 9
757 820 4
757 830 6
757 832 2
757 876 5
757 899 2
757 940 10
757 968 4
757 1263 2
757 1326 9
757 1379 1
757 1402 2
757 1411 8
757 1471 9
757 1905 9
757 1919 3
757 2066 3
757 2173 10
757 2250 1
757 2272 1
757 2291 1
757 2324 6
757 2357 10
757 2432 4
757 2436 10
757 2538 9
757 2647 10
757 2671 10
757 2726 6
757 2731 1
757 2733 10
757 2853 8
757 2961 4
757 2964 4
758 773 8
758 793 9
758 820 7
758 1005 5
758 1177 3
758 1293 2
758 1304 2
758 1342 10
758 1391 3
758 1664 8
758 1751 4
758 2399 1
758 2447 10
758 2649 9
758 2694 7
758 2702 6
758 2825 2
758 2846 4
759 772 4
759 826 9
759 1365 3
759 1432 8
759 1479 6
759 1576 6
759 1625 6
759 1666 4
759 1835 6
759 1914 10
759 2168 9
759 2276 5
759 2318 1
759 2344 7
759 2447 1
759 2462 4
759 2467 7
759 2479 10
759 2715 6
759 2734 1
759 2845 3
759 2849 5
759 2874 9
759 2882 9
759 2898 10
759 2984 7
760 923 2
760 1180 9
760 1234 8
760 1300 10
760 1333 3
760 1363 5
760 1428 3
760 1588 2
760 1657 10
760 1786 9
760 1885 7
760 1982 10
760 2048 6
760 2151 2
760 2374 10
760 2788 8
760 2965 9
761 818 5
761 823 2
761 972 6
761 1008 3
761 1173 10
761 1217 8
761 1298 8
761 1609 8
761 1643 9
761 1718 3
761 1768 10
761 1914 1
761 2180 10
761 2181 1
761 2207 3
761 2243 5
761 2427 6
761 2446 5
761 2662 3
761 2702 8
761 2749 7
761 2763 8
761 2811 6
761 2981 6
762 850 5
762 851 9
762 862 2
762 916 5
762 921 8
762 1003 6
762 1260 7
762 1317 3
762 1451 5
762 1637 9
762 1929 6
762 2004 7
762 2016 5
762 2465 5
762 2467 8
762 2543 3
762 2670 8
762 2697 6
762 2970 10
763 817 4
763 831 9
763 1165 1
763 1170 5
763 1381 1
763 1567 8
763 1609 1
763 1735 8
763 1911 7
763 1942 1
763 2138 9
763 2270 10
763 2532 3
763 2541 8
763 2557 1
763 2665 6
763 2803 10
763 2835 8
763 2851 1
763 2858 4
763 2899 2
763 2900 6
763 2903 7
764 909 6
764 957 1
764 1049 10
764 1057 4
764 1364 10
764 1415 3
764 1478 6
764 1496 5
764 1532 5
764 1562 7
764 1700 6
764 1778 9
764 1967 8
764 2125 2
764 2156 7
764 2256 4
764 2260 1
764 2508 2
764 2573 7
764 2689 3
764 2729 5
764 2782 1
764 2862 6
764 2866 7
764 2876 8
764 2960 3
764 2967 4
764 2981 1
765 825 3
765 848 2
765 856 4
765 894 5
765 1079 7
765 1139 3
765 1151 10
765 1197 1
765 1215 10
765 1231 8
765 1286 9
765 1457 4
765 1509 9
765 1554 9
765 1620 9
765 1749 7
765 1777 7
765 1849 10
765 1875 6
765 1880 5
765 2044 5
765 2158 9
765 2308 4
765 2396 9
765 2513 10
765 2518 3
765 2619 1
765 2652 2
765 2667 2
765 2695 3
765 2735 10
765 2801 9
765 2902 6
766 770 1
766 835 10
766 875 8
766 965 10
766 1011 5
766 1025 3
766 1137 7
766 1190 3
766 1219 2
766 1368 4
766 1404 4
766 1553 1
766 1581 2
766 1930 10
766 2117 5
766 2163 3
766 2295 4
766 2427 3
766 2531 6
766 2561 4
766 2591 1
766 2632 8
766 2710 8
766 2741 5
767 795 8
767 813 6
767 988 8
767 996 10
767 1145 3
767 1162 1
767 1221 1
767 1332 2
767 1333 1
767 1463 6
767 1609 10
767 1622 7
767 1682 1
767 2332 6
767 2382 10
767 2490 8
767 2653 3
767 2688 5
767 2773 3
767 2887 2
767 2950 5
768 1053 4
768 1131 6
768 1298 6
768 1382 10
768 1383 1
768 1429 6
768 1645 1
768 1847 6
768 1853 6
768 1906 6
768 2022 6
768 2054 1
768 2144 8
768 2487 10
768 2493 9
768 2523 8
768 2538 6
768 2680 9
768 2686 7
768 2778 1
768 2802 5
769 842 7
769 866 5
769 1000 6
769 1027 3
769 1146 5
769 1362 9
769 1364 9
769 1577 6
769 1666 1
769 1681 1
769 2058 1
769 2172 9
769 2235 2
769 2373 1
769 2428 4
769 2527 5
769 2626 7
769 2791 5
770 858 9
770 915 5
770 1017 3
770 1051 6
770 1219 8
770 1577 8
770 1617 9
770 1642 1
770 1645 5
770 1743 8
770 1983 10
770 1998 8
770 2007 9
770 2057 8
770 2393 6
770 2548 5
770 2641 7
770 2782 3
770 2913 7
771 928 9
771 1193 3
771 1220 3
771 1338 1
771 1394 7
771 1501 9
771 1607 7
771 1638 1
771 1671 3
771 1710 3
771 1784 2
771 1802 9
771 2160 10
771 2320 10
771 2512 8
771 2711 5
771 2760 2
771 2795 9
771 2832 7
771 2989 9
772 1020 10
772 1049 4
772 1085 8
772 1114 4
772 1132 2
772 1153 4
772 1203 7
772 1252 5
772 1371 2
772 1450 2
772 1525 4
772 1631 6
772 1639 9
772 1785 4
772 1950 3
772 2231 2
772 2238 1
772 2406 6
772 2450 10
772 2473 7
772 2522 7
772 2590 10
772 2621 4
772 2629 8
772 2649 8
772 2703 4
772 2793 4
772 2816 3
772 2985 10
772 2990 5
773 829 1
773 966 9
773 1133 6
773 1323 9
773 1544 6
773 1610 5
773 1650 9
773 1653 2
773 1738 9
773 1827 10
773 1874 4
773 1914 4
773 1931 8
773 2098 9
773 2203 6
773 2227 5
773 2309 10
773 2488 3
773 2546 4
773 2647 3
773 2750 4
773 2991 4
774 851 6
774 971 1
774 1031 3
774 1341 8
774 1390 2
774 1402 7
774 1515 3
774 1680 7
774 1888 2
774 1997 2
774 2254 1
774 2435 1
774 2544 3
774 2822 6
774 2853 2
774 2863 3
774 2907 5
774 2919 3
775 817 8
775 947 7
775 956 4
775 1068 5
775 1080 3
775 1109 1
775 1137 9
775 1152 5
775 1334 6
775 1635 3
775 1645 10
775 1743 10
775 1817 7
775 2161 6
775 2174 1
775 2530 4
775 2543 2
775 2610 8
775 2621 7
775 2626 4
775 2672 9
775 2684 3
775 2730 3
775 2738 2
776 799 7
776 949 5
776 996 10
776 1023 2
776 1036 8
776 1070 9
776 1242 7
776 1307 1
776 1454 8
776 1937 3
776 1990 6
776 2008 6
776 2108 8
776 2220 7
776 2221 6
776 2258 4
776 2415 2
776 2472 5
776 2573 1
776 2812 6
776 2985 9
777 945 4
777 1088 10
777 1240 9
777 1299 2
777 1552 2
777 1656 2
777 2243 4
777 2249 5
777 2356 1
777 2413 6
777 2489 7
777 2525 9
777 2531 6
777 2654 7
777 2829 8
777 2943 7
778 918 10
778 1208 8
778 1313 4
778 1361 8
778 1536 1
778 1569 1
778 1764 2
778 1904 10
778 2221 5
778 2276 3
778 2315 2
778 2368 7
778 2503 10
778 2508 3
778 2566 7
779 834 1
779 1049 10
779 1192 2
779 1195 4
779 1294 5
779 1314 8
779 1453 7
779 1484 2
779 1521 2
779 1653 6
779 1855 1
779 1940 4
779 2107 6
779 2109 2
779 2176 2
779 2186 8
779 2375 6
779 2415 1
779 2460 9
779 2514 2
779 2626 10
779 2702 1
779 2716 4
780 798 6
780 923 1
780 951 3
780 992 2
780 1010 5
780 1018 9
780 1260 3
780 1282 7
780 1311 4
780 1589 3
780 1684 4
780 1708 8
780 1777 10
780 1830 3
780 1949 1
780 2015 6
780 2056 9
780 2271 8
780 2397 10
780 2514 1
780 2762 5
781 826 8
781 1313 2
781 1316 1
781 1354 1
781 1397 5
781 1466 9
781 1491 4
781 1597 5
781 1611 7
781 1826 2
781 1891 5
781 2039 2
781 2053 7
781 2066 3
781 2132 9
781 2212 1
781 2320 1
781 2404 5
781 2476 8
781 2522 3
781 2662 2
781 2766 5
781 2768 6
781 2845 9
781 2851 2
781 2902 10
781 2908 1
782 926 5
782 935 10
782 983 2
782 1000 7
782 1004 2
782 1164 5
782 1169 1
782 1205 2
782 1286 8
782 1299 1
782 1330 9
782 1372 5
782 1416 1
782 1518 10
782 1562 4
782 1638 1
782 1719 8
782 1723 9
782 1897 7
782 1929 1
782 1958 9
782 1990 3
782 2022 8
782 2028 4
782 2163 9
782 2352 7
782 2360 8
782 2447 3
782 2555 9
782 2595 9
782 2607 8
782 2614 10
782 2717 4
782 2737 8
782 2810 5
782 2818 10
782 2922 3
783 805 3
783 892 6
783 1024 1
783 1092 6
783 1320 8
783 1404 8
783 1429 1
783 1434 4
783 1520 8
783 1729 7
783 1810 10
783 2023 6
783 2048 1
783 2104 4
783 2202 4
783 2298 10
783 2482 4
783 2498 5
783 2602 3
783 2603 7
783 2679 10
783 2707 5
783 2805 8
783 2806 8
783 2908 10
783 2969 3
784 836 9
784 1004 3
784 1158 10
784 1200 1
784 1588 8
784 1692 6
784 1773 8
784 1801 3
784 1826 7
784 1939 2
784 2115 6
784 2214 7
784 2239 3
784 2251 9
784 2282 3
784 2407 8
784 2455 6
784 2530 10
784 2663 4
784 2678 9
784 2808 8
784 2857 3
784 2881 4
784 2910 8
784 2947 4
785 1006 10
785 1064 4
785 1075 1
785 1218 10
785 1358 1
785 1413 2
785 1472 7
785 1491 9
785 1518 3
785 1601 7
785 1641 4
785 1667 2
785 1791 10
785 1839 6
785 2234 4
785 2463 9
785 2475 4
785 2724 10
785 2759 7
785 2817 1
785 2843 6
785 2858 8
785 2923 4
785 2958 8
786 902 9
786 931 7
786 952 9
786 1016 7
786 1133 10
786 1137 2
786 1157 4
786 1295 3
786 1460 1
786 1566 5
786 1685 7
786 1815 9
786 1918 8
786 2046 9
786 2171 8
786 2214 4
786 2284 8
786 2443 9
786 2491 10
786 2502 5
786 2589 8
786 2624 10
786 2709 8
786 2845 8
786 2944 8
786 2999 9
787 853 4
787 861 5
787 862 8
787 886 7
787 1093 1
787 1114 5
787 1224 6
787 1306 7
787 1344 2
787 1348 9
787 1353 3
787 1519 9
787 1739 8
787 1904 7
787 1946 10
787 2054 10
787 2158 7
787 2274 10
787 2297 7
787 2443 7
787 2475 5
787 2490 3
787 2502 3
787 2504 2
787 2581 10
787 2620 8
787 2749 9
787 2791 9
787 2851 7
787 2862 9
788 1106 1
788 1195 3
788 1425 1
788 1672 6
788 1709 4
788 1837 5
788 1887 1
788 1964 4
788 2010 10
788 2036 4
788 2039 3
788 2088 10
788 2257 9
788 2314 7
788 2553 8
788 2574 8
788 2763 4
788 2871 7
789 821 10
789 863 10
789 878 10
789 1179 10
789 1185 10
789 1215 7
789 1301 5
789 1499 4
789 1650 5
789 1754 8
789 1960 10
789 2085 2
789 2305 10
789 2396 7
789 2476 1
789 2640 8
789 2693 10
789 2798 10
789 2854 7
789 2877 7
789 2983 7
789 2992 6
790 960 1
790 1144 5
790 1197 1
790 1312 10
790 1441 8
790 1778 10
790 2005 10
790 2167 1
790 2331 7
790 2419 4
790 2455 6
790 2461 10
790 2464 5
790 2474 8
790 2807 10
790 2843 6
791 1109 7
791 1115 7
791 1186 5
791 1299 2
791 1307 6
791 1539 6
791 1703 4
791 1729 7
791 1768 7
791 1781 8
791 1828 10
791 2097 3
791 2283 5
791 2295 5
791 2301 2
791 2328 3
791 2606 6
791 2709 8
791 2722 2
791 2791 3
791 2792 6
791 2881 10
792 885 10
792 1042 3
792 1170 8
792 1285 6
792 1441 3
792 1624 6
792 1633 9
792 1686 7
792 1735 3
792 1753 4
792 1783 5
792 1845 6
792 1881 10
792 2198 5
792 2568 10
792 2696 5
792 2771 4
792 2775 1
792 2907 8
792 2990 8
793 1005 3
793 1086 9
793 1095 2
793 1167 9
793 1298 9
793 1305 6
793 1340 10
793 1389 9
793 1521 6
793 1614 4
793 1703 9
793 1788 3
793 1927 4
793 2026 10
793 2049 10
793 2289 2
793 2326 7
793 2339 6
793 2515 8
793 2621 10
793 2672 10
793 2722 4
793 2769 2
793 2787 4
793 2843 4
793 2875 8
793 2956 7
794 959 2
794 1164 5
794 1206 9
794 1215 7
794 1217 3
794 1308 3
794 1342 4
794 1535 4
794 1540 5
794 1696 9
794 1739 1
794 1813 1
794 2215 5
794 2219 6
794 2252 2
794 2277 4
794 2307 3
794 2311 10
794 2314 8
794 2371 1
794 2396 2
794 2479 8
794 2508 10
794 2542 10
794 2649 1
794 2936 5
795 909 8
795 939 3
795 997 2
795 1290 5
795 1350 7
795 1611 2
795 1640 10
795 1750 8
795 1791 10
795 2097 2
795 2295 5
795 2304 7
795 2327 8
795 2537 10
795 2594 7
795 2611 8
795 2821 2
795 2960 8
796 913 9
796 977 9
796 989 5
796 1017 2
796 1235 9
796 1242 3
796 1349 5
796 1382 10
796 1438 4
796 1548 10
796 1590 8
796 1638 2
796 1705 8
796 2099 8
796 2537 5
796 2542 3
796 2565 10
796 2663 8
796 2756 4
796 2815 9
797 846 6
797 877 1
797 892 2
797 935 2
797 937 10
797 1044 4
797 1096 3
797 1127 10
797 1133 9
797 1311 6
797 1388 8
797 1420 9
797 1648 3
797 1791 3
797 2235 2
797 2282 7
797 2344 3
797 2351 9
797 2904 3
797 2970 9
798 820 7
798 948 3
798 968 9
798 1194 8
798 1310 9
798 1603 8
798 1720 4
798 1738 10
798 1923 2
798 2039 8
798 2074 2
798 2312 10
798 2320 7
798 2406 1
798 2408 5
798 2517 3
798 2568 8
798 2642 5
798 2717 10
798 2873 6
799 929 8
799 1040 8
799 1124 10
799 1352 3
799 1509 2
799 1545 9
799 1604 8
799 1622 1
799 1631 4
799 1665 3
799 1675 2
799 1687 8
799 1733 4
799 1793 10
799 1961 10
799 2174 8
799 2226 1
799 2288 2
799 2462 2
799 2513 1
799 2694 1
799 2814 1
799 2979 4
799 2993 6
800 851 6
800 1021 1
800 1297 10
800 1303 8
800 1466 8
800 1493 6
800 1679 5
800 1690 10
800 1735 4
800 1833 10
800 1869 3
800 1905 8
800 1911 10
800 1920 1
800 1977 8
800 2244 6
800 2739 4
800 2863 2
800 2934 1
801 1184 10
801 1209 8
801 1350 3
801 1585 9
801 1657 6
801 1706 8
801 1894 3
801 2013 7
801 2076 6
801 2143 4
801 2284 6
801 2508 9
801 2530 3
801 2553 5
801 2558 8
801 2687 2
801 2718 9
801 2944 7
802 848 8
802 952 6
802 1070 9
802 1306 6
802 1339 2
802 1349 10
802 1478 1
802 1500 4
802 1634 5
802 1729 5
802 1740 1
802 1785 3
802 1828 3
802 1882 3
802 1940 4
802 1959 4
802 2137 5
802 2208 1
802 2244 10
802 2304 1
802 2386 1
802 2719 1
802 2762 6
802 2833 9
802 2932 2
802 2966 3
803 804 10
803 888 7
803 953 7
803 1053 6
803 1131 1
803 1167 3
803 1182 7
803 1214 8
803 1248 9
803 1402 7
803 1658 8
803 1743 5
803 1793 5
803 1856 8
803 1871 9
803 1902 7
803 1938 4
803 1971 9
803 2022 7
803 2066 2
803 2242 2
803 2332 9
803 2351 2
803 2620 10
803 2642 1
803 2684 3
803 2812 2
803 2908 3
803 2986 5
803 2993 2
804 934 8
804 960 9
804 1078 10
804 1185 10
804 1191 7
804 1337 2
804 1352 7
804 1382 9
804 1597 4
804 1631 8
804 1670 9
804 1769 6
804 1919 3
804 1983 2
804 2119 6
804 2172 8
804 2794 8
804 2827 6
804 2835 9
804 2974 2
805 849 10
805 1017 9
805 1059 9
805 1153 6
805 1202 4
805 1286 2
805 1329 4
805 1506 2
805 1600 4
805 1709 5
805 1835 5
805 1874 10
805 2058 3
805 2127 4
805 2211 1
805 2281 2
805 2332 9
805 2356 8
805 2387 8
805 2661 7
805 2826 5
805 2839 3
805 2918 10
805 2945 5
806 851 2
806 870 4
806 871 8
806 1398 10
806 1473 8
806 1491 9
806 1549 7
806 1741 3
806 1784 10
806 1984 7
806 2073 5
806 2276 5
806 2322 2
806 2348 1
806 2370 7
806 2591 8
806 2685 3
806 2784 6
806 2887 7
806 2907 8
806 2923 3
806 2939 10
806 2956 8
807 866 5
807 1041 7
807 1088 5
807 1150 3
807 1179 10
807 1412 9
807 1719 8
807 1759 1
807 1905 9
807 1958 1
807 1987 8
807 2035 1
807 2191 6
807 2219 8
807 2927 1
808 822 9
808 1081 9
808 1196 2
808 1235 8
808 1656 4
808 1863 9
808 1907 2
808 1912 3
808 2123 3
808 2179 3
808 2203 7
808 2261 3
808 2404 5
808 2428 1
808 2488 6
808 2496 3
808 2697 4
808 2755 10
808 2968 4
808 2998 4
809 859 3
809 1070 10
809 1206 10
809 1282 1
809 1297 6
809 1313 1
809 1426 4
809 1446 3
809 1485 4
809 1651 8
809 1653 8
809 1695 2
809 1700 1
809 1761 9
809 1795 10
809 1836 8
809 1852 10
809 1870 7
809 2048 4
809 2230 7
809 2768 3
809 2786 3
810 926 5
810 982 7
810 1168 10
810 1212 3
810 1245 6
810 1248 10
810 1267 8
810 1529 8
810 1647 10
810 1804 5
810 1967 6
810 2135 5
810 2147 3
810 2224 7
810 2392 2
810 2862 8
810 2946 4
811 934 10
811 978 7
811 1125 3
811 1160 7
811 1529 8
811 1566 8
811 1733 3
811 1990 9
811 2033 10
811 2087 7
811 2209 9
811 2274 2
811 2322 3
811 2376 4
811 2395 3
811 2414 6
811 2436 9
811 2464 10
811 2546 8
811 2547 6
811 2724 8
811 2856 1
811 2930 1
811 2961 5
812 831 6
812 972 6
812 1145 1
812 1318 10
812 1587 4
812 1612 10
812 1688 9
812 1777 7
812 1879 4
812 1963 7
812 2084 7
812 2328 3
812 2330 5
812 2502 3
812 2642 2
812 2987 1
813 834 4
813 949 9
813 1044 8
813 1102 4
813 1480 10
813 1481 3
813 1512 2
813 1569 2
813 1593 7
813 1659 1
813 1673 1
813 1766 6
813 1873 1
813 2188 5
813 2190 6
813 2264 8
813 2303 5
813 2322 1
813 2403 5
813 2691 3
813 2708 7
813 2719 7
813 2889 3
813 2890 8
814 851 8
814 934 6
814 966 1
814 1332 4
814 1425 3
814 1489 5
814 1714 5
814 1925 3
814 1990 8
814 2038 1
814 2295 2
814 2334 4
814 2339 7
814 2440 7
814 2500 3
814 2523 4
814 2597 5
814 2778 6
814 2795 10
814 2996 9
815 1020 9
815 1316 9
815 1399 7
815 1493 1
815 1623 8
815 1805 9
815 1998 8
815 2062 6
815 2174 3
815 2263 3
815 2290 8
815 2380 8
815 2397 3
815 2479 6
815 2567 6
815 2577 5
815 2617 3
815 2821 10
815 2990 3
816 926 3
816 1063 3
816 1097 9
816 1130 9
816 1304 3
816 1321 3
816 1435 6
816 1642 9
816 1814 8
816 1911 6
816 1935 3
816 1940 8
816 1960 9
816 2041 4
816 2078 10
816 2106 3
816 2117 2
816 2224 8
816 2401 8
816 2557 6
816 2559 9
816 2567 10
816 2657 4
816 2775 10
816 2836 7
816 2933 8
817 853 7
817 1015 8
817 1029 10
817 1076 1
817 1079 2
817 1087 9
817 1118 2
817 1406 5
817 1435 2
817 1486 3
817 1595 9
817 1611 1
817 1653 8
817 1657 9
817 1664 9
817 1674 9
817 1741 1
817 1759 1
817 1802 5
817 1883 3
817 1940 6
817 1958 7
817 2016 10
817 2022 5
817 2038 1
817 2148 10
817 2344 1
817 2370 8
817 2454 3
817 2470 8
817 2521 10
817 2614 7
817 2894 5
818 1069 3
818 1080 7
818 1095 5
818 1126 5
818 1141 6
818 1147 1
818 1195 7
818 1244 9
818 1357 6
818 1373 10
818 1429 7
818 1519 1
818 1520 7
818 1541 5
818 1558 9
818 1744 7
818 1782 5
818 1800 5
818 1868 8
818 1952 5
818 1982 10
818 2014 9
818 2184 6
818 2188 2
818 2473 8
818 2618 9
818 2901 2
818 2944 1
818 2959 9
819 831 4
819 1022 1
819 1029 4
819 1190 3
819 1253 1
819 1286 10
819 1292 1
819 1295 1
819 1609 2
819 1622 7
819 1637 7
819 1900 5
819 1926 3
819 1965 6
819 1987 3
819 2131 4
819 2336 4
819 2422 5
819 2538 7
819 2577 8
819 2634 7
819 2954 7
819 2980 9
820 840 4
820 1055 9
820 1067 3
820 1079 6
820 1346 7
820 1357 6
820 1363 6
820 1371 4
820 1412 6
820 1573 8
820 1584 8
820 1715 4
820 1731 9
820 1751 8
820 1897 10
820 1941 3
820 2184 7
820 2218 6
820 2261 3
820 2292 7
820 2340 10
820 2348 6
820 2505 6
820 2646 5
820 2712 8
820 2725 10
820 2822 4
821 899 2
821 1002 9
821 1078 3
821 1264 3
821 1327 6
821 1434 6
821 1537 5
821 1650 9
821 1932 4
821 1946 4
821 2040 10
821 2198 6
821 2406 2
821 2493 6
821 2537 2
821 2558 10
821 2657 7
821 2735 4
821 2737 2
821 2783 6
821 2801 2
821 2818 8
822 891 10
822 956 10
822 957 10
822 1000 8
822 1005 6
822 1030 5
822 1281 5
822 1283 9
822 1395 5
822 1495 4
822 1653 4
822 1872 9
822 2119 3
822 2179 3
822 2256 4
822 2316 9
822 2352 2
822 2671 8
822 2693 5
822 2752 5
822 2938 3
823 981 5
823 1029 1
823 1369 1
823 1452 4
823 1468 3
823 1481 4
823 1568 4
823 1619 2
823 1762 5
823 1803 9
823 1949 3
823 2175 7
823 2284 9
823 2333 5
823 2356 6
823 2361 7
823 2365 10
823 2432 5
823 2543 3
823 2577 5
824 873 4
824 892 10
824 919 8
824 1007 9
824 1128 3
824 1147 9
824 1415 1
824 1517 7
824 1696 1
824 1720 8
824 1722 6
824 1762 4
824 1813 8
824 1829 6
824 1839 8
824 1885 6
824 1926 10
824 1983 4
824 2032 2
824 2186 7
824 2268 5
824 2340 4
824 2599 3
824 2651 4
824 2813 7
824 2907 3
825 959 7
825 1278 7
825 1438 8
825 1661 2
825 1796 1
825 1856 2
825 2171 1
825 2284 9
825 2480 8
825 2520 10
825 2540 9
825 2582 7
825 2705 3
825 2789 3
825 2917 2
826 1101 5
826 1105 7
826 1107 3
826 1262 9
826 1412 10
826 1534 2
826 1578 5
826 1685 10
826 1698 8
826 1779 6
826 1913 9
826 2048 2
826 2136 4
826 2194 7
826 2218 1
826 2358 8
826 2521 9
826 2536 10
826 2539 3
826 2569 1
826 2639 8
826 2787 9
826 2793 6
826 2894 3
826 2926 4
827 1010 9
827 1039 2
827 1049 8
827 1137 2
827 1182 10
827 1210 3
827 1216 1
827 1250 2
827 1346 4
827 1516 9
827 1532 4
827 1713 1
827 1751 4
827 1796 8
827 1818 4
827 1884 7
827 1905 2
827 1951 10
827 2107 1
827 2188 2
827 2237 4
827 2244 2
827 2295 4
827 2346 5
827 2374 10
827 2476 10
827 2528 2
827 2546 1
827 2567 7
827 2578 9
827 2591 8
827 2597 5
827 2602 5
827 2621 2
827 2642 1
827 2659 8
827 2811 10
827 2939 2
827 2983 8
828 1148 10
828 1159 9
828 1178 9
828 1234 2
828 1324 5
828 1488 9
828 1525 9
828 1630 5
828 1646 7
828 2087 3
828 2115 10
828 2218 3
828 2360 2
828 2515 1
828 2551 6
828 2627 3
828 2866 1
829 833 5
829 956 9
829 1016 3
829 1147 2
829 1173 2
829 1206 10
829 1255 8
829 1408 10
829 1509 2
829 1841 5
829 1897 1
829 1923 6
829 2033 5
829 2088 4
829 2183 5
829 2200 1
829 2320 5
829 2364 9
829 2497 7
829 2611 5
829 2711 3
829 2772 3
829 2907 1
829 2970 5
829 2975 9
830 1126 7
830 1280 1
830 1490 10
830 1672 6
830 1838 5
830 1843 7
830 2421 3
830 2423 7
830 2550 7
830 2628 6
830 2670 10
830 2742 6
830 2822 10
831 879 2
831 1068 9
831 1083 2
831 1117 2
831 1133 3
831 1199 10
831 1259 10
831 1370 7
831 1564 10
831 1817 1
831 1848 8
831 2215 9
831 2309 7
831 2416 1
831 2426 5
831 2461 6
831 2553 8
831 2651 1
831 2677 4
831 2977 10
832 1013 9
832 1127 1
832 1643 6
832 1649 7
832 1807 10
832 2086 5
832 2272 9
832 2330 4
832 2340 4
832 2347 5
832 2423 1
832 2496 4
832 2870 6
832 2892 9
832 2898 1
832 2922 2
832 2923 6
833 854 7
833 1048 1
833 1107 8
833 1367 3
833 1398 4
833 1494 2
833 1496 10
833 1523 9
833 1626 6
833 1669 8
833 1995 9
833 2310 4
833 2340 2
833 2359 1
833 2375 9
833 2466 9
833 2553 4
833 2601 7
833 2946 9
833 2981 1
834 928 1
834 982 2
834 1022 4
834 1082 5
834 1157 7
834 1253 8
834 1359 6
834 1611 2
834 1831 8
834 1997 4
834 2142 9
834 2155 3
834 2336 5
834 2354 8
834 2407 7
834 2513 10
834 2601 4
834 2612 4
834 2802 9
834 2836 2
834 2868 7
834 2983 8
835 976 1
835 1033 9
835 1373 4
835 1621 2
835 1765 9
835 1780 5
835 1799 10
835 1817 3
835 1940 2
835 1955 5
835 1967 3
835 2020 9
835 2322 1
835 2393 4
835 2430 10
835 2539 3
835 2571 3
835 2600 2
835 2710 6
835 2724 1
835 2731 9
835 2821 1
835 2854 6
835 2897 2
835 2981 10
836 1239 1
836 1358 4
836 1396 8
836 1539 5
836 1772 3
836 1780 6
836 1985 10
836 2323 3
836 2325 9
836 2367 8
836 2527 10
836 2528 6
836 2594 3
836 2597 8
837 1021 1
837 1024 8
837 1100 2
837 1173 4
837 1193 3
837 1385 8
837 1463 5
837 1524 2
837 1755 7
837 1815 4
837 1916 9
837 2075 1
837 2143 5
837 2191 5
837 2261 9
837 2327 10
837 2377 2
837 2477 4
837 2509 2
837 2595 10
837 2753 3
837 2769 5
837 2800 8
837 2834 6
837 2878 3
837 2886 5
838 1084 1
838 1196 10
838 1204 10
838 1315 4
838 1330 3
838 1337 3
838 1346 1
838 1471 1
838 1591 2
838 1702 4
838 1841 9
838 1869 2
838 1949 7
838 1971 8
838 1977 2
838 2112 8
838 2114 7
838 2121 9
838 2191 2
838 2229 9
838 2260 7
838 2340 6
838 2508 2
838 2515 5
838 2528 2
838 2687 6
838 2767 6
838 2831 10
838 2847 1
838 2905 9
838 2922 3
838 2930 3
838 2989 6
839 895 8
839 1154 10
839 1194 5
839 1394 5
839 1426 4
839 1475 3
839 2177 10
839 2286 5
839 2327 1
839 2454 9
839 2489 2
839 2490 4
839 2576 7
839 2591 3
839 2651 3
839 2924 2
840 898 7
840 997 4
840 1031 10
840 1187 9
840 1237 6
840 1244 3
840 1307 5
840 1340 1
840 1437 10
840 1467 2
840 1527 10
840 1532 10
840 1582 7
840 1613 10
840 1632 8
840 1731 1
840 1936 9
840 1974 2
840 2221 8
840 2309 10
840 2743 7
840 2813 2
840 2831 9
840 2968 1
841 864 8
841 976 8
841 1055 6
841 1056 3
841 1131 5
841 1290 2
841 1412 1
841 1417 10
841 1432 5
841 1598 3
841 1634 9
841 1679 5
841 1688 1
841 1765 2
841 1852 4
841 1955 5
841 1996 4
841 2090 7
841 2118 10
841 2173 8
841 2181 10
841 2250 4
841 2303 8
841 2408 2
841 2532 5
841 2644 1
841 2711 1
841 2765 1
841 2910 3
841 2931 9
841 2947 5
841 2970 7
842 864 2
842 1125 3
842 1131 9
842 1364 9
842 1431 1
842 1708 7
842 2059 1
842 2175 7
842 2178 6
842 2187 3
842 2255 7
842 2291 10
842 2388 6
842 2429 1
842 2550 3
842 2556 1
842 2572 4
842 2635 6
842 2644 4
842 2708 8
842 2718 7
842 2739 10
842 2818 9
842 2881 9
842 2927 2
843 1126 2
843 1134 8
843 1195 2
843 1307 6
843 1412 5
843 1430 8
843 1487 2
843 1544 4
843 1548 1
843 1610 6
843 1653 6
843 1803 6
843 1830 4
843 1838 5
843 1918 1
843 2081 7
843 2082 8
843 2632 6
843 2699 6
843 2870 10
843 2873 6
843 2944 1
843 2948 2
844 1026 1
844 1214 7
844 1257 2
844 1317 7
844 1401 4
844 1515 9
844 1601 10
844 1710 2
844 1718 3
844 1780 7
844 1784 2
844 1819 7
844 1894 2
844 1939 9
844 2056 3
844 2224 1
844 2399 9
844 2495 9
844 2782 4
844 2854 9
844 2858 9
845 985 8
845 986 1
845 1043 6
845 1241 6
845 1492 2
845 1515 10
845 1522 3
845 1526 2
845 1700 2
845 1734 8
845 1862 5
845 2030 5
845 2075 8
845 2259 9
845 2272 4
845 2410 2
845 2421 2
845 2650 1
845 2834 1
845 2857 9
845 2939 10
845 2988 5
846 970 2
846 1175 6
846 1205 9
846 1220 7
846 1229 4
846 1301 5
846 1395 10
846 1534 5
846 1557 4
846 1600 2
846 1634 10
846 1754 2
846 1958 3
846 2167 3
846 2215 5
846 2246 2
846 2272 6
846 2459 7
846 2531 8
846 2586 1
846 2614 6
846 2630 1
846 2701 3
846 2817 2
847 930 8
847 1091 6
847 1205 10
847 1372 2
847 1375 3
847 1387 7
847 1471 4
847 1518 8
847 1588 5
847 1668 1
847 1718 8
847 1739 10
847 1790 3
847 1824 9
847 1848 1
847 1937 6
847 1940 6
847 1988 3
847 2133 4
847 2139 7
847 2154 1
847 2166 7
847 2309 1
847 2319 8
847 2437 2
847 2589 3
847 2638 7
847 2686 5
847 2805 8
847 2893 5
847 2921 4
847 2949 9
847 2958 10
847 2965 5
848 1418 1
848 1423 1
848 1529 1
848 1981 10
848 2100 4
848 2176 2
848 2319 10
848 2334 5
848 2349 6
848 2399 2
848 2445 2
848 2691 7
848 2811 7
848 2830 9
848 2844 10
848 2865 8
848 2959 3
848 2990 3
849 1152 1
849 1210 6
849 1239 10
849 1242 4
849 1271 8
849 1378 7
849 1468 10
849 1581 6
849 1661 7
849 1710 2
849 2124 7
849 2138 3
849 2159 2
849 2211 2
849 2214 10
849 2330 9
849 2347 10
849 2474 7
849 2478 10
849 2595 8
849 2797 10
849 2799 8
849 2974 6
850 871 5
850 877 5
850 938 7
850 955 9
850 1189 9
850 1253 7
850 1335 5
850 1417 3
850 1454 1
850 1504 3
850 1613 1
850 1668 10
850 1771 4
850 2102 7
850 2248 4
850 2309 7
850 2521 7
850 2789 9
850 2823 4
850 2933 1
850 2955 2
850 2984 1
851 901 9
851 1189 5
851 1293 4
851 1306 9
851 1377 5
851 1557 2
851 1585 3
851 1609 7
851 1661 5
851 1887 3
851 1938 8
851 1970 6
851 2122 2
851 2186 1
851 2278 10
851 2494 1
851 2500 5
851 2641 10
851 2759 8
851 2807 7
851 2900 6
851 2997 2
852 902 6
852 928 4
852 952 2
852 1067 10
852 1099 9
852 1215 10
852 1301 5
852 1335 5
852 1465 6
852 1478 1
852 1530 10
852 1533 8
852 1558 9
852 1573 6
852 1777 3
852 2037 7
852 2224 6
852 2355 7
852 2527 10
852 2620 7
852 2760 9
852 2771 8
852 2815 4
852 2858 6
852 2965 2
852 2984 10
853 900 10
853 938 10
853 1006 1
853 1132 10
853 1146 1
853 1148 9
853 1256 7
853 1260 9
853 1384 4
853 1484 8
853 1675 5
853 1690 10
853 1728 10
853 1815 7
853 1915 5
853 1951 6
853 2071 2
853 2360 9
853 2380 1
853 2477 3
853 2488 10
853 2628 9
853 2775 3
854 855 3
854 980 1
854 1004 7
854 1119 6
854 1251 8
854 1277 7
854 1322 1
854 1486 5
854 1522 8
854 1589 2
854 1744 6
854 1928 2
854 2204 1
854 2217 10
854 2239 1
854 2292 1
854 2361 9
854 2527 10
854 2796 7
854 2856 8
855 874 5
855 1078 5
855 1082 9
855 1224 5
855 1421 7
855 1438 10
855 1460 5
855 1574 4
855 1608 7
855 1617 7
855 1619 2
855 1799 9
855 1916 6
855 1937 5
855 1956 4
855 2019 3
855 2078 9
855 2127 5
855 2133 10
855 2294 3
855 2417 10
855 2864 5
855 2910 10
856 942 7
856 1107 8
856 1109 4
856 1158 1
856 1257 1
856 1350 5
856 1392 8
856 1729 10
856 2076 10
856 2393 3
856 2547 6
856 2663 9
856 2669 7
856 2774 10
857 983 3
857 1236 3
857 1492 6
857 1514 10
857 1540 9
857 1589 1
857 1623 8
857 1626 4
857 1638 9
857 1777 5
857 1778 8
857 1822 5
857 1893 5
857 2238 1
857 2412 2
857 2611 6
857 2645 9
857 2716 8
857 2717 1
857 2896 7
858 892 3
858 915 7
858 979 4
858 1019 9
858 1042 9
858 1120 3
858 1190 6
858 1302 10
858 1382 4
858 1497 4
858 1617 5
858 1722 3
858 1916 8
858 1988 7
858 2038 6
858 2063 3
858 2138 9
858 2164 5
858 2230 3
858 2244 6
858 2490 10
858 2558 5
858 2580 4
858 2729 6
858 2865 8
858 2886 3
858 2890 1
859 878 4
859 1028 8
859 1108 1
859 1133 10
859 1253 1
859 1295 5
859 1342 4
859 1395 8
859 1620 7
859 1621 1
859 1765 4
859 1776 9
859 1802 4
859 1871 2
859 2045 6
859 2052 8
859 2281 10
859 2294 6
859 2504 5
859 2512 6
859 2770 6
859 2840 5
859 2889 8
859 2900 8
859 2923 2
859 2965 9
859 2967 8
860 877 2
860 978 1
860 995 4
860 1338 3
860 1515 7
860 1657 10
860 1774 5
860 1843 7
860 1952 6
860 2333 4
860 2723 6
860 2799 7
860 2805 5
860 2845 3
860 2856 8
860 2862 3
860 2921 9
860 2927 10
860 2954 10
860 2975 5
861 888 5
861 1078 6
861 1119 3
861 1187 10
861 1241 7
861 1250 5
861 1377 4
861 1580 4
861 1648 1
861 1686 1
861 1706 1
861 1771 3
861 1778 6
861 1960 2
861 2259 8
861 2325 10
861 2351 10
861 2369 1
861 2425 8
861 2489 10
861 2622 6
861 2629 8
861 2641 8
861 2662 3
861 2669 4
861 2765 1
861 2805 7
861 2926 8
861 2957 4
862 972 6
862 1061 8
862 1068 4
862 1082 10
862 1161 2
862 1175 7
862 1195 10
862 1443 3
862 1505 7
862 1511 4
862 1517 5
862 1589 5
862 1668 5
862 1673 10
862 1718 2
862 1770 5
862 1871 6
862 1907 5
862 1944 2
862 2061 9
862 2136 4
862 2265 7
862 2296 5
862 2387 10
862 2469 4
862 2490 1
862 2619 3
862 2686 1
862 2733 7
863 882 4
863 907 7
863 981 1
863 1037 9
863 1096 7
863 1653 10
863 2028 5
863 2087 1
863 2088 10
863 2137 1
863 2285 2
863 2372 1
863 2450 2
863 2529 6
863 2819 5
863 2914 3
863 2938 5
863 2993 7
864 962 8
864 1212 6
864 1268 7
864 1750 4
864 2200 6
864 2349 7
864 2422 7
864 2511 7
864 2516 8
864 2844 2
865 878 9
865 1000 7
865 1023 4
865 1032 1
865 1169 4
865 1199 3
865 1318 3
865 1430 6
865 1446 4
865 1494 2
865 1520 8
865 1608 8
865 1697 3
865 1733 8
865 1787 4
865 1968 2
865 2139 5
865 2210 4
865 2222 10
865 2309 10
865 2476 7
865 2567 2
865 2603 1
865 2641 1
865 2673 1
865 2851 3
866 946 9
866 982 6
866 1068 3
866 1072 6
866 1141 10
866 1204 6
866 1434 3
866 1535 1
866 1730 9
866 1794 6
866 1802 10
866 1820 7
866 2085 9
866 2211 4
866 2255 2
866 2347 5
866 2511 10
866 2556 2
866 2602 8
866 2658 6
866 2840 2
866 2869 3
866 2890 4
867 1004 6
867 1030 6
867 1055 6
867 1169 8
867 1214 8
867 1371 6
867 1497 10
867 1647 2
867 1787 8
867 1810 2
867 1842 1
867 1868 5
867 1936 4
867 2077 4
867 2252 2
867 2313 2
867 2643 9
867 2760 6
867 2827 8
868 882 9
868 964 5
868 996 5
868 1013 8
868 1079 3
868 1105 2
868 1269 5
868 1282 1
868 1337 8
868 1382 6
868 1472 2
868 1679 2
868 1784 1
868 1963 2
868 2099 7
868 2191 1
868 2282 10
868 2306 4
868 2365 5
868 2372 7
868 2423 2
868 2721 9
868 2880 7
869 930 10
869 1095 6
869 1533 5
869 1608 6
869 1886 6
869 1887 5
869 1952 4
869 1973 5
869 2267 8
869 2385 1
869 2397 3
869 2584 1
869 2644 3
869 2655 10
869 2751 9
869 2772 10
869 2799 3
869 2990 8
870 976 8
870 1003 1
870 1152 7
870 1200 3
870 1280 2
870 1358 6
870 1548 7
870 1590 3
870 1631 10
870 1777 5
870 1837 4
870 1925 3
870 2016 6
870 2137 9
870 2145 10
870 2222 5
870 2231 4
870 2268 1
870 2385 5
870 2424 4
870 2431 5
870 2568 2
870 2699 7
870 2783 9
870 2813 2
870 2918 4
870 2980 7
870 2992 4
871 962 5
871 1133 1
871 1168 7
871 1359 2
871 1452 7
871 1499 7
871 1618 5
871 1709 2
871 1715 9
871 1722 7
871 1773 2
871 1868 1
871 1912 10
871 1928 10
871 1986 7
871 2100 6
871 2352 6
871 2359 9
871 2464 8
871 2560 6
871 2577 4
871 2590 3
871 2639 7
871 2648 2
871 2661 6
871 2671 6
871 2690 7
871 2857 9
871 2877 6
871 2959 2
872 957 1
872 1176 8
872 1375 9
872 1521 9
872 1643 1
872 1686 5
872 1700 1
872 1754 4
872 2126 3
872 2204 10
872 2213 7
872 2228 5
872 2265 6
872 2266 3
872 2287 4
872 2416 3
872 2470 5
872 2497 3
872 2517 5
872 2541 1
872 2559 2
872 2586 9
872 2713 8
872 2729 7
872 2774 8
872 2781 1
872 2909 2
873 892 10
873 903 5
873 1347 9
873 1720 10
873 1778 3
873 1989 1
873 2153 3
873 2261 1
873 2378 7
873 2384 4
873 2399 2
873 2402 6
873 2897 2
873 2963 6
873 2981 7
874 1147 9
874 1201 4
874 1219 3
874 1220 9
874 1239 4
874 1307 1
874 1332 7
874 1358 4
874 1393 7
874 1406 6
874 1430 5
874 1582 8
874 1647 2
874 1761 7
874 1770 10
874 1838 7
874 1872 1
874 1932 8
874 1982 10
874 2011 10
874 2125 2
874 2216 2
874 2261 4
874 2271 9
874 2287 8
874 2440 1
874 2469 6
874 2493 7
874 2520 4
874 2657 10
874 2821 1
875 909 6
875 1298 8
875 1331 2
875 1377 3
875 1519 7
875 1605 4
875 1913 6
875 1969 9
875 1972 10
875 1989 8
875 2180 2
875 2188 8
875 2277 7
875 2286 3
875 2350 4
875 2386 6
875 2404 4
875 2430 4
875 2656 2
875 2681 5
875 2694 2
875 2703 6
875 2715 3
875 2734 6
875 2742 9
876 908 3
876 1036 5
876 1206 9
876 1316 7
876 1546 1
876 1632 2
876 1718 3
876 1772 3
876 1846 1
876 2023 5
876 2153 7
876 2172 4
876 2251 9
876 2353 7
876 2441 6
876 2462 9
876 2515 7
876 2558 7
876 2604 1
876 2857 1
876 2939 5
876 2972 6
877 935 6
877 995 5
877 1172 4
877 1178 9
877 1248 5
877 1347 5
877 1419 4
877 1498 6
877 1556 6
877 1770 10
877 1784 7
877 1927 5
877 1981 5
877 2133 8
877 2149 5
877 2205 3
877 2206 7
877 2212 8
877 2293 1
877 2331 9
877 2369 7
877 2532 6
877 2543 9
877 2571 10
877 2611 8
877 2802 1
877 2938 6
877 2998 6
878 1024 7
878 1098 10
878 1183 4
878 1341 4
878 1424 5
878 1496 7
878 1566 3
878 1626 3
878 1773 4
878 1812 4
878 1926 1
878 1999 4
878 2004 7
878 2061 8
878 2362 3
878 2364 7
878 2387 4
878 2415 6
878 2513 9
878 2719 7
878 2750 9
878 2949 4
879 964 5
879 1038 4
879 1109 3
879 1152 10
879 1157 6
879 1437 7
879 1445 9
879 1497 4
879 1514 3
879 1523 3
879 1650 10
879 1866 9
879 1906 3
879 2141 2
879 2456 9
879 2468 5
879 2526 4
879 2586 8
879 2753 3
880 1019 1
880 1094 10
880 1354 5
880 1515 5
880 1528 6
880 1548 2
880 1559 9
880 1701 3
880 1711 8
880 1734 10
880 1838 7
880 1857 9
880 2043 5
880 2107 2
880 2141 6
880 2431 4
880 2555 3
880 2565 4
880 2670 7
880 2710 9
880 2772 3
880 2844 4
880 2898 5
881 1046 1
881 1122 10
881 1253 3
881 1258 9
881 1458 10
881 1750 10
881 1777 9
881 1778 6
881 1852 9
881 1913 4
881 1918 1
881 1959 6
881 2077 6
881 2378 7
881 2409 9
881 2536 4
881 2569 1
881 2594 9
881 2640 10
881 2688 1
881 2810 9
881 2885 8
882 951 5
882 1019 8
882 1024 3
882 1037 3
882 1069 10
882 1199 6
882 1311 9
882 1353 6
882 1527 9
882 1646 1
882 1673 7
882 1690 10
882 1866 6
882 2292 1
882 2334 1
882 2437 8
882 2567 6
882 2601 7
882 2638 4
882 2702 2
882 2932 8
883 954 8
883 1051 3
883 1229 8
883 1355 10
883 1529 5
883 1891 8
883 1920 2
883 2029 1
883 2052 7
883 2058 5
883 2150 2
883 2191 4
883 2195 2
883 2398 6
883 2441 4
883 2471 10
883 2475 7
883 2674 2
883 2843 5
884 1055 5
884 1210 6
884 1224 10
884 1329 2
884 1395 1
884 1586 4
884 1601 5
884 1841 3
884 1947 6
884 1956 1
884 2076 6
884 2195 2
884 2624 1
884 2673 8
884 2697 3
884 2894 6
884 2952 1
884 2988 8
885 1057 6
885 1165 3
885 1234 6
885 1241 8
885 1300 9
885 1517 3
885 1536 2
885 1628 5
885 1906 6
885 2195 2
885 2439 10
885 2516 3
885 2623 10
885 2635 9
885 2797 10
885 2799 6
886 1304 1
886 1343 1
886 1380 2
886 1400 10
886 1426 9
886 1511 9
886 1707 9
886 1791 2
886 1923 2
886 1986 1
886 2083 3
886 2178 3
886 2548 10
886 2854 2
887 1027 2
887 1184 6
887 1211 7
887 1275 6
887 1294 10
887 1344 1
887 1352 8
887 1512 10
887 1515 2
887 1613 8
887 1880 4
887 2064 3
887 2128 1
887 2208 3
887 2211 3
887 2376 10
887 2394 7
887 2431 3
887 2615 3
887 2741 3
887 2832 6
887 2927 1
887 2981 10
888 996 5
888 1022 8
888 1076 3
888 1099 2
888 1364 7
888 1411 7
888 1891 9
888 2022 6
888 2046 5
888 2227 10
888 2265 2
888 2266 1
888 2283 8
888 2428 9
888 2556 3
888 2689 7
888 2694 9
888 2780 8
888 2932 1
889 952 7
889 985 4
889 1028 5
889 1193 3
889 1374 8
889 1416 8
889 1477 3
889 1481 10
889 1532 5
889 1643 6
889 1646 8
889 1926 2
889 2027 8
889 2029 7
889 2032 3
889 2049 4
889 2120 1
889 2141 2
889 2260 10
889 2305 3
889 2312 8
889 2359 7
889 2686 6
889 2774 4
889 2889 2
889 2913 10
889 2918 7
889 2944 7
890 1081 7
890 1275 1
890 1326 3
890 1329 5
890 1599 1
890 1827 1
890 2041 10
890 2125 4
890 2240 6
890 2305 3
890 2310 5
890 2441 1
890 2460 10
890 2492 3
890 2636 8
890 2736 7
890 2787 3
890 2996 1
891 912 7
891 959 5
891 984 9
891 1167 9
891 1501 3
891 1702 7
891 1957 10
891 2035 6
891 2040 3
891 2394 8
891 2430 3
891 2510 3
891 2513 7
891 2553 9
891 2641 6
891 2728 7
891 2803 10
891 2813 9
891 2932 5
891 2983 9
892 920 4
892 1108 10
892 1137 7
892 1233 1
892 1248 1
892 1334 1
892 1345 10
892 1410 4
892 1437 6
892 1574 4
892 1621 10
892 1670 9
892 1799 3
892 1812 7
892 1922 1
892 1934 4
892 2177 9
892 2183 3
892 2376 6
892 2491 3
892 2589 7
892 2872 6
892 2935 6
893 992 3
893 1044 8
893 1143 4
893 1249 6
893 1253 6
893 1329 8
893 1382 2
893 1551 5
893 1608 10
893 1765 1
893 1811 8
893 2128 3
893 2135 2
893 2179 9
893 2208 2
893 2341 3
893 2374 7
893 2430 7
893 2584 2
893 2740 6
893 2742 7
893 2988 5
894 905 10
894 1064 5
894 1080 4
894 1153 9
894 1232 6
894 1310 1
894 1371 2
894 1451 4
894 1460 8
894 1747 7
894 1800 4
894 1832 3
894 1846 5
894 1901 10
894 1917 4
894 2016 2
894 2172 10
894 2248 8
894 2848 1
894 2868 9
895 1136 10
895 1145 4
895 1250 5
895 1280 1
895 1391 4
895 1584 6
895 1587 4
895 1657 4
895 1945 3
895 1956 9
895 2010 10
895 2080 5
895 2133 8
895 2276 2
895 2304 10
895 2327 5
895 2362 9
895 2449 3
895 2562 2
895 2602 3
895 2682 4
895 2696 5
895 2823 2
896 962 2
896 1060 2
896 1132 3
896 1157 2
896 1321 8
896 1464 7
896 1511 1
896 1526 9
896 1560 5
896 1563 7
896 1853 2
896 1859 5
896 1957 4
896 2081 6
896 2233 6
896 2327 1
896 2353 1
896 2392 1
896 2683 10
896 2684 4
896 2787 1
896 2811 8
896 2930 2
896 2955 1
897 939 7
897 1169 1
897 1206 10
897 1477 4
897 1513 1
897 1520 5
897 1532 2
897 1584 6
897 1724 3
897 1729 10
897 2151 3
897 2204 4
897 2230 7
897 2303 2
897 2305 1
897 2350 2
897 2441 2
897 2577 5
897 2623 5
897 2718 4
897 2746 10
897 2841 4
897 2905 3
897 2956 4
897 2961 6
898 961 2
898 1006 9
898 1062 7
898 1149 7
898 1457 2
898 1480 1
898 1696 5
898 1777 9
898 1817 10
898 1866 6
898 1963 3
898 2148 10
898 2225 6
898 2288 3
898 2319 5
898 2430 1
898 2472 4
898 2478 1
898 2511 8
898 2569 4
898 2653 5
898 2744 5
898 2932 5
899 925 1
899 1174 5
899 1389 2
899 1490 9
899 1560 2
899 1565 6
899 1612 3
899 1757 6
899 1770 8
899 1818 9
899 1837 2
899 1967 6
899 1985 3
899 2005 4
899 2010 4
899 2021 7
899 2086 3
899 2173 4
899 2203 7
899 2220 5
899 2383 3
899 2579 4
899 2610 3
899 2707 6
899 2734 4
899 2967 7
900 1070 9
900 1128 8
900 1209 7
900 1287 3
900 1401 8
900 1456 5
900 1478 10
900 1520 9
900 1609 10
900 1793 3
900 1950 8
900 2009 7
900 2116 2
900 2243 1
900 2246 9
900 2281 1
900 2364 10
900 2618 8
900 2620 10
900 2658 5
900 2667 9
900 2729 1
900 2732 1
900 2738 7
900 2808 7
900 2862 9
901 929 9
901 995 3
901 1017 6
901 1190 5
901 1244 6
901 1253 7
901 1272 7
901 1294 2
901 1303 7
901 1322 6
901 1364 9
901 1430 5
901 1485 7
901 1715 9
901 1725 9
901 1749 7
901 1779 9
901 1792 5
901 1901 9
901 2024 6
901 2216 6
901 2272 7
901 2391 4
901 2545 6
901 2666 2
901 2669 4
901 2819 4
901 2973 6
902 929 6
902 930 4
902 1080 8
902 1087 6
902 1108 8
902 1129 3
902 1204 8
902 1288 3
902 1302 7
902 1845 6
902 1874 3
902 1906 10
902 1937 2
902 1972 6
902 2101 2
902 2124 3
902 2292 3
902 2497 6
902 2616 2
902 2719 10
902 2823 1
902 2858 2
902 2892 7
903 1126 9
903 1132 8
903 1151 5
903 1280 10
903 1313 5
903 1361 4
903 1379 8
903 1546 4
903 1615 2
903 1862 4
903 1867 7
903 2332 2
903 2370 10
903 2450 1
903 2674 3
903 2861 5
903 2920 1
903 2982 9
904 944 2
904 1380 4
904 1843 10
904 1861 7
904 1914 8
904 1929 4
904 1975 7
904 2065 6
904 2447 1
904 2475 6
904 2544 2
904 2658 3
904 2797 2
904 2969 5
905 918 3
905 1109 9
905 1147 10
905 1169 5
905 1218 1
905 1344 9
905 1471 7
905 1597 4
905 1650 8
905 1657 8
905 1662 3
905 1754 7
905 1800 9
905 1830 5
905 1908 10
905 2141 6
905 2175 9
905 2216 2
905 2290 9
905 2381 2
905 2412 9
905 2571 2
905 2803 4
905 2820 8
905 2952 10
905 2984 6
905 2998 4
906 933 7
906 949 2
906 994 1
906 1021 10
906 1091 5
906 1196 2
906 1235 10
906 1264 3
906 1425 6
906 1647 10
906 1748 1
906 1785 2
906 1952 8
906 1982 4
906 2017 4
906 2436 4
906 2497 10
906 2523 2
906 2685 6
906 2694 1
906 2832 9
907 960 8
907 1004 7
907 1083 6
907 1130 3
907 1187 8
907 1269 10
907 1295 4
907 1312 8
907 1512 8
907 1536 6
907 1546 8
907 1586 4
907 1673 10
907 1714 1
907 1915 8
907 2127 6
907 2202 2
907 2639 8
907 2793 8
907 2830 9
907 2926 5
908 1194 5
908 1223 2
908 1334 8
908 1554 4
908 1859 4
908 1977 8
908 2133 10
908 2258 2
908 2417 3
908 2526 5
908 2560 8
908 2583 6
908 2620 5
908 2644 5
908 2810 8
908 2827 4
908 2856 7
909 1050 1
909 1091 3
909 1171 2
909 1267 10
909 1297 1
909 1407 6
909 1740 2
909 2062 2
909 2239 4
909 2274 10
909 2333 4
909 2372 1
909 2452 5
909 2625 6
909 2734 3
909 2809 2
909 2890 8
909 2994 8
910 989 9
910 1130 4
910 1240 3
910 1281 4
910 1284 5
910 1327 10
910 1345 8
910 1520 1
910 1576 5
910 1600 8
910 1925 6
910 2129 6
910 2203 6
910 2230 9
910 2231 8
910 2255 8
910 2309 6
910 2526 6
910 2596 6
910 2606 2
910 2733 7
910 2776 3
910 2910 10
911 963 8
911 1007 8
911 1123 5
911 1280 4
911 1452 10
911 1489 10
911 1505 7
911 1621 8
911 1785 3
911 1806 7
911 2111 6
911 2290 2
911 2343 6
911 2488 3
911 2507 6
911 2598 5
911 2702 1
911 2709 8
911 2755 8
911 2991 10
912 1017 7
912 1166 5
912 1430 2
912 1539 2
912 1557 7
912 1655 3
912 1661 6
912 1684 6
912 1745 5
912 1822 2
912 1898 9
912 1899 9
912 1923 5
912 2030 9
912 2301 8
912 2368 4
912 2416 3
912 2650 7
912 2729 6
912 2880 8
912 2958 9
913 999 9
913 1032 9
913 1195 7
913 1223 3
913 1455 2
913 1552 3
913 1600 7
913 1726 9
913 1869 9
913 1917 2
913 1954 6
913 2004 2
913 2010 6
913 2128 3
913 2245 8
913 2589 9
913 2630 9
913 2704 9
913 2939 3
913 2945 1
914 1005 5
914 1201 4
914 1241 9
914 1257 9
914 1600 2
914 1688 10
914 1777 8
914 1906 8
914 1977 5
914 2066 8
914 2423 3
914 2531 3
914 2540 6
914 2683 4
915 925 7
915 1304 3
915 1393 1
915 1551 8
915 1587 9
915 1785 4
915 1963 3
915 2161 1
915 2284 5
915 2465 4
915 2607 9
915 2646 7
915 2744 9
915 2766 3
915 2784 5
915 2972 3
915 2988 7
916 1115 10
916 1248 9
916 1276 3
916 1340 6
916 1478 5
916 1595 1
916 1709 9
916 1869 1
916 1870 10
916 1940 2
916 2398 9
916 2431 10
916 2738 2
916 2753 6
916 2832 4
916 2938 6
916 2982 3
916 2993 6
917 945 10
917 982 5
917 1169 2
917 1340 7
917 1446 4
917 1454 10
917 1561 7
917 1581 3
917 1925 9
917 1949 3
917 2075 5
917 2082 5
917 2139 5
917 2154 7
917 2316 4
917 2424 3
917 2580 10
917 2591 8
917 2663 6
917 2686 5
917 2893 6
917 2895 8
918 1117 7
918 1147 7
918 1258 3
918 1294 1
918 1741 3
918 1776 8
918 1803 2
918 1983 7
918 1990 5
918 1999 4
918 2051 3
918 2115 3
918 2121 8
918 2210 7
918 2274 7
918 2366 8
918 2412 4
918 2463 3
918 2537 7
918 2559 10
918 2674 3
918 2850 7
918 2957 2
918 2958 9
918 2966 3
918 2984 10
919 1040 4
919 1103 8
919 1167 1
919 1352 8
919 1373 4
919 1441 8
919 1521 10
919 1766 9
919 1823 7
919 1992 3
919 2033 8
919 2048 9
919 2128 10
919 2234 2
919 2269 4
919 2307 1
919 2404 5
919 2637 10
919 2645 1
919 2715 1
919 2846 9
919 2864 5
919 2865 1
919 2876 7
919 2888 6
919 2909 5
920 1317 6
920 1385 3
920 1399 9
920 1427 9
920 1458 6
920 1534 1
920 1548 5
920 1722 10
920 1776 6
920 1810 1
920 1861 3
920 1984 2
920 1989 2
920 2021 7
920 2026 4
920 2266 10
920 2311 6
920 2366 7
920 2423 5
920 2463 9
920 2610 9
920 2669 10
920 2679 2
920 2719 8
920 2861 6
921 971 7
921 1525 5
921 1673 4
921 1694 5
921 1831 6
921 1934 1
921 1971 2
921 2333 3
921 2362 7
921 2372 6
921 2406 5
921 2562 9
921 2585 9
921 2612 10
921 2620 3
921 2757 5
921 2816 8
921 2913 10
921 2937 10
921 2975 2
922 958 9
922 1023 10
922 1035 1
922 1186 6
922 1310 1
922 1368 7
922 1545 3
922 1549 10
922 1625 4
922 1751 9
922 1773 7
922 1817 2
922 2123 4
922 2278 3
922 2461 4
922 2707 6
922 2922 1
923 948 6
923 964 2
923 1104 6
923 1222 2
923 1279 8
923 1533 8
923 1556 1
923 1803 7
923 1888 1
923 1936 6
923 1955 8
923 1991 4
923 2063 7
923 2082 7
923 2174 9
923 2220 5
923 2367 6
923 2418 4
923 2658 9
923 2719 5
923 2726 7
923 2939 5
924 1230 3
924 1241 1
924 1273 2
924 1377 8
924 1445 8
924 1488 3
924 1636 7
924 1850 10
924 1924 2
924 1941 2
924 2084 7
924 2173 9
924 2192 3
924 2213 5
924 2253 7
924 2299 6
924 2371 7
924 2405 6
924 2631 1
924 2876 9
924 2966 1
925 969 5
925 1002 10
925 1039 10
925 1191 1
925 1437 5
925 1507 6
925 1546 6
925 1700 1
925 1713 5
925 1760 6
925 1838 4
925 1850 3
925 1861 3
925 1872 10
925 2024 9
925 2080 7
925 2137 1
925 2144 7
925 2261 5
925 2294 8
925 2376 5
925 2384 7
925 2517 1
925 2536 1
925 2567 6
925 2575 8
925 2794 4
925 2904 6
925 2967 2
925 2969 10
926 951 8
926 1002 8
926 1086 4
926 1107 8
926 1320 3
926 1398 8
926 1424 8
926 1430 5
926 1435 1
926 1442 4
926 1604 3
926 1657 8
926 1804 5
926 1872 4
926 2063 4
926 2104 10
926 2220 6
926 2261 4
926 2296 2
926 2342 4
926 2381 4
926 2464 2
926 2472 8
926 2553 9
926 2805 8
926 2835 8
926 2894 1
927 939 10
927 1572 8
927 1583 1
927 1774 9
927 1847 2
927 1851 10
927 2127 6
927 2143 1
927 2174 1
927 2178 3
927 2182 8
927 2327 1
927 2410 1
927 2455 5
927 2498 3
927 2643 5
927 2790 7
927 2883 8
927 2931 4
927 2996 4
928 1001 9
928 1043 3
928 1183 6
928 1403 10
928 1506 9
928 1710 10
928 1735 2
928 1771 5
928 1791 9
928 1952 1
928 2150 5
928 2401 8
928 2800 7
928 2900 5
928 2954 5
928 2999 6
929 1019 7
929 1129 1
929 1425 6
929 1451 5
929 1513 5
929 1548 6
929 1845 2
929 2142 4
929 2175 6
929 2458 8
929 2489 4
929 2490 2
929 2545 10
929 2854 2
929 2909 6
930 1044 7
930 1081 4
930 1124 8
930 1352 9
930 1587 1
930 1593 8
930 1666 7
930 1868 3
930 1895 5
930 1943 8
930 1944 5
930 1954 6
930 2250 2
930 2255 9
930 2273 10
930 2338 9
930 2540 10
930 2761 4
930 2846 2
931 1087 3
931 1161 3
931 1278 7
931 1357 1
931 1481 5
931 1551 2
931 1653 7
931 1728 9
931 1975 9
931 2148 4
931 2179 4
931 2227 4
931 2232 7
931 2342 2
931 2348 5
931 2482 8
931 2565 9
931 2570 10
931 2655 10
931 2809 9
931 2896 7
931 2942 3
931 2948 1
931 2956 1
931 2991 8
932 1074 5
932 1244 10
932 1333 8
932 1572 2
932 1573 7
932 1710 5
932 1896 3
932 2028 1
932 2043 9
932 2049 8
932 2090 5
932 2244 5
932 2483 5
932 2500 7
932 2628 3
932 2983 9
933 1043 6
933 1187 7
933 1196 4
933 1414 7
933 1646 9
933 1694 10
933 1744 9
933 1754 4
933 1927 9
933 1960 4
933 1971 9
933 1992 3
933 2229 10
933 2294 7
933 2306 1
933 2368 5
933 2434 2
933 2659 10
933 2711 10
933 2799 5
933 2897 10
933 2973 2
934 962 10
934 1169 10
934 1184 5
934 1251 5
934 1266 7
934 1442 6
934 1508 3
934 1616 1
934 1636 10
934 1692 9
934 1830 4
934 2075 8
934 2119 8
934 2272 9
934 2352 7
934 2375 1
934 2379 10
934 2685 7
934 2827 4
935 1115 8
935 1186 5
935 1192 3
935 1276 6
935 1395 5
935 1542 1
935 1549 4
935 1577 1
935 1652 6
935 1873 6
935 1990 5
935 2088 7
935 2139 2
935 2294 9
935 2324 2
935 2380 2
935 2417 10
935 2446 3
935 2606 4
935 2770 10
935 2844 4
935 2950 5
936 982 9
936 1075 10
936 1129 7
936 1185 10
936 1263 3
936 1450 7
936 1782 3
936 1869 3
936 2016 6
936 2071 8
936 2360 3
936 2449 7
936 2469 5
936 2558 1
936 2583 3
936 2922 2
936 2979 3
936 2999 1
937 1716 7
937 1767 3
937 1806 8
937 1826 4
937 1923 4
937 2258 4
937 2266 5
937 2289 1
937 2291 8
937 2519 9
937 2527 9
937 2594 2
937 2634 10
937 2648 10
937 2747 9
937 2766 2
937 2928 5
938 1149 9
938 1547 4
938 1573 1
938 1576 3
938 1754 9
938 1871 3
938 1888 10
938 1920 8
938 1987 8
938 2074 4
938 2100 10
938 2103 6
938 2127 10
938 2264 7
938 2445 10
938 2479 2
938 2839 3
938 2859 8
939 966 5
939 997 7
939 1048 7
939 1210 10
939 1456 9
939 1536 7
939 1549 9
939 1592 4
939 1870 1
939 1898 2
939 2221 1
939 2224 1
939 2507 5
939 2523 10
939 2566 8
939 2952 10
940 1062 7
940 1180 7
940 1187 3
940 1212 2
940 1280 4
940 1631 9
940 1913 5
940 2164 4
940 2180 9
940 2275 6
940 2287 3
940 2410 7
940 2450 6
940 2565 7
940 2608 7
940 2622 3
940 2636 2
940 2661 5
940 2783 10
940 2784 6
941 1039 6
941 1140 4
941 1372 7
941 1453 2
941 1463 5
941 1495 10
941 1591 4
941 1594 10
941 1715 8
941 1788 1
941 1937 6
941 2085 5
941 2129 2
941 2193 1
941 2244 7
941 2491 8
941 2571 9
941 2621 5
941 2655 9
941 2761 9
941 2783 4
941 2852 2
941 2911 9
941 2958 7
941 2997 6
942 1028 8
942 1382 8
942 1387 4
942 1928 5
942 2010 8
942 2024 4
942 2061 8
942 2385 3
942 2430 2
942 2536 1
942 2553 1
942 2563 2
942 2572 3
942 2660 1
942 2695 8
942 2746 8
942 2940 10
943 1174 9
943 1258 3
943 1340 8
943 1397 3
943 1464 9
943 1543 9
943 1636 2
943 1761 1
943 2069 5
943 2135 2
943 2137 4
943 2173 9
943 2281 9
943 2415 7
943 2445 4
943 2562 1
943 2950 1
944 1012 2
944 1080 1
944 1228 10
944 1275 9
944 1323 4
944 1397 2
944 1447 2
944 1545 8
944 1586 4
944 1615 2
944 1877 7
944 2643 7
944 2675 4
945 1031 7
945 1038 4
945 1142 3
945 1187 1
945 1217 3
945 1225 8
945 1273 3
945 1544 8
945 1603 9
945 1869 6
945 1876 7
945 1879 7
945 2030 7
945 2089 3
945 2139 8
945 2185 5
945 2231 6
945 2428 1
945 2470 3
945 2499 2
945 2983 3
946 1011 7
946 1139 9
946 1251 7
946 1339 9
946 1348 8
946 1418 9
946 1519 5
946 1812 10
946 1980 9
946 2024 10
946 2120 3
946 2591 10
946 2750 8
946 2811 4
947 1120 5
947 1189 1
947 1197 2
947 1583 5
947 1741 10
947 2100 3
947 2147 7
947 2174 7
947 2249 1
947 2295 2
947 2386 8
947 2464 2
947 2479 2
947 2487 8
947 2654 8
947 2671 4
947 2689 9
947 2843 3
947 2847 6
947 2905 5
948 1436 9
948 1526 2
948 1838 1
948 1858 4
948 1867 10
948 2118 8
948 2137 1
948 2171 9
948 2304 3
948 2315 2
948 2467 5
948 2781 7
948 2896 2
948 2984 1
949 1007 9
949 1110 7
949 1127 3
949 1174 7
949 1334 7
949 1344 3
949 1376 1
949 1381 6
949 1440 10
949 1457 6
949 1598 7
949 1799 1
949 1864 3
949 1948 7
949 2158 5
949 2256 4
949 2288 1
949 2314 8
949 2345 6
949 2394 7
949 2440 8
949 2465 8
949 2472 2
949 2658 5
949 2818 7
949 2869 1
950 1035 2
950 1062 3
950 1235 4
950 1321 6
950 1396 10
950 1528 9
950 1532 9
950 1554 5
950 1740 9
950 1793 2
950 1825 8
950 1854 4
950 1904 8
950 2067 6
950 2145 4
950 2208 1
950 2211 4
950 2222 5
950 2322 6
950 2442 5
950 2645 7
950 2893 2
950 2907 10
950 2945 10
951 1001 9
951 1079 8
951 1118 8
951 1347 5
951 1433 7
951 1437 1
951 1517 6
951 1674 3
951 1776 9
951 1849 9
951 1960 1
951 2152 6
951 2230 9
951 2244 8
951 2420 5
951 2458 1
951 2647 5
951 2659 7
951 2680 2
951 2689 9
951 2744 3
952 1168 2
952 1228 4
952 1396 9
952 1417 6
952 1486 3
952 1706 10
952 1714 1
952 1968 7
952 1970 8
952 1988 2
952 2198 8
952 2374 10
952 2448 2
952 2529 7
952 2531 8
952 2704 8
952 2859 9
952 2929 10
952 2973 6
953 1085 1
953 1132 1
953 1172 8
953 1177 4
953 1302 8
953 1484 4
953 1548 7
953 1650 7
953 1705 2
953 1712 9
953 1945 2
953 1974 2
953 2091 6
953 2114 5
953 2118 9
953 2191 6
953 2213 10
953 2349 5
953 2382 6
953 2647 8
953 2781 8
953 2805 8
953 2834 6
953 2918 9
954 965 10
954 978 3
954 1006 9
954 1119 6
954 1362 5
954 1364 5
954 1487 10
954 1614 2
954 1617 8
954 1722 7
954 1768 6
954 1832 2
954 1888 5
954 2042 5
954 2101 7
954 2135 4
954 2233 6
954 2256 3
954 2376 7
954 2413 5
954 2537 5
954 2571 1
954 2701 9
954 2716 4
954 2750 8
955 1035 9
955 1072 9
955 1076 1
955 1210 9
955 1247 3
955 1332 2
955 1397 6
955 1974 3
955 2182 2
955 2242 4
955 2315 7
955 2917 1
955 2944 9
955 2948 9
956 1156 5
956 1273 5
956 1276 1
956 1350 8
956 1368 10
956 1465 1
956 1466 9
956 1747 1
956 1884 4
956 2044 5
956 2104 6
956 2338 1
956 2471 3
956 2558 8
956 2598 6
956 2634 4
956 2982 2
957 1062 10
957 1176 3
957 1451 10
957 1465 9
957 1613 7
957 2012 6
957 2017 6
957 2055 3
957 2098 1
957 2132 9
957 2252 2
957 2430 9
957 2443 3
957 2581 1
958 966 3
958 981 2
958 1036 2
958 1130 10
958 1385 3
958 1441 7
958 1568 4
958 1587 2
958 1603 8
958 1760 1
958 1832 1
958 1986 8
958 2065 10
958 2111 8
958 2245 9
958 2281 3
958 2391 5
958 2475 2
958 2516 9
958 2572 6
958 2687 3
959 997 9
959 1037 3
959 1126 2
959 1231 3
959 1517 8
959 1555 6
959 1740 7
959 1747 6
959 1903 3
959 1931 10
959 1936 6
959 2450 2
959 2684 5
960 986 4
960 1051 7
960 1083 9
960 1093 10
960 1151 2
960 1192 9
960 1292 10
960 1394 10
960 1563 7
960 1635 9
960 1716 5
960 1894 3
960 1898 8
960 1926 8
960 2060 6
960 2076 4
960 2257 1
960 2259 8
960 2290 3
960 2395 5
960 2548 4
960 2706 1
960 2902 10
961 1107 7
961 1550 6
961 1644 6
961 1655 9
961 1658 10
961 1730 4
961 1893 6
961 1910 4
961 1997 9
961 2012 9
961 2173 10
961 2484 6
961 2488 6
961 2839 1
961 2924 8
962 1294 2
962 1859 8
962 1978 6
962 1993 5
962 2081 1
962 2092 5
962 2146 1
962 2236 3
962 2430 10
962 2465 8
962 2526 5
962 2590 1
962 2738 8
962 2850 1
962 2852 10
962 2904 10
962 2943 6
963 1135 6
963 1269 1
963 1405 1
963 1414 1
963 1551 5
963 1605 10
963 1683 10
963 2094 5
963 2105 8
963 2208 7
963 2345 5
963 2399 10
963 2444 6
963 2497 3
963 2848 9
963 2925 4
963 2942 1
963 2980 4
964 1093 1
964 1110 2
964 1123 8
964 1192 6
964 1303 5
964 1593 9
964 1594 4
964 1635 3
964 1724 2
964 1839 2
964 1916 7
964 1932 3
964 2117 9
964 2306 10
964 2324 9
964 2475 1
964 2553 6
964 2754 2
964 2821 1
964 2827 10
964 2866 8
964 2951 2
964 2962 5
965 1166 5
965 1255 2
965 1294 9
965 1724 5
965 1749 3
965 1770 4
965 1845 4
965 1918 4
965 2001 1
965 2221 3
965 2232 3
965 2310 6
965 2375 3
965 2395 1
965 2525 6
965 2573 5
965 2760 2
965 2833 1
965 2845 10
965 2911 5
966 982 9
966 990 6
966 1003 2
966 1068 1
966 1181 8
966 1270 2
966 1280 2
966 1387 7
966 1407 4
966 1651 4
966 1918 1
966 2183 4
966 2286 7
966 2370 4
966 2538 8
966 2582 5
966 2628 8
966 2875 8
966 2906 2
967 1039 5
967 1109 4
967 1142 1
967 1363 4
967 1443 1
967 1826 9
967 2145 5
967 2437 1
967 2560 10
967 2614 3
967 2647 8
967 2710 4
967 2719 7
968 1010 8
968 1053 9
968 1261 3
968 1273 7
968 1370 2
968 1379 7
968 1564 8
968 1683 2
968 1746 7
968 1768 2
968 1887 10
968 2023 5
968 2117 2
968 2332 2
968 2462 1
968 2549 4
968 2560 7
968 2669 5
968 2670 1
968 2683 6
968 2701 3
968 2851 9
968 2989 3
969 1003 3
969 1005 8
969 1068 10
969 1086 4
969 1503 1
969 1542 2
969 1640 5
969 2236 7
969 2244 7
969 2248 9
969 2267 1
969 2297 10
969 2336 1
969 2368 10
969 2514 1
969 2592 3
969 2787 2
969 2865 3
969 2986 3
969 2990 10
970 982 10
970 1284 1
970 1598 5
970 1692 6
970 1929 6
970 1968 4
970 2079 9
970 2147 4
970 2240 10
970 2255 9
970 2362 10
970 2450 7
970 2568 8
970 2621 6
970 2634 4
970 2641 7
970 2787 3
970 2833 6
970 2901 10
970 2938 3
971 1007 10
971 1051 5
971 1134 2
971 1147 7
971 1190 7
971 1339 1
971 1381 4
971 1415 4
971 1423 10
971 1426 5
971 1660 6
971 1692 2
971 1783 4
971 1803 8
971 1922 7
971 1942 10
971 2131 2
971 2196 2
971 2349 4
971 2465 3
971 2515 8
971 2527 8
971 2745 8
971 2929 1
971 2947 9
971 2956 6
972 988 7
972 1025 6
972 1066 3
972 1244 8
972 1474 6
972 1556 1
972 1560 7
972 1696 5
972 1905 10
972 1953 7
972 2216 8
972 2334 8
972 2426 3
972 2459 1
972 2574 1
972 2608 9
972 2626 5
972 2882 7
973 974 8
973 1084 4
973 1238 2
973 1269 2
973 1280 10
973 1406 4
973 1508 1
973 1557 5
973 1559 10
973 1638 10
973 1652 5
973 1761 6
973 1777 4
973 1834 4
973 1912 2
973 1926 8
973 1976 4
973 2011 2
973 2015 6
973 2078 8
973 2236 1
973 2419 9
973 2794 9
973 2910 10
973 2923 5
973 2955 8
973 2996 3
974 1003 10
974 1025 3
974 1046 7
974 1076 4
974 1246 6
974 1333 8
974 1381 3
974 1458 9
974 1627 7
974 1635 3
974 1669 6
974 1715 1
974 1758 3
974 1775 5
974 1779 7
974 1977 2
974 2000 10
974 2142 5
974 2374 1
974 2556 2
974 2659 1
974 2694 10
974 2712 10
974 2724 4
974 2775 5
975 986 5
975 1015 1
975 1038 4
975 1058 6
975 1236 6
975 1399 10
975 1422 5
975 1823 8
975 1852 6
975 1883 7
975 2231 6
975 2287 6
975 2288 3
975 2392 5
975 2635 7
975 2686 8
975 2727 5
975 2815 6
975 2953 3
976 1697 5
976 1715 2
976 1891 5
976 2113 3
976 2176 2
976 2253 1
976 2260 2
976 2338 6
976 2414 7
976 2591 9
976 2749 7
976 2755 8
977 996 9
977 1081 8
977 1117 4
977 1178 8
977 1361 10
977 1384 3
977 1498 3
977 1559 7
977 1609 8
977 1619 9
977 1696 8
977 1844 10
977 1941 6
977 2060 2
977 2089 10
977 2182 4
977 2370 7
977 2432 4
977 2781 5
977 2812 10
977 2979 6
978 1004 6
978 1048 8
978 1273 8
978 1320 9
978 1365 10
978 1385 7
978 1507 6
978 1521 7
978 1768 5
978 1804 1
978 2145 6
978 2167 9
978 2174 4
978 2201 6
978 2322 9
978 2333 6
978 2616 6
978 2710 8
978 2757 9
978 2877 5
978 2930 10
978 2943 1
978 2995 5
979 1037 5
979 1111 7
979 1124 10
979 1175 2
979 1249 1
979 1295 2
979 1386 8
979 1505 10
979 1630 7
979 1743 5
979 1955 9
979 2032 6
979 2062 6
979 2084 9
979 2262 7
979 2445 9
979 2593 5
979 2778 6
979 2839 9
980 1063 1
980 1101 2
980 1149 8
980 1176 2
980 1491 2
980 1511 7
980 1522 3
980 1537 6
980 1852 2
980 1897 5
980 1971 2
980 2015 3
980 2096 4
980 2135 4
980 2150 7
980 2311 5
980 2360 5
980 2395 6
980 2802 7
980 2883 7
981 1035 2
981 1162 2
981 1380 4
981 1409 3
981 1419 1
981 1682 8
981 1764 4
981 1801 5
981 1870 10
981 2071 9
981 2074 5
981 2130 5
981 2189 1
981 2204 7
981 2224 8
981 2424 5
981 2499 10
981 2506 8
981 2659 7
981 2841 10
981 2870 6
981 2900 9
981 2995 6
982 1045 7
982 1069 4
982 1145 9
982 1153 9
982 1154 9
982 1233 10
982 1258 9
982 1302 3
982 1315 5
982 1348 5
982 1473 8
982 1488 7
982 1500 1
982 1505 1
982 1560 8
982 1677 10
982 1715 1
982 1772 6
982 1815 6
982 1932 6
982 2112 7
982 2159 10
982 2283 9
982 2344 2
982 2397 4
982 2459 6
982 2630 10
982 2787 3
983 1051 10
983 1053 8
983 1104 4
983 1494 2
983 1497 5
983 1788 4
983 1803 7
983 1917 7
983 2166 8
983 2188 1
983 2335 3
983 2347 1
983 2424 3
983 2599 6
983 2621 7
984 1111 5
984 1197 1
984 1225 3
984 1259 9
984 1409 4
984 1499 8
984 1620 2
984 1726 2
984 1825 2
984 1870 1
984 1973 3
984 2242 1
984 2338 3
984 2457 6
984 2605 3
984 2659 1
984 2804 2
984 2828 9
984 2974 9
985 1095 4
985 1204 2
985 1228 9
985 1258 5
985 1371 3
985 1621 10
985 1626 3
985 1741 10
985 1808 6
985 1973 9
985 2140 10
985 2239 4
985 2304 9
985 2444 7
985 2584 10
985 2622 2
985 2628 6
985 2787 1
985 2968 6
986 1016 4
986 1079 8
986 1146 10
986 1298 2
986 1510 8
986 1815 5
986 1884 7
986 1919 8
986 2071 3
986 2146 3
986 2252 1
986 2333 10
986 2537 2
986 2930 9
986 2939 7
986 2956 2
986 2993 10
987 1345 4
987 1400 10
987 1448 9
987 1477 10
987 1570 1
987 1572 3
987 1605 7
987 1755 7
987 1791 10
987 1807 10
987 1809 2
987 1956 6
987 2014 4
987 2048 6
987 2157 5
987 2224 5
987 2268 5
987 2292 7
987 2339 1
987 2562 7
987 2608 8
987 2642 2
987 2669 1
987 2981 5
988 1017 2
988 1106 4
988 1653 10
988 1680 1
988 2303 10
988 2460 8
988 2530 7
989 993 4
989 1143 9
989 1535 1
989 1564 10
989 1589 10
989 1682 5
989 2023 9
989 2044 8
989 2340 6
989 2367 1
989 2465 6
989 2466 3
989 2493 2
989 2498 1
989 2680 4
989 2743 1
989 2756 5
989 2836 5
989 2878 1
989 2958 1
989 2987 2
989 2995 2
990 1019 10
990 1036 8
990 1218 1
990 1288 7
990 1312 7
990 1400 10
990 1586 1
990 1629 8
990 1737 8
990 1813 2
990 1877 4
990 1931 5
990 2060 9
990 2138 7
990 2168 2
990 2244 10
990 2259 4
990 2264 7
990 2412 4
990 2414 2
990 2494 7
990 2550 3
990 2584 8
990 2598 4
991 1042 8
991 1114 10
991 1122 4
991 1156 9
991 1174 8
991 1389 7
991 1654 5
991 1729 1
991 1856 9
991 1924 7
991 2003 8
991 2392 7
991 2451 6
991 2471 8
991 2575 10
991 2598 10
991 2659 6
991 2689 7
991 2751 10
991 2805 4
991 2953 6
992 1151 9
992 1298 2
992 1359 9
992 1380 2
992 1467 9
992 1473 4
992 1499 10
992 1529 7
992 1564 10
992 1746 4
992 1764 10
992 1956 7
992 1983 7
992 2117 6
992 2164 3
992 2265 2
992 2381 3
992 2425 2
992 2587 9
992 2614 7
992 2736 5
992 2781 5
992 2798 3
992 2815 9
992 2930 5
992 2939 6
993 996 5
993 1307 10
993 1323 3
993 1429 5
993 1857 1
993 1863 9
993 1986 1
993 2045 7
993 2079 6
993 2136 6
993 2255 1
993 2280 10
993 2442 8
993 2480 4
993 2510 8
993 2581 2
993 2648 5
993 2753 8
993 2854 4
993 2874 4
993 2943 9
994 1296 2
994 1309 6
994 1343 10
994 1586 7
994 1668 7
994 1687 5
994 1851 8
994 1867 2
994 1960 2
994 2234 5
994 2357 4
994 2452 3
994 2802 2
994 2823 10
994 2877 8
994 2923 7
995 1101 3
995 1171 1
995 1316 1
995 1617 1
995 1852 9
995 1869 9
995 1873 4
995 2199 9
995 2421 10
995 2455 8
995 2591 5
995 2645 2
995 2679 7
995 2715 7
995 2839 10
995 2850 3
996 1024 5
996 1247 5
996 1287 5
996 1479 7
996 1488 6
996 1636 10
996 1695 1
996 1702 8
996 1751 2
996 2059 7
996 2136 3
996 2211 2
996 2272 10
996 2373 1
996 2412 1
996 2449 6
996 2539 8
996 2963 7
997 1086 8
997 1111 1
997 1160 3
997 1380 5
997 1446 8
997 1569 8
997 1904 9
997 2025 5
997 2082 10
997 2109 4
997 2227 3
997 2282 4
997 2349 9
997 2350 4
997 2528 7
997 2576 1
997 2670 6
997 2681 3
997 2708 2
997 2794 6
997 2896 10
998 1041 3
998 1203 5
998 1206 3
998 1236 5
998 1256 8
998 1287 9
998 1361 8
998 1366 10
998 1821 6
998 1919 2
998 2073 10
998 2146 1
998 2664 5
998 2720 7
998 2779 9
998 2881 8
998 2981 7
998 2994 4
999 1032 4
999 1049 8
999 1133 7
999 1226 9
999 1258 2
999 1291 1
999 1409 1
999 1424 8
999 1430 4
999 1457 2
999 1658 3
999 1717 3
999 2282 1
999 2292 8
999 2344 4
999 2392 9
999 2398 3
999 2604 3
999 2704 3
999 2770 2
999 2822 8
1000 1194 9
1000 1346 3
1000 1577 2
1000 1721 4
1000 1761 5
1000 1851 8
1000 1883 1
1000 1953 3
1000 2023 10
1000 2099 4
1000 2103 9
1000 2175 4
1000 2245 10
1000 2367 4
1000 2380 10
1000 2501 3
1000 2505 10
1000 2775 3
1000 2866 2
1001 1025 10
1001 1027 8
1001 1108 2
1001 1217 5
1001 1296 4
1001 1380 9
1001 1441 2
1001 1443 4
1001 1447 2
1001 1487 7
1001 1492 2
1001 1806 7
1001 1822 10
1001 1947 6
1001 2067 1
1001 2094 2
1001 2270 8
1001 2337 5
1001 2463 3
1001 2511 5
1001 2552 2
1001 2645 8
1001 2656 3
1001 2733 6
1001 2784 9
1001 2788 7
1002 1152 8
1002 1251 8
1002 1292 6
1002 1425 1
1002 1523 1
1002 1683 10
1002 1765 8
1002 2045 8
1002 2267 6
1002 2323 9
1002 2425 1
1002 2445 8
1002 2685 10
1002 2770 5
1002 2812 4
1002 2969 1
1003 1086 7
1003 1157 7
1003 1331 1
1003 1424 5
1003 1478 3
1003 1535 4
1003 1775 5
1003 1835 1
1003 1975 8
1003 1993 6
1003 1995 7
1003 2126 9
1003 2141 7
1003 2159 5
1003 2180 2
1003 2233 10
1003 2298 4
1003 2379 6
1003 2431 7
1003 2653 3
1003 2794 1
1003 2986 2
1004 1055 5
1004 1198 10
1004 1262 8
1004 1268 1
1004 1278 1
1004 1334 8
1004 1420 9
1004 1795 9
1004 1842 9
1004 1931 8
1004 2146 10
1004 2171 3
1004 2175 8
1004 2239 8
1004 2323 7
1004 2384 3
1004 2611 7
1004 2793 7
1004 2897 7
1005 1082 8
1005 1157 1
1005 1185 3
1005 1686 3
1005 1785 2
1005 1908 3
1005 1939 1
1005 1971 2
1005 1983 6
1005 2000 7
1005 2055 8
1005 2103 3
1005 2126 4
1005 2280 7
1005 2366 5
1005 2607 10
1005 2642 7
1005 2899 1
1006 1345 6
1006 1405 4
1006 1500 1
1006 1585 7
1006 1786 7
1006 1878 10
1006 1879 8
1006 1926 3
1006 2288 4
1006 2330 10
1006 2341 10
1006 2478 10
1006 2487 10
1006 2679 10
1006 2803 9
1006 2877 8
1006 2924 10
1007 1033 6
1007 1206 1
1007 1233 8
1007 1270 10
1007 1681 7
1007 1802 1
1007 1833 9
1007 1837 5
1007 1867 3
1007 1892 6
1007 2073 10
1007 2132 7
1007 2577 5
1007 2749 3
1007 2781 6
1007 2899 4
1007 2994 4
1008 1086 3
1008 1095 6
1008 1199 10
1008 1312 2
1008 1472 1
1008 1574 9
1008 1673 7
1008 1731 1
1008 1751 1
1008 1782 5
1008 1943 10
1008 2042 5
1008 2078 6
1008 2266 6
1008 2418 2
1008 2452 7
1008 2455 10
1008 2534 4
1008 2632 9
1008 2741 10
1008 2958 4
1009 1034 10
1009 1178 1
1009 1255 6
1009 1328 5
1009 1346 8
1009 1374 8
1009 1479 6
1009 1553 1
1009 1623 10
1009 1870 7
1009 1883 9
1009 2041 7
1009 2042 3
1009 2071 4
1009 2103 6
1009 2531 4
1009 2538 1
1009 2712 3
1009 2733 10
1010 1075 5
1010 1314 5
1010 1347 5
1010 1563 2
1010 1683 7
1010 1779 5
1010 1805 4
1010 2003 9
1010 2032 1
1010 2110 3
1010 2212 6
1010 2227 4
1010 2337 10
1010 2427 10
1010 2651 8
1010 2751 4
1010 2828 5
1010 2900 3
1010 2904 8
1011 1116 1
1011 1145 7
1011 1368 7
1011 1439 3
1011 1478 5
1011 1535 8
1011 1593 9
1011 1840 7
1011 1890 8
1011 1980 6
1011 2054 2
1011 2083 4
1011 2099 2
1011 2147 10
1011 2299 8
1011 2333 5
1011 2345 1
1011 2363 9
1011 2409 1
1011 2664 4
1011 2819 9
1011 2845 10
1011 2939 9
1012 1074 2
1012 1121 5
1012 1356 6
1012 1393 4
1012 1558 6
1012 1706 2
1012 1838 4
1012 1866 5
1012 1888 9
1012 1890 10
1012 2258 1
1012 2364 3
1012 2821 8
1012 2834 2
1012 2912 1
1013 1110 1
1013 1226 8
1013 1395 3
1013 1533 9
1013 1553 8
1013 1678 2
1013 1702 10
1013 2084 10
1013 2272 10
1013 2285 1
1013 2301 1
1013 2381 10
1013 2387 6
1013 2512 2
1013 2532 5
1013 2547 7
1013 2678 7
1013 2876 3
1013 2985 9
1014 1031 9
1014 1056 7
1014 1066 3
1014 1097 1
1014 1130 8
1014 1247 8
1014 1270 1
1014 1314 7
1014 1365 6
1014 1441 9
1014 1490 1
1014 1497 10
1014 1767 3
1014 1993 10
1014 2039 5
1014 2121 5
1014 2185 9
1014 2202 2
1014 2262 9
1014 2269 3
1014 2357 6
1014 2710 10
1014 2841 4
1014 2963 7
1014 2988 2
1015 1062 1
1015 1170 2
1015 1183 1
1015 1219 7
1015 1254 4
1015 1294 9
1015 1317 8
1015 1408 3
1015 1417 7
1015 1703 5
1015 1817 3
1015 2043 4
1015 2090 1
1015 2091 6
1015 2194 4
1015 2215 6
1015 2226 9
1015 2249 7
1015 2287 7
1015 2388 7
1015 2482 10
1015 2486 1
1015 2864 2
1015 2926 2
1015 2981 8
1016 1085 4
1016 1203 4
1016 2026 1
1016 2050 10
1016 2090 8
1016 2097 2
1016 2230 1
1016 2255 4
1016 2291 10
1016 2585 5
1016 2609 8
1016 2648 4
1016 2736 9
1016 2807 7
1016 2874 8
1016 2883 6
1016 2912 1
1016 2991 9
1017 1381 8
1017 1501 6
1017 1556 9
1017 1740 2
1017 1751 8
1017 1907 9
1017 1996 5
1017 2227 6
1017 2344 1
1017 2358 5
1017 2359 6
1017 2565 7
1017 2573 7
1017 2706 2
1017 2716 8
1017 2917 4
1018 1060 8
1018 1412 8
1018 1485 2
1018 1565 2
1018 1631 7
1018 1837 6
1018 1881 8
1018 1899 8
1018 1957 9
1018 2171 9
1018 2211 4
1018 2218 5
1018 2254 6
1018 2355 7
1018 2793 8
1019 1124 4
1019 1176 2
1019 1388 9
1019 1423 2
1019 1500 9
1019 1589 7
1019 1658 8
1019 1781 2
1019 2065 6
1019 2386 2
1019 2387 3
1019 2389 10
1019 2392 10
1019 2496 5
1019 2507 8
1019 2672 1
1019 2710 3
1019 2781 10
1019 2969 5
1020 1193 1
1020 1216 2
1020 1318 3
1020 1348 8
1020 1355 7
1020 1607 10
1020 1693 5
1020 1931 3
1020 2092 6
1020 2139 2
1020 2166 1
1020 2193 5
1020 2282 6
1020 2454 3
1020 2709 1
1020 2742 3
1020 2748 7
1020 2789 3
1020 2976 4
1021 1077 4
1021 1200 1
1021 1245 9
1021 1260 7
1021 1471 5
1021 1579 4
1021 2053 1
1021 2125 6
1021 2302 5
1021 2581 5
1021 2582 3
1021 2644 10
1021 2963 4
1022 1078 3
1022 1099 10
1022 1334 7
1022 1430 4
1022 1696 6
1022 2169 10
1022 2244 10
1022 2321 7
1022 2467 3
1022 2876 9
1023 1464 7
1023 1695 9
1023 1717 2
1023 1857 4
1023 1952 9
1023 2092 5
1023 2179 2
1023 2264 6
1023 2325 1
1023 2818 5
1024 1045 9
1024 1134 2
1024 1322 2
1024 1387 5
1024 1434 1
1024 1579 5
1024 1618 9
1024 1647 7
1024 1770 3
1024 1968 10
1024 2172 2
1024 2186 3
1024 2240 3
1024 2390 4
1024 2620 9
1024 2675 3
1025 1266 6
1025 1366 6
1025 1447 7
1025 1464 6
1025 1557 10
1025 1586 8
1025 1661 5
1025 1702 1
1025 1729 5
1025 1754 6
1025 1998 1
1025 2040 8
1025 2076 6
1025 2160 4
1025 2245 9
1025 2392 6
1025 2439 4
1025 2462 7
1025 2835 10
1025 2865 7
1026 1032 2
1026 1061 2
1026 1071 5
1026 1107 8
1026 1164 8
1026 1185 6
1026 1259 7
1026 1304 10
1026 1330 10
1026 1368 4
1026 1653 7
1026 1681 6
1026 1717 1
1026 1784 2
1026 1802 5
1026 1890 2
1026 1957 10
1026 2029 2
1026 2062 7
1026 2195 9
1026 2227 5
1026 2301 6
1026 2561 4
1026 2687 4
1026 2827 3
1026 2887 1
1026 2980 10
1027 1113 8
1027 1618 6
1027 1625 5
1027 1764 1
1027 1882 1
1027 1891 3
1027 2132 7
1027 2156 9
1027 2183 4
1027 2347 6
1027 2429 6
1027 2456 9
1027 2486 8
1027 2598 7
1027 2648 3
1027 2780 7
1027 2806 6
1027 2854 9
1027 2905 6
1028 1120 7
1028 1165 2
1028 1228 5
1028 1253 7
1028 1473 9
1028 1660 1
1028 1955 1
1028 2104 1
1028 2171 8
1028 2195 4
1028 2289 5
1028 2371 9
1028 2490 3
1028 2564 6
1028 2596 7
1028 2823 7
1028 2923 9
1029 1031 9
1029 1054 9
1029 1210 2
1029 1496 6
1029 1585 2
1029 1597 9
1029 1639 3
1029 1689 9
1029 1830 10
1029 1945 1
1029 1965 4
1029 1977 10
1029 1994 4
1029 2132 3
1029 2197 1
1029 2256 7
1029 2336 9
1029 2394 8
1029 2531 8
1029 2577 2
1029 2681 5
1029 2757 3
1029 2765 6
1029 2848 1
1029 2871 2
1029 2873 2
1030 1224 5
1030 1514 6
1030 1526 9
1030 1582 10
1030 1627 1
1030 1735 7
1030 1738 10
1030 1757 1
1030 2002 4
1030 2004 6
1030 2053 8
1030 2138 8
1030 2277 6
1030 2302 9
1030 2398 10
1030 2425 5
1030 2882 10
1030 2998 4
1031 1159 10
1031 1165 6
1031 1287 7
1031 1463 10
1031 1642 5
1031 1709 1
1031 1741 8
1031 1837 7
1031 1986 9
1031 2013 7
1031 2172 3
1031 2335 3
1031 2466 1
1031 2487 1
1031 2527 8
1031 2560 6
1031 2829 3
1031 2928 1
1031 2938 8
1032 1167 6
1032 1347 8
1032 1428 8
1032 1431 9
1032 1436 9
1032 1483 6
1032 1491 6
1032 1623 2
1032 1764 7
1032 1875 2
1032 1905 3
1032 1987 3
1032 2177 8
1032 2314 6
1032 2386 6
1032 2873 7
1033 1037 5
1033 1303 1
1033 1354 2
1033 1499 1
1033 1639 10
1033 1740 4
1033 1916 4
1033 1999 7
1033 2059 3
1033 2328 2
1033 2696 3
1033 2710 6
1033 2729 3
1034 1062 8
1034 1074 8
1034 1162 9
1034 1287 10
1034 1288 5
1034 1301 5
1034 1369 5
1034 1666 10
1034 1720 7
1034 1855 5
1034 1895 3
1034 2040 7
1034 2277 4
1034 2290 6
1034 2456 8
1034 2561 8
1034 2563 1
1034 2704 5
1034 2923 10
1034 2954 4
1034 2981 7
1034 2997 6
1035 1069 3
1035 1153 6
1035 1194 7
1035 1204 9
1035 1217 9
1035 1279 7
1035 1358 2
1035 1371 9
1035 1613 10
1035 1628 8
1035 1676 7
1035 1702 8
1035 1787 5
1035 1852 5
1035 1982 6
1035 2063 2
1035 2208 7
1035 2283 1
1035 2294 5
1035 2315 10
1035 2501 10
1035 2824 9
1035 2903 1
1036 1045 6
1036 1073 3
1036 1113 3
1036 1123 1
1036 1306 5
1036 1346 6
1036 1350 5
1036 1483 5
1036 1696 3
1036 2224 3
1036 2293 6
1036 2402 1
1036 2517 5
1036 2535 4
1036 2554 2
1036 2635 1
1036 2776 7
1036 2882 9
1036 2904 8
1037 1252 7
1037 1449 9
1037 1843 2
1037 1962 6
1037 2058 10
1037 2114 5
1037 2198 3
1037 2212 8
1037 2359 10
1037 2434 4
1037 2472 7
1037 2532 10
1037 2538 8
1037 2577 8
1037 2654 10
1037 2758 4
1037 2808 9
1038 1048 9
1038 1311 6
1038 1317 8
1038 1356 7
1038 1650 6
1038 1668 5
1038 1764 10
1038 1847 2
1038 1864 8
1038 1928 9
1038 1965 5
1038 1973 2
1038 2100 10
1038 2127 10
1038 2529 3
1038 2563 6
1038 2654 10
1038 2695 6
1038 2717 6
1038 2723 9
1038 2764 1
1038 2875 10
1039 1082 9
1039 1228 3
1039 1236 10
1039 1263 1
1039 1265 1
1039 1355 7
1039 1525 10
1039 1571 6
1039 1591 3
1039 1716 4
1039 1730 5
1039 1976 3
1039 2027 5
1039 2119 3
1039 2385 4
1039 2497 1
1039 2719 6
1039 2791 10
1039 2795 4
1039 2945 7
1039 2979 8
1040 1309 6
1040 1324 7
1040 1331 5
1040 1539 1
1040 1541 5
1040 1679 5
1040 1698 10
1040 1883 3
1040 1939 5
1040 1949 3
1040 1958 9
1040 2071 3
1040 2132 8
1040 2167 3
1040 2426 2
1040 2471 1
1040 2475 3
1040 2522 9
1040 2603 3
1040 2632 9
1040 2744 8
1040 2772 2
1040 2814 9
1040 2959 6
1041 1151 3
1041 1423 4
1041 1485 7
1041 1488 10
1041 1620 1
1041 1803 8
1041 1932 4
1041 2090 1
1041 2335 8
1041 2568 3
1041 2697 3
1041 2758 3
1041 2759 6
1041 2838 6
1041 2857 9
1041 2921 9
1041 2925 6
1042 1093 7
1042 1122 10
1042 1139 5
1042 1204 6
1042 1282 5
1042 1310 7
1042 1357 6
1042 1459 5
1042 1484 1
1042 1580 1
1042 1605 1
1042 1643 4
1042 1728 8
1042 1961 3
1042 2051 6
1042 2081 10
1042 2168 8
1042 2202 1
1042 2248 1
1042 2355 8
1042 2493 5
1042 2593 4
1042 2857 4
1043 1055 3
1043 1221 9
1043 1294 10
1043 1889 4
1043 2011 1
1043 2060 2
1043 2173 9
1043 2198 3
1043 2385 9
1043 2394 10
1043 2630 9
1043 2698 9
1043 2700 6
1043 2884 3
1044 1149 9
1044 1202 1
1044 1301 6
1044 1432 6
1044 1478 7
1044 1658 7
1044 1709 10
1044 1732 9
1044 1746 1
1044 1782 7
1044 1841 6
1044 1848 2
1044 1899 6
1044 1908 9
1044 1950 3
1044 1965 7
1044 1978 3
1044 1990 1
1044 2121 5
1044 2152 4
1044 2323 6
1044 2349 4
1044 2483 2
1044 2511 7
1044 2518 9
1044 2538 10
1044 2600 1
1044 2601 5
1044 2651 10
1044 2664 1
1044 2684 5
1044 2710 6
1044 2761 8
1044 2814 6
1045 1103 1
1045 1680 4
1045 1831 9
1045 1930 1
1045 1999 1
1045 2134 1
1045 2213 4
1045 2242 2
1045 2351 1
1045 2534 1
1045 2540 8
1045 2563 6
1045 2624 10
1045 2695 7
1045 2824 10
1045 2846 6
1045 2910 7
1046 1199 4
1046 1235 9
1046 1241 10
1046 1319 10
1046 1328 10
1046 1339 2
1046 1526 9
1046 1778 9
1046 1784 3
1046 1819 10
1046 1824 5
1046 1920 10
1046 1958 5
1046 2123 10
1046 2591 5
1046 2601 8
1046 2668 1
1046 2791 6
1046 2811 7
1046 2875 7
1047 1070 1
1047 1223 5
1047 1361 6
1047 1461 1
1047 1482 8
1047 1494 7
1047 1775 8
1047 1887 8
1047 1900 3
1047 1950 2
1047 1966 4
1047 1968 7
1047 2164 6
1047 2257 2
1047 2395 7
1047 2451 6
1047 2586 7
1047 2647 5
1047 2768 6
1047 2976 8
1047 2989 7
1048 1136 2
1048 1347 3
1048 1391 9
1048 1534 4
1048 1595 6
1048 1608 10
1048 1647 2
1048 1674 2
1048 1734 3
1048 1764 3
1048 1866 9
1048 1904 10
1048 2035 4
1048 2112 7
1048 2118 7
1048 2260 4
1048 2282 2
1048 2285 3
1048 2723 6
1048 2793 2
1049 1062 9
1049 1124 10
1049 1185 3
1049 1289 5
1049 1441 4
1049 1542 8
1049 1664 5
1049 1735 8
1049 1763 10
1049 1861 4
1049 2040 3
1049 2066 8
1049 2082 2
1049 2310 9
1049 2329 10
1049 2466 7
1049 2507 4
1049 2566 8
1049 2715 6
1049 2767 7
1049 2935 5
1049 2940 8
1050 1484 9
1050 1554 6
1050 1616 8
1050 1784 10
1050 1806 9
1050 1936 4
1050 2246 7
1050 2292 3
1050 2602 2
1050 2610 2
1050 2761 8
1050 2771 4
1050 2788 2
1050 2881 6
1050 2986 10
1051 1366 10
1051 1373 3
1051 1454 6
1051 1881 9
1051 1901 6
1051 1957 6
1051 2021 6
1051 2022 9
1051 2123 1
1051 2182 8
1051 2216 5
1051 2313 7
1051 2509 8
1051 2636 8
1051 2814 8
1051 2861 3
1051 2909 5
1052 1401 3
1052 1426 9
1052 1445 4
1052 1518 4
1052 1730 6
1052 1737 10
1052 1867 7
1052 1935 5
1052 2083 1
1052 2090 5
1052 2227 1
1052 2231 9
1052 2282 10
1052 2306 6
1052 2359 1
1052 2464 5
1052 2567 2
1052 2570 10
1052 2639 10
1052 2684 1
1052 2852 6
1052 2882 6
1052 2977 10
1053 1054 1
1053 1057 8
1053 1173 6
1053 1184 8
1053 1290 6
1053 1410 2
1053 1576 5
1053 1580 3
1053 1693 6
1053 1712 9
1053 1831 7
1053 2249 2
1053 2360 8
1053 2751 1
1053 2863 6
1053 2900 5
1053 2903 9
1053 2940 5
1054 1128 4
1054 1190 6
1054 1225 9
1054 1301 4
1054 2119 7
1054 2179 5
1054 2336 5
1054 2870 9
1055 1123 7
1055 1127 7
1055 1190 5
1055 1222 7
1055 1412 2
1055 1447 6
1055 1744 7
1055 2032 1
1055 2092 8
1055 2192 2
1055 2342 4
1055 2413 8
1055 2461 2
1055 2629 8
1055 2636 5
1055 2833 1
1056 1060 9
1056 1198 5
1056 1216 6
1056 1220 2
1056 1582 4
1056 1702 2
1056 1835 8
1056 1908 10
1056 2056 2
1056 2081 4
1056 2142 4
1056 2175 8
1056 2189 9
1056 2215 4
1056 2246 10
1056 2369 6
1056 2399 5
1056 2401 9
1056 2464 7
1057 1200 8
1057 1222 1
1057 1228 3
1057 1296 2
1057 1411 10
1057 1477 1
1057 1516 10
1057 1734 9
1057 1756 1
1057 1819 7
1057 1919 5
1057 1930 9
1057 2041 4
1057 2225 8
1057 2283 6
1057 2377 6
1057 2495 4
1057 2504 1
1057 2511 1
1057 2919 10
1057 2920 4
1057 2937 6
1057 2973 1
1058 1269 1
1058 1273 9
1058 1287 7
1058 1288 5
1058 1372 1
1058 1423 4
1058 1432 3
1058 1632 4
1058 1664 10
1058 1738 2
1058 2280 7
1058 2302 7
1058 2355 5
1058 2453 8
1058 2592 6
1058 2646 10
1058 2667 4
1058 2677 8
1058 2793 1
1058 2926 2
1059 1193 9
1059 1349 5
1059 1353 4
1059 1548 9
1059 1560 3
1059 1570 8
1059 1710 7
1059 1814 1
1059 1938 4
1059 1943 5
1059 2006 9
1059 2020 3
1059 2107 8
1059 2277 3
1059 2287 7
1059 2467 2
1059 2493 6
1059 2761 10
1059 2819 6
1059 2836 2
1059 2965 9
1060 1247 6
1060 1320 1
1060 1496 1
1060 1538 9
1060 1594 4
1060 1650 7
1060 1664 1
1060 2026 2
1060 2119 8
1060 2134 10
1060 2232 2
1060 2373 4
1060 2581 1
1060 2631 5
1060 2745 7
1060 2876 4
1061 1083 2
1061 1088 4
1061 1143 6
1061 1178 4
1061 1233 7
1061 1647 10
1061 1655 9
1061 1702 1
1061 1876 5
1061 1907 3
1061 1944 5
1061 2156 2
1061 2255 2
1061 2277 10
1061 2443 9
1061 2516 4
1061 2530 1
1061 2717 7
1061 2745 8
1061 2874 1
1061 2914 3
1061 2925 1
1061 2938 6
1061 2960 1
1062 1091 5
1062 1108 2
1062 1239 10
1062 1253 8
1062 1269 6
1062 1338 9
1062 1377 6
1062 1396 8
1062 1413 1
1062 1543 10
1062 1547 1
1062 1588 2
1062 1644 3
1062 1858 9
1062 1871 3
1062 1925 10
1062 1977 8
1062 2022 3
1062 2248 7
1062 2543 1
1062 2558 3
1062 2610 5
1062 2873 3
1063 1216 8
1063 1230 2
1063 1249 8
1063 1396 3
1063 1488 10
1063 1598 4
1063 1673 4
1063 1760 3
1063 1774 10
1063 1910 6
1063 2060 8
1063 2154 4
1063 2430 1
1063 2446 10
1063 2454 5
1063 2510 7
1063 2537 9
1063 2589 2
1063 2633 4
1063 2762 8
1063 2798 8
1063 2831 6
1063 2854 6
1064 1161 1
1064 1239 9
1064 1273 2
1064 1309 8
1064 1414 3
1064 1884 5
1064 1959 9
1064 2040 10
1064 2078 3
1064 2249 5
1064 2328 10
1064 2433 4
1064 2455 1
1064 2494 5
1064 2594 5
1065 1097 9
1065 1157 3
1065 1197 3
1065 1210 8
1065 1482 3
1065 1485 8
1065 1500 2
1065 1503 10
1065 1508 2
1065 1536 6
1065 1544 1
1065 1576 9
1065 1580 8
1065 1607 8
1065 1616 4
1065 1665 8
1065 1773 6
1065 1833 5
1065 1982 2
1065 1993 9
1065 2386 9
1065 2418 7
1065 2467 3
1065 2722 8
1065 2734 1
1065 2984 8
1066 1082 10
1066 1166 3
1066 1286 2
1066 1329 4
1066 1374 2
1066 1770 1
1066 1796 5
1066 2010 1
1066 2073 5
1066 2188 6
1066 2298 4
1066 2408 3
1066 2409 4
1066 2509 1
1066 2789 4
1066 2832 5
1066 2986 9
1067 1190 9
1067 1301 2
1067 1449 9
1067 1466 1
1067 1535 1
1067 1648 4
1067 1666 7
1067 1810 2
1067 1874 2
1067 1916 7
1067 1948 4
1067 2049 8
1067 2117 5
1067 2220 7
1067 2237 4
1067 2262 4
1067 2286 5
1067 2330 7
1067 2612 3
1067 2741 10
1067 2769 3
1067 2818 3
1067 2828 6
1068 1083 5
1068 1254 1
1068 1292 8
1068 1361 6
1068 1549 9
1068 1565 2
1068 1661 8
1068 1907 1
1068 1985 5
1068 2064 5
1068 2076 10
1068 2198 8
1068 2211 6
1068 2219 6
1068 2251 8
1068 2280 8
1068 2457 3
1068 2507 4
1068 2523 6
1068 2563 5
1068 2676 8
1069 1112 6
1069 1168 6
1069 1236 6
1069 1366 5
1069 1522 6
1069 1575 5
1069 1790 2
1069 1801 6
1069 1845 4
1069 1936 4
1069 1966 3
1069 2049 8
1069 2125 8
1069 2136 9
1069 2142 6
1069 2217 3
1069 2253 2
1069 2254 3
1069 2423 4
1069 2526 4
1069 2568 2
1069 2852 3
1070 1071 9
1070 1118 4
1070 1124 7
1070 1176 1
1070 1258 2
1070 1346 3
1070 1433 5
1070 1447 6
1070 1471 2
1070 1489 1
1070 1542 10
1070 1839 8
1070 1977 9
1070 2420 6
1070 2472 7
1070 2492 1
1070 2643 8
1070 2711 8
1070 2777 5
1070 2822 8
1070 2869 4
1070 2924 1
1070 2964 6
1071 1191 7
1071 1255 8
1071 1416 10
1071 1479 10
1071 1584 1
1071 1623 1
1071 2373 3
1071 2590 8
1071 2604 6
1071 2795 2
1071 2850 1
1071 2970 1
1071 2996 4
1072 1077 1
1072 1415 1
1072 1816 3
1072 1845 8
1072 1861 3
1072 1892 10
1072 1894 9
1072 1924 3
1072 2113 4
1072 2189 5
1072 2298 9
1072 2436 8
1072 2624 5
1072 2658 10
1072 2667 10
1072 2671 7
1072 2863 9
1072 2952 10
1073 1240 2
1073 1282 7
1073 1584 7
1073 1659 7
1073 2020 1
1073 2022 6
1073 2094 6
1073 2416 10
1073 2480 9
1073 2535 3
1073 2563 10
1073 2685 3
1073 2764 7
1073 2829 5
1073 2913 4
1074 1092 1
1074 1315 8
1074 1391 4
1074 1405 2
1074 1448 7
1074 1585 2
1074 1679 10
1074 1710 8
1074 1839 1
1074 1986 5
1074 2207 1
1074 2387 7
1074 2397 8
1074 2415 6
1074 2572 6
1074 2588 9
1074 2776 8
1074 2912 1
1075 1332 3
1075 1456 8
1075 1890 5
1075 1932 1
1075 2048 9
1075 2053 7
1075 2091 8
1075 2242 6
1075 2264 1
1075 2486 10
1075 2487 3
1075 2515 6
1075 2626 6
1075 2723 5
1075 2778 6
1075 2966 5
1076 1164 6
1076 1185 1
1076 1305 3
1076 1337 1
1076 1338 5
1076 1360 2
1076 1522 1
1076 1645 2
1076 1655 5
1076 1853 3
1076 1886 6
1076 2323 9
1076 2383 10
1076 2625 5
1076 2627 2
1076 2745 10
1076 2761 4
1076 2804 1
1076 2808 9
1076 2813 10
1076 2847 4
1076 2930 9
1077 1082 4
1077 1198 7
1077 1361 3
1077 1408 1
1077 1460 9
1077 1674 1
1077 1728 1
1077 1794 8
1077 1910 4
1077 2623 10
1077 2698 2
1077 2699 9
1077 2855 1
1077 2885 6
1077 2940 6
1078 1191 3
1078 1243 4
1078 1251 9
1078 1361 3
1078 1443 8
1078 1529 1
1078 1562 7
1078 1668 9
1078 1908 1
1078 2297 4
1078 2723 2
1078 2867 2
1079 1084 1
1079 1198 3
1079 1222 2
1079 1517 10
1079 1554 1
1079 1661 5
1079 1694 7
1079 1708 1
1079 2278 6
1079 2718 7
1079 2727 6
1079 2763 10
1079 2813 2
1079 2814 10
1079 2817 1
1079 2935 7
1080 1245 1
1080 1347 7
1080 1419 10
1080 1466 4
1080 1584 2
1080 1647 9
1080 1690 5
1080 1795 2
1080 1943 2
1080 1969 3
1080 2070 5
1080 2334 6
1080 2466 3
1080 2486 5
1080 2902 7
1080 2933 7
1080 2952 5
1081 1109 7
1081 1142 1
1081 1253 7
1081 1278 3
1081 1370 7
1081 1385 2
1081 1435 6
1081 1518 10
1081 1633 9
1081 1883 4
1081 2232 5
1081 2236 7
1081 2343 1
1081 2590 5
1081 2617 3
1081 2693 3
1081 2695 2
1081 2709 3
1081 2742 7
1081 2970 5
1082 1253 5
1082 1519 1
1082 1772 7
1082 2058 10
1082 2287 10
1082 2434 8
1082 2465 8
1082 2549 7
1082 2830 10
1082 2894 10
1082 2904 8
1083 1234 3
1083 1360 4
1083 1420 6
1083 1458 4
1083 1464 9
1083 1489 10
1083 1516 10
1083 1603 2
1083 1638 3
1083 1640 9
1083 1740 1
1083 1742 5
1083 1895 10
1083 1915 3
1083 2042 3
1083 2355 7
1083 2356 6
1083 2617 9
1083 2675 9
1083 2768 4
1084 1189 7
1084 1222 3
1084 1229 1
1084 1238 9
1084 1318 10
1084 1385 5
1084 1580 6
1084 1581 7
1084 1600 8
1084 1673 6
1084 1682 6
1084 1791 3
1084 1836 8
1084 1894 4
1084 1941 6
1084 2046 3
1084 2220 7
1084 2348 8
1084 2439 1
1084 2462 4
1084 2534 2
1084 2648 3
1084 2698 7
1084 2900 1
1084 2945 6
1084 2984 2
1085 1168 3
1085 1247 2
1085 1678 3
1085 1781 2
1085 1921 4
1085 2010 1
1085 2086 5
1085 2391 4
1085 2428 7
1085 2630 1
1085 2639 10
1085 2697 3
1085 2829 7
1085 2857 9
1086 1130 6
1086 1140 4
1086 1306 1
1086 1321 5
1086 1359 4
1086 1375 3
1086 1792 5
1086 1798 2
1086 1858 9
1086 1903 9
1086 1965 6
1086 1987 10
1086 2053 8
1086 2092 2
1086 2111 2
1086 2208 2
1086 2226 5
1086 2350 4
1086 2390 4
1086 2557 5
1086 2621 8
1086 2669 4
1086 2908 6
1087 1202 3
1087 1260 8
1087 1277 8
1087 1490 9
1087 1550 10
1087 1787 9
1087 1874 7
1087 1876 7
1087 2028 1
1087 2068 2
1087 2071 8
1087 2078 5
1087 2091 8
1087 2098 10
1087 2137 1
1087 2239 5
1087 2385 3
1087 2407 2
1087 2461 6
1087 2531 6
1087 2555 9
1087 2607 3
1087 2615 3
1087 2646 4
1087 2649 8
1087 2739 5
1087 2793 5
1087 2860 6
1087 2892 5
1088 1242 9
1088 1250 9
1088 1287 6
1088 1358 6
1088 1467 9
1088 1497 2
1088 1620 5
1088 1631 5
1088 1661 5
1088 1762 4
1088 1905 6
1088 1972 2
1088 2044 9
1088 2077 10
1088 2354 2
1088 2395 4
1088 2457 6
1088 2479 8
1088 2488 6
1088 2493 6
1088 2685 4
1088 2828 5
1088 2979 8
1089 1091 8
1089 1236 2
1089 1281 10
1089 1337 5
1089 1403 4
1089 1457 8
1089 1517 1
1089 1527 5
1089 1576 7
1089 1762 8
1089 1885 5
1089 2108 6
1089 2167 6
1089 2231 10
1089 2339 9
1089 2391 7
1089 2446 7
1089 2746 9
1089 2794 2
1089 2818 2
1090 1365 9
1090 1642 1
1090 1729 9
1090 1942 9
1090 2135 8
1090 2336 6
1090 2412 8
1090 2439 3
1090 2939 10
1091 1149 5
1091 1150 6
1091 1176 1
1091 1363 6
1091 1390 5
1091 1443 5
1091 1553 10
1091 1684 10
1091 1769 7
1091 1794 3
1091 1863 9
1091 2073 6
1091 2106 1
1091 2503 3
1091 2532 4
1091 2621 5
1091 2795 9
1091 2858 8
1092 1151 5
1092 1177 3
1092 1196 1
1092 1234 4
1092 1294 9
1092 1396 4
1092 1703 5
1092 1705 1
1092 1719 3
1092 1833 2
1092 1974 10
1092 2106 2
1092 2148 1
1092 2258 4
1092 2399 6
1092 2627 1
1092 2899 10
1092 2997 4
1093 1418 5
1093 1790 5
1093 1858 10
1093 2132 4
1093 2169 1
1093 2437 10
1093 2520 10
1093 2597 3
1093 2747 1
1093 2883 9
1094 1144 7
1094 1187 5
1094 1333 8
1094 1596 4
1094 1661 6
1094 1678 8
1094 1834 3
1094 1861 1
1094 2312 6
1094 2331 6
1094 2512 3
1094 2848 3
1095 1105 1
1095 1190 6
1095 1268 8
1095 1593 6
1095 1605 9
1095 1860 4
1095 1948 9
1095 1985 8
1095 2226 1
1095 2393 6
1095 2418 9
1095 2615 5
1095 2880 10
1095 2885 4
1095 2904 6
1096 1099 5
1096 1199 6
1096 1370 8
1096 1488 6
1096 1872 4
1096 1887 4
1096 1974 7
1096 2067 9
1096 2312 7
1096 2345 5
1096 2387 1
1096 2413 3
1096 2479 5
1096 2573 1
1096 2708 6
1096 2872 2
1096 2915 1
1096 2980 8
1097 1211 8
1097 1275 1
1097 1593 6
1097 1660 2
1097 1924 1
1097 1959 7
1097 2104 2
1097 2120 7
1097 2181 7
1097 2202 4
1097 2353 2
1097 2431 4
1097 2539 4
1097 2604 8
1097 2731 3
1097 2779 7
1097 2789 1
1097 2919 4
1097 2958 4
1097 2991 10
1098 1158 3
1098 1392 3
1098 1399 7
1098 1531 5
1098 1580 3
1098 1602 5
1098 1690 4
1098 1724 9
1098 1799 9
1098 1909 1
1098 1989 5
1098 2082 2
1098 2169 3
1098 2381 5
1098 2449 5
1098 2468 9
1098 2491 1
1098 2601 9
1098 2625 10
1098 2743 4
1098 2746 10
1098 2998 3
1099 1135 4
1099 1163 4
1099 1182 9
1099 1290 10
1099 1305 10
1099 1373 1
1099 1389 7
1099 1480 1
1099 1558 5
1099 1603 8
1099 1677 5
1099 1783 4
1099 1798 10
1099 1824 3
1099 2124 5
1099 2213 10
1099 2310 3
1099 2351 9
1099 2401 10
1099 2451 10
1099 2468 5
1099 2489 6
1099 2552 1
1099 2654 6
1099 2791 6
1100 1165 8
1100 1338 9
1100 1365 10
1100 1576 4
1100 1815 5
1100 1826 8
1100 1833 5
1100 1874 2
1100 1905 6
1100 1922 8
1100 1931 7
1100 2005 10
1100 2220 10
1100 2291 10
1100 2299 3
1100 2342 4
1100 2519 3
1100 2581 10
1100 2591 1
1100 2595 7
1100 2737 6
1100 2928 2
1101 1264 3
1101 1305 2
1101 1520 9
1101 1570 5
1101 1816 4
1101 2182 3
1101 2219 6
1101 2284 8
1101 2323 2
1101 2434 10
1101 2479 1
1101 2547 6
1101 2697 10
1101 2709 9
1101 2830 6
1101 2876 6
1101 2933 4
1101 2976 3
1102 1111 10
1102 1159 5
1102 1358 3
1102 1606 3
1102 1639 8
1102 1745 6
1102 1924 4
1102 1926 5
1102 1991 5
1102 2190 6
1102 2263 10
1102 2301 9
1102 2410 8
1102 2462 1
1102 2586 9
1102 2631 9
1102 2678 5
1102 2771 6
1102 2794 1
1102 2801 5
1102 2835 7
1103 1269 9
1103 1375 10
1103 1412 3
1103 1484 9
1103 1572 9
1103 1578 3
1103 1594 3
1103 1712 2
1103 1772 2
1103 2058 8
1103 2190 10
1103 2228 6
1103 2343 5
1103 2392 5
1103 2768 5
1103 2828 4
1103 2949 1
1103 2952 2
1103 2988 7
1103 2998 10
1104 1176 1
1104 1544 8
1104 1551 8
1104 1612 6
1104 1730 5
1104 1774 2
1104 1814 4
1104 1817 9
1104 1903 9
1104 2069 5
1104 2162 5
1104 2219 5
1104 2241 2
1104 2298 8
1104 2629 10
1104 2917 2
1104 2991 2
1105 1114 10
1105 1116 8
1105 1506 9
1105 1552 2
1105 1571 10
1105 1747 7
1105 1824 9
1105 1826 3
1105 1920 9
1105 1933 4
1105 2043 7
1105 2050 7
1105 2060 7
1105 2062 5
1105 2459 10
1105 2523 1
1105 2573 6
1105 2614 4
1105 2738 7
1105 2827 8
1105 2986 6
1106 1110 4
1106 1171 1
1106 1175 6
1106 1466 2
1106 1482 9
1106 1865 7
1106 2044 4
1106 2504 8
1106 2508 5
1106 2614 2
1106 2630 9
1106 2709 7
1106 2881 10
1107 1138 3
1107 1275 2
1107 1422 5
1107 1615 4
1107 1686 4
1107 1730 9
1107 1930 10
1107 1945 9
1107 2561 9
1107 2574 2
1107 2614 9
1107 2633 8
1107 2716 3
1107 2792 7
1107 2916 5
1107 2926 5
1107 2944 4
1108 1180 7
1108 1280 5
1108 1332 2
1108 1363 3
1108 1399 3
1108 1405 9
1108 1419 4
1108 1512 1
1108 1513 6
1108 1577 8
1108 1588 6
1108 1662 4
1108 1792 4
1108 1863 1
1108 1945 10
1108 1975 1
1108 2003 5
1108 2181 1
1108 2358 6
1108 2393 6
1108 2821 2
1108 2885 5
1108 2937 5
1109 1181 8
1109 1297 6
1109 1441 4
1109 1534 10
1109 1623 5
1109 1664 5
1109 1908 2
1109 1995 1
1109 2305 3
1109 2452 9
1109 2515 9
1109 2537 8
1109 2736 9
1109 2774 10
1109 2873 2
1109 2916 6
1110 1137 3
1110 1138 10
1110 1220 9
1110 1422 9
1110 1431 3
1110 1519 6
1110 1648 4
1110 1660 9
1110 1711 6
1110 1739 4
1110 2375 5
1110 2480 1
1110 2723 8
1110 2755 4
1110 2838 5
1110 2935 3
1110 2951 8
1111 1220 6
1111 1342 6
1111 1793 6
1111 1951 4
1111 1997 3
1111 2003 1
1111 2047 8
1111 2085 8
1111 2268 6
1111 2317 5
1111 2441 2
1111 2458 3
1111 2560 3
1111 2627 5
1111 2789 7
1111 2846 1
1111 2877 6
1112 1118 6
1112 1332 2
1112 1335 6
1112 1461 9
1112 1713 4
1112 1927 3
1112 1946 2
1112 1957 8
1112 2016 2
1112 2023 5
1112 2077 3
1112 2091 7
1112 2241 2
1112 2381 10
1112 2459 9
1112 2565 9
1112 2590 3
1112 2641 4
1112 2752 10
1112 2799 7
1113 1136 8
1113 1140 2
1113 1173 8
1113 1288 6
1113 1346 7
1113 1435 10
1113 1583 5
1113 1686 8
1113 1692 9
1113 1762 10
1113 1877 8
1113 1921 8
1113 2020 9
1113 2345 4
1113 2351 2
1113 2602 7
1113 2605 4
1113 2684 1
1113 2796 10
1113 2819 6
1113 2858 7
1113 2927 6
1114 1249 9
1114 1274 8
1114 1294 3
1114 1569 8
1114 1606 1
1114 1720 1
1114 1933 6
1114 2041 9
1114 2112 7
1114 2466 3
1114 2467 2
1114 2556 9
1114 2562 1
1114 2750 9
1114 2895 1
1114 2990 9
1115 1146 1
1115 1225 2
1115 1307 4
1115 1412 3
1115 1602 8
1115 1887 6
1115 1908 8
1115 2099 7
1115 2163 9
1115 2239 2
1115 2525 7
1115 2834 6
1115 2940 7
1116 1118 5
1116 1291 8
1116 1465 6
1116 1485 6
1116 1487 6
1116 1856 6
1116 1876 8
1116 2250 2
1116 2341 9
1116 2591 8
1116 2632 10
1116 2651 10
1117 1211 6
1117 1528 10
1117 1639 8
1117 1837 7
1117 1972 4
1117 2340 7
1117 2422 6
1117 2442 8
1117 2498 5
1117 2508 8
1117 2688 8
1117 2729 7
1117 2819 1
1118 1177 5
1118 1330 5
1118 1540 10
1118 1541 2
1118 1684 3
1118 1699 1
1118 1725 5
1118 1822 7
1118 1921 2
1118 2032 3
1118 2052 1
1118 2059 2
1118 2122 9
1118 2211 6
1118 2249 8
1118 2378 7
1118 2675 2
1118 2712 9
1118 2716 2
1118 2888 1
1118 2907 9
1119 1362 7
1119 1365 6
1119 1504 6
1119 1730 1
1119 1776 1
1119 1824 3
1119 1961 2
1119 1968 9
1119 1988 4
1119 2031 10
1119 2288 3
1119 2329 2
1119 2574 8
1119 2636 10
1119 2792 5
1119 2858 1
1120 1245 6
1120 1341 7
1120 1689 5
1120 1720 5
1120 1722 9
1120 1811 1
1120 2009 6
1120 2034 6
1120 2128 8
1120 2142 9
1120 2189 6
1120 2366 3
1120 2476 5
1120 2491 1
1120 2565 9
1120 2851 5
1121 1159 10
1121 1173 1
1121 1510 8
1121 1560 1
1121 1568 10
1121 1670 2
1121 1699 5
1121 1958 2
1121 1989 6
1121 2134 5
1121 2214 3
1121 2246 3
1121 2310 5
1121 2476 1
1121 2545 10
1121 2556 4
1121 2589 4
1121 2653 2
1121 2673 4
1121 2681 7
1121 2745 6
1121 2754 6
1121 2882 7
1121 2895 8
1122 1289 5
1122 1316 1
1122 1560 8
1122 1594 6
1122 1616 5
1122 1652 7
1122 1810 7
1122 1852 7
1122 1983 1
1122 2137 7
1122 2193 2
1122 2200 7
1122 2213 9
1122 2288 8
1122 2322 8
1122 2397 8
1122 2443 6
1122 2449 5
1122 2457 10
1122 2735 7
1122 2747 4
1122 2763 9
1123 1188 9
1123 1477 2
1123 1486 2
1123 1801 5
1123 1953 4
1123 2276 2
1123 2297 2
1123 2374 8
1123 2392 3
1123 2457 1
1123 2718 5
1123 2814 3
1123 2853 9
1123 2883 7
1124 1361 2
1124 1673 9
1124 2095 3
1124 2187 4
1124 2235 1
1124 2394 10
1124 2537 7
1124 2675 6
1125 1501 3
1125 1688 7
1125 1702 2
1125 1872 1
1125 1894 5
1125 2111 10
1125 2299 1
1125 2636 2
1125 2794 8
1125 2828 4
1125 2876 9
1125 2919 4
1126 1144 4
1126 1182 3
1126 1388 7
1126 1504 9
1126 1530 5
1126 1661 3
1126 2044 8
1126 2147 3
1126 2181 5
1126 2477 10
1126 2794 9
1126 2831 10
1127 1375 9
1127 1427 6
1127 1452 9
1127 1716 4
1127 1802 1
1127 1852 7
1127 1870 3
1127 1980 7
1127 2220 4
1127 2261 5
1127 2379 9
1127 2643 8
1127 2667 1
1127 2790 5
1127 2815 5
1127 2835 6
1128 1215 10
1128 1290 9
1128 1573 4
1128 1649 6
1128 1789 2
1128 1799 6
1128 1989 5
1128 2075 1
1128 2210 10
1128 2294 2
1128 2348 10
1128 2427 10
1128 2457 8
1128 2670 1
1128 2693 2
1128 2766 6
1128 2899 6
1129 1241 1
1129 1242 2
1129 1259 1
1129 1415 10
1129 1421 4
1129 1727 8
1129 1842 8
1129 1874 3
1129 1885 3
1129 2067 9
1129 2099 6
1129 2118 4
1129 2126 1
1129 2166 5
1129 2169 1
1129 2409 4
1129 2517 1
1129 2777 9
1129 2778 1
1130 1204 3
1130 1423 2
1130 1475 2
1130 1753 3
1130 1865 10
1130 1994 9
1130 2064 6
1130 2079 5
1130 2144 3
1130 2278 2
1130 2370 4
1130 2384 3
1130 2546 9
1130 2658 1
1130 2794 3
1130 2968 9
1131 1326 2
1131 1338 6
1131 1486 7
1131 1504 6
1131 1558 5
1131 1596 5
1131 1711 1
1131 1863 9
1131 2063 8
1131 2322 2
1131 2389 2
1131 2901 8
1131 2988 8
1132 1173 9
1132 1365 2
1132 1714 6
1132 1764 6
1132 1898 8
1132 2024 3
1132 2078 7
1132 2123 6
1132 2176 6
1132 2420 7
1132 2612 6
1132 2760 6
1132 2828 5
1132 2839 10
1133 1149 2
1133 1193 2
1133 1196 2
1133 1270 4
1133 1311 4
1133 1327 1
1133 1517 6
1133 1535 2
1133 1571 10
1133 1615 7
1133 1622 5
1133 1690 10
1133 1882 9
1133 2215 1
1133 2375 6
1133 2459 2
1133 2741 5
1133 2743 8
1133 2809 5
1133 2897 7
1134 1205 7
1134 1352 10
1134 1395 6
1134 1425 2
1134 1603 10
1134 1714 7
1134 1769 6
1134 1949 2
1134 2153 9
1134 2213 10
1134 2289 6
1134 2326 7
1134 2539 7
1134 2548 6
1134 2586 1
1134 2704 7
1134 2715 1
1134 2776 1
1134 2829 4
1134 2848 10
1134 2885 1
1135 1281 5
1135 1290 10
1135 1898 8
1135 1950 3
1135 2189 7
1135 2295 7
1135 2435 1
1135 2550 1
1135 2853 4
1135 2917 5
1135 2950 8
1135 2966 2
1136 1341 4
1136 1499 5
1136 1549 10
1136 1692 6
1136 1728 10
1136 1758 1
1136 1772 5
1136 1779 9
1136 1801 2
1136 1848 1
1136 1861 9
1136 1885 8
1136 2057 6
1136 2170 3
1136 2325 4
1136 2490 9
1136 2801 8
1136 2810 1
1137 1427 7
1137 1641 8
1137 1677 5
1137 1898 1
1137 2403 5
1137 2425 5
1137 2583 9
1137 2624 4
1137 2705 4
1137 2731 7
1137 2752 8
1137 2838 2
1137 2977 9
1138 1317 4
1138 1406 10
1138 1449 2
1138 1630 9
1138 1769 8
1138 1784 7
1138 1832 1
1138 1987 8
1138 2104 9
1138 2129 8
1138 2194 5
1138 2233 3
1138 2267 8
1138 2598 4
1138 2739 1
1138 2745 10
1138 2917 9
1139 1331 4
1139 1386 10
1139 1762 4
1139 1855 1
1139 1934 5
1139 2046 3
1139 2113 7
1139 2224 5
1139 2256 10
1139 2300 10
1139 2334 6
1139 2388 6
1139 2535 4
1139 2663 10
1139 2723 9
1139 2765 8
1139 2900 1
1139 2947 3
1139 2975 3
1140 1329 1
1140 1411 4
1140 2007 9
1140 2014 2
1140 2375 8
1140 2489 4
1140 2548 9
1140 2637 10
1140 2695 10
1140 2885 4
1140 2938 4
1141 1222 5
1141 1322 9
1141 1337 6
1141 1508 1
1141 1557 9
1141 1579 3
1141 2257 1
1141 2282 7
1141 2448 5
1141 2483 6
1141 2523 10
1141 2583 5
1141 2593 4
1141 2682 8
1141 2822 6
1142 1222 2
1142 1350 7
1142 1604 8
1142 1883 7
1142 2174 1
1142 2278 4
1142 2308 6
1142 2490 8
1142 2565 6
1142 2660 8
1142 2852 10
1142 2957 9
1143 1155 4
1143 1271 10
1143 1344 2
1143 1545 3
1143 1703 4
1143 1803 2
1143 2003 10
1143 2012 6
1143 2245 3
1143 2309 7
1143 2640 8
1143 2794 9
1143 2823 6
1143 2829 6
1144 1192 10
1144 1235 8
1144 1256 1
1144 1494 3
1144 1517 2
1144 1702 2
1144 1722 6
1144 1973 2
1144 2014 4
1144 2055 8
1144 2118 6
1144 2209 6
1144 2282 6
1144 2324 8
1144 2352 2
1144 2374 5
1144 2393 4
1144 2470 5
1144 2672 4
1144 2745 4
1144 2885 9
1145 1176 2
1145 1231 8
1145 1251 9
1145 1349 7
1145 1367 5
1145 1524 10
1145 1546 4
1145 1646 1
1145 1655 6
1145 1671 5
1145 1861 6
1145 2052 7
1145 2209 8
1145 2233 3
1145 2302 7
1145 2385 6
1145 2482 5
1145 2488 6
1145 2528 9
1145 2567 1
1145 2813 8
1145 2920 8
1146 1156 10
1146 1224 7
1146 1266 2
1146 1489 8
1146 1570 3
1146 1646 7
1146 1653 4
1146 1836 2
1146 1843 9
1146 1978 9
1146 2039 10
1146 2153 4
1146 2216 3
1146 2361 10
1146 2510 2
1146 2531 2
1146 2646 5
1146 2653 9
1146 2681 9
1146 2716 2
1146 2916 4
1146 2933 10
1146 2997 5
1147 1231 2
1147 1319 9
1147 1349 10
1147 1380 8
1147 1434 9
1147 1469 10
1147 1543 8
1147 1594 1
1147 1837 1
1147 1847 3
1147 1993 7
1147 2103 6
1147 2378 8
1147 2392 4
1147 2465 6
1147 2537 10
1147 2663 2
1147 2740 8
1147 2791 10
1147 2932 5
1148 1274 10
1148 1280 9
1148 1305 7
1148 1315 8
1148 1316 9
1148 1444 9
1148 1516 5
1148 1751 2
1148 1769 3
1148 1895 7
1148 1958 9
1148 2109 4
1148 2391 8
1148 2437 8
1148 2646 9
1148 2833 4
1148 2949 9
1148 2977 1
1148 2984 1
1149 1206 7
1149 1232 4
1149 1365 5
1149 1497 10
1149 1574 2
1149 1632 3
1149 1747 10
1149 1760 9
1149 2034 5
1149 2181 1
1149 2199 3
1149 2229 5
1149 2336 5
1149 2356 2
1149 2465 1
1149 2593 9
1149 2633 10
1149 2669 6
1149 2690 7
1149 2822 6
1149 2876 3
1149 2884 8
1149 2920 8
1150 1189 8
1150 1214 4
1150 1266 2
1150 1274 5
1150 1366 3
1150 1395 5
1150 1458 9
1150 1539 9
1150 1545 9
1150 1586 2
1150 1662 8
1150 1667 2
1150 1825 7
1150 2044 10
1150 2054 8
1150 2118 2
1150 2304 7
1150 2448 7
1150 2726 3
1150 2733 7
1150 2871 8
1150 2933 8
1151 1233 6
1151 1342 7
1151 1417 4
1151 1458 6
1151 1764 5
1151 1902 7
1151 1924 9
1151 1946 6
1151 2034 9
1151 2414 5
1151 2475 8
1151 2516 3
1151 2609 9
1151 2740 6
1151 2816 10
1151 2833 9
1151 2957 10
1151 2983 4
1152 1335 1
1152 1341 9
1152 1363 10
1152 1598 3
1152 1770 5
1152 1811 9
1152 2040 10
1152 2106 6
1152 2109 5
1152 2210 1
1152 2248 2
1152 2282 6
1152 2466 6
1152 2489 5
1152 2561 3
1152 2680 2
1152 2704 2
1152 2763 4
1152 2879 5
1152 2933 8
1153 1171 1
1153 1372 4
1153 1412 10
1153 1471 8
1153 1729 4
1153 1764 6
1153 1777 4
1153 1976 8
1153 2170 8
1153 2347 7
1153 2530 6
1153 2576 5
1153 2621 1
1153 2691 5
1153 2787 4
1153 2833 7
1153 2843 3
1153 2931 6
1153 2939 7
1154 1173 8
1154 1255 4
1154 1522 7
1154 1595 2
1154 1599 4
1154 1713 2
1154 1781 2
1154 2194 8
1154 2421 6
1154 2535 7
1154 2757 8
1154 2784 2
1154 2841 4
1154 2888 6
1155 1188 1
1155 1291 8
1155 1324 6
1155 1338 4
1155 1387 9
1155 1398 3
1155 1615 4
1155 1767 1
1155 1772 5
1155 1856 3
1155 1861 5
1155 2155 5
1155 2265 7
1155 2383 6
1155 2426 3
1155 2749 10
1155 2765 6
1155 2846 7
1156 1448 4
1156 1482 1
1156 1537 1
1156 1548 9
1156 1631 5
1156 2072 6
1156 2081 7
1156 2113 1
1156 2151 2
1156 2351 7
1156 2388 1
1156 2511 1
1156 2573 8
1156 2590 9
1156 2634 10
1156 2676 7
1156 2691 3
1156 2698 8
1156 2921 4
1157 1181 6
1157 1252 8
1157 1344 8
1157 1377 9
1157 1497 7
1157 1833 10
1157 1879 6
1157 1997 1
1157 2015 9
1157 2034 9
1157 2104 6
1157 2504 4
1157 2584 6
1157 2608 4
1157 2650 1
1157 2740 9
1158 1341 5
1158 1401 6
1158 1439 3
1158 1453 9
1158 1454 4
1158 1470 10
1158 1651 2
1158 1662 4
1158 1795 8
1158 1902 9
1158 1927 2
1158 1939 2
1158 1958 5
1158 2299 2
1158 2331 4
1158 2427 8
1158 2506 1
1158 2509 9
1158 2517 5
1158 2682 8
1158 2745 5
1158 2752 9
1158 2878 4
1158 2887 4
1158 2912 4
1158 2963 4
1158 2973 5
1159 1168 9
1159 1354 1
1159 1373 4
1159 1570 2
1159 2240 6
1159 2395 4
1159 2400 4
1159 2494 6
1159 2507 3
1159 2524 8
1159 2587 9
1160 1204 3
1160 1292 10
1160 1373 1
1160 1412 10
1160 1531 2
1160 1561 8
1160 1784 1
1160 1804 9
1160 1941 6
1160 1962 5
1160 2093 10
1160 2107 9
1160 2144 7
1160 2225 3
1160 2433 3
1160 2509 5
1160 2568 9
1160 2843 10
1160 2849 10
1160 2934 6
1160 2941 3
1161 1197 1
1161 1246 2
1161 1501 6
1161 1630 5
1161 1746 1
1161 1896 4
1161 1954 4
1161 2089 3
1161 2150 1
1161 2151 9
1161 2353 3
1161 2500 2
1161 2519 10
1161 2623 2
1162 1218 1
1162 1234 4
1162 1298 5
1162 1354 4
1162 1420 2
1162 1466 2
1162 1652 2
1162 1693 10
1162 1713 2
1162 2009 8
1162 2045 1
1162 2140 2
1162 2150 8
1162 2299 9
1162 2392 5
1162 2393 9
1162 2442 1
1162 2454 6
1162 2457 2
1162 2626 7
1162 2681 9
1162 2754 8
1162 2777 3
1162 2830 7
1162 2836 5
1162 2928 5
1163 1314 7
1163 1369 6
1163 1589 5
1163 1600 2
1163 1601 1
1163 1610 1
1163 1683 3
1163 1689 10
1163 1751 6
1163 1752 1
1163 1753 1
1163 1839 1
1163 1913 7
1163 1918 9
1163 1938 10
1163 2044 7
1163 2086 5
1163 2106 4
1163 2240 7
1163 2357 9
1163 2370 1
1163 2573 2
1163 2780 2
1163 2849 4
1164 1205 4
1164 1257 6
1164 1288 8
1164 1353 3
1164 1378 5
1164 1392 8
1164 1450 1
1164 1503 4
1164 1570 5
1164 1624 9
1164 1675 7
1164 1690 3
1164 1709 8
1164 1825 4
1164 2051 5
1164 2187 3
1164 2268 10
1164 2441 6
1164 2595 6
1164 2682 5
1164 2702 5
1164 2765 6
1164 2776 5
1164 2918 2
1164 2995 10
1165 1572 4
1165 1656 1
1165 1819 4
1165 1852 6
1165 1919 8
1165 2002 9
1165 2052 4
1165 2071 8
1165 2079 3
1165 2098 1
1165 2445 6
1165 2544 6
1165 2567 1
1165 2605 5
1165 2857 9
1165 2898 9
1165 2956 3
1165 2988 1
1166 1180 6
1166 1185 6
1166 1242 10
1166 1258 7
1166 1261 3
1166 1292 2
1166 1568 10
1166 1579 10
1166 1701 10
1166 2120 2
1166 2143 10
1166 2246 10
1166 2300 3
1166 2414 10
1166 2790 5
1166 2867 6
1166 2954 5
1166 2968 9
1167 1188 7
1167 1375 3
1167 1403 1
1167 1451 6
1167 1455 2
1167 1565 9
1167 1692 6
1167 1880 8
1167 2051 4
1167 2237 7
1167 2349 5
1167 2578 1
1167 2906 6
1167 2959 1
1168 1263 6
1168 1414 2
1168 1669 7
1168 1724 2
1168 2177 2
1168 2223 10
1168 2357 9
1168 2401 3
1168 2409 5
1168 2417 7
1168 2425 4
1168 2782 3
1168 2824 8
1168 2890 3
1169 1437 8
1169 1516 10
1169 1539 10
1169 2106 5
1169 2158 1
1169 2172 1
1169 2202 8
1169 2210 4
1169 2239 8
1169 2316 5
1169 2568 4
1169 2661 9
1169 2664 1
1169 2800 3
1169 2817 8
1169 2848 6
1169 2881 2
1170 1212 7
1170 1282 5
1170 1332 10
1170 1342 9
1170 1387 10
1170 1610 1
1170 1668 5
1170 1748 9
1170 1814 3
1170 1986 1
1170 2045 9
1170 2065 4
1170 2083 7
1170 2086 10
1170 2108 9
1170 2575 4
1170 2721 1
1170 2873 4
1170 2961 3
1171 1217 4
1171 1324 3
1171 1371 9
1171 1429 2
1171 1566 9
1171 1666 10
1171 1731 1
1171 1800 8
1171 1812 3
1171 1980 9
1171 2082 2
1171 2137 7
1171 2149 3
1171 2176 9
1171 2359 10
1171 2418 8
1171 2598 2
1171 2646 3
1171 2661 4
1171 2885 2
1172 1221 6
1172 1493 1
1172 1557 7
1172 1594 2
1172 1866 5
1172 1890 4
1172 1959 6
1172 1965 9
1172 1994 8
1172 2230 9
1172 2375 10
1172 2405 4
1172 2564 10
1172 2836 3
1172 2870 8
1173 1279 1
1173 1400 9
1173 1469 3
1173 1530 2
1173 1700 8
1173 2044 10
1173 2187 9
1173 2230 2
1173 2273 2
1173 2507 2
1173 2535 5
1173 2627 9
1173 2647 4
1173 2841 2
1173 2928 4
1174 1290 5
1174 1325 7
1174 1394 5
1174 1617 5
1174 1765 4
1174 1792 4
1174 1855 4
1174 2215 2
1174 2258 1
1174 2293 9
1174 2308 7
1174 2402 4
1174 2447 3
1174 2639 1
1174 2727 8
1174 2772 6
1174 2979 10
1175 1178 8
1175 1180 4
1175 1235 6
1175 1253 10
1175 1350 8
1175 1367 9
1175 1389 5
1175 1525 1
1175 1552 10
1175 1594 5
1175 1681 9
1175 1695 10
1175 1971 10
1175 1984 8
1175 2055 4
1175 2173 7
1175 2176 1
1175 2281 3
1175 2582 2
1175 2625 1
1175 2635 4
1175 2700 7
1175 2726 7
1175 2757 6
1175 2904 8
1176 1218 2
1176 1228 2
1176 1473 7
1176 1489 6
1176 1490 2
1176 1512 7
1176 1682 5
1176 1705 7
1176 1724 10
1176 1752 2
1176 1792 6
1176 1891 8
1176 2023 8
1176 2250 10
1176 2413 9
1176 2439 1
1176 2551 7
1176 2684 1
1176 2712 4
1176 2884 7
1176 2890 10
1176 2945 4
1176 2947 5
1177 1315 3
1177 1362 7
1177 1389 9
1177 1400 7
1177 1713 9
1177 1802 7
1177 1859 7
1177 1865 5
1177 1952 2
1177 1959 2
1177 2004 9
1177 2063 1
1177 2075 8
1177 2120 9
1177 2147 6
1177 2203 8
1177 2359 5
1177 2374 9
1177 2377 1
1177 2452 10
1177 2498 3
1177 2700 7
1177 2784 8
1177 2823 3
1177 2861 3
1177 2955 10
1178 1253 3
1178 1325 2
1178 1346 10
1178 1684 6
1178 1786 3
1178 1837 5
1178 1935 10
1178 2085 8
1178 2248 7
1178 2292 7
1178 2344 6
1178 2588 5
1178 2677 8
1178 2681 8
1178 2754 3
1178 2861 8
1178 2989 4
1179 1235 9
1179 1286 6
1179 1362 3
1179 1453 9
1179 1577 5
1179 1694 8
1179 1722 8
1179 1744 4
1179 1773 10
1179 1831 6
1179 1848 8
1179 1890 9
1179 1904 3
1179 2196 8
1179 2285 4
1179 2489 6
1179 2548 10
1180 1224 5
1180 1264 5
1180 1295 1
1180 1329 2
1180 1475 8
1180 1512 1
1180 1598 7
1180 1651 7
1180 1779 10
1180 1802 10
1180 1847 1
1180 1922 2
1180 1947 4
1180 2052 1
1180 2188 4
1180 2224 8
1180 2442 2
1180 2513 10
1180 2759 9
1180 2820 7
1180 2906 8
1181 1206 10
1181 1262 2
1181 1266 2
1181 1297 10
1181 1390 9
1181 1552 9
1181 1568 2
1181 1608 2
1181 1664 6
1181 1679 9
1181 1788 2
1181 1903 7
1181 1911 2
1181 1924 7
1181 2187 4
1181 2310 3
1181 2360 2
1181 2481 2
1181 2576 7
1181 2586 6
1181 2588 6
1181 2593 1
1181 2658 8
1181 2698 2
1182 1191 3
1182 1226 4
1182 1349 5
1182 1354 9
1182 1396 2
1182 1457 3
1182 1666 3
1182 1719 10
1182 1946 7
1182 1994 7
1182 2324 6
1182 2514 8
1182 2531 10
1182 2614 7
1182 2864 3
1182 2947 3
1183 1252 5
1183 1479 5
1183 1555 3
1183 1765 4
1183 1836 3
1183 1930 7
1183 1994 4
1183 2050 3
1183 2228 6
1183 2318 3
1183 2350 3
1183 2427 2
1183 2765 3
1183 2869 10
1184 1231 1
1184 1376 6
1184 1377 3
1184 1428 3
1184 1456 5
1184 1472 8
1184 1597 6
1184 1733 10
1184 1772 6
1184 1848 3
1184 2104 6
1184 2174 8
1184 2480 3
1184 2716 9
1184 2947 4
1184 2987 6
1185 1361 2
1185 1456 2
1185 1573 8
1185 1794 10
1185 1896 3
1185 2070 10
1185 2709 1
1185 2776 4
1185 2795 1
1185 2835 1
1186 1228 6
1186 1267 8
1186 1406 5
1186 1420 8
1186 1713 8
1186 1733 7
1186 1744 4
1186 1774 10
1186 1931 10
1186 1983 7
1186 2172 7
1186 2234 6
1186 2261 2
1186 2278 10
1186 2284 7
1186 2402 6
1186 2680 8
1186 2717 4
1186 2738 6
1187 1477 2
1187 1576 1
1187 1583 2
1187 1670 1
1187 1984 4
1187 2038 1
1187 2055 2
1187 2088 10
1187 2382 2
1187 2690 3
1187 2716 9
1187 2730 1
1187 2771 4
1188 1202 3
1188 1347 1
1188 1541 2
1188 1588 10
1188 1601 3
1188 1876 8
1188 1892 9
1188 1912 4
1188 2052 3
1188 2109 4
1188 2158 9
1188 2442 10
1188 2477 7
1188 2491 6
1188 2620 9
1188 2872 4
1188 2898 5
1188 2939 4
1189 1535 9
1189 1624 10
1189 1666 4
1189 1683 2
1189 1792 8
1189 1980 8
1189 2112 2
1189 2161 2
1189 2172 7
1189 2263 5
1189 2353 5
1189 2396 4
1189 2444 4
1189 2511 3
1189 2560 3
1189 2580 10
1189 2842 2
1190 1290 3
1190 1368 9
1190 1378 9
1190 1452 1
1190 1735 6
1190 1767 3
1190 1950 2
1190 2308 1
1190 2314 7
1190 2368 5
1190 2484 6
1190 2512 8
1190 2668 3
1190 2933 7
1190 2934 7
1191 1216 8
1191 1239 9
1191 1506 9
1191 1511 1
1191 1680 4
1191 1688 2
1191 1709 5
1191 1900 8
1191 2084 8
1191 2149 6
1191 2153 4
1191 2322 1
1191 2367 5
1191 2377 4
1191 2479 2
1191 2508 3
1191 2544 9
1191 2604 7
1191 2679 10
1191 2714 9
1191 2747 9
1191 2846 3
1191 2897 9
1191 2951 10
1192 1307 2
1192 1486 7
1192 1509 5
1192 1725 8
1192 1861 10
1192 1922 2
1192 2014 9
1192 2057 10
1192 2142 9
1192 2505 6
1192 2598 8
1192 2733 5
1192 2908 8
1193 1219 10
1193 1266 10
1193 1542 6
1193 1718 3
1193 1897 10
1193 2285 10
1193 2373 7
1193 2433 1
1193 2483 1
1193 2518 7
1193 2538 10
1193 2587 3
1193 2686 8
1193 2700 6
1193 2749 6
1194 1219 5
1194 1247 4
1194 1267 9
1194 1481 4
1194 1605 6
1194 1729 7
1194 1819 5
1194 2020 3
1194 2233 4
1194 2263 9
1194 2281 1
1194 2370 5
1194 2402 3
1194 2495 8
1194 2663 10
1194 2724 8
1194 2762 2
1194 2851 5
1194 2971 8
1195 1304 9
1195 1378 5
1195 1432 1
1195 1557 9
1195 1753 6
1195 1773 2
1195 1841 6
1195 1853 6
1195 1856 6
1195 1989 3
1195 1990 1
1195 2000 4
1195 2006 8
1195 2032 10
1195 2064 7
1195 2176 4
1195 2503 6
1195 2628 1
1195 2655 5
1195 2706 4
1195 2776 9
1195 2793 5
1195 2955 5
1196 1363 7
1196 1429 3
1196 1598 9
1196 1617 10
1196 1780 1
1196 1840 9
1196 1962 5
1196 2077 3
1196 2123 10
1196 2165 3
1196 2205 8
1196 2214 2
1196 2221 9
1196 2246 7
1196 2279 2
1196 2642 4
1196 2717 6
1196 2768 10
1196 2817 5
1196 2951 9
1196 2965 7
1197 1263 10
1197 1295 7
1197 1497 3
1197 1518 1
1197 1620 6
1197 1772 9
1197 1824 7
1197 1865 4
1197 2547 4
1197 2601 2
1197 2618 7
1197 2623 2
1197 2644 8
1197 2661 2
1197 2677 3
1198 1239 2
1198 1305 2
1198 1925 3
1198 1952 6
1198 2126 3
1198 2147 2
1198 2184 4
1198 2241 9
1198 2340 3
1198 2344 9
1198 2482 1
1198 2570 4
1198 2911 1
1198 2914 8
1198 2963 4
1198 2985 3
1199 1217 3
1199 1271 1
1199 1458 10
1199 1554 1
1199 1689 9
1199 1695 3
1199 1786 6
1199 1866 8
1199 1885 2
1199 2061 2
1199 2069 6
1199 2107 9
1199 2123 9
1199 2141 6
1199 2259 8
1199 2321 9
1199 2323 3
1199 2546 4
1199 2613 3
1199 2836 3
1200 1210 6
1200 1265 8
1200 1348 1
1200 1375 6
1200 1473 10
1200 1487 8
1200 1872 8
1200 2091 7
1200 2115 3
1200 2168 3
1200 2225 6
1200 2226 6
1200 2535 8
1200 2544 7
1200 2566 8
1200 2568 1
1200 2598 5
1200 2627 9
1200 2650 1
1200 2659 8
1200 2742 5
1200 2849 1
1201 1203 5
1201 1371 10
1201 1401 2
1201 1525 9
1201 1543 7
1201 1568 1
1201 1587 5
1201 1600 6
1201 1783 6
1201 1935 5
1201 2201 9
1201 2216 3
1201 2386 9
1201 2710 5
1201 2816 2
1202 1245 6
1202 1363 9
1202 1406 4
1202 1451 3
1202 1465 8
1202 1529 4
1202 1530 6
1202 1551 4
1202 1795 10
1202 1945 9
1202 2024 1
1202 2041 8
1202 2072 7
1202 2077 7
1202 2241 8
1202 2279 9
1202 2418 1
1202 2452 10
1202 2724 3
1202 2729 2
1202 2770 7
1202 2836 8
1202 2905 4
1202 2980 6
1202 2992 1
1203 1465 7
1203 1571 1
1203 1635 5
1203 1711 4
1203 2072 8
1203 2139 4
1203 2516 6
1203 2524 10
1203 2570 9
1203 2867 8
1204 1288 2
1204 2185 7
1204 2220 10
1204 2259 1
1204 2319 9
1204 2431 6
1204 2512 8
1204 2675 10
1204 2692 7
1204 2897 5
1205 1502 5
1205 1677 9
1205 1772 10
1205 1802 3
1205 1820 5
1205 1858 7
1205 2432 5
1205 2476 6
1205 2577 6
1205 2593 7
1205 2630 5
1205 2660 10
1205 2662 6
1205 2721 6
1205 2753 9
1205 2762 7
1205 2909 3
1205 2956 6
1206 1237 6
1206 1324 8
1206 1329 2
1206 1337 5
1206 1356 7
1206 1441 2
1206 1527 8
1206 1696 4
1206 1841 5
1206 1936 2
1206 1939 10
1206 2156 3
1206 2195 7
1206 2511 8
1206 2643 10
1206 2747 7
1206 2818 3
1206 2854 2
1206 2886 4
1207 1295 1
1207 1472 1
1207 1490 3
1207 1574 9
1207 1633 7
1207 1667 9
1207 1836 5
1207 2029 3
1207 2293 5
1207 2327 4
1207 2479 7
1207 2538 3
1207 2557 9
1207 2639 6
1207 2765 9
1207 2784 9
1207 2811 7
1208 1245 8
1208 1350 5
1208 1368 4
1208 1541 1
1208 1763 8
1208 1958 5
1208 2142 8
1208 2182 2
1208 2285 10
1208 2506 3
1208 2542 4
1208 2634 8
1208 2868 8
1208 2901 10
1208 2961 7
1208 2990 2
1209 1231 9
1209 1232 7
1209 1266 3
1209 1275 2
1209 1277 10
1209 1435 9
1209 1454 5
1209 1493 4
1209 1536 3
1209 1630 3
1209 1650 7
1209 1671 2
1209 2141 10
1209 2165 3
1209 2181 3
1209 2235 4
1209 2335 1
1209 2365 7
1209 2407 9
1209 2453 10
1209 2517 1
1209 2630 9
1209 2700 8
1209 2707 1
1209 2805 8
1209 2900 8
1210 1484 1
1210 1624 2
1210 1667 2
1210 1884 2
1210 2087 2
1210 2188 9
1210 2240 9
1210 2388 5
1210 2559 6
1210 2718 1
1210 2755 1
1210 2819 3
1210 2934 7
1211 1219 5
1211 1296 2
1211 1349 8
1211 1498 9
1211 1621 6
1211 1842 6
1211 2232 10
1211 2245 4
1211 2279 5
1211 2349 2
1211 2518 2
1211 2712 2
1211 2821 2
1211 2835 9
1211 2981 8
1212 1239 7
1212 1240 8
1212 1350 8
1212 1597 9
1212 1740 5
1212 1785 5
1212 1835 4
1212 1851 10
1212 2070 2
1212 2173 2
1212 2230 9
1212 2584 1
1212 2805 4
1212 2814 7
1212 2897 4
1212 2905 8
1213 1248 5
1213 1376 6
1213 1463 3
1213 1491 2
1213 1541 6
1213 1855 4
1213 2091 8
1213 2335 8
1213 2400 10
1213 2470 6
1213 2634 10
1213 2678 4
1213 2804 6
1213 2862 2
1213 2909 7
1213 2980 7
1214 1430 9
1214 1431 7
1214 1502 5
1214 1551 7
1214 1554 7
1214 1709 9
1214 2222 9
1214 2225 8
1214 2555 3
1214 2732 5
1214 2794 8
1214 2986 3
1215 1385 6
1215 1414 5
1215 1472 5
1215 1572 8
1215 1835 2
1215 1976 1
1215 2001 9
1215 2088 8
1215 2164 2
1215 2333 1
1215 2357 3
1215 2456 5
1215 2580 4
1215 2752 3
1215 2756 9
1215 2781 7
1216 1368 4
1216 1374 1
1216 1419 3
1216 1429 9
1216 1502 2
1216 1583 5
1216 1598 5
1216 1642 7
1216 1715 1
1216 1788 10
1216 1912 10
1216 2009 1
1216 2077 4
1216 2168 2
1216 2370 4
1216 2444 3
1216 2595 8
1216 2634 9
1216 2658 7
1216 2677 6
1216 2713 3
1216 2892 3
1216 2904 3
1216 2986 3
1217 1224 1
1217 1327 7
1217 1344 7
1217 1392 2
1217 1588 10
1217 1717 7
1217 1803 2
1217 1869 6
1217 1877 2
1217 1889 6
1217 1923 2
1217 1974 2
1217 2068 8
1217 2136 1
1217 2172 9
1217 2617 1
1217 2659 7
1217 2668 7
1217 2854 4
1217 2918 9
1217 2997 9
1218 1278 7
1218 1582 8
1218 1631 3
1218 1670 5
1218 1724 7
1218 1810 7
1218 1915 3
1218 1985 8
1218 2018 9
1218 2231 7
1218 2353 7
1218 2429 4
1218 2491 9
1218 2496 7
1218 2548 7
1218 2600 10
1218 2698 6
1218 2710 4
1218 2803 3
1218 2811 6
1218 2825 6
1218 2834 8
1219 1402 2
1219 1523 2
1219 1579 8
1219 1598 2
1219 1620 1
1219 1636 9
1219 1665 8
1219 1817 4
1219 1849 2
1219 1882 4
1219 1917 1
1219 1957 7
1219 1974 8
1219 2138 2
1219 2414 9
1219 2536 3
1219 2548 9
1219 2576 9
1219 2729 3
1219 2796 3
1219 2809 3
1219 2884 3
1219 2885 1
1219 2966 1
1220 1564 4
1220 1588 5
1220 1606 10
1220 1644 2
1220 1693 10
1220 1780 1
1220 1996 6
1220 2026 7
1220 2154 8
1220 2235 1
1220 2495 1
1220 2585 5
1220 2592 10
1220 2594 6
1220 2611 6
1220 2763 8
1220 2908 1
1220 2948 10
1220 2996 4
1221 1279 3
1221 1366 2
1221 1465 7
1221 1500 4
1221 1570 10
1221 1767 3
1221 2011 6
1221 2033 2
1221 2156 6
1221 2646 8
1221 2780 10
1221 2782 5
1221 2872 6
1222 1283 4
1222 1379 5
1222 1441 6
1222 1696 8
1222 1933 4
1222 2195 7
1222 2378 9
1222 2427 6
1222 2602 2
1222 2658 8
1222 2697 6
1222 2743 6
1222 2756 1
1222 2889 6
1222 2912 10
1222 2995 6
1223 1451 2
1223 1488 4
1223 1526 2
1223 1542 6
1223 1597 8
1223 1601 2
1223 1644 9
1223 1700 4
1223 1708 4
1223 1762 5
1223 1839 6
1223 1860 7
1223 2151 7
1223 2176 8
1223 2180 6
1223 2280 5
1223 2469 5
1223 2474 4
1223 2516 3
1223 2660 6
1223 2682 7
1223 2966 4
1224 1285 9
1224 1288 5
1224 1507 2
1224 1592 7
1224 1788 10
1224 1921 5
1224 2002 3
1224 2095 4
1224 2117 10
1224 2234 4
1224 2559 3
1224 2825 5
1225 1469 7
1225 1614 4
1225 1646 5
1225 1702 4
1225 1769 1
1225 1868 7
1225 2036 9
1225 2059 7
1225 2230 6
1225 2263 5
1225 2308 3
1225 2336 3
1225 2432 2
1225 2506 10
1225 2528 3
1225 2541 1
1225 2562 7
1225 2572 7
1226 1291 7
1226 1297 2
1226 1304 9
1226 1393 1
1226 1531 3
1226 1644 3
1226 2039 8
1226 2086 6
1226 2117 6
1226 2256 3
1226 2298 10
1226 2418 7
1226 2420 4
1226 2611 3
1226 2614 9
1226 2769 4
1226 2796 10
1227 1265 9
1227 1324 2
1227 1337 6
1227 1467 4
1227 1739 3
1227 1831 7
1227 1850 10
1227 1936 10
1227 1960 7
1227 2277 7
1227 2392 8
1227 2420 9
1227 2437 5
1227 2459 7
1227 2513 3
1227 2531 3
1227 2534 8
1227 2704 2
1227 2875 4
1228 1317 8
1228 1557 4
1228 1650 3
1228 1687 4
1228 1764 6
1228 1770 5
1228 1944 5
1228 2051 9
1228 2089 3
1228 2359 1
1228 2456 7
1228 2543 7
1228 2787 2
1228 2953 6
1229 1338 3
1229 1393 2
1229 1525 2
1229 1536 10
1229 1544 7
1229 1665 5
1229 2248 8
1229 2372 8
1229 2555 10
1229 2593 8
1229 2690 10
1229 2973 7
1230 1407 3
1230 1432 9
1230 1443 8
1230 1633 6
1230 1732 1
1230 1888 5
1230 1909 3
1230 1976 7
1230 2091 9
1230 2102 1
1230 2124 2
1230 2210 10
1230 2326 10
1230 2427 2
1230 2633 10
1230 2714 10
1230 2772 3
1230 2810 1
1230 2843 9
1230 2923 10
1231 1327 6
1231 1540 1
1231 1608 5
1231 1797 10
1231 1839 9
1231 1881 8
1231 1896 4
1231 1949 3
1231 1983 2
1231 2025 2
1231 2079 7
1231 2087 8
1231 2239 10
1231 2276 9
1231 2333 9
1231 2457 9
1231 2706 2
1231 2917 6
1231 2950 2
1231 2951 1
1232 1290 4
1232 1448 5
1232 1521 5
1232 1546 4
1232 1710 6
1232 1739 4
1232 1928 9
1232 1944 1
1232 2201 10
1232 2222 1
1232 2476 3
1232 2558 3
1232 2605 10
1232 2741 4
1232 2963 8
1233 1374 6
1233 1480 4
1233 1677 5
1233 1694 9
1233 1734 4
1233 2219 8
1233 2246 3
1233 2345 3
1233 2590 4
1233 2598 9
1233 2697 5
1233 2801 8
1233 2905 9
1234 1480 2
1234 1876 10
1234 1993 7
1234 2132 1
1234 2328 7
1234 2329 8
1234 2469 9
1234 2478 4
1234 2490 8
1234 2751 6
1234 2864 5
1234 2866 9
1234 2900 4
1234 2973 7
1235 1463 5
1235 1527 6
1235 1570 4
1235 1610 3
1235 1650 8
1235 1798 2
1235 1802 9
1235 1842 1
1235 1958 5
1235 1994 7
1235 2019 5
1235 2021 9
1235 2073 5
1235 2094 1
1235 2251 9
1235 2373 6
1235 2376 9
1235 2650 5
1235 2734 1
1235 2808 7
1236 1237 8
1236 1279 2
1236 1310 4
1236 1388 10
1236 1430 3
1236 1606 3
1236 1616 3
1236 1633 10
1236 1750 3
1236 1762 8
1236 1807 8
1236 1937 10
1236 2032 1
1236 2151 9
1236 2289 2
1236 2535 3
1236 2556 2
1236 2583 8
1236 2786 3
1236 2897 6
1236 2970 6
1236 2971 3
1236 2988 9
1237 1353 9
1237 1446 9
1237 1528 5
1237 1811 8
1237 1951 2
1237 2146 6
1237 2541 1
1237 2621 4
1237 2742 5
1237 2817 6
1237 2890 2
1237 2932 2
1237 2961 6
1238 1518 4
1238 1654 1
1238 1681 3
1238 1776 10
1238 1800 9
1238 1832 8
1238 1894 4
1238 1933 5
1238 1936 1
1238 2040 2
1238 2050 7
1238 2145 2
1238 2310 9
1238 2338 1
1238 2474 6
1238 2485 5
1239 1245 6
1239 1372 6
1239 1450 6
1239 1500 6
1239 1531 3
1239 1748 4
1239 2111 6
1239 2338 1
1239 2480 5
1239 2498 8
1239 2640 6
1239 2652 5
1239 2660 3
1239 2672 8
1239 2701 4
1240 1332 4
1240 1437 6
1240 1443 6
1240 1477 8
1240 1672 8
1240 1689 1
1240 1704 2
1240 1717 1
1240 1788 5
1240 2152 9
1240 2224 4
1240 2250 9
1240 2308 1
1240 2404 1
1240 2407 2
1240 2414 9
1240 2459 10
1240 2471 8
1240 2850 7
1240 2918 6
1240 2997 8
1241 1273 3
1241 1285 3
1241 1336 7
1241 1580 4
1241 1652 10
1241 1679 7
1241 1696 9
1241 1747 1
1241 1917 5
1241 2117 10
1241 2140 10
1241 2173 7
1241 2364 5
1241 2544 1
1241 2649 9
1241 2723 1
1241 2738 7
1241 2754 8
1241 2786 10
1241 2813 9
1242 1311 10
1242 1460 10
1242 1671 8
1242 1853 3
1242 1902 8
1242 1910 2
1242 1993 8
1242 2184 5
1242 2214 9
1242 2231 1
1242 2298 6
1242 2417 2
1242 2535 4
1242 2727 4
1242 2749 2
1243 1295 1
1243 1610 8
1243 1627 9
1243 1675 7
1243 1837 7
1243 1872 2
1243 2003 10
1243 2018 1
1243 2058 2
1243 2087 7
1243 2199 1
1243 2214 3
1243 2242 1
1243 2243 5
1243 2258 4
1243 2302 8
1243 2429 8
1243 2686 7
1243 2734 7
1243 2766 1
1243 2844 7
1243 2849 7
1243 2967 3
1244 1533 5
1244 1567 7
1244 1569 2
1244 1596 4
1244 1745 6
1244 1779 10
1244 1929 1
1244 2006 7
1244 2015 3
1244 2048 1
1244 2322 8
1244 2323 9
1244 2397 1
1244 2414 4
1244 2428 8
1244 2561 4
1244 2724 6
1245 1855 5
1245 1989 8
1245 2093 6
1245 2401 3
1245 2420 9
1245 2568 2
1245 2581 10
1245 2760 4
1245 2765 4
1245 2927 9
1245 2961 4
1246 1266 7
1246 1284 2
1246 1323 3
1246 1392 8
1246 1473 9
1246 1475 5
1246 1500 6
1246 1524 10
1246 1534 10
1246 1673 8
1246 1809 4
1246 1852 3
1246 1856 10
1246 1888 8
1246 1895 10
1246 1925 10
1246 1939 2
1246 1980 5
1246 2072 8
1246 2132 3
1246 2239 1
1246 2240 3
1246 2479 3
1246 2519 10
1246 2581 4
1246 2718 2
1246 2990 4
1247 1380 5
1247 1389 7
1247 1617 4
1247 1651 2
1247 1685 9
1247 1767 2
1247 1793 9
1247 1828 6
1247 1913 1
1247 1971 8
1247 2000 7
1247 2045 4
1247 2142 3
1247 2205 4
1247 2250 7
1247 2312 7
1247 2481 5
1247 2485 9
1247 2960 7
1248 1253 10
1248 1291 1
1248 1544 6
1248 1642 8
1248 1687 4
1248 1748 3
1248 1749 4
1248 1777 2
1248 1964 6
1248 2049 4
1248 2088 3
1248 2176 9
1248 2178 7
1248 2440 2
1248 2495 4
1248 2677 9
1248 2717 2
1248 2988 1
1249 1305 6
1249 1345 7
1249 1376 7
1249 1433 4
1249 1526 9
1249 1583 7
1249 1611 1
1249 1640 10
1249 1747 10
1249 1831 5
1249 1865 2
1249 1916 2
1249 2003 9
1249 2362 9
1249 2445 8
1249 2675 9
1249 2726 10
1249 2879 3
1250 1628 3
1250 1670 7
1250 1984 2
1250 2244 5
1250 2577 5
1250 2613 2
1250 2621 4
1250 2630 4
1250 2734 7
1250 2848 7
1250 2974 3
1251 1382 3
1251 1528 8
1251 1549 9
1251 1713 6
1251 1762 10
1251 1775 6
1251 1794 8
1251 1804 10
1251 2010 3
1251 2021 6
1251 2276 5
1251 2352 2
1251 2483 1
1251 2506 5
1251 2602 9
1251 2802 7
1251 2912 9
1251 2972 4
1251 2994 7
1252 1702 5
1252 1708 9
1252 1802 7
1252 2199 9
1252 2228 9
1252 2499 6
1252 2690 8
1252 2930 4
1253 1612 7
1253 1808 7
1253 1991 10
1253 1999 2
1253 2001 9
1253 2137 3
1253 2213 8
1253 2456 3
1253 2471 5
1253 2703 5
1253 2841 6
1253 2851 6
1254 1355 9
1254 1421 2
1254 1533 5
1254 1677 2
1254 1756 9
1254 1803 1
1254 1930 8
1254 2026 3
1254 2081 1
1254 2350 7
1254 2537 3
1254 2569 6
1254 2583 1
1254 2633 3
1254 2648 10
1254 2721 8
1254 2805 3
1254 2875 2
1254 2910 1
1254 2964 2
1254 2975 8
1255 1412 2
1255 1798 1
1255 1912 2
1255 1988 4
1255 2258 5
1255 2281 8
1255 2536 4
1255 2561 7
1255 2573 7
1255 2699 8
1255 2716 5
1255 2827 6
1255 2889 3
1256 1323 6
1256 1652 8
1256 1787 9
1256 1790 8
1256 1816 8
1256 1877 4
1256 1894 4
1256 1989 5
1256 2140 7
1256 2157 8
1256 2233 9
1256 2390 3
1256 2518 10
1256 2527 5
1256 2703 10
1257 1279 5
1257 1310 4
1257 1416 9
1257 1527 4
1257 1528 6
1257 1539 1
1257 1617 10
1257 1727 5
1257 1782 2
1257 1895 2
1257 1919 7
1257 1935 9
1257 1959 5
1257 1997 6
1257 2082 9
1257 2129 3
1257 2277 5
1257 2629 7
1257 2646 8
1257 2651 9
1257 2664 7
1257 2691 10
1257 2746 4
1257 2798 3
1257 2917 4
1257 2927 5
1257 2976 7
1258 1304 8
1258 1444 4
1258 1571 1
1258 1587 6
1258 1740 4
1258 1900 1
1258 2024 2
1258 2051 3
1258 2186 5
1258 2340 9
1258 2482 3
1258 2497 10
1258 2522 5
1258 2599 4
1258 2631 1
1258 2693 1
1258 2835 5
1258 2908 1
1258 2958 3
1259 1331 10
1259 1497 10
1259 1517 5
1259 1525 2
1259 1550 6
1259 1736 7
1259 1795 9
1259 1843 1
1259 1925 10
1259 2030 2
1259 2034 3
1259 2190 3
1259 2314 8
1259 2357 5
1259 2443 3
1259 2523 6
1259 2692 10
1259 2739 6
1259 2758 10
1259 2782 5
1259 2813 8
1259 2816 3
1259 2831 4
1259 2881 2
1260 1526 10
1260 1531 4
1260 1555 5
1260 1622 5
1260 1629 3
1260 1709 1
1260 1782 3
1260 2118 2
1260 2227 6
1260 2334 9
1260 2336 5
1260 2360 10
1260 2420 4
1260 2430 6
1260 2454 3
1260 2616 9
1260 2845 8
1260 2848 4
1260 2857 2
1261 1387 8
1261 1392 5
1261 1495 6
1261 1653 9
1261 2064 4
1261 2080 4
1261 2083 2
1261 2138 2
1261 2181 4
1261 2235 3
1261 2263 5
1261 2366 3
1261 2451 3
1261 2474 1
1261 2716 3
1261 2726 9
1261 2747 8
1261 2992 7
1262 1292 2
1262 1318 4
1262 1364 6
1262 1365 4
1262 1606 7
1262 1669 6
1262 1916 2
1262 1958 1
1262 2016 2
1262 2084 2
1262 2165 5
1262 2182 5
1262 2400 5
1262 2466 9
1262 2471 2
1262 2614 5
1262 2658 6
1262 2743 2
1262 2899 8
1262 2976 10
1263 1328 9
1263 1461 5
1263 1581 9
1263 1670 5
1263 2046 8
1263 2087 5
1263 2115 7
1263 2411 9
1263 2457 1
1263 2499 5
1263 2546 9
1263 2623 5
1263 2868 7
1263 2890 1
1263 2967 5
1263 2988 4
1264 1410 10
1264 1524 3
1264 1576 5
1264 1710 9
1264 1734 7
1264 1823 1
1264 1995 1
1264 2010 8
1264 2030 5
1264 2038 6
1264 2317 1
1264 2329 5
1264 2463 5
1264 2525 9
1264 2798 10
1264 2829 3
1264 2957 3
1265 1800 7
1265 1812 1
1265 1814 8
1265 1821 10
1265 1996 6
1265 2036 1
1265 2108 2
1265 2132 8
1265 2159 2
1265 2181 2
1265 2366 8
1265 2432 4
1265 2464 8
1265 2548 4
1265 2563 6
1265 2586 5
1265 2603 10
1265 2669 2
1265 2824 7
1265 2910 6
1265 2996 6
1266 1304 7
1266 1385 3
1266 1387 1
1266 1421 5
1266 1554 6
1266 1807 9
1266 1850 10
1266 1926 6
1266 1946 10
1266 1972 2
1266 2105 5
1266 2126 3
1266 2262 3
1266 2273 2
1266 2307 2
1266 2321 7
1266 2456 5
1266 2466 9
1266 2735 4
1266 2773 8
1266 2988 7
1267 1280 4
1267 1435 8
1267 1736 8
1267 1799 2
1267 1845 3
1267 1941 7
1267 1947 8
1267 2105 10
1267 2147 10
1267 2286 7
1267 2307 8
1267 2530 10
1267 2582 6
1267 2747 9
1267 2764 10
1268 1383 5
1268 1389 2
1268 1519 9
1268 1772 5
1268 1805 1
1268 1899 5
1268 1911 10
1268 2012 7
1268 2058 6
1268 2384 5
1268 2419 5
1268 2456 5
1268 2591 6
1268 2650 3
1268 2768 3
1268 2795 10
1268 2865 4
1268 2909 5
1268 2975 8
1268 2993 7
1269 1478 4
1269 1596 6
1269 1635 2
1269 1721 7
1269 1751 10
1269 1752 4
1269 1904 1
1269 2106 4
1269 2228 3
1269 2374 2
1269 2461 2
1269 2541 5
1269 2605 1
1269 2697 9
1269 2721 3
1269 2733 6
1269 2785 10
1269 2901 5
1269 2975 3
1270 1496 2
1270 1512 2
1270 1518 3
1270 1718 3
1270 1798 6
1270 1800 2
1270 1849 9
1270 1876 5
1270 1919 2
1270 2052 6
1270 2112 4
1270 2415 4
1270 2547 4
1270 2958 2
1270 2989 4
1271 1397 2
1271 1432 3
1271 1629 9
1271 1835 3
1271 1855 7
1271 2014 3
1271 2041 6
1271 2176 3
1271 2224 3
1271 2229 2
1271 2416 5
1271 2417 1
1271 2464 7
1271 2680 10
1271 2708 6
1271 2795 4
1271 2979 7
1272 1420 8
1272 1488 9
1272 1681 4
1272 1742 3
1272 2029 8
1272 2072 5
1272 2154 3
1272 2191 10
1272 2236 3
1272 2308 3
1272 2400 9
1272 2404 3
1272 2449 6
1272 2502 3
1272 2629 1
1272 2632 4
1272 2674 9
1273 1297 7
1273 1501 3
1273 1611 8
1273 2019 3
1273 2061 2
1273 2118 5
1273 2195 9
1273 2399 8
1273 2476 2
1273 2553 4
1273 2611 1
1273 2627 6
1273 2634 10
1273 2789 10
1273 2996 4
1274 1287 1
1274 1310 4
1274 1361 5
1274 1468 10
1274 1560 2
1274 1586 4
1274 1674 2
1274 2137 7
1274 2225 2
1274 2310 7
1274 2369 3
1274 2764 8
1274 2773 3
1274 2775 9
1274 2873 8
1275 1282 10
1275 1330 6
1275 1427 10
1275 1569 1
1275 1583 7
1275 1607 8
1275 1672 1
1275 1706 5
1275 1750 8
1275 1841 4
1275 1895 10
1275 1951 9
1275 1976 7
1275 1989 4
1275 2264 9
1275 2296 8
1275 2434 4
1275 2515 8
1275 2688 3
1276 1479 3
1276 1601 8
1276 1751 4
1276 1775 2
1276 1792 5
1276 1878 10
1276 1888 1
1276 1896 8
1276 1907 1
1276 2056 5
1276 2102 1
1276 2234 2
1276 2348 7
1276 2410 3
1276 2524 8
1276 2704 4
1276 2765 4
1276 2768 5
1276 2772 5
1276 2852 1
1276 2875 2
1276 2977 4
1277 1346 1
1277 1348 1
1277 1382 9
1277 1840 4
1277 1850 4
1277 1966 10
1277 2003 1
1277 2141 8
1277 2142 7
1277 2446 5
1277 2463 1
1277 2606 1
1277 2643 3
1278 1560 4
1278 1664 2
1278 2080 10
1278 2162 5
1278 2331 7
1278 2339 5
1278 2433 3
1278 2490 7
1278 2581 3
1278 2601 9
1278 2769 8
1278 2991 1
1279 1318 5
1279 1350 1
1279 1679 5
1279 1711 6
1279 1722 10
1279 1745 6
1279 1835 1
1279 1866 1
1279 1962 4
1279 1964 2
1279 1989 1
1279 2162 7
1279 2179 2
1279 2245 1
1279 2317 7
1279 2466 4
1279 2590 7
1279 2748 7
1279 2794 6
1280 1335 1
1280 1364 4
1280 1506 8
1280 1579 1
1280 1753 3
1280 1795 6
1280 1798 9
1280 1809 8
1280 1851 9
1280 1860 6
1280 1985 3
1280 2010 1
1280 2014 3
1280 2017 5
1280 2054 2
1280 2468 8
1280 2722 6
1280 2734 5
1280 2837 3
1280 2960 3
1281 1308 2
1281 1353 8
1281 1416 7
1281 1426 7
1281 1700 4
1281 1851 8
1281 1925 7
1281 2271 2
1281 2301 9
1281 2399 3
1281 2403 5
1281 2524 3
1281 2592 8
1281 2799 5
1281 2934 8
1281 2936 10
1282 1405 9
1282 1613 1
1282 1690 5
1282 1703 5
1282 1752 8
1282 2014 5
1282 2080 9
1282 2447 1
1282 2564 7
1282 2619 5
1282 2828 6
1282 2929 4
1282 2957 7
1283 1303 2
1283 1315 6
1283 1329 3
1283 1421 5
1283 1504 5
1283 1613 7
1283 1641 7
1283 1721 3
1283 1912 6
1283 1928 9
1283 1948 3
1283 2026 7
1283 2221 6
1283 2274 1
1283 2376 3
1283 2382 1
1283 2492 8
1283 2506 2
1283 2603 9
1283 2611 9
1283 2871 5
1284 1308 5
1284 1446 6
1284 1464 7
1284 1487 3
1284 1503 2
1284 1704 9
1284 1809 4
1284 1908 2
1284 2133 9
1284 2275 9
1284 2489 6
1284 2628 3
1284 2773 8
1284 2903 7
1285 1315 1
1285 1549 2
1285 1557 7
1285 1559 9
1285 1563 1
1285 1573 5
1285 1612 10
1285 1882 10
1285 1947 1
1285 1958 8
1285 2401 7
1285 2501 8
1285 2532 3
1285 2582 3
1285 2706 2
1286 1371 2
1286 1393 2
1286 1414 3
1286 1520 7
1286 1691 5
1286 1829 7
1286 1907 7
1286 2189 5
1286 2306 6
1286 2566 5
1286 2671 8
1286 2897 5
1287 1541 7
1287 1588 9
1287 1618 2
1287 1650 1
1287 1994 1
1287 2072 10
1287 2241 8
1287 2299 8
1287 2513 3
1287 2701 8
1288 1340 5
1288 1385 5
1288 1553 9
1288 1576 2
1288 1590 5
1288 1746 6
1288 1767 9
1288 1805 10
1288 1819 8
1288 2131 5
1288 2148 5
1288 2189 2
1288 2410 6
1288 2413 4
1288 2590 10
1288 2727 7
1288 2785 9
1288 2884 7
1288 2889 5
1289 1583 8
1289 1905 3
1289 1919 8
1289 1944 4
1289 2050 1
1289 2139 9
1289 2245 9
1289 2346 3
1289 2468 7
1289 2505 2
1289 2847 4
1289 2945 2
1289 2965 4
1290 1296 8
1290 1312 10
1290 1468 6
1290 1481 4
1290 1656 9
1290 1658 2
1290 1694 10
1290 1763 7
1290 1840 2
1290 1918 9
1290 2120 9
1290 2136 4
1290 2224 9
1290 2304 8
1290 2367 9
1290 2424 1
1290 2449 6
1290 2547 3
1290 2690 9
1290 2764 3
1290 2890 1
1290 2970 3
1291 1377 3
1291 1450 7
1291 1465 8
1291 1718 6
1291 1780 5
1291 2001 6
1291 2324 9
1291 2433 6
1291 2578 2
1291 2654 9
1291 2700 5
1291 2775 3
1291 2783 9
1291 2796 10
1291 2846 6
1291 2851 1
1291 2897 2
1291 2898 5
1292 1515 10
1292 1529 3
1292 1557 2
1292 1770 5
1292 1924 3
1292 1994 3
1292 2016 4
1292 2047 6
1292 2072 2
1292 2161 2
1292 2579 10
1292 2668 2
1292 2738 4
1292 2825 4
1292 2828 8
1292 2913 5
1292 2934 4
1292 2958 10
1293 1447 3
1293 1638 5
1293 1661 8
1293 1671 2
1293 1681 5
1293 1747 3
1293 1757 10
1293 2226 2
1293 2289 9
1293 2395 2
1293 2572 2
1293 2715 4
1293 2824 7
1294 1351 5
1294 1374 2
1294 1379 7
1294 1381 1
1294 1397 9
1294 1405 6
1294 1654 9
1294 1729 1
1294 1876 3
1294 1918 9
1294 1931 2
1294 1994 10
1294 2125 4
1294 2458 4
1294 2770 7
1294 2774 1
1294 2911 7
1295 1301 6
1295 1343 6
1295 1349 6
1295 1426 9
1295 1495 4
1295 1600 9
1295 1678 10
1295 1704 10
1295 1813 6
1295 1905 5
1295 2050 4
1295 2214 10
1295 2319 9
1295 2367 5
1295 2386 5
1295 2404 2
1295 2426 3
1295 2468 4
1295 2505 10
1295 2600 8
1295 2748 5
1296 1485 1
1296 1700 9
1296 1701 4
1296 2022 8
1296 2144 5
1296 2439 3
1296 2459 6
1296 2531 1
1296 2611 2
1296 2719 5
1296 2988 10
1297 1319 9
1297 1947 9
1297 2112 4
1297 2261 5
1297 2375 6
1297 2708 10
1297 2756 2
1297 2757 10
1297 2842 1
1297 2983 5
1298 1305 1
1298 1335 6
1298 1434 5
1298 1474 8
1298 1537 3
1298 1558 4
1298 1585 7
1298 1591 5
1298 1697 1
1298 1839 7
1298 2017 2
1298 2105 9
1298 2248 4
1298 2249 5
1298 2312 6
1298 2318 3
1298 2337 8
1298 2443 2
1298 2470 4
1298 2488 5
1298 2628 3
1298 2794 5
1299 1566 6
1299 1603 6
1299 1685 3
1299 2194 3
1299 2479 9
1299 2646 2
1299 2659 9
1299 2688 7
1299 2813 9
1299 2867 7
1299 2880 3
1299 2992 1
1300 1443 1
1300 1510 4
1300 1578 2
1300 1712 2
1300 1819 10
1300 1823 10
1300 1879 3
1300 1899 9
1300 1943 8
1300 1952 2
1300 2041 5
1300 2135 7
1300 2493 8
1300 2494 10
1300 2922 10
1301 1510 5
1301 1804 10
1301 1853 8
1301 2057 4
1301 2084 5
1301 2221 3
1301 2299 5
1301 2344 5
1301 2616 5
1301 2803 7
1301 2887 7
1301 2896 6
1301 2953 8
1301 2958 10
1302 1303 2
1302 1323 5
1302 1327 9
1302 1502 7
1302 1849 6
1302 1921 3
1302 1929 5
1302 2024 9
1302 2099 5
1302 2106 1
1302 2156 7
1302 2355 5
1302 2776 5
1302 2778 6
1302 2829 8
1302 2847 2
1303 1395 1
1303 1420 9
1303 1485 4
1303 1489 1
1303 1573 9
1303 1688 8
1303 1746 4
1303 1904 5
1303 1923 8
1303 2649 6
1303 2686 10
1303 2687 8
1303 2727 8
1303 2789 8
1303 2844 3
1304 1384 10
1304 1505 5
1304 1527 10
1304 1560 4
1304 1596 4
1304 1611 3
1304 1713 9
1304 1841 6
1304 1865 1
1304 1919 3
1304 1965 1
1304 2109 7
1304 2234 9
1304 2249 10
1304 2508 6
1304 2594 3
1304 2724 1
1304 2813 10
1304 2863 6
1304 2889 5
1305 1314 1
1305 1337 5
1305 1344 1
1305 1485 2
1305 1552 10
1305 1663 9
1305 1809 4
1305 1822 8
1305 2014 7
1305 2023 8
1305 2279 1
1305 2307 2
1305 2396 7
1305 2468 5
1305 2496 2
1305 2588 8
1305 2596 3
1306 1318 2
1306 1379 7
1306 1444 1
1306 1484 10
1306 1744 6
1306 1754 1
1306 1757 9
1306 1834 5
1306 1899 7
1306 1961 4
1306 1971 3
1306 1975 5
1306 2126 9
1306 2219 3
1306 2413 5
1306 2449 6
1306 2495 6
1306 2660 4
1306 2742 1
1306 2817 5
1306 2860 7
1306 2951 10
1307 1318 4
1307 1321 5
1307 1381 2
1307 1594 9
1307 1778 8
1307 2097 3
1307 2108 5
1307 2260 2
1307 2398 8
1307 2406 7
1307 2415 2
1307 2484 10
1307 2502 4
1307 2570 5
1307 2798 7
1307 2857 8
1307 2887 4
1307 2898 4
1307 2942 3
1307 2960 3
1307 2997 1
1308 1335 8
1308 1336 8
1308 1445 6
1308 1486 4
1308 1517 6
1308 1598 10
1308 1603 4
1308 1608 9
1308 1648 5
1308 1781 6
1308 1790 4
1308 1930 1
1308 1946 6
1308 1968 8
1308 2093 4
1308 2115 1
1308 2175 7
1308 2176 5
1308 2392 6
1308 2405 4
1308 2411 2
1308 2458 1
1308 2496 3
1308 2553 10
1308 2672 8
1308 2738 10
1308 2771 3
1308 2801 9
1308 2857 2
1308 2863 1
1308 2917 6
1309 1395 6
1309 1575 5
1309 1790 8
1309 1843 5
1309 1862 8
1309 1865 8
1309 1866 8
1309 1890 5
1309 2004 10
1309 2080 2
1309 2092 8
1309 2385 10
1309 2416 5
1309 2515 5
1309 2603 5
1309 2760 3
1309 2761 9
1309 2783 3
1309 2906 4
1309 2933 10
1310 1528 8
1310 1595 8
1310 1815 8
1310 1828 1
1310 1858 3
1310 1877 1
1310 1923 6
1310 2100 6
1310 2357 5
1310 2568 2
1310 2640 6
1310 2643 10
1310 2848 8
1311 1329 8
1311 1380 7
1311 1428 2
1311 1448 3
1311 1576 2
1311 1583 1
1311 1590 9
1311 1713 9
1311 1817 6
1311 1836 5
1311 1846 5
1311 1884 1
1311 1893 7
1311 1907 6
1311 1932 4
1311 2032 10
1311 2148 2
1311 2374 8
1311 2389 2
1311 2449 10
1311 2515 2
1311 2549 3
1311 2729 7
1311 2774 9
1311 2816 8
1311 2916 10
1312 1342 8
1312 1380 4
1312 1412 10
1312 1725 6
1312 1950 5
1312 2015 5
1312 2187 5
1312 2203 10
1312 2225 3
1312 2370 10
1312 2865 1
1312 2867 9
1313 1703 7
1313 1791 5
1313 1900 7
1313 2417 10
1313 2449 2
1313 2471 1
1313 2829 9
1313 2946 3
1313 2973 9
1314 1391 5
1314 1528 1
1314 1543 6
1314 1789 2
1314 1819 5
1314 2003 5
1314 2022 4
1314 2149 10
1314 2200 1
1314 2338 3
1314 2388 9
1314 2399 7
1314 2504 2
1314 2797 8
1314 2860 9
1314 2899 7
1314 2908 7
1314 2973 5
1315 1316 4
1315 1451 2
1315 1539 10
1315 1596 8
1315 1771 10
1315 1781 1
1315 1887 4
1315 1903 8
1315 1933 8
1315 2038 1
1315 2113 3
1315 2200 7
1315 2253 1
1315 2382 5
1315 2422 2
1315 2434 6
1315 2533 10
1315 2617 2
1315 2622 3
1315 2786 7
1316 1460 10
1316 1508 1
1316 1525 10
1316 1531 4
1316 1632 2
1316 1649 10
1316 1769 4
1316 1788 6
1316 1839 8
1316 1901 5
1316 1918 6
1316 1967 6
1316 1999 2
1316 2262 10
1316 2366 7
1316 2372 3
1316 2395 3
1316 2403 7
1316 2417 3
1316 2474 2
1316 2619 6
1316 2716 7
1317 1322 2
1317 1498 9
1317 1557 3
1317 1741 4
1317 1842 2
1317 2276 10
1317 2340 1
1317 2344 10
1317 2508 8
1317 2594 6
1317 2674 8
1317 2716 5
1317 2736 4
1317 2835 4
1317 2852 9
1318 1356 3
1318 1529 9
1318 1559 9
1318 1642 9
1318 1680 5
1318 1703 8
1318 1951 5
1318 1998 8
1318 2137 6
1318 2193 6
1318 2387 5
1318 2428 3
1318 2539 8
1318 2725 1
1318 2853 3
1318 2884 10
1318 2915 3
1318 2935 4
1318 2940 2
1318 2952 3
1318 2973 2
1319 1377 3
1319 1490 1
1319 1543 4
1319 1579 7
1319 1605 10
1319 1648 10
1319 1660 8
1319 1666 6
1319 1688 9
1319 1740 3
1319 1788 3
1319 1847 3
1319 1854 6
1319 2079 3
1319 2339 4
1319 2378 5
1319 2506 9
1319 2614 5
1319 2646 3
1319 2860 7
1319 2872 2
1320 1360 5
1320 1514 6
1320 1573 5
1320 1682 10
1320 2139 2
1320 2284 5
1320 2287 8
1320 2288 5
1320 2293 6
1320 2342 6
1320 2379 2
1320 2517 8
1320 2568 1
1320 2700 3
1320 2710 7
1320 2711 9
1320 2815 2
1321 1342 8
1321 1399 9
1321 1427 4
1321 1635 10
1321 1791 1
1321 2012 10
1321 2070 8
1321 2095 9
1321 2145 3
1321 2180 3
1321 2448 3
1321 2713 7
1321 2867 7
1321 2893 5
1322 1339 9
1322 1394 5
1322 1547 4
1322 1564 8
1322 1615 7
1322 1675 1
1322 1796 7
1322 1874 1
1322 2089 3
1322 2104 3
1322 2331 9
1322 2406 2
1322 2770 4
1322 2820 10
1322 2872 8
1322 2902 3
1322 2993 3
1323 1377 9
1323 1381 8
1323 1469 5
1323 1540 7
1323 1563 10
1323 1866 5
1323 1909 8
1323 2039 2
1323 2093 2
1323 2279 9
1323 2404 5
1323 2485 7
1323 2633 6
1323 2649 9
1323 2747 10
1323 2767 3
1323 2796 10
1323 2820 5
1323 2907 4
1324 1515 4
1324 1544 10
1324 1861 10
1324 1990 6
1324 2048 9
1324 2083 8
1324 2161 9
1324 2505 10
1324 2662 7
1324 2725 3
1324 2766 5
1324 2931 7
1325 1330 10
1325 1331 8
1325 1393 5
1325 1451 4
1325 1456 4
1325 1516 5
1325 1598 5
1325 1635 7
1325 1716 2
1325 1754 10
1325 1895 7
1325 1966 9
1325 2137 6
1325 2240 7
1325 2380 3
1325 2552 3
1325 2556 6
1325 2669 4
1325 2740 5
1325 2756 9
1326 1347 3
1326 1373 10
1326 1413 2
1326 1753 10
1326 2032 2
1326 2039 6
1326 2267 5
1326 2312 6
1326 2519 9
1326 2718 8
1326 2802 9
1327 1346 8
1327 1532 3
1327 1581 4
1327 1837 2
1327 1850 4
1327 2158 4
1327 2336 4
1327 2392 3
1327 2787 6
1328 1334 5
1328 1384 7
1328 1521 9
1328 1733 10
1328 1739 9
1328 1941 5
1328 1954 2
1328 1979 2
1328 2094 3
1328 2113 9
1328 2238 6
1328 2266 6
1328 2273 9
1328 2278 9
1328 2328 8
1328 2486 10
1328 2958 5
1328 2968 5
1329 1444 1
1329 1490 9
1329 1992 2
1329 1995 7
1329 1999 1
1329 2016 5
1329 2021 5
1329 2095 7
1329 2221 1
1329 2271 6
1329 2287 8
1329 2306 4
1329 2333 7
1329 2736 2
1329 2904 1
1329 2912 1
1329 2982 4
1330 1542 10
1330 1549 1
1330 1640 4
1330 1644 10
1330 1793 3
1330 1803 2
1330 1977 5
1330 2089 7
1330 2093 2
1330 2165 8
1330 2203 9
1330 2305 6
1330 2382 1
1330 2587 4
1330 2644 9
1330 2673 5
1330 2886 4
1331 1360 7
1331 1475 7
1331 1517 7
1331 1591 2
1331 1745 1
1331 2117 4
1331 2388 7
1331 2644 5
1331 2790 3
1331 2861 10
1331 2936 7
1332 1351 5
1332 1440 7
1332 1684 4
1332 1749 7
1332 1790 9
1332 1887 1
1332 2051 9
1332 2138 6
1332 2243 9
1332 2578 1
1332 2594 6
1332 2884 10
1332 2929 7
1332 2930 7
1332 2975 9
1333 1335 7
1333 1357 4
1333 1427 1
1333 1649 3
1333 1659 9
1333 1857 4
1333 1972 9
1333 2115 9
1333 2419 8
1333 2732 7
1333 2772 4
1333 2898 2
1333 2919 2
1334 1415 2
1334 1436 3
1334 1745 2
1334 1747 2
1334 1761 6
1334 1763 4
1334 1898 7
1334 1976 5
1334 2105 1
1334 2316 5
1334 2476 6
1334 2502 7
1334 2677 7
1334 2745 10
1334 2753 7
1334 2794 2
1334 2829 3
1334 2848 4
1334 2946 9
1335 1594 10
1335 1771 5
1335 1900 5
1335 2086 6
1335 2204 5
1335 2245 3
1335 2279 4
1335 2398 5
1335 2425 3
1335 2507 8
1335 2568 6
1335 2604 9
1335 2658 8
1335 2791 6
1335 2800 3
1335 2810 2
1335 2981 9
1336 1339 10
1336 1356 10
1336 1489 1
1336 1543 10
1336 1588 7
1336 1669 3
1336 1724 3
1336 1829 1
1336 2155 8
1336 2343 6
1336 2537 10
1336 2544 7
1336 2589 4
1336 2682 3
1336 2727 1
1336 2735 7
1336 2754 6
1336 2787 2
1336 2836 2
1336 2854 7
1337 1338 6
1337 1439 3
1337 1458 3
1337 1532 10
1337 1608 6
1337 1760 1
1337 1955 1
1337 2010 5
1337 2013 10
1337 2445 7
1337 2507 5
1337 2551 7
1337 2710 1
1337 2769 2
1337 2926 9
1337 2948 6
1338 1479 1
1338 1790 1
1338 2003 7
1338 2246 1
1338 2802 5
1339 1345 5
1339 1370 4
1339 1604 10
1339 1640 10
1339 1748 8
1339 1840 5
1339 1900 7
1339 1967 4
1339 2182 10
1339 2296 8
1339 2341 1
1339 2456 10
1339 2461 5
1339 2469 4
1339 2884 6
1339 2989 2
1340 1361 7
1340 1396 8
1340 1477 6
1340 1571 8
1340 1603 6
1340 1702 5
1340 1812 9
1340 1847 8
1340 2063 5
1340 2222 7
1340 2310 4
1340 2535 6
1340 2541 3
1340 2549 5
1340 2572 9
1340 2717 6
1340 2817 8
1340 2832 7
1340 2916 10
1340 2941 6
1341 1363 3
1341 1416 10
1341 1826 7
1341 1885 10
1341 2018 1
1341 2287 2
1341 2827 8
1342 1475 4
1342 1523 10
1342 1549 4
1342 1560 2
1342 1576 7
1342 1718 6
1342 1720 4
1342 1841 10
1342 1865 7
1342 1910 1
1342 2003 5
1342 2072 9
1342 2081 7
1342 2782 1
1342 2939 6
1342 2966 7
1343 1397 10
1343 1480 7
1343 1531 9
1343 1591 5
1343 1666 2
1343 1681 6
1343 1699 8
1343 1932 9
1343 2018 5
1343 2024 2
1343 2050 3
1343 2191 3
1343 2240 2
1343 2285 10
1343 2295 5
1343 2471 2
1343 2607 3
1343 2662 4
1343 2746 8
1343 2792 10
1344 1386 5
1344 1527 8
1344 1643 2
1344 1655 1
1344 1778 4
1344 1855 8
1344 1858 7
1344 1960 1
1344 2087 2
1344 2203 1
1344 2664 6
1344 2774 6
1344 2949 6
1345 1356 5
1345 1555 4
1345 1589 2
1345 1642 4
1345 1668 9
1345 1713 8
1345 1855 2
1345 1980 5
1345 2063 6
1345 2112 8
1345 2115 6
1345 2276 2
1345 2350 3
1345 2541 4
1345 2567 6
1345 2608 2
1345 2750 1
1346 1623 8
1346 2046 9
1346 2225 2
1346 2237 9
1346 2469 1
1346 2514 6
1346 2668 3
1346 2686 10
1346 2704 3
1346 2715 6
1346 2750 6
1346 2820 7
1346 2848 10
1346 2922 5
1347 1350 1
1347 1375 2
1347 1409 1
1347 1508 1
1347 1509 8
1347 1674 1
1347 1743 1
1347 1945 10
1347 1971 6
1347 2067 10
1347 2375 9
1347 2396 5
1347 2673 6
1347 2746 9
1347 2819 5
1347 2848 9
1347 2911 9
1348 1382 9
1348 1543 6
1348 2021 1
1348 2110 7
1348 2162 4
1348 2192 1
1348 2273 3
1348 2320 10
1348 2362 4
1348 2469 3
1348 2494 4
1348 2521 2
1348 2774 5
1348 2858 1
1348 2918 3
1348 2932 10
1349 1488 2
1349 1558 5
1349 1810 10
1349 1852 4
1349 1925 4
1349 1994 2
1349 2037 4
1349 2083 9
1349 2110 2
1349 2212 6
1349 2224 10
1349 2347 3
1349 2384 4
1349 2751 4
1349 2782 2
1349 2923 7
1349 2933 3
1350 1738 6
1350 1765 9
1350 1771 8
1350 1961 8
1350 2021 1
1350 2075 2
1350 2241 10
1350 2294 3
1350 2629 5
1350 2685 2
1350 2703 1
1350 2756 4
1350 2788 9
1350 2791 2
1350 2867 2
1350 2928 9
1351 1382 9
1351 1509 8
1351 1510 8
1351 1709 2
1351 1719 9
1351 1766 2
1351 2114 4
1351 2167 10
1351 2176 9
1351 2221 7
1351 2301 7
1351 2463 6
1351 2584 3
1351 2644 9
1351 2670 8
1351 2753 8
1351 2757 6
1351 2904 8
1351 2915 4
1352 1398 10
1352 1439 10
1352 1539 4
1352 1557 3
1352 1594 2
1352 1661 1
1352 1674 4
1352 1683 1
1352 1705 2
1352 1718 8
1352 1815 2
1352 1837 9
1352 1845 6
1352 1880 6
1352 2094 8
1352 2135 2
1352 2247 10
1352 2325 1
1352 2406 5
1352 2422 8
1352 2462 8
1352 2682 2
1352 2748 9
1352 2792 10
1352 2814 10
1352 2858 10
1352 2888 9
1352 2964 5
1353 1443 10
1353 1588 5
1353 1641 5
1353 1919 1
1353 1986 4
1353 2065 8
1353 2074 3
1353 2108 6
1353 2253 4
1353 2286 7
1353 2307 1
1353 2412 3
1353 2426 8
1353 2660 4
1353 2668 6
1353 2786 10
1353 2838 8
1353 2973 10
1353 2979 2
1354 1510 6
1354 1984 3
1354 2011 3
1354 2036 10
1354 2042 3
1354 2236 7
1354 2353 9
1354 2603 1
1354 2631 8
1354 2638 7
1354 2644 3
1355 1403 3
1355 1428 10
1355 1452 2
1355 1700 10
1355 1798 9
1355 1813 3
1355 2072 9
1355 2565 8
1355 2591 2
1355 2906 10
1355 2927 10
1355 2963 9
1356 1401 8
1356 1564 1
1356 1608 4
1356 1631 4
1356 1835 5
1356 1840 1
1356 1909 1
1356 2027 1
1356 2051 10
1356 2213 10
1356 2431 4
1356 2438 1
1356 2487 4
1356 2532 6
1356 2586 7
1356 2625 10
1356 2814 2
1356 2878 10
1356 2903 10
1356 2918 5
1357 1559 8
1357 1629 7
1357 1720 5
1357 1728 4
1357 1975 1
1357 1978 4
1357 2137 1
1357 2200 1
1357 2225 3
1357 2231 7
1357 2503 7
1357 2591 5
1357 2634 4
1357 2761 5
1357 2840 1
1357 2848 1
1357 2860 9
1358 1536 3
1358 1558 1
1358 1720 2
1358 1807 6
1358 2305 8
1358 2341 8
1358 2372 5
1358 2605 1
1358 2611 8
1358 2613 10
1358 2789 5
1358 2813 3
1358 2898 2
1358 2946 8
1359 1532 10
1359 1579 10
1359 1764 5
1359 1767 3
1359 2007 8
1359 2035 10
1359 2036 2
1359 2123 10
1359 2257 1
1359 2265 9
1359 2309 4
1359 2388 9
1359 2491 4
1359 2537 2
1359 2810 5
1360 1373 10
1360 1480 6
1360 1509 7
1360 1510 2
1360 1540 4
1360 1566 8
1360 1647 8
1360 1734 5
1360 1852 9
1360 2066 3
1360 2067 5
1360 2101 3
1360 2158 7
1360 2272 4
1360 2310 6
1360 2377 3
1360 2877 5
1361 1474 10
1361 1489 8
1361 1684 4
1361 1698 5
1361 1796 1
1361 1811 7
1361 1918 5
1361 2025 8
1361 2162 1
1361 2356 6
1361 2368 4
1361 2383 2
1361 2390 9
1361 2401 4
1361 2652 10
1361 2807 2
1361 2821 6
1361 2870 5
1361 2895 2
1361 2929 4
1362 1474 10
1362 1535 6
1362 1549 7
1362 1779 6
1362 1941 6
1362 2025 8
1362 2208 1
1362 2707 5
1362 2798 8
1362 2817 5
1363 1408 8
1363 1504 4
1363 1505 8
1363 1560 10
1363 1675 1
1363 1678 4
1363 1687 4
1363 1765 2
1363 2058 10
1363 2158 2
1363 2182 10
1363 2242 2
1363 2255 2
1364 1451 9
1364 1475 10
1364 1645 2
1364 1930 4
1364 1934 4
1364 2002 6
1364 2009 6
1364 2035 10
1364 2307 4
1364 2501 10
1364 2544 2
1364 2732 9
1364 2836 1
1364 2846 8
1364 2993 9
1364 2997 10
1365 1408 10
1365 1525 5
1365 1689 7
1365 1889 3
1365 2278 1
1365 2333 4
1365 2355 5
1365 2403 10
1365 2409 8
1365 2464 2
1365 2590 8
1365 2625 8
1365 2692 2
1365 2715 6
1365 2719 5
1365 2791 4
1365 2837 9
1365 2869 5
1365 2981 10
1366 1409 5
1366 1509 3
1366 1618 8
1366 1631 9
1366 1910 1
1366 1919 6
1366 1944 8
1366 1962 6
1366 1963 5
1366 2158 7
1366 2237 9
1366 2484 5
1366 2492 6
1366 2641 2
1366 2687 6
1366 2727 4
1366 2768 7
1366 2856 6
1366 2887 6
1366 2998 7
1367 1505 5
1367 1664 2
1367 1951 2
1367 2012 7
1367 2054 2
1367 2226 10
1367 2233 1
1367 2308 7
1367 2542 5
1367 2636 6
1367 2644 10
1367 2796 10
1367 2834 8
1367 2842 4
1367 2987 6
1368 1469 4
1368 1607 3
1368 1839 6
1368 1849 1
1368 1926 5
1368 2002 3
1368 2540 8
1368 2619 8
1368 2620 4
1368 2658 4
1369 1517 3
1369 1798 6
1369 2140 3
1369 2159 7
1369 2238 8
1369 2369 9
1369 2414 3
1369 2438 4
1369 2465 3
1369 2508 2
1369 2703 5
1369 2730 5
1369 2785 6
1369 2971 1
1370 1411 8
1370 1467 3
1370 1611 9
1370 1738 4
1370 1772 2
1370 1825 8
1370 1836 8
1370 1915 7
1370 1986 5
1370 2151 3
1370 2216 1
1370 2277 9
1370 2322 5
1370 2412 4
1370 2486 5
1370 2494 3
1370 2622 10
1370 2709 6
1370 2925 7
1370 2970 5
1370 2984 1
1371 1657 5
1371 1674 10
1371 1906 1
1371 1920 9
1371 1994 8
1371 2135 9
1371 2148 10
1371 2225 8
1371 2307 9
1371 2502 8
1371 2748 3
1371 2910 4
1372 1394 9
1372 1396 4
1372 1517 2
1372 1752 10
1372 1785 6
1372 1799 5
1372 1823 2
1372 1827 2
1372 1856 7
1372 1871 8
1372 1903 9
1372 2053 8
1372 2248 8
1372 2263 5
1372 2605 10
1372 2721 6
1372 2871 6
1372 2973 9
1373 1393 4
1373 1497 8
1373 1661 1
1373 1716 3
1373 1852 3
1373 1871 6
1373 1875 3
1373 1969 4
1373 2107 7
1373 2113 10
1373 2128 8
1373 2167 5
1373 2177 8
1373 2268 8
1373 2296 10
1373 2300 1
1373 2560 7
1373 2624 7
1373 2723 1
1373 2742 1
1374 1437 6
1374 1543 3
1374 1761 8
1374 1984 5
1374 2054 7
1374 2144 3
1374 2357 3
1374 2699 9
1374 2825 10
1374 2900 7
1374 2962 3
1375 1445 1
1375 1477 1
1375 1549 7
1375 1566 1
1375 1653 7
1375 1778 2
1375 1877 9
1375 1921 1
1375 2035 7
1375 2173 2
1375 2389 10
1375 2396 6
1375 2581 8
1376 1525 9
1376 1743 2
1376 1896 3
1376 1978 10
1376 2010 1
1376 2046 7
1376 2375 7
1376 2453 8
1376 2573 4
1376 2671 3
1376 2860 2
1376 2958 8
1376 2980 9
1377 1382 7
1377 1388 8
1377 1643 3
1377 1719 2
1377 1802 4
1377 1809 10
1377 1882 6
1377 2114 1
1377 2194 9
1377 2212 7
1377 2224 1
1377 2494 8
1377 2595 8
1377 2610 5
1377 2618 7
1377 2796 10
1377 2954 4
1378 1465 9
1378 1524 5
1378 1577 4
1378 1642 2
1378 1683 3
1378 1688 6
1378 1710 4
1378 1762 3
1378 1790 7
1378 1837 9
1378 1841 8
1378 1877 4
1378 1881 1
1378 2024 10
1378 2052 8
1378 2073 9
1378 2154 6
1378 2266 9
1378 2328 5
1378 2497 1
1379 1387 8
1379 1644 6
1379 1981 3
1379 2201 10
1379 2267 4
1379 2381 7
1379 2463 6
1379 2473 2
1379 2694 4
1379 2716 9
1379 2734 2
1379 2894 6
1380 1441 7
1380 1493 6
1380 1678 2
1380 1798 7
1380 1815 1
1380 1913 6
1380 1951 6
1380 2339 4
1380 2372 10
1380 2462 6
1380 2525 4
1380 2663 6
1380 2694 1
1380 2713 9
1380 2717 1
1380 2965 6
1381 1410 4
1381 1467 6
1381 1533 9
1381 1630 3
1381 1684 4
1381 1951 5
1381 2038 6
1381 2131 5
1381 2132 6
1381 2135 10
1381 2349 5
1381 2541 5
1381 2564 2
1381 2585 1
1381 2680 1
1381 2782 3
1381 2874 3
1382 1636 2
1382 1685 10
1382 1801 3
1382 1833 9
1382 1966 1
1382 2071 3
1382 2139 6
1382 2248 9
1382 2333 5
1382 2615 1
1382 2618 1
1382 2764 3
1382 2834 7
1383 1462 6
1383 1621 5
1383 1759 2
1383 2012 1
1383 2123 2
1383 2163 5
1383 2258 1
1383 2289 10
1383 2545 10
1383 2567 10
1383 2576 3
1383 2624 8
1383 2791 8
1383 2863 7
1383 2903 8
1383 2973 7
1383 2986 6
1384 1400 9
1384 1424 4
1384 1526 5
1384 1559 1
1384 1629 8
1384 1719 10
1384 1782 7
1384 1878 4
1384 1881 2
1384 1947 6
1384 2020 3
1384 2024 10
1384 2053 1
1384 2101 4
1384 2112 7
1384 2169 1
1384 2227 1
1384 2251 7
1384 2279 8
1384 2331 9
1384 2554 4
1384 2717 3
1384 2767 9
1384 2774 7
1384 2786 8
1384 2812 5
1384 2846 10
1384 2992 9
1384 2993 5
1385 1422 2
1385 1628 1
1385 1734 7
1385 1874 3
1385 1886 1
1385 1891 6
1385 1996 5
1385 2193 8
1385 2221 3
1385 2258 10
1385 2529 7
1385 2569 3
1385 2570 7
1385 2682 9
1385 2701 7
1385 2843 10
1385 2919 4
1385 2997 2
1386 1604 7
1386 1702 5
1386 1757 4
1386 1784 3
1386 1869 5
1386 1938 6
1386 2139 4
1386 2162 4
1386 2210 1
1386 2287 3
1386 2319 1
1386 2341 7
1386 2345 8
1386 2449 3
1386 2492 7
1386 2533 1
1386 2548 4
1386 2559 2
1386 2570 8
1386 2571 5
1386 2641 5
1386 2839 3
1386 2970 2
1386 2972 8
1387 1425 8
1387 1439 1
1387 1467 7
1387 1528 1
1387 1768 3
1387 1772 2
1387 1912 8
1387 1926 7
1387 2071 1
1387 2133 5
1387 2318 9
1387 2385 5
1387 2471 5
1387 2529 9
1387 2826 2
1387 2863 5
1387 2898 3
1388 1566 8
1388 1703 7
1388 1799 3
1388 1830 7
1388 1864 2
1388 1996 2
1388 2180 4
1388 2306 3
1388 2374 4
1388 2432 5
1388 2663 8
1388 2667 2
1388 2857 1
1388 2960 3
1389 1466 6
1389 1481 7
1389 1537 8
1389 1573 3
1389 1591 5
1389 1665 3
1389 1679 9
1389 1759 7
1389 1856 3
1389 1982 10
1389 1995 7
1389 2021 9
1389 2056 5
1389 2080 5
1389 2092 4
1389 2148 6
1389 2160 10
1389 2234 4
1389 2471 9
1389 2483 2
1389 2573 6
1389 2656 5
1389 2675 6
1389 2722 10
1389 2876 9
1389 2929 1
1390 1511 5
1390 1545 2
1390 1546 3
1390 1567 7
1390 1583 6
1390 1607 4
1390 1986 4
1390 2104 5
1390 2109 2
1390 2238 2
1390 2323 3
1390 2402 7
1390 2465 6
1390 2496 4
1390 2519 7
1390 2525 9
1390 2548 9
1390 2570 2
1390 2975 2
1391 1516 6
1391 1679 6
1391 1816 10
1391 2181 7
1391 2210 6
1391 2240 10
1391 2398 2
1391 2461 7
1391 2549 5
1391 2625 4
1391 2726 5
1391 2744 5
1391 2833 2
1391 2908 7
1391 2909 9
1391 2911 7
1391 2995 4
1392 1431 5
1392 1459 1
1392 1543 6
1392 1564 7
1392 1622 7
1392 1646 10
1392 1853 6
1392 1901 6
1392 1921 9
1392 1960 2
1392 2176 7
1392 2270 10
1392 2392 10
1392 2485 6
1392 2697 6
1392 2980 6
1393 1398 5
1393 1495 1
1393 1621 9
1393 1683 2
1393 1743 9
1393 1747 5
1393 1903 6
1393 1997 6
1393 2019 3
1393 2464 4
1393 2629 7
1393 2792 6
1393 2834 7
1393 2898 5
1393 2934 7
1394 1416 5
1394 1427 5
1394 1441 10
1394 1578 1
1394 1597 5
1394 1672 7
1394 1779 4
1394 1794 8
1394 1846 3
1394 1903 2
1394 1988 6
1394 2083 6
1394 2105 8
1394 2196 3
1394 2238 9
1394 2482 6
1394 2621 8
1394 2671 8
1394 2691 3
1394 2876 2
1394 2904 2
1394 2945 6
1395 1530 8
1395 1544 7
1395 1679 10
1395 2024 7
1395 2193 8
1395 2200 2
1395 2479 9
1395 2561 7
1395 2614 7
1395 2669 2
1395 2779 4
1396 1409 6
1396 1670 10
1396 1826 9
1396 1837 9
1396 1979 5
1396 2170 6
1396 2183 5
1396 2214 5
1396 2257 10
1396 2505 2
1396 2563 6
1396 2784 6
1396 2973 5
1396 2987 8
1397 1427 9
1397 1594 8
1397 1759 7
1397 1880 6
1397 2143 8
1397 2159 9
1397 2187 8
1397 2243 4
1397 2613 5
1397 2785 5
1398 1597 5
1398 1628 2
1398 1882 7
1398 1909 8
1398 1942 6
1398 2169 7
1398 2179 3
1398 2446 10
1398 2747 2
1398 2758 7
1398 2832 10
1398 2866 2
1398 2900 10
1398 2901 3
1398 2972 4
1399 1458 7
1399 1459 10
1399 1548 6
1399 1777 3
1399 2110 5
1399 2683 7
1399 2828 3
1399 2901 5
1399 2902 2
1399 2921 8
1400 1414 2
1400 1648 4
1400 1776 8
1400 1853 4
1400 1948 8
1400 1957 4
1400 2050 2
1400 2101 9
1400 2130 4
1400 2137 10
1400 2290 8
1400 2338 4
1400 2443 8
1400 2521 9
1400 2525 2
1400 2654 7
1400 2744 5
1400 2815 1
1400 2835 8
1400 2859 5
1400 2899 8
1400 2908 3
1400 2920 7
1400 2947 7
1401 1437 4
1401 1457 3
1401 1540 4
1401 1609 3
1401 1686 2
1401 1738 2
1401 1906 1
1401 1995 2
1401 2028 4
1401 2172 2
1401 2325 9
1401 2602 8
1401 2603 4
1401 2699 6
1401 2790 7
1401 2818 3
1401 2871 8
1401 2910 8
1402 1442 6
1402 1463 1
1402 1544 10
1402 1584 2
1402 1677 6
1402 1805 8
1402 1818 10
1402 1888 10
1402 1922 2
1402 1960 4
1402 1962 8
1402 2008 1
1402 2021 1
1402 2056 9
1402 2159 5
1402 2232 2
1402 2294 9
1402 2377 2
1402 2703 4
1402 2716 5
1403 1408 8
1403 1458 7
1403 1502 10
1403 1592 7
1403 1779 1
1403 1896 3
1403 2021 2
1403 2101 10
1403 2162 1
1403 2269 10
1403 2378 9
1403 2603 6
1403 2759 3
1403 2886 8
1403 2947 3
1404 1450 7
1404 1839 5
1404 1870 4
1404 2160 3
1404 2319 1
1404 2409 4
1404 2613 6
1404 2807 5
1404 2833 6
1404 2947 3
1405 1460 7
1405 1633 3
1405 1640 10
1405 1731 4
1405 1948 4
1405 2039 4
1405 2103 1
1405 2138 2
1405 2229 8
1405 2260 5
1405 2434 1
1405 2582 7
1405 2590 2
1405 2640 7
1405 2687 4
1405 2760 7
1406 1526 7
1406 1831 2
1406 1880 9
1406 1898 10
1406 2071 5
1406 2094 1
1406 2133 5
1406 2238 9
1406 2244 6
1406 2342 5
1406 2380 2
1406 2419 6
1406 2450 5
1406 2563 4
1406 2656 8
1407 1457 8
1407 1497 3
1407 1574 7
1407 2242 1
1407 2281 6
1407 2438 5
1407 2459 8
1407 2692 9
1407 2697 6
1407 2886 9
1407 2922 5
1408 1523 7
1408 1553 2
1408 1585 9
1408 1592 1
1408 1620 9
1408 1826 7
1408 1947 10
1408 2058 3
1408 2123 1
1408 2178 6
1408 2481 10
1408 2621 2
1408 2803 10
1408 2842 5
1408 2917 10
1408 2952 10
1409 1420 4
1409 1463 3
1409 1480 2
1409 1508 1
1409 1599 7
1409 1665 8
1409 2073 4
1409 2303 9
1409 2308 1
1409 2558 4
1409 2575 3
1409 2813 2
1409 2857 2
1410 1644 2
1410 1794 6
1410 1868 9
1410 1992 5
1410 2101 10
1410 2131 7
1410 2191 7
1410 2306 3
1410 2443 8
1410 2708 10
1410 2744 8
1411 1466 2
1411 1483 1
1411 1578 4
1411 1738 6
1411 1809 5
1411 2064 6
1411 2149 6
1411 2154 1
1411 2405 1
1411 2601 10
1411 2609 6
1411 2774 3
1412 1421 2
1412 1653 3
1412 1717 1
1412 1740 10
1412 1844 3
1412 1873 6
1412 2052 9
1412 2060 10
1412 2119 3
1412 2223 8
1412 2323 9
1412 2389 2
1412 2531 9
1412 2598 4
1412 2633 3
1412 2815 1
1412 2861 6
1413 1455 8
1413 1468 9
1413 1519 8
1413 1536 7
1413 1582 10
1413 1706 10
1413 1728 8
1413 1749 2
1413 1770 4
1413 1910 1
1413 1925 6
1413 2063 2
1413 2214 5
1413 2227 3
1413 2273 2
1413 2298 5
1413 2482 8
1413 2514 10
1413 2638 4
1413 2648 6
1413 2663 6
1413 2836 5
1413 2871 9
1414 1517 7
1414 1592 9
1414 1685 9
1414 1885 5
1414 1985 2
1414 2213 6
1414 2560 8
1414 2604 10
1414 2988 6
1415 1454 6
1415 1509 10
1415 1569 7
1415 1698 7
1415 1798 7
1415 1813 6
1415 1866 3
1415 1926 3
1415 2147 2
1415 2165 8
1415 2257 5
1415 2483 2
1415 2614 4
1415 2645 8
1415 2727 7
1415 2776 9
1415 2904 2
1416 1465 10
1416 1539 3
1416 1601 3
1416 1941 1
1416 1967 5
1416 2017 2
1416 2083 5
1416 2487 5
1416 2672 4
1416 2710 8
1416 2765 2
1416 2852 4
1416 2988 10
1417 1463 8
1417 1919 1
1417 2324 6
1417 2378 6
1417 2508 10
1417 2529 4
1417 2605 7
1417 2623 8
1417 2722 8
1417 2760 9
1417 2878 10
1418 1457 4
1418 1458 9
1418 1489 9
1418 1679 6
1418 1697 5
1418 1990 5
1418 2046 9
1418 2057 3
1418 2136 6
1418 2264 9
1418 2321 7
1418 2383 9
1418 2408 6
1418 2419 4
1418 2508 3
1418 2518 7
1418 2548 2
1418 2656 1
1418 2807 1
1418 2840 2
1418 2996 2
1419 1693 7
1419 1907 7
1419 2102 5
1419 2103 8
1419 2207 4
1419 2292 4
1419 2465 7
1419 2481 8
1419 2503 4
1420 1421 1
1420 1591 4
1420 1785 9
1420 1834 10
1420 1859 5
1420 1927 5
1420 1936 5
1420 1992 1
1420 2059 8
1420 2067 8
1420 2149 9
1420 2155 1
1420 2237 7
1420 2261 2
1420 2368 6
1420 2441 10
1420 2482 4
1420 2543 5
1420 2620 9
1420 2679 8
1420 2687 9
1420 2700 8
1420 2746 5
1420 2804 2
1420 2875 4
1421 1569 3
1421 1593 8
1421 1721 7
1421 1842 4
1421 1975 4
1421 1997 4
1421 2093 9
1421 2150 9
1421 2153 4
1421 2166 8
1421 2273 5
1421 2359 2
1421 2383 1
1421 2452 6
1421 2649 9
1421 2710 8
1421 2715 9
1421 2775 7
1421 2897 9
1422 1449 1
1422 1516 8
1422 1723 7
1422 1727 1
1422 1992 2
1422 2133 7
1422 2338 8
1422 2370 10
1422 2459 10
1422 2481 9
1422 2670 1
1422 2827 2
1422 2924 4
1422 2978 9
1423 1507 8
1423 2166 8
1423 2338 6
1423 2458 3
1423 2496 2
1423 2550 6
1423 2554 9
1423 2560 9
1423 2686 10
1423 2704 6
1423 2774 5
1423 2854 2
1424 1444 6
1424 1455 7
1424 1628 10
1424 1706 7
1424 1721 10
1424 1750 10
1424 1793 8
1424 1882 10
1424 2103 6
1424 2377 4
1424 2441 9
1424 2467 5
1424 2811 3
1424 2841 4
1424 2848 5
1424 2925 8
1424 2960 10
1425 1561 7
1425 1650 10
1425 1660 9
1425 1715 5
1425 1724 1
1425 1735 6
1425 1868 8
1425 1905 5
1425 1968 6
1425 2151 2
1425 2386 8
1425 2387 9
1425 2541 4
1425 2836 8
1426 1435 1
1426 1486 6
1426 1670 5
1426 1780 1
1426 1801 10
1426 1814 4
1426 1923 2
1426 2064 5
1426 2107 3
1426 2638 2
1426 2656 3
1426 2704 4
1426 2738 7
1426 2749 5
1426 2806 4
1426 2881 1
1426 2922 2
1427 1440 2
1427 1492 9
1427 1529 3
1427 1550 4
1427 1552 8
1427 1584 5
1427 1957 1
1427 1964 2
1427 1993 1
1427 2045 3
1427 2052 7
1427 2112 10
1427 2120 1
1427 2122 1
1427 2349 8
1427 2371 2
1427 2401 1
1427 2492 6
1427 2548 2
1427 2608 7
1427 2746 7
1427 2859 1
1427 2887 9
1427 2900 2
1428 1513 2
1428 1556 3
1428 1652 10
1428 1802 9
1428 2087 4
1428 2151 7
1428 2165 4
1428 2291 7
1428 2529 9
1428 2679 10
1428 2843 7
1428 2886 4
1428 2930 8
1428 2990 2
1429 1560 5
1429 1594 1
1429 1637 5
1429 1707 4
1429 1888 10
1429 2066 5
1429 2133 2
1429 2313 8
1429 2733 4
1429 2815 7
1429 2929 7
1430 1645 6
1430 1741 2
1430 1751 2
1430 1796 2
1430 1934 8
1430 1959 3
1430 2047 3
1430 2100 9
1430 2201 1
1430 2276 3
1430 2432 3
1430 2479 4
1430 2481 10
1430 2491 9
1430 2493 1
1430 2496 8
1430 2670 4
1430 2790 4
1430 2836 10
1431 1524 8
1431 1825 7
1431 1849 5
1431 2006 1
1431 2067 7
1431 2448 9
1431 2527 10
1431 2536 8
1431 2997 10
1432 1438 6
1432 1625 7
1432 1675 6
1432 1739 2
1432 1762 5
1432 1886 4
1432 1929 7
1432 1983 3
1432 2495 5
1432 2584 7
1432 2592 5
1432 2712 8
1432 2776 2
1432 2893 3
1433 1516 5
1433 1653 1
1433 1798 5
1433 1918 9
1433 2024 1
1433 2165 6
1433 2357 7
1433 2387 4
1433 2392 2
1433 2426 10
1433 2499 6
1433 2573 10
1433 2784 4
1434 1540 1
1434 1557 7
1434 1670 9
1434 1711 1
1434 1724 8
1434 1890 2
1434 1998 4
1434 2073 1
1434 2141 7
1434 2221 1
1434 2239 9
1434 2323 8
1434 2381 8
1434 2397 1
1434 2467 3
1434 2503 1
1434 2586 9
1434 2675 3
1434 2764 7
1434 2787 7
1434 2973 4
1435 1532 5
1435 1543 6
1435 1848 9
1435 2098 1
1435 2126 4
1435 2505 6
1435 2632 5
1435 2776 10
1435 2936 9
1435 2959 10
1436 1653 2
1436 1671 2
1436 1983 6
1436 2001 6
1436 2102 4
1436 2158 8
1436 2167 2
1436 2181 2
1436 2200 4
1436 2232 3
1436 2243 3
1436 2364 2
1436 2384 6
1436 2449 7
1436 2681 6
1436 2773 8
1436 2884 5
1436 2947 2
1437 1505 9
1437 1869 4
1437 2025 4
1437 2060 4
1437 2096 8
1437 2192 7
1437 2369 1
1437 2547 2
1437 2581 7
1437 2597 2
1437 2603 3
1437 2740 10
1437 2909 1
1438 1516 3
1438 1571 6
1438 1637 3
1438 1871 9
1438 1887 10
1438 2346 5
1438 2546 2
1438 2598 10
1438 2753 1
1438 2834 1
1438 2992 3
1439 1472 2
1439 1485 9
1439 1650 9
1439 1874 1
1439 2296 8
1439 2350 3
1439 2401 7
1439 2463 10
1439 2498 2
1439 2597 10
1439 2696 10
1439 2744 3
1439 2787 8
1440 1582 1
1440 1661 3
1440 1754 6
1440 1949 5
1440 2038 9
1440 2109 2
1440 2168 6
1440 2324 3
1440 2407 1
1440 2471 4
1440 2545 3
1440 2570 7
1440 2574 5
1440 2708 9
1440 2786 8
1440 2804 8
1440 2913 8
1440 2920 1
1440 2939 7
1440 2969 10
1441 1457 5
1441 1626 7
1441 1643 1
1441 1646 7
1441 1648 4
1441 1846 10
1441 2056 5
1441 2118 9
1441 2249 5
1441 2259 1
1441 2293 5
1441 2321 4
1441 2422 2
1441 2525 9
1441 2650 3
1441 2722 3
1441 2806 5
1441 2951 5
1441 2964 5
1441 2978 10
1442 1533 1
1442 1622 2
1442 1706 2
1442 1802 3
1442 1855 8
1442 1991 4
1442 2134 6
1442 2255 2
1442 2363 5
1442 2376 8
1442 2488 5
1442 2490 4
1442 2516 3
1442 2603 3
1442 2621 9
1442 2712 2
1442 2753 3
1442 2765 8
1442 2972 6
1443 1468 3
1443 1473 2
1443 1542 10
1443 1551 8
1443 1664 5
1443 1692 9
1443 1790 7
1443 1810 9
1443 2015 9
1443 2048 8
1443 2056 5
1443 2119 2
1443 2248 10
1443 2314 5
1443 2337 4
1443 2393 7
1443 2488 4
1443 2499 9
1443 2567 2
1443 2754 7
1443 2757 2
1443 2759 5
1443 2792 9
1443 2815 4
1443 2935 3
1443 2979 9
1444 1537 7
1444 1566 7
1444 1685 3
1444 1780 3
1444 1899 1
1444 2066 4
1444 2131 8
1444 2166 8
1444 2209 10
1444 2818 5
1444 2829 6
1445 1492 6
1445 1554 2
1445 1606 9
1445 1670 5
1445 1873 5
1445 1883 6
1445 1952 9
1445 2617 1
1445 2742 1
1445 2885 4
1446 1582 4
1446 1774 8
1446 1852 8
1446 1854 8
1446 1963 5
1446 1986 3
1446 2020 8
1446 2064 4
1446 2087 2
1446 2145 1
1446 2268 7
1446 2316 10
1446 2328 9
1446 2374 6
1446 2415 2
1446 2445 8
1446 2505 3
1446 2532 2
1446 2875 7
1447 1484 1
1447 1509 4
1447 1607 5
1447 1748 5
1447 1885 7
1447 1914 8
1447 2011 6
1447 2072 10
1447 2161 7
1447 2201 8
1447 2372 2
1447 2487 9
1447 2495 5
1447 2727 7
1447 2747 6
1447 2754 6
1447 2762 3
1447 2988 2
1448 1470 6
1448 1498 6
1448 1536 7
1448 1641 1
1448 1912 6
1448 2213 8
1448 2574 5
1448 2606 6
1448 2618 7
1448 2683 10
1448 2948 2
1449 1561 1
1449 1611 10
1449 1695 1
1449 1750 10
1449 1821 1
1449 1834 1
1449 1942 5
1449 2011 10
1449 2015 1
1449 2169 7
1449 2303 8
1449 2333 1
1449 2446 9
1449 2678 10
1449 2794 9
1449 2883 4
1450 1535 8
1450 1799 6
1450 2056 4
1450 2073 1
1450 2176 4
1450 2179 7
1450 2350 1
1450 2440 5
1450 2474 9
1450 2598 4
1450 2618 4
1450 2635 4
1450 2782 1
1450 2817 2
1450 2956 6
1451 1606 5
1451 1710 3
1451 1749 4
1451 1876 8
1451 1987 10
1451 2025 3
1451 2085 8
1451 2103 9
1451 2474 10
1451 2626 10
1451 2682 10
1451 2689 1
1452 1696 1
1452 1878 6
1452 2025 4
1452 2507 2
1452 2822 6
1452 2931 9
1452 2952 5
1452 2970 3
1453 1560 8
1453 1590 8
1453 2063 1
1453 2067 9
1453 2094 1
1453 2152 7
1453 2288 1
1453 2394 10
1453 2508 10
1453 2748 3
1453 2788 4
1453 2929 3
1454 1498 2
1454 2000 1
1454 2294 4
1454 2493 1
1454 2564 8
1454 2708 8
1454 2765 7
1455 1718 3
1455 1927 9
1455 1939 1
1455 2121 7
1455 2133 7
1455 2173 8
1455 2214 2
1455 2223 7
1455 2379 2
1455 2425 5
1455 2447 5
1455 2502 6
1455 2728 8
1455 2777 6
1455 2786 6
1455 2884 5
1455 2890 6
1455 2908 6
1456 1501 3
1456 1534 8
1456 1625 5
1456 1662 10
1456 1764 5
1456 1957 8
1456 1963 8
1456 2353 5
1456 2525 9
1456 2705 8
1456 2824 6
1456 2956 5
1457 1766 7
1457 1893 8
1457 2195 5
1457 2283 10
1457 2370 10
1457 2395 8
1457 2566 7
1457 2736 5
1457 2772 5
1457 2785 4
1457 2788 5
1457 2864 9
1458 1491 5
1458 1551 8
1458 1586 6
1458 1612 10
1458 1713 3
1458 1753 2
1458 1757 10
1458 1925 6
1458 1969 9
1458 1986 4
1458 2196 8
1458 2282 1
1458 2592 2
1458 2649 2
1458 2830 4
1458 2970 7
1458 2995 7
1459 1533 1
1459 1918 5
1459 2084 4
1459 2302 1
1459 2395 5
1459 2565 3
1459 2614 4
1459 2673 1
1459 2714 1
1459 2783 5
1459 2838 3
1459 2860 2
1459 2888 5
1460 1482 7
1460 1719 6
1460 1958 4
1460 2011 9
1460 2072 9
1460 2149 2
1460 2201 1
1460 2390 4
1460 2402 2
1460 2454 6
1460 2455 2
1460 2676 6
1461 1503 3
1461 1698 7
1461 1713 9
1461 1732 8
1461 1780 4
1461 1978 4
1461 2346 3
1461 2379 9
1461 2615 9
1461 2666 3
1461 2732 10
1461 2937 2
1461 2973 6
1462 1504 2
1462 1600 8
1462 1683 4
1462 1714 2
1462 2001 7
1462 2086 5
1462 2461 1
1462 2468 1
1462 2500 5
1462 2625 6
1462 2784 7
1462 2835 2
1462 2965 4
1463 1584 5
1463 1631 3
1463 1716 4
1463 1741 5
1463 1795 10
1463 1903 4
1463 1996 7
1463 2153 4
1463 2219 6
1463 2245 6
1463 2746 4
1463 2930 2
1464 1518 1
1464 1555 3
1464 1619 1
1464 1627 3
1464 1706 8
1464 1823 5
1464 1900 9
1464 2015 1
1464 2119 9
1464 2230 5
1464 2330 2
1464 2339 6
1464 2745 6
1464 2808 7
1464 2827 6
1464 2995 1
1465 1670 7
1465 1783 4
1465 1885 1
1465 2018 5
1465 2026 5
1465 2046 7
1465 2048 8
1465 2104 9
1465 2640 6
1465 2921 2
1466 1571 6
1466 1921 4
1466 2086 6
1466 2175 7
1466 2232 5
1466 2420 3
1466 2467 1
1466 2477 5
1466 2687 4
1466 2784 2
1466 2788 1
1467 1800 3
1467 1911 7
1467 1915 5
1467 2117 2
1467 2130 10
1467 2255 10
1467 2299 8
1467 2399 3
1467 2556 7
1467 2961 3
1468 1535 6
1468 1538 2
1468 1551 1
1468 1863 1
1468 1908 1
1468 1962 5
1468 2046 7
1468 2049 6
1468 2175 7
1468 2305 7
1468 2354 4
1468 2375 8
1468 2404 6
1468 2661 7
1468 2791 5
1468 2899 10
1468 2946 8
1468 2964 3
1469 1497 4
1469 1687 7
1469 1788 6
1469 1842 8
1469 1893 4
1469 1941 7
1469 1942 2
1469 2053 6
1469 2099 10
1469 2141 2
1469 2155 9
1469 2232 9
1469 2288 4
1469 2344 3
1469 2359 8
1469 2436 3
1469 2450 10
1469 2474 1
1469 2512 3
1469 2693 7
1469 2849 4
1469 2945 6
1470 1629 5
1470 1644 10
1470 1750 6
1470 1800 2
1470 1841 10
1470 1956 8
1470 1964 2
1470 2094 9
1470 2321 2
1470 2375 5
1470 2405 7
1470 2536 10
1470 2644 4
1470 2759 7
1470 2985 6
1471 1482 6
1471 1756 5
1471 1775 5
1471 1868 2
1471 1905 9
1471 1906 2
1471 1937 1
1471 2177 1
1471 2211 6
1471 2283 2
1471 2305 2
1471 2780 9
1471 2808 6
1471 2922 4
1472 1773 4
1472 2297 4
1472 2309 3
1472 2449 1
1472 2765 8
1472 2826 2
1472 2840 2
1472 2923 7
1472 2927 2
1472 2990 6
1473 1617 1
1473 2013 1
1473 2042 4
1473 2063 10
1473 2231 3
1473 2317 1
1473 2508 3
1473 2510 10
1473 2640 1
1473 2756 6
1473 2837 10
1473 2858 8
1474 1486 1
1474 1574 2
1474 1651 2
1474 1843 3
1474 1911 3
1474 1974 1
1474 2239 1
1474 2670 4
1474 2698 7
1474 2943 4
1475 1505 5
1475 1639 8
1475 1966 9
1475 2003 4
1475 2059 6
1475 2081 8
1475 2186 9
1475 2218 8
1475 2364 4
1475 2557 4
1475 2705 7
1475 2752 10
1475 2810 7
1475 2843 8
1475 2928 2
1476 1489 9
1476 1867 7
1476 1920 5
1476 1976 10
1476 2178 7
1476 2453 6
1476 2467 4
1476 2498 4
1476 2615 7
1476 2736 1
1476 2787 8
1476 2801 9
1476 2876 3
1477 1543 2
1477 1618 7
1477 1757 8
1477 1759 2
1477 1772 5
1477 1861 6
1477 1941 8
1477 2337 3
1477 2480 3
1477 2536 8
1477 2582 1
1477 2617 5
1477 2619 10
1477 2702 7
1477 2712 9
1477 2795 9
1477 2942 10
1478 1618 9
1478 1883 5
1478 2094 1
1478 2186 1
1478 2203 5
1478 2275 7
1478 2293 6
1478 2501 8
1478 2577 2
1478 2598 6
1478 2952 8
1478 2982 4
1479 1668 6
1479 1699 1
1479 1728 9
1479 1797 5
1479 2085 2
1479 2090 1
1479 2127 9
1479 2173 5
1479 2192 5
1479 2320 5
1479 2548 5
1479 2564 7
1479 2587 10
1479 2819 1
1479 2873 4
1479 2952 1
1480 1616 8
1480 1673 8
1480 1998 10
1480 2010 10
1480 2015 1
1480 2057 1
1480 2065 2
1480 2077 8
1480 2108 6
1480 2118 2
1480 2130 6
1480 2133 5
1480 2169 6
1480 2333 9
1480 2619 10
1480 2676 7
1480 2707 8
1480 2715 3
1480 2719 2
1480 2817 5
1480 2991 4
1481 1503 9
1481 1703 10
1481 1736 8
1481 1987 10
1481 2344 10
1481 2348 10
1481 2375 8
1481 2424 4
1481 2548 1
1481 2617 5
1481 2860 1
1481 2906 10
1481 2946 6
1481 2982 5
1482 1604 5
1482 1682 9
1482 2024 2
1482 2066 2
1482 2088 6
1482 2134 10
1482 2269 6
1482 2294 10
1482 2486 7
1482 2748 7
1482 2945 10
1482 2947 4
1482 2972 5
1483 1705 4
1483 1760 4
1483 1806 3
1483 1888 6
1483 1911 4
1483 1916 4
1483 2182 8
1483 2197 4
1483 2349 7
1483 2492 4
1483 2527 7
1483 2755 6
1483 2875 5
1483 2900 5
1483 2982 5
1484 1560 7
1484 1722 3
1484 1852 7
1484 1872 10
1484 1928 5
1484 2125 5
1484 2219 5
1484 2281 8
1484 2309 2
1484 2475 3
1484 2562 6
1484 2598 5
1484 2686 4
1484 2736 10
1484 2738 10
1484 2772 7
1484 2794 10
1484 2841 9
1484 2953 9
1484 2965 6
1485 1727 5
1485 1766 7
1485 1786 10
1485 1862 4
1485 1929 4
1485 1954 7
1485 1983 8
1485 2052 3
1485 2058 10
1485 2089 6
1485 2140 6
1485 2157 6
1485 2173 6
1485 2355 5
1485 2597 5
1485 2906 5
1485 2974 1
1486 1489 9
1486 1531 3
1486 1593 5
1486 1648 9
1486 1658 2
1486 2056 2
1486 2204 6
1486 2216 10
1486 2327 1
1486 2425 1
1486 2688 5
1486 2736 7
1486 2744 4
1487 1645 1
1487 1672 7
1487 1711 3
1487 1782 7
1487 1848 10
1487 1881 7
1487 2036 6
1487 2236 2
1487 2347 4
1487 2485 4
1487 2662 4
1487 2817 1
1487 2876 2
1488 1555 9
1488 1595 7
1488 1676 1
1488 1768 10
1488 1982 9
1488 2128 5
1488 2323 4
1488 2343 1
1488 2383 10
1488 2424 9
1488 2433 10
1488 2474 3
1488 2562 10
1488 2627 2
1488 2870 4
1488 2882 4
1489 1704 8
1489 1755 5
1489 1941 1
1489 2110 5
1489 2134 10
1489 2143 10
1489 2173 4
1489 2196 2
1489 2312 2
1489 2317 10
1489 2459 7
1489 2629 8
1489 2679 2
1489 2741 8
1489 2755 6
1489 2907 6
1490 1721 3
1490 1752 2
1490 1798 8
1490 1933 5
1490 2064 7
1490 2219 6
1490 2303 9
1490 2358 6
1490 2369 4
1490 2414 7
1490 2418 7
1490 2428 9
1490 2430 3
1490 2433 1
1490 2460 9
1490 2488 9
1490 2792 5
1490 2848 7
1490 2853 2
1491 1665 1
1491 1798 4
1491 1974 1
1491 2102 4
1491 2128 1
1491 2253 9
1491 2326 7
1491 2330 5
1491 2340 6
1491 2396 10
1491 2685 5
1491 2808 5
1491 2853 7
1492 1578 2
1492 1634 3
1492 1731 7
1492 1842 5
1492 2000 1
1492 2067 4
1492 2077 1
1492 2162 6
1492 2261 6
1492 2370 8
1492 2472 5
1492 2562 5
1492 2621 7
1492 2645 6
1492 2756 9
1493 1513 6
1493 1603 10
1493 1696 9
1493 1957 2
1493 1967 4
1493 2164 1
1493 2298 3
1493 2349 1
1493 2450 5
1493 2495 6
1493 2563 9
1493 2928 4
1493 2998 8
1494 1535 8
1494 1595 8
1494 1673 5
1494 1875 9
1494 2080 4
1494 2236 8
1494 2384 1
1494 2866 10
1495 1529 9
1495 1589 10
1495 1634 5
1495 1732 8
1495 1875 7
1495 2009 7
1495 2057 8
1495 2069 1
1495 2132 6
1495 2160 4
1495 2240 2
1495 2372 10
1495 2517 10
1495 2592 10
1495 2676 2
1495 2844 2
1495 2879 1
1496 1634 4
1496 2017 10
1496 2154 4
1496 2246 9
1496 2397 10
1496 2412 9
1496 2493 6
1496 2681 7
1496 2753 9
1497 1681 1
1497 1936 1
1497 1971 4
1497 2083 8
1497 2102 7
1497 2231 2
1497 2251 10
1497 2375 3
1497 2462 6
1497 2478 3
1497 2823 4
1497 2837 9
1498 1702 2
1498 2044 10
1498 2098 3
1498 2235 9
1498 2267 4
1498 2282 10
1498 2346 7
1498 2539 9
1498 2742 8
1498 2864 6
1499 1656 9
1499 1665 5
1499 1748 5
1499 1996 1
1499 2014 9
1499 2217 4
1499 2302 10
1499 2436 1
1499 2589 3
1499 2765 1
1499 2787 8
1499 2912 1
1500 1502 2
1500 1504 10
1500 1705 7
1500 2092 1
1500 2137 4
1500 2252 10
1500 2341 3
1500 2343 2
1500 2360 7
1500 2361 9
1500 2390 1
1500 2392 10
1500 2414 2
1500 2484 5
1500 2563 10
1500 2581 4
1500 2677 8
1500 2832 6
1501 1550 10
1501 1696 4
1501 1700 3
1501 1802 6
1501 1913 10
1501 1918 1
1501 2170 9
1501 2186 2
1501 2300 3
1501 2545 6
1501 2683 8
1501 2720 5
1501 2791 9
1501 2899 5
1502 1530 8
1502 1561 3
1502 1790 9
1502 1896 4
1502 1910 1
1502 1966 5
1502 2359 4
1502 2523 3
1502 2634 2
1502 2635 10
1502 2686 8
1502 2700 3
1502 2718 8
1502 2909 5
1503 1510 4
1503 1639 8
1503 1669 4
1503 1837 6
1503 2059 2
1503 2091 4
1503 2108 5
1503 2138 7
1503 2191 4
1503 2308 5
1503 2360 7
1503 2462 6
1503 2478 2
1503 2733 9
1504 1768 9
1504 1921 3
1504 1997 7
1504 2082 1
1504 2255 6
1504 2312 6
1504 2345 2
1504 2389 8
1504 2445 7
1504 2654 9
1504 2705 9
1504 2983 9
1505 1516 6
1505 1525 6
1505 1533 4
1505 1633 10
1505 1643 9
1505 1649 2
1505 1703 2
1505 1887 5
1505 1888 9
1505 1940 9
1505 1957 4
1505 1996 8
1505 2118 4
1505 2120 7
1505 2160 7
1505 2302 3
1505 2321 2
1505 2337 6
1505 2363 1
1505 2416 1
1505 2545 10
1505 2622 6
1505 2730 10
1505 2765 7
1505 2917 5
1506 1636 9
1506 1686 4
1506 1807 2
1506 1879 4
1506 2010 10
1506 2219 6
1506 2293 6
1506 2298 6
1506 2382 2
1506 2387 3
1506 2484 4
1506 2491 8
1506 2594 2
1506 2722 3
1506 2748 5
1506 2770 4
1506 2772 3
1506 2997 3
1507 1563 9
1507 1590 1
1507 1700 1
1507 1805 6
1507 1817 2
1507 1827 5
1507 1842 9
1507 1951 5
1507 2099 7
1507 2344 5
1507 2398 10
1507 2451 8
1507 2698 5
1507 2804 9
1507 2854 1
1508 1673 10
1508 1709 7
1508 1830 10
1508 1961 5
1508 2072 1
1508 2192 8
1508 2226 1
1508 2365 2
1508 2399 3
1508 2412 10
1508 2656 2
1508 2731 2
1508 2778 4
1508 2796 5
1508 2850 8
1509 1549 1
1509 1641 1
1509 1649 5
1509 1701 3
1509 1722 2
1509 1808 7
1509 2075 10
1509 2494 10
1509 2694 5
1509 2723 1
1509 2745 1
1509 2770 4
1509 2797 3
1509 2957 6
1510 1518 1
1510 1542 10
1510 1656 9
1510 1757 1
1510 1858 9
1510 1859 10
1510 1904 7
1510 1950 8
1510 2064 5
1510 2088 1
1510 2154 9
1510 2173 6
1510 2282 10
1510 2365 8
1510 2403 5
1510 2465 9
1510 2630 7
1510 2635 3
1510 2993 8
1511 1578 1
1511 1875 4
1511 2060 8
1511 2106 5
1511 2170 9
1511 2366 2
1511 2370 2
1511 2385 2
1511 2484 10
1511 2558 2
1511 2624 2
1511 2626 8
1511 2683 4
1511 2753 6
1511 2921 10
1511 2927 2
1511 2952 1
1511 2986 10
1512 1528 7
1512 1600 5
1512 1749 8
1512 1831 3
1512 1931 4
1512 2107 5
1512 2136 8
1512 2196 1
1512 2453 6
1512 2495 9
1512 2875 10
1513 1531 9
1513 2011 9
1513 2039 1
1513 2081 8
1513 2117 7
1513 2173 5
1513 2349 2
1513 2387 6
1513 2392 7
1513 2412 7
1513 2471 9
1513 2478 1
1513 2489 8
1513 2512 1
1513 2658 2
1513 2849 8
1514 1538 4
1514 1614 6
1514 1628 1
1514 2076 5
1514 2094 1
1514 2129 9
1514 2202 6
1514 2333 8
1514 2368 10
1514 2370 8
1514 2387 4
1514 2619 4
1514 2658 7
1514 2684 2
1514 2849 4
1514 2994 2
1515 1588 7
1515 1671 2
1515 1673 6
1515 1767 1
1515 1811 3
1515 1857 5
1515 1940 6
1515 2021 7
1515 2132 1
1515 2138 1
1515 2212 3
1515 2219 9
1515 2318 6
1515 2410 8
1515 2454 8
1515 2466 10
1515 2599 8
1515 2687 1
1515 2825 10
1516 1657 5
1516 1660 6
1516 1702 3
1516 1708 4
1516 1722 9
1516 1760 5
1516 1794 6
1516 1850 10
1516 1982 9
1516 2102 5
1516 2143 1
1516 2410 3
1516 2446 9
1516 2510 9
1516 2689 4
1516 2706 7
1516 2966 8
1517 1580 8
1517 1610 2
1517 1879 3
1517 2031 9
1517 2115 8
1517 2177 10
1517 2720 6
1517 2806 6
1517 2884 2
1517 2973 1
1517 2985 7
1518 1540 4
1518 1549 9
1518 1621 1
1518 1665 8
1518 1687 6
1518 1726 10
1518 1728 2
1518 1833 6
1518 1844 5
1518 1860 3
1518 2314 8
1518 2572 4
1518 2592 7
1519 1538 9
1519 1545 4
1519 1552 10
1519 1687 3
1519 1924 6
1519 2088 5
1519 2142 5
1519 2211 1
1519 2218 2
1519 2250 4
1519 2251 2
1519 2301 4
1519 2380 5
1519 2702 6
1519 2723 3
1519 2818 2
1520 1609 1
1520 1779 4
1520 2267 10
1520 2549 3
1520 2552 1
1520 2647 10
1520 2881 1
1520 2937 3
1521 1544 5
1521 1607 9
1521 1658 4
1521 1807 9
1521 1813 8
1521 2022 10
1521 2067 9
1521 2089 1
1521 2222 3
1521 2249 1
1521 2402 8
1521 2995 9
1522 1581 8
1522 1707 9
1522 1813 9
1522 1922 5
1522 1967 1
1522 2041 9
1522 2113 8
1522 2213 2
1522 2259 4
1522 2391 7
1522 2480 2
1522 2664 4
1522 2789 2
1522 2846 2
1523 1644 3
1523 1666 7
1523 1791 5
1523 1801 7
1523 1853 3
1523 1972 3
1523 1992 4
1523 2065 5
1523 2129 5
1523 2193 10
1523 2311 3
1523 2373 4
1523 2435 2
1523 2691 5
1523 2750 9
1524 1597 4
1524 1598 4
1524 1694 9
1524 1729 8
1524 1802 7
1524 1854 3
1524 1879 7
1524 1981 5
1524 2124 5
1524 2156 6
1524 2164 7
1524 2177 7
1524 2244 8
1524 2394 6
1524 2430 1
1524 2439 8
1524 2769 3
1524 2816 6
1524 2856 3
1524 2950 1
1524 2965 4
1524 2983 9
1525 1551 6
1525 1557 5
1525 1723 2
1525 1743 6
1525 1852 5
1525 2004 4
1525 2018 8
1525 2027 10
1525 2287 8
1525 2367 1
1525 2447 4
1525 2457 9
1525 2771 4
1525 2840 4
1525 2910 4
1525 2962 8
1526 1969 9
1526 2035 7
1526 2275 8
1526 2304 1
1526 2371 1
1526 2374 7
1526 2577 9
1526 2860 10
1526 2971 3
1527 1537 10
1527 1551 7
1527 1631 10
1527 1727 5
1527 1865 10
1527 2051 8
1527 2118 7
1527 2171 4
1527 2173 4
1527 2224 7
1527 2382 9
1527 2649 8
1527 2659 5
1527 2780 5
1527 2874 8
1528 1593 2
1528 1633 9
1528 1741 9
1528 1943 10
1528 1946 8
1528 1986 7
1528 2020 8
1528 2160 6
1528 2314 4
1528 2330 1
1528 2407 1
1528 2856 5
1528 2937 5
1529 1686 4
1529 1789 5
1529 1813 8
1529 1821 8
1529 1884 4
1529 1975 3
1529 2084 6
1529 2330 9
1529 2377 6
1529 2398 5
1529 2532 5
1529 2614 8
1529 2645 2
1529 2675 4
1529 2723 6
1529 2851 9
1529 2918 5
1529 2970 8
1529 2977 2
1530 1544 5
1530 1738 2
1530 2058 2
1530 2262 4
1530 2622 2
1530 2819 6
1530 2915 10
1530 2978 1
1531 1636 6
1531 1730 7
1531 1806 4
1531 1831 5
1531 1884 9
1531 2134 10
1531 2135 10
1531 2205 6
1531 2221 4
1531 2233 5
1531 2567 10
1531 2721 6
1532 1626 3
1532 1913 4
1532 2099 5
1532 2198 2
1532 2317 4
1532 2617 6
1532 2655 2
1532 2766 1
1532 2825 3
1532 2875 10
1532 2888 4
1533 1534 2
1533 1565 1
1533 1658 9
1533 1850 9
1533 2038 1
1533 2072 7
1533 2173 6
1533 2184 6
1533 2214 3
1533 2236 2
1533 2257 10
1533 2294 3
1533 2331 1
1533 2373 5
1533 2406 1
1533 2604 3
1533 2746 4
1533 2911 6
1533 2950 6
1533 2959 3
1533 2999 8
1534 1597 10
1534 1646 4
1534 1748 9
1534 1857 8
1534 1945 3
1534 2007 2
1534 2014 10
1534 2188 2
1534 2295 6
1534 2299 6
1534 2606 3
1534 2617 4
1534 2732 10
1534 2852 4
1534 2950 1
1534 2990 3
1535 1559 1
1535 1652 9
1535 1883 9
1535 2816 4
1535 2877 2
1535 2883 5
1535 2959 10
1535 2972 1
1536 1737 8
1536 1742 8
1536 1793 4
1536 2340 1
1536 2363 3
1536 2409 4
1536 2455 5
1536 2561 8
1536 2603 8
1536 2688 6
1536 2730 4
1536 2773 5
1537 1628 8
1537 1634 1
1537 2079 6
1537 2306 1
1537 2494 4
1537 2512 10
1537 2591 6
1537 2721 5
1537 2776 9
1537 2803 4
1537 2992 9
1538 1572 10
1538 1824 3
1538 2010 2
1538 2042 9
1538 2064 6
1538 2184 2
1538 2514 9
1538 2537 9
1538 2541 9
1538 2623 1
1538 2673 3
1538 2807 8
1538 2836 1
1538 2855 2
1538 2931 2
1539 1661 8
1539 1719 1
1539 1756 4
1539 1780 7
1539 1836 6
1539 1922 8
1539 2334 6
1539 2390 4
1539 2797 10
1539 2974 6
1540 1602 8
1540 1645 5
1540 1801 5
1540 1830 10
1540 1945 2
1540 2360 4
1540 2382 8
1540 2402 7
1540 2483 4
1540 2530 8
1540 2604 7
1540 2694 4
1540 2904 6
1541 1602 4
1541 1687 4
1541 1855 10
1541 1884 10
1541 2089 3
1541 2169 9
1541 2259 8
1541 2401 10
1541 2870 5
1541 2895 5
1541 2933 6
1542 1583 4
1542 1626 10
1542 1684 2
1542 1873 2
1542 1991 7
1542 2175 3
1542 2236 9
1542 2316 7
1542 2342 1
1542 2396 3
1542 2447 4
1542 2767 7
1543 1771 3
1543 1940 9
1543 1975 6
1543 1993 2
1543 2029 10
1543 2080 4
1543 2140 8
1543 2286 9
1543 2296 6
1543 2371 3
1543 2402 10
1543 2482 3
1543 2513 7
1543 2558 7
1543 2622 3
1543 2822 7
1543 2858 10
1543 2859 5
1543 2888 4
1543 2949 6
1544 1647 4
1544 1764 6
1544 1900 5
1544 1998 5
1544 2150 3
1544 2182 6
1544 2570 8
1544 2592 2
1544 2664 2
1544 2719 6
1544 2730 2
1544 2752 9
1544 2988 10
1545 1548 4
1545 1761 3
1545 1789 6
1545 1857 10
1545 1995 2
1545 2034 6
1545 2061 5
1545 2163 1
1545 2176 8
1545 2195 3
1545 2241 6
1545 2365 4
1545 2410 7
1545 2464 9
1545 2710 10
1545 2729 7
1545 2798 2
1546 1562 8
1546 1574 8
1546 1648 1
1546 1659 7
1546 1679 5
1546 1880 9
1546 1931 1
1546 2017 2
1546 2143 6
1546 2341 9
1546 2388 8
1546 2446 4
1546 2561 3
1546 2569 1
1546 2662 10
1546 2754 7
1546 2863 5
1547 1561 2
1547 1564 2
1547 1724 2
1547 1729 1
1547 1845 3
1547 1964 10
1547 2257 5
1547 2632 2
1547 2706 7
1547 2775 9
1547 2813 3
1547 2893 5
1548 1562 9
1548 1603 3
1548 1604 6
1548 1622 2
1548 1628 4
1548 1730 8
1548 1807 10
1548 1888 6
1548 1944 8
1548 2029 3
1548 2088 4
1548 2270 9
1548 2466 8
1548 2609 9
1548 2800 5
1548 2828 8
1548 2870 3
1549 1700 8
1549 1737 5
1549 1817 5
1549 1896 1
1549 1953 2
1549 1975 6
1549 1976 1
1549 2022 1
1549 2040 8
1549 2059 6
1549 2160 10
1549 2284 9
1549 2351 4
1549 2404 4
1549 2411 3
1549 2473 1
1549 2545 3
1549 2628 8
1549 2950 1
1550 1591 2
1550 1652 2
1550 2038 10
1550 2042 3
1550 2047 9
1550 2106 10
1550 2295 10
1550 2497 9
1550 2520 2
1550 2521 1
1550 2548 9
1550 2808 5
1550 2908 8
1551 1579 7
1551 1601 8
1551 1629 6
1551 1707 5
1551 2319 8
1551 2478 8
1551 2513 1
1551 2634 3
1551 2640 4
1551 2734 8
1551 2805 4
1551 2806 3
1552 1570 2
1552 1649 7
1552 1678 5
1552 1871 9
1552 1930 5
1552 1960 2
1552 2295 6
1552 2344 1
1552 2452 6
1552 2483 1
1552 2494 2
1552 2850 2
1552 2994 3
1553 1563 9
1553 1611 4
1553 1654 2
1553 1657 7
1553 1682 6
1553 1757 7
1553 1761 6
1553 1869 8
1553 1928 1
1553 2005 1
1553 2012 10
1553 2244 10
1553 2256 7
1553 2272 10
1553 2281 7
1553 2326 2
1553 2335 5
1553 2713 2
1553 2868 6
1553 2931 3
1554 1626 7
1554 1728 10
1554 2093 6
1554 2266 2
1554 2416 10
1554 2531 8
1554 2593 10
1554 2636 1
1554 2902 10
1555 1813 5
1555 1899 4
1555 1932 7
1555 1968 7
1555 2012 5
1555 2170 6
1555 2314 2
1555 2371 5
1555 2487 1
1555 2724 10
1555 2806 6
1555 2882 1
1555 2887 3
1555 2939 4
1556 1577 9
1556 1688 6
1556 1788 5
1556 1816 4
1556 1912 1
1556 1998 9
1556 2054 2
1556 2136 4
1556 2300 8
1556 2436 8
1556 2448 6
1556 2475 6
1556 2723 7
1556 2824 9
1556 2856 5
1556 2875 9
1556 2896 3
1556 2947 7
1557 1583 1
1557 1620 3
1557 1854 1
1557 1915 10
1557 1920 5
1557 2191 9
1557 2305 2
1557 2363 4
1557 2456 6
1557 2609 2
1557 2708 7
1558 1852 9
1558 1862 3
1558 1889 8
1558 1914 4
1558 1936 1
1558 2005 2
1558 2047 5
1558 2112 7
1558 2209 9
1558 2474 2
1558 2520 3
1558 2721 10
1558 2879 8
1558 2906 10
1559 1582 6
1559 1731 4
1559 1815 10
1559 1981 3
1559 2021 2
1559 2146 2
1559 2295 3
1559 2340 8
1559 2426 3
1559 2693 8
1559 2702 4
1559 2928 4
1559 2943 7
1560 1590 2
1560 1675 6
1560 1718 9
1560 1918 8
1560 1952 7
1560 2015 5
1560 2252 5
1560 2258 9
1560 2615 5
1560 2647 4
1560 2702 5
1560 2821 6
1560 2954 9
1561 1869 3
1561 1916 1
1561 1956 5
1561 2138 3
1561 2182 1
1561 2205 9
1561 2239 10
1561 2373 1
1561 2625 4
1561 2784 10
1561 2984 5
1562 1643 2
1562 1686 10
1562 1855 5
1562 1921 5
1562 1970 5
1562 2049 3
1562 2269 3
1562 2474 7
1562 2535 3
1562 2648 5
1562 2686 3
1562 2929 8
1563 1643 8
1563 1740 2
1563 1774 9
1563 1808 6
1563 1832 7
1563 1853 2
1563 1869 5
1563 1962 4
1563 2456 8
1563 2467 3
1563 2506 1
1563 2738 9
1563 2783 10
1563 2933 1
1564 1623 10
1564 1633 3
1564 1658 4
1564 1743 6
1564 1879 9
1564 1930 5
1564 2012 10
1564 2089 9
1564 2091 2
1564 2130 7
1564 2259 4
1564 2610 6
1564 2715 8
1564 2753 7
1564 2770 6
1564 2882 2
1564 2991 10
1565 1577 8
1565 1682 5
1565 1752 9
1565 1905 8
1565 2168 5
1565 2570 4
1565 2574 5
1565 2576 10
1565 2887 5
1566 1664 4
1566 1671 7
1566 1682 9
1566 1713 3
1566 1718 6
1566 1818 6
1566 1878 5
1566 1955 9
1566 1976 10
1566 1993 2
1566 2170 5
1566 2179 1
1566 2259 3
1566 2284 10
1566 2385 3
1566 2445 2
1566 2595 10
1566 2641 2
1566 2650 2
1566 2869 5
1566 2947 6
1566 2974 2
1567 1619 1
1567 1749 8
1567 1802 1
1567 1857 3
1567 2049 2
1567 2361 2
1567 2377 9
1567 2475 2
1567 2741 1
1567 2751 10
1567 2788 4
1567 2807 4
1567 2813 8
1567 2950 4
1567 2991 9
1568 1659 3
1568 1695 7
1568 1860 2
1568 1907 2
1568 1949 9
1568 2177 9
1568 2281 5
1568 2326 3
1568 2373 4
1568 2390 5
1568 2418 5
1568 2429 10
1568 2435 3
1568 2616 2
1568 2639 8
1568 2660 4
1568 2714 7
1568 2818 6
1568 2981 4
1569 1651 4
1569 1659 9
1569 2092 7
1569 2114 3
1569 2129 6
1569 2245 1
1569 2249 5
1569 2276 2
1569 2349 7
1569 2412 8
1569 2471 7
1569 2513 5
1569 2871 7
1569 2911 1
1570 1683 3
1570 2033 3
1570 2041 2
1570 2065 2
1570 2076 8
1570 2170 4
1570 2190 6
1570 2294 5
1570 2495 8
1570 2736 10
1570 2972 10
1571 1609 3
1571 1824 10
1571 1860 10
1571 2007 2
1571 2386 6
1571 2423 8
1571 2859 1
1571 2938 8
1572 1751 3
1572 2069 9
1572 2156 9
1572 2232 6
1572 2276 3
1572 2415 4
1572 2572 4
1572 2641 10
1572 2723 9
1572 2938 3
1572 2943 10
1573 1715 3
1573 1745 7
1573 2037 9
1573 2118 3
1573 2260 1
1573 2309 9
1573 2369 6
1573 2375 10
1573 2464 5
1573 2508 8
1573 2566 3
1573 2803 8
1573 2905 9
1574 1763 9
1574 2338 7
1574 2466 4
1574 2503 9
1574 2724 3
1574 2759 10
1574 2773 7
1574 2880 5
1574 2997 5
1575 1647 6
1575 1869 3
1575 1870 4
1575 2010 5
1575 2040 10
1575 2047 8
1575 2150 8
1575 2173 10
1575 2297 10
1575 2396 3
1575 2527 2
1575 2878 6
1575 2966 1
1576 1673 1
1576 1674 2
1576 1736 3
1576 1832 10
1576 2156 6
1576 2271 10
1576 2305 1
1576 2368 5
1576 2393 8
1576 2505 10
1576 2591 9
1576 2678 6
1576 2690 2
1576 2725 5
1576 2734 9
1576 2815 1
1576 2828 10
1576 2938 10
1577 1673 9
1577 1674 3
1577 1734 2
1577 1786 4
1577 1928 1
1577 2340 1
1577 2527 1
1577 2606 3
1577 2705 10
1577 2732 1
1577 2739 5
1577 2782 6
1577 2868 1
1577 2960 6
1578 1676 1
1578 1736 4
1578 1745 6
1578 1758 5
1578 2081 8
1578 2210 5
1578 2271 9
1578 2360 2
1578 2516 8
1578 2536 7
1578 2569 4
1578 2601 7
1578 2803 8
1578 2876 6
1578 2905 9
1578 2937 8
1579 1760 1
1579 1871 2
1579 1915 1
1579 1958 7
1579 2230 3
1579 2357 4
1579 2536 1
1579 2549 9
1579 2627 1
1579 2649 2
1579 2694 5
1579 2728 3
1579 2757 3
1579 2793 6
1579 2826 3
1579 2830 1
1579 2864 8
1579 2898 9
1580 1613 6
1580 1768 5
1580 2061 10
1580 2078 6
1580 2136 5
1580 2213 9
1580 2400 10
1580 2722 8
1580 2754 7
1580 2908 2
1580 2925 2
1581 1620 9
1581 1692 7
1581 1844 1
1581 2024 6
1581 2277 4
1581 2312 7
1581 2397 1
1581 2420 4
1581 2432 5
1581 2490 7
1581 2552 2
1581 2668 9
1581 2836 1
1581 2864 8
1581 2883 2
1582 1920 5
1582 2133 10
1582 2183 1
1582 2227 7
1582 2488 3
1582 2491 8
1582 2509 4
1582 2624 10
1582 2643 10
1582 2722 6
1582 2936 10
1583 1636 1
1583 1655 2
1583 1734 6
1583 1896 9
1583 2172 5
1583 2223 8
1583 2504 7
1583 2540 3
1583 2642 9
1583 2739 6
1583 2943 3
1584 1701 3
1584 1711 3
1584 1817 10
1584 2082 10
1584 2121 4
1584 2271 2
1584 2314 8
1584 2601 7
1584 2932 8
1585 1651 7
1585 1658 2
1585 1676 10
1585 1724 10
1585 1765 9
1585 1781 9
1585 1812 9
1585 1819 8
1585 1843 6
1585 2034 10
1585 2329 8
1585 2402 8
1585 2406 8
1585 2430 1
1585 2609 3
1585 2667 4
1585 2702 6
1585 2743 1
1585 2879 6
1585 2984 9
1585 2994 3
1586 1645 3
1586 1794 7
1586 1842 9
1586 1857 7
1586 1922 4
1586 2142 6
1586 2143 9
1586 2222 3
1586 2251 4
1586 2256 6
1586 2270 4
1586 2307 9
1586 2588 5
1586 2983 8
1587 1822 8
1587 1851 7
1587 1935 4
1587 1940 1
1587 1972 10
1587 2156 5
1587 2241 10
1587 2316 2
1587 2395 5
1587 2449 10
1587 2916 8
1588 1762 6
1588 1833 10
1588 1974 1
1588 2003 9
1588 2008 9
1588 2156 1
1588 2349 3
1588 2363 8
1588 2541 9
1588 2586 2
1588 2592 1
1588 2695 7
1588 2745 2
1588 2747 9
1588 2932 8
1589 1713 10
1589 1734 6
1589 1888 9
1589 1926 2
1589 2016 7
1589 2036 3
1589 2119 3
1589 2203 5
1589 2472 3
1589 2483 4
1589 2635 8
1589 2640 2
1589 2680 5
1589 2722 7
1589 2899 10
1589 2903 3
1590 1686 10
1590 1700 4
1590 1733 10
1590 1863 9
1590 2061 5
1590 2471 7
1590 2535 8
1590 2555 2
1590 2573 5
1590 2591 3
1590 2660 6
1590 2700 1
1590 2742 2
1590 2788 6
1590 2933 10
1591 1891 10
1591 1957 9
1591 1966 2
1591 2153 1
1591 2229 1
1591 2343 1
1591 2403 7
1591 2581 6
1591 2624 2
1591 2656 1
1591 2662 9
1591 2819 2
1591 2898 3
1591 2904 10
1592 1606 6
1592 1650 2
1592 1737 1
1592 1853 2
1592 1902 2
1592 1937 6
1592 2017 5
1592 2247 10
1592 2274 1
1592 2374 7
1592 2422 10
1592 2483 2
1592 2535 6
1592 2547 9
1592 2664 5
1592 2866 9
1592 2972 2
1593 1617 6
1593 1620 7
1593 1735 7
1593 1770 4
1593 1841 1
1593 1842 9
1593 2049 6
1593 2164 5
1593 2169 9
1593 2267 1
1593 2278 9
1593 2310 7
1593 2364 1
1593 2908 9
1594 1826 6
1594 1882 1
1594 1982 7
1594 2134 9
1594 2149 6
1594 2166 7
1594 2302 6
1594 2311 10
1594 2575 2
1594 2655 5
1594 2776 9
1594 2893 5
1594 2980 9
1595 1647 3
1595 1725 9
1595 1882 7
1595 1974 1
1595 2050 5
1595 2193 1
1595 2236 6
1595 2328 3
1595 2416 1
1595 2489 1
1595 2522 1
1595 2601 9
1595 2864 5
1595 2910 2
1596 1602 3
1596 1667 2
1596 1834 10
1596 1890 1
1596 2037 1
1596 2248 5
1596 2304 9
1596 2467 8
1596 2485 8
1596 2692 4
1596 2801 4
1597 1626 4
1597 1655 9
1597 1668 9
1597 1729 5
1597 1826 5
1597 1861 5
1597 2280 9
1597 2329 9
1597 2517 3
1597 2534 9
1597 2692 10
1597 2887 5
1598 1651 7
1598 1749 3
1598 1861 2
1598 1871 4
1598 1938 4
1598 2191 6
1598 2374 9
1598 2434 9
1598 2472 9
1598 2522 4
1598 2753 1
1598 2823 10
1598 2848 7
1598 2925 5
1598 2937 2
1599 1648 10
1599 1654 8
1599 1774 1
1599 1822 6
1599 1975 8
1599 2314 5
1599 2334 2
1599 2520 7
1599 2540 8
1599 2714 2
1599 2740 6
1599 2800 9
1599 2835 8
1599 2880 5
1600 1768 7
1600 1795 9
1600 1829 6
1600 2165 5
1600 2483 6
1600 2507 5
1600 2557 4
1600 2585 3
1600 2762 10
1600 2791 7
1600 2850 4
1600 2879 1
1601 1815 3
1601 1984 8
1601 2217 9
1601 2249 2
1601 2311 8
1601 2545 3
1601 2897 8
1602 1609 4
1602 1645 10
1602 1742 1
1602 2154 8
1602 2189 3
1602 2288 2
1602 2302 3
1602 2339 7
1602 2397 9
1602 2661 6
1602 2669 1
1602 2694 8
1602 2772 4
1602 2775 2
1602 2974 8
1603 1695 1
1603 1809 6
1603 2152 5
1603 2350 5
1603 2353 1
1603 2395 5
1603 2956 3
1604 1628 4
1604 1651 10
1604 1698 6
1604 1705 6
1604 1717 10
1604 1727 7
1604 1834 1
1604 1868 4
1604 1938 3
1604 1987 8
1604 2036 3
1604 2178 10
1604 2327 2
1604 2357 6
1604 2384 8
1604 2410 5
1604 2425 3
1604 2442 10
1604 2457 6
1604 2612 6
1604 2665 5
1604 2681 8
1604 2714 2
1604 2996 5
1605 1627 1
1605 1747 3
1605 2043 2
1605 2110 6
1605 2113 8
1605 2190 7
1605 2218 8
1605 2228 10
1605 2314 2
1605 2356 5
1605 2487 6
1605 2628 5
1606 1944 8
1606 1975 9
1606 1986 10
1606 2016 9
1606 2264 2
1606 2368 4
1606 2381 8
1606 2532 6
1606 2567 8
1606 2727 7
1606 2738 4
1606 2895 10
1607 1780 9
1607 1794 3
1607 1851 10
1607 2206 9
1607 2317 5
1607 2354 4
1607 2399 9
1607 2500 2
1607 2634 10
1607 2641 9
1607 2649 2
1607 2699 7
1607 2712 6
1607 2750 9
1607 2761 7
1607 2786 9
1607 2876 4
1607 2877 5
1608 1892 1
1608 1912 7
1608 1963 1
1608 2100 8
1608 2112 4
1608 2122 1
1608 2211 6
1608 2309 2
1608 2358 10
1608 2362 8
1608 2457 10
1608 2511 9
1608 2548 6
1608 2552 4
1608 2592 8
1608 2825 9
1608 2830 6
1608 2864 4
1608 2996 9
1609 1701 5
1609 1805 3
1609 2069 3
1609 2091 2
1609 2109 6
1609 2152 2
1609 2214 5
1609 2314 8
1609 2390 8
1609 2497 4
1609 2504 8
1609 2547 8
1609 2568 10
1609 2612 7
1609 2677 10
1609 2988 9
1610 1634 3
1610 1648 2
1610 1691 10
1610 1976 8
1610 2172 6
1610 2400 7
1610 2574 10
1610 2599 3
1610 2697 7
1610 2707 1
1610 2841 4
1610 2912 4
1610 2973 1
1611 1724 9
1611 1753 1
1611 1820 10
1611 1970 3
1611 2066 2
1611 2094 7
1611 2119 7
1611 2133 6
1611 2201 7
1611 2551 4
1611 2639 4
1611 2656 6
1611 2742 5
1611 2954 8
1612 1621 1
1612 1676 8
1612 1901 5
1612 2062 9
1612 2078 10
1612 2092 6
1612 2298 6
1612 2303 7
1612 2451 10
1612 2476 1
1612 2622 5
1612 2629 5
1612 2918 8
1612 2996 3
1613 1664 6
1613 1778 9
1613 1975 10
1613 2191 4
1613 2211 2
1613 2247 7
1613 2406 3
1613 2431 5
1613 2566 1
1613 2598 1
1613 2666 8
1613 2771 1
1613 2925 4
1613 2928 5
1614 1632 9
1614 1663 1
1614 1667 7
1614 1692 10
1614 1816 10
1614 1999 8
1614 2219 5
1614 2311 5
1614 2338 7
1614 2344 4
1614 2378 3
1614 2669 2
1614 2873 2
1614 2929 9
1615 1666 5
1615 1684 6
1615 1695 7
1615 1769 3
1615 1879 5
1615 2075 7
1615 2178 8
1615 2220 2
1615 2256 1
1615 2459 6
1615 2771 4
1615 2776 4
1616 1933 8
1616 2123 3
1616 2277 2
1616 2419 3
1616 2537 2
1616 2641 2
1616 2699 8
1616 2707 1
1616 2729 8
1616 2778 9
1616 2793 3
1616 2930 3
1616 2941 2
1617 1622 8
1617 1641 5
1617 1889 4
1617 2180 10
1617 2367 10
1617 2384 8
1617 2500 6
1617 2517 8
1617 2645 3
1617 2653 10
1617 2671 8
1617 2936 3
1618 1626 1
1618 1692 6
1618 1734 10
1618 1798 1
1618 1815 7
1618 1941 5
1618 2224 4
1618 2421 9
1618 2550 3
1618 2738 8
1618 2969 3
1619 2297 2
1619 2426 4
1619 2548 9
1619 2777 6
1619 2780 7
1619 2926 1
1619 2994 3
1620 1874 8
1620 2079 5
1620 2135 9
1620 2223 5
1620 2467 5
1620 2680 2
1620 2727 2
1620 2763 3
1620 2813 3
1620 2849 2
1620 2956 1
1621 1637 10
1621 1672 6
1621 1720 1
1621 1902 5
1621 1959 9
1621 2012 5
1621 2158 10
1621 2276 1
1621 2308 2
1621 2354 10
1621 2533 2
1621 2689 5
1621 2941 9
1622 1650 6
1622 1996 5
1622 1999 10
1622 2477 9
1622 2533 6
1622 2579 9
1622 2616 5
1622 2837 1
1622 2852 3
1622 2903 8
1623 1711 3
1623 1728 1
1623 1776 5
1623 1852 6
1623 2023 5
1623 2037 6
1623 2057 6
1623 2081 1
1623 2120 3
1623 2246 1
1623 2329 4
1623 2337 1
1623 2342 2
1623 2372 8
1623 2438 3
1623 2596 4
1623 2636 7
1623 2777 4
1623 2789 2
1623 2903 1
1623 2996 7
1624 1648 7
1624 1650 4
1624 1724 9
1624 1760 5
1624 1917 3
1624 1966 9
1624 1974 5
1624 2065 6
1624 2111 10
1624 2152 8
1624 2198 5
1624 2214 3
1624 2351 3
1624 2385 6
1624 2432 5
1624 2590 8
1624 2594 4
1624 2656 4
1624 2659 7
1624 2732 7
1624 2833 2
1624 2915 1
1625 1712 2
1625 1852 3
1625 2001 5
1625 2056 1
1625 2231 5
1625 2278 9
1625 2283 5
1625 2316 1
1625 2622 8
1625 2623 8
1625 2695 6
1625 2910 2
1625 2931 3
1626 1631 2
1626 1674 9
1626 1778 10
1626 1843 7
1626 2033 2
1626 2052 7
1626 2064 9
1626 2126 9
1626 2139 6
1626 2140 10
1626 2234 3
1626 2254 4
1626 2580 1
1626 2589 5
1626 2604 1
1626 2661 5
1626 2670 8
1626 2755 4
1626 2774 9
1626 2879 4
1626 2916 1
1627 1697 7
1627 1998 4
1627 2322 4
1627 2418 1
1627 2510 4
1627 2592 3
1627 2632 4
1627 2647 3
1627 2686 4
1627 2691 6
1627 2810 2
1627 2829 2
1627 2930 9
1627 2961 3
1627 2962 8
1628 1692 9
1628 1779 1
1628 2059 5
1628 2103 9
1628 2172 1
1628 2240 4
1628 2270 8
1628 2393 3
1628 2514 7
1628 2668 10
1628 2735 2
1628 2799 10
1628 2828 5
1628 2835 5
1628 2879 5
1629 1687 1
1629 1748 9
1629 1806 1
1629 2014 2
1629 2092 5
1629 2106 4
1629 2223 10
1629 2239 6
1629 2262 1
1629 2272 9
1629 2306 10
1629 2459 1
1629 2525 5
1629 2624 4
1629 2851 1
1629 2899 9
1629 2927 5
1629 2997 1
1630 1681 8
1630 2006 4
1630 2182 6
1630 2326 6
1630 2338 4
1630 2772 1
1630 2877 6
1630 2886 8
1630 2958 9
1631 2043 3
1631 2102 4
1631 2137 8
1631 2248 5
1631 2329 1
1631 2413 8
1631 2497 1
1631 2513 4
1631 2522 6
1631 2608 10
1631 2655 5
1631 2910 2
1631 2953 2
1632 1640 8
1632 1668 8
1632 1761 10
1632 1811 6
1632 1893 1
1632 1948 7
1632 2088 7
1632 2146 5
1632 2158 8
1632 2294 10
1632 2362 4
1632 2383 1
1632 2549 7
1632 2571 5
1632 2728 10
1632 2814 10
1632 2892 7
1633 1643 1
1633 1794 7
1633 1829 7
1633 1989 3
1633 2040 4
1633 2043 6
1633 2093 9
1633 2301 5
1633 2396 1
1633 2414 5
1633 2421 1
1633 2543 2
1633 2622 3
1633 2781 8
1633 2803 1
1633 2891 4
1634 1668 5
1634 1723 7
1634 1780 1
1634 1853 5
1634 1947 8
1634 1968 6
1634 2208 5
1634 2329 2
1634 2615 3
1634 2662 10
1634 2790 4
1634 2848 3
1634 2888 1
1634 2981 7
1635 1853 2
1635 1875 4
1635 1926 6
1635 1995 4
1635 2033 1
1635 2111 2
1635 2130 6
1635 2201 10
1635 2354 2
1635 2633 9
1635 2801 3
1635 2871 1
1636 1643 4
1636 1863 3
1636 1978 3
1636 2011 7
1636 2032 7
1636 2077 2
1636 2157 5
1636 2213 7
1636 2223 7
1636 2260 5
1636 2278 7
1636 2321 9
1636 2341 5
1636 2358 10
1636 2383 7
1636 2432 5
1636 2448 1
1636 2499 3
1636 2540 5
1636 2703 2
1636 2737 4
1636 2739 5
1636 2760 4
1637 1715 6
1637 1809 10
1637 1878 3
1637 2015 4
1637 2112 7
1637 2172 6
1637 2259 10
1637 2384 1
1637 2481 10
1637 2532 9
1637 2908 1
1637 2942 4
1638 1691 8
1638 2045 5
1638 2050 9
1638 2103 4
1638 2137 2
1638 2325 3
1638 2351 3
1638 2418 2
1638 2448 1
1638 2455 1
1638 2607 5
1638 2683 2
1638 2802 10
1638 2838 10
1639 1643 4
1639 1725 2
1639 1869 4
1639 2120 2
1639 2127 9
1639 2214 4
1639 2540 3
1639 2582 7
1639 2705 10
1639 2802 6
1639 2864 9
1639 2970 9
1640 1692 3
1640 1711 3
1640 1716 9
1640 1772 2
1640 1829 5
1640 1861 5
1640 1900 6
1640 2010 6
1640 2027 5
1640 2131 1
1640 2247 4
1640 2355 2
1640 2404 3
1640 2520 5
1640 2662 9
1640 2860 5
1640 2878 2
1640 2997 2
1641 1808 7
1641 1876 3
1641 2082 5
1641 2131 6
1641 2525 10
1641 2552 5
1641 2619 5
1641 2640 6
1641 2797 2
1641 2827 1
1641 2860 3
1641 2995 8
1642 1664 6
1642 1678 9
1642 1868 3
1642 1932 5
1642 1989 7
1642 2021 2
1642 2123 5
1642 2171 7
1642 2236 1
1642 2266 1
1642 2288 6
1642 2392 1
1642 2427 1
1642 2450 8
1642 2452 4
1642 2691 5
1642 2702 10
1642 2747 6
1642 2821 9
1642 2950 2
1643 1644 3
1643 1712 5
1643 1809 1
1643 1901 2
1643 2013 10
1643 2153 9
1643 2305 3
1643 2402 6
1643 2654 5
1643 2855 5
1643 2892 8
1644 1672 3
1644 1923 3
1644 2097 3
1644 2164 10
1644 2267 4
1644 2467 1
1644 2538 2
1644 2687 7
1644 2716 3
1645 2059 5
1645 2210 6
1645 2298 6
1645 2321 3
1645 2379 2
1645 2416 5
1645 2593 4
1645 2664 5
1645 2680 9
1645 2725 8
1645 2863 4
1645 2923 6
1646 1675 1
1646 1752 5
1646 1769 1
1646 1862 8
1646 1914 8
1646 2158 6
1646 2325 4
1646 2398 7
1646 2403 10
1646 2404 3
1646 2432 9
1646 2495 2
1646 2539 8
1646 2681 5
1646 2772 10
1646 2804 10
1646 2935 2
1647 1884 8
1647 2264 5
1647 2319 6
1647 2321 9
1647 2586 7
1647 2590 6
1647 2880 10
1647 2924 7
1648 1665 8
1648 1737 1
1648 1975 4
1648 2013 8
1648 2046 9
1648 2053 6
1648 2158 8
1648 2266 7
1648 2320 5
1648 2375 5
1648 2513 5
1648 2533 2
1648 2559 9
1648 2564 3
1649 1662 5
1649 1884 1
1649 1968 10
1649 2230 9
1649 2246 8
1649 2288 7
1649 2586 1
1649 2633 10
1649 2671 10
1649 2800 6
1649 2858 8
1649 2929 5
1649 2973 1
1649 2987 7
1650 1663 2
1650 1694 9
1650 1742 2
1650 1773 3
1650 1955 7
1650 2127 1
1650 2136 9
1650 2138 5
1650 2230 6
1650 2305 8
1650 2320 10
1650 2782 2
1650 2874 6
1650 2920 6
1650 2955 1
1651 1680 7
1651 1710 1
1651 1798 7
1651 1875 10
1651 2015 5
1651 2245 8
1651 2253 1
1651 2315 8
1651 2328 3
1651 2565 1
1651 2735 6
1652 1788 9
1652 1875 7
1652 1955 9
1652 2020 10
1652 2359 2
1652 2527 10
1652 2562 3
1652 2563 8
1652 2687 1
1652 2760 10
1652 2845 6
1653 1702 1
1653 1828 10
1653 1946 9
1653 2045 5
1653 2136 9
1653 2177 2
1653 2209 4
1653 2277 2
1653 2409 10
1653 2556 5
1653 2573 1
1653 2614 1
1653 2681 3
1653 2767 10
1654 1887 6
1654 2026 10
1654 2064 8
1654 2290 4
1654 2297 3
1654 2352 4
1654 2369 5
1654 2422 1
1654 2547 1
1654 2692 7
1654 2706 8
1654 2745 4
1654 2890 7
1654 2918 7
1654 2945 4
1655 1804 3
1655 1872 1
1655 1941 9
1655 2073 1
1655 2151 9
1655 2171 1
1655 2260 6
1655 2359 4
1655 2366 10
1655 2419 5
1655 2423 5
1655 2777 4
1655 2960 4
1656 1689 5
1656 1691 4
1656 1802 10
1656 1818 1
1656 1932 7
1656 2348 5
1656 2476 7
1656 2557 6
1656 2564 10
1656 2700 4
1656 2764 2
1656 2771 10
1656 2772 8
1656 2795 7
1656 2914 9
1657 1764 9
1657 1787 7
1657 1801 4
1657 1815 10
1657 1859 2
1657 1940 5
1657 2073 3
1657 2277 4
1657 2618 6
1657 2807 5
1657 2956 8
1658 1719 3
1658 1910 1
1658 2013 8
1658 2048 2
1658 2144 9
1658 2309 7
1658 2363 8
1658 2395 4
1658 2551 3
1658 2584 3
1658 2653 7
1658 2674 2
1658 2987 9
1659 1739 10
1659 1791 3
1659 1814 7
1659 1975 7
1659 2017 8
1659 2018 10
1659 2108 6
1659 2271 8
1659 2272 9
1659 2385 10
1659 2409 6
1659 2592 2
1659 2637 1
1659 2718 10
1659 2907 5
1660 1730 6
1660 1816 9
1660 1972 3
1660 1990 4
1660 2045 8
1660 2177 10
1660 2265 7
1660 2450 1
1660 2550 6
1660 2556 7
1660 2562 4
1660 2586 6
1660 2759 6
1661 1697 8
1661 1770 2
1661 1787 10
1661 2104 1
1661 2132 3
1661 2146 5
1661 2151 1
1661 2173 5
1661 2300 5
1661 2450 6
1661 2704 1
1661 2809 4
1661 2859 1
1661 2947 1
1661 2948 10
1662 1782 9
1662 1951 3
1662 1969 7
1662 2039 8
1662 2104 6
1662 2133 2
1662 2202 7
1662 2258 8
1662 2353 2
1662 2499 9
1662 2607 8
1662 2608 10
1662 2860 10
1662 2868 10
1662 2951 9
1662 2967 2
1663 1703 3
1663 1713 2
1663 1757 1
1663 2217 6
1663 2224 3
1663 2239 10
1663 2290 7
1663 2448 6
1663 2452 5
1663 2790 6
1663 2867 3
1663 2876 2
1663 2954 9
1664 1760 2
1664 1884 8
1664 1923 2
1664 2148 9
1664 2555 5
1664 2678 10
1664 2756 10
1664 2758 2
1664 2856 1
1665 1676 2
1665 1769 2
1665 1808 7
1665 1856 1
1665 2109 5
1665 2169 3
1665 2280 2
1665 2645 4
1665 2730 8
1665 2945 1
1665 2997 1
1666 1698 8
1666 1845 5
1666 1860 10
1666 1878 6
1666 2114 6
1666 2169 2
1666 2189 6
1666 2433 6
1666 2521 2
1666 2549 7
1666 2881 2
1666 2893 2
1666 2954 1
1667 1704 10
1667 1724 4
1667 1832 5
1667 1850 4
1667 2335 6
1667 2629 8
1667 2658 2
1667 2772 3
1667 2864 2
1667 2980 10
1668 1689 3
1668 1703 1
1668 1757 10
1668 1766 5
1668 1803 9
1668 1889 1
1668 2000 1
1668 2091 5
1668 2122 7
1668 2237 7
1668 2284 7
1668 2322 9
1668 2421 2
1668 2436 10
1668 2488 10
1668 2512 4
1668 2514 10
1668 2527 3
1668 2689 4
1668 2707 6
1668 2808 10
1668 2879 9
1668 2987 7
1669 1752 4
1669 1779 2
1669 1806 2
1669 1933 3
1669 2011 1
1669 2146 7
1669 2150 5
1669 2262 4
1669 2296 8
1669 2302 2
1669 2315 8
1669 2469 1
1669 2477 4
1669 2578 4
1669 2862 10
1669 2982 10
1670 1836 7
1670 2074 5
1670 2081 3
1670 2139 1
1670 2282 9
1670 2465 9
1670 2550 6
1670 2595 9
1670 2689 3
1670 2700 4
1670 2737 7
1670 2800 7
1670 2815 10
1670 2852 7
1670 2872 1
1671 1808 10
1671 1920 1
1671 1947 1
1671 1980 10
1671 1981 6
1671 2099 2
1671 2228 7
1671 2268 10
1671 2301 6
1671 2398 9
1671 2402 7
1671 2475 6
1671 2483 9
1671 2493 2
1671 2524 2
1671 2578 1
1671 2673 8
1671 2745 2
1671 2801 2
1671 2887 5
1671 2889 1
1671 2893 8
1671 2903 9
1671 2961 10
1672 1698 4
1672 1702 1
1672 1789 1
1672 1838 6
1672 1948 8
1672 2008 3
1672 2197 5
1672 2201 9
1672 2309 5
1672 2351 8
1672 2377 4
1672 2527 9
1672 2557 3
1672 2609 8
1672 2819 7
1672 2853 5
1672 2953 10
1672 2990 5
1673 1772 6
1673 1807 8
1673 1879 6
1673 2019 4
1673 2281 5
1673 2336 6
1673 2431 4
1673 2440 7
1673 2484 6
1673 2516 4
1673 2717 3
1674 1836 2
1674 1849 1
1674 1942 6
1674 2101 7
1674 2213 10
1674 2271 5
1674 2354 2
1674 2385 10
1674 2405 5
1674 2448 6
1674 2491 8
1674 2511 6
1674 2597 1
1674 2613 9
1674 2638 2
1674 2855 8
1675 1818 2
1675 2040 1
1675 2145 3
1675 2392 2
1675 2510 1
1675 2516 2
1675 2577 4
1675 2721 10
1675 2855 6
1675 2857 6
1675 2991 2
1676 1729 3
1676 1796 1
1676 1920 10
1676 2158 7
1676 2220 10
1676 2237 4
1676 2449 7
1676 2501 2
1676 2537 8
1676 2567 4
1676 2773 9
1676 2814 1
1676 2847 7
1676 2865 8
1676 2888 3
1677 1932 6
1677 2057 1
1677 2092 4
1677 2127 6
1677 2231 5
1677 2316 2
1677 2334 1
1677 2406 10
1677 2550 1
1677 2568 8
1677 2648 5
1677 2659 5
1677 2687 5
1677 2729 2
1678 1737 2
1678 1860 4
1678 1902 2
1678 2004 2
1678 2164 4
1678 2270 9
1678 2384 10
1678 2448 6
1678 2612 2
1678 2658 4
1678 2779 9
1678 2905 5
1678 2917 9
1679 1718 6
1679 1836 3
1679 2047 10
1679 2057 6
1679 2063 9
1679 2092 1
1679 2122 10
1679 2153 10
1679 2257 5
1679 2295 7
1679 2540 3
1679 2762 8
1679 2821 2
1679 2827 7
1679 2830 3
1679 2941 4
1680 1793 7
1680 1914 5
1680 1927 4
1680 1998 7
1680 2039 5
1680 2094 7
1680 2310 8
1680 2445 1
1680 2588 4
1680 2652 3
1680 2702 8
1680 2798 8
1681 1771 2
1681 1843 5
1681 2311 10
1681 2328 9
1681 2435 6
1681 2577 8
1681 2636 6
1681 2637 7
1681 2699 5
1681 2784 1
1681 2825 7
1682 1691 7
1682 1747 9
1682 1787 10
1682 1931 6
1682 1978 7
1682 2142 5
1682 2173 2
1682 2223 9
1682 2265 9
1682 2517 10
1682 2580 5
1682 2791 8
1682 2801 7
1682 2861 5
1682 2958 8
1683 1689 10
1683 1702 4
1683 1859 6
1683 1984 10
1683 2115 6
1683 2293 6
1683 2356 1
1683 2386 2
1683 2413 4
1683 2436 6
1683 2572 1
1683 2582 4
1683 2653 8
1683 2699 6
1683 2763 1
1683 2940 7
1684 1792 8
1684 1795 9
1684 2209 10
1684 2213 8
1684 2224 8
1684 2300 2
1684 2508 7
1684 2735 10
1684 2780 3
1685 1725 6
1685 1753 2
1685 1764 2
1685 1765 7
1685 1770 3
1685 1795 5
1685 1971 10
1685 2182 8
1685 2215 5
1685 2236 10
1685 2612 8
1685 2876 7
1685 2886 5
1685 2942 5
1686 1765 4
1686 1878 5
1686 1882 10
1686 1940 10
1686 2028 10
1686 2094 3
1686 2102 1
1686 2246 10
1686 2329 6
1686 2414 2
1686 2495 5
1686 2533 3
1686 2643 8
1686 2926 10
1686 2967 2
1687 1879 3
1687 1908 2
1687 1970 4
1687 2457 4
1687 2460 8
1687 2513 4
1687 2553 3
1687 2648 7
1687 2726 6
1687 2881 3
1687 2909 1
1688 1780 4
1688 1888 5
1688 1898 4
1688 2171 8
1688 2266 6
1688 2279 2
1688 2425 6
1688 2447 1
1688 2564 7
1688 2948 8
1688 2956 5
1688 2960 1
1688 2977 8
1689 1843 1
1689 1955 7
1689 1980 10
1689 2004 8
1689 2063 2
1689 2201 4
1689 2277 8
1689 2280 4
1689 2416 6
1689 2554 9
1689 2629 8
1689 2711 7
1689 2764 7
1689 2964 8
1689 2984 9
1690 1812 10
1690 2287 5
1690 2428 5
1690 2843 5
1690 2866 3
1690 2946 2
1690 2956 6
1691 1693 10
1691 1725 8
1691 1855 10
1691 2029 6
1691 2079 4
1691 2080 4
1691 2224 8
1691 2297 6
1691 2496 1
1691 2512 7
1691 2568 10
1691 2663 6
1691 2737 10
1691 2870 6
1691 2879 3
1691 2909 4
1691 2910 4
1692 1696 5
1692 1720 9
1692 1743 8
1692 1827 1
1692 2047 5
1692 2120 6
1692 2290 2
1692 2359 3
1692 2579 10
1692 2925 8
1692 2958 6
1693 1710 6
1693 1752 6
1693 1939 8
1693 2230 6
1693 2350 8
1693 2521 10
1693 2528 2
1693 2533 4
1693 2625 7
1693 2726 8
1693 2761 6
1693 2765 7
1693 2844 1
1694 1855 4
1694 1919 7
1694 2109 4
1694 2116 10
1694 2130 2
1694 2221 3
1694 2255 8
1694 2352 9
1694 2488 9
1694 2498 8
1694 2535 5
1694 2561 3
1694 2702 3
1694 2763 9
1694 2777 6
1695 1769 5
1695 1771 9
1695 1952 9
1695 2041 5
1695 2162 1
1695 2167 1
1695 2296 8
1695 2351 10
1695 2567 5
1695 2713 4
1695 2816 5
1695 2877 9
1696 1763 7
1696 1775 1
1696 1795 4
1696 1869 1
1696 1977 10
1696 2101 9
1696 2104 6
1696 2173 6
1696 2270 7
1696 2392 7
1696 2418 2
1696 2426 6
1696 2528 5
1696 2579 7
1696 2762 8
1696 2811 2
1696 2978 9
1697 1753 6
1697 1839 5
1697 2050 1
1697 2493 7
1697 2580 6
1697 2667 9
1697 2686 5
1697 2759 3
1697 2834 1
1697 2893 8
1698 1949 4
1698 1980 10
1698 2347 9
1698 2413 1
1698 2548 2
1698 2657 9
1698 2701 5
1698 2707 10
1698 2779 8
1698 2906 1
1698 2925 10
1698 2967 1
1699 1866 2
1699 1885 4
1699 1966 5
1699 2076 4
1699 2219 1
1699 2362 9
1699 2464 1
1699 2701 9
1699 2732 2
1700 1801 4
1700 1850 3
1700 1888 8
1700 2235 1
1700 2402 2
1700 2403 5
1700 2430 7
1700 2446 5
1700 2743 2
1700 2746 5
1700 2904 4
1700 2910 2
1701 1705 2
1701 1748 5
1701 1902 5
1701 1968 6
1701 1972 9
1701 2021 3
1701 2326 4
1701 2359 6
1701 2543 5
1701 2640 6
1701 2670 8
1702 1880 8
1702 1920 2
1702 2097 2
1702 2140 5
1702 2290 7
1702 2387 3
1702 2462 7
1702 2789 6
1702 2802 4
1702 2804 3
1702 2941 2
1702 2943 10
1703 1820 1
1703 1948 9
1703 1956 3
1703 1985 2
1703 2052 7
1703 2245 10
1703 2439 10
1703 2448 9
1703 2459 3
1703 2561 5
1703 2575 3
1703 2897 3
1704 1790 3
1704 1857 10
1704 2036 10
1704 2081 2
1704 2093 3
1704 2135 3
1704 2186 4
1704 2255 2
1704 2728 3
1704 2763 3
1704 2878 1
1704 2886 3
1704 2932 5
1705 1780 8
1705 1837 1
1705 1893 9
1705 2122 6
1705 2200 5
1705 2202 6
1705 2209 5
1705 2263 2
1705 2310 7
1705 2337 7
1705 2426 9
1705 2586 2
1705 2626 2
1705 2665 10
1706 1964 6
1706 2135 1
1706 2393 6
1706 2412 1
1706 2419 6
1706 2488 5
1706 2503 5
1706 2573 7
1706 2743 6
1706 2959 4
1706 2980 4
1707 1718 8
1707 1862 5
1707 1912 4
1707 1946 4
1707 1964 5
1707 1990 4
1707 2020 10
1707 2051 4
1707 2105 5
1707 2114 6
1707 2186 6
1707 2270 2
1707 2553 7
1707 2559 7
1707 2598 9
1707 2599 1
1707 2708 3
1707 2857 2
1707 2930 6
1708 1742 10
1708 1870 10
1708 1889 10
1708 1960 2
1708 1977 2
1708 2126 4
1708 2142 2
1708 2196 2
1708 2215 2
1708 2360 1
1708 2376 3
1708 2397 8
1708 2539 4
1708 2574 3
1708 2671 4
1708 2721 5
1708 2730 5
1708 2985 8
1709 1762 4
1709 1802 2
1709 1814 9
1709 1902 6
1709 2020 8
1709 2148 10
1709 2279 5
1709 2510 3
1709 2526 1
1709 2542 2
1709 2586 8
1709 2765 6
1709 2866 9
1709 2966 9
1710 1848 8
1710 1923 1
1710 1982 2
1710 2097 4
1710 2107 10
1710 2221 2
1710 2351 1
1710 2491 7
1710 2567 4
1710 2743 7
1710 2812 9
1711 1764 7
1711 2025 4
1711 2163 1
1711 2265 3
1711 2336 2
1711 2450 2
1711 2456 7
1711 2542 8
1711 2584 4
1711 2650 2
1711 2679 6
1711 2756 7
1711 2777 9
1711 2827 10
1711 2940 2
1712 1732 10
1712 1753 2
1712 2093 8
1712 2137 10
1712 2189 10
1712 2210 4
1712 2280 8
1712 2285 6
1712 2288 3
1712 2540 8
1712 2682 9
1712 2704 1
1712 2734 6
1712 2750 10
1712 2762 4
1712 2846 6
1712 2890 9
1713 1784 8
1713 1906 5
1713 2045 7
1713 2119 5
1713 2125 6
1713 2156 8
1713 2310 7
1713 2334 3
1713 2393 9
1713 2485 2
1713 2532 2
1713 2580 2
1713 2783 1
1713 2820 4
1713 2899 9
1714 1986 9
1714 2010 1
1714 2024 6
1714 2092 9
1714 2119 5
1714 2148 4
1714 2228 5
1714 2262 3
1714 2313 1
1714 2481 5
1714 2546 7
1714 2657 6
1714 2687 7
1714 2770 3
1714 2919 3
1715 1889 9
1715 2028 7
1715 2438 7
1715 2630 9
1715 2701 5
1715 2953 3
1716 1947 8
1716 2024 3
1716 2035 10
1716 2048 9
1716 2074 9
1716 2281 10
1716 2395 3
1716 2547 5
1716 2559 4
1716 2629 9
1716 2690 9
1716 2747 3
1716 2823 10
1717 1718 9
1717 2011 3
1717 2401 2
1717 2484 7
1717 2496 10
1717 2548 9
1717 2575 4
1717 2627 2
1717 2652 4
1717 2971 9
1718 1933 10
1718 1953 2
1718 1959 6
1718 1970 5
1718 2012 3
1718 2019 6
1718 2087 4
1718 2462 6
1718 2490 5
1718 2566 4
1718 2708 1
1718 2801 8
1718 2813 7
1718 2850 3
1718 2936 4
1719 1753 6
1719 1969 10
1719 2056 5
1719 2205 9
1719 2245 3
1719 2347 10
1719 2369 10
1719 2402 1
1719 2419 6
1719 2649 1
1719 2679 3
1719 2737 1
1720 1756 5
1720 2094 10
1720 2095 8
1720 2286 7
1720 2361 3
1720 2377 8
1720 2411 2
1720 2702 5
1720 2732 2
1720 2793 5
1720 2796 9
1720 2827 10
1720 2897 5
1720 2946 2
1720 2969 10
1721 1790 9
1721 1802 6
1721 1873 5
1721 1914 10
1721 2025 6
1721 2069 2
1721 2073 4
1721 2120 6
1721 2130 10
1721 2201 8
1721 2306 1
1721 2326 5
1721 2346 2
1721 2430 7
1721 2462 10
1721 2463 9
1721 2630 1
1721 2689 4
1721 2773 2
1721 2983 8
1722 1801 2
1722 1808 7
1722 1934 10
1722 2090 8
1722 2182 1
1722 2274 1
1722 2287 7
1722 2382 6
1722 2402 10
1722 2468 5
1722 2690 3
1722 2703 10
1722 2772 8
1722 2861 4
1723 1787 8
1723 1797 4
1723 1964 1
1723 2014 1
1723 2078 8
1723 2316 4
1723 2347 7
1723 2427 10
1723 2433 6
1723 2437 3
1723 2481 2
1723 2502 3
1723 2572 6
1723 2795 3
1723 2965 3
1723 2999 8
1724 1854 5
1724 1977 7
1724 2011 5
1724 2053 10
1724 2691 9
1724 2729 3
1724 2797 1
1724 2820 6
1724 2859 5
1724 2960 10
1725 1864 4
1725 1946 1
1725 2198 5
1725 2369 7
1725 2535 7
1725 2645 4
1725 2672 5
1725 2860 9
1726 1731 10
1726 1777 8
1726 1799 1
1726 1968 6
1726 2134 5
1726 2164 4
1726 2301 3
1726 2555 10
1726 2565 5
1726 2717 2
1726 2972 6
1727 1850 10
1727 1867 9
1727 1884 7
1727 2089 9
1727 2256 10
1727 2379 3
1727 2634 9
1727 2638 2
1727 2659 6
1727 2677 4
1727 2695 10
1727 2739 3
1727 2877 5
1727 2951 9
1727 2968 7
1728 1778 6
1728 1786 5
1728 1867 7
1728 1878 6
1728 1886 10
1728 1948 4
1728 2103 6
1728 2209 1
1728 2237 8
1728 2318 5
1728 2468 6
1728 2574 1
1728 2638 10
1728 2751 2
1728 2769 1
1728 2993 3
1729 1752 9
1729 1764 10
1729 1792 2
1729 1904 3
1729 1967 8
1729 2058 7
1729 2125 2
1729 2165 10
1729 2273 9
1729 2558 7
1729 2793 10
1729 2883 6
1729 2949 1
1729 2979 9
1730 2153 5
1730 2346 6
1730 2474 8
1730 2571 9
1730 2707 2
1730 2798 7
1730 2873 4
1730 2899 3
1730 2933 10
1730 2973 8
1731 1964 6
1731 2190 7
1731 2347 4
1731 2386 9
1731 2480 2
1731 2590 5
1731 2824 10
1731 2851 7
1731 2896 5
1731 2910 1
1732 1749 2
1732 1801 4
1732 1918 3
1732 2045 8
1732 2147 9
1732 2373 7
1732 2464 5
1732 2714 1
1732 2723 10
1732 2728 4
1732 2757 1
1732 2796 1
1732 2916 4
1732 2929 1
1733 1763 4
1733 1793 9
1733 1884 5
1733 2062 2
1733 2240 10
1733 2244 1
1733 2249 2
1733 2266 6
1733 2328 8
1733 2432 10
1733 2434 3
1733 2460 1
1733 2511 4
1733 2694 8
1733 2695 10
1733 2768 9
1733 2932 5
1733 2990 1
1734 1922 1
1734 2136 1
1734 2181 10
1734 2229 5
1734 2244 8
1734 2777 6
1734 2812 6
1734 2817 7
1735 1836 6
1735 1897 6
1735 2063 9
1735 2064 8
1735 2143 9
1735 2236 1
1735 2254 4
1735 2390 4
1735 2644 8
1735 2727 2
1735 2728 7
1736 1805 1
1736 1883 7
1736 1901 10
1736 2391 3
1736 2578 9
1736 2732 2
1736 2798 7
1736 2964 4
1737 1764 3
1737 1935 6
1737 1983 1
1737 2093 2
1737 2097 2
1737 2539 6
1738 1810 1
1738 1819 3
1738 1858 1
1738 1919 3
1738 2070 9
1738 2192 2
1738 2324 1
1738 2433 7
1738 2627 10
1738 2654 5
1738 2826 10
1738 2944 2
1738 2992 9
1739 1781 1
1739 1923 3
1739 2133 10
1739 2275 1
1739 2278 10
1739 2289 9
1739 2316 7
1739 2443 5
1739 2631 5
1739 2761 7
1739 2778 3
1739 2829 2
1739 2944 1
1740 1956 3
1740 2016 2
1740 2137 7
1740 2192 4
1740 2278 8
1740 2338 8
1740 2430 5
1740 2504 2
1740 2507 5
1740 2626 6
1740 2675 9
1740 2906 6
1741 1840 3
1741 1850 2
1741 1865 1
1741 1891 3
1741 2123 8
1741 2160 8
1741 2248 10
1741 2536 2
1741 2617 1
1741 2625 1
1741 2714 9
1741 2739 1
1741 2802 9
1741 2833 8
1741 2889 3
1741 2924 3
1742 2016 1
1742 2032 2
1742 2118 1
1742 2219 7
1742 2434 2
1742 2622 4
1742 2717 10
1742 2993 1
1743 1801 3
1743 1842 4
1743 1934 1
1743 1980 9
1743 2083 2
1743 2127 9
1743 2145 7
1743 2186 8
1743 2205 4
1743 2373 4
1743 2400 7
1743 2543 5
1743 2657 10
1743 2850 9
1743 2895 1
1744 1788 5
1744 1883 10
1744 1890 1
1744 1924 4
1744 1942 2
1744 1959 4
1744 2027 6
1744 2158 9
1744 2196 3
1744 2258 3
1744 2426 3
1744 2943 4
1745 1797 6
1745 1803 7
1745 1847 1
1745 1997 9
1745 2021 10
1745 2265 8
1745 2348 2
1745 2380 8
1745 2496 4
1745 2664 5
1745 2835 3
1746 1766 4
1746 1865 10
1746 2064 7
1746 2068 7
1746 2137 2
1746 2154 7
1746 2212 1
1746 2356 1
1746 2458 3
1746 2687 5
1746 2793 7
1746 2850 7
1747 1855 2
1747 1887 5
1747 1889 7
1747 1971 6
1747 1996 3
1747 2079 6
1747 2166 1
1747 2168 7
1747 2181 5
1747 2208 3
1747 2256 9
1747 2333 1
1747 2423 7
1747 2530 7
1747 2738 5
1747 2799 3
1747 2907 6
1747 2909 10
1748 1800 8
1748 1826 5
1748 2018 8
1748 2067 2
1748 2118 10
1748 2223 7
1748 2431 1
1748 2435 8
1748 2827 10
1748 2949 9
1749 1796 1
1749 1862 8
1749 1904 1
1749 1935 4
1749 1967 10
1749 2072 7
1749 2101 6
1749 2114 4
1749 2175 10
1749 2211 9
1749 2287 7
1749 2296 5
1749 2550 1
1749 2637 6
1749 2691 1
1749 2782 4
1749 2793 4
1749 2908 9
1749 2988 8
1750 2074 4
1750 2086 5
1750 2165 10
1750 2298 5
1750 2335 7
1750 2598 3
1750 2609 3
1750 2689 4
1751 1778 4
1751 1813 6
1751 1854 4
1751 2046 8
1751 2302 7
1751 2351 9
1751 2369 9
1751 2400 1
1751 2502 6
1751 2626 4
1751 2634 6
1751 2652 2
1751 2656 7
1751 2855 8
1751 2867 3
1751 2869 2
1751 2987 5
1752 1816 9
1752 1961 2
1752 2161 10
1752 2245 3
1752 2439 3
1752 2635 4
1752 2641 5
1752 2711 7
1752 2839 10
1752 2850 10
1752 2978 4
1753 1769 2
1753 1898 5
1753 1955 2
1753 2015 6
1753 2163 10
1753 2171 3
1753 2263 7
1753 2441 9
1753 2457 6
1753 2488 6
1753 2567 2
1753 2629 8
1753 2761 2
1753 2833 2
1753 2836 5
1754 1807 2
1754 1933 6
1754 1991 7
1754 2002 8
1754 2070 1
1754 2087 5
1754 2297 7
1754 2405 8
1754 2895 2
1754 2901 4
1755 2070 1
1755 2166 2
1755 2278 5
1755 2478 5
1755 2498 8
1755 2538 9
1755 2576 4
1755 2993 2
1756 1886 9
1756 1901 6
1756 2015 6
1756 2106 2
1756 2130 6
1756 2219 3
1756 2333 5
1756 2343 8
1756 2379 3
1756 2475 8
1756 2588 2
1756 2605 5
1756 2645 1
1756 2731 8
1757 1970 1
1757 1994 6
1757 1997 7
1757 2056 1
1757 2157 1
1757 2214 5
1757 2325 9
1757 2439 10
1757 2554 9
1757 2844 2
1757 2887 10
1757 2909 3
1757 2966 9
1758 1918 1
1758 1989 4
1758 2077 6
1758 2155 9
1758 2260 8
1758 2311 7
1758 2368 10
1758 2391 3
1758 2446 10
1758 2504 1
1758 2544 6
1758 2786 7
1758 2863 10
1758 2934 9
1759 1834 7
1759 1842 8
1759 1883 3
1759 1994 7
1759 2063 3
1759 2122 3
1759 2232 5
1759 2248 6
1759 2711 2
1760 1854 10
1760 1964 5
1760 2096 5
1760 2364 3
1760 2561 7
1760 2628 3
1760 2632 10
1760 2725 9
1760 2772 9
1760 2806 8
1761 1771 3
1761 2122 10
1761 2140 9
1761 2176 3
1761 2256 3
1761 2265 9
1761 2343 4
1761 2369 9
1761 2678 1
1761 2697 1
1761 2771 9
1761 2897 8
1762 1769 9
1762 1815 1
1762 1903 4
1762 1920 5
1762 1939 2
1762 2244 7
1762 2255 7
1762 2273 2
1762 2274 5
1762 2310 3
1762 2851 5
1762 2870 4
1762 2883 6
1762 2894 3
1763 1771 5
1763 1860 7
1763 1861 9
1763 1877 1
1763 1964 7
1763 2034 5
1763 2103 8
1763 2177 8
1763 2202 5
1763 2698 7
1763 2737 8
1763 2978 7
1764 1821 7
1764 1887 8
1764 2005 8
1764 2115 1
1764 2137 3
1764 2193 8
1764 2279 3
1764 2288 5
1764 2401 2
1764 2454 9
1764 2669 3
1764 2744 10
1764 2806 6
1764 2838 2
1764 2853 4
1764 2892 5
1764 2969 6
1765 1886 7
1765 1927 5
1765 1998 6
1765 2049 3
1765 2105 2
1765 2189 4
1765 2291 2
1765 2488 5
1765 2574 10
1765 2631 6
1765 2775 2
1765 2816 9
1765 2818 6
1765 2880 9
1765 2891 4
1766 2033 2
1766 2042 9
1766 2526 1
1766 2565 3
1766 2569 5
1766 2592 5
1767 1866 10
1767 1967 6
1767 2292 8
1767 2490 6
1767 2908 6
1767 2944 9
1768 1792 9
1768 1875 7
1768 1962 10
1768 2022 3
1768 2045 3
1768 2466 3
1768 2471 2
1768 2642 9
1768 2671 6
1768 2690 3
1768 2822 1
1768 2906 1
1768 2911 5
1769 1895 5
1769 2082 7
1769 2157 2
1769 2166 4
1769 2365 2
1769 2371 9
1769 2616 1
1769 2650 2
1769 2701 5
1769 2728 6
1769 2769 6
1769 2898 2
1769 2988 8
1770 1889 3
1770 2053 6
1770 2198 6
1770 2201 2
1770 2235 5
1770 2270 2
1770 2412 1
1770 2460 1
1770 2667 3
1771 1777 7
1771 1800 8
1771 1943 1
1771 2013 8
1771 2109 7
1771 2155 7
1771 2441 9
1771 2523 7
1771 2792 1
1771 2909 3
1771 2934 7
1772 1815 5
1772 1869 4
1772 1933 10
1772 2130 9
1772 2338 1
1772 2557 7
1772 2683 8
1772 2831 1
1772 2937 4
1772 2960 5
1773 1807 7
1773 1859 8
1773 1995 6
1773 2199 10
1773 2364 8
1773 2492 3
1773 2565 4
1773 2667 10
1773 2900 7
1773 2908 8
1773 2918 5
1774 1833 8
1774 1836 5
1774 2140 9
1774 2376 1
1774 2401 3
1774 2468 5
1774 2476 8
1774 2560 4
1774 2653 3
1774 2798 8
1774 2918 6
1774 2951 10
1775 1828 10
1775 1916 3
1775 2061 4
1775 2106 5
1775 2201 10
1775 2206 8
1775 2254 4
1775 2557 1
1775 2765 6
1775 2976 6
1776 1818 7
1776 1827 10
1776 1965 2
1776 2027 10
1776 2038 6
1776 2094 7
1776 2163 1
1776 2261 9
1776 2489 10
1776 2528 8
1776 2551 2
1776 2597 4
1776 2736 3
1777 1809 7
1777 2010 8
1777 2287 2
1777 2396 1
1777 2403 4
1777 2427 5
1777 2552 6
1777 2556 7
1777 2601 10
1777 2602 5
1777 2679 5
1777 2790 6
1777 2893 9
1778 1833 1
1778 1865 7
1778 2065 4
1778 2126 2
1778 2196 9
1778 2314 7
1778 2438 10
1778 2458 1
1778 2510 9
1778 2820 1
1778 2865 6
1778 2996 7
1779 1975 5
1779 1976 6
1779 1989 2
1779 2158 3
1779 2164 1
1779 2220 5
1779 2386 2
1779 2397 6
1779 2467 10
1779 2490 7
1779 2635 8
1779 2641 5
1779 2655 10
1779 2665 5
1779 2768 3
1779 2930 7
1779 2980 5
1780 2161 2
1780 2421 5
1780 2490 6
1780 2498 3
1780 2504 8
1780 2553 4
1780 2728 2
1780 2861 2
1780 2952 3
1780 2983 5
1781 1802 7
1781 1831 9
1781 2001 6
1781 2030 1
1781 2065 1
1781 2072 7
1781 2088 9
1781 2183 6
1781 2242 3
1781 2258 7
1781 2269 3
1781 2496 1
1781 2514 7
1781 2963 6
1782 1852 7
1782 1990 2
1782 2217 1
1782 2278 8
1782 2312 4
1782 2350 7
1782 2526 9
1782 2538 2
1782 2580 7
1782 2594 9
1782 2680 6
1782 2766 10
1782 2907 5
1783 1888 6
1783 1949 8
1783 2001 5
1783 2103 3
1783 2106 3
1783 2282 4
1783 2508 2
1783 2577 3
1783 2592 2
1783 2726 4
1783 2750 8
1783 2807 2
1783 2861 6
1784 1964 3
1784 2008 4
1784 2164 6
1784 2314 1
1784 2526 8
1784 2581 8
1784 2655 7
1784 2671 5
1784 2718 1
1784 2781 8
1784 2829 4
1785 1857 2
1785 1867 1
1785 1966 1
1785 2043 6
1785 2238 2
1785 2339 4
1785 2594 4
1785 2618 1
1785 2702 2
1785 2829 2
1785 2890 5
1785 2921 7
1785 2977 10
1786 1826 10
1786 1910 10
1786 1964 7
1786 2016 6
1786 2032 6
1786 2064 4
1786 2128 7
1786 2160 9
1786 2174 8
1786 2216 3
1786 2323 9
1786 2471 1
1786 2506 9
1786 2659 9
1786 2753 2
1786 2879 8
1786 2941 4
1787 1850 5
1787 2117 5
1787 2227 1
1787 2449 6
1787 2497 8
1787 2541 5
1787 2576 3
1787 2802 5
1788 1860 2
1788 1995 1
1788 2035 8
1788 2272 3
1788 2380 9
1788 2682 9
1788 2692 9
1788 2902 8
1788 2946 6
1788 2980 7
1789 1827 2
1789 1901 9
1789 1942 1
1789 2244 8
1789 2272 10
1789 2521 8
1789 2580 4
1789 2588 6
1789 2605 4
1789 2652 9
1789 2767 4
1789 2927 7
1789 2949 3
1790 1886 1
1790 2000 5
1790 2033 3
1790 2247 7
1790 2255 8
1790 2626 1
1790 2694 3
1790 2717 8
1790 2778 8
1790 2875 1
1790 2880 8
1790 2956 8
1791 1920 7
1791 1990 8
1791 2012 6
1791 2072 4
1791 2374 1
1791 2434 5
1791 2697 1
1791 2914 10
1791 2935 6
1791 2949 6
1792 1835 8
1792 1888 1
1792 1903 8
1792 1905 5
1792 2036 6
1792 2086 3
1792 2202 6
1792 2248 1
1792 2249 10
1792 2256 9
1792 2302 5
1792 2357 3
1792 2477 1
1792 2526 2
1792 2691 7
1793 1865 8
1793 1927 6
1793 1933 8
1793 2184 9
1793 2187 10
1793 2295 8
1793 2396 4
1793 2752 6
1793 2775 3
1793 2843 3
1793 2909 7
1793 2975 8
1794 1928 6
1794 2245 4
1794 2249 7
1794 2259 1
1794 2323 5
1794 2465 5
1794 2547 3
1794 2633 3
1794 2641 2
1794 2789 1
1794 2795 7
1794 2919 3
1795 1960 4
1795 2089 7
1795 2185 5
1795 2316 3
1795 2526 8
1795 2563 5
1795 2611 3
1796 1851 10
1796 2068 1
1796 2194 8
1796 2257 6
1796 2260 8
1796 2266 1
1796 2367 6
1796 2502 4
1796 2529 2
1796 2539 10
1796 2688 1
1796 2699 5
1796 2722 3
1796 2745 8
1796 2776 10
1796 2849 10
1797 1827 9
1797 1858 1
1797 1951 2
1797 1993 3
1797 2108 10
1797 2197 10
1797 2252 4
1797 2294 5
1797 2486 8
1797 2661 3
1797 2875 5
1797 2955 3
1797 2990 3
1798 1854 1
1798 1929 5
1798 1954 9
1798 1971 8
1798 1987 4
1798 2105 4
1798 2264 8
1798 2293 8
1798 2358 2
1798 2390 1
1798 2719 6
1799 2033 10
1799 2137 1
1799 2328 1
1799 2461 10
1799 2467 6
1799 2563 7
1799 2619 5
1799 2883 3
1799 2892 9
1800 1819 5
1800 1954 10
1800 1988 6
1800 1990 10
1800 2041 2
1800 2101 9
1800 2127 7
1800 2134 9
1800 2229 10
1800 2333 5
1800 2635 7
1800 2681 10
1800 2743 10
1800 2857 7
1801 1866 6
1801 1909 4
1801 1923 1
1801 2138 6
1801 2239 9
1801 2303 9
1801 2328 10
1801 2399 7
1801 2498 2
1801 2522 8
1801 2578 3
1801 2602 3
1801 2613 9
1801 2640 4
1801 2705 3
1801 2833 9
1801 2867 9
1801 2886 8
1801 2983 6
1802 1997 7
1802 2179 9
1802 2252 2
1802 2276 10
1802 2295 1
1802 2327 9
1802 2344 1
1802 2351 6
1802 2591 1
1802 2678 7
1802 2746 3
1802 2761 9
1802 2789 7
1802 2791 1
1803 1814 2
1803 1844 9
1803 1893 3
1803 1900 1
1803 1974 4
1803 1975 10
1803 1994 5
1803 2151 5
1803 2184 5
1803 2230 10
1803 2318 7
1803 2358 9
1803 2432 5
1803 2446 4
1803 2480 9
1803 2529 6
1803 2660 2
1803 2710 1
1803 2819 10
1803 2987 5
1804 2017 8
1804 2143 2
1804 2211 10
1804 2224 7
1804 2427 5
1804 2464 6
1804 2510 2
1804 2528 3
1804 2542 8
1804 2627 1
1804 2751 6
1804 2825 9
1804 2869 10
1804 2944 2
1805 1948 2
1805 1976 8
1805 2055 2
1805 2064 1
1805 2183 2
1805 2232 8
1805 2321 2
1805 2462 10
1805 2606 4
1805 2752 1
1805 2898 10
1805 2921 5
1805 2951 6
1806 1847 1
1806 1952 7
1806 1991 8
1806 2011 8
1806 2106 5
1806 2147 9
1806 2203 7
1806 2264 1
1806 2371 9
1806 2389 5
1806 2467 3
1806 2503 10
1806 2576 8
1806 2654 2
1806 2912 9
1806 2932 1
1806 2964 10
1807 1813 8
1807 1818 3
1807 1858 1
1807 1941 9
1807 1961 2
1807 2070 8
1807 2232 9
1807 2297 5
1807 2303 4
1807 2485 10
1807 2630 9
1807 2657 8
1807 2733 6
1807 2773 1
1807 2843 6
1807 2882 6
1807 2897 2
1807 2906 9
1807 2936 8
1808 1814 7
1808 1854 2
1808 1896 1
1808 1924 4
1808 1955 2
1808 2043 3
1808 2089 4
1808 2103 6
1808 2130 9
1808 2208 8
1808 2227 6
1808 2493 8
1808 2537 2
1808 2781 2
1808 2926 9
1808 2972 6
1809 1966 7
1809 2088 1
1809 2202 9
1809 2226 5
1809 2529 8
1809 2868 3
1809 2985 3
1810 2136 5
1810 2195 4
1810 2202 3
1810 2521 1
1810 2621 10
1810 2760 6
1810 2779 9
1811 2098 1
1811 2134 2
1811 2212 8
1811 2333 1
1811 2447 9
1811 2529 10
1811 2722 5
1811 2879 4
1811 2951 10
1812 1827 2
1812 2103 7
1812 2368 5
1812 2381 10
1812 2382 9
1812 2389 5
1812 2437 7
1812 2663 5
1812 2741 2
1812 2848 7
1812 2853 7
1812 2925 10
1813 1946 2
1813 2051 5
1813 2207 1
1813 2258 4
1813 2414 1
1813 2438 10
1813 2468 2
1813 2512 6
1813 2578 5
1813 2587 3
1813 2970 3
1814 1912 9
1814 1972 10
1814 2151 2
1814 2186 10
1814 2336 4
1814 2855 1
1814 2930 2
1815 1943 1
1815 2090 5
1815 2145 1
1815 2155 8
1815 2318 2
1815 2389 2
1815 2479 7
1815 2551 5
1815 2976 2
1816 1831 10
1816 1911 3
1816 2134 10
1816 2147 3
1816 2170 9
1816 2395 2
1816 2459 1
1816 2565 2
1816 2616 7
1816 2691 10
1816 2754 2
1817 1845 10
1817 1885 9
1817 1967 3
1817 1999 4
1817 2025 6
1817 2044 4
1817 2054 2
1817 2223 3
1817 2342 2
1817 2401 4
1817 2528 4
1817 2691 1
1817 2724 3
1817 2846 9
1817 2989 7
1818 2207 4
1818 2209 8
1818 2311 5
1818 2503 5
1818 2673 2
1818 2840 5
1818 2906 4
1818 2951 7
1819 2391 6
1819 2402 6
1819 2614 10
1819 2938 4
1819 2946 2
1819 2960 2
1820 1835 4
1820 1907 4
1820 1983 4
1820 1994 6
1820 2024 5
1820 2077 2
1820 2401 10
1820 2455 8
1820 2549 6
1820 2566 9
1820 2624 8
1820 2647 5
1820 2692 2
1820 2933 9
1820 2951 3
1820 2979 4
1821 1896 6
1821 1931 9
1821 1962 4
1821 1980 10
1821 2029 8
1821 2053 2
1821 2216 3
1821 2246 3
1821 2327 3
1821 2603 2
1821 2656 10
1821 2676 8
1821 2678 10
1821 2828 3
1821 2837 7
1821 2871 10
1822 1878 6
1822 1907 1
1822 1943 10
1822 1992 2
1822 2024 5
1822 2445 9
1822 2721 4
1822 2850 7
1822 2860 1
1822 2932 7
1822 2933 8
1823 1878 6
1823 2150 8
1823 2180 9
1823 2592 6
1823 2829 4
1823 2979 10
1824 1895 10
1824 1916 3
1824 1998 6
1824 2014 4
1824 2031 2
1824 2057 3
1824 2097 10
1824 2143 8
1824 2158 7
1824 2212 3
1824 2218 1
1824 2258 1
1824 2385 1
1824 2400 2
1824 2497 3
1824 2608 7
1824 2612 4
1824 2623 8
1824 2730 5
1824 2794 4
1824 2872 6
1824 2954 10
1825 1843 9
1825 2068 4
1825 2099 1
1825 2190 9
1825 2210 8
1825 2393 10
1825 2395 5
1825 2507 7
1825 2591 1
1825 2594 5
1825 2596 7
1825 2776 2
1825 2826 3
1825 2890 3
1825 2930 2
1825 2969 7
1826 1874 10
1826 1917 10
1826 1965 6
1826 2719 9
1826 2868 7
1827 1973 3
1827 2134 9
1827 2310 2
1827 2432 1
1827 2758 9
1827 2776 3
1827 2821 2
1827 2952 3
1828 2310 3
1828 2387 6
1828 2397 1
1828 2651 9
1828 2678 1
1828 2689 4
1828 2809 3
1828 2953 9
1829 1850 8
1829 1855 10
1829 1892 4
1829 1915 7
1829 2059 5
1829 2063 9
1829 2268 9
1829 2350 7
1829 2381 7
1829 2454 7
1829 2530 1
1829 2538 4
1829 2545 6
1829 2546 1
1829 2633 6
1829 2639 6
1829 2836 6
1829 2857 1
1829 2966 6
1829 2987 6
1829 2990 5
1830 1864 4
1830 1932 9
1830 1989 3
1830 2032 1
1830 2132 6
1830 2136 4
1830 2275 2
1830 2539 9
1830 2581 9
1830 2703 8
1830 2799 8
1830 2861 8
1830 2875 10
1831 1898 1
1831 1939 7
1831 1966 2
1831 1987 10
1831 2403 5
1831 2769 5
1831 2839 10
1831 2841 5
1831 2894 4
1831 2944 3
1832 1914 7
1832 2070 1
1832 2134 9
1832 2219 6
1832 2317 10
1832 2370 5
1832 2421 10
1832 2812 9
1832 2818 5
1833 1935 1
1833 2013 1
1833 2272 5
1833 2285 2
1833 2301 10
1833 2466 1
1833 2540 2
1833 2563 5
1833 2809 2
1833 2975 5
1834 1875 2
1834 1908 4
1834 1960 4
1834 2011 6
1834 2131 1
1834 2227 6
1834 2279 4
1834 2353 4
1834 2448 1
1834 2487 2
1834 2626 9
1834 2654 5
1834 2740 6
1834 2826 5
1834 2926 3
1834 2953 10
1835 1990 6
1835 2041 10
1835 2097 4
1835 2148 5
1835 2307 8
1835 2532 6
1835 2602 9
1835 2607 10
1835 2631 4
1835 2799 10
1836 1949 9
1836 2121 1
1836 2203 6
1836 2238 3
1836 2327 8
1836 2330 3
1836 2440 7
1836 2465 3
1836 2507 9
1836 2532 8
1836 2693 3
1836 2716 10
1836 2729 6
1836 2794 2
1836 2889 6
1836 2962 9
1837 1861 3
1837 2084 10
1837 2239 9
1837 2378 8
1837 2545 4
1837 2590 5
1838 1937 5
1838 2012 2
1838 2082 1
1838 2095 2
1838 2103 9
1838 2288 8
1838 2543 8
1838 2788 6
1838 2824 7
1838 2938 7
1838 2946 1
1838 2963 10
1838 2993 3
1839 1928 8
1839 1959 4
1839 1982 8
1839 2274 5
1839 2416 9
1839 2484 2
1839 2502 3
1839 2865 5
1839 2957 4
1839 2995 2
1840 1974 3
1840 1976 1
1840 1988 5
1840 2134 2
1840 2166 8
1840 2282 10
1840 2346 9
1840 2385 1
1840 2517 10
1840 2671 8
1841 1848 7
1841 1978 5
1841 1998 8
1841 2062 9
1841 2297 6
1841 2299 6
1841 2692 5
1841 2734 10
1841 2735 1
1841 2870 1
1842 2016 8
1842 2079 5
1842 2097 10
1842 2249 10
1842 2259 3
1842 2323 5
1842 2353 10
1842 2366 1
1842 2549 8
1842 2583 8
1842 2639 6
1842 2864 5
1842 2949 5
1842 2982 6
1843 1900 1
1843 1999 6
1843 2160 9
1843 2182 1
1843 2266 2
1843 2316 1
1843 2346 4
1843 2438 1
1843 2503 4
1843 2643 9
1843 2648 7
1843 2883 10
1843 2906 9
1843 2955 1
1844 1899 9
1844 1900 2
1844 1908 9
1844 1938 10
1844 2071 8
1844 2083 7
1844 2172 7
1844 2200 7
1844 2219 7
1844 2243 6
1844 2380 10
1844 2392 1
1844 2405 4
1844 2509 1
1844 2558 8
1844 2898 2
1845 1916 10
1845 2155 5
1845 2182 5
1845 2477 2
1845 2650 5
1845 2822 7
1845 2843 10
1846 1878 8
1846 1886 7
1846 1976 9
1846 2011 2
1846 2052 9
1846 2186 4
1846 2722 5
1846 2797 5
1846 2943 1
1847 1939 6
1847 1979 1
1847 2093 2
1847 2224 10
1847 2281 3
1847 2441 9
1847 2528 8
1847 2537 3
1847 2564 2
1847 2654 5
1847 2669 7
1847 2791 8
1847 2831 2
1847 2876 10
1847 2890 1
1848 1946 4
1848 2008 3
1848 2022 9
1848 2056 10
1848 2224 4
1848 2270 7
1848 2363 9
1848 2396 9
1848 2506 4
1848 2605 2
1848 2715 2
1848 2738 7
1848 2883 5
1848 2953 10
1849 2012 10
1849 2067 5
1849 2091 4
1849 2171 9
1849 2313 7
1849 2339 4
1849 2349 4
1849 2436 4
1849 2445 3
1849 2457 10
1849 2512 1
1849 2648 6
1849 2712 5
1849 2892 1
1849 2948 8
1850 1983 1
1850 2458 10
1850 2500 10
1850 2503 9
1850 2507 8
1850 2522 3
1850 2557 6
1850 2574 5
1850 2808 2
1850 2901 2
1850 2977 6
1851 1997 9
1851 2072 6
1851 2179 9
1851 2382 7
1851 2628 1
1851 2676 5
1851 2731 3
1851 2903 8
1852 1903 3
1852 1925 1
1852 2081 6
1852 2350 2
1852 2583 7
1852 2751 8
1852 2771 10
1852 2857 6
1852 2924 9
1853 1938 6
1853 2130 1
1853 2282 3
1853 2467 5
1853 2586 3
1853 2730 7
1853 2848 9
1853 2898 10
1853 2980 5
1854 1868 10
1854 1907 5
1854 1987 2
1854 2066 9
1854 2136 3
1854 2224 2
1854 2243 10
1854 2254 1
1854 2316 7
1854 2327 6
1854 2392 7
1854 2605 8
1854 2639 7
1854 2657 4
1854 2692 10
1854 2769 5
1854 2800 5
1854 2886 6
1854 2918 5
1854 2948 10
1855 1987 1
1855 2020 7
1855 2162 6
1855 2286 5
1855 2406 1
1855 2411 10
1855 2426 9
1855 2524 2
1855 2626 3
1855 2974 6
1855 2977 4
1856 1881 3
1856 2099 1
1856 2309 8
1856 2357 1
1856 2449 4
1856 2701 4
1856 2768 7
1856 2808 4
1856 2826 4
1857 2313 10
1857 2520 3
1857 2533 10
1857 2536 7
1857 2801 8
1857 2809 1
1858 1930 9
1858 1963 5
1858 1983 8
1858 2302 3
1858 2334 2
1858 2697 1
1858 2891 9
1858 2924 8
1859 1903 1
1859 2098 10
1859 2121 7
1859 2124 7
1859 2152 5
1859 2177 6
1859 2255 6
1859 2322 6
1859 2467 2
1859 2506 10
1859 2756 5
1859 2936 9
1859 2960 1
1859 2991 3
1860 1990 9
1860 2207 3
1860 2377 6
1860 2537 7
1860 2542 9
1860 2552 10
1860 2674 2
1860 2834 9
1860 2843 3
1861 1863 10
1861 1907 7
1861 1913 3
1861 1994 9
1861 2175 2
1861 2249 7
1861 2270 8
1861 2473 3
1861 2576 5
1861 2602 4
1861 2656 9
1861 2726 7
1862 2100 1
1862 2155 4
1862 2294 9
1862 2407 9
1862 2439 7
1862 2482 2
1862 2558 9
1862 2593 10
1862 2637 8
1862 2700 5
1862 2721 3
1862 2758 7
1863 1916 9
1863 1984 4
1863 2114 3
1863 2135 3
1863 2139 5
1863 2395 10
1863 2427 7
1863 2456 1
1863 2561 6
1863 2644 6
1863 2813 5
1863 2871 3
1864 1998 4
1864 2029 5
1864 2057 10
1864 2567 5
1864 2584 8
1864 2602 1
1864 2618 10
1864 2674 9
1864 2683 4
1864 2829 8
1864 2847 8
1864 2901 7
1864 2957 8
1864 2986 9
1865 1971 10
1865 2123 2
1865 2207 7
1865 2268 4
1865 2300 8
1865 2461 6
1865 2696 2
1865 2953 1
1865 2988 8
1866 2107 9
1866 2212 2
1866 2398 8
1866 2762 3
1866 2768 3
1867 1900 5
1867 2044 4
1867 2093 1
1867 2182 8
1867 2241 3
1867 2442 10
1867 2494 8
1867 2520 5
1867 2575 9
1867 2698 8
1867 2872 1
1867 2919 8
1868 2001 9
1868 2200 2
1868 2221 10
1868 2381 5
1868 2428 5
1868 2433 1
1868 2525 3
1868 2642 5
1868 2837 1
1868 2902 9
1869 1879 7
1869 1950 3
1869 2208 8
1869 2269 7
1869 2560 3
1869 2630 2
1869 2764 9
1870 1927 5
1870 2275 1
1870 2352 2
1870 2557 9
1870 2983 2
1871 2053 1
1871 2072 5
1871 2104 3
1871 2111 3
1871 2129 5
1871 2263 2
1871 2469 9
1871 2570 6
1871 2578 7
1871 2621 8
1871 2689 10
1871 2713 1
1871 2742 6
1871 2900 5
1872 1943 3
1872 1983 8
1872 2129 3
1872 2454 7
1872 2510 1
1872 2570 2
1872 2611 6
1872 2658 6
1872 2675 10
1872 2842 1
1873 1896 1
1873 1987 2
1873 2095 3
1873 2110 10
1873 2157 3
1873 2497 8
1873 2546 7
1873 2569 1
1873 2758 6
1873 2763 4
1873 2867 9
1873 2887 6
1873 2914 1
1874 1893 10
1874 1957 2
1874 2122 7
1874 2357 6
1874 2392 3
1874 2395 5
1874 2506 4
1874 2646 7
1874 2903 2
1874 2942 9
1875 2005 2
1875 2108 6
1875 2239 8
1875 2497 10
1875 2524 5
1875 2616 6
1875 2848 10
1875 2868 7
1875 2896 6
1876 2366 7
1876 2397 5
1876 2500 7
1876 2646 2
1876 2734 1
1876 2790 8
1876 2805 10
1876 2852 9
1876 2994 6
1877 2171 3
1877 2188 10
1877 2213 8
1877 2221 9
1877 2325 10
1877 2408 7
1877 2560 9
1877 2620 1
1877 2628 6
1877 2753 2
1877 2909 6
1877 2950 7
1878 2126 4
1878 2165 5
1878 2188 6
1878 2364 7
1878 2473 5
1878 2513 4
1878 2550 2
1878 2733 3
1878 2791 2
1878 2916 1
1878 2956 4
1878 2969 5
1879 1912 5
1879 1921 4
1879 1959 7
1879 2039 8
1879 2072 10
1879 2097 1
1879 2189 9
1879 2231 5
1879 2533 9
1879 2558 6
1879 2657 3
1879 2668 10
1879 2767 7
1879 2781 8
1880 1892 9
1880 1916 5
1880 1974 6
1880 2156 5
1880 2393 10
1880 2434 6
1880 2443 2
1880 2453 7
1880 2506 4
1880 2566 8
1880 2685 6
1880 2690 8
1880 2775 7
1880 2803 3
1880 2843 3
1880 2870 6
1881 1904 2
1881 2018 3
1881 2076 7
1881 2111 6
1881 2213 3
1881 2608 10
1881 2952 3
1881 2994 6
1882 1897 3
1882 1967 3
1882 1989 3
1882 2367 6
1882 2378 5
1882 2387 2
1882 2428 6
1882 2472 2
1882 2566 5
1882 2603 2
1882 2672 3
1882 2743 10
1882 2776 8
1882 2784 8
1882 2945 7
1883 2001 4
1883 2073 7
1883 2260 9
1883 2315 8
1883 2481 7
1883 2580 8
1883 2682 7
1883 2731 7
1883 2882 6
1883 2961 3
1883 2994 5
1884 2032 2
1884 2333 1
1884 2467 9
1884 2505 8
1884 2520 8
1884 2866 5
1885 1931 6
1885 1959 8
1885 2188 8
1885 2231 10
1885 2361 6
1885 2472 8
1885 2481 6
1885 2488 2
1885 2672 1
1885 2724 6
1885 2751 1
1885 2768 7
1885 2786 5
1886 2100 1
1886 2200 7
1886 2396 3
1886 2415 8
1886 2443 6
1886 2461 3
1886 2542 9
1886 2602 4
1886 2708 5
1886 2887 1
1886 2914 5
1887 1889 9
1887 1941 8
1887 2171 8
1887 2265 2
1887 2427 3
1887 2662 3
1887 2732 2
1888 1987 8
1888 2475 2
1888 2574 2
1888 2605 1
1888 2632 5
1888 2651 4
1888 2773 3
1888 2813 10
1888 2839 8
1889 1891 1
1889 1914 5
1889 2326 4
1889 2459 7
1889 2606 9
1889 2680 10
1889 2766 8
1889 2821 7
1889 2836 2
1889 2903 1
1889 2928 6
1889 2973 2
1890 1937 9
1890 1962 8
1890 2018 3
1890 2068 10
1890 2083 2
1890 2100 7
1890 2166 3
1890 2305 4
1890 2461 6
1890 2502 8
1890 2539 9
1890 2595 4
1890 2691 1
1890 2782 10
1890 2806 1
1890 2900 3
1890 2942 9
1890 2968 8
1891 1998 1
1891 2002 8
1891 2034 10
1891 2036 4
1891 2219 7
1891 2356 3
1891 2400 9
1891 2420 6
1891 2527 1
1891 2675 1
1891 2697 3
1891 2741 6
1891 2802 1
1891 2884 2
1891 2977 3
1892 2158 3
1892 2227 8
1892 2669 2
1892 2995 10
1893 2400 2
1893 2537 4
1893 2554 8
1893 2622 7
1893 2770 1
1894 1975 1
1894 2036 6
1894 2045 9
1894 2168 7
1894 2180 4
1894 2451 3
1894 2489 5
1894 2502 2
1894 2673 3
1895 2090 5
1895 2177 9
1895 2497 10
1895 2582 4
1895 2823 4
1895 2850 10
1896 2352 1
1896 2453 10
1896 2534 8
1896 2544 8
1896 2732 3
1896 2863 6
1897 2003 9
1897 2033 1
1897 2045 7
1897 2078 8
1897 2174 6
1897 2264 3
1897 2276 7
1897 2737 2
1897 2775 10
1897 2875 7
1897 2943 4
1898 1915 2
1898 2003 5
1898 2050 9
1898 2080 9
1898 2084 7
1898 2234 5
1898 2399 7
1898 2461 7
1898 2480 6
1898 2521 9
1898 2634 7
1898 2897 8
1898 2919 2
1898 2975 7
1899 1965 10
1899 1970 4
1899 2092 7
1899 2155 6
1899 2218 10
1899 2290 9
1899 2527 2
1899 2600 1
1899 2686 5
1899 2689 5
1899 2728 8
1899 2787 5
1899 2883 2
1900 1945 1
1900 2037 3
1900 2091 4
1900 2129 1
1900 2323 4
1900 2379 3
1900 2465 3
1900 2732 4
1900 2792 2
1900 2864 6
1900 2883 9
1900 2935 8
1901 2059 8
1901 2101 7
1901 2160 5
1901 2196 8
1901 2605 3
1901 2638 4
1901 2899 1
1901 2952 1
1902 2015 3
1902 2035 6
1902 2089 1
1902 2138 4
1902 2172 7
1902 2180 1
1902 2228 8
1902 2249 3
1902 2349 1
1902 2477 3
1902 2592 7
1902 2597 1
1902 2603 10
1902 2604 6
1902 2618 1
1902 2630 7
1902 2800 9
1902 2910 7
1902 2929 3
1902 2951 8
1903 1991 5
1903 2011 10
1903 2123 6
1903 2325 6
1903 2382 3
1903 2437 2
1903 2463 8
1903 2636 8
1903 2642 9
1903 2844 2
1903 2905 5
1903 2992 10
1904 2191 6
1904 2223 5
1904 2423 3
1904 2473 5
1904 2503 5
1904 2650 1
1904 2797 8
1904 2850 8
1904 2862 5
1904 2886 4
1904 2901 9
1904 2906 9
1904 2932 6
1905 2660 8
1906 1994 4
1906 2083 4
1906 2098 4
1906 2376 3
1906 2390 5
1906 2471 6
1906 2485 2
1906 2589 3
1906 2960 2
1907 2224 9
1907 2262 10
1907 2334 7
1907 2349 5
1907 2371 7
1907 2432 10
1907 2554 4
1907 2713 5
1907 2816 8
1907 2821 9
1907 2847 9
1907 2997 1
1908 1983 10
1908 2057 5
1908 2093 1
1908 2235 7
1908 2433 9
1908 2470 7
1908 2657 8
1908 2703 1
1908 2765 4
1908 2770 2
1908 2895 2
1909 2162 5
1909 2207 3
1909 2236 2
1909 2375 2
1909 2480 10
1909 2544 3
1909 2599 9
1909 2637 9
1909 2768 6
1909 2809 5
1909 2866 8
1909 2938 4
1909 2958 7
1910 1976 7
1910 2001 8
1910 2065 3
1910 2095 9
1910 2194 2
1910 2401 5
1910 2417 10
1910 2568 4
1910 2627 7
1910 2982 3
1911 2049 4
1911 2280 7
1911 2302 6
1911 2451 1
1911 2460 7
1911 2575 10
1911 2800 2
1911 2999 3
1912 2060 3
1912 2327 1
1912 2386 5
1912 2391 2
1912 2438 9
1912 2596 5
1912 2616 2
1912 2671 2
1912 2712 8
1912 2795 3
1912 2835 2
1912 2846 5
1913 1936 4
1913 2026 4
1913 2175 3
1913 2284 7
1913 2372 2
1913 2409 10
1913 2438 2
1913 2444 6
1913 2534 10
1913 2539 9
1913 2620 10
1913 2756 9
1913 2776 4
1913 2806 6
1914 2087 8
1914 2144 4
1914 2210 7
1914 2296 10
1914 2420 1
1914 2501 4
1914 2535 5
1914 2601 6
1914 2739 4
1914 2953 9
1915 1957 5
1915 2047 6
1915 2161 8
1915 2207 5
1915 2220 8
1915 2257 2
1915 2340 4
1915 2350 4
1915 2372 9
1915 2393 4
1915 2523 3
1915 2531 2
1915 2547 9
1915 2837 5
1916 1958 1
1916 1981 8
1916 2008 3
1916 2126 1
1916 2128 2
1916 2211 1
1916 2292 6
1916 2406 7
1916 2488 1
1916 2653 5
1917 2005 10
1917 2119 8
1917 2124 5
1917 2127 1
1917 2184 1
1917 2329 6
1917 2389 5
1917 2460 8
1917 2466 6
1917 2483 6
1917 2541 3
1917 2757 9
1917 2848 10
1917 2901 2
1918 2149 4
1918 2192 10
1918 2418 9
1918 2476 2
1918 2521 2
1918 2547 6
1918 2668 1
1918 2747 1
1918 2910 1
1918 2917 8
1918 2951 4
1918 2958 9
1918 2979 7
1919 2081 10
1919 2196 4
1919 2258 9
1919 2731 2
1919 2806 5
1920 1938 5
1920 2044 10
1920 2053 8
1920 2121 1
1920 2125 5
1920 2129 5
1920 2231 4
1920 2541 10
1920 2669 5
1920 2749 4
1920 2932 4
1921 2075 4
1921 2100 1
1921 2190 6
1921 2218 4
1921 2223 6
1921 2327 3
1921 2385 9
1921 2575 9
1921 2686 5
1921 2703 4
1921 2780 10
1921 2805 8
1921 2816 7
1921 2820 4
1921 2834 7
1921 2836 9
1921 2873 10
1921 2924 1
1922 1951 6
1922 2110 8
1922 2214 9
1922 2388 5
1922 2738 9
1922 2904 9
1922 2971 7
1923 2022 10
1923 2132 5
1923 2162 10
1923 2167 6
1923 2227 2
1923 2376 2
1923 2525 7
1923 2565 1
1923 2607 5
1923 2927 5
1924 1953 8
1924 2157 8
1924 2271 9
1924 2361 4
1924 2407 2
1924 2412 4
1924 2491 9
1924 2681 2
1924 2699 2
1924 2762 5
1924 2780 7
1924 2859 6
1924 2925 2
1924 2982 4
1925 1932 9
1925 2089 3
1925 2214 7
1925 2455 3
1925 2493 7
1925 2684 7
1925 2918 6
1925 2953 7
1925 2967 8
1925 2987 1
1926 2102 7
1926 2180 7
1926 2323 7
1926 2371 10
1926 2398 1
1926 2542 4
1926 2702 2
1926 2794 4
1926 2886 4
1926 2974 8
1926 2979 8
1927 1951 3
1927 1996 9
1927 2053 6
1927 2219 8
1927 2288 1
1927 2367 2
1927 2380 5
1927 2677 1
1927 2766 4
1927 2904 9
1927 2911 6
1927 2952 5
1928 1986 5
1928 2053 10
1928 2144 5
1928 2254 1
1928 2562 7
1928 2705 10
1928 2713 4
1928 2740 10
1928 2746 9
1928 2855 9
1929 1958 2
1929 2121 8
1929 2146 9
1929 2191 7
1929 2207 9
1929 2221 3
1929 2398 8
1929 2435 5
1929 2500 7
1929 2563 7
1929 2579 3
1929 2669 1
1929 2690 6
1929 2766 2
1929 2808 4
1929 2903 8
1930 1999 1
1930 2123 6
1930 2143 3
1930 2175 9
1930 2353 9
1930 2393 3
1930 2411 1
1930 2474 3
1930 2512 5
1930 2792 1
1930 2921 4
1931 2107 10
1931 2136 8
1931 2178 3
1931 2398 8
1931 2526 4
1931 2668 6
1931 2699 6
1931 2763 3
1931 2771 6
1931 2898 7
1931 2996 5
1932 2046 1
1932 2077 9
1932 2368 6
1932 2419 2
1932 2449 8
1932 2480 5
1932 2606 1
1932 2650 6
1932 2656 3
1932 2740 2
1932 2782 8
1932 2878 8
1932 2963 3
1932 2982 10
1933 2051 1
1933 2090 1
1933 2141 8
1933 2227 6
1933 2357 1
1933 2499 2
1933 2653 8
1933 2792 4
1933 2827 1
1933 2839 9
1933 2868 8
1933 2887 9
1934 2002 10
1934 2016 5
1934 2193 4
1934 2305 5
1934 2427 8
1934 2608 8
1934 2708 7
1934 2804 4
1934 2869 6
1934 2957 3
1935 1975 3
1935 2085 1
1935 2092 4
1935 2252 1
1935 2303 5
1936 1957 7
1936 2179 9
1936 2291 7
1936 2299 4
1936 2366 2
1936 2396 5
1936 2494 8
1936 2636 4
1936 2835 6
1936 2948 2
1937 2023 6
1937 2171 1
1937 2242 6
1937 2389 10
1937 2402 1
1937 2835 9
1937 2851 5
1937 2864 6
1937 2924 8
1937 2952 1
1937 2997 4
1938 1948 8
1938 2137 4
1938 2175 2
1938 2189 8
1938 2209 4
1938 2360 9
1938 2428 9
1938 2508 2
1938 2548 3
1938 2713 10
1938 2765 2
1938 2782 2
1938 2798 7
1938 2959 4
1939 2000 2
1939 2007 8
1939 2017 3
1939 2075 2
1939 2096 10
1939 2188 9
1939 2479 8
1939 2654 8
1939 2987 8
1940 2010 10
1940 2069 2
1940 2080 4
1940 2299 6
1940 2357 2
1940 2476 8
1940 2539 3
1940 2571 7
1940 2594 6
1940 2610 3
1940 2686 5
1940 2715 9
1940 2730 8
1940 2924 7
1940 2931 5
1941 2040 1
1941 2185 8
1941 2194 9
1941 2243 7
1941 2543 3
1941 2690 7
1941 2906 5
1942 1966 9
1942 2166 5
1942 2172 7
1942 2324 2
1942 2497 9
1942 2533 3
1942 2588 7
1942 2618 7
1942 2684 1
1942 2828 3
1942 2915 1
1942 2999 1
1943 1991 2
1943 2263 4
1943 2319 2
1943 2459 9
1943 2521 8
1943 2664 5
1943 2763 4
1943 2771 10
1943 2814 6
1943 2940 9
1943 2972 8
1944 1970 7
1944 2071 8
1944 2193 4
1944 2217 6
1944 2225 8
1944 2345 9
1944 2362 1
1944 2423 6
1944 2497 7
1944 2676 8
1944 2756 7
1944 2758 2
1944 2816 9
1944 2894 4
1945 1970 5
1945 2062 1
1945 2099 3
1945 2207 10
1945 2305 2
1945 2424 10
1945 2542 9
1945 2615 6
1945 2829 5
1945 2872 2
1945 2942 3
1946 2035 1
1946 2069 5
1946 2403 7
1946 2538 8
1946 2731 8
1946 2795 2
1946 2811 8
1946 2927 10
1947 2143 2
1947 2235 4
1947 2238 9
1947 2243 10
1947 2285 5
1947 2286 5
1947 2501 9
1947 2634 6
1947 2693 3
1947 2732 10
1947 2762 8
1947 2899 8
1947 2926 8
1948 1993 3
1948 2121 5
1948 2145 2
1948 2217 4
1948 2413 5
1948 2430 4
1948 2533 10
1948 2548 7
1948 2593 1
1948 2651 1
1948 2876 5
1948 2919 4
1948 2928 1
1949 2010 6
1949 2033 9
1949 2050 6
1949 2087 2
1949 2238 1
1949 2302 10
1949 2317 7
1949 2369 3
1949 2400 2
1949 2649 3
1949 2684 9
1949 2816 3
1949 2822 10
1949 2835 2
1949 2966 4
1950 2344 3
1950 2397 10
1950 2802 6
1950 2804 2
1950 2828 5
1950 2903 4
1951 1996 2
1951 2005 7
1951 2074 4
1951 2186 6
1951 2204 8
1951 2235 4
1951 2280 9
1951 2298 10
1951 2536 2
1951 2684 5
1951 2863 10
1951 2889 4
1951 2891 9
1952 2163 10
1952 2357 1
1952 2721 2
1952 2742 8
1952 2760 6
1952 2943 2
1953 2007 3
1953 2009 10
1953 2095 9
1953 2187 5
1953 2373 6
1953 2419 4
1953 2442 9
1953 2522 3
1953 2594 5
1953 2682 4
1953 2820 4
1954 2096 4
1954 2107 3
1954 2238 6
1954 2248 7
1954 2342 5
1954 2385 4
1954 2460 7
1954 2536 6
1954 2739 4
1954 2767 2
1954 2831 3
1954 2842 3
1954 2996 7
1955 2006 3
1955 2190 6
1955 2265 6
1955 2326 6
1955 2401 9
1955 2416 6
1955 2644 9
1955 2665 9
1955 2921 6
1956 1981 7
1956 2241 1
1956 2265 1
1956 2339 9
1956 2406 3
1956 2634 7
1956 2670 5
1956 2722 1
1956 2849 10
1956 2955 9
1957 2086 5
1957 2103 4
1957 2167 4
1957 2409 5
1957 2442 9
1957 2466 10
1957 2541 6
1957 2614 2
1957 2631 8
1957 2668 4
1957 2990 3
1958 2086 2
1958 2164 6
1958 2208 3
1958 2303 4
1958 2305 6
1958 2509 2
1958 2567 10
1958 2627 7
1958 2663 7
1958 2814 9
1958 2892 3
1959 2081 2
1959 2136 5
1959 2181 4
1959 2232 8
1959 2431 1
1959 2970 2
1960 2027 1
1960 2174 4
1960 2203 8
1960 2394 6
1960 2412 8
1960 2480 10
1960 2519 8
1960 2823 5
1960 2869 1
1960 2892 8
1961 2055 6
1961 2394 7
1961 2679 9
1962 2069 10
1962 2131 6
1962 2170 4
1962 2205 7
1962 2271 4
1962 2372 2
1962 2434 8
1962 2586 3
1962 2604 4
1962 2675 7
1962 2818 7
1962 2881 2
1962 2943 7
1963 2055 10
1963 2117 8
1963 2135 10
1963 2299 1
1963 2515 4
1963 2607 4
1963 2610 3
1963 2674 2
1963 2762 8
1963 2764 4
1963 2835 4
1964 2065 2
1964 2177 1
1964 2249 2
1964 2270 7
1964 2297 5
1964 2312 1
1964 2322 2
1964 2328 1
1964 2332 1
1964 2397 6
1964 2419 9
1964 2471 10
1964 2623 8
1964 2624 2
1964 2646 2
1964 2801 8
1964 2996 2
1965 2052 5
1965 2122 6
1965 2146 5
1965 2207 4
1965 2344 5
1965 2482 5
1965 2492 10
1965 2669 8
1965 2731 10
1965 2779 4
1965 2945 5
1966 2173 4
1966 2231 4
1966 2234 10
1966 2249 3
1966 2258 3
1966 2342 3
1966 2744 3
1966 2804 7
1967 2238 7
1967 2263 10
1967 2307 9
1967 2319 7
1967 2357 8
1967 2375 4
1967 2420 7
1967 2479 6
1967 2619 2
1967 2681 8
1967 2787 9
1967 2830 10
1967 2947 1
1968 2139 10
1968 2196 1
1968 2241 9
1968 2311 10
1968 2459 1
1968 2504 6
1968 2515 4
1968 2620 2
1968 2725 10
1968 2813 10
1968 2836 7
1969 2199 5
1969 2247 8
1969 2541 7
1969 2543 4
1969 2793 9
1969 2835 8
1970 2081 10
1970 2092 3
1970 2292 10
1970 2361 8
1970 2368 1
1970 2529 8
1970 2568 5
1970 2690 9
1970 2766 10
1970 2822 4
1970 2983 1
1971 2252 2
1971 2258 6
1971 2413 7
1971 2482 10
1971 2547 8
1971 2572 4
1971 2657 3
1971 2794 4
1971 2914 6
1972 1987 3
1972 2020 1
1972 2078 7
1972 2178 4
1972 2193 2
1972 2258 9
1972 2325 1
1972 2358 5
1972 2525 3
1972 2649 6
1972 2727 2
1972 2957 3
1972 2968 1
1972 2998 3
1973 2027 7
1973 2048 1
1973 2055 2
1973 2092 4
1973 2172 9
1973 2200 10
1973 2219 10
1973 2379 5
1973 2530 9
1973 2537 8
1973 2541 6
1973 2671 10
1973 2748 9
1973 2992 1
1974 2027 3
1974 2209 5
1974 2501 5
1974 2575 8
1974 2602 9
1974 2738 2
1974 2860 2
1974 2934 6
1975 2101 9
1975 2269 5
1975 2298 4
1975 2623 7
1975 2968 2
1976 2024 7
1976 2088 1
1976 2296 9
1976 2432 8
1976 2475 2
1976 2789 10
1976 2906 9
1977 2059 5
1977 2250 9
1977 2251 2
1977 2340 1
1977 2459 5
1977 2579 10
1977 2641 8
1977 2658 4
1977 2720 5
1977 2919 8
1977 2946 7
1978 2158 4
1978 2216 6
1978 2242 8
1978 2482 5
1978 2585 9
1978 2748 6
1978 2772 1
1978 2804 2
1979 2103 9
1979 2167 4
1979 2269 3
1979 2298 6
1979 2375 5
1979 2448 10
1979 2471 2
1979 2488 3
1979 2612 1
1979 2618 2
1979 2688 3
1979 2707 9
1979 2825 3
1979 2945 6
1980 1997 3
1980 2081 5
1980 2160 7
1980 2182 7
1980 2454 9
1980 2513 8
1980 2645 4
1980 2969 10
1981 2007 10
1981 2012 3
1981 2035 3
1981 2092 8
1981 2328 2
1981 2408 6
1981 2428 5
1981 2447 6
1981 2480 10
1981 2484 1
1981 2774 10
1981 2999 10
1982 2163 3
1982 2205 4
1982 2269 3
1982 2301 10
1982 2369 3
1982 2460 2
1982 2510 2
1982 2513 3
1982 2700 5
1982 2757 8
1982 2869 8
1982 2872 3
1982 2962 2
1982 2967 2
1983 2174 4
1983 2178 6
1983 2282 6
1983 2400 6
1983 2732 5
1983 2768 10
1983 2878 7
1983 2935 8
1984 2025 4
1984 2243 2
1984 2264 9
1984 2289 8
1984 2650 9
1984 2850 3
1984 2874 4
1985 1995 7
1985 2051 2
1985 2111 2
1985 2144 3
1985 2224 3
1985 2294 5
1985 2388 3
1985 2471 9
1985 2862 3
1985 2876 3
1986 2090 9
1986 2174 1
1986 2202 2
1986 2267 6
1986 2697 2
1986 2773 3
1986 2826 8
1986 2916 7
1986 2945 8
1987 2036 2
1987 2123 4
1987 2336 6
1987 2454 3
1987 2604 4
1987 2624 5
1987 2641 1
1987 2678 6
1987 2724 8
1987 2784 2
1987 2793 4
1987 2824 10
1987 2837 2
1988 2010 6
1988 2221 4
1988 2271 2
1988 2332 7
1988 2399 8
1988 2503 3
1988 2535 5
1988 2693 7
1988 2842 2
1988 2866 9
1988 2975 9
1989 2018 8
1989 2027 10
1989 2149 5
1989 2215 1
1989 2320 1
1989 2329 9
1989 2473 5
1989 2513 6
1989 2523 10
1989 2609 2
1989 2625 1
1989 2732 6
1989 2746 2
1990 1996 1
1990 2353 6
1990 2501 6
1990 2533 1
1990 2681 7
1990 2786 4
1990 2840 3
1990 2912 8
1991 2165 5
1991 2208 10
1991 2285 3
1991 2321 3
1991 2408 7
1991 2602 1
1991 2723 2
1991 2881 9
1992 2242 10
1992 2341 9
1992 2434 10
1992 2505 8
1992 2636 8
1992 2712 4
1992 2742 7
1992 2809 3
1992 2814 4
1992 2966 1
1993 2088 1
1993 2089 3
1993 2146 3
1993 2160 6
1993 2201 5
1993 2244 4
1993 2291 3
1993 2394 8
1993 2528 2
1993 2586 2
1993 2697 1
1993 2734 10
1993 2743 8
1993 2931 5
1993 2971 2
1993 2982 7
1994 2030 1
1994 2189 10
1994 2226 5
1994 2240 6
1994 2299 7
1994 2364 4
1994 2393 4
1994 2441 5
1994 2466 2
1994 2495 9
1994 2583 5
1994 2606 5
1994 2687 7
1994 2691 1
1994 2839 8
1994 2881 8
1995 2098 3
1995 2361 2
1995 2402 1
1995 2512 3
1995 2557 9
1995 2623 7
1995 2663 5
1995 2753 6
1995 2777 1
1995 2835 3
1995 2986 9
1996 2034 6
1996 2080 7
1996 2085 3
1996 2092 1
1996 2102 9
1996 2153 2
1996 2187 6
1996 2191 7
1996 2275 6
1996 2419 3
1996 2506 9
1996 2609 10
1996 2654 10
1996 2710 8
1996 2757 8
1996 2777 5
1996 2847 6
1996 2901 2
1996 2944 4
1997 2079 2
1997 2227 7
1997 2257 2
1997 2432 5
1997 2444 10
1997 2462 4
1997 2468 9
1997 2688 4
1997 2748 2
1997 2796 6
1997 2904 5
1997 2981 10
1997 2999 8
1998 2224 8
1998 2237 4
1998 2261 1
1998 2295 1
1998 2327 8
1998 2383 10
1998 2388 10
1998 2533 1
1998 2537 3
1998 2787 8
1998 2852 6
1998 2886 9
1998 2901 6
1999 2041 2
1999 2435 9
1999 2523 10
1999 2536 10
1999 2574 3
1999 2590 3
1999 2640 3
1999 2665 1
1999 2843 1
1999 2846 5
2000 2098 8
2000 2122 4
2000 2253 9
2000 2368 4
2000 2424 9
2000 2478 9
2000 2496 9
2000 2728 4
2000 2774 3
2000 2782 2
2000 2798 8
2000 2885 1
2000 2911 6
2001 2040 1
2001 2271 2
2001 2449 6
2001 2676 1
2001 2790 1
2001 2932 10
2001 2940 6
2001 2943 2
2002 2154 1
2002 2209 6
2002 2222 8
2002 2318 9
2002 2616 5
2002 2658 10
2002 2687 4
2002 2950 2
2003 2266 1
2003 2387 6
2003 2508 8
2003 2607 3
2003 2761 5
2004 2068 10
2004 2090 10
2004 2097 10
2004 2144 4
2004 2390 5
2004 2736 9
2005 2114 6
2005 2157 6
2005 2360 4
2005 2501 7
2005 2594 1
2005 2595 3
2005 2752 8
2005 2860 5
2006 2008 9
2006 2037 6
2006 2075 4
2006 2174 5
2006 2176 10
2006 2361 7
2006 2435 9
2006 2508 6
2006 2645 5
2006 2736 8
2006 2798 8
2006 2840 7
2006 2908 6
2006 2985 1
2007 2032 3
2007 2085 1
2007 2201 5
2007 2310 2
2007 2393 4
2007 2459 9
2007 2496 2
2007 2582 5
2007 2598 1
2007 2825 8
2007 2983 2
2007 2992 9
2008 2080 1
2008 2210 2
2008 2360 3
2008 2391 1
2008 2481 8
2008 2506 3
2008 2528 6
2008 2642 6
2008 2737 8
2009 2049 2
2009 2087 7
2009 2137 9
2009 2229 10
2009 2471 4
2009 2553 8
2009 2596 9
2009 2606 6
2009 2675 2
2009 2725 2
2009 2805 1
2009 2891 4
2010 2029 5
2010 2178 2
2010 2199 7
2010 2300 1
2010 2564 3
2010 2654 8
2010 2672 3
2010 2728 1
2010 2811 4
2010 2816 9
2010 2872 5
2010 2881 8
2011 2296 3
2011 2369 9
2011 2835 5
2012 2177 6
2012 2198 5
2012 2341 4
2012 2358 1
2012 2363 6
2012 2373 6
2012 2441 3
2012 2511 5
2012 2563 2
2012 2644 9
2012 2898 5
2013 2069 7
2013 2095 4
2013 2273 10
2013 2567 10
2013 2623 3
2013 2634 1
2013 2654 5
2013 2772 10
2013 2828 7
2013 2850 6
2013 2880 6
2013 2903 4
2013 2994 10
2014 2121 1
2014 2167 5
2014 2195 4
2014 2430 2
2014 2436 8
2014 2490 3
2014 2709 3
2014 2746 8
2015 2058 2
2015 2176 10
2015 2270 10
2015 2352 7
2015 2392 3
2015 2424 5
2015 2435 3
2015 2673 5
2016 2101 3
2016 2176 2
2016 2251 5
2016 2390 5
2016 2418 1
2016 2481 5
2016 2518 10
2016 2526 8
2016 2536 10
2016 2618 4
2016 2647 1
2016 2658 6
2016 2742 7
2016 2791 6
2016 2828 6
2016 2857 5
2016 2913 10
2016 2961 9
2017 2029 7
2017 2031 9
2017 2149 4
2017 2167 10
2017 2250 1
2017 2353 3
2017 2437 1
2017 2673 4
2018 2147 9
2018 2167 3
2018 2336 3
2018 2415 8
2018 2608 6
2018 2639 2
2018 2693 9
2018 2716 4
2018 2784 3
2018 2822 2
2018 2912 10
2019 2119 2
2019 2270 3
2019 2389 8
2019 2579 3
2019 2718 6
2019 2902 3
2020 2047 1
2020 2089 2
2020 2137 8
2020 2142 10
2020 2169 9
2020 2254 8
2020 2537 4
2020 2544 7
2020 2546 1
2020 2588 8
2020 2595 10
2020 2882 4
2020 2900 3
2020 2999 8
2021 2441 5
2021 2497 1
2021 2783 5
2021 2834 10
2022 2179 8
2022 2196 10
2022 2279 4
2022 2608 6
2022 2621 7
2022 2737 1
2022 2749 9
2022 2780 3
2022 2796 2
2022 2804 3
2022 2909 10
2022 2945 7
2023 2042 3
2023 2157 3
2023 2415 5
2023 2512 6
2023 2763 8
2023 2836 7
2023 2877 5
2023 2947 4
2024 2047 1
2024 2536 8
2024 2645 4
2024 2917 4
2025 2039 10
2025 2074 2
2025 2307 8
2025 2338 10
2025 2387 8
2025 2793 10
2025 2991 4
2025 2998 8
2026 2426 10
2026 2451 3
2026 2465 10
2026 2562 8
2026 2657 6
2026 2735 10
2027 2031 8
2027 2073 1
2027 2161 3
2027 2285 1
2027 2356 2
2027 2362 3
2027 2716 3
2027 2780 9
2027 2896 3
2027 2946 2
2028 2078 6
2028 2084 4
2028 2388 10
2028 2610 9
2028 2654 5
2028 2698 6
2028 2702 3
2028 2782 9
2028 2854 4
2028 2868 1
2028 2963 9
2029 2072 1
2029 2279 1
2029 2343 1
2029 2396 8
2029 2927 8
2030 2045 10
2030 2219 1
2030 2223 1
2030 2295 3
2030 2427 5
2030 2495 1
2030 2522 8
2030 2528 5
2030 2583 1
2030 2757 2
2030 2810 4
2030 2833 3
2030 2843 9
2030 2869 5
2030 2961 1
2031 2062 2
2031 2181 2
2031 2226 6
2031 2358 8
2031 2460 4
2031 2549 9
2031 2576 5
2031 2623 9
2031 2639 2
2031 2890 9
2032 2093 9
2032 2187 7
2032 2222 6
2032 2223 1
2032 2307 10
2032 2536 4
2032 2549 10
2032 2564 4
2032 2765 7
2033 2044 6
2033 2063 1
2033 2101 2
2033 2177 9
2033 2197 7
2033 2198 4
2033 2286 4
2033 2434 2
2033 2502 2
2033 2536 5
2033 2560 5
2033 2585 5
2033 2789 4
2033 2815 1
2033 2893 3
2034 2075 3
2034 2168 7
2034 2288 4
2034 2387 8
2034 2405 9
2034 2488 3
2034 2582 1
2034 2601 2
2034 2764 8
2034 2968 7
2034 2997 7
2035 2065 7
2035 2137 3
2035 2439 3
2035 2505 4
2035 2510 7
2035 2669 1
2035 2720 10
2035 2734 10
2035 2772 8
2035 2825 7
2035 2936 7
2036 2060 5
2036 2065 4
2036 2189 3
2036 2272 6
2036 2391 10
2036 2705 10
2036 2779 3
2036 2860 3
2036 2894 6
2036 2902 9
2036 2958 2
2037 2045 10
2037 2062 6
2037 2374 6
2037 2385 2
2037 2453 1
2037 2757 5
2037 2814 9
2037 2869 9
2037 2913 6
2038 2061 5
2038 2083 10
2038 2166 9
2038 2223 7
2038 2478 5
2038 2613 4
2038 2614 10
2039 2065 1
2039 2131 8
2039 2252 6
2039 2259 8
2039 2272 8
2039 2432 10
2039 2821 4
2039 2893 4
2040 2150 7
2040 2264 4
2040 2292 7
2040 2572 9
2040 2616 2
2040 2627 4
2040 2688 10
2040 2711 4
2040 2801 9
2040 2804 5
2040 2805 2
2040 2931 8
2041 2302 7
2041 2383 9
2041 2425 5
2041 2559 2
2041 2652 3
2041 2747 7
2041 2802 9
2042 2196 10
2042 2261 4
2042 2337 7
2042 2408 1
2042 2418 7
2042 2419 7
2042 2451 9
2042 2539 5
2042 2576 2
2042 2615 9
2042 2771 2
2042 2884 8
2043 2202 6
2043 2225 3
2043 2234 4
2043 2238 8
2043 2311 7
2043 2742 9
2043 2799 9
2043 2937 6
2044 2047 8
2044 2188 8
2044 2373 9
2044 2405 3
2044 2501 1
2044 2593 7
2044 2759 10
2044 2884 3
2044 2904 9
2044 2923 8
2045 2072 2
2045 2083 9
2045 2273 8
2045 2317 10
2045 2330 2
2045 2346 10
2045 2420 5
2045 2438 4
2045 2462 3
2045 2664 8
2045 2675 9
2045 2733 1
2045 2741 2
2045 2898 2
2046 2058 5
2046 2382 3
2046 2396 4
2046 2460 3
2046 2637 10
2046 2643 5
2046 2698 5
2046 2705 5
2046 2866 5
2046 2882 6
2047 2107 8
2047 2262 4
2047 2378 2
2047 2442 6
2047 2506 5
2047 2780 6
2047 2786 3
2047 2813 8
2048 2150 4
2048 2268 9
2048 2318 4
2048 2487 2
2048 2499 4
2048 2618 5
2048 2704 9
2048 2894 4
2048 2895 5
2049 2233 10
2049 2296 4
2049 2540 5
2049 2543 6
2049 2604 6
2049 2634 5
2049 2723 10
2049 2942 5
2049 2961 7
2050 2140 10
2050 2356 1
2050 2392 8
2050 2461 2
2050 2532 9
2050 2631 5
2050 2767 2
2050 2791 8
2051 2158 9
2051 2237 5
2051 2292 7
2051 2296 1
2051 2378 10
2051 2406 4
2051 2602 2
2051 2639 5
2051 2903 2
2051 2943 4
2051 2949 3
2052 2211 3
2052 2369 3
2052 2780 3
2052 2820 3
2053 2349 2
2053 2571 3
2053 2594 10
2053 2600 3
2053 2742 8
2053 2803 9
2053 2847 6
2053 2949 3
2054 2081 8
2054 2155 2
2054 2207 4
2054 2562 9
2054 2651 2
2054 2877 5
2055 2179 5
2055 2286 4
2055 2337 3
2055 2415 3
2055 2469 3
2055 2735 6
2055 2789 3
2055 2829 3
2055 2914 6
2055 2916 2
2056 2085 2
2056 2198 8
2056 2207 1
2056 2272 8
2056 2307 4
2056 2360 1
2056 2361 6
2056 2453 6
2056 2538 7
2056 2905 1
2056 2914 3
2057 2318 3
2057 2370 4
2057 2728 1
2057 2817 4
2057 2828 4
2058 2293 5
2058 2564 3
2058 2595 8
2058 2743 2
2058 2811 7
2058 2882 1
2058 2971 6
2059 2311 4
2059 2341 8
2059 2429 8
2059 2430 1
2059 2440 9
2059 2455 6
2059 2493 9
2059 2827 8
2060 2094 1
2060 2228 10
2060 2293 9
2060 2417 6
2060 2654 10
2060 2667 5
2060 2740 9
2060 2804 9
2060 2838 8
2060 2849 8
2060 2897 5
2060 2899 8
2061 2213 4
2061 2220 1
2061 2256 8
2061 2274 4
2061 2402 9
2061 2446 7
2061 2714 4
2061 2759 7
2061 2845 1
2062 2146 9
2062 2251 2
2062 2418 8
2062 2451 8
2062 2487 5
2062 2647 9
2062 2666 7
2062 2707 9
2062 2713 1
2062 2763 7
2063 2082 6
2063 2237 3
2063 2390 2
2063 2416 10
2063 2490 10
2063 2555 5
2063 2601 7
2063 2671 1
2063 2704 3
2063 2739 6
2063 2748 5
2063 2763 10
2063 2764 10
2063 2767 5
2063 2806 10
2063 2923 4
2064 2261 9
2064 2458 2
2064 2585 4
2064 2597 5
2064 2791 5
2064 2866 3
2065 2116 5
2065 2189 9
2065 2508 4
2065 2510 6
2065 2528 2
2065 2641 8
2065 2798 8
2065 2920 3
2066 2096 7
2066 2129 9
2066 2260 10
2066 2286 7
2066 2293 6
2066 2311 8
2066 2315 4
2066 2332 3
2066 2339 1
2066 2472 6
2066 2504 7
2066 2582 5
2066 2903 7
2066 2992 6
2067 2087 3
2067 2448 5
2067 2477 2
2067 2502 3
2067 2510 9
2067 2597 5
2067 2647 10
2067 2768 10
2067 2856 5
2067 2983 1
2067 2998 3
2068 2134 7
2068 2313 4
2068 2595 4
2068 2699 7
2068 2818 6
2068 2822 10
2068 2956 6
2068 2983 7
2069 2087 2
2069 2159 1
2069 2169 8
2069 2562 7
2069 2625 9
2069 2640 2
2069 2676 3
2070 2181 8
2070 2232 8
2070 2370 3
2070 2381 7
2070 2495 2
2070 2777 7
2070 2828 10
2071 2187 4
2071 2298 3
2071 2326 8
2071 2418 3
2071 2482 3
2071 2724 3
2071 2740 6
2071 2935 10
2071 2974 9
2072 2098 10
2072 2142 6
2072 2403 2
2072 2409 10
2072 2445 1
2072 2453 7
2072 2557 6
2072 2665 10
2072 2694 4
2072 2852 8
2072 2903 9
2073 2158 5
2073 2170 7
2073 2183 2
2073 2294 2
2073 2335 2
2073 2373 3
2073 2544 2
2073 2664 4
2073 2715 2
2073 2909 8
2074 2108 1
2074 2611 4
2074 2648 7
2074 2667 2
2074 2668 8
2074 2686 5
2074 2740 4
2074 2905 1
2075 2160 2
2075 2359 2
2075 2402 6
2075 2487 2
2075 2616 7
2075 2647 10
2075 2724 2
2075 2747 4
2075 2808 10
2075 2852 4
2075 2918 10
2075 2923 1
2076 2281 1
2076 2353 10
2076 2661 3
2076 2690 4
2076 2790 6
2076 2800 8
2076 2910 7
2077 2136 10
2077 2150 4
2077 2397 5
2077 2447 9
2077 2494 9
2077 2595 7
2077 2750 3
2077 2754 6
2077 2854 10
2077 2890 9
2077 2941 7
2078 2182 6
2078 2234 9
2078 2314 6
2078 2445 1
2078 2540 2
2078 2581 8
2078 2633 7
2078 2662 4
2078 2939 2
2078 2979 2
2079 2097 8
2079 2117 6
2079 2317 4
2079 2355 3
2079 2407 9
2079 2446 1
2079 2829 6
2079 2837 7
2079 2981 7
2080 2602 8
2080 2652 9
2080 2664 1
2080 2711 9
2080 2764 3
2080 2843 2
2080 2928 7
2080 2974 4
2081 2388 9
2081 2403 2
2081 2599 9
2081 2732 4
2081 2745 7
2081 2817 2
2082 2099 10
2082 2106 2
2082 2352 3
2082 2469 6
2082 2575 8
2082 2601 9
2082 2609 3
2082 2624 10
2082 2653 3
2082 2708 3
2082 2710 8
2082 2917 1
2082 2937 8
2082 2985 9
2083 2169 6
2083 2199 7
2083 2208 4
2083 2291 6
2083 2409 1
2083 2467 2
2083 2582 9
2083 2688 8
2083 2728 10
2083 2779 6
2083 2877 8
2083 2906 7
2084 2147 7
2084 2198 3
2084 2286 4
2084 2376 2
2084 2422 1
2084 2868 3
2084 2958 1
2085 2190 8
2085 2206 2
2085 2315 5
2085 2421 4
2085 2503 7
2086 2123 8
2086 2497 10
2086 2506 8
2086 2640 3
2086 2799 5
2086 2929 4
2086 2990 7
2086 2993 8
2087 2092 5
2087 2144 4
2087 2149 2
2087 2202 8
2087 2211 7
2087 2301 8
2087 2314 2
2087 2655 5
2087 2727 5
2087 2902 8
2087 2910 1
2088 2487 9
2088 2512 4
2088 2544 10
2088 2642 1
2088 2840 10
2089 2138 8
2089 2275 7
2089 2646 1
2089 2801 7
2090 2168 1
2090 2289 5
2090 2392 6
2090 2509 1
2090 2550 5
2090 2570 3
2090 2631 6
2090 2670 4
2090 2735 10
2090 2858 1
2091 2109 5
2091 2305 2
2091 2316 5
2091 2470 1
2091 2553 1
2091 2650 6
2091 2695 4
2091 2711 5
2091 2726 9
2092 2172 10
2092 2290 3
2092 2343 4
2092 2359 5
2092 2444 6
2092 2554 7
2092 2645 10
2092 2650 4
2093 2306 1
2093 2393 9
2093 2514 3
2093 2823 10
2093 2976 4
2094 2297 8
2094 2411 8
2094 2469 3
2094 2490 8
2094 2592 6
2094 2801 8
2095 2224 1
2095 2242 2
2095 2270 10
2095 2407 3
2095 2603 6
2096 2113 8
2096 2126 8
2096 2207 8
2096 2241 9
2096 2285 5
2096 2372 7
2096 2418 5
2096 2556 2
2096 2605 3
2096 2856 1
2096 2891 8
2096 2947 1
2097 2116 2
2097 2127 5
2097 2544 4
2097 2799 2
2097 2949 5
2097 2950 7
2098 2116 10
2098 2275 3
2098 2288 6
2098 2420 1
2098 2449 9
2098 2496 8
2098 2508 10
2098 2571 10
2098 2592 10
2098 2623 9
2098 2647 4
2098 2676 1
2098 2709 7
2098 2771 10
2098 2883 9
2098 2896 1
2099 2134 4
2099 2348 4
2099 2470 7
2099 2516 10
2099 2709 5
2099 2725 4
2099 2756 3
2099 2827 2
2099 2835 1
2099 2976 4
2100 2198 5
2100 2356 9
2100 2703 2
2100 2818 1
2100 2854 7
2101 2135 3
2101 2138 9
2101 2312 7
2101 2354 3
2101 2400 8
2101 2589 1
2101 2610 7
2101 2708 4
2101 2752 8
2101 2828 3
2101 2837 2
2101 2926 1
2101 2999 9
2102 2268 10
2102 2323 4
2102 2324 4
2102 2567 2
2102 2576 3
2102 2767 6
2102 2906 2
2103 2223 3
2103 2586 2
2103 2602 9
2103 2648 10
2103 2754 7
2103 2796 2
2103 2825 9
2103 2891 3
2103 2944 4
2104 2155 3
2104 2286 6
2104 2305 1
2104 2480 8
2104 2603 2
2104 2916 10
2105 2127 4
2105 2573 8
2105 2600 10
2105 2939 9
2106 2154 10
2106 2459 8
2106 2466 6
2106 2579 9
2106 2701 4
2106 2733 3
2106 2816 5
2106 2972 1
2107 2292 5
2107 2319 2
2107 2473 2
2107 2968 3
2108 2350 5
2108 2398 7
2108 2409 4
2108 2458 6
2108 2487 4
2108 2521 10
2108 2578 1
2108 2645 10
2108 2651 9
2108 2916 5
2108 2918 10
2108 2943 1
2109 2248 7
2109 2353 9
2109 2356 9
2109 2391 3
2109 2456 1
2109 2606 1
2109 2659 4
2109 2689 5
2109 2696 2
2109 2867 10
2110 2131 2
2110 2434 2
2110 2801 9
2111 2214 6
2111 2390 9
2111 2479 3
2111 2570 10
2111 2669 4
2112 2196 4
2112 2208 1
2112 2244 10
2112 2447 4
2112 2465 10
2112 2610 1
2112 2612 6
2112 2615 9
2112 2820 4
2113 2282 1
2113 2285 1
2113 2368 1
2113 2451 6
2113 2835 5
2113 2990 6
2114 2397 7
2114 2441 5
2114 2481 1
2114 2628 3
2114 2642 4
2114 2649 3
2114 2680 9
2114 2757 3
2114 2848 4
2115 2193 2
2115 2323 8
2115 2415 10
2115 2536 7
2115 2626 1
2115 2662 3
2115 2691 5
2115 2715 7
2115 2910 5
2115 2967 2
2116 2190 4
2116 2387 5
2116 2559 10
2116 2569 4
2116 2674 2
2116 2821 3
2116 2827 9
2116 2895 5
2117 2185 10
2117 2252 1
2117 2394 1
2117 2541 1
2117 2754 8
2117 2807 7
2117 2811 3
2117 2926 7
2118 2154 4
2118 2447 2
2118 2457 3
2118 2528 2
2118 2540 4
2118 2882 10
2118 2994 5
2119 2171 1
2119 2285 10
2119 2439 6
2119 2544 2
2119 2575 4
2119 2620 5
2119 2656 4
2119 2867 3
2119 2886 1
2119 2956 8
2119 2970 7
2120 2221 5
2120 2324 10
2120 2434 6
2120 2449 7
2120 2566 10
2120 2572 9
2120 2586 3
2120 2695 4
2120 2911 1
2120 2931 6
2120 2939 10
2120 2956 6
2120 2965 5
2120 2997 9
2121 2261 8
2121 2262 7
2121 2367 8
2121 2415 3
2121 2501 4
2121 2729 10
2121 2747 6
2121 2768 10
2122 2339 5
2122 2509 7
2122 2512 3
2122 2768 7
2122 2781 5
2122 2968 5
2123 2207 8
2123 2270 2
2123 2308 3
2123 2329 9
2123 2373 2
2123 2468 8
2123 2674 6
2123 2750 4
2123 2773 1
2124 2280 4
2124 2454 8
2124 2542 3
2124 2628 6
2124 2641 2
2124 2771 2
2125 2146 4
2125 2222 4
2125 2282 6
2125 2367 5
2125 2462 1
2125 2550 6
2125 2646 1
2125 2700 2
2125 2948 6
2125 2951 1
2126 2143 1
2126 2277 10
2126 2369 10
2126 2395 8
2126 2421 8
2126 2447 4
2126 2483 10
2126 2493 5
2126 2572 6
2126 2574 2
2126 2613 10
2126 2614 1
2126 2669 4
2126 2765 1
2126 2807 10
2126 2844 8
2126 2993 8
2127 2172 5
2127 2436 1
2127 2497 4
2127 2523 6
2127 2536 5
2127 2734 5
2128 2165 6
2128 2316 4
2128 2379 2
2128 2671 9
2128 2724 6
2129 2131 5
2129 2171 4
2129 2196 1
2129 2343 1
2129 2392 7
2129 2407 1
2129 2438 4
2129 2461 1
2129 2493 6
2129 2518 9
2129 2656 4
2129 2958 5
2130 2221 2
2130 2222 1
2130 2294 9
2130 2592 7
2130 2684 4
2130 2790 8
2130 2798 8
2130 2843 8
2131 2203 4
2131 2257 6
2131 2390 7
2131 2742 3
2131 2798 10
2131 2919 3
2131 2970 9
2132 2155 9
2132 2297 8
2132 2545 10
2132 2572 2
2132 2595 10
2132 2634 2
2132 2718 5
2133 2135 9
2133 2207 3
2133 2300 8
2133 2335 3
2133 2477 2
2133 2482 7
2133 2594 1
2133 2747 9
2133 2771 4
2134 2178 8
2134 2298 6
2134 2322 8
2134 2471 2
2134 2477 5
2134 2929 4
2134 2932 8
2134 2976 8
2134 2982 8
2134 2984 9
2135 2146 9
2135 2523 2
2135 2696 5
2135 2865 5
2135 2943 10
2136 2449 2
2136 2560 4
2136 2598 9
2136 2631 7
2136 2656 9
2136 2772 8
2136 2872 5
2136 2929 2
2137 2159 1
2137 2214 2
2137 2366 3
2137 2451 9
2137 2521 3
2137 2531 5
2137 2694 4
2137 2756 2
2137 2809 9
2137 2820 1
2137 2821 6
2137 2827 8
2137 2906 2
2137 2925 5
2137 2986 10
2138 2238 5
2138 2378 2
2138 2422 3
2138 2641 10
2138 2739 9
2138 2812 1
2138 2908 6
2139 2145 6
2139 2483 5
2139 2584 5
2139 2614 3
2139 2781 3
2139 2877 8
2139 2893 5
2139 2991 4
2140 2147 1
2140 2229 3
2140 2632 6
2140 2731 5
2140 2799 4
2140 2824 1
2140 2976 6
2141 2336 6
2141 2412 7
2141 2507 7
2141 2516 1
2141 2537 2
2141 2625 9
2141 2651 8
2141 2653 2
2141 2857 2
2142 2203 4
2142 2712 10
2142 2754 7
2142 2787 9
2142 2933 5
2142 2981 7
2143 2398 2
2143 2503 5
2143 2515 10
2143 2578 6
2143 2593 2
2143 2661 7
2143 2703 2
2143 2716 1
2143 2753 9
2144 2150 4
2144 2190 7
2144 2211 2
2144 2337 3
2144 2475 2
2144 2612 4
2144 2631 4
2144 2770 7
2144 2860 7
2145 2633 6
2145 2798 2
2145 2996 10
2146 2314 4
2146 2371 3
2146 2435 2
2146 2484 4
2146 2499 10
2146 2560 8
2146 2623 10
2146 2798 3
2147 2149 3
2147 2257 4
2147 2557 5
2147 2584 8
2147 2595 1
2147 2780 9
2147 2878 5
2147 2966 3
2148 2327 10
2148 2339 10
2148 2496 7
2148 2669 3
2148 2734 5
2148 2745 1
2148 2751 3
2148 2887 8
2149 2172 9
2149 2429 1
2149 2458 10
2149 2704 5
2149 2787 6
2149 2892 1
2150 2418 2
2150 2679 1
2150 2788 5
2150 2976 9
2151 2233 5
2151 2266 10
2151 2300 3
2151 2319 9
2151 2561 9
2151 2635 1
2151 2864 6
2151 2918 10
2151 2923 9
2151 2952 3
2152 2170 2
2152 2264 7
2152 2373 9
2152 2387 4
2152 2837 5
2153 2182 8
2153 2241 3
2153 2352 7
2153 2442 1
2153 2486 10
2153 2550 2
2153 2662 5
2153 2712 3
2153 2885 9
2153 2894 4
2153 2969 7
2154 2277 2
2154 2397 1
2154 2477 1
2154 2733 3
2154 2777 8
2154 2788 9
2154 2797 3
2154 2854 1
2154 2951 4
2154 2995 1
2155 2186 9
2155 2251 8
2155 2424 10
2155 2470 7
2155 2681 2
2155 2732 10
2155 2752 7
2156 2394 2
2156 2425 3
2156 2651 7
2156 2833 4
2156 2847 3
2157 2206 7
2157 2343 5
2157 2344 10
2157 2596 1
2157 2748 8
2157 2768 2
2157 2969 3
2158 2171 10
2158 2287 8
2158 2479 10
2158 2488 1
2158 2522 4
2158 2526 3
2158 2530 2
2158 2598 7
2158 2866 6
2158 2882 5
2158 2895 5
2158 2939 4
2158 2966 3
2159 2522 1
2159 2534 1
2159 2535 9
2159 2583 9
2159 2589 6
2159 2647 6
2159 2669 3
2159 2911 7
2160 2173 1
2160 2218 5
2160 2311 3
2160 2473 6
2160 2486 3
2160 2497 2
2160 2587 3
2160 2726 10
2161 2504 4
2161 2514 8
2161 2552 8
2161 2590 4
2161 2676 8
2161 2844 3
2161 2872 8
2161 2922 9
2162 2361 6
2162 2399 9
2162 2599 10
2162 2636 1
2162 2650 4
2162 2786 2
2162 2820 7
2162 2872 9
2162 2973 2
2163 2199 9
2163 2269 3
2163 2399 8
2163 2498 7
2163 2613 4
2163 2631 6
2163 2758 10
2163 2904 6
2163 2956 6
2164 2277 7
2164 2285 9
2164 2603 1
2164 2703 1
2164 2747 5
2164 2825 3
2165 2166 3
2165 2178 10
2165 2288 9
2165 2497 8
2165 2531 9
2165 2550 6
2165 2559 6
2165 2771 4
2165 2809 5
2165 2840 5
2165 2936 8
2165 2940 8
2166 2261 2
2166 2309 5
2166 2315 5
2166 2316 2
2166 2327 6
2166 2432 4
2166 2514 10
2166 2551 9
2166 2624 7
2166 2658 2
2166 2681 2
2166 2697 2
2166 2717 4
2166 2782 5
2166 2862 10
2166 2879 7
2166 2899 1
2166 2947 6
2166 2996 10
2167 2280 6
2167 2295 10
2167 2328 10
2167 2395 4
2167 2411 3
2167 2463 10
2167 2477 1
2167 2535 7
2167 2680 5
2167 2729 8
2167 2741 4
2167 2969 7
2168 2169 8
2168 2193 1
2168 2260 7
2168 2291 2
2168 2495 3
2168 2541 7
2168 2661 10
2168 2662 10
2168 2800 3
2168 2880 6
2168 2881 9
2168 2896 6
2169 2479 7
2169 2581 9
2169 2612 8
2169 2657 4
2169 2861 1
2169 2929 6
2169 2946 6
2170 2274 4
2170 2295 9
2170 2302 2
2170 2308 2
2170 2611 4
2170 2629 10
2170 2671 6
2170 2717 4
2170 2782 6
2171 2346 6
2171 2374 4
2171 2562 10
2171 2678 4
2171 2802 6
2171 2957 5
2172 2475 7
2172 2694 1
2172 2982 6
2173 2195 3
2173 2244 7
2173 2546 2
2173 2705 5
2173 2790 10
2174 2295 3
2174 2316 9
2174 2680 7
2174 2701 7
2174 2743 7
2174 2784 7
2174 2906 6
2174 2912 2
2174 2961 1
2175 2293 5
2175 2364 8
2175 2474 6
2175 2520 4
2175 2596 2
2175 2793 9
2175 2884 5
2175 2893 9
2176 2191 2
2176 2247 9
2176 2276 7
2176 2336 1
2176 2427 5
2176 2467 3
2176 2527 4
2176 2680 6
2176 2728 5
2176 2740 4
2176 2889 4
2177 2491 6
2177 2546 6
2177 2620 5
2177 2699 2
2177 2792 1
2178 2190 3
2178 2320 4
2178 2353 10
2178 2656 2
2178 2660 6
2178 2821 2
2178 2854 3
2178 2962 5
2178 2969 8
2179 2334 3
2179 2412 9
2179 2604 7
2179 2666 10
2179 2690 2
2179 2761 7
2179 2865 3
2179 2990 9
2180 2345 2
2180 2375 1
2180 2454 1
2180 2495 8
2180 2541 3
2180 2618 8
2180 2654 6
2180 2679 1
2180 2764 4
2180 2773 4
2180 2896 4
2180 2941 6
2180 2954 8
2181 2457 7
2181 2487 5
2181 2513 8
2181 2596 9
2181 2945 6
2182 2270 9
2182 2365 3
2182 2403 8
2182 2454 3
2182 2578 5
2182 2958 6
2183 2301 4
2183 2426 1
2183 2503 1
2183 2527 6
2183 2559 10
2183 2682 6
2183 2828 7
2183 2841 4
2183 2885 7
2183 2998 9
2184 2374 1
2184 2401 6
2184 2462 10
2184 2606 1
2184 2635 10
2185 2212 8
2185 2221 4
2185 2600 8
2185 2915 9
2185 2990 1
2186 2212 9
2186 2222 4
2186 2350 9
2186 2506 2
2186 2652 4
2186 2863 2
2186 2894 2
2186 2921 4
2187 2217 4
2187 2362 4
2187 2386 10
2187 2722 9
2187 2844 6
2187 2872 7
2187 2905 8
2188 2262 3
2188 2440 4
2188 2730 7
2188 2806 8
2188 2954 6
2189 2219 9
2189 2239 9
2189 2317 1
2189 2474 1
2189 2902 3
2189 2912 4
2189 2984 6
2190 2342 6
2190 2387 2
2190 2523 5
2190 2717 3
2190 2778 3
2190 2790 4
2190 2815 8
2190 2889 10
2190 2926 3
2191 2280 1
2191 2325 8
2191 2343 1
2191 2383 7
2191 2385 3
2191 2453 5
2191 2537 5
2191 2547 6
2191 2559 4
2191 2648 8
2191 2839 8
2191 2985 9
2192 2230 4
2192 2260 8
2192 2275 4
2192 2328 1
2192 2524 9
2192 2595 5
2192 2744 9
2192 2822 4
2192 2870 2
2193 2245 2
2193 2452 7
2193 2545 2
2193 2574 6
2194 2252 9
2194 2302 1
2194 2336 9
2194 2351 5
2194 2353 8
2194 2385 4
2194 2430 6
2194 2438 10
2194 2549 2
2194 2596 9
2194 2611 8
2194 2731 6
2194 2818 3
2195 2335 3
2195 2385 7
2195 2413 7
2195 2414 10
2195 2428 3
2195 2435 7
2195 2457 9
2195 2514 10
2195 2655 3
2195 2676 9
2195 2978 3
2195 2987 3
2196 2304 7
2196 2338 1
2196 2385 10
2196 2510 7
2196 2553 6
2196 2625 1
2196 2760 1
2196 2766 4
2197 2199 2
2197 2303 10
2197 2322 10
2197 2387 4
2197 2535 9
2197 2663 3
2197 2672 6
2197 2748 2
2197 2772 7
2198 2243 6
2198 2300 8
2198 2385 1
2198 2486 10
2198 2566 10
2198 2572 9
2198 2718 8
2198 2736 9
2198 2763 7
2198 2837 1
2198 2959 6
2199 2425 10
2199 2434 5
2199 2468 9
2199 2656 2
2199 2858 10
2199 2884 1
2199 2921 1
2199 2958 4
2200 2232 2
2200 2393 3
2200 2600 1
2200 2802 9
2200 2904 9
2200 2964 8
2201 2293 6
2201 2342 4
2201 2482 9
2201 2514 2
2201 2557 2
2201 2649 2
2201 2685 2
2201 2767 9
2201 2853 3
2202 2231 2
2202 2233 8
2202 2278 5
2202 2311 9
2202 2346 7
2202 2499 5
2202 2576 9
2202 2686 1
2202 2826 9
2202 2873 10
2203 2259 3
2203 2290 2
2203 2492 8
2203 2566 6
2203 2832 1
2203 2948 8
2204 2218 7
2204 2243 1
2204 2324 7
2204 2326 5
2204 2389 7
2204 2473 5
2204 2573 5
2204 2587 5
2204 2609 5
2204 2738 1
2204 2815 8
2204 2837 1
2205 2394 5
2205 2436 3
2205 2517 1
2205 2746 2
2205 2760 5
2205 2792 5
2206 2296 5
2206 2482 4
2206 2524 5
2206 2983 10
2207 2225 1
2207 2266 2
2207 2410 1
2207 2529 4
2207 2593 10
2207 2607 2
2207 2673 7
2207 2699 2
2207 2703 6
2207 2745 8
2207 2836 8
2207 2876 2
2207 2918 5
2207 2952 8
2207 2979 6
2207 2985 10
2207 2988 2
2207 2997 7
2208 2256 5
2208 2282 9
2208 2438 6
2208 2761 2
2208 2954 4
2209 2319 2
2209 2325 3
2209 2436 9
2209 2662 6
2209 2670 1
2209 2724 7
2209 2750 4
2209 2949 4
2210 2312 7
2210 2329 7
2210 2345 3
2210 2970 5
2211 2232 1
2211 2266 8
2211 2533 4
2211 2540 6
2211 2601 1
2211 2615 9
2211 2879 6
2211 2915 9
2212 2221 6
2212 2235 8
2212 2294 9
2212 2308 10
2212 2329 2
2212 2382 5
2212 2499 7
2212 2684 5
2212 2935 3
2213 2231 10
2213 2347 10
2213 2350 3
2213 2434 4
2213 2701 9
2214 2380 9
2214 2415 1
2214 2679 5
2215 2244 3
2215 2259 7
2215 2395 7
2215 2398 9
2215 2636 4
2215 2929 6
2216 2325 9
2216 2388 4
2216 2438 5
2216 2536 1
2216 2595 10
2216 2878 4
2216 2919 8
2217 2291 8
2217 2412 9
2217 2456 3
2217 2504 5
2217 2650 5
2217 2750 10
2217 2915 4
2218 2258 8
2218 2270 7
2218 2347 2
2218 2466 5
2218 2575 1
2218 2690 2
2218 2764 8
2218 2767 10
2218 2807 3
2218 2938 5
2218 2954 4
2219 2235 1
2219 2266 7
2219 2384 7
2219 2406 5
2219 2436 8
2219 2543 8
2219 2582 8
2219 2637 7
2219 2746 7
2219 2833 1
2219 2844 6
2220 2485 3
2220 2625 1
2220 2644 7
2220 2896 4
2220 2941 7
2220 2972 8
2221 2240 5
2221 2253 2
2221 2296 3
2221 2495 10
2221 2661 2
2221 2746 3
2221 2929 6
2222 2244 2
2222 2255 2
2222 2256 5
2222 2260 9
2222 2389 2
2222 2531 1
2222 2543 10
2222 2709 7
2222 2819 1
2222 2897 5
2222 2939 8
2223 2224 8
2223 2442 5
2223 2511 10
2223 2526 4
2223 2616 5
2223 2653 4
2223 2656 7
2223 2782 6
2223 2805 8
2223 2938 3
2224 2230 5
2224 2240 9
2224 2245 5
2224 2291 3
2224 2372 9
2224 2395 9
2224 2475 1
2224 2486 8
2224 2556 7
2224 2620 8
2224 2665 6
2224 2717 7
2224 2769 2
2224 2826 5
2224 2856 4
2224 2906 3
2224 2972 2
2225 2293 9
2225 2371 7
2225 2483 7
2225 2531 3
2225 2864 2
2225 2951 8
2225 2991 8
2226 2537 10
2226 2680 7
2226 2793 6
2226 2810 8
2226 2904 2
2226 2908 10
2227 2288 3
2227 2566 9
2227 2701 3
2227 2708 1
2227 2906 3
2227 2976 7
2227 2981 9
2228 2235 6
2228 2306 1
2228 2403 8
2228 2439 3
2228 2665 7
2228 2731 8
2228 2737 6
2228 2908 9
2228 2996 9
2229 2304 5
2229 2481 2
2229 2492 7
2229 2571 7
2229 2711 9
2229 2719 8
2229 2833 3
2229 2867 9
2230 2263 8
2230 2302 1
2230 2468 9
2230 2615 10
2230 2677 4
2230 2706 4
2230 2749 9
2230 2797 8
2230 2825 10
2230 2827 6
2230 2923 1
2230 2942 5
2230 2950 10
2231 2252 2
2231 2277 4
2231 2330 10
2231 2391 3
2231 2406 1
2231 2883 10
2232 2438 4
2232 2537 4
2232 2657 7
2232 2688 1
2232 2721 7
2232 2813 9
2232 2837 9
2233 2470 5
2233 2505 8
2233 2670 3
2233 2715 10
2233 2841 10
2233 2905 6
2233 2917 1
2234 2275 4
2234 2342 2
2234 2394 9
2234 2531 4
2234 2537 2
2234 2677 1
2234 2681 3
2234 2730 3
2234 2892 2
2234 2939 4
2234 2971 2
2234 2973 8
2235 2264 9
2235 2459 7
2235 2487 1
2235 2553 3
2235 2591 7
2235 2641 3
2235 2692 1
2235 2722 7
2235 2827 8
2235 2943 10
2235 2990 2
2235 2996 7
2236 2237 8
2236 2301 8
2236 2489 5
2236 2533 7
2236 2710 9
2236 2753 3
2236 2818 7
2237 2260 2
2237 2302 9
2237 2415 3
2237 2419 10
2237 2487 2
2237 2501 7
2237 2552 3
2237 2632 2
2237 2810 9
2237 2811 5
2237 2952 6
2238 2527 1
2238 2574 10
2238 2848 9
2238 2899 7
2238 2985 9
2239 2348 4
2239 2508 2
2239 2546 5
2239 2555 10
2239 2671 2
2239 2703 9
2239 2880 9
2240 2366 9
2240 2394 4
2240 2475 1
2240 2486 9
2240 2625 1
2240 2647 6
2240 2739 9
2240 2932 2
2241 2356 5
2241 2357 6
2241 2520 8
2241 2564 6
2241 2625 4
2241 2648 2
2241 2714 7
2242 2305 6
2242 2322 9
2242 2546 3
2242 2552 10
2242 2569 10
2242 2577 10
2242 2776 10
2242 2792 7
2242 2805 1
2242 2807 1
2242 2907 1
2243 2359 10
2243 2395 3
2243 2423 1
2243 2527 7
2243 2636 4
2243 2713 7
2243 2723 10
2243 2764 3
2243 2866 6
2243 2945 10
2244 2261 1
2244 2475 7
2244 2568 5
2244 2666 2
2244 2713 4
2244 2719 10
2244 2892 10
2245 2398 10
2245 2442 2
2245 2649 9
2245 2829 5
2245 2931 4
2246 2329 4
2246 2383 7
2246 2432 3
2246 2477 1
2246 2540 7
2246 2722 8
2246 2775 6
2247 2416 4
2247 2580 3
2247 2607 2
2247 2623 1
2247 2626 2
2247 2657 6
2247 2724 2
2247 2889 10
2247 2980 3
2247 2996 9
2248 2546 10
2248 2599 4
2248 2714 2
2248 2817 2
2248 2873 7
2248 2895 3
2249 2263 8
2249 2414 6
2249 2503 9
2249 2694 2
2249 2722 7
2249 2750 7
2249 2788 7
2250 2342 2
2250 2491 7
2250 2607 2
2250 2773 9
2250 2879 3
2250 2967 3
2251 2329 9
2251 2513 6
2251 2599 1
2251 2822 10
2252 2256 4
2252 2372 1
2252 2638 6
2252 2709 2
2252 2799 4
2252 2929 2
2253 2324 3
2253 2344 9
2253 2488 2
2253 2503 2
2253 2749 10
2253 2892 9
2253 2914 6
2254 2541 7
2255 2488 5
2255 2832 3
2255 2855 3
2256 2325 10
2256 2362 5
2256 2399 5
2256 2464 8
2256 2710 10
2257 2338 4
2257 2378 8
2257 2462 9
2257 2592 1
2257 2635 6
2257 2686 7
2257 2750 9
2257 2764 9
2257 2839 1
2257 2867 6
2257 2882 7
2258 2288 1
2258 2356 7
2258 2811 8
2258 2841 6
2259 2466 3
2259 2488 4
2259 2537 1
2259 2568 6
2259 2614 1
2259 2854 3
2259 2970 8
2260 2290 3
2260 2339 9
2260 2355 8
2260 2390 4
2260 2433 2
2260 2493 5
2260 2503 1
2260 2665 8
2260 2727 7
2260 2770 5
2260 2830 4
2261 2322 4
2261 2415 9
2261 2527 7
2261 2774 9
2261 2829 6
2261 2933 5
2262 2464 3
2262 2505 6
2262 2519 8
2262 2532 9
2262 2609 9
2262 2661 7
2262 2817 3
2262 2854 4
2262 2910 8
2262 2945 2
2263 2301 9
2263 2374 7
2263 2406 6
2263 2475 4
2263 2600 9
2263 2648 6
2263 2661 5
2263 2720 1
2263 2737 3
2263 2767 8
2263 2813 10
2264 2326 1
2264 2385 3
2264 2523 4
2264 2535 6
2264 2784 5
2264 2808 7
2264 2847 10
2264 2856 2
2264 2915 7
2265 2324 2
2265 2332 9
2265 2415 10
2265 2449 10
2265 2983 3
2266 2292 6
2266 2312 7
2266 2498 10
2266 2557 4
2266 2567 5
2266 2586 6
2266 2690 4
2266 2824 8
2266 2925 5
2267 2303 5
2267 2368 9
2267 2394 8
2267 2812 4
2267 2894 3
2267 2900 9
2267 2935 8
2268 2647 1
2268 2679 1
2268 2878 4
2269 2369 6
2269 2670 2
2269 2770 7
2269 2781 2
2270 2358 5
2270 2360 7
2270 2402 5
2270 2443 7
2270 2518 7
2270 2559 10
2271 2318 10
2271 2349 2
2271 2417 3
2271 2542 4
2271 2591 5
2271 2601 9
2271 2615 3
2271 2627 7
2271 2630 3
2271 2678 2
2271 2680 1
2271 2892 3
2271 2901 3
2271 2995 4
2272 2410 2
2272 2451 10
2272 2586 8
2272 2611 2
2272 2782 2
2273 2276 7
2273 2302 2
2273 2337 2
2273 2561 10
2273 2567 7
2273 2632 5
2273 2703 6
2273 2714 9
2273 2984 1
2274 2275 4
2274 2393 8
2274 2571 4
2274 2577 3
2274 2639 1
2274 2694 9
2274 2739 8
2274 2791 6
2274 2859 10
2274 2918 6
2275 2318 8
2275 2345 6
2275 2368 1
2275 2381 9
2275 2454 7
2275 2630 6
2275 2803 8
2275 2920 3
2275 2934 6
2276 2279 7
2276 2282 8
2276 2343 4
2276 2352 10
2276 2383 3
2276 2803 8
2276 2901 10
2276 2951 2
2276 2963 4
2276 2997 1
2277 2344 4
2277 2547 10
2277 2553 7
2277 2624 1
2277 2697 10
2277 2840 10
2278 2287 9
2278 2355 9
2278 2501 3
2278 2598 6
2278 2694 10
2278 2908 5
2278 2936 2
2279 2420 8
2279 2425 7
2279 2546 1
2279 2597 4
2279 2652 5
2279 2879 6
2280 2373 2
2280 2790 3
2281 2304 10
2281 2403 10
2281 2575 5
2281 2582 8
2281 2615 10
2281 2623 7
2281 2769 7
2281 2872 4
2281 2873 7
2281 2939 6
2282 2341 4
2282 2352 4
2282 2490 8
2282 2582 6
2282 2631 3
2282 2662 8
2282 2675 2
2282 2771 6
2282 2912 6
2282 2943 1
2282 2998 8
2283 2365 9
2283 2383 10
2283 2384 1
2283 2537 7
2283 2556 3
2283 2563 8
2283 2627 8
2284 2299 6
2284 2305 2
2284 2342 7
2284 2562 6
2284 2699 9
2284 2771 8
2284 2808 9
2284 2892 9
2285 2288 6
2285 2314 4
2285 2456 9
2285 2505 3
2285 2549 9
2285 2682 6
2285 2699 10
2285 2715 6
2285 2970 1
2286 2360 5
2286 2505 2
2286 2547 10
2286 2566 2
2286 2626 7
2286 2754 9
2286 2777 5
2286 2785 10
2287 2385 2
2287 2460 7
2287 2640 6
2287 2722 2
2287 2781 2
2287 2877 7
2287 2981 7
2288 2412 2
2288 2495 6
2288 2556 2
2288 2571 1
2288 2660 3
2288 2970 8
2289 2291 2
2289 2572 10
2289 2637 2
2289 2709 5
2289 2872 10
2289 2929 4
2289 2970 7
2289 2972 6
2289 2983 9
2290 2388 9
2290 2408 5
2290 2500 8
2290 2564 5
2290 2622 6
2290 2632 9
2290 2637 4
2290 2638 4
2290 2780 10
2290 2917 3
2290 2968 8
2291 2343 6
2291 2362 10
2291 2389 2
2291 2521 6
2291 2528 3
2291 2533 9
2291 2596 5
2292 2472 7
2292 2486 7
2292 2523 2
2292 2574 5
2292 2622 9
2292 2625 9
2292 2769 1
2292 2806 8
2292 2872 1
2293 2296 9
2293 2302 5
2293 2327 6
2293 2363 6
2293 2507 6
2293 2550 3
2293 2558 10
2293 2717 10
2293 2837 5
2293 2893 2
2293 2906 1
2293 2922 10
2294 2304 2
2294 2367 2
2294 2387 7
2294 2629 3
2295 2365 7
2295 2556 2
2295 2723 7
2295 2772 5
2295 2838 6
2295 2950 7
2295 2952 7
2296 2350 6
2296 2366 7
2296 2369 9
2296 2609 7
2296 2621 2
2296 2694 1
2296 2733 9
2296 2821 9
2297 2308 10
2297 2383 2
2297 2439 3
2297 2475 2
2297 2476 1
2297 2524 5
2297 2624 1
2297 2729 2
2297 2821 7
2298 2329 10
2298 2447 8
2298 2549 2
2298 2700 2
2298 2832 9
2298 2950 10
2299 2367 3
2299 2547 10
2299 2645 6
2299 2658 4
2299 2718 1
2299 2777 3
2299 2784 6
2299 2800 2
2299 2899 6
2299 2989 2
2300 2335 3
2300 2526 8
2300 2609 1
2300 2654 2
2300 2739 9
2300 2740 6
2300 2895 7
2300 2908 7
2300 2929 6
2300 2999 10
2301 2337 3
2301 2522 8
2301 2576 8
2301 2594 3
2301 2613 5
2301 2694 1
2301 2885 3
2301 2901 1
2302 2572 7
2302 2718 3
2302 2883 3
2303 2393 2
2303 2524 8
2303 2563 1
2303 2571 10
2303 2712 6
2303 2904 6
2304 2466 9
2304 2530 10
2304 2601 4
2304 2696 3
2304 2734 6
2304 2866 7
2304 2876 4
2305 2390 7
2305 2558 7
2305 2684 6
2305 2853 4
2305 2869 1
2306 2567 8
2306 2603 10
2306 2629 7
2306 2693 4
2306 2784 8
2306 2792 6
2306 2941 1
2307 2497 9
2307 2592 10
2307 2595 3
2307 2682 2
2307 2738 7
2307 2745 9
2307 2835 1
2307 2868 2
2308 2309 8
2308 2499 5
2308 2526 4
2308 2541 1
2308 2617 7
2308 2806 6
2308 2849 2
2308 2869 1
2308 2982 3
2309 2360 10
2309 2555 1
2309 2606 7
2309 2845 6
2310 2395 3
2310 2601 3
2310 2771 3
2310 2779 1
2310 2788 10
2310 2831 3
2310 2871 1
2310 2943 5
2311 2327 2
2311 2400 7
2311 2618 2
2311 2653 10
2311 2665 5
2311 2674 2
2311 2716 7
2311 2850 3
2311 2901 2
2312 2335 8
2312 2486 4
2312 2510 9
2312 2568 8
2312 2650 5
2312 2722 8
2312 2803 6
2312 2891 9
2313 2322 3
2313 2500 9
2313 2553 7
2313 2557 9
2313 2598 4
2313 2663 3
2313 2712 9
2313 2841 8
2313 2949 3
2314 2505 3
2314 2707 5
2314 2769 10
2314 2875 10
2314 2935 10
2315 2327 10
2315 2337 7
2315 2584 3
2315 2720 2
2316 2321 2
2316 2404 2
2316 2554 2
2316 2609 7
2316 2766 5
2316 2862 5
2317 2555 1
2317 2762 4
2317 2795 8
2317 2855 8
2317 2933 7
2318 2329 10
2318 2397 3
2318 2741 5
2318 2841 5
2318 2856 10
2318 2999 3
2319 2357 2
2319 2486 10
2319 2528 1
2319 2575 3
2319 2579 10
2319 2852 6
2320 2398 4
2320 2401 1
2320 2416 1
2320 2417 4
2320 2471 2
2320 2493 9
2320 2508 4
2320 2624 9
2320 2627 8
2320 2685 10
2320 2698 10
2320 2776 10
2320 2999 2
2321 2327 6
2321 2330 1
2321 2399 7
2321 2401 10
2321 2664 1
2321 2764 6
2321 2837 6
2321 2993 3
2322 2332 7
2322 2376 6
2322 2388 4
2322 2557 8
2323 2351 4
2323 2522 1
2323 2532 6
2323 2549 4
2323 2603 10
2323 2618 5
2323 2766 9
2323 2824 9
2323 2826 1
2323 2847 7
2323 2960 5
2324 2405 10
2324 2417 6
2324 2728 9
2324 2732 7
2324 2787 10
2324 2946 7
2324 2979 9
2325 2402 7
2325 2504 6
2325 2656 7
2325 2780 1
2325 2785 3
2325 2866 8
2325 2893 2
2326 2345 1
2326 2366 10
2326 2560 7
2326 2649 5
2326 2830 2
2326 2884 5
2326 2953 8
2327 2336 4
2327 2353 2
2327 2510 7
2327 2564 6
2327 2709 1
2327 2799 6
2327 2818 1
2327 2822 2
2327 2950 6
2328 2623 2
2328 2639 10
2328 2974 1
2329 2347 2
2329 2382 3
2329 2402 6
2329 2446 3
2329 2468 3
2329 2509 2
2329 2703 3
2329 2763 4
2329 2849 6
2329 2983 8
2329 2994 9
2330 2475 8
2330 2807 8
2330 2850 6
2330 2983 4
2331 2661 6
2331 2778 7
2331 2792 8
2331 2801 3
2331 2852 4
2331 2859 1
2331 2874 1
2331 2875 9
2332 2365 1
2332 2777 7
2332 2787 3
2333 2376 7
2333 2404 1
2333 2521 5
2333 2532 5
2333 2611 5
2333 2647 5
2333 2732 10
2333 2742 7
2333 2838 4
2333 2999 2
2334 2390 3
2334 2506 10
2334 2677 4
2334 2765 8
2334 2956 2
2335 2500 6
2335 2519 6
2335 2598 7
2335 2876 8
2336 2388 9
2336 2394 9
2336 2403 3
2336 2415 1
2336 2532 3
2336 2541 2
2336 2633 2
2336 2666 7
2336 2766 1
2336 2781 6
2336 2790 7
2336 2861 1
2336 2878 10
2336 2969 2
2336 2997 2
2337 2362 7
2337 2365 10
2337 2524 8
2337 2618 7
2337 2640 4
2337 2715 1
2337 2782 5
2337 2989 3
2338 2368 2
2338 2461 3
2338 2711 2
2338 2791 4
2338 2841 3
2339 2349 4
2339 2561 8
2339 2885 7
2339 2949 10
2340 2438 9
2340 2472 10
2340 2473 6
2340 2692 2
2340 2812 4
2341 2361 10
2341 2410 9
2341 2440 10
2341 2663 10
2341 2694 8
2341 2846 4
2341 2893 6
2342 2459 7
2342 2516 3
2342 2530 1
2342 2600 1
2342 2620 10
2342 2839 3
2342 2909 8
2342 2956 9
2342 2970 1
2342 2993 9
2343 2400 6
2343 2535 2
2343 2684 7
2343 2883 9
2343 2923 10
2343 2925 4
2344 2359 3
2344 2460 10
2344 2514 6
2344 2520 3
2344 2523 3
2344 2703 1
2344 2706 3
2344 2771 3
2344 2924 4
2344 2968 7
2345 2408 6
2345 2594 4
2345 2650 3
2345 2939 2
2345 2992 4
2346 2770 1
2346 2889 10
2347 2489 5
2347 2955 8
2347 2971 8
2348 2441 1
2348 2470 3
2348 2669 9
2348 2750 2
2348 2778 5
2348 2887 9
2349 2547 1
2349 2670 3
2349 2778 7
2349 2999 9
2350 2440 7
2350 2563 9
2350 2612 4
2350 2686 2
2351 2404 1
2351 2435 1
2351 2577 9
2351 2622 5
2351 2882 7
2352 2359 5
2352 2430 1
2352 2750 9
2353 2675 6
2353 2796 8
2353 2950 5
2354 2486 8
2354 2744 5
2354 2760 7
2354 2813 8
2355 2358 7
2355 2362 3
2355 2513 10
2355 2631 9
2355 2678 7
2355 2914 7
2355 2950 10
2356 2417 6
2356 2548 7
2356 2717 1
2356 2865 4
2356 2899 1
2356 2921 1
2357 2444 6
2357 2590 9
2357 2848 7
2357 2857 3
2357 2915 5
2357 2950 7
2358 2426 6
2358 2438 2
2358 2551 7
2358 2617 10
2358 2732 2
2359 2367 8
2359 2388 1
2359 2728 5
2359 2734 6
2359 2792 9
2360 2431 9
2360 2485 6
2360 2567 8
2360 2775 9
2360 2877 8
2360 2929 10
2361 2370 5
2361 2467 9
2361 2645 4
2361 2651 9
2361 2656 9
2361 2702 6
2361 2703 1
2361 2804 10
2361 2980 3
2362 2459 6
2362 2508 5
2362 2585 9
2362 2598 10
2362 2606 5
2362 2648 6
2362 2717 6
2362 2786 7
2362 2859 1
2362 2916 5
2362 2950 10
2362 2971 1
2362 2985 2
2363 2525 7
2363 2581 10
2363 2723 2
2363 2933 6
2364 2403 4
2364 2432 4
2364 2444 8
2364 2583 5
2364 2616 4
2364 2650 5
2364 2775 6
2364 2785 3
2364 2889 9
2365 2519 8
2365 2836 10
2365 2859 10
2365 2923 7
2365 2994 4
2366 2475 2
2366 2763 9
2366 2869 9
2367 2427 2
2367 2461 4
2367 2482 1
2367 2551 6
2367 2720 7
2367 2788 4
2367 2806 1
2367 2924 6
2367 2940 4
2367 2979 5
2368 2580 3
2368 2645 8
2368 2740 2
2368 2748 9
2368 2889 7
2368 2998 2
2369 2424 5
2369 2487 10
2369 2490 7
2369 2519 3
2369 2563 7
2369 2634 3
2369 2712 4
2369 2968 5
2369 2977 1
2370 2560 7
2370 2639 6
2370 2645 7
2370 2797 5
2370 2815 7
2370 2992 7
2371 2392 10
2371 2429 6
2371 2620 4
2371 2652 8
2371 2717 10
2371 2927 6
2372 2376 2
2372 2382 3
2372 2509 8
2372 2847 1
2372 2917 3
2372 2937 10
2373 2535 5
2373 2645 10
2373 2648 4
2373 2701 9
2373 2734 7
2373 2785 1
2373 2792 8
2373 2918 4
2374 2475 5
2374 2486 8
2374 2579 7
2374 2613 4
2374 2686 8
2374 2735 9
2374 2756 3
2374 2798 4
2374 2801 6
2374 2804 1
2374 2912 9
2374 2929 5
2374 2931 10
2375 2399 9
2375 2464 5
2375 2556 8
2375 2595 10
2375 2606 2
2375 2623 1
2375 2702 9
2376 2551 4
2376 2686 1
2376 2808 8
2376 2871 6
2377 2802 2
2378 2579 3
2378 2615 6
2378 2656 3
2378 2672 9
2378 2687 10
2378 2786 3
2378 2933 8
2378 2969 6
2379 2434 5
2379 2505 8
2379 2638 10
2379 2709 1
2379 2788 5
2379 2941 4
2380 2520 5
2380 2590 5
2380 2702 7
2380 2783 7
2380 2812 3
2380 2929 1
2381 2402 1
2381 2534 6
2381 2622 8
2381 2760 3
2381 2869 7
2381 2876 8
2381 2931 4
2382 2385 4
2382 2492 7
2382 2512 7
2382 2555 10
2382 2584 8
2382 2620 1
2382 2801 9
2382 2960 1
2383 2454 9
2383 2474 5
2383 2594 1
2383 2703 2
2383 2820 3
2383 2851 2
2383 2989 8
2384 2396 6
2384 2493 6
2384 2520 4
2384 2568 1
2384 2828 5
2385 2477 3
2385 2523 6
2385 2625 10
2385 2936 2
2385 2989 6
2386 2486 10
2386 2541 4
2386 2642 5
2386 2648 1
2386 2691 10
2386 2744 1
2386 2872 2
2387 2562 9
2387 2601 9
2387 2645 8
2387 2732 10
2387 2805 6
2387 2923 6
2388 2491 1
2388 2544 1
2388 2578 2
2388 2664 5
2388 2826 3
2388 2866 5
2388 2876 6
2388 2921 2
2388 2976 8
2389 2440 9
2389 2803 5
2389 2953 10
2390 2498 8
2390 2632 10
2390 2721 6
2390 2779 2
2390 2789 5
2390 2807 4
2390 2872 10
2391 2558 1
2391 2571 1
2391 2817 5
2391 2986 4
2392 2416 1
2392 2775 7
2392 2828 1
2392 2833 8
2393 2394 7
2393 2509 7
2393 2595 1
2393 2623 4
2393 2869 5
2394 2495 5
2395 2426 5
2395 2472 9
2395 2606 5
2395 2634 1
2395 2676 2
2395 2716 7
2395 2750 8
2395 2753 6
2395 2759 1
2395 2933 7
2396 2641 2
2396 2656 9
2396 2803 7
2396 2813 9
2396 2922 5
2397 2402 5
2397 2964 8
2397 2971 10
2398 2630 6
2398 2633 2
2398 2784 2
2398 2912 4
2398 2919 6
2398 2943 7
2399 2564 5
2400 2404 5
2400 2429 10
2400 2524 8
2400 2596 2
2400 2666 6
2400 2689 7
2400 2724 2
2400 2855 1
2400 2990 5
2401 2716 5
2401 2737 6
2401 2865 2
2402 2692 9
2402 2912 6
2403 2527 10
2403 2530 4
2403 2959 4
2403 2976 5
2404 2438 8
2404 2461 5
2404 2635 5
2404 2653 4
2404 2716 7
2404 2776 1
2404 2836 2
2404 2850 3
2405 2408 1
2405 2499 9
2405 2511 4
2405 2666 1
2405 2957 5
2406 2416 5
2406 2461 3
2406 2597 2
2406 2670 8
2406 2715 2
2406 2832 3
2406 2868 4
2406 2979 5
2407 2660 5
2407 2728 1
2407 2783 1
2407 2809 6
2407 2830 4
2407 2895 3
2407 2990 3
2407 2993 1
2408 2423 7
2408 2433 7
2408 2488 9
2408 2513 2
2408 2567 8
2408 2590 9
2408 2800 10
2408 2866 7
2408 2976 1
2409 2673 2
2409 2763 1
2409 2802 2
2409 2830 2
2409 2844 10
2409 2916 8
2409 2974 10
2410 2431 5
2410 2486 8
2410 2583 9
2410 2698 8
2410 2755 10
2410 2823 1
2410 2993 5
2411 2448 8
2411 2450 4
2411 2615 6
2411 2719 2
2411 2769 1
2412 2421 9
2412 2463 6
2412 2472 2
2412 2519 2
2412 2793 4
2412 2903 9
2413 2446 7
2413 2607 9
2413 2626 5
2413 2759 9
2413 2836 3
2413 2984 3
2414 2524 4
2414 2728 7
2414 2819 7
2414 2997 1
2415 2751 6
2415 2870 5
2415 2923 8
2415 2996 8
2416 2473 7
2416 2484 1
2416 2672 10
2417 2420 5
2417 2725 4
2417 2728 10
2417 2744 5
2417 2784 5
2417 2837 4
2417 2878 5
2417 2937 1
2417 2985 4
2418 2458 9
2418 2521 1
2418 2681 9
2418 2883 2
2418 2919 6
2419 2476 3
2419 2490 1
2419 2574 1
2419 2577 2
2419 2601 1
2419 2602 9
2419 2626 8
2419 2673 6
2419 2743 7
2420 2522 7
2420 2637 9
2420 2751 1
2420 2802 9
2421 2532 9
2421 2615 9
2421 2839 2
2421 2946 6
2422 2536 10
2422 2588 5
2422 2850 3
2423 2589 4
2423 2654 4
2423 2864 1
2423 2985 8
2423 2991 3
2424 2428 4
2424 2632 7
2424 2775 4
2424 2791 4
2424 2828 6
2424 2959 9
2425 2494 3
2425 2553 4
2425 2555 10
2425 2682 5
2425 2742 10
2425 2935 10
2425 2949 6
2426 2500 10
2426 2607 7
2426 2627 3
2426 2823 2
2427 2454 7
2427 2487 10
2427 2494 8
2427 2729 10
2427 2777 2
2427 2843 2
2427 2995 7
2428 2447 5
2428 2855 1
2428 2939 6
2428 2990 8
2429 2460 2
2429 2612 5
2429 2654 5
2429 2725 2
2429 2732 2
2429 2933 4
2430 2441 10
2430 2594 8
2430 2653 5
2430 2661 9
2430 2733 10
2430 2867 8
2431 2470 6
2431 2525 9
2431 2868 9
2431 2893 5
2431 2989 4
2432 2451 5
2432 2606 3
2432 2759 7
2432 2775 2
2432 2916 3
2432 2996 10
2433 2435 7
2433 2625 3
2433 2674 8
2433 2830 4
2433 2951 10
2434 2762 9
2434 2781 7
2434 2789 10
2434 2945 10
2435 2445 8
2435 2483 10
2435 2487 5
2435 2536 1
2435 2631 1
2435 2691 8
2436 2442 5
2436 2591 6
2436 2666 8
2436 2673 10
2436 2682 4
2436 2810 10
2437 2472 1
2437 2510 7
2437 2525 7
2437 2543 5
2437 2653 3
2437 2689 3
2437 2804 9
2437 2808 7
2437 2897 6
2438 2442 7
2438 2528 3
2438 2798 1
2438 2840 1
2438 2940 2
2439 2606 6
2439 2759 4
2439 2843 9
2439 2884 5
2439 2887 1
2439 2925 2
2439 2949 3
2439 2958 9
2439 2971 1
2440 2462 2
2440 2516 7
2440 2561 7
2440 2637 5
2440 2646 3
2440 2697 2
2440 2708 2
2440 2720 9
2440 2856 1
2440 2865 1
2441 2537 2
2441 2549 1
2441 2798 6
2442 2493 6
2442 2495 4
2442 2596 10
2442 2722 7
2442 2777 3
2442 2794 5
2442 2853 4
2443 2619 6
2443 2811 8
2443 2822 10
2443 2893 4
2443 2930 1
2444 2463 1
2444 2593 4
2444 2730 7
2444 2772 3
2444 2783 9
2444 2884 5
2444 2906 8
2444 2996 10
2445 2504 3
2445 2517 6
2445 2539 2
2445 2545 10
2445 2642 2
2445 2652 8
2445 2690 6
2445 2801 6
2445 2866 3
2447 2736 5
2447 2933 6
2448 2503 4
2448 2627 5
2448 2808 5
2448 2846 2
2448 2919 4
2448 2988 4
2448 2995 2
2449 2590 10
2449 2657 7
2449 2953 10
2449 2962 1
2450 2487 3
2450 2492 6
2450 2629 7
2450 2667 7
2450 2758 3
2450 2783 7
2450 2834 9
2450 2847 5
2451 2722 7
2451 2791 4
2451 2814 9
2452 2501 2
2452 2583 6
2452 2607 2
2452 2681 9
2452 2926 1
2453 2540 6
2453 2744 10
2453 2794 3
2453 2945 8
2454 2487 9
2454 2677 3
2454 2735 9
2454 2852 10
2454 2872 7
2454 2908 1
2454 2978 9
2455 2556 9
2455 2568 4
2455 2712 8
2455 2737 1
2455 2741 2
2455 2897 7
2455 2974 10
2455 2992 10
2456 2545 1
2456 2556 8
2456 2596 4
2456 2657 1
2456 2925 6
2456 2960 7
2456 2987 6
2457 2530 4
2457 2551 10
2457 2615 6
2457 2886 6
2458 2471 1
2458 2484 8
2458 2582 4
2458 2611 5
2458 2746 9
2458 2770 5
2458 2778 8
2458 2886 2
2458 2902 2
2458 2945 1
2459 2501 7
2459 2628 3
2459 2647 9
2459 2811 6
2459 2845 7
2459 2911 4
2459 2961 10
2459 2977 4
2460 2561 7
2460 2764 9
2460 2934 1
2461 2477 1
2461 2482 9
2461 2544 7
2461 2636 6
2461 2830 7
2461 2945 9
2461 2991 2
2462 2473 6
2462 2483 10
2462 2596 3
2462 2808 7
2462 2896 4
2463 2556 8
2463 2567 4
2463 2675 6
2463 2732 3
2463 2782 6
2463 2865 2
2463 2918 1
2464 2467 10
2464 2500 7
2464 2700 10
2464 2706 9
2464 2754 5
2464 2762 7
2464 2818 8
2464 2824 4
2464 2882 10
2465 2577 7
2465 2601 9
2465 2771 3
2465 2842 7
2466 2502 7
2466 2748 9
2466 2879 9
2466 2931 7
2467 2624 3
2467 2693 8
2467 2706 2
2467 2944 3
2468 2552 2
2468 2687 8
2468 2712 1
2468 2776 5
2468 2939 5
2468 2965 6
2469 2684 6
2469 2694 1
2469 2697 5
2470 2799 1
2470 2847 4
2470 2887 10
2470 2929 2
2471 2494 1
2471 2544 7
2471 2605 10
2471 2618 5
2471 2674 6
2471 2687 9
2471 2820 9
2471 2862 7
2471 2895 4
2471 2953 9
2472 2489 6
2472 2555 4
2472 2850 1
2472 2866 9
2472 2874 6
2472 2970 7
2473 2544 3
2473 2675 1
2473 2753 4
2473 2837 4
2473 2874 4
2474 2675 9
2474 2705 6
2474 2849 7
2474 2875 8
2474 2916 6
2474 2946 5
2475 2568 7
2475 2569 2
2475 2857 1
2476 2589 8
2476 2644 5
2476 2692 3
2476 2964 6
2477 2652 7
2477 2902 4
2478 2624 8
2478 2783 2
2478 2815 9
2478 2818 3
2479 2516 6
2479 2670 8
2479 2758 6
2480 2602 7
2480 2664 4
2480 2749 1
2480 2762 6
2480 2843 10
2481 2724 7
2481 2749 8
2481 2814 10
2481 2936 1
2481 2941 7
2481 2962 5
2481 2963 6
2482 2486 9
2482 2554 5
2482 2830 5
2482 2872 5
2482 2978 1
2483 2759 7
2483 2767 10
2483 2784 10
2483 2807 5
2483 2816 10
2483 2873 2
2483 2875 9
2483 2899 8
2484 2536 5
2484 2561 6
2484 2735 7
2484 2922 8
2485 2673 5
2485 2719 9
2485 2724 7
2485 2878 3
2486 2586 1
2486 2593 8
2486 2675 3
2486 2739 2
2486 2835 10
2486 2976 5
2487 2729 5
2487 2746 5
2487 2905 10
2487 2955 10
2488 2731 10
2488 2886 8
2488 2912 6
2489 2863 5
2490 2495 6
2490 2643 3
2490 2724 1
2490 2725 5
2490 2748 3
2490 2820 2
2490 2872 1
2490 2924 9
2491 2539 10
2491 2629 5
2492 2523 1
2492 2530 1
2492 2714 5
2492 2848 5
2492 2963 5
2493 2615 8
2493 2936 2
2493 2952 1
2494 2572 1
2494 2595 1
2494 2909 3
2495 2624 1
2495 2818 2
2495 2838 1
2495 2843 8
2495 2861 4
2495 2870 8
2496 2530 9
2496 2654 1
2496 2665 1
2496 2769 9
2496 2775 6
2496 2783 8
2496 2864 1
2497 2504 6
2497 2558 8
2497 2602 6
2497 2617 6
2497 2623 2
2497 2666 5
2497 2707 1
2497 2814 4
2497 2853 7
2497 2951 3
2498 2737 5
2498 2882 9
2498 2897 2
2498 2915 6
2498 2970 2
2499 2763 8
2499 2815 7
2499 2817 9
2499 2907 9
2500 2593 5
2500 2707 6
2500 2796 2
2500 2987 7
2501 2814 5
2501 2948 1
2501 2952 10
2502 2532 10
2502 2575 4
2502 2607 6
2502 2750 7
2502 2756 7
2503 2513 5
2503 2668 2
2503 2704 5
2503 2719 2
2503 2753 10
2503 2812 8
2503 2961 6
2503 2982 2
2504 2601 2
2504 2682 3
2504 2750 3
2504 2799 10
2504 2932 3
2504 2973 5
2505 2555 9
2505 2606 6
2505 2648 2
2505 2661 7
2505 2765 2
2506 2680 8
2506 2708 9
2506 2747 3
2506 2873 2
2506 2937 9
2506 2961 1
2507 2522 1
2507 2599 7
2507 2610 1
2507 2729 10
2507 2762 9
2507 2777 5
2508 2621 7
2509 2635 2
2509 2820 10
2509 2856 4
2510 2626 9
2510 2627 9
2510 2676 7
2510 2793 1
2510 2883 3
2511 2682 5
2511 2748 4
2511 2751 3
2511 2805 8
2511 2887 9
2512 2669 6
2512 2675 9
2512 2839 4
2512 2897 5
2512 2934 3
2512 2969 6
2513 2518 9
2513 2531 4
2513 2602 8
2513 2677 8
2513 2744 4
2513 2774 3
2513 2920 6
2514 2619 5
2515 2634 4
2515 2759 7
2515 2859 2
2516 2631 6
2516 2656 1
2516 2669 4
2517 2846 2
2517 2949 6
2517 2953 3
2517 2979 8
2518 2748 8
2518 2936 6
2518 2984 8
2519 2550 3
2519 2835 3
2519 2844 6
2520 2586 2
2520 2610 5
2520 2680 10
2520 2723 6
2520 2856 3
2520 2937 3
2521 2567 9
2521 2617 10
2521 2794 4
2521 2818 5
2521 2952 2
2522 2529 1
2522 2606 6
2522 2721 1
2522 2744 2
2522 2850 10
2523 2531 9
2523 2681 8
2523 2730 5
2523 2885 1
2523 2891 10
2524 2777 6
2524 2805 5
2524 2814 5
2524 2818 10
2524 2992 7
2525 2695 7
2525 2800 6
2525 2884 9
2525 2980 3
2526 2573 8
2526 2576 1
2526 2740 9
2526 2908 4
2527 2981 3
2528 2573 10
2528 2689 3
2528 2842 2
2528 2856 8
2528 2986 9
2529 2556 2
2529 2609 6
2529 2744 4
2529 2819 1
2529 2833 8
2530 2601 2
2530 2652 4
2530 2726 1
2530 2795 3
2530 2822 6
2530 2866 9
2530 2906 6
2531 2584 5
2531 2674 5
2531 2761 1
2531 2809 1
2531 2890 6
2532 2577 3
2532 2596 10
2532 2624 10
2532 2818 4
2532 2838 8
2533 2629 10
2534 2578 2
2534 2711 10
2534 2789 4
2534 2891 10
2534 2910 4
2535 2738 7
2535 2757 1
2535 2990 4
2536 2709 4
2536 2713 3
2536 2919 10
2537 2605 10
2537 2718 1
2537 2993 7
2538 2550 10
2538 2567 6
2538 2571 4
2538 2692 3
2538 2718 10
2539 2586 9
2539 2618 9
2539 2932 3
2540 2575 7
2540 2649 6
2540 2992 4
2541 2603 6
2541 2792 9
2541 2802 9
2541 2854 2
2541 2995 4
2542 2661 6
2542 2736 3
2542 2809 5
2542 2865 7
2542 2906 5
2542 2969 2
2543 2594 7
2543 2770 6
2543 2814 6
2543 2967 3
2543 2991 8
2544 2557 9
2544 2581 5
2544 2643 7
2545 2546 3
2545 2592 6
2545 2765 5
2545 2829 8
2545 2854 7
2546 2627 4
2546 2659 3
2546 2740 8
2546 2860 7
2546 2925 8
2547 2579 6
2547 2674 9
2547 2757 5
2548 2559 1
2548 2594 8
2548 2707 6
2548 2716 5
2548 2790 6
2548 2979 10
2549 2556 4
2549 2655 10
2549 2754 4
2549 2938 2
2550 2585 5
2550 2641 9
2550 2682 8
2550 2703 9
2550 2765 7
2550 2787 4
2550 2831 1
2550 2901 2
2551 2795 1
2551 2859 1
2551 2986 5
2552 2645 1
2552 2716 6
2552 2771 1
2552 2833 6
2553 2560 7
2553 2582 2
2553 2591 8
2553 2637 7
2553 2661 10
2553 2726 9
2553 2868 4
2553 2946 9
2553 2956 2
2554 2572 4
2554 2652 5
2554 2698 1
2554 2887 6
2555 2574 8
2555 2732 8
2555 2765 10
2555 2901 7
2555 2919 5
2555 2926 5
2556 2842 1
2556 2863 8
2557 2621 10
2557 2817 1
2557 2929 7
2558 2627 9
2558 2849 2
2558 2868 2
2558 2909 4
2559 2651 2
2559 2704 9
2559 2766 9
2559 2905 9
2559 2985 2
2560 2701 6
2560 2718 7
2560 2897 9
2561 2757 3
2562 2596 4
2562 2626 5
2562 2645 5
2562 2658 1
2562 2660 10
2562 2702 9
2562 2767 10
2562 2789 7
2562 2876 1
2563 2571 5
2563 2577 2
2563 2692 2
2563 2699 4
2563 2854 1
2563 2882 6
2563 2923 10
2563 2951 5
2564 2809 8
2564 2985 8
2565 2776 1
2565 2826 3
2565 2881 8
2565 2908 7
2566 2638 9
2566 2691 10
2566 2959 6
2566 2967 8
2567 2579 5
2567 2611 3
2567 2674 8
2567 2767 4
2568 2792 6
2568 2917 1
2568 2988 2
2569 2963 4
2570 2729 8
2570 2752 2
2570 2805 2
2570 2829 3
2570 2838 6
2570 2857 1
2570 2900 4
2570 2989 2
2571 2899 7
2572 2582 8
2572 2728 9
2572 2800 9
2573 2661 1
2573 2676 1
2573 2728 3
2574 2702 7
2574 2776 9
2575 2673 6
2575 2911 7
2576 2586 4
2576 2608 7
2576 2714 7
2576 2892 1
2577 2591 3
2577 2755 6
2577 2800 2
2577 2855 10
2577 2868 2
2577 2997 1
2578 2625 2
2578 2849 6
2578 2858 6
2578 2879 1
2578 2920 4
2579 2630 9
2581 2589 3
2581 2603 10
2581 2608 10
2581 2804 7
2581 2992 8
2582 2621 2
2582 2671 4
2582 2679 8
2582 2692 8
2582 2740 6
2582 2827 6
2583 2591 9
2583 2717 7
2583 2782 4
2583 2840 6
2584 2613 10
2584 2712 6
2585 2634 8
2585 2705 6
2585 2894 8
2585 2911 8
2586 2809 6
2586 2825 3
2586 2971 3
2587 2866 8
2587 2942 1
2587 2957 2
2588 2652 1
2588 2681 10
2588 2910 4
2589 2627 7
2589 2640 9
2589 2680 7
2589 2740 3
2589 2840 2
2590 2620 10
2590 2665 1
2590 2703 10
2590 2768 2
2590 2836 4
2591 2628 2
2591 2678 10
2591 2707 4
2591 2725 9
2591 2769 1
2591 2799 7
2591 2900 8
2592 2676 4
2592 2688 6
2592 2734 8
2592 2806 1
2592 2822 1
2592 2883 8
2592 2914 1
2592 2945 2
2593 2644 8
2593 2827 1
2593 2832 6
2593 2893 2
2593 2991 6
2594 2926 5
2595 2888 5
2596 2747 6
2596 2750 6
2596 2892 4
2596 2991 4
2596 2995 8
2597 2641 2
2597 2711 7
2597 2924 10
2597 2933 4
2598 2609 9
2598 2726 1
2598 2770 9
2598 2860 5
2598 2895 1
2598 2923 4
2598 2962 9
2599 2660 5
2599 2665 4
2599 2730 7
2599 2805 7
2599 2872 5
2599 2880 6
2599 2942 9
2600 2601 7
2600 2619 4
2600 2634 5
2600 2784 5
2600 2870 9
2600 2931 2
2600 2951 5
2601 2672 3
2601 2829 3
2601 2857 1
2601 2883 8
2601 2926 2
2601 2973 7
2602 2770 10
2602 2847 5
2602 2850 4
2602 2925 1
2602 2953 6
2603 2642 5
2603 2662 10
2603 2692 4
2603 2711 5
2603 2794 3
2603 2828 1
2603 2902 8
2603 2966 6
2604 2802 6
2604 2953 1
2604 2976 9
2605 2652 8
2605 2674 9
2605 2729 5
2605 2832 6
2605 2862 2
2606 2622 9
2606 2641 3
2606 2755 5
2607 2615 3
2607 2853 9
2607 2855 1
2607 2864 8
2607 2987 2
2608 2822 7
2608 2851 1
2608 2903 2
2609 2727 1
2609 2877 1
2609 2885 4
2610 2710 4
2610 2883 7
2611 2627 6
2611 2782 6
2611 2896 4
2611 2939 6
2611 2983 8
2612 2668 5
2612 2814 10
2612 2891 6
2612 2991 6
2613 2667 2
2613 2735 8
2614 2821 3
2614 2931 8
2614 2933 2
2615 2697 5
2615 2730 5
2615 2736 6
2615 2806 6
2616 2762 2
2616 2779 10
2617 2676 3
2617 2717 2
2617 2719 3
2617 2932 3
2617 2952 7
2618 2656 7
2618 2662 6
2618 2688 9
2618 2926 8
2619 2696 3
2619 2702 7
2619 2865 10
2619 2968 4
2620 2630 10
2620 2781 1
2620 2791 2
2620 2888 8
2620 2898 1
2621 2747 10
2621 2821 3
2621 2846 9
2621 2875 9
2621 2966 6
2622 2646 3
2622 2712 6
2622 2962 1
2623 2678 7
2623 2979 6
2624 2737 4
2624 2782 2
2624 2821 3
2624 2845 10
2625 2844 8
2625 2886 9
2625 2969 2
2626 2732 8
2626 2933 2
2626 2962 9
2626 2980 1
2627 2691 7
2627 2926 2
2627 2964 4
2627 2994 1
2628 2677 9
2628 2792 7
2628 2990 1
2629 2676 7
2629 2686 6
2629 2742 9
2629 2774 9
2629 2821 5
2629 2854 6
2629 2884 2
2630 2656 1
2630 2783 8
2630 2799 3
2630 2823 6
2631 2660 9
2631 2923 7
2632 2710 4
2632 2752 5
2632 2828 5
2632 2950 6
2633 2683 10
2633 2695 7
2633 2746 7
2633 2763 4
2633 2772 10
2633 2943 10
2633 2991 8
2635 2690 5
2635 2762 7
2635 2835 10
2635 2886 7
2635 2974 1
2636 2726 8
2636 2783 4
2636 2944 1
2636 2966 1
2637 2812 9
2637 2971 1
2638 2666 8
2638 2833 9
2639 2666 8
2639 2769 5
2639 2794 5
2639 2888 8
2639 2893 5
2639 2958 9
2640 2769 7
2640 2797 10
2640 2953 5
2641 2657 10
2641 2799 8
2641 2844 1
2642 2687 9
2642 2818 3
2642 2892 4
2642 2927 8
2642 2993 8
2643 2717 6
2643 2832 10
2643 2844 7
2643 2906 8
2644 2700 2
2645 2648 7
2645 2708 6
2645 2891 7
2645 2900 7
2645 2950 2
2645 2959 2
2646 2944 5
2647 2737 3
2647 2822 3
2647 2882 9
2648 2742 8
2648 2873 4
2648 2916 8
2648 2917 4
2648 2953 3
2649 2711 2
2649 2796 5
2649 2981 6
2650 2741 8
2651 2936 10
2652 2654 10
2652 2890 10
2652 2909 2
2652 2919 7
2652 2930 1
2653 2869 10
2653 2924 9
2653 2927 2
2654 2657 9
2654 2685 10
2654 2832 9
2655 2668 1
2655 2768 6
2655 2851 4
2655 2983 2
2656 2767 4
2656 2795 10
2656 2976 4
2656 2997 9
2657 2667 2
2657 2758 5
2657 2850 5
2657 2857 2
2657 2953 3
2658 2780 5
2659 2674 7
2659 2697 9
2659 2772 4
2659 2786 4
2659 2790 3
2659 2826 1
2659 2830 7
2660 2970 4
2660 2998 7
2661 2793 1
2661 2815 2
2661 2994 4
2662 2670 7
2662 2740 6
2662 2784 5
2662 2835 3
2662 2943 3
2663 2795 3
2663 2842 7
2664 2735 6
2664 2806 1
2665 2688 5
2665 2743 1
2665 2885 7
2666 2708 3
2666 2780 3
2666 2805 1
2666 2866 7
2666 2900 5
2666 2983 5
2668 2676 3
2668 2697 10
2668 2704 1
2668 2764 5
2669 2746 1
2669 2874 6
2669 2910 10
2669 2992 2
2670 2755 3
2670 2880 10
2670 2954 8
2670 2998 6
2671 2690 1
2671 2810 9
2672 2925 2
2673 2814 10
2673 2832 8
2673 2856 7
2673 2926 9
2673 2931 5
2674 2699 3
2674 2723 4
2674 2907 10
2675 2686 6
2675 2804 9
2675 2928 8
2675 2934 2
2675 2967 6
2676 2753 6
2676 2771 4
2677 2950 9
2677 2951 3
2677 2959 5
2677 2981 6
2677 2991 6
2678 2687 7
2678 2716 10
2678 2722 7
2678 2873 3
2678 2876 5
2678 2917 8
2679 2721 8
2680 2969 9
2680 2973 2
2681 2948 4
2682 2685 9
2682 2696 7
2682 2716 4
2682 2735 1
2683 2719 9
2683 2833 5
2683 2972 7
2684 2880 8
2684 2944 7
2685 2788 7
2686 2727 5
2686 2962 9
2686 2988 7
2688 2739 10
2688 2885 9
2688 2907 3
2688 2939 1
2688 2979 8
2688 2994 8
2689 2708 4
2689 2752 9
2689 2876 8
2690 2733 2
2690 2792 3
2690 2797 9
2690 2999 7
2691 2945 10
2691 2979 5
2692 2885 3
2692 2891 9
2693 2855 8
2693 2862 10
2693 2942 5
2694 2710 10
2694 2843 8
2694 2861 7
2694 2930 5
2694 2980 10
2695 2723 1
2695 2809 2
2695 2992 8
2695 2993 5
2696 2741 7
2696 2990 7
2697 2915 9
2698 2706 1
2698 2862 6
2698 2915 3
2698 2927 5
2699 2758 9
2699 2803 4
2700 2762 3
2701 2935 10
2702 2765 4
2702 2839 7
2703 2779 8
2703 2885 3
2703 2952 6
2704 2728 10
2704 2763 3
2704 2772 7
2704 2899 4
2704 2982 4
2704 2987 6
2705 2821 9
2705 2868 5
2705 2982 5
2706 2749 1
2706 2810 6
2706 2980 7
2707 2743 2
2707 2768 6
2707 2769 2
2707 2813 2
2707 2825 6
2707 2991 4
2708 2780 7
2708 2783 8
2709 2763 1
2709 2816 2
2711 2869 8
2711 2894 6
2712 2836 8
2712 2948 9
2713 2946 5
2714 2767 9
2714 2881 2
2714 2966 6
2715 2828 1
2715 2921 6
2716 2869 9
2716 2914 10
2716 2962 9
2716 2999 6
2717 2965 5
2718 2880 8
2718 2902 3
2719 2864 5
2719 2878 9
2720 2738 4
2720 2858 1
2720 2987 4
2721 2738 7
2721 2996 8
2722 2733 3
2722 2967 8
2723 2799 9
2723 2896 3
2723 2963 7
2723 2973 2
2724 2954 3
2724 2986 5
2724 2998 9
2725 2985 9
2725 2988 10
2725 2998 6
2726 2854 8
2726 2911 5
2727 2747 3
2727 2819 10
2728 2758 5
2729 2857 1
2730 2732 5
2730 2754 10
2730 2842 1
2730 2859 9
2730 2930 9
2731 2742 4
2731 2849 8
2731 2850 3
2731 2918 9
2731 2947 1
2732 2740 1
2732 2825 1
2732 2866 1
2732 2944 9
2733 2734 5
2733 2774 10
2733 2887 4
2735 2824 1
2736 2800 1
2736 2807 10
2736 2953 7
2737 2776 9
2737 2936 2
2737 2958 8
2738 2794 10
2738 2849 6
2738 2886 2
2739 2787 3
2739 2845 3
2740 2834 3
2740 2862 4
2740 2886 3
2740 2969 5
2742 2752 4
2743 2898 2
2744 2887 5
2745 2890 7
2745 2925 7
2745 2991 1
2746 2814 8
2746 2894 1
2746 2927 6
2746 2997 4
2747 2794 3
2747 2962 5
2748 2935 9
2749 2898 6
2749 2981 3
2750 2903 9
2750 2931 8
2750 2992 5
2751 2874 9
2751 2882 10
2751 2914 7
2751 2964 5
2752 2789 7
2752 2976 8
2755 2775 10
2755 2803 4
2756 2847 6
2756 2930 1
2757 2763 5
2757 2782 10
2757 2892 7
2757 2946 4
2757 2947 1
2758 2790 6
2758 2865 5
2760 2931 1
2761 2798 3
2761 2814 2
2761 2823 4
2761 2838 9
2762 2816 5
2762 2896 1
2762 2971 3
2762 2983 6
2762 2995 2
2763 2915 10
2763 2922 10
2763 2997 2
2764 2944 4
2765 2941 10
2765 2963 10
2766 2769 9
2767 2787 9
2767 2944 1
2769 2882 9
2769 2903 9
2769 2994 7
2770 2888 6
2770 2938 6
2771 2801 10
2771 2824 3
2771 2841 8
2772 2825 1
2772 2868 7
2772 2934 3
2773 2917 6
2773 2931 8
2774 2870 9
2774 2940 7
2774 2982 6
2775 2883 10
2776 2814 5
2776 2872 7
2776 2972 1
2777 2816 10
2777 2967 10
2778 2976 6
2779 2881 2
2780 2790 7
2780 2912 2
2780 2945 4
2781 2852 6
2781 2897 6
2781 2904 4
2781 2982 10
2781 2990 5
2782 2963 1
2782 2993 10
2783 2861 10
2784 2899 7
2784 2933 1
2784 2996 6
2785 2821 8
2786 2852 9
2786 2944 6
2787 2797 7
2787 2824 2
2787 2987 7
2788 2810 8
2788 2937 9
2788 2951 6
2788 2984 4
2789 2954 3
2789 2992 7
2789 2999 10
2790 2902 4
2791 2928 8
2792 2851 7
2792 2863 7
2792 2925 8
2793 2863 4
2793 2932 9
2793 2967 10
2793 2970 7
2794 2880 9
2795 2815 5
2795 2835 1
2796 2832 1
2796 2917 3
2796 2955 1
2796 2998 7
2797 2828 4
2797 2938 3
2797 2944 5
2798 2994 3
2799 2907 8
2800 2812 3
2801 2856 7
2802 2803 3
2802 2817 7
2802 2957 1
2803 2843 1
2803 2910 3
2803 2957 5
2803 2983 1
2804 2932 10
2805 2811 5
2805 2955 4
2805 2977 8
2807 2831 7
2808 2832 7
2808 2957 6
2808 2965 1
2808 2973 9
2810 2852 10
2810 2899 4
2811 2860 8
2811 2883 7
2811 2988 5
2812 2918 1
2812 2936 8
2812 2954 2
2812 2999 6
2813 2866 8
2814 2885 2
2814 2979 1
2815 2927 2
2816 2853 5
2816 2951 3
2818 2819 5
2819 2842 3
2819 2925 5
2819 2937 2
2819 2963 10
2820 2869 7
2820 2910 6
2820 2962 1
2820 2977 2
2821 2848 8
2821 2869 4
2821 2896 8
2821 2911 4
2822 2867 2
2822 2929 9
2822 2941 3
2822 2955 6
2824 2829 6
2824 2884 10
2824 2971 5
2825 2839 10
2825 2877 6
2826 2881 5
2826 2997 1
2827 2966 4
2828 2840 4
2828 2899 9
2828 2983 10
2828 2986 6
2829 2854 10
2830 2942 8
2831 2869 9
2831 2959 8
2833 2868 5
2833 2871 7
2835 2889 3
2835 2958 5
2839 2857 7
2840 2945 2
2840 2963 10
2841 2943 7
2842 2917 5
2843 2870 2
2843 2939 10
2844 2848 3
2845 2868 8
2845 2922 1
2846 2873 7
2849 2913 6
2849 2914 6
2849 2923 9
2850 2863 4
2850 2868 3
2850 2958 10
2851 2879 9
2851 2977 6
2852 2861 6
2853 2941 1
2854 2909 3
2856 2887 4
2856 2912 1
2856 2961 9
2856 2967 3
2856 2987 5
2857 2907 10
2860 2868 1
2860 2916 6
2860 2976 3
2860 2997 7
2861 2911 8
2861 2970 9
2862 2915 6
2862 2969 1
2863 2894 7
2863 2902 4
2863 2973 1
2863 2975 10
2863 2991 6
2864 2890 5
2864 2992 3
2865 2887 1
2866 2943 1
2867 2972 8
2868 2881 4
2868 2918 10
2869 2877 1
2869 2911 8
2870 2915 5
2871 2987 10
2872 2941 7
2872 2959 2
2872 2998 8
2873 2916 9
2874 2880 10
2874 2974 8
2875 2937 9
2876 2954 10
2877 2938 6
2877 2986 3
2879 2897 3
2882 2978 7
2883 2898 6
2883 2951 4
2883 2991 8
2884 2897 5
2884 2959 5
2887 2911 9
2887 2994 9
2890 2903 2
2890 2939 1
2891 2973 5
2891 2983 3
2892 2972 6
2894 2911 6
2894 2960 5
2897 2978 4
2900 2999 10
2901 2930 7
2904 2931 7
2905 2910 4
2905 2969 3
2905 2972 5
2906 2928 4
2907 2960 8
2910 2933 3
2910 2937 7
2910 2951 1
2911 2952 1
2911 2997 9
2913 2924 10
2915 2916 4
2915 2930 3
2916 2978 10
2918 2958 8
2918 2961 2
2918 2964 2
2921 2950 5
2923 2961 3
2928 2973 7
2928 2990 1
2929 2955 8
2929 2981 9
2929 2984 10
2929 2997 9
2930 2985 1
2931 2977 5
2933 2950 5
2935 2945 5
2937 2945 8
2938 2995 5
2940 2947 4
2941 2950 10
2942 2946 8
2943 2951 9
2944 2992 9
2946 2953 3
2946 2979 9
2946 2993 2
2946 2994 9
2948 2975 8
2949 2957 5
2949 2964 10
2955 2956 7
2961 2983 10
2962 2979 1
2963 2992 5
2964 2970 5
2964 2978 7
2971 2994 10
2973 2977 1
2973 2992 2
2978 2998 7
5
44 44
488 1544 7
424 703 10
513 1998 2
1863 2139 5
1373 1871 6
1607 2500 2
76 2240 4
1545 2034 6
444 2074 6
209 829 9
850 877 5
1761 2176 3
719 2593 1
2689 2708 4
1585 1819 8
865 1000 7
1844 2071 8
1850 2500 10
326 1869 6
2413 2836 3
1538 2931 2
757 899 2
510 2536 2
2370 2645 7
1007 1802 1
547 2806 6
492 1570 10
117 1667 2
3 1847 2
923 2063 7
20 2405 9
836 2325 9
913 999 9
1061 1907 3
1268 1383 5
113 1361 1
398 1262 9
325 1821 4
1652 1955 9
657 1856 9
1450 2350 1
1853 2467 5
1499 2912 1
975 1236 6
77 1739 9
2737 2507 10
2394 1780 2
2374 497 6
647 2971 1
1340 489 2
930 1034 6
1608 293 3
247 1137 10
459 1876 10
875 2349 3
1480 50 3
91 2247 4
122 2274 5
484 1985 4
2049 983 4
540 2785 2
2188 1464 3
1076 489 5
1486 1806 9
911 2722 5
70 1281 10
1761 2378 7
994 1158 7
2772 1921 5
1885 1592 8
950 1814 10
2957 1138 5
974 2714 3
1539 1837 4
90 304 4
1146 2830 10
779 1572 6
1581 2148 10
2428 409 7
2737 2336 5
2583 133 4
394 1193 10
953 2570 4
1391 161 5
421 2769 10
208 1018 5
508 1266 2
2895 263 1
44 44
493 544 1
1050 2292 3
171 930 9
365 2354 8
410 864 6
288 2739 4
421 463 1
2115 2910 5
1588 1974 1
2352 2750 9
1964 2297 5
293 994 9
592 1820 5
92 2542 4
376 1946 7
309 1900 2
1317 1741 4
430 1540 6
1385 1996 5
769 2172 9
1410 2744 8
569 2736 1
1315 1781 1
1462 1714 2
488 2867 7
271 1319 9
819 1190 3
1462 2625 6
598 1585 7
1121 2882 7
1776 2736 3
1468 2964 3
2308 2806 6
506 2995 2
2323 2824 9
519 2733 3
2551 2986 5
239 328 5
575 744 3
254 2784 5
2738 2849 6
973 1777 4
1716 2823 10
201 2552 3
621 2293 1
303 680 10
1449 437 4
2571 1084 6
278 2224 8
2000 1958 5
1757 1221 2
2756 713 7
116 1437 5
360 994 8
29 1674 3
777 1840 7
717 2546 8
1910 567 7
631 1454 8
2089 1798 2
2865 1506 10
403 2064 5
1207 2140 8
429 586 2
2528 1757 3
787 1463 6
1825 658 10
833 738 2
2532 2903 5
2069 2803 1
2728 3 5
85 1507 1
2262 927 2
1350 1621 1
2273 2074 8
2408 1899 9
159 1564 3
1525 1996 2
2966 200 1
563 336 3
1695 418 4
2100 2708 6
2922 952 6
1003 2136 6
2288 1430 1
1109 2929 7
2072 662 7
988 2780 5
44 44
1340 1396 8
1048 2793 2
1264 1524 3
2316 2609 7
151 2107 4
2670 2954 8
1177 2861 3
180 2715 10
1256 1323 6
164 465 5
522 1946 1
1816 2147 3
1358 2613 10
1210 2934 7
81 1654 2
1860 2207 3
1469 1942 2
1654 2745 4
2105 2573 8
2144 2337 3
1916 1958 1
879 1514 3
1814 2336 4
154 2467 6
2245 2398 10
317 694 10
1753 1898 5
847 2686 5
487 804 9
1244 1533 5
621 1281 9
1740 2016 2
248 440 2
1398 1628 2
841 1996 4
290 1683 9
577 1576 6
1707 2553 7
434 2672 2
897 2350 2
1523 2435 2
414 2628 9
619 1957 5
1911 2302 6
946 2727 5
599 2037 1
2362 2994 1
1129 2712 3
2690 1476 6
2403 632 10
2386 2811 10
529 1244 4
822 2734 6
2154 1943 1
2716 2992 8
1723 2598 3
1094 1806 4
2663 1925 9
1431 2960 4
2095 2968 1
395 982 2
989 2528 1
1088 1665 10
1812 453 10
899 254 7
558 214 1
68 2778 1
328 1497 1
369 2952 8
690 946 2
706 698 5
872 1773 7
984 663 8
109 2291 3
2106 891 4
1761 1470 7
1197 71 8
2779 1493 2
1613 1970 3
1814 2624 9
2341 2958 5
579 373 9
756 2313 10
2811 760 4
795 497 3
2156 941 10
2838 2989 4
935 2157 10
44 44
1972 2193 2
2816 2951 3
834 1022 4
1146 2216 3
2691 2979 5
1226 1644 3
1006 2803 9
217 2078 10
554 1206 6
1324 2931 7
2439 2925 2
642 2561 10
2369 2634 3
930 2761 4
2475 2857 1
938 2445 10
1816 2565 2
1308 1930 1
418 1737 7
2506 2961 1
528 900 2
1560 2702 5
1985 2051 2
2449 2953 10
388 769 3
535 1871 10
171 1554 9
1097 1211 8
674 2356 1
1147 1837 1
861 888 5
1130 1865 10
1190 1378 9
1001 2511 5
1198 2985 3
1739 2631 5
426 673 3
2174 2316 9
920 2423 5
1976 2024 7
956 1156 5
2242 2577 10
517 677 1
1161 2623 2
2127 1259 10
510 124 6
711 1346 9
2253 1493 7
2462 2974 5
61 2433 3
146 1654 4
248 2887 8
1773 1929 9
501 1027 4
796 696 5
207 1572 2
1896 893 4
206 2673 5
1909 1085 7
953 1415 5
1024 556 7
62 1043 4
1287 2079 5
2935 786 9
1605 2872 5
685 5 6
569 2407 9
354 1714 7
202 30 4
445 1207 4
913 2108 8
31 2084 3
1017 1152 5
1975 1727 9
200 2334 6
327 1645 10
2723 699 6
1199 2147 5
2176 2824 4
2300 1127 3
1312 2702 7
378 2037 10
1539 1893 7
1214 657 4
2899 82 9
319 2740 8
1684 1728 9
790 2197 6
44 44
635 2018 8
2066 2286 7
160 2716 1
1180 1922 2
373 1932 6
1553 1563 9
635 1703 1
780 2397 10
2211 2232 1
1082 1519 1
136 170 3
998 2981 7
8 2081 6
1261 2716 3
2143 2753 9
1834 2654 5
34 147 6
1116 2651 10
907 1512 8
835 1955 5
292 1275 6
1322 1339 9
1314 2388 9
258 2679 3
1168 2425 4
274 404 8
1028 2104 1
1137 1427 7
1189 2353 5
614 959 10
588 1131 6
151 1519 7
1376 1743 2
2781 2904 4
1144 2374 5
626 2187 2
1062 2873 3
663 1630 2
853 1146 1
1357 2503 7
593 1074 8
589 2371 1
1019 2496 5
1785 2339 4
1424 502 9
2239 133 2
1594 199 1
1881 1361 3
1676 1266 8
2810 1655 2
822 824 2
274 2955 5
306 438 2
1638 1399 3
2118 1814 6
2860 1437 1
1947 518 6
2627 2158 4
1728 767 4
2505 912 10
1627 1818 9
2647 780 9
1217 2137 8
2508 2857 10
2910 203 4
1068 1947 5
281 2320 4
435 1914 2
667 284 5
2176 1036 1
121 1799 3
1733 518 10
62 637 7
898 62 9
1032 2938 5
675 756 1
2702 1828 7
1108 630 3
766 902 1
2020 255 1
200 1803 1
1851 942 9
647 260 2
2226 2801 7
2455 1382 9
2281 987 9
1279 2679 7
1923 1933 5