222
0 50
1 45
2 20
3 10
4 35
5 10
6 59
7 18
8 18
9 35
10 35
11 10
12 59
13 18
14 18
15 10
16 23
17 35
18 18
19 10
20 18
21 10
22 43
23 59
24 59
25 15
26 42
27 23
28 10
29 23
30 20
31 35
32 18
33 10
34 50
35 20
36 10
37 0
38 50
39 10
40 35
41 18
42 10
43 10
44 35
45 50
46 50
47 37
48 0
49 45
50 35
51 15
52 50
53 35
54 45
55 10
56 35
57 0
58 35
59 20
60 18
61 20
62 50
63 0
64 59
65 1
66 20
67 35
68 20
69 10
70 10
71 2
72 35
73 59
74 18
75 10
76 10
77 59
78 10
79 10
80 10
81 10
82 35
83 50
84 50
85 50
86 59
87 10
88 59
89 35
90 23
91 10
92 59
93 45
94 50
95 10
96 20
97 23
98 18
99 18
100 10
101 0
102 18
103 10
104 51
105 10
106 10
107 35
108 10
109 18
110 18
111 10
112 10
113 20
114 23
115 3
116 35
117 35
118 10
119 4
120 42
121 18
122 51
123 59
124 35
125 59
126 35
127 35
128 42
129 35
130 59
131 51
132 10
133 51
134 59
135 51
136 10
137 10
138 50
139 42
140 45
141 15
142 23
143 35
144 10
145 20
146 10
147 10
148 20
149 15
150 20
151 10
152 59
153 20
154 35
155 10
156 10
157 42
158 23
159 23
160 23
161 10
162 45
163 37
164 37
165 35
166 35
167 51
168 20
169 10
170 42
171 5
172 23
173 42
174 10
175 42
176 35
177 20
178 35
179 45
180 215
181 18
182 18
183 59
184 51
185 10
186 59
187 18
188 59
189 59
190 59
191 51
192 20
193 51
194 0
195 59
196 59
197 23
198 59
199 23
200 23
201 50
202 51
203 0
204 20
205 0
206 18
207 59
208 50
209 20
210 10
211 10
212 0
213 50
214 59
215 35
216 10
217 23
218 59
219 59
220 35
221 23
222 35
223 10
224 35
225 35
226 35
227 35
228 18
229 18
230 23
231 20
232 10
233 20
234 23
235 20
236 6
237 35
238 10
239 7
240 35
241 51
242 23
243 10
244 50
245 35
246 10
247 10
248 35
249 35
250 50
251 0
252 15
253 10
254 59
255 20
256 35
257 35
258 10
259 10
260 10
261 0
262 35
263 10
264 35
265 20
266 51
267 35
268 59
269 23
270 35
271 35
272 23
273 59
274 10
275 10
276 59
277 20
278 51
279 35
280 35
281 23
282 35
283 15
284 35
285 23
286 35
287 20
288 35
289 59
290 10
291 23
292 18
293 18
294 23
295 45
296 35
297 10
298 18
299 20
300 0
301 0
302 35
303 45
304 45
305 20
306 35
307 45
308 51
309 8
310 37
311 50
312 20
313 35
314 35
315 35
316 45
317 59
318 35
319 85
320 23
321 45
322 35
323 0
324 10
325 35
326 10
327 18
328 35
329 45
330 23
331 0
332 0
333 45
334 59
335 10
336 45
337 10
338 18
339 50
340 50
341 9
342 10
343 0
344 35
345 37
346 59
347 51
348 0
349 23
350 42
351 10
352 18
353 10
354 20
355 23
356 20
357 0
358 23
359 45
360 20
361 20
362 18
363 23
364 49
365 10
366 20
367 10
368 10
369 0
370 18
371 23
372 0
373 59
374 23
375 15
376 50
377 10
378 59
379 45
380 10
381 35
382 23
383 42
384 18
385 59
386 204
387 10
388 10
389 35
390 20
391 10
392 181
393 35
394 59
395 35
396 18
397 37
398 11
399 35
400 18
401 35
402 10
403 45
404 50
405 18
406 10
407 15
408 10
409 10
410 35
411 45
412 37
413 59
414 168
415 15
416 10
417 18
418 10
419 59
420 35
421 10
422 59
423 12
424 35
425 59
426 35
427 0
428 13
429 10
430 45
431 59
432 23
433 35
434 45
435 0
436 35
437 18
438 35
439 43
440 59
441 50
442 23
443 18
444 14
445 51
446 10
447 35
448 50
449 0
450 42
451 35
452 42
453 42
454 42
455 42
456 35
457 10
458 59
459 18
460 23
461 0
462 35
463 0
464 194
465 20
466 35
467 23
468 10
469 23
470 0
471 37
472 18
473 50
474 10
475 10
476 59
477 59
478 10
479 59
480 35
481 35
482 35
483 23
484 10
485 23
486 23
487 10
488 23
489 0
490 35
491 20
492 20
493 20
494 20
495 42
496 10
497 15
498 18
499 20
500 50
501 51
502 10
503 10
504 162
505 18
506 18
507 23
508 20
509 50
510 0
511 50
512 45
513 59
514 160
515 42
516 10
517 10
518 0
519 18
520 50
521 18
522 15
523 35
524 35
525 0
526 35
527 50
528 10
529 16
530 10
531 59
532 10
533 10
534 59
535 50
536 10
537 35
538 35
539 35
540 35
541 0
542 35
543 23
544 42
545 15
546 59
547 35
548 35
549 50
550 20
551 18
552 10
553 45
554 51
555 10
556 23
557 59
558 10
559 45
560 37
561 10
562 20
563 20
564 20
565 10
566 35
567 10
568 10
569 10
570 50
571 35
572 17
573 42
574 45
575 35
576 45
577 50
578 23
579 51
580 59
581 42
582 42
583 42
584 59
585 23
586 35
587 59
588 10
589 35
590 210
591 45
592 10
593 10
594 10
595 10
596 59
597 10
598 211
599 0
600 35
601 51
602 23
603 10
604 59
605 59
606 23
607 23
608 35
609 20
610 45
611 10
612 10
613 10
614 23
615 10
616 50
617 10
618 23
619 35
620 35
621 10
622 35
623 18
624 35
625 20
626 10
627 59
628 10
629 10
630 35
631 10
632 59
633 10
634 35
635 35
636 35
637 0
638 35
639 35
640 15
641 35
642 35
643 45
644 35
645 45
646 20
647 18
648 106
649 59
650 20
651 35
652 37
653 37
654 35
655 50
656 59
657 50
658 10
659 10
660 42
661 35
662 0
663 17
664 35
665 35
666 23
667 20
668 10
669 23
670 18
671 59
672 23
673 20
674 10
675 18
676 50
677 59
678 43
679 19
680 0
681 20
682 20
683 50
684 51
685 59
686 50
687 23
688 45
689 37
690 50
691 10
692 35
693 50
694 10
695 10
696 10
697 35
698 21
699 59
700 35
701 59
702 50
703 35
704 35
705 18
706 23
707 23
708 10
709 42
710 35
711 59
712 50
713 10
714 0
715 50
716 35
717 50
718 10
719 42
720 35
721 23
722 18
723 140
724 35
725 23
726 23
727 35
728 37
729 10
730 23
731 45
732 50
733 0
734 10
735 10
736 35
737 20
738 45
739 10
740 51
741 18
742 10
743 10
744 10
745 18
746 18
747 35
748 10
749 35
750 35
751 37
752 23
753 35
754 50
755 10
756 35
757 35
758 10
759 35
760 59
761 20
762 22
763 23
764 23
765 23
766 35
767 10
768 51
769 37
770 35
771 50
772 18
773 42
774 35
775 20
776 59
777 59
778 10
779 59
780 35
781 24
782 23
783 18
784 45
785 10
786 23
787 25
788 37
789 0
790 18
791 59
792 23
793 18
794 0
795 20
796 18
797 18
798 45
799 20
800 10
801 50
802 20
803 37
804 59
805 10
806 45
807 35
808 15
809 23
810 18
811 59
812 35
813 10
814 0
815 18
816 45
817 0
818 23
819 18
820 18
821 23
822 50
823 10
824 10
825 35
826 35
827 45
828 35
829 10
830 10
831 15
832 10
833 10
834 10
835 10
836 59
837 10
838 35
839 35
840 10
841 10
842 10
843 50
844 35
845 10
846 26
847 10
848 50
849 51
850 35
851 10
852 10
853 18
854 35
855 45
856 10
857 10
858 18
859 23
860 10
861 10
862 23
863 23
864 35
865 37
866 10
867 20
868 18
869 27
870 35
871 50
872 0
873 35
874 42
875 35
876 42
877 0
878 10
879 59
880 18
881 23
882 50
883 35
884 23
885 23
886 35
887 23
888 23
889 15
890 50
891 0
892 18
893 10
894 35
895 20
896 45
897 10
898 59
899 28
900 23
901 35
902 10
903 35
904 23
905 10
906 45
907 0
908 45
909 29
910 20
911 45
912 18
913 0
914 45
915 35
916 10
917 23
918 10
919 35
920 20
921 35
922 35
923 35
924 18
925 45
926 20
927 35
928 51
929 18
930 50
931 35
932 23
933 35
934 35
935 23
936 10
937 35
938 10
939 35
940 20
941 10
942 0
943 0
944 20
945 42
946 42
947 59
948 23
949 10
950 42
951 10
952 51
953 59
954 10
955 50
956 10
957 10
958 35
959 20
960 23
961 20
962 10
963 10
964 10
965 35
966 10
967 35
968 23
969 18
970 10
971 35
972 10
973 23
974 59
975 45
976 10
977 18
978 10
979 35
980 10
981 35
982 35
983 35
984 10
985 10
986 37
987 50
988 18
989 18
990 42
991 45
992 50
993 50
994 50
995 10
996 35
997 10
998 59
999 10
1000 51
1001 10
1002 10
1003 50
1004 51
1005 59
1006 50
1007 50
1008 45
1009 181
1010 10
1011 59
1012 0
1013 35
1014 10
1015 45
1016 51
1017 10
1018 10
1019 20
1020 18
1021 51
1022 51
1023 10
1024 30
1025 35
1026 18
1027 10
1028 18
1029 18
1030 50
1031 10
1032 15
1033 35
1034 35
1035 18
1036 10
1037 0
1038 37
1039 37
1040 35
1041 35
1042 35
1043 18
1044 10
1045 51
1046 10
1047 59
1048 217
1049 20
1050 35
1051 50
1052 59
1053 35
1054 155
1055 35
1056 23
1057 35
1058 23
1059 42
1060 10
1061 0
1062 10
1063 51
1064 20
1065 59
1066 23
1067 35
1068 35
1069 10
1070 10
1071 10
1072 35
1073 50
1074 59
1075 59
1076 50
1077 59
1078 10
1079 35
1080 35
1081 23
1082 23
1083 10
1084 50
1085 59
1086 59
1087 45
1088 35
1089 23
1090 51
1091 45
1092 0
1093 10
1094 59
1095 10
1096 10
1097 50
1098 10
1099 10
1100 59
1101 20
1102 18
1103 10
1104 23
1105 18
1106 166
1107 20
1108 35
1109 50
1110 35
1111 35
1112 35
1113 35
1114 59
1115 18
1116 18
1117 59
1118 59
1119 54
1120 18
1121 29
1122 59
1123 18
1124 35
1125 37
1126 50
1127 10
1128 59
1129 23
1130 37
1131 50
1132 35
1133 35
1134 51
1135 10
1136 37
1137 35
1138 10
1139 0
1140 59
1141 10
1142 10
1143 31
1144 10
1145 35
1146 10
1147 59
1148 10
1149 20
1150 10
1151 10
1152 35
1153 59
1154 10
1155 10
1156 59
1157 10
1158 51
1159 59
1160 18
1161 35
1162 35
1163 10
1164 35
1165 10
1166 10
1167 15
1168 35
1169 10
1170 10
1171 10
1172 35
1173 50
1174 165
1175 51
1176 35
1177 45
1178 35
1179 10
1180 20
1181 23
1182 18
1183 35
1184 0
1185 18
1186 35
1187 35
1188 35
1189 35
1190 35
1191 35
1192 10
1193 50
1194 20
1195 59
1196 59
1197 10
1198 18
1199 202
1200 15
1201 42
1202 10
1203 32
1204 35
1205 35
1206 45
1207 20
1208 10
1209 45
1210 10
1211 51
1212 23
1213 10
1214 10
1215 37
1216 35
1217 18
1218 35
1219 35
1220 45
1221 37
1222 10
1223 35
1224 35
1225 45
1226 45
1227 35
1228 33
1229 35
1230 35
1231 10
1232 37
1233 35
1234 23
1235 10
1236 23
1237 20
1238 51
1239 0
1240 10
1241 34
1242 35
1243 10
1244 45
1245 50
1246 37
1247 10
1248 0
1249 35
1250 35
1251 59
1252 18
1253 35
1254 10
1255 35
1256 18
1257 35
1258 23
1259 50
1260 23
1261 10
1262 50
1263 20
1264 10
1265 10
1266 59
1267 35
1268 18
1269 15
1270 23
1271 50
1272 59
1273 23
1274 18
1275 35
1276 59
1277 35
1278 35
1279 15
1280 42
1281 50
1282 0
1283 192
1284 10
1285 10
1286 51
1287 10
1288 20
1289 10
1290 35
1291 59
1292 0
1293 15
1294 23
1295 23
1296 18
1297 18
1298 18
1299 51
1300 10
1301 35
1302 10
1303 35
1304 59
1305 35
1306 51
1307 10
1308 35
1309 18
1310 50
1311 35
1312 10
1313 35
1314 10
1315 15
1316 10
1317 45
1318 18
1319 2
1320 18
1321 35
1322 18
1323 10
1324 23
1325 10
1326 35
1327 35
1328 10
1329 45
1330 35
1331 10
1332 10
1333 35
1334 10
1335 59
1336 20
1337 59
1338 59
1339 18
1340 45
1341 15
1342 20
1343 10
1344 59
1345 42
1346 37
1347 15
1348 59
1349 10
1350 10
1351 0
1352 45
1353 35
1354 20
1355 45
1356 20
1357 35
1358 59
1359 50
1360 35
1361 51
1362 51
1363 10
1364 10
1365 20
1366 10
1367 0
1368 23
1369 10
1370 50
1371 10
1372 59
1373 59
1374 20
1375 35
1376 23
1377 10
1378 23
1379 23
1380 35
1381 10
1382 10
1383 10
1384 20
1385 35
1386 35
1387 35
1388 59
1389 51
1390 10
1391 0
1392 59
1393 35
1394 23
1395 59
1396 23
1397 59
1398 10
1399 59
1400 10
1401 59
1402 35
1403 23
1404 18
1405 37
1406 10
1407 20
1408 10
1409 10
1410 51
1411 59
1412 59
1413 35
1414 23
1415 0
1416 10
1417 20
1418 10
1419 35
1420 10
1421 35
1422 20
1423 10
1424 36
1425 15
1426 18
1427 20
1428 37
1429 23
1430 10
1431 35
1432 59
1433 35
1434 0
1435 18
1436 45
1437 0
1438 45
1439 10
1440 10
1441 50
1442 59
1443 23
1444 23
1445 0
1446 10
1447 18
1448 0
1449 18
1450 45
1451 37
1452 50
1453 37
1454 18
1455 42
1456 10
1457 23
1458 10
1459 10
1460 10
1461 10
1462 10
1463 35
1464 23
1465 18
1466 23
1467 45
1468 51
1469 35
1470 50
1471 10
1472 20
1473 59
1474 45
1475 45
1476 37
1477 23
1478 20
1479 10
1480 20
1481 59
1482 10
1483 111
1484 165
1485 51
1486 0
1487 50
1488 0
1489 35
1490 35
1491 10
1492 164
1493 35
1494 35
1495 35
1496 20
1497 10
1498 35
1499 10
1500 10
1501 37
1502 10
1503 35
1504 59
1505 10
1506 51
1507 38
1508 20
1509 50
1510 10
1511 10
1512 15
1513 35
1514 35
1515 10
1516 35
1517 18
1518 0
1519 35
1520 10
1521 37
1522 59
1523 20
1524 45
1525 10
1526 59
1527 35
1528 18
1529 10
1530 35
1531 59
1532 10
1533 35
1534 20
1535 35
1536 59
1537 50
1538 203
1539 35
1540 18
1541 0
1542 10
1543 0
1544 20
1545 50
1546 23
1547 23
1548 18
1549 18
1550 51
1551 10
1552 10
1553 10
1554 0
1555 10
1556 0
1557 37
1558 10
1559 10
1560 20
1561 20
1562 23
1563 10
1564 0
1565 18
1566 20
1567 35
1568 10
1569 59
1570 23
1571 0
1572 20
1573 35
1574 50
1575 35
1576 10
1577 0
1578 50
1579 59
1580 45
1581 20
1582 35
1583 59
1584 35
1585 51
1586 59
1587 10
1588 51
1589 23
1590 35
1591 10
1592 35
1593 10
1594 35
1595 35
1596 59
1597 10
1598 10
1599 10
1600 37
1601 20
1602 37
1603 35
1604 15
1605 18
1606 20
1607 10
1608 18
1609 18
1610 59
1611 10
1612 23
1613 23
1614 10
1615 35
1616 18
1617 45
1618 50
1619 23
1620 51
1621 35
1622 10
1623 180
1624 51
1625 18
1626 18
1627 20
1628 10
1629 35
1630 18
1631 10
1632 20
1633 10
1634 15
1635 35
1636 10
1637 20
1638 10
1639 35
1640 50
1641 39
1642 23
1643 35
1644 40
1645 18
1646 10
1647 59
1648 35
1649 20
1650 35
1651 0
1652 35
1653 50
1654 35
1655 50
1656 23
1657 18
1658 35
1659 20
1660 10
1661 35
1662 35
1663 59
1664 35
1665 42
1666 59
1667 35
1668 35
1669 45
1670 18
1671 42
1672 59
1673 41
1674 35
1675 10
1676 45
1677 45
1678 42
1679 23
1680 18
1681 35
1682 10
1683 10
1684 10
1685 23
1686 50
1687 20
1688 43
1689 59
1690 10
1691 35
1692 59
1693 20
1694 10
1695 50
1696 45
1697 59
1698 182
1699 59
1700 10
1701 10
1702 103
1703 35
1704 44
1705 59
1706 45
1707 42
1708 35
1709 35
1710 35
1711 10
1712 10
1713 10
1714 10
1715 35
1716 23
1717 45
1718 20
1719 23
1720 35
1721 23
1722 35
1723 10
1724 35
1725 10
1726 23
1727 20
1728 0
1729 59
1730 50
1731 10
1732 20
1733 35
1734 0
1735 35
1736 18
1737 50
1738 35
1739 50
1740 23
1741 59
1742 35
1743 15
1744 59
1745 10
1746 18
1747 35
1748 35
1749 15
1750 35
1751 20
1752 35
1753 10
1754 35
1755 45
1756 45
1757 20
1758 23
1759 37
1760 20
1761 46
1762 51
1763 37
1764 0
1765 59
1766 50
1767 20
1768 59
1769 42
1770 45
1771 47
1772 10
1773 20
1774 35
1775 51
1776 51
1777 48
1778 20
1779 10
1780 35
1781 37
1782 35
1783 10
1784 45
1785 35
1786 35
1787 35
1788 35
1789 14
1790 20
1791 10
1792 10
1793 35
1794 35
1795 35
1796 51
1797 10
1798 35
1799 35
1800 50
1801 59
1802 10
1803 35
1804 49
1805 20
1806 35
1807 50
1808 10
1809 35
1810 38
1811 35
1812 35
1813 0
1814 35
1815 45
1816 35
1817 10
1818 20
1819 35
1820 103
1821 35
1822 23
1823 35
1824 10
1825 50
1826 31
1827 18
1828 10
1829 51
1830 59
1831 35
1832 45
1833 10
1834 10
1835 50
1836 10
1837 59
1838 45
1839 20
1840 35
1841 35
1842 10
1843 23
1844 32
1845 45
1846 59
1847 51
1848 18
1849 50
1850 35
1851 20
1852 20
1853 35
1854 10
1855 35
1856 23
1857 20
1858 0
1859 35
1860 10
1861 10
1862 35
1863 50
1864 0
1865 10
1866 15
1867 50
1868 20
1869 10
1870 51
1871 50
1872 37
1873 10
1874 10
1875 10
1876 35
1877 23
1878 10
1879 50
1880 35
1881 35
1882 20
1883 51
1884 50
1885 35
1886 10
1887 35
1888 23
1889 10
1890 37
1891 23
1892 45
1893 18
1894 18
1895 50
1896 37
1897 23
1898 18
1899 0
1900 35
1901 159
1902 10
1903 20
1904 35
1905 10
1906 23
1907 42
1908 35
1909 35
1910 37
1911 10
1912 10
1913 18
1914 140
1915 59
1916 50
1917 42
1918 51
1919 10
1920 18
1921 0
1922 59
1923 35
1924 42
1925 35
1926 51
1927 10
1928 50
1929 23
1930 35
1931 18
1932 10
1933 35
1934 45
1935 37
1936 10
1937 10
1938 35
1939 18
1940 35
1941 10
1942 35
1943 35
1944 23
1945 0
1946 35
1947 10
1948 10
1949 35
1950 10
1951 23
1952 10
1953 35
1954 10
1955 18
1956 10
1957 10
1958 35
1959 23
1960 23
1961 35
1962 10
1963 20
1964 10
1965 35
1966 35
1967 45
1968 35
1969 35
1970 50
1971 52
1972 45
1973 35
1974 35
1975 37
1976 18
1977 35
1978 23
1979 20
1980 0
1981 20
1982 35
1983 50
1984 18
1985 10
1986 35
1987 35
1988 35
1989 35
1990 37
1991 37
1992 10
1993 35
1994 10
1995 20
1996 23
1997 10
1998 18
1999 18
2000 18
2001 23
2002 18
2003 45
2004 35
2005 10
2006 23
2007 18
2008 35
2009 10
2010 35
2011 10
2012 35
2013 51
2014 10
2015 59
2016 35
2017 18
2018 35
2019 53
2020 10
2021 59
2022 10
2023 42
2024 50
2025 45
2026 35
2027 35
2028 59
2029 59
2030 10
2031 10
2032 0
2033 18
2034 35
2035 10
2036 10
2037 59
2038 54
2039 18
2040 51
2041 51
2042 35
2043 20
2044 35
2045 18
2046 20
2047 45
2048 18
2049 18
2050 35
2051 50
2052 23
2053 10
2054 10
2055 23
2056 10
2057 50
2058 18
2059 23
2060 45
2061 155
2062 10
2063 10
2064 10
2065 50
2066 15
2067 103
2068 35
2069 10
2070 23
2071 0
2072 10
2073 35
2074 10
2075 59
2076 35
2077 10
2078 10
2079 55
2080 10
2081 59
2082 10
2083 10
2084 51
2085 23
2086 23
2087 10
2088 35
2089 10
2090 23
2091 59
2092 10
2093 59
2094 59
2095 10
2096 10
2097 50
2098 10
2099 35
2100 10
2101 18
2102 23
2103 23
2104 45
2105 35
2106 23
2107 18
2108 23
2109 10
2110 23
2111 10
2112 35
2113 50
2114 23
2115 35
2116 43
2117 10
2118 35
2119 23
2120 35
2121 50
2122 35
2123 59
2124 35
2125 35
2126 35
2127 35
2128 35
2129 10
2130 35
2131 35
2132 35
2133 50
2134 59
2135 18
2136 50
2137 10
2138 18
2139 10
2140 51
2141 35
2142 10
2143 20
2144 10
2145 50
2146 10
2147 165
2148 35
2149 10
2150 50
2151 45
2152 50
2153 59
2154 50
2155 59
2156 10
2157 42
2158 10
2159 51
2160 59
2161 59
2162 10
2163 59
2164 10
2165 35
2166 2
2167 35
2168 59
2169 37
2170 10
2171 37
2172 42
2173 59
2174 59
2175 18
2176 35
2177 35
2178 10
2179 35
2180 45
2181 35
2182 56
2183 35
2184 37
2185 23
2186 0
2187 10
2188 20
2189 35
2190 10
2191 149
2192 51
2193 35
2194 45
2195 59
2196 10
2197 10
2198 37
2199 10
2200 45
2201 50
2202 35
2203 45
2204 23
2205 35
2206 18
2207 35
2208 35
2209 10
2210 20
2211 35
2212 37
2213 37
2214 51
2215 10
2216 10
2217 35
2218 10
2219 59
2220 35
2221 50
2222 10
2223 10
2224 35
2225 35
2226 15
2227 59
2228 37
2229 23
2230 0
2231 10
2232 10
2233 57
2234 35
2235 35
2236 10
2237 35
2238 50
2239 50
2240 35
2241 10
2242 35
2243 10
2244 45
2245 35
2246 51
2247 23
2248 18
2249 35
2250 18
2251 59
2252 10
2253 51
2254 23
2255 18
2256 10
2257 37
2258 10
2259 10
2260 10
2261 35
2262 10
2263 10
2264 59
2265 10
2266 10
2267 10
2268 10
2269 10
2270 10
2271 10
2272 18
2273 59
2274 35
2275 10
2276 10
2277 35
2278 10
2279 166
2280 35
2281 0
2282 35
2283 23
2284 20
2285 20
2286 35
2287 10
2288 10
2289 35
2290 37
2291 37
2292 20
2293 23
2294 10
2295 10
2296 35
2297 35
2298 50
2299 18
2300 35
2301 10
2302 0
2303 42
2304 18
2305 20
2306 35
2307 18
2308 10
2309 20
2310 51
2311 10
2312 35
2313 58
2314 51
2315 35
2316 51
2317 10
2318 10
2319 35
2320 35
2321 18
2322 59
2323 10
2324 59
2325 50
2326 18
2327 23
2328 35
2329 20
2330 20
2331 45
2332 10
2333 35
2334 35
2335 2
2336 35
2337 35
2338 10
2339 51
2340 45
2341 35
2342 23
2343 20
2344 35
2345 10
2346 59
2347 10
2348 45
2349 35
2350 45
2351 18
2352 10
2353 50
2354 23
2355 59
2356 45
2357 0
2358 10
2359 50
2360 35
2361 0
2362 10
2363 18
2364 10
2365 10
2366 51
2367 122
2368 35
2369 35
2370 23
2371 10
2372 35
2373 59
2374 42
2375 20
2376 155
2377 45
2378 35
2379 51
2380 35
2381 59
2382 59
2383 20
2384 3
2385 42
2386 10
2387 45
2388 35
2389 0
2390 20
2391 45
2392 59
2393 35
2394 59
2395 23
2396 50
2397 35
2398 10
2399 10
2400 20
2401 35
2402 87
2403 10
2404 176
2405 35
2406 51
2407 10
2408 20
2409 10
2410 50
2411 10
2412 35
2413 10
2414 10
2415 50
2416 20
2417 50
2418 45
2419 35
2420 35
2421 10
2422 35
2423 10
2424 10
2425 10
2426 23
2427 50
2428 18
2429 59
2430 50
2431 23
2432 20
2433 51
2434 35
2435 18
2436 50
2437 35
2438 10
2439 51
2440 10
2441 37
2442 18
2443 0
2444 42
2445 18
2446 35
2447 37
2448 35
2449 35
2450 10
2451 99
2452 50
2453 0
2454 45
2455 45
2456 10
2457 18
2458 35
2459 35
2460 35
2461 50
2462 0
2463 35
2464 35
2465 35
2466 10
2467 10
2468 35
2469 45
2470 18
2471 18
2472 35
2473 35
2474 35
2475 23
2476 35
2477 23
2478 10
2479 18
2480 60
2481 61
2482 10
2483 35
2484 0
2485 0
2486 50
2487 15
2488 23
2489 35
2490 45
2491 35
2492 0
2493 20
2494 35
2495 10
2496 10
2497 59
2498 18
2499 35
2500 50
2501 51
2502 50
2503 35
2504 10
2505 45
2506 50
2507 50
2508 35
2509 62
2510 197
2511 10
2512 35
2513 10
2514 35
2515 10
2516 10
2517 10
2518 63
2519 10
2520 0
2521 10
2522 35
2523 18
2524 35
2525 35
2526 10
2527 10
2528 50
2529 10
2530 35
2531 35
2532 35
2533 35
2534 10
2535 20
2536 23
2537 35
2538 10
2539 37
2540 10
2541 10
2542 37
2543 59
2544 10
2545 23
2546 35
2547 10
2548 23
2549 50
2550 10
2551 50
2552 35
2553 45
2554 0
2555 64
2556 18
2557 20
2558 59
2559 35
2560 35
2561 18
2562 59
2563 0
2564 50
2565 50
2566 35
2567 18
2568 10
2569 18
2570 20
2571 10
2572 10
2573 23
2574 35
2575 20
2576 45
2577 10
2578 0
2579 37
2580 20
2581 35
2582 10
2583 10
2584 35
2585 37
2586 23
2587 35
2588 35
2589 23
2590 51
2591 59
2592 35
2593 50
2594 35
2595 35
2596 35
2597 35
2598 35
2599 35
2600 65
2601 45
2602 10
2603 35
2604 35
2605 50
2606 35
2607 59
2608 35
2609 18
2610 18
2611 20
2612 23
2613 10
2614 35
2615 10
2616 10
2617 10
2618 51
2619 23
2620 35
2621 35
2622 35
2623 35
2624 87
2625 50
2626 37
2627 35
2628 10
2629 35
2630 35
2631 35
2632 18
2633 35
2634 50
2635 35
2636 45
2637 10
2638 35
2639 66
2640 10
2641 20
2642 20
2643 18
2644 35
2645 35
2646 67
2647 35
2648 0
2649 35
2650 59
2651 35
2652 35
2653 10
2654 37
2655 35
2656 50
2657 35
2658 37
2659 50
2660 59
2661 35
2662 50
2663 35
2664 35
2665 35
2666 59
2667 10
2668 35
2669 59
2670 35
2671 35
2672 45
2673 10
2674 18
2675 10
2676 35
2677 35
2678 10
2679 10
2680 10
2681 35
2682 42
2683 35
2684 10
2685 10
2686 50
2687 18
2688 10
2689 18
2690 20
2691 10
2692 23
2693 35
2694 35
2695 23
2696 35
2697 35
2698 45
2699 10
2700 20
2701 18
2702 35
2703 10
2704 20
2705 45
2706 18
2707 35
2708 68
2709 69
2710 18
2711 35
2712 20
2713 20
2714 20
2715 35
2716 50
2717 10
2718 18
2719 50
2720 59
2721 37
2722 10
2723 10
2724 10
2725 70
2726 35
2727 20
2728 35
2729 35
2730 59
2731 35
2732 23
2733 57
2734 71
2735 10
2736 10
2737 206
2738 10
2739 10
2740 20
2741 59
2742 50
2743 15
2744 45
2745 23
2746 45
2747 59
2748 10
2749 47
2750 42
2751 59
2752 50
2753 10
2754 18
2755 20
2756 23
2757 45
2758 35
2759 10
2760 10
2761 45
2762 10
2763 10
2764 10
2765 20
2766 23
2767 59
2768 37
2769 15
2770 35
2771 20
2772 23
2773 50
2774 20
2775 20
2776 18
2777 10
2778 37
2779 0
2780 10
2781 59
2782 35
2783 15
2784 15
2785 35
2786 59
2787 37
2788 35
2789 35
2790 0
2791 10
2792 20
2793 15
2794 72
2795 10
2796 18
2797 23
2798 20
2799 10
2800 15
2801 10
2802 35
2803 23
2804 10
2805 45
2806 10
2807 18
2808 18
2809 59
2810 45
2811 15
2812 26
2813 10
2814 35
2815 35
2816 35
2817 0
2818 18
2819 10
2820 10
2821 35
2822 35
2823 35
2824 213
2825 50
2826 35
2827 10
2828 59
2829 37
2830 59
2831 10
2832 51
2833 10
2834 37
2835 10
2836 10
2837 18
2838 35
2839 37
2840 10
2841 10
2842 10
2843 35
2844 42
2845 50
2846 50
2847 10
2848 10
2849 35
2850 10
2851 35
2852 50
2853 51
2854 50
2855 35
2856 10
2857 35
2858 59
2859 35
2860 35
2861 10
2862 23
2863 45
2864 35
2865 35
2866 37
2867 15
2868 10
2869 35
2870 18
2871 0
2872 10
2873 50
2874 59
2875 35
2876 10
2877 35
2878 35
2879 50
2880 35
2881 35
2882 20
2883 45
2884 10
2885 42
2886 35
2887 42
2888 10
2889 59
2890 35
2891 35
2892 35
2893 20
2894 42
2895 164
2896 59
2897 50
2898 35
2899 10
2900 73
2901 15
2902 10
2903 10
2904 23
2905 51
2906 45
2907 10
2908 35
2909 35
2910 20
2911 23
2912 35
2913 0
2914 18
2915 0
2916 59
2917 23
2918 0
2919 18
2920 10
2921 10
2922 23
2923 35
2924 23
2925 23
2926 45
2927 20
2928 35
2929 50
2930 50
2931 51
2932 50
2933 10
2934 59
2935 50
2936 20
2937 10
2938 23
2939 10
2940 10
2941 20
2942 10
2943 35
2944 10
2945 59
2946 59
2947 50
2948 10
2949 0
2950 10
2951 35
2952 35
2953 10
2954 23
2955 45
2956 18
2957 10
2958 45
2959 18
2960 51
2961 74
2962 23
2963 10
2964 18
2965 10
2966 50
2967 35
2968 75
2969 50
2970 10
2971 18
2972 35
2973 35
2974 10
2975 35
2976 10
2977 20
2978 76
2979 10
2980 151
2981 10
2982 18
2983 23
2984 35
2985 10
2986 35
2987 77
2988 18
2989 35
2990 10
2991 10
2992 23
2993 220
2994 153
2995 37
2996 10
2997 35
2998 35
2999 50
3000 20
3001 10
3002 35
3003 50
3004 59
3005 20
3006 45
3007 35
3008 35
3009 0
3010 10
3011 35
3012 10
3013 35
3014 35
3015 35
3016 35
3017 35
3018 74
3019 35
3020 20
3021 20
3022 20
3023 50
3024 35
3025 35
3026 45
3027 18
3028 10
3029 0
3030 18
3031 59
3032 35
3033 10
3034 35
3035 45
3036 45
3037 35
3038 35
3039 35
3040 37
3041 45
3042 23
3043 15
3044 10
3045 35
3046 10
3047 10
3048 50
3049 23
3050 50
3051 18
3052 10
3053 10
3054 18
3055 10
3056 10
3057 35
3058 50
3059 18
3060 10
3061 10
3062 18
3063 10
3064 10
3065 45
3066 10
3067 51
3068 35
3069 18
3070 35
3071 35
3072 10
3073 20
3074 10
3075 59
3076 10
3077 59
3078 37
3079 23
3080 59
3081 50
3082 10
3083 10
3084 51
3085 10
3086 42
3087 59
3088 59
3089 10
3090 59
3091 35
3092 10
3093 35
3094 20
3095 20
3096 35
3097 10
3098 0
3099 42
3100 0
3101 18
3102 10
3103 10
3104 15
3105 35
3106 20
3107 15
3108 18
3109 35
3110 23
3111 35
3112 45
3113 35
3114 50
3115 35
3116 35
3117 59
3118 18
3119 23
3120 35
3121 18
3122 10
3123 10
3124 23
3125 0
3126 20
3127 0
3128 35
3129 35
3130 10
3131 59
3132 23
3133 10
3134 50
3135 23
3136 10
3137 10
3138 10
3139 59
3140 10
3141 18
3142 10
3143 35
3144 20
3145 35
3146 35
3147 59
3148 10
3149 20
3150 10
3151 10
3152 18
3153 10
3154 10
3155 35
3156 35
3157 35
3158 18
3159 51
3160 10
3161 35
3162 10
3163 35
3164 23
3165 10
3166 20
3167 15
3168 18
3169 59
3170 59
3171 37
3172 59
3173 51
3174 37
3175 59
3176 59
3177 35
3178 59
3179 0
3180 20
3181 78
3182 18
3183 177
3184 35
3185 50
3186 23
3187 59
3188 20
3189 50
3190 35
3191 23
3192 23
3193 23
3194 20
3195 10
3196 35
3197 10
3198 10
3199 10
3200 10
3201 45
3202 10
3203 18
3204 10
3205 37
3206 45
3207 10
3208 35
3209 10
3210 10
3211 0
3212 35
3213 35
3214 20
3215 35
3216 35
3217 37
3218 0
3219 10
3220 35
3221 10
3222 10
3223 35
3224 35
3225 35
3226 10
3227 45
3228 35
3229 35
3230 50
3231 59
3232 35
3233 35
3234 23
3235 20
3236 59
3237 59
3238 35
3239 0
3240 35
3241 10
3242 10
3243 10
3244 35
3245 37
3246 10
3247 10
3248 10
3249 10
3250 37
3251 10
3252 59
3253 37
3254 59
3255 18
3256 10
3257 10
3258 35
3259 79
3260 35
3261 35
3262 35
3263 20
3264 20
3265 10
3266 50
3267 35
3268 10
3269 59
3270 10
3271 10
3272 35
3273 23
3274 10
3275 45
3276 35
3277 35
3278 50
3279 0
3280 35
3281 51
3282 10
3283 10
3284 35
3285 18
3286 50
3287 59
3288 42
3289 59
3290 10
3291 10
3292 10
3293 34
3294 20
3295 50
3296 45
3297 45
3298 59
3299 59
3300 50
3301 59
3302 50
3303 10
3304 18
3305 80
3306 35
3307 45
3308 10
3309 10
3310 10
3311 23
3312 35
3313 35
3314 42
3315 10
3316 10
3317 18
3318 0
3319 45
3320 81
3321 45
3322 18
3323 35
3324 35
3325 35
3326 18
3327 10
3328 50
3329 18
3330 18
3331 82
3332 10
3333 23
3334 50
3335 0
3336 20
3337 35
3338 20
3339 35
3340 42
3341 18
3342 23
3343 50
3344 35
3345 0
3346 10
3347 59
3348 83
3349 35
3350 62
3351 23
3352 35
3353 0
3354 35
3355 51
3356 45
3357 10
3358 35
3359 23
3360 10
3361 65
3362 35
3363 18
3364 20
3365 37
3366 18
3367 10
3368 35
3369 35
3370 51
3371 35
3372 35
3373 35
3374 10
3375 35
3376 35
3377 35
3378 35
3379 23
3380 10
3381 0
3382 10
3383 42
3384 84
3385 35
3386 20
3387 50
3388 48
3389 59
3390 35
3391 59
3392 10
3393 10
3394 0
3395 35
3396 50
3397 20
3398 10
3399 0
3400 18
3401 59
3402 35
3403 59
3404 35
3405 35
3406 42
3407 85
3408 37
3409 0
3410 23
3411 59
3412 0
3413 37
3414 20
3415 59
3416 50
3417 18
3418 35
3419 35
3420 0
3421 35
3422 10
3423 10
3424 35
3425 59
3426 0
3427 10
3428 20
3429 10
3430 10
3431 20
3432 37
3433 35
3434 35
3435 45
3436 50
3437 10
3438 35
3439 51
3440 23
3441 59
3442 50
3443 20
3444 23
3445 35
3446 10
3447 10
3448 35
3449 23
3450 35
3451 18
3452 35
3453 23
3454 10
3455 10
3456 45
3457 105
3458 10
3459 18
3460 59
3461 59
3462 20
3463 35
3464 0
3465 0
3466 18
3467 35
3468 10
3469 10
3470 35
3471 59
3472 10
3473 50
3474 20
3475 10
3476 42
3477 0
3478 45
3479 18
3480 51
3481 50
3482 10
3483 86
3484 35
3485 37
3486 50
3487 18
3488 23
3489 20
3490 10
3491 20
3492 10
3493 37
3494 35
3495 20
3496 35
3497 20
3498 10
3499 10
3500 10
3501 10
3502 59
3503 59
3504 15
3505 20
3506 23
3507 10
3508 45
3509 10
3510 10
3511 10
3512 23
3513 45
3514 45
3515 45
3516 20
3517 23
3518 35
3519 10
3520 50
3521 87
3522 59
3523 59
3524 10
3525 59
3526 10
3527 0
3528 0
3529 150
3530 10
3531 5
3532 23
3533 10
3534 23
3535 35
3536 20
3537 59
3538 18
3539 35
3540 35
3541 10
3542 37
3543 35
3544 0
3545 23
3546 59
3547 18
3548 0
3549 10
3550 23
3551 41
3552 10
3553 88
3554 0
3555 23
3556 10
3557 23
3558 20
3559 10
3560 10
3561 10
3562 23
3563 10
3564 10
3565 37
3566 10
3567 59
3568 18
3569 20
3570 10
3571 18
3572 35
3573 35
3574 35
3575 35
3576 35
3577 23
3578 10
3579 59
3580 105
3581 139
3582 35
3583 0
3584 59
3585 59
3586 10
3587 0
3588 10
3589 20
3590 35
3591 35
3592 35
3593 35
3594 18
3595 10
3596 37
3597 23
3598 10
3599 10
3600 10
3601 35
3602 18
3603 20
3604 10
3605 45
3606 37
3607 10
3608 42
3609 10
3610 35
3611 35
3612 10
3613 12
3614 59
3615 20
3616 59
3617 10
3618 35
3619 45
3620 18
3621 20
3622 35
3623 23
3624 42
3625 18
3626 20
3627 50
3628 10
3629 103
3630 35
3631 20
3632 23
3633 10
3634 35
3635 35
3636 45
3637 0
3638 35
3639 50
3640 50
3641 10
3642 23
3643 15
3644 10
3645 23
3646 20
3647 89
3648 10
3649 10
3650 45
3651 59
3652 59
3653 10
3654 10
3655 10
3656 59
3657 35
3658 20
3659 10
3660 50
3661 35
3662 35
3663 10
3664 35
3665 23
3666 59
3667 18
3668 18
3669 35
3670 18
3671 90
3672 10
3673 45
3674 20
3675 51
3676 91
3677 37
3678 20
3679 45
3680 20
3681 10
3682 35
3683 10
3684 0
3685 10
3686 35
3687 10
3688 35
3689 23
3690 35
3691 50
3692 0
3693 10
3694 15
3695 23
3696 51
3697 198
3698 92
3699 10
3700 10
3701 0
3702 35
3703 15
3704 10
3705 93
3706 59
3707 59
3708 10
3709 94
3710 50
3711 0
3712 0
3713 0
3714 45
3715 0
3716 18
3717 23
3718 10
3719 59
3720 50
3721 18
3722 35
3723 59
3724 50
3725 50
3726 50
3727 20
3728 0
3729 160
3730 23
3731 35
3732 45
3733 37
3734 15
3735 50
3736 10
3737 35
3738 35
3739 20
3740 59
3741 23
3742 35
3743 0
3744 10
3745 37
3746 10
3747 18
3748 35
3749 23
3750 18
3751 59
3752 10
3753 10
3754 51
3755 10
3756 18
3757 10
3758 10
3759 20
3760 51
3761 35
3762 45
3763 15
3764 35
3765 23
3766 35
3767 35
3768 51
3769 51
3770 10
3771 18
3772 35
3773 50
3774 17
3775 50
3776 10
3777 35
3778 35
3779 35
3780 59
3781 35
3782 18
3783 42
3784 10
3785 35
3786 68
3787 59
3788 59
3789 45
3790 23
3791 10
3792 59
3793 10
3794 10
3795 20
3796 0
3797 42
3798 10
3799 0
3800 18
3801 37
3802 18
3803 0
3804 50
3805 10
3806 10
3807 10
3808 18
3809 35
3810 18
3811 35
3812 206
3813 59
3814 35
3815 59
3816 18
3817 35
3818 10
3819 0
3820 51
3821 59
3822 10
3823 10
3824 18
3825 23
3826 10
3827 18
3828 35
3829 10
3830 74
3831 10
3832 0
3833 50
3834 35
3835 18
3836 45
3837 42
3838 20
3839 18
3840 35
3841 10
3842 20
3843 23
3844 158
3845 10
3846 10
3847 18
3848 10
3849 35
3850 35
3851 95
3852 95
3853 35
3854 18
3855 15
3856 20
3857 35
3858 20
3859 51
3860 23
3861 59
3862 10
3863 35
3864 35
3865 96
3866 0
3867 10
3868 45
3869 18
3870 59
3871 45
3872 18
3873 10
3874 35
3875 35
3876 10
3877 35
3878 51
3879 10
3880 51
3881 37
3882 20
3883 45
3884 97
3885 0
3886 50
3887 18
3888 10
3889 10
3890 18
3891 35
3892 51
3893 10
3894 18
3895 20
3896 10
3897 45
3898 23
3899 35
3900 35
3901 35
3902 98
3903 10
3904 35
3905 59
3906 50
3907 35
3908 10
3909 18
3910 20
3911 35
3912 35
3913 10
3914 18
3915 20
3916 23
3917 59
3918 10
3919 45
3920 35
3921 18
3922 10
3923 20
3924 23
3925 50
3926 59
3927 35
3928 35
3929 20
3930 35
3931 10
3932 10
3933 10
3934 35
3935 18
3936 10
3937 23
3938 23
3939 35
3940 42
3941 18
3942 51
3943 20
3944 20
3945 35
3946 18
3947 18
3948 20
3949 20
3950 35
3951 0
3952 10
3953 35
3954 50
3955 172
3956 51
3957 35
3958 83
3959 35
3960 50
3961 51
3962 35
3963 56
3964 35
3965 59
3966 35
3967 10
3968 10
3969 50
3970 10
3971 20
3972 59
3973 10
3974 18
3975 37
3976 35
3977 35
3978 10
3979 35
3980 18
3981 20
3982 50
3983 35
3984 18
3985 0
3986 35
3987 10
3988 18
3989 10
3990 45
3991 10
3992 99
3993 45
3994 37
3995 50
3996 18
3997 10
3998 10
3999 20
4000 23
4001 100
4002 50
4003 35
4004 0
4005 101
4006 35
4007 23
4008 50
4009 0
4010 37
4011 10
4012 18
4013 10
4014 45
4015 102
4016 37
4017 10
4018 10
4019 35
4020 59
4021 10
4022 20
4023 10
4024 35
4025 45
4026 35
4027 20
4028 35
4029 23
4030 35
4031 18
4032 10
4033 59
4034 18
4035 6
4036 10
4037 35
4038 35
4039 10
4040 23
4041 10
4042 59
4043 103
4044 104
4045 23
4046 0
4047 10
4048 59
4049 35
4050 0
4051 105
4052 59
4053 10
4054 35
4055 10
4056 59
4057 10
4058 59
4059 10
4060 18
4061 35
4062 35
4063 51
4064 10
4065 42
4066 35
4067 45
4068 51
4069 35
4070 18
4071 10
4072 10
4073 59
4074 42
4075 37
4076 10
4077 106
4078 10
4079 35
4080 50
4081 35
4082 10
4083 10
4084 50
4085 59
4086 18
4087 20
4088 59
4089 50
4090 35
4091 23
4092 187
4093 10
4094 20
4095 51
4096 10
4097 116
4098 10
4099 45
4100 35
4101 59
4102 35
4103 35
4104 35
4105 35
4106 20
4107 0
4108 107
4109 35
4110 179
4111 59
4112 51
4113 42
4114 50
4115 35
4116 20
4117 10
4118 35
4119 45
4120 183
4121 35
4122 35
4123 23
4124 10
4125 10
4126 35
4127 10
4128 35
4129 10
4130 45
4131 20
4132 50
4133 10
4134 23
4135 23
4136 23
4137 20
4138 20
4139 37
4140 10
4141 10
4142 20
4143 108
4144 23
4145 23
4146 35
4147 45
4148 10
4149 10
4150 59
4151 20
4152 50
4153 35
4154 35
4155 59
4156 42
4157 50
4158 35
4159 42
4160 20
4161 51
4162 18
4163 35
4164 10
4165 45
4166 51
4167 37
4168 35
4169 10
4170 50
4171 50
4172 20
4173 45
4174 35
4175 35
4176 20
4177 10
4178 20
4179 59
4180 18
4181 23
4182 51
4183 51
4184 18
4185 10
4186 50
4187 50
4188 209
4189 50
4190 15
4191 20
4192 59
4193 10
4194 35
4195 35
4196 23
4197 20
4198 0
4199 10
4200 35
4201 0
4202 23
4203 18
4204 23
4205 10
4206 35
4207 35
4208 10
4209 23
4210 35
4211 45
4212 35
4213 10
4214 10
4215 59
4216 51
4217 10
4218 10
4219 10
4220 33
4221 59
4222 42
4223 20
4224 18
4225 45
4226 35
4227 20
4228 0
4229 0
4230 35
4231 35
4232 10
4233 50
4234 51
4235 126
4236 35
4237 0
4238 0
4239 10
4240 59
4241 10
4242 35
4243 169
4244 10
4245 10
4246 59
4247 0
4248 23
4249 0
4250 18
4251 35
4252 20
4253 10
4254 10
4255 35
4256 35
4257 0
4258 10
4259 42
4260 20
4261 20
4262 18
4263 10
4264 23
4265 109
4266 10
4267 18
4268 10
4269 35
4270 59
4271 45
4272 35
4273 10
4274 35
4275 35
4276 10
4277 10
4278 51
4279 10
4280 10
4281 18
4282 15
4283 59
4284 110
4285 35
4286 35
4287 10
4288 18
4289 20
4290 18
4291 10
4292 51
4293 10
4294 37
4295 20
4296 50
4297 35
4298 10
4299 20
4300 37
4301 23
4302 20
4303 10
4304 10
4305 35
4306 20
4307 10
4308 10
4309 10
4310 18
4311 59
4312 0
4313 10
4314 10
4315 18
4316 10
4317 10
4318 50
4319 35
4320 23
4321 35
4322 35
4323 35
4324 20
4325 50
4326 35
4327 10
4328 59
4329 37
4330 10
4331 50
4332 37
4333 50
4334 51
4335 10
4336 50
4337 10
4338 37
4339 35
4340 111
4341 10
4342 42
4343 10
4344 35
4345 35
4346 10
4347 35
4348 10
4349 20
4350 43
4351 59
4352 59
4353 23
4354 10
4355 20
4356 23
4357 10
4358 10
4359 78
4360 23
4361 23
4362 10
4363 20
4364 10
4365 10
4366 35
4367 23
4368 45
4369 10
4370 23
4371 42
4372 42
4373 42
4374 161
4375 18
4376 10
4377 10
4378 10
4379 20
4380 45
4381 50
4382 23
4383 10
4384 35
4385 10
4386 10
4387 45
4388 200
4389 35
4390 20
4391 35
4392 10
4393 20
4394 0
4395 42
4396 59
4397 35
4398 10
4399 59
4400 45
4401 10
4402 0
4403 10
4404 166
4405 112
4406 15
4407 35
4408 18
4409 50
4410 18
4411 23
4412 20
4413 20
4414 10
4415 10
4416 10
4417 10
4418 35
4419 35
4420 35
4421 10
4422 59
4423 35
4424 18
4425 113
4426 37
4427 23
4428 59
4429 50
4430 0
4431 42
4432 35
4433 18
4434 35
4435 20
4436 10
4437 35
4438 10
4439 35
4440 45
4441 108
4442 45
4443 20
4444 10
4445 10
4446 10
4447 10
4448 10
4449 45
4450 35
4451 10
4452 20
4453 59
4454 0
4455 10
4456 51
4457 23
4458 59
4459 10
4460 35
4461 10
4462 10
4463 59
4464 0
4465 10
4466 15
4467 35
4468 20
4469 37
4470 59
4471 0
4472 0
4473 35
4474 59
4475 10
4476 10
4477 10
4478 0
4479 50
4480 35
4481 10
4482 51
4483 10
4484 45
4485 45
4486 35
4487 59
4488 23
4489 50
4490 23
4491 10
4492 35
4493 51
4494 18
4495 37
4496 18
4497 18
4498 37
4499 50
4500 10
4501 10
4502 35
4503 10
4504 18
4505 18
4506 35
4507 10
4508 23
4509 20
4510 10
4511 23
4512 59
4513 10
4514 35
4515 10
4516 42
4517 35
4518 35
4519 23
4520 10
4521 114
4522 42
4523 18
4524 51
4525 15
4526 10
4527 50
4528 20
4529 23
4530 10
4531 23
4532 0
4533 45
4534 10
4535 10
4536 10
4537 23
4538 37
4539 20
4540 23
4541 59
4542 35
4543 10
4544 10
4545 35
4546 35
4547 0
4548 10
4549 35
4550 37
4551 10
4552 42
4553 59
4554 10
4555 20
4556 51
4557 35
4558 35
4559 35
4560 59
4561 45
4562 50
4563 10
4564 10
4565 10
4566 45
4567 10
4568 0
4569 35
4570 35
4571 35
4572 0
4573 18
4574 35
4575 10
4576 45
4577 10
4578 50
4579 10
4580 51
4581 23
4582 35
4583 20
4584 10
4585 0
4586 115
4587 35
4588 35
4589 51
4590 18
4591 37
4592 10
4593 35
4594 59
4595 35
4596 59
4597 18
4598 20
4599 35
4600 59
4601 35
4602 18
4603 35
4604 10
4605 35
4606 20
4607 10
4608 18
4609 18
4610 56
4611 50
4612 23
4613 23
4614 35
4615 10
4616 50
4617 50
4618 35
4619 23
4620 18
4621 18
4622 35
4623 90
4624 10
4625 50
4626 18
4627 35
4628 51
4629 35
4630 20
4631 10
4632 10
4633 37
4634 35
4635 10
4636 59
4637 23
4638 42
4639 35
4640 50
4641 0
4642 23
4643 35
4644 89
4645 0
4646 10
4647 50
4648 42
4649 23
4650 42
4651 10
4652 35
4653 37
4654 23
4655 18
4656 42
4657 42
4658 10
4659 42
4660 218
4661 35
4662 35
4663 0
4664 35
4665 10
4666 10
4667 23
4668 59
4669 35
4670 10
4671 18
4672 35
4673 35
4674 35
4675 8
4676 35
4677 18
4678 20
4679 20
4680 121
4681 35
4682 20
4683 59
4684 23
4685 35
4686 35
4687 10
4688 35
4689 10
4690 23
4691 45
4692 35
4693 35
4694 10
4695 67
4696 10
4697 67
4698 20
4699 18
4700 37
4701 23
4702 35
4703 50
4704 10
4705 20
4706 50
4707 35
4708 10
4709 10
4710 23
4711 10
4712 59
4713 23
4714 10
4715 50
4716 43
4717 10
4718 102
4719 10
4720 10
4721 35
4722 10
4723 51
4724 20
4725 35
4726 23
4727 50
4728 10
4729 10
4730 51
4731 50
4732 10
4733 59
4734 116
4735 10
4736 50
4737 10
4738 23
4739 10
4740 47
4741 35
4742 35
4743 35
4744 20
4745 50
4746 10
4747 51
4748 50
4749 10
4750 10
4751 18
4752 50
4753 37
4754 35
4755 115
4756 18
4757 10
4758 42
4759 18
4760 35
4761 45
4762 45
4763 42
4764 50
4765 37
4766 10
4767 20
4768 20
4769 35
4770 23
4771 35
4772 35
4773 10
4774 35
4775 23
4776 0
4777 37
4778 37
4779 10
4780 59
4781 35
4782 45
4783 219
4784 50
4785 50
4786 20
4787 50
4788 0
4789 10
4790 59
4791 10
4792 35
4793 10
4794 10
4795 35
4796 35
4797 50
4798 10
4799 59
4800 45
4801 23
4802 59
4803 50
4804 18
4805 0
4806 10
4807 18
4808 37
4809 10
4810 37
4811 42
4812 37
4813 10
4814 18
4815 35
4816 10
4817 35
4818 18
4819 18
4820 10
4821 10
4822 10
4823 35
4824 18
4825 18
4826 18
4827 0
4828 35
4829 35
4830 50
4831 23
4832 10
4833 35
4834 51
4835 0
4836 35
4837 10
4838 59
4839 18
4840 35
4841 10
4842 35
4843 23
4844 10
4845 23
4846 10
4847 18
4848 10
4849 45
4850 23
4851 35
4852 35
4853 204
4854 10
4855 10
4856 50
4857 35
4858 35
4859 59
4860 23
4861 35
4862 50
4863 50
4864 10
4865 50
4866 50
4867 35
4868 18
4869 35
4870 51
4871 59
4872 0
4873 10
4874 50
4875 53
4876 10
4877 3
4878 35
4879 10
4880 59
4881 10
4882 20
4883 10
4884 18
4885 35
4886 51
4887 23
4888 37
4889 35
4890 35
4891 37
4892 10
4893 35
4894 35
4895 0
4896 0
4897 37
4898 51
4899 0
4900 35
4901 45
4902 35
4903 10
4904 50
4905 51
4906 0
4907 45
4908 205
4909 50
4910 20
4911 35
4912 52
4913 35
4914 10
4915 10
4916 35
4917 117
4918 35
4919 35
4920 10
4921 37
4922 10
4923 0
4924 51
4925 18
4926 35
4927 59
4928 59
4929 51
4930 37
4931 35
4932 23
4933 10
4934 35
4935 35
4936 35
4937 50
4938 35
4939 35
4940 35
4941 45
4942 45
4943 50
4944 35
4945 35
4946 10
4947 118
4948 10
4949 10
4950 35
4951 10
4952 42
4953 10
4954 50
4955 18
4956 59
4957 10
4958 35
4959 0
4960 10
4961 10
4962 23
4963 59
4964 10
4965 23
4966 20
4967 20
4968 18
4969 18
4970 35
4971 35
4972 0
4973 23
4974 20
4975 10
4976 10
4977 18
4978 65
4979 35
4980 10
4981 50
4982 51
4983 35
4984 10
4985 51
4986 23
4987 42
4988 35
4989 35
4990 20
4991 35
4992 15
4993 20
4994 35
4995 10
4996 35
4997 10
4998 37
4999 18
5000 37
5001 37
5002 50
5003 50
5004 183
5005 18
5006 35
5007 20
5008 50
5009 35
5010 20
5011 20
5012 18
5013 59
5014 35
5015 10
5016 20
5017 0
5018 35
5019 23
5020 18
5021 18
5022 150
5023 10
5024 59
5025 23
5026 23
5027 35
5028 35
5029 35
5030 10
5031 102
5032 10
5033 37
5034 186
5035 145
5036 35
5037 50
5038 51
5039 71
5040 35
5041 20
5042 20
5043 51
5044 10
5045 23
5046 18
5047 42
5048 35
5049 21
5050 23
5051 59
5052 59
5053 10
5054 18
5055 59
5056 18
5057 35
5058 10
5059 18
5060 10
5061 35
5062 35
5063 18
5064 35
5065 15
5066 20
5067 10
5068 162
5069 15
5070 35
5071 35
5072 45
5073 20
5074 50
5075 23
5076 18
5077 20
5078 59
5079 10
5080 51
5081 35
5082 35
5083 10
5084 37
5085 23
5086 59
5087 35
5088 37
5089 59
5090 23
5091 50
5092 10
5093 35
5094 35
5095 20
5096 59
5097 35
5098 18
5099 18
5100 119
5101 20
5102 20
5103 45
5104 59
5105 35
5106 20
5107 37
5108 10
5109 23
5110 20
5111 18
5112 10
5113 20
5114 35
5115 35
5116 59
5117 10
5118 98
5119 35
5120 35
5121 20
5122 35
5123 0
5124 20
5125 35
5126 20
5127 35
5128 20
5129 35
5130 42
5131 0
5132 10
5133 35
5134 35
5135 35
5136 10
5137 0
5138 59
5139 23
5140 45
5141 10
5142 183
5143 20
5144 18
5145 10
5146 50
5147 18
5148 35
5149 35
5150 23
5151 35
5152 23
5153 37
5154 51
5155 10
5156 10
5157 120
5158 10
5159 59
5160 92
5161 10
5162 18
5163 18
5164 18
5165 18
5166 35
5167 50
5168 10
5169 59
5170 59
5171 10
5172 59
5173 20
5174 42
5175 0
5176 23
5177 59
5178 23
5179 45
5180 23
5181 18
5182 10
5183 10
5184 10
5185 10
5186 59
5187 59
5188 50
5189 35
5190 42
5191 45
5192 0
5193 50
5194 35
5195 121
5196 35
5197 35
5198 59
5199 37
5200 20
5201 35
5202 35
5203 20
5204 18
5205 10
5206 23
5207 18
5208 35
5209 35
5210 0
5211 20
5212 10
5213 10
5214 23
5215 10
5216 10
5217 20
5218 10
5219 35
5220 35
5221 10
5222 59
5223 23
5224 18
5225 10
5226 20
5227 10
5228 59
5229 23
5230 35
5231 35
5232 23
5233 20
5234 122
5235 10
5236 0
5237 0
5238 10
5239 10
5240 10
5241 35
5242 35
5243 18
5244 35
5245 18
5246 35
5247 35
5248 59
5249 18
5250 23
5251 23
5252 59
5253 45
5254 15
5255 10
5256 45
5257 18
5258 18
5259 23
5260 10
5261 18
5262 20
5263 45
5264 35
5265 45
5266 10
5267 35
5268 10
5269 45
5270 35
5271 15
5272 59
5273 42
5274 59
5275 59
5276 23
5277 23
5278 35
5279 42
5280 51
5281 42
5282 123
5283 42
5284 59
5285 10
5286 42
5287 10
5288 123
5289 42
5290 59
5291 42
5292 10
5293 42
5294 59
5295 42
5296 42
5297 35
5298 42
5299 23
5300 10
5301 23
5302 35
5303 35
5304 18
5305 35
5306 10
5307 10
5308 10
5309 23
5310 10
5311 163
5312 42
5313 35
5314 10
5315 51
5316 45
5317 23
5318 10
5319 59
5320 10
5321 10
5322 35
5323 20
5324 42
5325 42
5326 42
5327 20
5328 35
5329 10
5330 59
5331 42
5332 42
5333 10
5334 18
5335 10
5336 35
5337 50
5338 35
5339 50
5340 10
5341 10
5342 23
5343 42
5344 50
5345 124
5346 125
5347 126
5348 45
5349 50
5350 10
5351 23
5352 35
5353 45
5354 20
5355 42
5356 35
5357 51
5358 35
5359 35
5360 35
5361 59
5362 37
5363 10
5364 37
5365 50
5366 74
5367 10
5368 10
5369 37
5370 35
5371 45
5372 127
5373 10
5374 10
5375 18
5376 10
5377 45
5378 18
5379 10
5380 42
5381 23
5382 10
5383 35
5384 35
5385 23
5386 50
5387 10
5388 20
5389 10
5390 10
5391 20
5392 10
5393 18
5394 35
5395 23
5396 59
5397 50
5398 35
5399 20
5400 35
5401 35
5402 35
5403 20
5404 35
5405 20
5406 45
5407 35
5408 35
5409 18
5410 35
5411 59
5412 45
5413 50
5414 45
5415 45
5416 23
5417 20
5418 0
5419 35
5420 15
5421 18
5422 75
5423 50
5424 0
5425 35
5426 37
5427 18
5428 59
5429 50
5430 45
5431 50
5432 45
5433 10
5434 50
5435 59
5436 35
5437 10
5438 35
5439 35
5440 10
5441 10
5442 20
5443 50
5444 35
5445 35
5446 23
5447 35
5448 0
5449 35
5450 20
5451 23
5452 35
5453 59
5454 10
5455 45
5456 18
5457 10
5458 23
5459 10
5460 18
5461 35
5462 35
5463 35
5464 18
5465 50
5466 10
5467 35
5468 35
5469 50
5470 10
5471 23
5472 0
5473 0
5474 10
5475 35
5476 10
5477 20
5478 10
5479 35
5480 15
5481 45
5482 35
5483 20
5484 18
5485 10
5486 35
5487 50
5488 59
5489 15
5490 10
5491 0
5492 50
5493 35
5494 23
5495 59
5496 18
5497 45
5498 35
5499 20
5500 59
5501 15
5502 10
5503 50
5504 50
5505 50
5506 35
5507 35
5508 35
5509 10
5510 10
5511 35
5512 35
5513 64
5514 50
5515 42
5516 0
5517 0
5518 23
5519 15
5520 59
5521 51
5522 128
5523 50
5524 10
5525 0
5526 59
5527 10
5528 35
5529 35
5530 23
5531 35
5532 10
5533 35
5534 45
5535 43
5536 35
5537 35
5538 50
5539 10
5540 20
5541 20
5542 50
5543 50
5544 59
5545 10
5546 10
5547 10
5548 20
5549 18
5550 51
5551 23
5552 18
5553 10
5554 35
5555 10
5556 10
5557 23
5558 35
5559 59
5560 10
5561 35
5562 18
5563 35
5564 20
5565 35
5566 20
5567 10
5568 20
5569 59
5570 10
5571 10
5572 59
5573 10
5574 10
5575 51
5576 59
5577 35
5578 35
5579 10
5580 0
5581 23
5582 119
5583 35
5584 20
5585 42
5586 10
5587 42
5588 35
5589 10
5590 42
5591 35
5592 18
5593 59
5594 59
5595 20
5596 18
5597 129
5598 129
5599 20
5600 10
5601 10
5602 59
5603 20
5604 50
5605 51
5606 20
5607 10
5608 42
5609 18
5610 10
5611 23
5612 130
5613 45
5614 18
5615 23
5616 23
5617 20
5618 35
5619 104
5620 35
5621 10
5622 35
5623 51
5624 74
5625 15
5626 18
5627 131
5628 35
5629 20
5630 10
5631 10
5632 23
5633 35
5634 23
5635 35
5636 18
5637 18
5638 10
5639 45
5640 45
5641 35
5642 18
5643 35
5644 45
5645 45
5646 35
5647 59
5648 59
5649 10
5650 50
5651 37
5652 50
5653 73
5654 10
5655 73
5656 42
5657 35
5658 0
5659 18
5660 10
5661 35
5662 23
5663 10
5664 18
5665 35
5666 18
5667 35
5668 35
5669 35
5670 50
5671 35
5672 35
5673 35
5674 0
5675 45
5676 45
5677 35
5678 11
5679 35
5680 50
5681 50
5682 18
5683 35
5684 35
5685 0
5686 35
5687 20
5688 35
5689 35
5690 10
5691 10
5692 35
5693 114
5694 20
5695 50
5696 35
5697 10
5698 10
5699 23
5700 42
5701 10
5702 0
5703 18
5704 37
5705 20
5706 18
5707 37
5708 10
5709 10
5710 23
5711 0
5712 18
5713 10
5714 35
5715 42
5716 50
5717 18
5718 10
5719 10
5720 35
5721 45
5722 50
5723 10
5724 0
5725 0
5726 35
5727 50
5728 10
5729 37
5730 50
5731 0
5732 35
5733 35
5734 35
5735 132
5736 10
5737 10
5738 18
5739 23
5740 59
5741 59
5742 35
5743 10
5744 35
5745 10
5746 37
5747 35
5748 50
5749 35
5750 10
5751 51
5752 35
5753 35
5754 35
5755 10
5756 45
5757 35
5758 35
5759 50
5760 59
5761 10
5762 10
5763 35
5764 18
5765 35
5766 35
5767 23
5768 0
5769 133
5770 35
5771 59
5772 59
5773 35
5774 50
5775 10
5776 37
5777 20
5778 20
5779 35
5780 0
5781 35
5782 20
5783 35
5784 117
5785 23
5786 50
5787 10
5788 50
5789 10
5790 23
5791 10
5792 10
5793 35
5794 42
5795 18
5796 35
5797 42
5798 37
5799 59
5800 59
5801 10
5802 10
5803 10
5804 10
5805 10
5806 23
5807 35
5808 10
5809 20
5810 35
5811 50
5812 0
5813 20
5814 59
5815 18
5816 10
5817 20
5818 10
5819 10
5820 134
5821 135
5822 10
5823 10
5824 10
5825 18
5826 42
5827 10
5828 18
5829 35
5830 23
5831 51
5832 45
5833 136
5834 35
5835 18
5836 18
5837 35
5838 35
5839 23
5840 42
5841 23
5842 35
5843 35
5844 137
5845 10
5846 18
5847 35
5848 35
5849 10
5850 59
5851 51
5852 18
5853 35
5854 10
5855 15
5856 10
5857 10
5858 45
5859 18
5860 1
5861 10
5862 59
5863 50
5864 10
5865 50
5866 50
5867 0
5868 50
5869 50
5870 35
5871 10
5872 59
5873 20
5874 10
5875 20
5876 20
5877 23
5878 18
5879 59
5880 50
5881 35
5882 18
5883 10
5884 10
5885 59
5886 20
5887 20
5888 0
5889 23
5890 45
5891 51
5892 10
5893 45
5894 59
5895 10
5896 0
5897 35
5898 18
5899 20
5900 51
5901 51
5902 104
5903 35
5904 20
5905 10
5906 35
5907 10
5908 10
5909 23
5910 0
5911 18
5912 8
5913 118
5914 23
5915 35
5916 10
5917 35
5918 0
5919 42
5920 35
5921 10
5922 23
5923 18
5924 20
5925 45
5926 35
5927 168
5928 35
5929 18
5930 35
5931 50
5932 35
5933 20
5934 20
5935 59
5936 50
5937 50
5938 35
5939 18
5940 10
5941 35
5942 18
5943 196
5944 10
5945 10
5946 10
5947 23
5948 50
5949 20
5950 59
5951 37
5952 10
5953 10
5954 10
5955 70
5956 51
5957 23
5958 35
5959 45
5960 10
5961 35
5962 35
5963 35
5964 37
5965 23
5966 51
5967 59
5968 59
5969 51
5970 18
5971 10
5972 37
5973 35
5974 10
5975 10
5976 10
5977 59
5978 0
5979 18
5980 51
5981 51
5982 50
5983 10
5984 45
5985 35
5986 35
5987 18
5988 18
5989 23
5990 0
5991 42
5992 59
5993 10
5994 37
5995 20
5996 45
5997 51
5998 10
5999 10
6000 35
6001 35
6002 10
6003 42
6004 18
6005 20
6006 45
6007 23
6008 51
6009 59
6010 18
6011 18
6012 18
6013 0
6014 59
6015 59
6016 35
6017 51
6018 42
6019 23
6020 23
6021 0
6022 23
6023 10
6024 138
6025 35
6026 10
6027 18
6028 18
6029 42
6030 15
6031 35
6032 35
6033 23
6034 20
6035 51
6036 18
6037 59
6038 10
6039 10
6040 0
6041 35
6042 10
6043 0
6044 35
6045 35
6046 10
6047 20
6048 50
6049 20
6050 20
6051 10
6052 45
6053 10
6054 35
6055 20
6056 20
6057 23
6058 35
6059 35
6060 45
6061 4
6062 10
6063 10
6064 35
6065 20
6066 10
6067 35
6068 2
6069 35
6070 50
6071 59
6072 18
6073 50
6074 10
6075 10
6076 10
6077 10
6078 59
6079 10
6080 10
6081 10
6082 35
6083 42
6084 10
6085 20
6086 59
6087 10
6088 35
6089 23
6090 20
6091 10
6092 110
6093 10
6094 42
6095 10
6096 37
6097 10
6098 35
6099 10
6100 18
6101 10
6102 18
6103 20
6104 23
6105 10
6106 0
6107 10
6108 59
6109 0
6110 51
6111 20
6112 10
6113 59
6114 59
6115 35
6116 35
6117 10
6118 37
6119 35
6120 35
6121 50
6122 18
6123 10
6124 15
6125 35
6126 45
6127 18
6128 35
6129 18
6130 10
6131 35
6132 35
6133 0
6134 18
6135 51
6136 35
6137 35
6138 10
6139 35
6140 35
6141 10
6142 50
6143 10
6144 20
6145 18
6146 35
6147 35
6148 10
6149 42
6150 35
6151 173
6152 59
6153 50
6154 20
6155 35
6156 35
6157 59
6158 10
6159 50
6160 10
6161 35
6162 59
6163 35
6164 0
6165 50
6166 69
6167 59
6168 10
6169 23
6170 99
6171 10
6172 35
6173 35
6174 23
6175 20
6176 45
6177 10
6178 37
6179 35
6180 35
6181 0
6182 10
6183 50
6184 10
6185 35
6186 20
6187 20
6188 59
6189 20
6190 35
6191 0
6192 139
6193 51
6194 170
6195 59
6196 35
6197 59
6198 10
6199 35
6200 18
6201 35
6202 20
6203 10
6204 35
6205 0
6206 18
6207 50
6208 59
6209 10
6210 59
6211 10
6212 20
6213 35
6214 80
6215 51
6216 35
6217 59
6218 23
6219 59
6220 35
6221 18
6222 10
6223 10
6224 35
6225 35
6226 35
6227 35
6228 10
6229 20
6230 10
6231 35
6232 20
6233 23
6234 35
6235 23
6236 35
6237 20
6238 10
6239 20
6240 0
6241 59
6242 51
6243 10
6244 35
6245 20
6246 45
6247 35
6248 10
6249 10
6250 10
6251 35
6252 50
6253 23
6254 18
6255 35
6256 35
6257 42
6258 140
6259 30
6260 23
6261 59
6262 18
6263 35
6264 20
6265 141
6266 18
6267 35
6268 142
6269 50
6270 35
6271 59
6272 15
6273 10
6274 103
6275 0
6276 35
6277 18
6278 10
6279 35
6280 0
6281 20
6282 20
6283 35
6284 18
6285 23
6286 18
6287 59
6288 35
6289 10
6290 0
6291 18
6292 20
6293 18
6294 23
6295 18
6296 59
6297 103
6298 50
6299 35
6300 59
6301 59
6302 20
6303 35
6304 23
6305 143
6306 35
6307 10
6308 51
6309 50
6310 45
6311 10
6312 10
6313 35
6314 10
6315 50
6316 10
6317 50
6318 42
6319 23
6320 74
6321 59
6322 59
6323 20
6324 10
6325 35
6326 59
6327 10
6328 59
6329 18
6330 0
6331 0
6332 18
6333 59
6334 18
6335 45
6336 37
6337 144
6338 59
6339 18
6340 145
6341 23
6342 50
6343 10
6344 15
6345 18
6346 35
6347 10
6348 35
6349 20
6350 10
6351 20
6352 35
6353 20
6354 45
6355 0
6356 18
6357 50
6358 10
6359 10
6360 35
6361 146
6362 146
6363 50
6364 10
6365 59
6366 50
6367 18
6368 35
6369 59
6370 18
6371 23
6372 59
6373 35
6374 35
6375 10
6376 18
6377 51
6378 35
6379 59
6380 0
6381 23
6382 35
6383 10
6384 59
6385 35
6386 20
6387 10
6388 10
6389 20
6390 51
6391 42
6392 99
6393 35
6394 50
6395 59
6396 59
6397 59
6398 18
6399 10
6400 20
6401 50
6402 18
6403 50
6404 59
6405 15
6406 59
6407 35
6408 10
6409 35
6410 23
6411 18
6412 20
6413 35
6414 35
6415 10
6416 42
6417 35
6418 103
6419 147
6420 20
6421 18
6422 45
6423 10
6424 41
6425 35
6426 10
6427 35
6428 59
6429 10
6430 18
6431 10
6432 0
6433 42
6434 37
6435 59
6436 18
6437 0
6438 20
6439 10
6440 18
6441 18
6442 59
6443 10
6444 10
6445 187
6446 37
6447 10
6448 0
6449 20
6450 59
6451 10
6452 37
6453 45
6454 35
6455 35
6456 10
6457 10
6458 20
6459 59
6460 50
6461 37
6462 42
6463 42
6464 42
6465 42
6466 42
6467 10
6468 10
6469 35
6470 45
6471 10
6472 45
6473 37
6474 35
6475 59
6476 59
6477 20
6478 10
6479 193
6480 0
6481 10
6482 23
6483 59
6484 10
6485 59
6486 18
6487 18
6488 45
6489 10
6490 10
6491 10
6492 0
6493 10
6494 10
6495 10
6496 37
6497 10
6498 35
6499 50
6500 51
6501 35
6502 42
6503 50
6504 10
6505 42
6506 23
6507 10
6508 35
6509 45
6510 74
6511 10
6512 35
6513 23
6514 10
6515 50
6516 45
6517 20
6518 10
6519 50
6520 18
6521 37
6522 15
6523 20
6524 35
6525 35
6526 35
6527 59
6528 59
6529 50
6530 20
6531 50
6532 18
6533 59
6534 10
6535 35
6536 42
6537 51
6538 20
6539 42
6540 59
6541 59
6542 20
6543 42
6544 42
6545 50
6546 42
6547 59
6548 51
6549 35
6550 51
6551 0
6552 23
6553 0
6554 10
6555 0
6556 50
6557 10
6558 59
6559 10
6560 10
6561 23
6562 10
6563 35
6564 10
6565 59
6566 10
6567 35
6568 18
6569 18
6570 0
6571 35
6572 18
6573 10
6574 35
6575 10
6576 35
6577 45
6578 59
6579 10
6580 35
6581 18
6582 10
6583 59
6584 10
6585 37
6586 18
6587 10
6588 20
6589 50
6590 10
6591 10
6592 18
6593 35
6594 35
6595 50
6596 15
6597 23
6598 10
6599 10
6600 35
6601 18
6602 10
6603 35
6604 18
6605 42
6606 20
6607 35
6608 23
6609 35
6610 35
6611 0
6612 35
6613 20
6614 10
6615 35
6616 59
6617 20
6618 45
6619 10
6620 50
6621 20
6622 35
6623 10
6624 23
6625 42
6626 42
6627 50
6628 66
6629 42
6630 23
6631 42
6632 35
6633 42
6634 35
6635 50
6636 20
6637 35
6638 35
6639 35
6640 35
6641 15
6642 50
6643 35
6644 10
6645 23
6646 35
6647 23
6648 42
6649 42
6650 23
6651 10
6652 10
6653 20
6654 10
6655 42
6656 42
6657 35
6658 10
6659 35
6660 10
6661 45
6662 26
6663 10
6664 45
6665 50
6666 18
6667 59
6668 23
6669 42
6670 10
6671 20
6672 50
6673 0
6674 51
6675 35
6676 10
6677 35
6678 35
6679 59
6680 20
6681 50
6682 10
6683 20
6684 50
6685 10
6686 59
6687 59
6688 59
6689 42
6690 10
6691 42
6692 42
6693 42
6694 59
6695 59
6696 59
6697 35
6698 59
6699 42
6700 10
6701 10
6702 10
6703 10
6704 59
6705 10
6706 20
6707 35
6708 50
6709 20
6710 59
6711 148
6712 50
6713 10
6714 0
6715 45
6716 10
6717 50
6718 10
6719 23
6720 10
6721 59
6722 35
6723 10
6724 10
6725 50
6726 35
6727 10
6728 20
6729 59
6730 59
6731 59
6732 0
6733 50
6734 59
6735 18
6736 149
6737 35
6738 35
6739 20
6740 150
6741 23
6742 42
6743 151
6744 10
6745 35
6746 45
6747 134
6748 10
6749 23
6750 10
6751 45
6752 35
6753 10
6754 35
6755 35
6756 10
6757 18
6758 20
6759 20
6760 35
6761 51
6762 18
6763 59
6764 35
6765 10
6766 35
6767 0
6768 50
6769 10
6770 20
6771 20
6772 50
6773 35
6774 35
6775 130
6776 10
6777 10
6778 18
6779 23
6780 20
6781 35
6782 20
6783 59
6784 35
6785 152
6786 0
6787 35
6788 10
6789 59
6790 0
6791 10
6792 59
6793 10
6794 10
6795 20
6796 10
6797 35
6798 18
6799 51
6800 18
6801 35
6802 37
6803 10
6804 23
6805 18
6806 45
6807 10
6808 59
6809 23
6810 20
6811 59
6812 35
6813 10
6814 50
6815 59
6816 59
6817 23
6818 20
6819 10
6820 10
6821 35
6822 45
6823 18
6824 35
6825 0
6826 0
6827 10
6828 35
6829 10
6830 18
6831 18
6832 50
6833 50
6834 18
6835 50
6836 23
6837 10
6838 20
6839 18
6840 50
6841 20
6842 20
6843 59
6844 10
6845 0
6846 35
6847 10
6848 35
6849 10
6850 35
6851 37
6852 45
6853 59
6854 18
6855 50
6856 10
6857 10
6858 20
6859 23
6860 18
6861 18
6862 35
6863 10
6864 35
6865 23
6866 10
6867 35
6868 18
6869 18
6870 10
6871 35
6872 87
6873 35
6874 35
6875 10
6876 20
6877 51
6878 0
6879 42
6880 35
6881 59
6882 35
6883 50
6884 10
6885 23
6886 15
6887 15
6888 50
6889 35
6890 35
6891 20
6892 51
6893 20
6894 10
6895 18
6896 10
6897 35
6898 39
6899 42
6900 45
6901 18
6902 50
6903 23
6904 0
6905 10
6906 35
6907 35
6908 18
6909 20
6910 10
6911 20
6912 10
6913 0
6914 10
6915 45
6916 59
6917 18
6918 23
6919 42
6920 50
6921 10
6922 42
6923 10
6924 0
6925 45
6926 10
6927 86
6928 42
6929 20
6930 18
6931 45
6932 50
6933 35
6934 10
6935 10
6936 35
6937 23
6938 59
6939 10
6940 0
6941 59
6942 10
6943 51
6944 35
6945 37
6946 35
6947 23
6948 15
6949 10
6950 10
6951 35
6952 10
6953 37
6954 50
6955 18
6956 59
6957 59
6958 50
6959 50
6960 59
6961 59
6962 10
6963 35
6964 10
6965 59
6966 50
6967 37
6968 15
6969 15
6970 35
6971 18
6972 18
6973 51
6974 42
6975 42
6976 18
6977 51
6978 59
6979 0
6980 59
6981 42
6982 42
6983 42
6984 42
6985 59
6986 42
6987 23
6988 23
6989 59
6990 50
6991 23
6992 18
6993 59
6994 18
6995 35
6996 50
6997 59
6998 35
6999 10
7000 45
7001 10
7002 37
7003 153
7004 10
7005 10
7006 45
7007 35
7008 10
7009 23
7010 10
7011 35
7012 10
7013 42
7014 10
7015 50
7016 18
7017 134
7018 23
7019 10
7020 10
7021 51
7022 20
7023 20
7024 23
7025 50
7026 10
7027 45
7028 59
7029 59
7030 10
7031 51
7032 35
7033 37
7034 10
7035 10
7036 51
7037 35
7038 35
7039 23
7040 45
7041 59
7042 10
7043 35
7044 20
7045 23
7046 10
7047 15
7048 20
7049 35
7050 51
7051 15
7052 50
7053 20
7054 10
7055 51
7056 10
7057 105
7058 20
7059 59
7060 59
7061 59
7062 35
7063 10
7064 20
7065 10
7066 23
7067 50
7068 37
7069 0
7070 18
7071 20
7072 10
7073 10
7074 35
7075 10
7076 20
7077 0
7078 10
7079 10
7080 50
7081 59
7082 20
7083 59
7084 59
7085 20
7086 18
7087 35
7088 23
7089 42
7090 59
7091 10
7092 35
7093 59
7094 59
7095 50
7096 50
7097 35
7098 35
7099 35
7100 35
7101 18
7102 35
7103 42
7104 59
7105 59
7106 42
7107 18
7108 18
7109 18
7110 10
7111 10
7112 50
7113 10
7114 51
7115 10
7116 35
7117 59
7118 20
7119 20
7120 18
7121 51
7122 51
7123 10
7124 35
7125 37
7126 35
7127 10
7128 10
7129 35
7130 20
7131 18
7132 20
7133 20
7134 18
7135 37
7136 37
7137 20
7138 20
7139 201
7140 20
7141 59
7142 66
7143 51
7144 59
7145 10
7146 0
7147 20
7148 10
7149 10
7150 35
7151 10
7152 42
7153 51
7154 59
7155 35
7156 10
7157 23
7158 140
7159 18
7160 35
7161 1
7162 35
7163 42
7164 154
7165 42
7166 42
7167 42
7168 59
7169 10
7170 20
7171 45
7172 35
7173 10
7174 23
7175 35
7176 18
7177 23
7178 20
7179 10
7180 73
7181 15
7182 10
7183 51
7184 10
7185 20
7186 10
7187 23
7188 10
7189 45
7190 10
7191 20
7192 35
7193 35
7194 18
7195 59
7196 10
7197 51
7198 109
7199 50
7200 20
7201 42
7202 18
7203 10
7204 50
7205 20
7206 155
7207 59
7208 10
7209 10
7210 10
7211 50
7212 45
7213 10
7214 35
7215 59
7216 35
7217 23
7218 18
7219 37
7220 23
7221 72
7222 10
7223 10
7224 51
7225 10
7226 10
7227 10
7228 10
7229 35
7230 59
7231 10
7232 10
7233 42
7234 35
7235 35
7236 35
7237 23
7238 10
7239 35
7240 10
7241 10
7242 20
7243 50
7244 35
7245 18
7246 20
7247 35
7248 20
7249 35
7250 59
7251 35
7252 35
7253 18
7254 20
7255 50
7256 23
7257 10
7258 37
7259 20
7260 10
7261 20
7262 35
7263 35
7264 35
7265 0
7266 10
7267 59
7268 10
7269 10
7270 35
7271 18
7272 20
7273 50
7274 156
7275 37
7276 10
7277 35
7278 35
7279 35
7280 51
7281 23
7282 35
7283 10
7284 18
7285 35
7286 35
7287 10
7288 10
7289 10
7290 37
7291 51
7292 35
7293 23
7294 35
7295 10
7296 18
7297 59
7298 18
7299 35
7300 10
7301 10
7302 10
7303 0
7304 10
7305 10
7306 10
7307 51
7308 59
7309 42
7310 10
7311 10
7312 59
7313 20
7314 18
7315 18
7316 10
7317 20
7318 23
7319 35
7320 10
7321 10
7322 10
7323 10
7324 35
7325 45
7326 10
7327 10
7328 35
7329 10
7330 50
7331 18
7332 18
7333 35
7334 45
7335 157
7336 35
7337 10
7338 23
7339 0
7340 23
7341 59
7342 59
7343 18
7344 35
7345 190
7346 10
7347 43
7348 18
7349 35
7350 59
7351 59
7352 23
7353 20
7354 23
7355 42
7356 10
7357 35
7358 42
7359 35
7360 42
7361 35
7362 10
7363 18
7364 18
7365 35
7366 23
7367 45
7368 23
7369 35
7370 50
7371 45
7372 42
7373 23
7374 42
7375 35
7376 10
7377 10
7378 59
7379 42
7380 20
7381 50
7382 10
7383 35
7384 10
7385 42
7386 59
7387 42
7388 15
7389 18
7390 42
7391 23
7392 35
7393 10
7394 107
7395 10
7396 18
7397 10
7398 82
7399 35
7400 10
7401 0
7402 0
7403 18
7404 59
7405 23
7406 42
7407 10
7408 42
7409 42
7410 42
7411 42
7412 35
7413 35
7414 35
7415 42
7416 10
7417 59
7418 50
7419 18
7420 35
7421 10
7422 42
7423 42
7424 18
7425 18
7426 42
7427 59
7428 42
7429 35
7430 18
7431 45
7432 10
7433 59
7434 59
7435 59
7436 45
7437 50
7438 59
7439 50
7440 10
7441 10
7442 45
7443 10
7444 175
7445 88
7446 0
7447 50
7448 10
7449 18
7450 35
7451 35
7452 42
7453 42
7454 42
7455 51
7456 59
7457 35
7458 59
7459 20
7460 0
7461 10
7462 35
7463 23
7464 45
7465 0
7466 10
7467 20
7468 10
7469 35
7470 35
7471 10
7472 59
7473 10
7474 10
7475 51
7476 42
7477 0
7478 35
7479 35
7480 35
7481 20
7482 10
7483 23
7484 50
7485 35
7486 15
7487 10
7488 42
7489 45
7490 10
7491 50
7492 50
7493 23
7494 20
7495 20
7496 59
7497 20
7498 35
7499 206
7500 42
7501 0
7502 10
7503 42
7504 42
7505 42
7506 42
7507 42
7508 42
7509 59
7510 42
7511 42
7512 59
7513 42
7514 42
7515 42
7516 23
7517 42
7518 18
7519 42
7520 10
7521 10
7522 23
7523 42
7524 42
7525 45
7526 10
7527 35
7528 10
7529 35
7530 50
7531 35
7532 10
7533 35
7534 23
7535 50
7536 35
7537 50
7538 20
7539 59
7540 59
7541 59
7542 42
7543 42
7544 42
7545 59
7546 10
7547 10
7548 15
7549 23
7550 23
7551 111
7552 0
7553 10
7554 35
7555 35
7556 35
7557 37
7558 59
7559 20
7560 42
7561 35
7562 18
7563 23
7564 42
7565 59
7566 10
7567 35
7568 42
7569 59
7570 42
7571 23
7572 42
7573 18
7574 20
7575 35
7576 59
7577 42
7578 10
7579 59
7580 35
7581 35
7582 35
7583 35
7584 177
7585 10
7586 10
7587 45
7588 50
7589 50
7590 59
7591 10
7592 10
7593 51
7594 10
7595 10
7596 10
7597 10
7598 37
7599 59
7600 59
7601 23
7602 10
7603 10
7604 59
7605 37
7606 50
7607 35
7608 18
7609 158
7610 35
7611 50
7612 20
7613 23
7614 35
7615 59
7616 10
7617 45
7618 20
7619 35
7620 51
7621 18
7622 35
7623 10
7624 0
7625 10
7626 35
7627 35
7628 18
7629 23
7630 18
7631 59
7632 59
7633 23
7634 37
7635 35
7636 10
7637 18
7638 150
7639 15
7640 10
7641 35
7642 18
7643 35
7644 18
7645 23
7646 20
7647 18
7648 10
7649 15
7650 35
7651 23
7652 35
7653 35
7654 10
7655 35
7656 59
7657 10
7658 23
7659 35
7660 23
7661 23
7662 35
7663 10
7664 23
7665 20
7666 35
7667 10
7668 10
7669 50
7670 10
7671 42
7672 10
7673 50
7674 10
7675 10
7676 50
7677 50
7678 0
7679 20
7680 18
7681 45
7682 23
7683 59
7684 50
7685 35
7686 51
7687 18
7688 59
7689 35
7690 42
7691 10
7692 23
7693 20
7694 35
7695 18
7696 50
7697 23
7698 50
7699 59
7700 35
7701 23
7702 35
7703 10
7704 18
7705 18
7706 35
7707 35
7708 20
7709 35
7710 20
7711 10
7712 35
7713 51
7714 10
7715 10
7716 51
7717 10
7718 20
7719 59
7720 50
7721 10
7722 18
7723 50
7724 10
7725 50
7726 42
7727 20
7728 59
7729 10
7730 10
7731 10
7732 10
7733 10
7734 10
7735 42
7736 35
7737 45
7738 59
7739 18
7740 15
7741 18
7742 0
7743 23
7744 50
7745 10
7746 10
7747 18
7748 18
7749 10
7750 23
7751 37
7752 10
7753 159
7754 42
7755 51
7756 35
7757 42
7758 35
7759 10
7760 59
7761 35
7762 59
7763 35
7764 35
7765 23
7766 59
7767 10
7768 51
7769 59
7770 10
7771 160
7772 35
7773 42
7774 45
7775 10
7776 35
7777 20
7778 59
7779 20
7780 35
7781 71
7782 35
7783 35
7784 51
7785 35
7786 0
7787 20
7788 35
7789 23
7790 18
7791 10
7792 59
7793 59
7794 20
7795 59
7796 23
7797 10
7798 10
7799 161
7800 20
7801 10
7802 35
7803 23
7804 35
7805 59
7806 18
7807 10
7808 45
7809 35
7810 35
7811 23
7812 20
7813 35
7814 35
7815 10
7816 35
7817 10
7818 50
7819 35
7820 10
7821 35
7822 20
7823 10
7824 35
7825 51
7826 35
7827 10
7828 10
7829 59
7830 35
7831 20
7832 23
7833 51
7834 10
7835 10
7836 50
7837 20
7838 10
7839 20
7840 35
7841 18
7842 59
7843 18
7844 45
7845 37
7846 35
7847 51
7848 59
7849 59
7850 35
7851 10
7852 10
7853 10
7854 35
7855 154
7856 35
7857 35
7858 10
7859 0
7860 42
7861 45
7862 50
7863 10
7864 15
7865 23
7866 0
7867 59
7868 35
7869 20
7870 35
7871 45
7872 18
7873 50
7874 10
7875 50
7876 10
7877 59
7878 35
7879 50
7880 35
7881 59
7882 37
7883 15
7884 50
7885 10
7886 18
7887 51
7888 20
7889 59
7890 23
7891 35
7892 23
7893 45
7894 18
7895 10
7896 35
7897 59
7898 10
7899 162
7900 10
7901 59
7902 35
7903 10
7904 59
7905 10
7906 59
7907 20
7908 37
7909 35
7910 35
7911 59
7912 59
7913 42
7914 35
7915 0
7916 50
7917 59
7918 42
7919 156
7920 35
7921 35
7922 35
7923 141
7924 42
7925 37
7926 42
7927 10
7928 20
7929 10
7930 35
7931 50
7932 42
7933 50
7934 10
7935 23
7936 10
7937 10
7938 10
7939 50
7940 50
7941 59
7942 23
7943 42
7944 0
7945 42
7946 23
7947 59
7948 59
7949 163
7950 10
7951 0
7952 10
7953 10
7954 71
7955 35
7956 51
7957 10
7958 43
7959 35
7960 35
7961 10
7962 35
7963 20
7964 10
7965 35
7966 0
7967 35
7968 35
7969 59
7970 35
7971 0
7972 18
7973 10
7974 42
7975 59
7976 42
7977 42
7978 42
7979 10
7980 42
7981 59
7982 59
7983 51
7984 42
7985 23
7986 59
7987 164
7988 35
7989 35
7990 37
7991 221
7992 50
7993 59
7994 59
7995 10
7996 42
7997 35
7998 10
7999 59
8000 50
8001 45
8002 23
8003 0
8004 42
8005 10
8006 51
8007 10
8008 10
8009 10
8010 45
8011 35
8012 10
8013 20
8014 0
8015 10
8016 42
8017 10
8018 10
8019 109
8020 20
8021 50
8022 18
8023 35
8024 0
8025 23
8026 167
8027 18
8028 35
8029 10
8030 18
8031 37
8032 20
8033 23
8034 59
8035 10
8036 10
8037 59
8038 35
8039 94
8040 45
8041 59
8042 50
8043 165
8044 51
8045 35
8046 50
8047 23
8048 50
8049 10
8050 35
8051 35
8052 15
8053 23
8054 162
8055 37
8056 20
8057 20
8058 35
8059 0
8060 23
8061 42
8062 35
8063 10
8064 35
8065 10
8066 0
8067 35
8068 59
8069 23
8070 10
8071 59
8072 23
8073 10
8074 0
8075 42
8076 59
8077 50
8078 35
8079 18
8080 20
8081 18
8082 10
8083 45
8084 51
8085 10
8086 20
8087 35
8088 23
8089 42
8090 42
8091 10
8092 0
8093 59
8094 35
8095 50
8096 59
8097 42
8098 10
8099 35
8100 126
8101 42
8102 35
8103 42
8104 59
8105 37
8106 35
8107 42
8108 18
8109 35
8110 20
8111 10
8112 150
8113 35
8114 10
8115 20
8116 10
8117 20
8118 51
8119 35
8120 18
8121 18
8122 18
8123 18
8124 186
8125 35
8126 59
8127 10
8128 42
8129 42
8130 59
8131 50
8132 10
8133 50
8134 59
8135 42
8136 42
8137 42
8138 42
8139 35
8140 59
8141 42
8142 59
8143 42
8144 23
8145 0
8146 42
8147 42
8148 42
8149 42
8150 42
8151 59
8152 59
8153 10
8154 10
8155 10
8156 59
8157 10
8158 23
8159 42
8160 51
8161 10
8162 42
8163 20
8164 59
8165 50
8166 50
8167 51
8168 35
8169 10
8170 50
8171 10
8172 45
8173 166
8174 35
8175 20
8176 50
8177 18
8178 35
8179 37
8180 20
8181 10
8182 23
8183 20
8184 45
8185 59
8186 50
8187 23
8188 37
8189 35
8190 35
8191 10
8192 20
8193 20
8194 35
8195 50
8196 10
8197 51
8198 0
8199 35
8200 23
8201 35
8202 18
8203 20
8204 20
8205 20
8206 10
8207 35
8208 59
8209 35
8210 167
8211 35
8212 23
8213 35
8214 23
8215 10
8216 10
8217 35
8218 20
8219 10
8220 18
8221 10
8222 59
8223 15
8224 35
8225 10
8226 35
8227 10
8228 59
8229 59
8230 18
8231 20
8232 59
8233 35
8234 23
8235 20
8236 195
8237 0
8238 18
8239 45
8240 50
8241 15
8242 37
8243 10
8244 0
8245 18
8246 35
8247 59
8248 59
8249 20
8250 35
8251 37
8252 15
8253 10
8254 59
8255 10
8256 10
8257 50
8258 20
8259 18
8260 51
8261 51
8262 51
8263 35
8264 10
8265 35
8266 37
8267 35
8268 35
8269 10
8270 20
8271 59
8272 59
8273 35
8274 124
8275 10
8276 10
8277 159
8278 23
8279 59
8280 35
8281 10
8282 35
8283 35
8284 10
8285 45
8286 18
8287 10
8288 0
8289 10
8290 10
8291 45
8292 10
8293 10
8294 10
8295 35
8296 23
8297 35
8298 59
8299 18
8300 0
8301 50
8302 35
8303 18
8304 35
8305 20
8306 156
8307 10
8308 50
8309 10
8310 37
8311 35
8312 37
8313 50
8314 59
8315 18
8316 10
8317 168
8318 59
8319 23
8320 59
8321 10
8322 35
8323 18
8324 45
8325 45
8326 23
8327 37
8328 42
8329 42
8330 10
8331 37
8332 10
8333 59
8334 35
8335 45
8336 59
8337 35
8338 10
8339 0
8340 10
8341 35
8342 10
8343 10
8344 10
8345 20
8346 10
8347 59
8348 10
8349 10
8350 50
8351 10
8352 35
8353 59
8354 23
8355 10
8356 59
8357 10
8358 45
8359 23
8360 42
8361 35
8362 35
8363 35
8364 18
8365 51
8366 35
8367 10
8368 59
8369 10
8370 0
8371 51
8372 45
8373 45
8374 35
8375 10
8376 35
8377 59
8378 42
8379 42
8380 42
8381 18
8382 18
8383 18
8384 35
8385 10
8386 45
8387 50
8388 23
8389 10
8390 169
8391 35
8392 170
8393 51
8394 10
8395 18
8396 10
8397 10
8398 50
8399 44
8400 35
8401 35
8402 10
8403 10
8404 45
8405 171
8406 59
8407 59
8408 35
8409 10
8410 18
8411 20
8412 10
8413 20
8414 18
8415 23
8416 59
8417 18
8418 59
8419 59
8420 42
8421 42
8422 42
8423 42
8424 0
8425 42
8426 45
8427 18
8428 35
8429 10
8430 10
8431 50
8432 10
8433 20
8434 35
8435 127
8436 35
8437 59
8438 10
8439 10
8440 45
8441 45
8442 35
8443 35
8444 10
8445 50
8446 10
8447 59
8448 18
8449 20
8450 36
8451 10
8452 35
8453 45
8454 20
8455 15
8456 35
8457 20
8458 10
8459 172
8460 18
8461 59
8462 13
8463 10
8464 10
8465 10
8466 59
8467 45
8468 35
8469 35
8470 10
8471 50
8472 35
8473 173
8474 18
8475 23
8476 35
8477 59
8478 10
8479 35
8480 35
8481 35
8482 152
8483 18
8484 42
8485 10
8486 59
8487 23
8488 10
8489 174
8490 20
8491 18
8492 20
8493 10
8494 37
8495 59
8496 37
8497 59
8498 35
8499 10
8500 35
8501 35
8502 0
8503 35
8504 20
8505 23
8506 23
8507 59
8508 10
8509 35
8510 35
8511 18
8512 35
8513 35
8514 35
8515 18
8516 18
8517 35
8518 10
8519 23
8520 45
8521 50
8522 45
8523 35
8524 20
8525 59
8526 37
8527 35
8528 59
8529 42
8530 51
8531 42
8532 42
8533 42
8534 23
8535 10
8536 10
8537 10
8538 35
8539 20
8540 35
8541 10
8542 0
8543 50
8544 35
8545 59
8546 51
8547 15
8548 28
8549 35
8550 127
8551 59
8552 42
8553 42
8554 42
8555 42
8556 51
8557 20
8558 35
8559 35
8560 35
8561 23
8562 35
8563 0
8564 59
8565 10
8566 10
8567 10
8568 35
8569 20
8570 0
8571 0
8572 50
8573 18
8574 10
8575 50
8576 51
8577 20
8578 51
8579 10
8580 35
8581 59
8582 42
8583 42
8584 51
8585 42
8586 42
8587 42
8588 42
8589 51
8590 20
8591 20
8592 42
8593 23
8594 42
8595 42
8596 18
8597 50
8598 23
8599 59
8600 59
8601 35
8602 23
8603 0
8604 45
8605 35
8606 23
8607 35
8608 10
8609 0
8610 10
8611 10
8612 23
8613 59
8614 35
8615 10
8616 35
8617 157
8618 35
8619 20
8620 35
8621 23
8622 10
8623 18
8624 42
8625 42
8626 18
8627 18
8628 42
8629 35
8630 23
8631 18
8632 35
8633 35
8634 45
8635 45
8636 42
8637 51
8638 35
8639 37
8640 23
8641 18
8642 10
8643 10
8644 10
8645 35
8646 35
8647 0
8648 35
8649 59
8650 42
8651 51
8652 175
8653 10
8654 59
8655 10
8656 35
8657 35
8658 50
8659 176
8660 45
8661 20
8662 59
8663 10
8664 10
8665 10
8666 59
8667 20
8668 50
8669 35
8670 166
8671 10
8672 35
8673 20
8674 35
8675 0
8676 35
8677 18
8678 35
8679 35
8680 35
8681 23
8682 10
8683 10
8684 59
8685 42
8686 35
8687 23
8688 10
8689 35
8690 51
8691 10
8692 18
8693 59
8694 10
8695 35
8696 10
8697 35
8698 35
8699 23
8700 51
8701 59
8702 50
8703 45
8704 151
8705 35
8706 20
8707 18
8708 10
8709 10
8710 37
8711 35
8712 18
8713 35
8714 23
8715 50
8716 45
8717 10
8718 177
8719 42
8720 10
8721 42
8722 42
8723 35
8724 20
8725 18
8726 35
8727 35
8728 35
8729 42
8730 0
8731 35
8732 37
8733 10
8734 59
8735 35
8736 18
8737 18
8738 18
8739 170
8740 37
8741 18
8742 45
8743 50
8744 51
8745 59
8746 23
8747 51
8748 178
8749 20
8750 45
8751 51
8752 179
8753 59
8754 59
8755 35
8756 35
8757 23
8758 50
8759 20
8760 42
8761 42
8762 96
8763 51
8764 18
8765 10
8766 59
8767 10
8768 10
8769 10
8770 42
8771 35
8772 35
8773 10
8774 10
8775 15
8776 10
8777 35
8778 18
8779 10
8780 10
8781 45
8782 51
8783 25
8784 10
8785 23
8786 23
8787 58
8788 35
8789 15
8790 59
8791 0
8792 20
8793 23
8794 35
8795 45
8796 18
8797 35
8798 180
8799 20
8800 35
8801 23
8802 50
8803 35
8804 37
8805 45
8806 18
8807 35
8808 59
8809 45
8810 51
8811 10
8812 140
8813 10
8814 140
8815 59
8816 10
8817 10
8818 15
8819 10
8820 35
8821 35
8822 37
8823 35
8824 18
8825 135
8826 181
8827 35
8828 20
8829 45
8830 35
8831 35
8832 18
8833 23
8834 50
8835 59
8836 10
8837 10
8838 0
8839 142
8840 10
8841 10
8842 18
8843 10
8844 35
8845 23
8846 176
8847 20
8848 0
8849 18
8850 10
8851 171
8852 35
8853 59
8854 35
8855 20
8856 35
8857 10
8858 59
8859 18
8860 18
8861 45
8862 20
8863 20
8864 23
8865 20
8866 59
8867 10
8868 50
8869 35
8870 35
8871 23
8872 10
8873 182
8874 51
8875 183
8876 112
8877 10
8878 59
8879 50
8880 51
8881 72
8882 45
8883 59
8884 35
8885 10
8886 10
8887 171
8888 59
8889 42
8890 18
8891 59
8892 23
8893 42
8894 23
8895 10
8896 18
8897 42
8898 6
8899 35
8900 51
8901 23
8902 35
8903 10
8904 35
8905 161
8906 15
8907 18
8908 51
8909 20
8910 35
8911 10
8912 51
8913 35
8914 59
8915 18
8916 10
8917 35
8918 10
8919 23
8920 18
8921 51
8922 59
8923 0
8924 20
8925 20
8926 35
8927 59
8928 59
8929 35
8930 10
8931 10
8932 35
8933 59
8934 45
8935 59
8936 42
8937 20
8938 23
8939 50
8940 20
8941 18
8942 50
8943 42
8944 18
8945 35
8946 10
8947 18
8948 10
8949 23
8950 35
8951 20
8952 35
8953 10
8954 35
8955 18
8956 42
8957 42
8958 59
8959 10
8960 10
8961 10
8962 50
8963 20
8964 50
8965 45
8966 51
8967 23
8968 42
8969 33
8970 59
8971 35
8972 10
8973 59
8974 23
8975 59
8976 18
8977 18
8978 10
8979 50
8980 42
8981 42
8982 23
8983 10
8984 10
8985 10
8986 18
8987 35
8988 45
8989 35
8990 35
8991 59
8992 35
8993 35
8994 10
8995 35
8996 23
8997 59
8998 42
8999 35
9000 0
9001 59
9002 42
9003 35
9004 42
9005 171
9006 51
9007 184
9008 10
9009 18
9010 42
9011 20
9012 10
9013 35
9014 35
9015 51
9016 0
9017 45
9018 18
9019 35
9020 35
9021 59
9022 35
9023 10
9024 10
9025 10
9026 50
9027 10
9028 20
9029 50
9030 35
9031 168
9032 10
9033 35
9034 35
9035 50
9036 18
9037 10
9038 20
9039 23
9040 20
9041 35
9042 18
9043 18
9044 10
9045 20
9046 15
9047 10
9048 50
9049 35
9050 37
9051 50
9052 59
9053 35
9054 20
9055 50
9056 10
9057 51
9058 59
9059 18
9060 23
9061 45
9062 37
9063 59
9064 15
9065 10
9066 10
9067 59
9068 23
9069 45
9070 0
9071 45
9072 59
9073 10
9074 10
9075 20
9076 20
9077 23
9078 35
9079 50
9080 59
9081 20
9082 20
9083 20
9084 35
9085 18
9086 10
9087 42
9088 51
9089 23
9090 35
9091 50
9092 10
9093 10
9094 0
9095 35
9096 20
9097 45
9098 10
9099 23
9100 20
9101 20
9102 50
9103 35
9104 35
9105 59
9106 35
9107 185
9108 10
9109 50
9110 10
9111 206
9112 35
9113 140
9114 10
9115 51
9116 37
9117 51
9118 186
9119 20
9120 59
9121 20
9122 23
9123 35
9124 20
9125 37
9126 59
9127 18
9128 37
9129 10
9130 35
9131 35
9132 35
9133 45
9134 0
9135 158
9136 35
9137 10
9138 158
9139 35
9140 35
9141 20
9142 35
9143 10
9144 10
9145 50
9146 51
9147 59
9148 35
9149 18
9150 20
9151 10
9152 18
9153 35
9154 35
9155 45
9156 59
9157 10
9158 20
9159 35
9160 18
9161 23
9162 23
9163 35
9164 18
9165 10
9166 42
9167 35
9168 59
9169 10
9170 59
9171 35
9172 35
9173 45
9174 10
9175 10
9176 37
9177 10
9178 23
9179 59
9180 50
9181 45
9182 20
9183 10
9184 187
9185 35
9186 50
9187 51
9188 50
9189 35
9190 18
9191 10
9192 10
9193 10
9194 10
9195 59
9196 59
9197 15
9198 35
9199 10
9200 35
9201 35
9202 10
9203 35
9204 10
9205 0
9206 18
9207 23
9208 23
9209 35
9210 18
9211 51
9212 15
9213 10
9214 20
9215 35
9216 18
9217 50
9218 51
9219 18
9220 10
9221 50
9222 18
9223 10
9224 35
9225 10
9226 37
9227 188
9228 35
9229 23
9230 18
9231 35
9232 45
9233 10
9234 59
9235 35
9236 35
9237 10
9238 35
9239 20
9240 10
9241 161
9242 35
9243 35
9244 0
9245 0
9246 10
9247 35
9248 35
9249 45
9250 23
9251 51
9252 35
9253 20
9254 23
9255 33
9256 59
9257 45
9258 59
9259 10
9260 10
9261 50
9262 20
9263 20
9264 59
9265 10
9266 59
9267 0
9268 20
9269 35
9270 45
9271 35
9272 10
9273 51
9274 45
9275 45
9276 35
9277 10
9278 10
9279 20
9280 10
9281 10
9282 35
9283 20
9284 50
9285 2
9286 18
9287 23
9288 10
9289 59
9290 35
9291 50
9292 15
9293 59
9294 50
9295 50
9296 18
9297 10
9298 50
9299 189
9300 189
9301 50
9302 50
9303 10
9304 10
9305 51
9306 50
9307 20
9308 10
9309 35
9310 18
9311 35
9312 10
9313 35
9314 84
9315 50
9316 23
9317 35
9318 20
9319 35
9320 35
9321 42
9322 0
9323 35
9324 10
9325 15
9326 0
9327 20
9328 10
9329 37
9330 0
9331 51
9332 35
9333 23
9334 10
9335 35
9336 10
9337 10
9338 10
9339 10
9340 15
9341 94
9342 20
9343 10
9344 50
9345 59
9346 50
9347 10
9348 35
9349 10
9350 10
9351 50
9352 10
9353 10
9354 10
9355 35
9356 45
9357 18
9358 59
9359 37
9360 18
9361 18
9362 18
9363 20
9364 20
9365 45
9366 10
9367 45
9368 10
9369 59
9370 15
9371 18
9372 10
9373 51
9374 20
9375 35
9376 20
9377 59
9378 10
9379 59
9380 18
9381 35
9382 15
9383 23
9384 59
9385 10
9386 20
9387 35
9388 50
9389 35
9390 20
9391 2
9392 35
9393 10
9394 45
9395 18
9396 10
9397 50
9398 10
9399 188
9400 10
9401 20
9402 10
9403 18
9404 50
9405 18
9406 0
9407 50
9408 23
9409 35
9410 0
9411 20
9412 10
9413 10
9414 10
9415 20
9416 35
9417 50
9418 10
9419 10
9420 10
9421 20
9422 15
9423 59
9424 18
9425 35
9426 35
9427 20
9428 10
9429 23
9430 10
9431 10
9432 10
9433 10
9434 23
9435 206
9436 10
9437 35
9438 35
9439 10
9440 50
9441 37
9442 45
9443 50
9444 20
9445 35
9446 20
9447 59
9448 10
9449 23
9450 20
9451 35
9452 20
9453 42
9454 35
9455 0
9456 23
9457 45
9458 50
9459 46
9460 10
9461 15
9462 0
9463 37
9464 37
9465 37
9466 50
9467 10
9468 59
9469 18
9470 10
9471 18
9472 20
9473 15
9474 59
9475 10
9476 35
9477 59
9478 59
9479 35
9480 23
9481 35
9482 5
9483 10
9484 10
9485 23
9486 10
9487 18
9488 10
9489 45
9490 50
9491 50
9492 35
9493 18
9494 10
9495 10
9496 18
9497 35
9498 10
9499 50
9500 35
9501 50
9502 42
9503 23
9504 50
9505 15
9506 18
9507 10
9508 51
9509 10
9510 10
9511 10
9512 59
9513 45
9514 35
9515 20
9516 15
9517 20
9518 10
9519 35
9520 35
9521 10
9522 18
9523 10
9524 18
9525 35
9526 18
9527 10
9528 23
9529 10
9530 35
9531 35
9532 18
9533 50
9534 10
9535 10
9536 51
9537 10
9538 10
9539 10
9540 0
9541 23
9542 10
9543 35
9544 50
9545 50
9546 15
9547 18
9548 50
9549 18
9550 50
9551 59
9552 23
9553 59
9554 51
9555 35
9556 35
9557 74
9558 20
9559 20
9560 35
9561 37
9562 10
9563 20
9564 15
9565 0
9566 10
9567 113
9568 20
9569 20
9570 0
9571 51
9572 10
9573 50
9574 20
9575 20
9576 10
9577 50
9578 20
9579 23
9580 23
9581 50
9582 35
9583 50
9584 35
9585 35
9586 10
9587 18
9588 10
9589 50
9590 10
9591 35
9592 10
9593 10
9594 35
9595 20
9596 23
9597 0
9598 0
9599 51
9600 20
9601 10
9602 51
9603 20
9604 20
9605 23
9606 45
9607 35
9608 10
9609 10
9610 18
9611 35
9612 10
9613 51
9614 35
9615 10
9616 59
9617 23
9618 50
9619 59
9620 18
9621 35
9622 45
9623 18
9624 23
9625 35
9626 23
9627 20
9628 20
9629 59
9630 51
9631 10
9632 10
9633 50
9634 20
9635 23
9636 10
9637 42
9638 35
9639 15
9640 18
9641 10
9642 18
9643 35
9644 40
9645 35
9646 35
9647 10
9648 20
9649 50
9650 35
9651 10
9652 20
9653 59
9654 35
9655 10
9656 35
9657 10
9658 20
9659 10
9660 20
9661 45
9662 51
9663 18
9664 18
9665 20
9666 10
9667 18
9668 59
9669 42
9670 190
9671 35
9672 18
9673 191
9674 0
9675 59
9676 42
9677 10
9678 51
9679 35
9680 42
9681 50
9682 10
9683 10
9684 35
9685 20
9686 10
9687 18
9688 20
9689 0
9690 15
9691 10
9692 23
9693 10
9694 18
9695 10
9696 140
9697 35
9698 35
9699 35
9700 37
9701 10
9702 18
9703 50
9704 10
9705 10
9706 18
9707 10
9708 10
9709 20
9710 20
9711 35
9712 35
9713 59
9714 35
9715 23
9716 18
9717 23
9718 0
9719 23
9720 35
9721 10
9722 10
9723 10
9724 59
9725 10
9726 45
9727 21
9728 50
9729 35
9730 50
9731 59
9732 59
9733 59
9734 59
9735 10
9736 15
9737 10
9738 20
9739 15
9740 35
9741 23
9742 23
9743 59
9744 10
9745 23
9746 10
9747 35
9748 35
9749 23
9750 45
9751 20
9752 35
9753 35
9754 59
9755 168
9756 10
9757 20
9758 35
9759 23
9760 35
9761 18
9762 35
9763 10
9764 59
9765 59
9766 23
9767 20
9768 35
9769 50
9770 18
9771 10
9772 50
9773 20
9774 23
9775 10
9776 20
9777 10
9778 20
9779 35
9780 35
9781 42
9782 10
9783 42
9784 10
9785 50
9786 23
9787 35
9788 51
9789 35
9790 35
9791 59
9792 45
9793 0
9794 10
9795 10
9796 35
9797 18
9798 10
9799 10
9800 35
9801 0
9802 23
9803 59
9804 25
9805 10
9806 59
9807 59
9808 50
9809 10
9810 35
9811 51
9812 23
9813 10
9814 10
9815 37
9816 0
9817 23
9818 50
9819 10
9820 59
9821 10
9822 50
9823 35
9824 18
9825 18
9826 18
9827 109
9828 10
9829 10
9830 10
9831 10
9832 10
9833 10
9834 51
9835 121
9836 10
9837 10
9838 50
9839 35
9840 18
9841 50
9842 10
9843 20
9844 35
9845 10
9846 18
9847 35
9848 35
9849 51
9850 10
9851 59
9852 10
9853 35
9854 35
9855 50
9856 23
9857 35
9858 170
9859 20
9860 50
9861 59
9862 0
9863 35
9864 10
9865 18
9866 35
9867 10
9868 10
9869 10
9870 10
9871 5
9872 23
9873 50
9874 35
9875 23
9876 45
9877 0
9878 37
9879 35
9880 18
9881 45
9882 50
9883 10
9884 51
9885 10
9886 18
9887 45
9888 10
9889 192
9890 10
9891 37
9892 51
9893 50
9894 23
9895 35
9896 59
9897 59
9898 51
9899 35
9900 23
9901 15
9902 42
9903 18
9904 35
9905 35
9906 50
9907 23
9908 20
9909 45
9910 18
9911 51
9912 35
9913 35
9914 59
9915 59
9916 59
9917 10
9918 10
9919 45
9920 35
9921 130
9922 35
9923 50
9924 59
9925 10
9926 0
9927 51
9928 50
9929 10
9930 153
9931 51
9932 51
9933 45
9934 10
9935 35
9936 35
9937 23
9938 10
9939 45
9940 35
9941 23
9942 20
9943 23
9944 23
9945 45
9946 18
9947 35
9948 35
9949 35
9950 18
9951 51
9952 18
9953 18
9954 50
9955 10
9956 35
9957 10
9958 35
9959 51
9960 50
9961 35
9962 23
9963 10
9964 23
9965 10
9966 35
9967 45
9968 10
9969 35
9970 35
9971 42
9972 50
9973 45
9974 35
9975 35
9976 10
9977 35
9978 50
9979 18
9980 20
9981 10
9982 20
9983 35
9984 59
9985 18
9986 35
9987 35
9988 10
9989 10
9990 45
9991 50
9992 51
9993 0
9994 59
9995 23
9996 37
9997 23
9998 51
9999 59
10000 37
10001 10
10002 10
10003 18
10004 50
10005 20
10006 10
10007 10
10008 187
10009 35
10010 35
10011 35
10012 20
10013 10
10014 10
10015 193
10016 42
10017 10
10018 20
10019 35
10020 10
10021 42
10022 18
10023 59
10024 42
10025 35
10026 42
10027 35
10028 10
10029 59
10030 35
10031 59
10032 59
10033 51
10034 20
10035 18
10036 35
10037 18
10038 35
10039 10
10040 35
10041 20
10042 35
10043 0
10044 149
10045 42
10046 50
10047 10
10048 10
10049 35
10050 0
10051 59
10052 10
10053 51
10054 10
10055 18
10056 18
10057 50
10058 10
10059 35
10060 59
10061 59
10062 23
10063 50
10064 10
10065 35
10066 10
10067 50
10068 59
10069 51
10070 35
10071 18
10072 35
10073 59
10074 23
10075 23
10076 35
10077 18
10078 10
10079 42
10080 10
10081 18
10082 10
10083 20
10084 35
10085 50
10086 35
10087 35
10088 10
10089 35
10090 10
10091 23
10092 10
10093 35
10094 35
10095 35
10096 20
10097 18
10098 37
10099 194
10100 175
10101 10
10102 45
10103 23
10104 0
10105 0
10106 10
10107 35
10108 10
10109 51
10110 18
10111 10
10112 59
10113 59
10114 18
10115 35
10116 42
10117 42
10118 42
10119 42
10120 42
10121 35
10122 35
10123 35
10124 20
10125 0
10126 23
10127 42
10128 50
10129 51
10130 165
10131 23
10132 45
10133 18
10134 59
10135 59
10136 20
10137 23
10138 50
10139 23
10140 10
10141 10
10142 23
10143 10
10144 35
10145 42
10146 50
10147 35
10148 10
10149 51
10150 10
10151 18
10152 18
10153 18
10154 18
10155 15
10156 15
10157 10
10158 18
10159 35
10160 10
10161 18
10162 18
10163 10
10164 35
10165 18
10166 35
10167 50
10168 50
10169 10
10170 59
10171 35
10172 10
10173 35
10174 195
10175 73
10176 187
10177 59
10178 18
10179 0
10180 37
10181 35
10182 18
10183 42
10184 45
10185 18
10186 59
10187 35
10188 35
10189 0
10190 35
10191 50
10192 20
10193 35
10194 10
10195 59
10196 35
10197 23
10198 35
10199 50
10200 0
10201 15
10202 20
10203 18
10204 23
10205 165
10206 45
10207 0
10208 42
10209 20
10210 10
10211 20
10212 20
10213 64
10214 37
10215 20
10216 55
10217 35
10218 174
10219 10
10220 20
10221 35
10222 35
10223 10
10224 10
10225 45
10226 20
10227 35
10228 59
10229 0
10230 35
10231 35
10232 51
10233 23
10234 35
10235 35
10236 35
10237 59
10238 10
10239 20
10240 10
10241 50
10242 35
10243 50
10244 59
10245 59
10246 10
10247 35
10248 35
10249 18
10250 35
10251 59
10252 35
10253 35
10254 51
10255 35
10256 35
10257 117
10258 0
10259 42
10260 50
10261 59
10262 0
10263 10
10264 37
10265 51
10266 35
10267 20
10268 35
10269 23
10270 35
10271 10
10272 35
10273 35
10274 35
10275 59
10276 59
10277 59
10278 51
10279 35
10280 59
10281 10
10282 10
10283 35
10284 10
10285 20
10286 20
10287 10
10288 35
10289 42
10290 23
10291 35
10292 59
10293 35
10294 45
10295 35
10296 45
10297 23
10298 35
10299 35
10300 8
10301 23
10302 0
10303 35
10304 35
10305 50
10306 10
10307 50
10308 0
10309 35
10310 35
10311 35
10312 0
10313 35
10314 23
10315 10
10316 35
10317 23
10318 20
10319 10
10320 59
10321 10
10322 18
10323 10
10324 20
10325 10
10326 59
10327 59
10328 50
10329 35
10330 10
10331 0
10332 15
10333 10
10334 59
10335 45
10336 0
10337 0
10338 10
10339 196
10340 197
10341 0
10342 20
10343 59
10344 35
10345 50
10346 10
10347 35
10348 10
10349 59
10350 50
10351 23
10352 10
10353 35
10354 35
10355 0
10356 10
10357 35
10358 18
10359 35
10360 10
10361 59
10362 35
10363 35
10364 10
10365 10
10366 35
10367 42
10368 10
10369 45
10370 59
10371 18
10372 35
10373 35
10374 20
10375 20
10376 50
10377 42
10378 10
10379 35
10380 51
10381 35
10382 50
10383 60
10384 10
10385 0
10386 23
10387 10
10388 50
10389 15
10390 0
10391 35
10392 10
10393 109
10394 18
10395 18
10396 35
10397 10
10398 23
10399 35
10400 50
10401 35
10402 10
10403 20
10404 0
10405 59
10406 10
10407 10
10408 50
10409 10
10410 45
10411 50
10412 50
10413 35
10414 50
10415 35
10416 0
10417 50
10418 35
10419 35
10420 35
10421 85
10422 10
10423 23
10424 35
10425 35
10426 59
10427 35
10428 10
10429 198
10430 35
10431 35
10432 197
10433 35
10434 35
10435 10
10436 10
10437 50
10438 35
10439 10
10440 45
10441 35
10442 35
10443 42
10444 59
10445 143
10446 51
10447 10
10448 59
10449 18
10450 59
10451 18
10452 0
10453 20
10454 35
10455 18
10456 42
10457 50
10458 50
10459 10
10460 82
10461 20
10462 50
10463 35
10464 0
10465 35
10466 50
10467 35
10468 35
10469 10
10470 35
10471 35
10472 35
10473 35
10474 10
10475 10
10476 10
10477 18
10478 18
10479 59
10480 23
10481 23
10482 51
10483 10
10484 37
10485 51
10486 18
10487 59
10488 42
10489 99
10490 50
10491 10
10492 50
10493 23
10494 10
10495 50
10496 10
10497 35
10498 18
10499 45
10500 51
10501 0
10502 50
10503 50
10504 10
10505 23
10506 35
10507 35
10508 59
10509 10
10510 10
10511 10
10512 37
10513 10
10514 35
10515 20
10516 10
10517 35
10518 35
10519 50
10520 0
10521 23
10522 23
10523 51
10524 86
10525 59
10526 59
10527 59
10528 59
10529 42
10530 42
10531 42
10532 59
10533 59
10534 42
10535 35
10536 59
10537 42
10538 42
10539 42
10540 42
10541 59
10542 42
10543 42
10544 42
10545 59
10546 59
10547 42
10548 42
10549 42
10550 59
10551 42
10552 35
10553 10
10554 35
10555 18
10556 35
10557 35
10558 18
10559 35
10560 35
10561 35
10562 10
10563 59
10564 37
10565 10
10566 10
10567 42
10568 35
10569 20
10570 18
10571 23
10572 35
10573 20
10574 42
10575 191
10576 37
10577 10
10578 35
10579 23
10580 48
10581 67
10582 10
10583 23
10584 35
10585 20
10586 0
10587 0
10588 42
10589 23
10590 35
10591 10
10592 35
10593 50
10594 35
10595 50
10596 10
10597 10
10598 20
10599 35
10600 35
10601 50
10602 0
10603 18
10604 10
10605 10
10606 45
10607 50
10608 42
10609 10
10610 10
10611 199
10612 0
10613 10
10614 10
10615 10
10616 18
10617 35
10618 59
10619 59
10620 0
10621 10
10622 50
10623 35
10624 35
10625 0
10626 18
10627 10
10628 10
10629 20
10630 45
10631 45
10632 23
10633 35
10634 35
10635 35
10636 35
10637 10
10638 35
10639 10
10640 10
10641 18
10642 18
10643 18
10644 18
10645 45
10646 10
10647 50
10648 20
10649 10
10650 45
10651 10
10652 37
10653 10
10654 10
10655 18
10656 37
10657 35
10658 51
10659 10
10660 10
10661 45
10662 18
10663 20
10664 35
10665 37
10666 10
10667 10
10668 18
10669 10
10670 59
10671 10
10672 37
10673 35
10674 23
10675 37
10676 10
10677 35
10678 10
10679 51
10680 37
10681 10
10682 59
10683 10
10684 50
10685 20
10686 20
10687 42
10688 10
10689 20
10690 10
10691 10
10692 37
10693 35
10694 18
10695 20
10696 59
10697 20
10698 35
10699 59
10700 35
10701 10
10702 10
10703 51
10704 10
10705 35
10706 23
10707 10
10708 10
10709 10
10710 37
10711 45
10712 59
10713 35
10714 59
10715 37
10716 50
10717 50
10718 50
10719 59
10720 18
10721 37
10722 18
10723 45
10724 10
10725 23
10726 35
10727 10
10728 59
10729 45
10730 35
10731 10
10732 50
10733 10
10734 23
10735 10
10736 59
10737 10
10738 20
10739 35
10740 50
10741 20
10742 15
10743 59
10744 42
10745 10
10746 50
10747 45
10748 10
10749 35
10750 35
10751 35
10752 10
10753 0
10754 59
10755 50
10756 18
10757 10
10758 59
10759 10
10760 35
10761 20
10762 51
10763 23
10764 23
10765 10
10766 20
10767 35
10768 59
10769 35
10770 10
10771 35
10772 10
10773 50
10774 10
10775 10
10776 10
10777 18
10778 10
10779 35
10780 35
10781 20
10782 12
10783 20
10784 10
10785 10
10786 35
10787 35
10788 20
10789 10
10790 35
10791 35
10792 51
10793 10
10794 18
10795 18
10796 59
10797 45
10798 13
10799 50
10800 18
10801 42
10802 59
10803 20
10804 35
10805 35
10806 10
10807 35
10808 0
10809 50
10810 50
10811 10
10812 35
10813 50
10814 35
10815 50
10816 37
10817 10
10818 35
10819 45
10820 20
10821 15
10822 73
10823 20
10824 20
10825 18
10826 10
10827 10
10828 10
10829 35
10830 35
10831 23
10832 59
10833 35
10834 10
10835 0
10836 0
10837 10
10838 10
10839 10
10840 45
10841 35
10842 23
10843 10
10844 59
10845 0
10846 0
10847 35
10848 10
10849 35
10850 35
10851 23
10852 18
10853 15
10854 10
10855 10
10856 20
10857 10
10858 23
10859 37
10860 20
10861 35
10862 50
10863 51
10864 35
10865 50
10866 35
10867 10
10868 59
10869 35
10870 20
10871 10
10872 20
10873 0
10874 10
10875 50
10876 43
10877 42
10878 23
10879 23
10880 35
10881 35
10882 35
10883 35
10884 35
10885 18
10886 10
10887 10
10888 18
10889 35
10890 35
10891 51
10892 59
10893 35
10894 35
10895 10
10896 0
10897 10
10898 35
10899 59
10900 23
10901 23
10902 35
10903 35
10904 35
10905 50
10906 23
10907 15
10908 18
10909 18
10910 10
10911 18
10912 10
10913 59
10914 59
10915 200
10916 10
10917 35
10918 18
10919 10
10920 35
10921 35
10922 35
10923 18
10924 35
10925 18
10926 35
10927 177
10928 35
10929 18
10930 35
10931 23
10932 42
10933 23
10934 37
10935 42
10936 51
10937 51
10938 10
10939 50
10940 50
10941 35
10942 37
10943 18
10944 18
10945 35
10946 35
10947 109
10948 59
10949 0
10950 23
10951 23
10952 35
10953 45
10954 10
10955 35
10956 59
10957 10
10958 20
10959 35
10960 10
10961 35
10962 0
10963 59
10964 10
10965 15
10966 10
10967 23
10968 10
10969 0
10970 0
10971 20
10972 10
10973 35
10974 0
10975 10
10976 35
10977 137
10978 50
10979 0
10980 50
10981 10
10982 51
10983 10
10984 35
10985 45
10986 35
10987 50
10988 35
10989 35
10990 35
10991 51
10992 99
10993 45
10994 35
10995 10
10996 35
10997 42
10998 10
10999 10
11000 59
11001 50
11002 35
11003 45
11004 18
11005 50
11006 23
11007 10
11008 59
11009 59
11010 35
11011 35
11012 35
11013 35
11014 10
11015 35
11016 0
11017 0
11018 20
11019 50
11020 42
11021 10
11022 10
11023 15
11024 20
11025 10
11026 10
11027 50
11028 10
11029 59
11030 20
11031 10
11032 35
11033 35
11034 50
11035 20
11036 18
11037 23
11038 20
11039 37
11040 10
11041 37
11042 35
11043 20
11044 35
11045 10
11046 18
11047 35
11048 10
11049 10
11050 35
11051 10
11052 24
11053 0
11054 10
11055 18
11056 59
11057 59
11058 50
11059 37
11060 10
11061 18
11062 23
11063 35
11064 42
11065 10
11066 10
11067 20
11068 10
11069 201
11070 51
11071 10
11072 23
11073 10
11074 42
11075 59
11076 37
11077 59
11078 59
11079 59
11080 35
11081 59
11082 10
11083 10
11084 20
11085 50
11086 18
11087 10
11088 18
11089 18
11090 15
11091 10
11092 42
11093 15
11094 18
11095 35
11096 45
11097 35
11098 59
11099 23
11100 35
11101 51
11102 35
11103 10
11104 10
11105 18
11106 18
11107 178
11108 35
11109 35
11110 35
11111 10
11112 23
11113 20
11114 23
11115 59
11116 59
11117 35
11118 59
11119 50
11120 10
11121 37
11122 23
11123 45
11124 208
11125 18
11126 42
11127 50
11128 23
11129 42
11130 59
11131 59
11132 35
11133 50
11134 35
11135 42
11136 20
11137 42
11138 42
11139 35
11140 42
11141 59
11142 42
11143 42
11144 42
11145 59
11146 59
11147 42
11148 42
11149 59
11150 51
11151 20
11152 202
11153 23
11154 59
11155 42
11156 42
11157 23
11158 42
11159 23
11160 42
11161 59
11162 42
11163 23
11164 10
11165 59
11166 10
11167 10
11168 10
11169 42
11170 42
11171 35
11172 10
11173 203
11174 23
11175 50
11176 35
11177 23
11178 10
11179 35
11180 35
11181 35
11182 18
11183 23
11184 10
11185 50
11186 0
11187 50
11188 51
11189 45
11190 10
11191 20
11192 20
11193 51
11194 18
11195 37
11196 18
11197 35
11198 10
11199 59
11200 59
11201 23
11202 59
11203 165
11204 42
11205 20
11206 18
11207 35
11208 35
11209 35
11210 10
11211 23
11212 59
11213 20
11214 23
11215 35
11216 35
11217 35
11218 35
11219 35
11220 10
11221 18
11222 50
11223 35
11224 35
11225 18
11226 20
11227 35
11228 18
11229 45
11230 35
11231 10
11232 18
11233 35
11234 35
11235 10
11236 35
11237 20
11238 18
11239 35
11240 51
11241 59
11242 51
11243 204
11244 18
11245 10
11246 10
11247 35
11248 59
11249 0
11250 35
11251 10
11252 35
11253 42
11254 10
11255 10
11256 10
11257 20
11258 15
11259 35
11260 50
11261 45
11262 18
11263 35
11264 59
11265 23
11266 18
11267 45
11268 35
11269 35
11270 23
11271 23
11272 10
11273 23
11274 10
11275 59
11276 35
11277 18
11278 59
11279 35
11280 35
11281 35
11282 35
11283 45
11284 18
11285 50
11286 50
11287 50
11288 10
11289 35
11290 51
11291 10
11292 0
11293 45
11294 20
11295 59
11296 10
11297 59
11298 35
11299 59
11300 10
11301 35
11302 10
11303 10
11304 0
11305 10
11306 0
11307 35
11308 20
11309 10
11310 10
11311 51
11312 35
11313 35
11314 7
11315 50
11316 35
11317 50
11318 37
11319 35
11320 35
11321 10
11322 51
11323 50
11324 18
11325 18
11326 10
11327 15
11328 35
11329 0
11330 23
11331 23
11332 15
11333 20
11334 20
11335 0
11336 18
11337 10
11338 51
11339 35
11340 35
11341 35
11342 10
11343 20
11344 23
11345 15
11346 50
11347 42
11348 10
11349 10
11350 59
11351 50
11352 35
11353 10
11354 59
11355 42
11356 59
11357 10
11358 37
11359 42
11360 23
11361 42
11362 42
11363 35
11364 18
11365 18
11366 35
11367 10
11368 35
11369 42
11370 10
11371 18
11372 59
11373 59
11374 50
11375 56
11376 35
11377 83
11378 10
11379 35
11380 99
11381 10
11382 42
11383 35
11384 35
11385 0
11386 35
11387 54
11388 59
11389 20
11390 35
11391 10
11392 10
11393 10
11394 35
11395 10
11396 23
11397 10
11398 10
11399 45
11400 23
11401 10
11402 10
11403 10
11404 103
11405 15
11406 35
11407 35
11408 35
11409 35
11410 0
11411 42
11412 205
11413 35
11414 50
11415 20
11416 50
11417 59
11418 18
11419 59
11420 204
11421 35
11422 0
11423 18
11424 35
11425 50
11426 10
11427 0
11428 23
11429 10
11430 35
11431 23
11432 59
11433 42
11434 59
11435 45
11436 10
11437 20
11438 10
11439 50
11440 35
11441 10
11442 10
11443 50
11444 10
11445 50
11446 20
11447 20
11448 15
11449 42
11450 206
11451 0
11452 50
11453 15
11454 35
11455 35
11456 50
11457 10
11458 35
11459 35
11460 35
11461 10
11462 35
11463 50
11464 35
11465 10
11466 20
11467 35
11468 10
11469 10
11470 35
11471 35
11472 156
11473 35
11474 37
11475 23
11476 10
11477 59
11478 35
11479 23
11480 20
11481 20
11482 10
11483 18
11484 35
11485 45
11486 10
11487 18
11488 18
11489 18
11490 10
11491 18
11492 23
11493 59
11494 20
11495 35
11496 59
11497 35
11498 23
11499 50
11500 59
11501 50
11502 37
11503 35
11504 45
11505 35
11506 0
11507 10
11508 0
11509 10
11510 37
11511 23
11512 50
11513 18
11514 10
11515 20
11516 10
11517 20
11518 20
11519 10
11520 35
11521 59
11522 23
11523 20
11524 10
11525 35
11526 35
11527 20
11528 18
11529 50
11530 35
11531 59
11532 18
11533 35
11534 35
11535 124
11536 126
11537 10
11538 10
11539 10
11540 18
11541 18
11542 23
11543 197
11544 59
11545 42
11546 42
11547 59
11548 10
11549 18
11550 59
11551 10
11552 10
11553 45
11554 42
11555 51
11556 43
11557 0
11558 42
11559 23
11560 20
11561 35
11562 35
11563 10
11564 10
11565 10
11566 51
11567 10
11568 20
11569 10
11570 10
11571 18
11572 10
11573 20
11574 59
11575 76
11576 10
11577 59
11578 10
11579 51
11580 35
11581 35
11582 0
11583 10
11584 35
11585 59
11586 0
11587 206
11588 35
11589 10
11590 10
11591 23
11592 18
11593 18
11594 35
11595 18
11596 23
11597 37
11598 18
11599 37
11600 18
11601 18
11602 51
11603 10
11604 18
11605 20
11606 59
11607 63
11608 20
11609 128
11610 50
11611 59
11612 37
11613 42
11614 10
11615 10
11616 0
11617 23
11618 50
11619 35
11620 35
11621 10
11622 35
11623 10
11624 10
11625 18
11626 35
11627 23
11628 42
11629 50
11630 10
11631 59
11632 42
11633 23
11634 35
11635 42
11636 42
11637 42
11638 42
11639 0
11640 10
11641 42
11642 0
11643 42
11644 10
11645 50
11646 10
11647 59
11648 35
11649 20
11650 10
11651 42
11652 20
11653 42
11654 10
11655 51
11656 42
11657 42
11658 42
11659 23
11660 42
11661 42
11662 42
11663 10
11664 59
11665 59
11666 42
11667 42
11668 59
11669 42
11670 42
11671 10
11672 10
11673 18
11674 59
11675 42
11676 42
11677 42
11678 59
11679 10
11680 45
11681 59
11682 59
11683 42
11684 42
11685 76
11686 20
11687 18
11688 10
11689 45
11690 59
11691 50
11692 50
11693 20
11694 59
11695 20
11696 35
11697 59
11698 35
11699 45
11700 18
11701 23
11702 10
11703 20
11704 0
11705 35
11706 20
11707 59
11708 20
11709 207
11710 59
11711 64
11712 45
11713 208
11714 42
11715 20
11716 20
11717 35
11718 35
11719 35
11720 59
11721 59
11722 121
11723 0
11724 35
11725 50
11726 35
11727 50
11728 59
11729 35
11730 35
11731 35
11732 18
11733 18
11734 10
11735 18
11736 50
11737 59
11738 35
11739 50
11740 42
11741 20
11742 104
11743 37
11744 20
11745 10
11746 35
11747 18
11748 10
11749 35
11750 35
11751 10
11752 18
11753 10
11754 10
11755 35
11756 35
11757 15
11758 18
11759 18
11760 10
11761 50
11762 35
11763 20
11764 35
11765 50
11766 10
11767 10
11768 35
11769 206
11770 18
11771 35
11772 59
11773 20
11774 10
11775 42
11776 10
11777 35
11778 50
11779 23
11780 59
11781 20
11782 10
11783 10
11784 18
11785 18
11786 35
11787 59
11788 59
11789 10
11790 10
11791 10
11792 59
11793 23
11794 10
11795 35
11796 10
11797 10
11798 59
11799 37
11800 59
11801 0
11802 18
11803 20
11804 10
11805 0
11806 35
11807 71
11808 209
11809 35
11810 59
11811 35
11812 51
11813 50
11814 50
11815 35
11816 59
11817 50
11818 158
11819 35
11820 50
11821 50
11822 10
11823 152
11824 35
11825 10
11826 35
11827 10
11828 35
11829 35
11830 45
11831 35
11832 18
11833 20
11834 59
11835 10
11836 35
11837 23
11838 23
11839 59
11840 10
11841 50
11842 50
11843 18
11844 18
11845 59
11846 59
11847 50
11848 37
11849 35
11850 35
11851 45
11852 10
11853 59
11854 35
11855 50
11856 35
11857 10
11858 35
11859 23
11860 50
11861 10
11862 23
11863 174
11864 23
11865 23
11866 35
11867 18
11868 45
11869 59
11870 59
11871 50
11872 35
11873 10
11874 10
11875 35
11876 50
11877 35
11878 10
11879 45
11880 0
11881 51
11882 10
11883 35
11884 42
11885 50
11886 20
11887 20
11888 10
11889 121
11890 171
11891 10
11892 50
11893 10
11894 59
11895 15
11896 20
11897 23
11898 45
11899 23
11900 50
11901 10
11902 15
11903 35
11904 20
11905 10
11906 10
11907 35
11908 10
11909 59
11910 35
11911 50
11912 35
11913 23
11914 20
11915 51
11916 42
11917 35
11918 35
11919 23
11920 10
11921 42
11922 23
11923 42
11924 50
11925 59
11926 59
11927 51
11928 10
11929 59
11930 42
11931 42
11932 42
11933 42
11934 42
11935 59
11936 42
11937 35
11938 59
11939 42
11940 59
11941 210
11942 51
11943 50
11944 35
11945 23
11946 37
11947 23
11948 18
11949 10
11950 10
11951 35
11952 35
11953 42
11954 50
11955 51
11956 59
11957 37
11958 10
11959 35
11960 20
11961 18
11962 10
11963 42
11964 59
11965 23
11966 0
11967 59
11968 10
11969 23
11970 10
11971 45
11972 35
11973 59
11974 37
11975 10
11976 35
11977 23
11978 59
11979 15
11980 50
11981 0
11982 10
11983 18
11984 42
11985 42
11986 35
11987 10
11988 23
11989 10
11990 10
11991 50
11992 50
11993 10
11994 35
11995 23
11996 23
11997 23
11998 35
11999 59
12000 35
12001 35
12002 42
12003 35
12004 10
12005 50
12006 10
12007 20
12008 43
12009 37
12010 51
12011 23
12012 51
12013 35
12014 10
12015 35
12016 10
12017 35
12018 23
12019 18
12020 43
12021 42
12022 59
12023 50
12024 23
12025 42
12026 0
12027 50
12028 51
12029 51
12030 35
12031 35
12032 35
12033 45
12034 50
12035 15
12036 23
12037 35
12038 35
12039 23
12040 45
12041 35
12042 18
12043 10
12044 59
12045 59
12046 42
12047 23
12048 45
12049 10
12050 59
12051 35
12052 0
12053 20
12054 27
12055 10
12056 35
12057 10
12058 10
12059 45
12060 23
12061 18
12062 23
12063 35
12064 211
12065 35
12066 23
12067 18
12068 50
12069 10
12070 59
12071 50
12072 37
12073 50
12074 35
12075 35
12076 50
12077 20
12078 42
12079 23
12080 18
12081 23
12082 59
12083 212
12084 51
12085 35
12086 59
12087 10
12088 23
12089 10
12090 10
12091 35
12092 35
12093 35
12094 35
12095 35
12096 42
12097 10
12098 35
12099 20
12100 45
12101 23
12102 42
12103 10
12104 10
12105 20
12106 50
12107 50
12108 59
12109 59
12110 35
12111 20
12112 20
12113 10
12114 10
12115 10
12116 35
12117 151
12118 59
12119 10
12120 42
12121 59
12122 59
12123 59
12124 10
12125 42
12126 20
12127 59
12128 20
12129 50
12130 10
12131 10
12132 10
12133 35
12134 59
12135 50
12136 10
12137 37
12138 35
12139 35
12140 35
12141 35
12142 10
12143 59
12144 23
12145 10
12146 18
12147 42
12148 18
12149 18
12150 59
12151 18
12152 51
12153 10
12154 18
12155 10
12156 10
12157 35
12158 35
12159 15
12160 42
12161 42
12162 20
12163 18
12164 10
12165 51
12166 59
12167 35
12168 18
12169 10
12170 18
12171 42
12172 59
12173 42
12174 10
12175 35
12176 50
12177 18
12178 42
12179 42
12180 20
12181 42
12182 42
12183 10
12184 59
12185 23
12186 10
12187 35
12188 15
12189 23
12190 59
12191 59
12192 42
12193 42
12194 59
12195 59
12196 59
12197 59
12198 23
12199 42
12200 35
12201 42
12202 42
12203 42
12204 42
12205 51
12206 59
12207 10
12208 20
12209 59
12210 42
12211 42
12212 42
12213 20
12214 23
12215 42
12216 42
12217 20
12218 42
12219 167
12220 42
12221 23
12222 42
12223 35
12224 42
12225 10
12226 42
12227 15
12228 10
12229 42
12230 42
12231 42
12232 59
12233 42
12234 10
12235 35
12236 10
12237 10
12238 45
12239 35
12240 20
12241 10
12242 59
12243 35
12244 20
12245 45
12246 42
12247 50
12248 42
12249 50
12250 10
12251 10
12252 35
12253 23
12254 35
12255 35
12256 20
12257 35
12258 10
12259 10
12260 10
12261 10
12262 20
12263 20
12264 35
12265 35
12266 20
12267 10
12268 35
12269 35
12270 51
12271 23
12272 35
12273 10
12274 50
12275 10
12276 20
12277 35
12278 213
12279 42
12280 10
12281 35
12282 51
12283 42
12284 59
12285 42
12286 50
12287 10
12288 42
12289 51
12290 10
12291 45
12292 18
12293 59
12294 20
12295 37
12296 37
12297 42
12298 59
12299 42
12300 18
12301 10
12302 59
12303 35
12304 10
12305 42
12306 51
12307 15
12308 35
12309 10
12310 35
12311 43
12312 214
12313 10
12314 45
12315 50
12316 35
12317 59
12318 23
12319 35
12320 18
12321 23
12322 59
12323 49
12324 35
12325 20
12326 0
12327 35
12328 35
12329 191
12330 42
12331 23
12332 59
12333 35
12334 42
12335 35
12336 35
12337 35
12338 35
12339 35
12340 10
12341 18
12342 10
12343 50
12344 50
12345 23
12346 35
12347 35
12348 42
12349 35
12350 59
12351 42
12352 23
12353 35
12354 18
12355 37
12356 50
12357 50
12358 10
12359 35
12360 42
12361 10
12362 20
12363 23
12364 10
12365 20
12366 59
12367 18
12368 10
12369 0
12370 10
12371 35
12372 18
12373 15
12374 9
12375 161
12376 18
12377 20
12378 35
12379 59
12380 50
12381 10
12382 20
12383 0
12384 35
12385 23
12386 10
12387 35
12388 42
12389 35
12390 50
12391 35
12392 18
12393 20
12394 59
12395 50
12396 10
12397 51
12398 23
12399 163
12400 10
12401 18
12402 10
12403 20
12404 18
12405 10
12406 10
12407 35
12408 0
12409 42
12410 42
12411 59
12412 35
12413 10
12414 23
12415 20
12416 59
12417 35
12418 20
12419 10
12420 35
12421 59
12422 20
12423 50
12424 0
12425 20
12426 10
12427 35
12428 18
12429 35
12430 18
12431 23
12432 35
12433 42
12434 42
12435 23
12436 45
12437 42
12438 59
12439 42
12440 42
12441 59
12442 35
12443 215
12444 35
12445 10
12446 10
12447 0
12448 6
12449 35
12450 23
12451 0
12452 35
12453 51
12454 45
12455 42
12456 18
12457 18
12458 35
12459 42
12460 18
12461 10
12462 10
12463 51
12464 35
12465 50
12466 59
12467 10
12468 10
12469 20
12470 35
12471 35
12472 35
12473 15
12474 20
12475 35
12476 23
12477 35
12478 50
12479 35
12480 35
12481 10
12482 35
12483 20
12484 10
12485 0
12486 10
12487 42
12488 20
12489 20
12490 51
12491 35
12492 42
12493 23
12494 35
12495 35
12496 10
12497 50
12498 51
12499 50
12500 0
12501 18
12502 18
12503 59
12504 10
12505 51
12506 35
12507 18
12508 15
12509 59
12510 35
12511 10
12512 23
12513 37
12514 35
12515 35
12516 23
12517 23
12518 35
12519 61
12520 35
12521 18
12522 18
12523 10
12524 35
12525 45
12526 121
12527 35
12528 35
12529 18
12530 18
12531 35
12532 35
12533 23
12534 35
12535 59
12536 23
12537 23
12538 35
12539 35
12540 35
12541 10
12542 10
12543 35
12544 18
12545 59
12546 35
12547 35
12548 35
12549 18
12550 37
12551 35
12552 18
12553 35
12554 18
12555 23
12556 59
12557 10
12558 0
12559 35
12560 35
12561 35
12562 20
12563 35
12564 35
12565 10
12566 10
12567 59
12568 59
12569 35
12570 51
12571 20
12572 59
12573 20
12574 35
12575 18
12576 199
12577 35
12578 35
12579 35
12580 18
12581 0
12582 10
12583 10
12584 18
12585 23
12586 23
12587 35
12588 10
12589 10
12590 35
12591 50
12592 23
12593 35
12594 0
12595 50
12596 10
12597 0
12598 45
12599 10
12600 35
12601 50
12602 105
12603 18
12604 18
12605 18
12606 50
12607 200
12608 23
12609 20
12610 18
12611 18
12612 18
12613 50
12614 20
12615 37
12616 35
12617 35
12618 43
12619 35
12620 15
12621 18
12622 91
12623 35
12624 35
12625 45
12626 35
12627 45
12628 0
12629 10
12630 10
12631 51
12632 10
12633 10
12634 18
12635 10
12636 10
12637 59
12638 59
12639 20
12640 20
12641 59
12642 18
12643 10
12644 216
12645 59
12646 20
12647 23
12648 35
12649 35
12650 35
12651 35
12652 10
12653 35
12654 10
12655 35
12656 50
12657 59
12658 10
12659 23
12660 18
12661 50
12662 59
12663 59
12664 10
12665 23
12666 18
12667 50
12668 45
12669 10
12670 50
12671 10
12672 50
12673 35
12674 10
12675 50
12676 35
12677 10
12678 35
12679 37
12680 35
12681 50
12682 15
12683 35
12684 10
12685 18
12686 35
12687 35
12688 20
12689 45
12690 45
12691 18
12692 18
12693 37
12694 35
12695 35
12696 35
12697 10
12698 23
12699 35
12700 23
12701 0
12702 35
12703 10
12704 50
12705 18
12706 20
12707 35
12708 10
12709 59
12710 18
12711 10
12712 45
12713 59
12714 50
12715 35
12716 42
12717 35
12718 42
12719 45
12720 59
12721 35
12722 35
12723 0
12724 50
12725 35
12726 35
12727 20
12728 59
12729 35
12730 10
12731 10
12732 23
12733 35
12734 35
12735 35
12736 10
12737 35
12738 35
12739 35
12740 35
12741 35
12742 0
12743 107
12744 10
12745 15
12746 172
12747 37
12748 10
12749 10
12750 59
12751 35
12752 35
12753 10
12754 35
12755 59
12756 10
12757 35
12758 10
12759 42
12760 35
12761 35
12762 50
12763 35
12764 10
12765 35
12766 20
12767 217
12768 10
12769 10
12770 10
12771 15
12772 35
12773 35
12774 18
12775 35
12776 18
12777 20
12778 35
12779 10
12780 15
12781 218
12782 18
12783 59
12784 23
12785 50
12786 35
12787 35
12788 18
12789 35
12790 50
12791 42
12792 35
12793 35
12794 20
12795 50
12796 50
12797 10
12798 0
12799 23
12800 0
12801 35
12802 10
12803 206
12804 219
12805 33
12806 10
12807 20
12808 59
12809 35
12810 35
12811 35
12812 35
12813 35
12814 45
12815 18
12816 59
12817 35
12818 50
12819 18
12820 35
12821 10
12822 10
12823 35
12824 10
12825 10
12826 10
12827 10
12828 18
12829 59
12830 35
12831 10
12832 59
12833 45
12834 10
12835 10
12836 51
12837 20
12838 45
12839 35
12840 10
12841 50
12842 10
12843 35
12844 20
12845 59
12846 35
12847 10
12848 10
12849 18
12850 59
12851 35
12852 35
12853 10
12854 23
12855 0
12856 20
12857 35
12858 42
12859 191
12860 0
12861 45
12862 35
12863 35
12864 35
12865 35
12866 23
12867 50
12868 20
12869 35
12870 83
12871 59
12872 35
12873 35
12874 35
12875 35
12876 51
12877 18
12878 10
12879 59
12880 35
12881 37
12882 10
12883 10
12884 23
12885 35
12886 59
12887 45
12888 18
12889 50
12890 131
12891 50
12892 51
12893 35
12894 10
12895 35
12896 35
12897 50
12898 10
12899 35
12900 35
12901 18
12902 20
12903 10
12904 20
12905 10
12906 10
12907 45
12908 10
12909 35
12910 18
12911 18
12912 0
12913 35
12914 20
12915 10
12916 10
12917 51
12918 59
12919 35
12920 18
12921 35
12922 10
12923 10
12924 18
12925 23
12926 50
12927 35
12928 35
12929 220
12930 20
12931 23
12932 221
12933 45
12934 51
12935 35
12936 50
12937 10
12938 10
12939 23
12940 10
12941 75
12942 59
12943 10
12944 35
12945 35
12946 10
12947 42
12948 23
12949 59
12950 10
12951 10
12952 10
12953 10
12954 77
12955 35
12956 10
12957 23
12958 35
12959 42
12960 23
12961 20
12962 18
12963 35
12964 18
12965 18
12966 51
12967 18
12968 37
12969 153
12970 10
12971 35
12972 99
12973 35
12974 50
12975 18
12976 37
12977 99
12978 23
12979 35
12980 59
12981 35
12982 10
12983 10
12984 10
12985 35
12986 10
12987 0
12988 18
12989 10
12990 47
12991 35
12992 35
12993 23
12994 35
12995 10
12996 35
12997 59
12998 35
12999 35
13000 10
13001 10
13002 18
13003 50
13004 0
13005 10
13006 10
13007 59
13008 51
13009 23
13010 10
13011 37
13012 10
13013 10
13014 50
13015 50
13016 42
13017 18
13018 20
13019 10
13020 10
13021 35
13022 18
13023 18
13024 20
13025 0
13026 50
13027 10
13028 23
13029 50
13030 35
13031 23
13032 35
13033 35
13034 59
13035 10
13036 35
13037 37
13038 35
13039 35
13040 59
13041 50
13042 18
13043 10
13044 20
13045 35
13046 99
13047 10
13048 59
13049 50
13050 59
13051 50
13052 35
13053 45
13054 23
13055 23
13056 18
13057 37
13058 50
13059 35
13060 23
13061 10
13062 23
13063 20
13064 35
13065 10
13066 50
13067 35
13068 45
13069 154
13070 0
13071 10
13072 18
13073 10
13074 59
13075 59
13076 35
13077 10
13078 35
13079 35
13080 35
13081 20
13082 35
13083 35
13084 23
13085 10
13086 50
13087 50
13088 10
13089 35
13090 35
13091 42
13092 0
13093 35
13094 10
13095 35
13096 35
13097 35
13098 18
13099 23
13100 35
13101 35
13102 51
13103 59
13104 10
13105 0
13106 35
13107 10
13108 176
13109 20
13110 35
13111 10
13112 10
13113 35
13114 51
13115 10
13116 35
13117 18
13118 10
13119 23
13120 50
13121 10
13122 155
13123 50
13124 50
13125 146
13126 35
13127 50
13128 0
13129 35
13130 18
13131 35
13132 10
13133 35
13134 136
13135 35
13136 23
13137 45
13138 105
13139 18
13140 18
13141 150
13142 10
13143 10
13144 23
13145 35
13146 35
13147 10
13148 50
13149 35
13150 35
13151 35
13152 35
13153 10
13154 20
13155 35
13156 18
13157 45
13158 51
13159 10
13160 18
13161 23
13162 42
13163 50
13164 155
13165 35
13166 10
13167 51
13168 10
13169 23
13170 35
13171 20
13172 59
13173 107
13174 20
13175 10
13176 45
13177 20
13178 74
13179 18
13180 50
13181 50
13182 59
13183 10
13184 35
13185 23
13186 35
13187 35
13188 35
13189 59
13190 20
13191 10
13192 15
13193 35
13194 18
13195 10
13196 10
13197 10
13198 18
13199 37
13200 45
13201 35
13202 50
13203 77
13204 15
13205 18
13206 156
13207 20
13208 10
13209 10
13210 35
13211 20
13212 50
13213 20
13214 0
13215 50
13216 50
13217 50
13218 23
13219 35
13220 20
13221 20
13222 10
13223 10
13224 10
13225 10
13226 23
13227 45
13228 10
13229 45
13230 156
13231 20
13232 50
13233 50
13234 35
13235 35
13236 50
13237 35
13238 50
13239 35
13240 18
13241 0
13242 42
13243 10
13244 23
13245 59
13246 35
13247 0
13248 18
13249 0
13250 18
13251 18
13252 0
13253 18
13254 35
13255 20
13256 23
13257 10
13258 10
13259 50
13260 35
13261 59
13262 10
13263 51
13264 50
13265 23
13266 20
13267 18
13268 59
13269 20
13270 35
13271 10
13272 10
13273 51
13274 35
13275 35
13276 18
13277 10
13278 35
13279 59
13280 109
13281 51
13282 18
13283 35
13284 23
13285 10
13286 0
13287 45
13288 51
13289 35
13290 35
13291 23
13292 101
13293 59
13294 35
13295 22
13296 50
13297 59
13298 59
13299 23
13300 35
13301 15
13302 18
13303 50
13304 35
13305 10
13306 18
13307 37
13308 59
13309 35
13310 35
13311 0
13312 0
13313 35
13314 45
13315 35
13316 0
13317 59
13318 35
13319 35
13320 23
13321 18
13322 20
13323 10
13324 35
13325 35
13326 35
13327 10
13328 35
13329 10
13330 50
13331 10
13332 35
13333 45
13334 23
13335 45
13336 10
13337 37
13338 20
13339 20
13340 42
13341 10
13342 35
13343 35
13344 20
13345 35
13346 0
13347 10
13348 10
13349 10
13350 42
13351 0
13352 37
13353 51
13354 23
13355 35
13356 35
13357 18
13358 15
13359 18
13360 45
13361 20
13362 59
13363 35
13364 59
13365 35
13366 23
13367 18
13368 59
13369 35
13370 35
13371 18
13372 45
13373 18
13374 15
13375 35
13376 42
13377 10
13378 35
13379 37
13380 35
13381 10
13382 18
13383 99
13384 10
13385 51
13386 35
13387 50
13388 10
13389 51
13390 0
13391 35
13392 20
13393 10
13394 51
13395 10
13396 10
13397 10
13398 59
13399 10
13400 20
13401 37
13402 35
13403 23
13404 59
13405 35
13406 35
13407 10
13408 35
13409 42
13410 59
13411 35
13412 35
13413 50
13414 35
13415 35
13416 10
13417 35
13418 50
13419 10
13420 35
13421 5
13422 10
13423 10
13424 10
13425 50
13426 35
13427 18
13428 10
13429 59
13430 10
13431 18
13432 23
13433 45
13434 0
13435 50
13436 35
13437 35
13438 10
13439 10
13440 35
13441 50
13442 0
13443 51
13444 10
13445 10
13446 10
13447 10
13448 51
13449 35
13450 0
13451 45
13452 10
13453 35
13454 59
13455 59
13456 35
13457 10
13458 59
13459 10
13460 23
13461 23
13462 10
13463 35
13464 59
13465 18
13466 10
13467 10
13468 50
13469 35
13470 18
13471 50
13472 10
13473 35
13474 165
13475 15
13476 35
13477 108
13478 35
13479 35
13480 10
13481 35
13482 10
13483 50
13484 10
13485 35
13486 35
13487 35
13488 51
13489 20
13490 59
13491 184
13492 20
13493 10
13494 50
13495 50
13496 20
13497 59
13498 32
13499 35
13500 23
13501 23
13502 35
13503 35
13504 10
13505 18
13506 45
13507 35
13508 59
13509 37
13510 0
13511 35
13512 10
13513 50
13514 23
13515 35
13516 10
13517 190
13518 10
13519 50
13520 18
13521 0
13522 10
13523 10
13524 45
13525 10
13526 35
13527 51
13528 20
13529 10
13530 10
13531 35
13532 59
13533 10
13534 35
13535 18
13536 10
13537 42
13538 10
13539 45
13540 35
13541 18
13542 10
13543 35
13544 0
13545 18
13546 35
13547 45
13548 18
13549 59
13550 35
13551 50
13552 10
13553 35
13554 18
13555 0
13556 10
13557 37
13558 157
13559 157
13560 0
13561 59
13562 51
13563 37
13564 10
13565 10
13566 10
13567 18
13568 35
13569 10
13570 10
13571 51
13572 37
13573 59
13574 10
13575 35
13576 23
13577 161
13578 60
13579 10
13580 51
13581 0
13582 20
13583 35
13584 10
13585 15
13586 23
13587 20
13588 10
13589 50
13590 59
13591 18
13592 10
13593 50
13594 10
13595 37
13596 10
13597 10
13598 59
13599 10
13600 45
13601 59
13602 35
13603 35
13604 45
13605 74
13606 20
13607 35
13608 35
13609 20
13610 23
13611 158
13612 18
13613 42
13614 59
13615 35
13616 18
13617 10
13618 59
13619 35
13620 20
13621 18
13622 18
13623 10
13624 35
13625 15
13626 51
13627 0
13628 0
13629 59
13630 59
13631 10
13632 45
13633 35
13634 35
13635 23
13636 35
13637 35
13638 59
13639 37
13640 35
13641 51
13642 23
13643 45
13644 23
13645 23
13646 121
13647 50
13648 0
13649 0
13650 159
13651 20
13652 10
13653 37
13654 35
13655 37
13656 20
13657 0
13658 45
13659 45
13660 50
13661 42
13662 59
13663 10
13664 18
13665 35
13666 35
13667 45
13668 35
13669 35
13670 23
13671 35
13672 10
13673 10
13674 10
13675 35
13676 35
13677 10
13678 35
13679 23
13680 35
13681 35
13682 59
13683 10
13684 35
13685 35
13686 10
13687 22
13688 0
13689 35
13690 99
13691 35
13692 35
13693 50
13694 10
13695 45
13696 18
13697 45
13698 18
13699 10
13700 0
13701 35
13702 23
13703 23
13704 50
13705 59
13706 35
13707 45
13708 18
13709 35
13710 35
13711 35
13712 35
13713 10
13714 35
13715 20
13716 35
13717 160
13718 20
13719 10
13720 0
13721 59
13722 51
13723 23
13724 50
13725 188
13726 59
13727 35
13728 18
13729 45
13730 51
13731 45
13732 10
13733 59
13734 18
13735 50
13736 23
13737 51
13738 35
13739 35
13740 45
13741 35
13742 216
13743 35
13744 59
13745 23
13746 50
13747 10
13748 50
13749 59
13750 20
13751 10
13752 23
13753 23
13754 23
13755 23
13756 23
13757 0
13758 23
13759 10
13760 35
13761 10
13762 51
13763 10
13764 59
13765 18
13766 10
13767 10
13768 37
13769 45
13770 0
13771 20
13772 35
13773 35
13774 20
13775 50
13776 50
13777 35
13778 45
13779 50
13780 10
13781 37
13782 18
13783 18
13784 35
13785 35
13786 50
13787 35
13788 50
13789 0
13790 35
13791 0
13792 35
13793 10
13794 35
13795 20
13796 35
13797 10
13798 35
13799 10
13800 23
13801 10
13802 10
13803 10
13804 20
13805 10
13806 10
13807 18
13808 10
13809 59
13810 35
13811 50
13812 35
13813 20
13814 59
13815 50
13816 10
13817 35
13818 10
13819 0
13820 35
13821 42
13822 35
13823 35
13824 0
13825 45
13826 59
13827 59
13828 50
13829 50
13830 10
13831 133
13832 35
13833 35
13834 59
13835 10
13836 59
13837 42
13838 10
13839 20
13840 20
13841 59
13842 59
13843 18
13844 35
13845 35
13846 23
13847 59
13848 18
13849 35
13850 161
13851 10
13852 20
13853 51
13854 35
13855 10
13856 35
13857 35
13858 10
13859 198
13860 10
13861 59
13862 23
13863 10
13864 161
13865 10
13866 35
13867 0
13868 35
13869 35
13870 23
13871 59
13872 35
13873 18
13874 59
13875 18
13876 0
13877 50
13878 0
13879 18
13880 35
13881 18
13882 66
13883 37
13884 35
13885 18
13886 35
13887 20
13888 10
13889 35
13890 18
13891 35
13892 0
13893 35
13894 35
13895 35
13896 35
13897 37
13898 10
13899 18
13900 35
13901 23
13902 42
13903 18
13904 42
13905 23
13906 23
13907 10
13908 10
13909 59
13910 10
13911 59
13912 35
13913 45
13914 10
13915 35
13916 35
13917 23
13918 10
13919 0
13920 35
13921 18
13922 135
13923 35
13924 0
13925 20
13926 158
13927 20
13928 35
13929 35
13930 51
13931 37
13932 20
13933 51
13934 20
13935 35
13936 0
13937 23
13938 35
13939 18
13940 23
13941 59
13942 20
13943 59
13944 18
13945 59
13946 51
13947 20
13948 23
13949 10
13950 15
13951 50
13952 35
13953 35
13954 10
13955 161
13956 18
13957 45
13958 35
13959 45
13960 18
13961 99
13962 0
13963 51
13964 10
13965 0
13966 20
13967 59
13968 18
13969 10
13970 59
13971 50
13972 59
13973 10
13974 59
13975 18
13976 10
13977 10
13978 59
13979 45
13980 35
13981 50
13982 59
13983 10
13984 10
13985 10
13986 45
13987 20
13988 10
13989 35
13990 23
13991 10
13992 23
13993 42
13994 23
13995 35
13996 45
13997 10
13998 50
13999 10
14000 23
14001 20
14002 59
14003 10
14004 51
14005 50
14006 10
14007 20
14008 35
14009 0
14010 10
14011 23
14012 35
14013 35
14014 10
14015 10
14016 10
14017 10
14018 20
14019 10
14020 35
14021 35
14022 20
14023 20
14024 50
14025 23
14026 50
14027 10
14028 23
14029 50
14030 150
14031 35
14032 51
14033 35
14034 50
14035 0
14036 35
14037 35
14038 45
14039 35
14040 35
14041 35
14042 20
14043 10
14044 10
14045 35
14046 0
14047 35
14048 10
14049 132
14050 45
14051 35
14052 37
14053 10
14054 59
14055 212
14056 18
14057 59
14058 50
14059 10
14060 10
14061 185
14062 18
14063 51
14064 20
14065 23
14066 42
14067 35
14068 50
14069 18
14070 35
14071 35
14072 0
14073 10
14074 10
14075 50
14076 35
14077 10
14078 10
14079 35
14080 23
14081 10
14082 59
14083 15
14084 59
14085 10
14086 35
14087 35
14088 59
14089 35
14090 10
14091 59
14092 23
14093 50
14094 51
14095 10
14096 23
14097 59
14098 35
14099 23
14100 18
14101 18
14102 18
14103 18
14104 10
14105 50
14106 15
14107 10
14108 35
14109 10
14110 20
14111 20
14112 161
14113 20
14114 23
14115 35
14116 10
14117 50
14118 35
14119 15
14120 20
14121 35
14122 37
14123 18
14124 59
14125 10
14126 10
14127 10
14128 10
14129 59
14130 10
14131 72
14132 20
14133 45
14134 35
14135 35
14136 20
14137 35
14138 10
14139 18
14140 35
14141 35
14142 20
14143 20
14144 35
14145 50
14146 35
14147 50
14148 10
14149 35
14150 45
14151 23
14152 18
14153 18
14154 18
14155 51
14156 35
14157 10
14158 50
14159 23
14160 51
14161 20
14162 35
14163 42
14164 45
14165 10
14166 18
14167 51
14168 37
14169 20
14170 10
14171 59
14172 10
14173 45
14174 35
14175 10
14176 18
14177 35
14178 0
14179 18
14180 81
14181 35
14182 10
14183 42
14184 18
14185 35
14186 59
14187 59
14188 10
14189 35
14190 10
14191 18
14192 45
14193 35
14194 42
14195 20
14196 20
14197 45
14198 35
14199 10
14200 50
14201 35
14202 18
14203 10
14204 15
14205 35
14206 35
14207 161
14208 35
14209 35
14210 35
14211 10
14212 10
14213 35
14214 50
14215 59
14216 162
14217 59
14218 35
14219 45
14220 23
14221 18
14222 35
14223 59
14224 50
14225 51
14226 0
14227 10
14228 23
14229 20
14230 35
14231 35
14232 59
14233 35
14234 10
14235 35
14236 35
14237 59
14238 51
14239 35
14240 35
14241 35
14242 35
14243 35
14244 35
14245 45
14246 107
14247 50
14248 35
14249 59
14250 10
14251 18
14252 37
14253 37
14254 59
14255 35
14256 50
14257 35
14258 10
14259 35
14260 18
14261 10
14262 45
14263 10
14264 59
14265 10
14266 179
14267 23
14268 20
14269 42
14270 18
14271 18
14272 20
14273 10
14274 10
14275 59
14276 23
14277 35
14278 20
14279 162
14280 23
14281 45
14282 20
14283 35
14284 0
14285 35
14286 35
14287 35
14288 45
14289 35
14290 23
14291 10
14292 10
14293 23
14294 59
14295 10
14296 10
14297 10
14298 10
14299 35
14300 35
14301 45
14302 35
14303 20
14304 51
14305 42
14306 59
14307 23
14308 10
14309 0
14310 10
14311 35
14312 20
14313 10
14314 50
14315 59
14316 20
14317 10
14318 10
14319 59
14320 37
14321 35
14322 44
14323 20
14324 59
14325 59
14326 20
14327 0
14328 20
14329 10
14330 105
14331 18
14332 35
14333 10
14334 10
14335 55
14336 51
14337 35
14338 35
14339 20
14340 18
14341 136
14342 35
14343 162
14344 10
14345 59
14346 0
14347 0
14348 10
14349 18
14350 10
14351 10
14352 20
14353 18
14354 50
14355 10
14356 35
14357 35
14358 10
14359 35
14360 10
14361 50
14362 35
14363 35
14364 10
14365 35
14366 0
14367 10
14368 35
14369 35
14370 35
14371 59
14372 18
14373 0
14374 10
14375 10
14376 20
14377 23
14378 10
14379 35
14380 43
14381 20
14382 10
14383 50
14384 15
14385 35
14386 10
14387 23
14388 50
14389 10
14390 10
14391 18
14392 10
14393 10
14394 59
14395 10
14396 23
14397 18
14398 10
14399 10
14400 36
14401 35
14402 10
14403 50
14404 10
14405 35
14406 10
14407 18
14408 20
14409 45
14410 35
14411 35
14412 16
14413 35
14414 10
14415 18
14416 18
14417 18
14418 2
14419 23
14420 35
14421 10
14422 35
14423 37
14424 35
14425 35
14426 10
14427 23
14428 23
14429 162
14430 10
14431 20
14432 35
14433 35
14434 59
14435 10
14436 10
14437 35
14438 37
14439 10
14440 10
14441 50
14442 50
14443 10
14444 35
14445 10
14446 35
14447 35
14448 18
14449 51
14450 35
14451 18
14452 18
14453 35
14454 10
14455 10
14456 35
14457 35
14458 51
14459 0
14460 0
14461 35
14462 0
14463 50
14464 42
14465 20
14466 10
14467 45
14468 35
14469 23
14470 59
14471 35
14472 35
14473 50
14474 35
14475 35
14476 59
14477 45
14478 23
14479 51
14480 18
14481 35
14482 50
14483 10
14484 35
14485 59
14486 10
14487 10
14488 23
14489 20
14490 51
14491 18
14492 18
14493 59
14494 10
14495 35
14496 0
14497 18
14498 10
14499 35
14500 35
14501 42
14502 42
14503 23
14504 18
14505 59
14506 15
14507 42
14508 10
14509 35
14510 18
14511 35
14512 35
14513 59
14514 182
14515 42
14516 59
14517 59
14518 42
14519 45
14520 20
14521 42
14522 42
14523 10
14524 59
14525 59
14526 42
14527 42
14528 42
14529 35
14530 59
14531 50
14532 35
14533 10
14534 35
14535 59
14536 42
14537 59
14538 42
14539 59
14540 23
14541 10
14542 18
14543 37
14544 35
14545 35
14546 35
14547 0
14548 10
14549 59
14550 23
14551 50
14552 50
14553 59
14554 87
14555 51
14556 35
14557 18
14558 50
14559 10
14560 37
14561 45
14562 10
14563 35
14564 35
14565 15
14566 10
14567 10
14568 45
14569 37
14570 35
14571 99
14572 45
14573 35
14574 20
14575 35
14576 35
14577 23
14578 18
14579 35
14580 35
14581 51
14582 18
14583 23
14584 10
14585 10
14586 23
14587 35
14588 35
14589 59
14590 18
14591 23
14592 51
14593 23
14594 10
14595 37
14596 162
14597 59
14598 35
14599 0
14600 35
14601 10
14602 18
14603 59
14604 50
14605 50
14606 50
14607 18
14608 35
14609 45
14610 50
14611 42
14612 18
14613 59
14614 10
14615 10
14616 10
14617 35
14618 20
14619 35
14620 42
14621 37
14622 23
14623 0
14624 20
14625 45
14626 15
14627 23
14628 10
14629 35
14630 35
14631 50
14632 50
14633 23
14634 35
14635 35
14636 35
14637 10
14638 35
14639 10
14640 42
14641 42
14642 10
14643 35
14644 35
14645 35
14646 117
14647 35
14648 10
14649 10
14650 35
14651 10
14652 35
14653 35
14654 35
14655 35
14656 10
14657 35
14658 10
14659 15
14660 45
14661 10
14662 20
14663 50
14664 10
14665 20
14666 35
14667 50
14668 23
14669 35
14670 59
14671 59
14672 35
14673 50
14674 23
14675 35
14676 50
14677 162
14678 50
14679 99
14680 18
14681 35
14682 10
14683 35
14684 10
14685 35
14686 37
14687 35
14688 45
14689 50
14690 37
14691 51
14692 20
14693 59
14694 10
14695 50
14696 23
14697 0
14698 23
14699 45
14700 23
14701 35
14702 45
14703 10
14704 35
14705 50
14706 0
14707 23
14708 35
14709 10
14710 35
14711 59
14712 42
14713 42
14714 59
14715 42
14716 42
14717 10
14718 35
14719 0
14720 51
14721 35
14722 0
14723 42
14724 59
14725 42
14726 59
14727 42
14728 42
14729 163
14730 59
14731 59
14732 59
14733 35
14734 18
14735 10
14736 50
14737 51
14738 51
14739 10
14740 59
14741 20
14742 10
14743 23
14744 20
14745 20
14746 35
14747 35
14748 20
14749 10
14750 23
14751 0
14752 35
14753 35
14754 35
14755 35
14756 35
14757 35
14758 10
14759 35
14760 18
14761 35
14762 23
14763 50
14764 42
14765 20
14766 10
14767 59
14768 59
14769 0
14770 35
14771 35
14772 10
14773 45
14774 35
14775 35
14776 45
14777 10
14778 10
14779 10
14780 50
14781 35
14782 37
14783 45
14784 50
14785 35
14786 35
14787 50
14788 23
14789 23
14790 35
14791 35
14792 0
14793 35
14794 50
14795 50
14796 188
14797 35
14798 10
14799 18
14800 23
14801 37
14802 10
14803 18
14804 50
14805 23
14806 50
14807 35
14808 20
14809 51
14810 59
14811 35
14812 18
14813 10
14814 35
14815 35
14816 50
14817 35
14818 23
14819 35
14820 10
14821 10
14822 23
14823 23
14824 59
14825 23
14826 35
14827 18
14828 151
14829 23
14830 23
14831 15
14832 35
14833 50
14834 35
14835 59
14836 100
14837 59
14838 18
14839 35
14840 10
14841 42
14842 10
14843 10
14844 10
14845 50
14846 20
14847 59
14848 40
14849 10
14850 23
14851 45
14852 35
14853 20
14854 35
14855 35
14856 35
14857 23
14858 35
14859 59
14860 35
14861 10
14862 35
14863 50
14864 10
14865 59
14866 42
14867 59
14868 35
14869 51
14870 50
14871 10
14872 10
14873 10
14874 10
14875 56
14876 59
14877 23
14878 35
14879 10
14880 35
14881 20
14882 10
14883 23
14884 20
14885 35
14886 35
14887 35
14888 10
14889 35
14890 10
14891 10
14892 45
14893 45
14894 42
14895 45
14896 59
14897 37
14898 10
14899 59
14900 37
14901 35
14902 10
14903 10
14904 23
14905 10
14906 20
14907 20
14908 35
14909 15
14910 35
14911 35
14912 18
14913 42
14914 20
14915 20
14916 10
14917 37
14918 35
14919 35
14920 15
14921 18
14922 15
14923 18
14924 10
14925 10
14926 35
14927 18
14928 10
14929 18
14930 45
14931 23
14932 18
14933 18
14934 50
14935 51
14936 35
14937 51
14938 20
14939 10
14940 20
14941 35
14942 35
14943 10
14944 35
14945 0
14946 10
14947 10
14948 10
14949 35
14950 50
14951 35
14952 20
14953 59
14954 59
14955 37
14956 35
14957 35
14958 37
14959 35
14960 35
14961 35
14962 37
14963 59
14964 10
14965 10
14966 35
14967 20
14968 10
14969 35
14970 35
14971 35
14972 10
14973 35
14974 45
14975 0
14976 164
14977 35
14978 35
14979 50
14980 42
14981 18
14982 35
14983 20
14984 23
14985 45
14986 59
14987 59
14988 10
14989 35
14990 59
14991 18
14992 51
14993 35
14994 10
14995 10
14996 50
14997 35
14998 18
14999 35
15000 10
15001 10
15002 20
15003 10
15004 20
15005 10
15006 10
15007 10
15008 35
15009 10
15010 10
15011 50
15012 35
15013 35
15014 35
15015 35
15016 35
15017 42
15018 10
15019 42
15020 42
15021 23
15022 45
15023 50
15024 42
15025 42
15026 45
15027 10
15028 18
15029 10
15030 10
15031 43
15032 35
15033 10
15034 18
15035 35
15036 59
15037 59
15038 50
15039 35
15040 59
15041 35
15042 50
15043 10
15044 18
15045 10
15046 20
15047 20
15048 20
15049 10
15050 10
15051 59
15052 0
15053 35
15054 20
15055 59
15056 10
15057 59
15058 10
15059 10
15060 10
15061 18
15062 10
15063 18
15064 59
15065 37
15066 10
15067 99
15068 35
15069 35
15070 23
15071 45
15072 10
15073 10
15074 59
15075 51
15076 50
15077 50
15078 23
15079 42
15080 59
15081 10
15082 23
15083 50
15084 35
15085 10
15086 35
15087 50
15088 35
15089 23
15090 59
15091 45
15092 10
15093 10
15094 18
15095 35
15096 50
15097 10
15098 45
15099 10
15100 35
15101 35
15102 18
15103 10
15104 42
15105 59
15106 23
15107 59
15108 42
15109 37
15110 35
15111 35
15112 59
15113 10
15114 10
15115 35
15116 35
15117 23
15118 10
15119 35
15120 37
15121 10
15122 50
15123 35
15124 10
15125 32
15126 10
15127 111
15128 50
15129 10
15130 35
15131 35
15132 69
15133 20
15134 20
15135 59
15136 59
15137 42
15138 45
15139 59
15140 50
15141 59
15142 0
15143 18
15144 42
15145 59
15146 42
15147 165
15148 20
15149 50
15150 169
15151 35
15152 10
15153 0
15154 0
15155 59
15156 10
15157 10
15158 45
15159 42
15160 35
15161 20
15162 10
15163 35
15164 10
15165 20
15166 35
15167 23
15168 10
15169 175
15170 0
15171 20
15172 23
15173 59
15174 59
15175 59
15176 35
15177 42
15178 42
15179 35
15180 37
15181 51
15182 35
15183 10
15184 18
15185 59
15186 59
15187 37
15188 35
15189 40
15190 0
15191 10
15192 50
15193 59
15194 23
15195 45
15196 50
15197 50
15198 50
15199 10
15200 42
15201 10
15202 35
15203 10
15204 35
15205 24
15206 20
15207 35
15208 35
15209 35
15210 20
15211 0
15212 45
15213 59
15214 35
15215 10
15216 10
15217 51
15218 10
15219 20
15220 50
15221 45
15222 45
15223 51
15224 10
15225 23
15226 10
15227 0
15228 35
15229 10
15230 42
15231 18
15232 10
15233 103
15234 23
15235 0
15236 10
15237 59
15238 20
15239 10
15240 10
15241 10
15242 35
15243 59
15244 171
15245 10
15246 35
15247 35
15248 59
15249 203
15250 35
15251 10
15252 59
15253 10
15254 20
15255 35
15256 10
15257 45
15258 37
15259 35
15260 10
15261 0
15262 23
15263 35
15264 10
15265 59
15266 10
15267 50
15268 15
15269 59
15270 10
15271 18
15272 20
15273 10
15274 10
15275 37
15276 20
15277 23
15278 10
15279 45
15280 51
15281 15
15282 59
15283 10
15284 10
15285 10
15286 50
15287 45
15288 42
15289 10
15290 45
15291 35
15292 35
15293 23
15294 59
15295 50
15296 10
15297 59
15298 59
15299 20
15300 10
15301 51
15302 59
15303 23
15304 23
15305 42
15306 18
15307 42
15308 51
15309 23
15310 42
15311 42
15312 37
15313 42
15314 42
15315 10
15316 10
15317 50
15318 167
15319 18
15320 59
15321 35
15322 35
15323 10
15324 59
15325 43
15326 42
15327 42
15328 154
15329 42
15330 59
15331 42
15332 42
15333 59
15334 42
15335 42
15336 18
15337 42
15338 20
15339 59
15340 59
15341 42
15342 42
15343 45
15344 42
15345 35
15346 59
15347 42
15348 71
15349 184
15350 23
15351 10
15352 18
15353 0
15354 23
15355 23
15356 45
15357 20
15358 10
15359 59
15360 10
15361 35
15362 42
15363 35
15364 10
15365 10
15366 37
15367 59
15368 166
15369 35
15370 51
15371 23
15372 45
15373 10
15374 35
15375 35
15376 10
15377 15
15378 167
15379 20
15380 50
15381 10
15382 50
15383 50
15384 10
15385 23
15386 45
15387 23
15388 23
15389 45
15390 93
15391 10
15392 35
15393 35
15394 0
15395 10
15396 59
15397 35
15398 50
15399 20
15400 35
15401 37
15402 23
15403 20
15404 20
15405 42
15406 10
15407 18
15408 10
15409 35
15410 10
15411 50
15412 35
15413 35
15414 35
15415 35
15416 35
15417 0
15418 23
15419 35
15420 10
15421 50
15422 50
15423 59
15424 35
15425 45
15426 18
15427 0
15428 168
15429 50
15430 10
15431 42
15432 50
15433 42
15434 50
15435 35
15436 45
15437 35
15438 23
15439 23
15440 59
15441 10
15442 10
15443 59
15444 10
15445 18
15446 35
15447 50
15448 37
15449 50
15450 35
15451 35
15452 10
15453 45
15454 45
15455 10
15456 35
15457 20
15458 35
15459 10
15460 20
15461 23
15462 42
15463 10
15464 168
15465 59
15466 20
15467 50
15468 35
15469 0
15470 10
15471 35
15472 37
15473 35
15474 45
15475 10
15476 50
15477 10
15478 35
15479 20
15480 50
15481 20
15482 10
15483 59
15484 10
15485 42
15486 15
15487 18
15488 59
15489 10
15490 10
15491 20
15492 10
15493 10
15494 18
15495 35
15496 50
15497 18
15498 10
15499 35
15500 42
15501 59
15502 37
15503 23
15504 59
15505 35
15506 37
15507 51
15508 35
15509 35
15510 10
15511 50
15512 0
15513 18
15514 35
15515 35
15516 35
15517 18
15518 23
15519 10
15520 126
15521 10
15522 0
15523 23
15524 0
15525 50
15526 10
15527 10
15528 37
15529 37
15530 5
15531 183
15532 35
15533 50
15534 23
15535 20
15536 50
15537 10
15538 18
15539 35
15540 79
15541 35
15542 59
15543 35
15544 144
15545 45
15546 35
15547 20
15548 10
15549 204
15550 18
15551 20
15552 35
15553 59
15554 0
15555 50
15556 10
15557 37
15558 10
15559 18
15560 35
15561 10
15562 23
15563 10
15564 20
15565 35
15566 10
15567 59
15568 106
15569 20
15570 50
15571 18
15572 10
15573 59
15574 45
15575 10
15576 37
15577 10
15578 45
15579 10
15580 23
15581 20
15582 42
15583 42
15584 20
15585 59
15586 35
15587 23
15588 18
15589 35
15590 35
15591 35
15592 59
15593 35
15594 20
15595 59
15596 20
15597 23
15598 59
15599 51
15600 10
15601 18
15602 35
15603 10
15604 10
15605 18
15606 35
15607 35
15608 18
15609 10
15610 10
15611 59
15612 18
15613 51
15614 10
15615 59
15616 37
15617 10
15618 35
15619 18
15620 10
15621 10
15622 10
15623 18
15624 59
15625 35
15626 10
15627 18
15628 15
15629 35
15630 10
15631 23
15632 59
15633 10
15634 51
15635 18
15636 50
15637 59
15638 173
15639 50
15640 35
15641 50
15642 18
15643 59
15644 35
15645 10
15646 20
15647 10
15648 23
15649 20
15650 35
15651 35
15652 20
15653 59
15654 10
15655 59
15656 10
15657 18
15658 168
15659 42
15660 35
15661 18
15662 10
15663 169
15664 51
15665 35
15666 10
15667 0
15668 35
15669 51
15670 10
15671 10
15672 42
15673 18
15674 10
15675 10
15676 35
15677 50
15678 35
15679 221
15680 10
15681 18
15682 18
15683 42
15684 18
15685 10
15686 20
15687 42
15688 20
15689 35
15690 18
15691 18
15692 18
15693 20
15694 10
15695 35
15696 10
15697 35
15698 73
15699 20
15700 10
15701 50
15702 18
15703 59
15704 51
15705 51
15706 45
15707 35
15708 20
15709 11
15710 170
15711 0
15712 50
15713 59
15714 18
15715 0
15716 18
15717 35
15718 10
15719 23
15720 35
15721 50
15722 35
15723 10
15724 35
15725 35
15726 45
15727 35
15728 59
15729 35
15730 18
15731 20
15732 37
15733 10
15734 23
15735 35
15736 35
15737 59
15738 37
15739 45
15740 35
15741 10
15742 10
15743 18
15744 50
15745 10
15746 10
15747 45
15748 50
15749 42
15750 59
15751 18
15752 20
15753 35
15754 23
15755 42
15756 10
15757 10
15758 50
15759 18
15760 35
15761 18
15762 10
15763 35
15764 10
15765 23
15766 134
15767 18
15768 50
15769 35
15770 20
15771 35
15772 35
15773 10
15774 23
15775 10
15776 42
15777 35
15778 0
15779 42
15780 59
15781 50
15782 35
15783 59
15784 20
15785 35
15786 35
15787 168
15788 10
15789 20
15790 51
15791 42
15792 51
15793 35
15794 20
15795 35
15796 45
15797 51
15798 35
15799 20
15800 18
15801 10
15802 51
15803 35
15804 50
15805 10
15806 18
15807 45
15808 35
15809 18
15810 20
15811 45
15812 0
15813 59
15814 10
15815 35
15816 18
15817 35
15818 35
15819 50
15820 23
15821 35
15822 18
15823 35
15824 37
15825 10
15826 35
15827 18
15828 18
15829 35
15830 45
15831 10
15832 18
15833 10
15834 10
15835 10
15836 35
15837 0
15838 35
15839 35
15840 35
15841 10
15842 10
15843 35
15844 45
15845 59
15846 35
15847 20
15848 15
15849 23
15850 59
15851 10
15852 35
15853 10
15854 10
15855 23
15856 23
15857 10
15858 20
15859 10
15860 50
15861 214
15862 35
15863 35
15864 10
15865 23
15866 20
15867 51
15868 10
15869 37
15870 23
15871 50
15872 0
15873 15
15874 35
15875 10
15876 171
15877 10
15878 10
15879 18
15880 10
15881 35
15882 10
15883 50
15884 10
15885 35
15886 35
15887 35
15888 45
15889 18
15890 50
15891 51
15892 10
15893 35
15894 10
15895 37
15896 10
15897 10
15898 35
15899 20
15900 50
15901 18
15902 45
15903 42
15904 0
15905 10
15906 185
15907 10
15908 20
15909 37
15910 10
15911 45
15912 20
15913 50
15914 10
15915 10
15916 45
15917 20
15918 20
15919 42
15920 50
15921 35
15922 10
15923 18
15924 35
15925 35
15926 23
15927 50
15928 50
15929 35
15930 18
15931 10
15932 35
15933 35
15934 43
15935 23
15936 10
15937 20
15938 10
15939 23
15940 35
15941 59
15942 50
15943 50
15944 10
15945 51
15946 18
15947 10
15948 15
15949 10
15950 35
15951 59
15952 15
15953 18
15954 35
15955 20
15956 50
15957 140
15958 35
15959 74
15960 10
15961 35
15962 15
15963 10
15964 10
15965 35
15966 20
15967 59
15968 35
15969 35
15970 10
15971 59
15972 23
15973 10
15974 10
15975 51
15976 45
15977 23
15978 20
15979 45
15980 10
15981 10
15982 23
15983 19
15984 10
15985 50
15986 18
15987 10
15988 35
15989 10
15990 35
15991 35
15992 42
15993 35
15994 23
15995 35
15996 35
15997 42
15998 10
15999 0
16000 42
16001 71
16002 0
16003 45
16004 35
16005 20
16006 35
16007 23
16008 35
16009 59
16010 59
16011 50
16012 35
16013 50
16014 10
16015 20
16016 23
16017 10
16018 10
16019 42
16020 35
16021 10
16022 206
16023 15
16024 10
16025 20
16026 50
16027 59
16028 35
16029 59
16030 35
16031 20
16032 20
16033 10
16034 42
16035 35
16036 10
16037 15
16038 10
16039 35
16040 18
16041 20
16042 50
16043 59
16044 0
16045 10
16046 10
16047 35
16048 45
16049 140
16050 18
16051 10
16052 0
16053 10
16054 10
16055 35
16056 18
16057 10
16058 10
16059 35
16060 50
16061 20
16062 45
16063 45
16064 45
16065 35
16066 45
16067 23
16068 10
16069 20
16070 10
16071 23
16072 35
16073 51
16074 50
16075 18
16076 10
16077 10
16078 59
16079 10
16080 15
16081 50
16082 20
16083 20
16084 50
16085 51
16086 10
16087 35
16088 10
16089 0
16090 10
16091 0
16092 18
16093 10
16094 10
16095 10
16096 18
16097 18
16098 59
16099 35
16100 42
16101 50
16102 50
16103 103
16104 35
16105 89
16106 10
16107 0
16108 0
16109 180
16110 35
16111 35
16112 35
16113 0
16114 0
16115 23
16116 35
16117 45
16118 59
16119 18
16120 35
16121 45
16122 35
16123 59
16124 23
16125 35
16126 45
16127 10
16128 35
16129 59
16130 35
16131 10
16132 35
16133 50
16134 18
16135 45
16136 35
16137 35
16138 10
16139 10
16140 51
16141 35
16142 35
16143 50
16144 18
16145 18
16146 10
16147 10
16148 18
16149 10
16150 0
16151 18
16152 50
16153 10
16154 10
16155 35
16156 35
16157 35
16158 10
16159 35
16160 35
16161 59
16162 113
16163 158
16164 59
16165 35
16166 42
16167 59
16168 35
16169 59
16170 20
16171 10
16172 23
16173 10
16174 10
16175 35
16176 10
16177 20
16178 83
16179 18
16180 59
16181 35
16182 50
16183 10
16184 0
16185 0
16186 51
16187 23
16188 59
16189 59
16190 0
16191 42
16192 23
16193 10
16194 42
16195 108
16196 59
16197 23
16198 50
16199 10
16200 59
16201 10
16202 42
16203 42
16204 42
16205 42
16206 42
16207 50
16208 59
16209 42
16210 35
16211 10
16212 10
16213 35
16214 35
16215 35
16216 35
16217 10
16218 59
16219 37
16220 10
16221 45
16222 10
16223 59
16224 23
16225 35
16226 59
16227 35
16228 20
16229 37
16230 170
16231 10
16232 35
16233 10
16234 37
16235 23
16236 23
16237 0
16238 10
16239 10
16240 10
16241 35
16242 23
16243 50
16244 10
16245 35
16246 59
16247 37
16248 20
16249 10
16250 51
16251 35
16252 23
16253 59
16254 59
16255 50
16256 42
16257 199
16258 15
16259 0
16260 0
16261 35
16262 0
16263 23
16264 23
16265 59
16266 23
16267 23
16268 0
16269 10
16270 23
16271 10
16272 59
16273 59
16274 10
16275 42
16276 35
16277 50
16278 23
16279 42
16280 59
16281 23
16282 59
16283 42
16284 23
16285 10
16286 59
16287 42
16288 18
16289 20
16290 35
16291 95
16292 20
16293 23
16294 59
16295 45
16296 50
16297 45
16298 23
16299 18
16300 35
16301 59
16302 59
16303 35
16304 18
16305 10
16306 10
16307 23
16308 18
16309 10
16310 37
16311 0
16312 10
16313 10
16314 50
16315 20
16316 50
16317 20
16318 50
16319 18
16320 18
16321 10
16322 10
16323 10
16324 10
16325 59
16326 59
16327 10
16328 42
16329 35
16330 35
16331 10
16332 23
16333 146
16334 10
16335 10
16336 59
16337 171
16338 35
16339 10
16340 35
16341 171
16342 10
16343 37
16344 10
16345 42
16346 35
16347 35
16348 59
16349 160
16350 18
16351 50
16352 20
16353 20
16354 23
16355 42
16356 42
16357 42
16358 35
16359 10
16360 20
16361 23
16362 10
16363 20
16364 18
16365 35
16366 35
16367 35
16368 10
16369 59
16370 42
16371 42
16372 10
16373 215
16374 10
16375 42
16376 0
16377 0
16378 0
16379 23
16380 42
16381 20
16382 23
16383 42
16384 42
16385 42
16386 42
16387 42
16388 35
16389 42
16390 42
16391 42
16392 35
16393 35
16394 23
16395 59
16396 51
16397 50
16398 20
16399 35
16400 42
16401 42
16402 20
16403 42
16404 42
16405 59
16406 10
16407 59
16408 59
16409 42
16410 42
16411 18
16412 59
16413 10
16414 42
16415 18
16416 42
16417 42
16418 59
16419 37
16420 42
16421 18
16422 35
16423 10
16424 35
16425 45
16426 10
16427 42
16428 42
16429 10
16430 50
16431 50
16432 10
16433 35
16434 23
16435 35
16436 10
16437 42
16438 45
16439 42
16440 42
16441 42
16442 59
16443 0
16444 10
16445 50
16446 42
16447 42
16448 42
16449 59
16450 42
16451 50
16452 59
16453 42
16454 35
16455 35
16456 50
16457 0
16458 23
16459 10
16460 59
16461 37
16462 37
16463 20
16464 23
16465 42
16466 35
16467 23
16468 59
16469 59
16470 101
16471 10
16472 45
16473 35
16474 35
16475 37
16476 10
16477 51
16478 18
16479 10
16480 35
16481 15
16482 10
16483 10
16484 35
16485 172
16486 23
16487 10
16488 18
16489 51
16490 23
16491 20
16492 18
16493 35
16494 10
16495 37
16496 185
16497 10
16498 42
16499 35
16500 35
16501 50
16502 18
16503 42
16504 50
16505 23
16506 59
16507 51
16508 59
16509 59
16510 35
16511 59
16512 50
16513 50
16514 18
16515 18
16516 0
16517 18
16518 10
16519 35
16520 42
16521 18
16522 20
16523 10
16524 35
16525 10
16526 10
16527 45
16528 10
16529 45
16530 10
16531 59
16532 10
16533 35
16534 18
16535 51
16536 59
16537 59
16538 35
16539 42
16540 10
16541 10
16542 10
16543 59
16544 59
16545 10
16546 35
16547 20
16548 10
16549 59
16550 59
16551 18
16552 35
16553 42
16554 59
16555 0
16556 35
16557 10
16558 35
16559 20
16560 42
16561 10
16562 10
16563 18
16564 35
16565 50
16566 18
16567 20
16568 35
16569 173
16570 18
16571 59
16572 10
16573 10
16574 35
16575 10
16576 35
16577 50
16578 174
16579 10
16580 10
16581 35
16582 10
16583 10
16584 10
16585 42
16586 42
16587 42
16588 35
16589 59
16590 23
16591 23
16592 10
16593 35
16594 10
16595 18
16596 35
16597 50
16598 23
16599 20
16600 35
16601 35
16602 10
16603 0
16604 10
16605 35
16606 35
16607 10
16608 35
16609 18
16610 35
16611 10
16612 59
16613 10
16614 35
16615 59
16616 18
16617 18
16618 35
16619 10
16620 35
16621 35
16622 20
16623 35
16624 35
16625 42
16626 35
16627 23
16628 70
16629 23
16630 35
16631 59
16632 20
16633 10
16634 51
16635 59
16636 50
16637 50
16638 23
16639 20
16640 10
16641 18
16642 10
16643 35
16644 20
16645 10
16646 35
16647 37
16648 18
16649 35
16650 10
16651 37
16652 10
16653 10
16654 59
16655 59
16656 10
16657 23
16658 20
16659 59
16660 42
16661 20
16662 10
16663 50
16664 23
16665 38
16666 35
16667 35
16668 18
16669 23
16670 10
16671 10
16672 35
16673 50
16674 182
16675 23
16676 35
16677 10
16678 10
16679 10
16680 37
16681 35
16682 10
16683 10
16684 18
16685 20
16686 18
16687 18
16688 35
16689 10
16690 10
16691 23
16692 10
16693 23
16694 37
16695 18
16696 20
16697 10
16698 23
16699 18
16700 59
16701 35
16702 35
16703 35
16704 0
16705 10
16706 51
16707 35
16708 23
16709 20
16710 59
16711 23
16712 18
16713 35
16714 18
16715 23
16716 10
16717 10
16718 35
16719 10
16720 10
16721 10
16722 35
16723 45
16724 18
16725 10
16726 175
16727 15
16728 35
16729 20
16730 45
16731 20
16732 35
16733 35
16734 18
16735 10
16736 10
16737 20
16738 20
16739 35
16740 50
16741 0
16742 35
16743 96
16744 10
16745 162
16746 35
16747 10
16748 18
16749 35
16750 10
16751 18
16752 59
16753 23
16754 10
16755 50
16756 50
16757 35
16758 20
16759 35
16760 23
16761 23
16762 20
16763 10
16764 35
16765 59
16766 175
16767 35
16768 51
16769 59
16770 18
16771 35
16772 0
16773 59
16774 59
16775 35
16776 35
16777 42
16778 10
16779 35
16780 0
16781 23
16782 23
16783 0
16784 10
16785 10
16786 51
16787 23
16788 51
16789 50
16790 18
16791 23
16792 42
16793 59
16794 59
16795 10
16796 23
16797 10
16798 10
16799 23
16800 42
16801 23
16802 59
16803 59
16804 10
16805 177
16806 18
16807 18
16808 10
16809 10
16810 59
16811 10
16812 35
16813 37
16814 35
16815 50
16816 35
16817 23
16818 42
16819 35
16820 176
16821 20
16822 42
16823 42
16824 42
16825 35
16826 18
16827 20
16828 35
16829 35
16830 35
16831 35
16832 50
16833 35
16834 15
16835 35
16836 1
16837 10
16838 0
16839 10
16840 20
16841 10
16842 59
16843 23
16844 23
16845 37
16846 43
16847 35
16848 42
16849 59
16850 42
16851 45
16852 45
16853 23
16854 10
16855 18
16856 35
16857 50
16858 121
16859 50
16860 35
16861 35
16862 51
16863 10
16864 15
16865 35
16866 35
16867 124
16868 35
16869 35
16870 45
16871 10
16872 59
16873 10
16874 50
16875 35
16876 18
16877 42
16878 45
16879 35
16880 59
16881 0
16882 35
16883 42
16884 18
16885 20
16886 0
16887 10
16888 23
16889 59
16890 15
16891 18
16892 10
16893 23
16894 15
16895 0
16896 0
16897 20
16898 23
16899 23
16900 10
16901 128
16902 20
16903 35
16904 59
16905 23
16906 163
16907 18
16908 10
16909 23
16910 10
16911 10
16912 20
16913 23
16914 20
16915 20
16916 50
16917 10
16918 20
16919 168
16920 35
16921 51
16922 59
16923 99
16924 23
16925 105
16926 50
16927 10
16928 45
16929 35
16930 51
16931 10
16932 10
16933 10
16934 35
16935 10
16936 10
16937 10
16938 10
16939 59
16940 10
16941 20
16942 35
16943 177
16944 35
16945 10
16946 50
16947 59
16948 10
16949 35
16950 35
16951 10
16952 10
16953 18
16954 15
16955 59
16956 59
16957 35
16958 35
16959 35
16960 23
16961 59
16962 35
16963 178
16964 23
16965 10
16966 10
16967 10
16968 20
16969 18
16970 45
16971 50
16972 10
16973 50
16974 23
16975 10
16976 23
16977 18
16978 158
16979 50
16980 51
16981 18
16982 51
16983 179
16984 51
16985 35
16986 35
16987 35
16988 172
16989 35
16990 45
16991 35
16992 23
16993 35
16994 35
16995 23
16996 18
16997 42
16998 35
16999 35
17000 23
17001 23
17002 59
17003 35
17004 45
17005 10
17006 10
17007 35
17008 35
17009 10
17010 20
17011 180
17012 18
17013 18
17014 18
17015 35
17016 35
17017 0
17018 10
17019 23
17020 15
17021 181
17022 35
17023 47
17024 42
17025 59
17026 42
17027 59
17028 42
17029 42
17030 23
17031 42
17032 18
17033 42
17034 59
17035 59
17036 42
17037 35
17038 20
17039 59
17040 182
17041 42
17042 59
17043 18
17044 35
17045 35
17046 35
17047 150
17048 10
17049 35
17050 50
17051 59
17052 20
17053 18
17054 35
17055 18
17056 20
17057 10
17058 23
17059 20
17060 59
17061 18
17062 35
17063 10
17064 10
17065 23
17066 37
17067 37
17068 10
17069 59
17070 18
17071 10
17072 169
17073 35
17074 18
17075 18
17076 10
17077 20
17078 10
17079 10
17080 59
17081 59
17082 35
17083 23
17084 42
17085 35
17086 10
17087 10
17088 59
17089 10
17090 35
17091 10
17092 59
17093 10
17094 10
17095 50
17096 35
17097 51
17098 50
17099 10
17100 59
17101 59
17102 35
17103 10
17104 42
17105 35
17106 45
17107 0
17108 35
17109 23
17110 183
17111 59
17112 18
17113 59
17114 59
17115 10
17116 59
17117 168
17118 10
17119 35
17120 18
17121 10
17122 45
17123 51
17124 35
17125 10
17126 18
17127 35
17128 59
17129 10
17130 51
17131 59
17132 51
17133 23
17134 10
17135 51
17136 50
17137 10
17138 42
17139 59
17140 42
17141 42
17142 42
17143 147
17144 50
17145 42
17146 42
17147 42
17148 42
17149 20
17150 10
17151 23
17152 10
17153 10
17154 35
17155 59
17156 20
17157 20
17158 20
17159 10
17160 35
17161 35
17162 35
17163 37
17164 10
17165 10
17166 37
17167 10
17168 35
17169 23
17170 51
17171 20
17172 50
17173 35
17174 23
17175 42
17176 18
17177 51
17178 42
17179 42
17180 10
17181 35
17182 59
17183 10
17184 50
17185 23
17186 10
17187 35
17188 35
17189 35
17190 132
17191 42
17192 20
17193 23
17194 51
17195 59
17196 0
17197 0
17198 50
17199 42
17200 45
17201 20
17202 37
17203 10
17204 20
17205 23
17206 10
17207 23
17208 7
17209 35
17210 99
17211 50
17212 59
17213 23
17214 35
17215 10
17216 35
17217 42
17218 18
17219 35
17220 35
17221 10
17222 35
17223 20
17224 35
17225 42
17226 23
17227 42
17228 145
17229 50
17230 10
17231 51
17232 35
17233 0
17234 50
17235 42
17236 0
17237 35
17238 126
17239 0
17240 10
17241 45
17242 50
17243 10
17244 59
17245 18
17246 18
17247 23
17248 15
17249 35
17250 10
17251 35
17252 23
17253 10
17254 15
17255 50
17256 10
17257 35
17258 59
17259 10
17260 10
17261 23
17262 45
17263 15
17264 51
17265 42
17266 10
17267 18
17268 10
17269 18
17270 35
17271 50
17272 10
17273 51
17274 59
17275 35
17276 50
17277 10
17278 18
17279 35
17280 35
17281 10
17282 20
17283 35
17284 10
17285 23
17286 35
17287 0
17288 10
17289 0
17290 35
17291 35
17292 35
17293 35
17294 51
17295 35
17296 10
17297 18
17298 183
17299 50
17300 10
17301 35
17302 59
17303 23
17304 59
17305 10
17306 10
17307 20
17308 59
17309 18
17310 42
17311 10
17312 10
17313 35
17314 10
17315 103
17316 20
17317 37
17318 10
17319 42
17320 45
17321 42
17322 35
17323 86
17324 35
17325 35
17326 23
17327 35
17328 35
17329 18
17330 10
17331 35
17332 35
17333 0
17334 18
17335 37
17336 10
17337 45
17338 50
17339 35
17340 50
17341 35
17342 35
17343 35
17344 50
17345 45
17346 10
17347 18
17348 51
17349 37
17350 131
17351 23
17352 59
17353 35
17354 10
17355 0
17356 18
17357 10
17358 10
17359 59
17360 10
17361 45
17362 18
17363 0
17364 184
17365 42
17366 10
17367 50
17368 50
17369 45
17370 35
17371 20
17372 35
17373 35
17374 23
17375 10
17376 35
17377 23
17378 42
17379 46
17380 59
17381 0
17382 50
17383 10
17384 50
17385 10
17386 18
17387 10
17388 10
17389 10
17390 10
17391 37
17392 0
17393 18
17394 35
17395 51
17396 23
17397 20
17398 50
17399 10
17400 23
17401 10
17402 35
17403 35
17404 18
17405 35
17406 10
17407 37
17408 0
17409 35
17410 18
17411 35
17412 10
17413 18
17414 10
17415 18
17416 18
17417 45
17418 10
17419 20
17420 51
17421 59
17422 10
17423 35
17424 59
17425 35
17426 10
17427 35
17428 35
17429 35
17430 35
17431 35
17432 20
17433 90
17434 0
17435 0
17436 50
17437 10
17438 10
17439 10
17440 59
17441 50
17442 50
17443 10
17444 0
17445 0
17446 28
17447 35
17448 0
17449 51
17450 20
17451 35
17452 10
17453 37
17454 35
17455 35
17456 35
17457 185
17458 45
17459 45
17460 20
17461 50
17462 35
17463 10
17464 35
17465 20
17466 10
17467 10
17468 18
17469 20
17470 35
17471 10
17472 10
17473 20
17474 10
17475 35
17476 35
17477 18
17478 23
17479 15
17480 10
17481 50
17482 10
17483 18
17484 18
17485 20
17486 35
17487 10
17488 35
17489 35
17490 10
17491 23
17492 35
17493 0
17494 35
17495 50
17496 35
17497 42
17498 0
17499 10
17500 35
17501 50
17502 35
17503 20
17504 50
17505 35
17506 35
17507 35
17508 35
17509 35
17510 35
17511 50
17512 42
17513 35
17514 35
17515 18
17516 23
17517 35
17518 10
17519 10
17520 15
17521 186
17522 23
17523 37
17524 50
17525 10
17526 23
17527 35
17528 50
17529 35
17530 10
17531 10
17532 35
17533 20
17534 10
17535 0
17536 35
17537 59
17538 23
17539 37
17540 121
17541 59
17542 23
17543 23
17544 35
17545 10
17546 20
17547 0
17548 10
17549 23
17550 20
17551 51
17552 23
17553 35
17554 23
17555 35
17556 10
17557 10
17558 51
17559 20
17560 59
17561 35
17562 117
17563 50
17564 59
17565 170
17566 217
17567 18
17568 18
17569 45
17570 155
17571 59
17572 50
17573 35
17574 23
17575 23
17576 10
17577 10
17578 51
17579 51
17580 51
17581 35
17582 77
17583 59
17584 10
17585 59
17586 59
17587 15
17588 23
17589 15
17590 59
17591 10
17592 35
17593 10
17594 35
17595 35
17596 35
17597 35
17598 10
17599 23
17600 50
17601 59
17602 35
17603 35
17604 15
17605 20
17606 18
17607 23
17608 35
17609 23
17610 20
17611 157
17612 18
17613 0
17614 44
17615 51
17616 45
17617 0
17618 18
17619 10
17620 10
17621 35
17622 35
17623 23
17624 50
17625 51
17626 45
17627 20
17628 18
17629 152
17630 18
17631 18
17632 35
17633 35
17634 35
17635 10
17636 35
17637 35
17638 18
17639 45
17640 50
17641 50
17642 59
17643 0
17644 10
17645 51
17646 63
17647 10
17648 120
17649 42
17650 50
17651 0
17652 10
17653 35
17654 10
17655 50
17656 10
17657 20
17658 45
17659 35
17660 59
17661 23
17662 23
17663 59
17664 138
17665 59
17666 45
17667 50
17668 59
17669 59
17670 10
17671 35
17672 10
17673 187
17674 10
17675 23
17676 35
17677 42
17678 42
17679 59
17680 37
17681 10
17682 42
17683 20
17684 35
17685 50
17686 10
17687 112
17688 102
17689 10
17690 50
17691 20
17692 23
17693 10
17694 10
17695 10
17696 10
17697 10
17698 10
17699 10
17700 51
17701 51
17702 23
17703 18
17704 18
17705 20
17706 10
17707 20
17708 59
17709 35
17710 20
17711 10
17712 10
17713 23
17714 23
17715 35
17716 35
17717 20
17718 20
17719 18
17720 10
17721 51
17722 35
17723 10
17724 10
17725 10
17726 35
17727 10
17728 10
17729 23
17730 23
17731 18
17732 18
17733 59
17734 37
17735 35
17736 10
17737 10
17738 10
17739 103
17740 51
17741 23
17742 10
17743 0
17744 50
17745 10
17746 23
17747 35
17748 10
17749 10
17750 35
17751 23
17752 10
17753 10
17754 59
17755 37
17756 10
17757 10
17758 45
17759 10
17760 15
17761 42
17762 10
17763 10
17764 10
17765 10
17766 20
17767 55
17768 59
17769 35
17770 35
17771 35
17772 35
17773 10
17774 35
17775 35
17776 10
17777 35
17778 59
17779 10
17780 166
17781 10
17782 10
17783 10
17784 10
17785 35
17786 37
17787 42
17788 20
17789 59
17790 23
17791 18
17792 10
17793 50
17794 59
17795 42
17796 42
17797 35
17798 59
17799 23
17800 42
17801 23
17802 42
17803 42
17804 42
17805 59
17806 10
17807 20
17808 20
17809 18
17810 20
17811 59
17812 42
17813 133
17814 10
17815 35
17816 10
17817 20
17818 35
17819 35
17820 0
17821 59
17822 23
17823 23
17824 10
17825 23
17826 10
17827 10
17828 10
17829 35
17830 10
17831 35
17832 50
17833 35
17834 10
17835 35
17836 23
17837 10
17838 35
17839 10
17840 20
17841 10
17842 10
17843 35
17844 35
17845 23
17846 35
17847 10
17848 23
17849 59
17850 10
17851 42
17852 10
17853 59
17854 59
17855 10
17856 37
17857 37
17858 50
17859 10
17860 35
17861 35
17862 112
17863 10
17864 35
17865 35
17866 10
17867 18
17868 18
17869 35
17870 15
17871 10
17872 50
17873 35
17874 10
17875 51
17876 10
17877 59
17878 35
17879 10
17880 59
17881 10
17882 10
17883 59
17884 10
17885 5
17886 18
17887 10
17888 59
17889 50
17890 35
17891 35
17892 35
17893 0
17894 10
17895 35
17896 168
17897 18
17898 23
17899 35
17900 35
17901 59
17902 10
17903 23
17904 0
17905 59
17906 37
17907 59
17908 18
17909 50
17910 97
17911 51
17912 103
17913 23
17914 10
17915 10
17916 23
17917 20
17918 10
17919 35
17920 23
17921 10
17922 23
17923 18
17924 10
17925 10
17926 18
17927 35
17928 59
17929 10
17930 35
17931 20
17932 35
17933 10
17934 35
17935 45
17936 35
17937 10
17938 20
17939 18
17940 59
17941 10
17942 35
17943 37
17944 35
17945 0
17946 18
17947 37
17948 35
17949 18
17950 18
17951 35
17952 35
17953 10
17954 0
17955 23
17956 10
17957 35
17958 103
17959 50
17960 45
17961 50
17962 10
17963 10
17964 10
17965 10
17966 23
17967 35
17968 51
17969 37
17970 10
17971 10
17972 23
17973 10
17974 18
17975 42
17976 10
17977 0
17978 35
17979 51
17980 50
17981 35
17982 23
17983 59
17984 10
17985 10
17986 25
17987 35
17988 10
17989 10
17990 10
17991 35
17992 23
17993 18
17994 51
17995 23
17996 10
17997 10
17998 20
17999 23
18000 35
18001 42
18002 50
18003 10
18004 10
18005 23
18006 104
18007 18
18008 35
18009 35
18010 10
18011 10
18012 59
18013 10
18014 18
18015 50
18016 35
18017 0
18018 23
18019 51
18020 35
18021 45
18022 59
18023 50
18024 10
18025 23
18026 45
18027 59
18028 10
18029 45
18030 18
18031 37
18032 20
18033 10
18034 23
18035 51
18036 45
18037 18
18038 50
18039 18
18040 35
18041 20
18042 50
18043 50
18044 10
18045 10
18046 10
18047 23
18048 20
18049 10
18050 10
18051 18
18052 20
18053 133
18054 50
18055 35
18056 59
18057 162
18058 35
18059 20
18060 59
18061 10
18062 42
18063 10
18064 50
18065 37
18066 50
18067 10
18068 59
18069 50
18070 59
18071 50
18072 74
18073 35
18074 10
18075 23
18076 0
18077 20
18078 37
18079 59
18080 18
18081 10
18082 20
18083 59
18084 10
18085 10
18086 10
18087 18
18088 20
18089 10
18090 37
18091 10
18092 20
18093 18
18094 59
18095 10
18096 35
18097 35
18098 10
18099 35
18100 10
18101 10
18102 35
18103 59
18104 10
18105 35
18106 51
18107 35
18108 18
18109 20
18110 10
18111 10
18112 35
18113 35
18114 35
18115 35
18116 20
18117 20
18118 37
18119 50
18120 35
18121 10
18122 20
18123 51
18124 50
18125 50
18126 20
18127 45
18128 10
18129 10
18130 18
18131 50
18132 59
18133 10
18134 23
18135 50
18136 20
18137 18
18138 51
18139 10
18140 10
18141 10
18142 51
18143 10
18144 51
18145 18
18146 10
18147 0
18148 50
18149 10
18150 10
18151 35
18152 15
18153 10
18154 59
18155 10
18156 149
18157 35
18158 10
18159 50
18160 35
18161 0
18162 10
18163 10
18164 23
18165 10
18166 35
18167 35
18168 35
18169 15
18170 0
18171 59
18172 10
18173 50
18174 20
18175 20
18176 20
18177 23
18178 18
18179 51
18180 184
18181 15
18182 59
18183 35
18184 20
18185 125
18186 162
18187 51
18188 10
18189 27
18190 10
18191 18
18192 45
18193 171
18194 35
18195 18
18196 10
18197 35
18198 35
18199 18
18200 10
18201 35
18202 42
18203 59
18204 10
18205 10
18206 115
18207 59
18208 10
18209 23
18210 35
18211 10
18212 35
18213 50
18214 35
18215 10
18216 35
18217 45
18218 35
18219 35
18220 10
18221 50
18222 35
18223 10
18224 23
18225 35
18226 18
18227 51
18228 10
18229 10
18230 23
18231 59
18232 10
18233 10
18234 18
18235 10
18236 35
18237 35
18238 10
18239 10
18240 18
18241 20
18242 10
18243 45
18244 10
18245 10
18246 10
18247 35
18248 42
18249 10
18250 42
18251 10
18252 35
18253 35
18254 10
18255 35
18256 10
18257 35
18258 10
18259 10
18260 37
18261 10
18262 20
18263 23
18264 50
18265 10
18266 10
18267 10
18268 20
18269 182
18270 20
18271 35
18272 42
18273 10
18274 10
18275 10
18276 50
18277 10
18278 18
18279 50
18280 35
18281 10
18282 45
18283 10
18284 18
18285 105
18286 50
18287 45
18288 35
18289 18
18290 18
18291 20
18292 20
18293 10
18294 10
18295 10
18296 10
18297 10
18298 35
18299 23
18300 42
18301 35
18302 20
18303 20
18304 10
18305 59
18306 10
18307 10
18308 10
18309 18
18310 59
18311 59
18312 10
18313 0
18314 20
18315 10
18316 10
18317 10
18318 50
18319 35
18320 45
18321 45
18322 122
18323 10
18324 50
18325 10
18326 35
18327 37
18328 10
18329 42
18330 50
18331 10
18332 10
18333 10
18334 51
18335 10
18336 10
18337 42
18338 18
18339 18
18340 10
18341 42
18342 59
18343 42
18344 59
18345 42
18346 10
18347 163
18348 59
18349 23
18350 23
18351 59
18352 59
18353 10
18354 23
18355 42
18356 23
18357 59
18358 20
18359 35
18360 0
18361 42
18362 59
18363 23
18364 42
18365 59
18366 59
18367 108
18368 42
18369 42
18370 42
18371 59
18372 59
18373 42
18374 59
18375 59
18376 59
18377 42
18378 42
18379 42
18380 42
18381 50
18382 42
18383 20
18384 20
18385 42
18386 59
18387 42
18388 42
18389 42
18390 0
18391 10
18392 10
18393 10
18394 35
18395 15
18396 59
18397 42
18398 42
18399 59
18400 59
18401 10
18402 10
18403 10
18404 37
18405 10
18406 10
18407 59
18408 42
18409 43
18410 50
18411 1
18412 59
18413 37
18414 10
18415 42
18416 18
18417 35
18418 42
18419 50
18420 51
18421 108
18422 51
18423 59
18424 18
18425 10
18426 10
18427 10
18428 35
18429 45
18430 51
18431 23
18432 10
18433 35
18434 59
18435 35
18436 10
18437 45
18438 23
18439 42
18440 42
18441 18
18442 23
18443 59
18444 37
18445 42
18446 42
18447 42
18448 18
18449 42
18450 42
18451 42
18452 35
18453 10
18454 18
18455 23
18456 59
18457 23
18458 10
18459 10
18460 50
18461 42
18462 23
18463 42
18464 10
18465 59
18466 59
18467 18
18468 59
18469 10
18470 42
18471 59
18472 42
18473 42
18474 59
18475 59
18476 42
18477 42
18478 23
18479 42
18480 59
18481 10
18482 10
18483 51
18484 35
18485 45
18486 18
18487 35
18488 10
18489 20
18490 42
18491 45
18492 59
18493 10
18494 18
18495 18
18496 23
18497 20
18498 45
18499 10
18500 45
18501 10
18502 10
18503 109
18504 23
18505 18
18506 10
18507 10
18508 10
18509 37
18510 10
18511 10
18512 42
18513 10
18514 59
18515 15
18516 42
18517 10
18518 42
18519 59
18520 10
18521 20
18522 10
18523 20
18524 35
18525 35
18526 50
18527 59
18528 10
18529 10
18530 35
18531 45
18532 15
18533 20
18534 10
18535 43
18536 178
18537 10
18538 37
18539 10
18540 10
18541 20
18542 20
18543 35
18544 42
18545 35
18546 20
18547 0
18548 45
18549 45
18550 18
18551 10
18552 51
18553 35
18554 0
18555 59
18556 35
18557 35
18558 35
18559 10
18560 148
18561 10
18562 35
18563 59
18564 109
18565 45
18566 35
18567 23
18568 35
18569 18
18570 35
18571 35
18572 35
18573 18
18574 20
18575 35
18576 23
18577 35
18578 45
18579 50
18580 10
18581 18
18582 35
18583 10
18584 59
18585 37
18586 18
18587 165
18588 23
18589 10
18590 10
18591 10
18592 10
18593 45
18594 35
18595 18
18596 35
18597 10
18598 35
18599 51
18600 23
18601 35
18602 10
18603 20
18604 10
18605 35
18606 59
18607 35
18608 10
18609 10
18610 59
18611 10
18612 42
18613 35
18614 59
18615 23
18616 35
18617 23
18618 35
18619 23
18620 35
18621 10
18622 45
18623 35
18624 50
18625 35
18626 35
18627 18
18628 10
18629 10
18630 10
18631 20
18632 42
18633 23
18634 59
18635 59
18636 10
18637 35
18638 10
18639 51
18640 0
18641 18
18642 35
18643 18
18644 37
18645 10
18646 35
18647 10
18648 42
18649 10
18650 45
18651 35
18652 35
18653 18
18654 35
18655 35
18656 18
18657 35
18658 10
18659 59
18660 35
18661 10
18662 23
18663 10
18664 10
18665 59
18666 51
18667 10
18668 20
18669 10
18670 35
18671 18
18672 51
18673 59
18674 10
18675 42
18676 50
18677 20
18678 10
18679 18
18680 10
18681 10
18682 50
18683 35
18684 23
18685 142
18686 35
18687 35
18688 23
18689 23
18690 35
18691 20
18692 35
18693 20
18694 10
18695 20
18696 23
18697 10
18698 15
18699 10
18700 45
18701 35
18702 10
18703 10
18704 20
18705 23
18706 45
18707 51
18708 18
18709 35
18710 15
18711 35
18712 59
18713 50
18714 35
18715 35
18716 50
18717 20
18718 35
18719 10
18720 35
18721 20
18722 18
18723 35
18724 35
18725 23
18726 10
18727 35
18728 20
18729 35
18730 20
18731 10
18732 35
18733 35
18734 23
18735 0
18736 0
18737 35
18738 15
18739 23
18740 20
18741 23
18742 10
18743 10
18744 10
18745 18
18746 207
18747 10
18748 50
18749 18
18750 18
18751 35
18752 35
18753 10
18754 0
18755 42
18756 37
18757 10
18758 35
18759 53
18760 35
18761 144
18762 37
18763 35
18764 35
18765 35
18766 0
18767 20
18768 45
18769 23
18770 59
