609
0 82
1 82
2 82
3 82
4 82
5 82
6 82
7 82
8 82
9 17
10 82
11 82
12 82
13 82
14 82
15 82
16 82
17 82
18 17
19 17
20 82
21 82
22 82
23 82
24 82
25 82
26 82
27 82
28 82
29 82
30 82
31 17
32 82
33 82
34 82
35 82
36 82
37 82
38 82
39 82
40 82
41 82
42 82
43 82
44 4
45 82
46 82
47 82
48 82
49 82
50 82
51 82
52 82
53 82
54 82
55 82
56 82
57 82
58 82
59 82
60 17
61 82
62 17
63 82
64 82
65 4
66 82
67 82
68 82
69 4
70 310
71 41
72 41
73 82
74 82
75 82
76 82
77 17
78 82
79 82
80 82
81 82
82 82
83 82
84 82
85 82
86 82
87 82
88 82
89 82
90 82
91 82
92 82
93 82
94 82
95 17
96 82
97 82
98 176
99 82
100 82
101 82
102 82
103 82
104 17
105 82
106 82
107 82
108 41
109 17
110 82
111 41
112 82
113 82
114 310
115 82
116 17
117 176
118 17
119 82
120 82
121 82
122 310
123 82
124 82
125 82
126 41
127 218
128 56
129 82
130 82
131 82
132 17
133 41
134 17
135 82
136 17
137 17
138 82
139 82
140 41
141 310
142 176
143 82
144 41
145 82
146 41
147 4
148 82
149 82
150 82
151 82
152 82
153 82
154 82
155 82
156 82
157 17
158 82
159 82
160 82
161 82
162 82
163 176
164 41
165 82
166 41
167 82
168 82
169 17
170 82
171 17
172 82
173 17
174 82
175 41
176 82
177 82
178 310
179 82
180 41
181 82
182 82
183 82
184 82
185 82
186 82
187 17
188 17
189 82
190 82
191 82
192 41
193 82
194 17
195 17
196 17
197 17
198 17
199 82
200 41
201 82
202 82
203 41
204 82
205 17
206 17
207 310
208 82
209 82
210 82
211 82
212 33
213 218
214 82
215 82
216 82
217 17
218 17
219 17
220 17
221 17
222 82
223 82
224 17
225 41
226 82
227 17
228 17
229 41
230 17
231 41
232 17
233 41
234 41
235 17
236 17
237 17
238 17
239 82
240 17
241 41
242 82
243 41
244 82
245 17
246 82
247 82
248 82
249 6
250 17
251 17
252 17
253 82
254 41
255 41
256 82
257 17
258 82
259 82
260 17
261 82
262 82
263 17
264 17
265 17
266 82
267 310
268 82
269 17
270 82
271 82
272 82
273 17
274 17
275 82
276 82
277 82
278 82
279 82
280 82
281 41
282 17
283 82
284 218
285 82
286 82
287 82
288 17
289 82
290 82
291 17
292 41
293 41
294 82
295 82
296 310
297 17
298 82
299 41
300 17
301 82
302 82
303 82
304 82
305 82
306 17
307 17
308 17
309 218
310 82
311 82
312 41
313 41
314 41
315 41
316 82
317 17
318 17
319 17
320 82
321 82
322 6
323 82
324 17
325 82
326 17
327 82
328 82
329 41
330 82
331 82
332 82
333 82
334 82
335 41
336 41
337 82
338 310
339 17
340 82
341 17
342 310
343 17
344 41
345 82
346 41
347 41
348 17
349 17
350 82
351 82
352 82
353 17
354 41
355 41
356 82
357 82
358 310
359 82
360 82
361 82
362 82
363 82
364 6
365 82
366 82
367 6
368 17
369 17
370 17
371 17
372 41
373 17
374 17
375 17
376 17
377 82
378 17
379 41
380 17
381 17
382 17
383 41
384 82
385 82
386 17
387 17
388 17
389 17
390 176
391 218
392 82
393 218
394 82
395 84
396 82
397 17
398 41
399 41
400 17
401 17
402 17
403 17
404 17
405 17
406 41
407 17
408 82
409 82
410 82
411 82
412 82
413 17
414 82
415 82
416 41
417 17
418 82
419 84
420 82
421 82
422 82
423 17
424 41
425 41
426 17
427 218
428 82
429 17
430 17
431 82
432 82
433 82
434 310
435 3
436 41
437 17
438 41
439 82
440 82
441 82
442 17
443 218
444 17
445 17
446 41
447 82
448 17
449 82
450 41
451 6
452 17
453 82
454 17
455 17
456 17
457 17
458 17
459 17
460 82
461 82
462 82
463 17
464 17
465 82
466 82
467 310
468 82
469 41
470 17
471 17
472 17
473 17
474 17
475 6
476 17
477 17
478 17
479 17
480 17
481 82
482 17
483 17
484 310
485 17
486 310
487 17
488 17
489 17
490 17
491 17
492 17
493 17
494 6
495 6
496 6
497 6
498 6
499 6
500 17
501 41
502 17
503 17
504 41
505 41
506 17
507 17
508 41
509 17
510 17
511 41
512 17
513 6
514 17
515 82
516 17
517 82
518 17
519 41
520 17
521 17
522 17
523 41
524 6
525 41
526 41
527 17
528 17
529 17
530 58
531 17
532 17
533 17
534 6
535 6
536 6
537 17
538 17
539 17
540 17
541 17
542 6
543 6
544 6
545 6
546 6
547 6
548 17
549 41
550 17
551 17
552 17
553 310
554 17
555 17
556 17
557 41
558 41
559 17
560 6
561 41
562 41
563 41
564 17
565 41
566 41
567 17
568 41
569 17
570 17
571 6
572 82
573 17
574 17
575 41
576 17
577 17
578 218
579 17
580 17
581 17
582 6
583 6
584 41
585 17
586 41
587 17
588 17
589 17
590 6
591 17
592 41
593 41
594 41
595 17
596 6
597 6
598 6
599 6
600 17
601 17
602 17
603 17
604 17
605 17
606 17
607 310
608 17
609 6
610 17
611 82
612 41
613 41
614 41
615 17
616 17
617 41
618 310
619 17
620 17
621 17
622 41
623 6
624 17
625 17
626 82
627 82
628 6
629 6
630 82
631 17
632 17
633 82
634 41
635 17
636 17
637 17
638 41
639 17
640 17
641 17
642 41
643 41
644 17
645 41
646 17
647 218
648 17
649 17
650 41
651 82
652 41
653 41
654 41
655 310
656 17
657 17
658 17
659 82
660 17
661 17
662 17
663 6
664 17
665 6
666 6
667 82
668 82
669 17
670 17
671 17
672 17
673 17
674 17
675 17
676 17
677 82
678 17
679 17
680 41
681 6
682 41
683 17
684 17
685 41
686 82
687 17
688 17
689 6
690 17
691 41
692 17
693 17
694 17
695 17
696 413
697 17
698 17
699 41
700 17
701 6
702 6
703 17
704 17
705 41
706 17
707 218
708 17
709 41
710 17
711 6
712 17
713 17
714 17
715 17
716 17
717 17
718 17
719 17
720 310
721 310
722 6
723 17
724 41
725 6
726 17
727 82
728 17
729 17
730 17
731 6
732 17
733 17
734 17
735 41
736 41
737 41
738 41
739 41
740 17
741 310
742 6
743 17
744 17
745 17
746 6
747 17
748 6
749 41
750 82
751 6
752 17
753 17
754 82
755 17
756 17
757 6
758 17
759 82
760 6
761 6
762 17
763 6
764 82
765 82
766 17
767 6
768 6
769 17
770 17
771 17
772 41
773 41
774 41
775 6
776 17
777 41
778 41
779 17
780 17
781 41
782 17
783 17
784 41
785 6
786 17
787 17
788 85
789 82
790 41
791 310
792 6
793 17
794 41
795 218
796 6
797 41
798 17
799 17
800 17
801 41
802 82
803 17
804 82
805 17
806 82
807 17
808 17
809 41
810 41
811 17
812 41
813 17
814 17
815 17
816 17
817 17
818 17
819 17
820 17
821 82
822 218
823 6
824 82
825 17
826 17
827 17
828 82
829 82
830 17
831 41
832 41
833 6
834 6
835 17
836 41
837 6
838 6
839 17
840 17
841 17
842 17
843 17
844 17
845 41
846 6
847 17
848 17
849 17
850 17
851 17
852 41
853 17
854 17
855 17
856 41
857 41
858 17
859 17
860 6
861 6
862 17
863 17
864 82
865 41
866 82
867 17
868 82
869 82
870 82
871 82
872 82
873 82
874 310
875 82
876 82
877 82
878 17
879 82
880 82
881 82
882 82
883 82
884 82
885 17
886 82
887 82
888 82
889 17
890 17
891 17
892 82
893 17
894 82
895 82
896 82
897 17
898 82
899 82
900 17
901 82
902 82
903 17
904 82
905 82
906 17
907 41
908 82
909 82
910 82
911 82
912 82
913 82
914 82
915 17
916 17
917 17
918 82
919 82
920 17
921 82
922 82
923 17
924 17
925 82
926 82
927 82
928 82
929 17
930 17
931 218
932 17
933 82
934 17
935 82
936 82
937 17
938 82
939 310
940 310
941 82
942 82
943 82
944 82
945 82
946 17
947 4
948 82
949 41
950 17
951 17
952 82
953 82
954 82
955 82
956 82
957 82
958 17
959 82
960 17
961 82
962 82
963 82
964 82
965 82
966 82
967 17
968 17
969 17
970 17
971 17
972 17
973 17
974 17
975 17
976 17
977 17
978 17
979 17
980 17
981 17
982 17
983 17
984 17
985 17
986 17
987 17
988 17
989 17
990 17
991 17
992 17
993 17
994 17
995 17
996 17
997 17
998 17
999 17
1000 17
1001 17
1002 17
1003 17
1004 17
1005 17
1006 17
1007 17
1008 17
1009 17
1010 17
1011 17
1012 17
1013 17
1014 17
1015 17
1016 17
1017 17
1018 41
1019 17
1020 17
1021 17
1022 17
1023 82
1024 82
1025 6
1026 17
1027 17
1028 17
1029 6
1030 17
1031 17
1032 17
1033 17
1034 17
1035 310
1036 17
1037 6
1038 17
1039 82
1040 17
1041 17
1042 17
1043 17
1044 17
1045 17
1046 17
1047 17
1048 17
1049 17
1050 17
1051 6
1052 17
1053 82
1054 17
1055 41
1056 6
1057 6
1058 17
1059 17
1060 17
1061 17
1062 17
1063 17
1064 17
1065 17
1066 17
1067 17
1068 17
1069 17
1070 17
1071 82
1072 17
1073 82
1074 82
1075 82
1076 17
1077 6
1078 17
1079 17
1080 17
1081 17
1082 17
1083 17
1084 17
1085 41
1086 17
1087 17
1088 17
1089 82
1090 17
1091 17
1092 17
1093 17
1094 82
1095 17
1096 6
1097 6
1098 82
1099 82
1100 82
1101 17
1102 17
1103 17
1104 17
1105 82
1106 17
1107 6
1108 310
1109 17
1110 17
1111 17
1112 6
1113 17
1114 17
1115 17
1116 17
1117 82
1118 17
1119 6
1120 6
1121 17
1122 17
1123 17
1124 17
1125 17
1126 17
1127 17
1128 17
1129 17
1130 17
1131 17
1132 17
1133 17
1134 17
1135 17
1136 17
1137 17
1138 310
1139 310
1140 17
1141 82
1142 17
1143 17
1144 17
1145 17
1146 17
1147 17
1148 17
1149 41
1150 17
1151 17
1152 17
1153 82
1154 17
1155 17
1156 17
1157 17
1158 310
1159 41
1160 17
1161 41
1162 17
1163 17
1164 41
1165 17
1166 6
1167 82
1168 82
1169 41
1170 17
1171 310
1172 17
1173 17
1174 17
1175 17
1176 41
1177 41
1178 17
1179 6
1180 17
1181 17
1182 17
1183 41
1184 41
1185 41
1186 17
1187 17
1188 17
1189 17
1190 17
1191 17
1192 41
1193 17
1194 17
1195 17
1196 82
1197 17
1198 41
1199 41
1200 41
1201 17
1202 17
1203 82
1204 17
1205 17
1206 17
1207 17
1208 17
1209 17
1210 82
1211 82
1212 17
1213 17
1214 17
1215 17
1216 17
1217 17
1218 6
1219 17
1220 17
1221 17
1222 17
1223 41
1224 82
1225 17
1226 17
1227 17
1228 17
1229 17
1230 17
1231 41
1232 17
1233 17
1234 17
1235 41
1236 17
1237 17
1238 310
1239 6
1240 17
1241 17
1242 17
1243 82
1244 17
1245 41
1246 17
1247 17
1248 82
1249 41
1250 41
1251 17
1252 17
1253 17
1254 41
1255 17
1256 176
1257 82
1258 176
1259 82
1260 176
1261 176
1262 176
1263 176
1264 176
1265 82
1266 176
1267 176
1268 176
1269 176
1270 4
1271 176
1272 176
1273 176
1274 176
1275 176
1276 41
1277 176
1278 176
1279 176
1280 176
1281 176
1282 176
1283 176
1284 176
1285 176
1286 17
1287 82
1288 41
1289 6
1290 41
1291 6
1292 41
1293 41
1294 41
1295 6
1296 6
1297 17
1298 41
1299 41
1300 6
1301 41
1302 6
1303 41
1304 41
1305 41
1306 6
1307 41
1308 41
1309 41
1310 41
1311 41
1312 41
1313 41
1314 41
1315 41
1316 41
1317 6
1318 41
1319 41
1320 41
1321 41
1322 41
1323 41
1324 41
1325 6
1326 41
1327 41
1328 41
1329 17
1330 41
1331 41
1332 41
1333 41
1334 41
1335 41
1336 6
1337 41
1338 41
1339 41
1340 41
1341 17
1342 17
1343 17
1344 17
1345 17
1346 17
1347 17
1348 17
1349 17
1350 17
1351 17
1352 17
1353 82
1354 17
1355 82
1356 17
1357 17
1358 17
1359 17
1360 17
1361 310
1362 17
1363 82
1364 82
1365 82
1366 17
1367 17
1368 17
1369 82
1370 82
1371 17
1372 17
1373 41
1374 82
1375 17
1376 17
1377 82
1378 82
1379 17
1380 17
1381 17
1382 17
1383 82
1384 310
1385 17
1386 82
1387 82
1388 82
1389 17
1390 17
1391 17
1392 41
1393 82
1394 82
1395 17
1396 17
1397 17
1398 82
1399 17
1400 82
1401 17
1402 82
1403 82
1404 6
1405 82
1406 310
1407 82
1408 17
1409 17
1410 17
1411 310
1412 17
1413 17
1414 82
1415 82
1416 85
1417 82
1418 558
1419 17
1420 17
1421 82
1422 17
1423 17
1424 82
1425 6
1426 6
1427 17
1428 41
1429 41
1430 41
1431 6
1432 82
1433 17
1434 218
1435 82
1436 82
1437 17
1438 17
1439 82
1440 82
1441 17
1442 17
1443 17
1444 82
1445 82
1446 82
1447 17
1448 82
1449 82
1450 82
1451 82
1452 82
1453 17
1454 17
1455 17
1456 82
1457 33
1458 41
1459 17
1460 17
1461 17
1462 82
1463 82
1464 41
1465 17
1466 82
1467 17
1468 82
1469 82
1470 82
1471 17
1472 6
1473 17
1474 82
1475 82
1476 17
1477 17
1478 17
1479 17
1480 82
1481 41
1482 6
1483 17
1484 17
1485 17
1486 82
1487 17
1488 17
1489 82
1490 17
1491 41
1492 17
1493 17
1494 17
1495 17
1496 17
1497 82
1498 17
1499 17
1500 17
1501 82
1502 17
1503 82
1504 17
1505 82
1506 82
1507 82
1508 17
1509 82
1510 17
1511 17
1512 82
1513 17
1514 17
1515 82
1516 82
1517 41
1518 82
1519 17
1520 17
1521 17
1522 82
1523 17
1524 17
1525 82
1526 82
1527 17
1528 17
1529 17
1530 273
1531 41
1532 41
1533 41
1534 82
1535 82
1536 82
1537 82
1538 82
1539 41
1540 82
1541 17
1542 17
1543 17
1544 41
1545 41
1546 41
1547 17
1548 41
1549 41
1550 17
1551 96
1552 82
1553 41
1554 17
1555 41
1556 82
1557 82
1558 17
1559 6
1560 82
1561 82
1562 41
1563 41
1564 82
1565 17
1566 17
1567 41
1568 17
1569 58
1570 17
1571 17
1572 17
1573 68
1574 17
1575 82
1576 82
1577 558
1578 218
1579 17
1580 82
1581 310
1582 82
1583 218
1584 218
1585 17
1586 82
1587 6
1588 33
1589 82
1590 82
1591 82
1592 17
1593 17
1594 17
1595 17
1596 17
1597 17
1598 17
1599 17
1600 82
1601 82
1602 41
1603 82
1604 17
1605 82
1606 82
1607 218
1608 82
1609 17
1610 82
1611 17
1612 41
1613 4
1614 17
1615 82
1616 17
1617 17
1618 17
1619 310
1620 17
1621 6
1622 17
1623 17
1624 6
1625 17
1626 82
1627 82
1628 17
1629 17
1630 82
1631 17
1632 17
1633 17
1634 17
1635 17
1636 82
1637 17
1638 82
1639 41
1640 17
1641 82
1642 4
1643 17
1644 82
1645 41
1646 41
1647 41
1648 82
1649 82
1650 82
1651 6
1652 17
1653 17
1654 17
1655 17
1656 82
1657 17
1658 82
1659 17
1660 17
1661 82
1662 17
1663 82
1664 82
1665 17
1666 82
1667 41
1668 82
1669 82
1670 41
1671 82
1672 17
1673 82
1674 41
1675 17
1676 41
1677 17
1678 41
1679 82
1680 82
1681 82
1682 41
1683 41
1684 82
1685 82
1686 17
1687 82
1688 17
1689 17
1690 82
1691 17
1692 17
1693 82
1694 82
1695 82
1696 17
1697 17
1698 82
1699 82
1700 82
1701 82
1702 82
1703 17
1704 41
1705 82
1706 82
1707 82
1708 17
1709 82
1710 17
1711 17
1712 82
1713 82
1714 17
1715 82
1716 17
1717 17
1718 17
1719 82
1720 17
1721 82
1722 17
1723 82
1724 82
1725 218
1726 82
1727 17
1728 17
1729 41
1730 82
1731 82
1732 82
1733 82
1734 41
1735 41
1736 17
1737 17
1738 41
1739 82
1740 82
1741 82
1742 17
1743 84
1744 17
1745 82
1746 17
1747 17
1748 41
1749 17
1750 82
1751 82
1752 82
1753 82
1754 6
1755 6
1756 82
1757 17
1758 82
1759 41
1760 82
1761 17
1762 17
1763 41
1764 17
1765 17
1766 82
1767 41
1768 82
1769 82
1770 82
1771 17
1772 17
1773 82
1774 82
1775 218
1776 82
1777 84
1778 82
1779 82
1780 82
1781 17
1782 82
1783 310
1784 82
1785 82
1786 82
1787 82
1788 82
1789 82
1790 310
1791 82
1792 82
1793 82
1794 17
1795 82
1796 82
1797 82
1798 82
1799 82
1800 82
1801 82
1802 82
1803 82
1804 82
1805 82
1806 4
1807 17
1808 82
1809 82
1810 4
1811 4
1812 82
1813 17
1814 17
1815 17
1816 17
1817 4
1818 465
1819 17
1820 17
1821 82
1822 218
1823 41
1824 218
1825 218
1826 218
1827 17
1828 17
1829 218
1830 218
1831 17
1832 17
1833 82
1834 17
1835 17
1836 17
1837 17
1838 17
1839 17
1840 17
1841 41
1842 17
1843 17
1844 17
1845 17
1846 17
1847 17
1848 17
1849 82
1850 17
1851 17
1852 17
1853 17
1854 17
1855 17
1856 17
1857 218
1858 17
1859 17
1860 17
1861 17
1862 17
1863 82
1864 218
1865 17
1866 41
1867 17
1868 17
1869 17
1870 17
1871 17
1872 17
1873 82
1874 17
1875 82
1876 17
1877 17
1878 17
1879 17
1880 218
1881 218
1882 82
1883 17
1884 17
1885 17
1886 17
1887 82
1888 82
1889 82
1890 82
1891 82
1892 82
1893 82
1894 82
1895 17
1896 17
1897 17
1898 310
1899 82
1900 82
1901 82
1902 82
1903 82
1904 82
1905 82
1906 17
1907 41
1908 82
1909 82
1910 82
1911 82
1912 82
1913 82
1914 82
1915 82
1916 82
1917 82
1918 82
1919 218
1920 82
1921 82
1922 82
1923 82
1924 82
1925 82
1926 82
1927 310
1928 82
1929 82
1930 82
1931 82
1932 17
1933 310
1934 17
1935 17
1936 82
1937 82
1938 82
1939 82
1940 82
1941 82
1942 82
1943 6
1944 218
1945 82
1946 82
1947 82
1948 4
1949 82
1950 41
1951 310
1952 17
1953 82
1954 82
1955 82
1956 82
1957 82
1958 82
1959 4
1960 82
1961 310
1962 17
1963 82
1964 82
1965 4
1966 17
1967 82
1968 82
1969 82
1970 17
1971 82
1972 82
1973 82
1974 82
1975 310
1976 82
1977 82
1978 82
1979 82
1980 82
1981 41
1982 310
1983 17
1984 82
1985 82
1986 82
1987 82
1988 82
1989 82
1990 218
1991 82
1992 23
1993 82
1994 82
1995 17
1996 17
1997 82
1998 82
1999 82
2000 82
2001 17
2002 82
2003 82
2004 82
2005 82
2006 82
2007 82
2008 41
2009 82
2010 17
2011 17
2012 82
2013 35
2014 82
2015 82
2016 82
2017 82
2018 41
2019 82
2020 82
2021 82
2022 17
2023 82
2024 82
2025 82
2026 82
2027 82
2028 82
2029 82
2030 82
2031 82
2032 82
2033 82
2034 82
2035 82
2036 82
2037 82
2038 4
2039 17
2040 41
2041 17
2042 82
2043 82
2044 4
2045 41
2046 17
2047 82
2048 82
2049 310
2050 310
2051 310
2052 310
2053 310
2054 310
2055 310
2056 310
2057 82
2058 310
2059 310
2060 310
2061 310
2062 310
2063 310
2064 17
2065 310
2066 310
2067 310
2068 310
2069 310
2070 17
2071 310
2072 310
2073 310
2074 310
2075 310
2076 17
2077 17
2078 41
2079 310
2080 310
2081 310
2082 310
2083 6
2084 82
2085 17
2086 82
2087 82
2088 82
2089 82
2090 17
2091 17
2092 6
2093 82
2094 280
2095 82
2096 41
2097 82
2098 82
2099 17
2100 82
2101 310
2102 82
2103 310
2104 82
2105 82
2106 82
2107 310
2108 82
2109 82
2110 17
2111 82
2112 4
2113 82
2114 82
2115 82
2116 17
2117 82
2118 218
2119 82
2120 41
2121 41
2122 41
2123 41
2124 41
2125 82
2126 41
2127 41
2128 41
2129 41
2130 41
2131 41
2132 41
2133 41
2134 41
2135 41
2136 17
2137 41
2138 17
2139 41
2140 41
2141 41
2142 82
2143 41
2144 17
2145 17
2146 41
2147 41
2148 82
2149 41
2150 41
2151 41
2152 41
2153 41
2154 41
2155 41
2156 41
2157 41
2158 41
2159 41
2160 41
2161 41
2162 41
2163 41
2164 41
2165 41
2166 41
2167 41
2168 41
2169 41
2170 41
2171 41
2172 41
2173 41
2174 41
2175 82
2176 17
2177 41
2178 17
2179 41
2180 41
2181 41
2182 41
2183 41
2184 82
2185 41
2186 41
2187 41
2188 41
2189 17
2190 82
2191 41
2192 41
2193 41
2194 41
2195 41
2196 41
2197 41
2198 41
2199 17
2200 41
2201 41
2202 41
2203 41
2204 41
2205 41
2206 41
2207 41
2208 41
2209 41
2210 41
2211 82
2212 41
2213 41
2214 41
2215 41
2216 41
2217 41
2218 41
2219 17
2220 41
2221 41
2222 41
2223 41
2224 41
2225 41
2226 41
2227 41
2228 41
2229 41
2230 41
2231 41
2232 41
2233 41
2234 41
2235 41
2236 41
2237 41
2238 41
2239 41
2240 41
2241 41
2242 41
2243 41
2244 41
2245 41
2246 41
2247 41
2248 41
2249 41
2250 17
2251 17
2252 17
2253 218
2254 17
2255 17
2256 17
2257 17
2258 17
2259 17
2260 17
2261 41
2262 17
2263 41
2264 82
2265 82
2266 82
2267 218
2268 218
2269 41
2270 82
2271 82
2272 41
2273 218
2274 41
2275 82
2276 41
2277 82
2278 41
2279 41
2280 310
2281 310
2282 310
2283 310
2284 310
2285 310
2286 310
2287 310
2288 17
2289 310
2290 310
2291 310
2292 310
2293 310
2294 310
2295 310
2296 310
2297 310
2298 310
2299 310
2300 310
2301 310
2302 310
2303 310
2304 310
2305 310
2306 310
2307 310
2308 310
2309 310
2310 310
2311 310
2312 310
2313 310
2314 310
2315 310
2316 310
2317 310
2318 310
2319 310
2320 310
2321 310
2322 310
2323 310
2324 310
2325 310
2326 310
2327 310
2328 82
2329 310
2330 310
2331 310
2332 310
2333 310
2334 310
2335 82
2336 17
2337 82
2338 310
2339 310
2340 310
2341 310
2342 310
2343 310
2344 310
2345 310
2346 310
2347 310
2348 310
2349 310
2350 17
2351 310
2352 310
2353 310
2354 310
2355 310
2356 310
2357 310
2358 310
2359 310
2360 310
2361 310
2362 310
2363 310
2364 310
2365 310
2366 310
2367 6
2368 41
2369 41
2370 310
2371 310
2372 310
2373 310
2374 310
2375 310
2376 310
2377 82
2378 310
2379 82
2380 310
2381 310
2382 17
2383 310
2384 310
2385 17
2386 310
2387 310
2388 310
2389 82
2390 310
2391 41
2392 82
2393 310
2394 96
2395 310
2396 310
2397 310
2398 17
2399 310
2400 17
2401 310
2402 310
2403 310
2404 310
2405 310
2406 310
2407 310
2408 17
2409 310
2410 310
2411 310
2412 310
2413 17
2414 310
2415 33
2416 310
2417 310
2418 310
2419 17
2420 6
2421 310
2422 310
2423 310
2424 310
2425 310
2426 33
2427 310
2428 41
2429 17
2430 218
2431 310
2432 310
2433 310
2434 310
2435 17
2436 310
2437 310
2438 310
2439 310
2440 310
2441 310
2442 310
2443 310
2444 310
2445 310
2446 310
2447 310
2448 310
2449 218
2450 310
2451 310
2452 310
2453 4
2454 33
2455 310
2456 310
2457 82
2458 82
2459 310
2460 310
2461 310
2462 310
2463 310
2464 310
2465 310
2466 310
2467 310
2468 17
2469 310
2470 82
2471 17
2472 82
2473 82
2474 82
2475 82
2476 82
2477 82
2478 82
2479 82
2480 82
2481 310
2482 82
2483 82
2484 82
2485 17
2486 82
2487 82
2488 82
2489 82
2490 82
2491 82
2492 82
2493 82
2494 82
2495 17
2496 82
2497 82
2498 82
2499 82
2500 82
2501 41
2502 82
2503 82
2504 82
2505 82
2506 82
2507 41
2508 82
2509 17
2510 17
2511 17
2512 17
2513 17
2514 17
2515 17
2516 17
2517 17
2518 17
2519 17
2520 82
2521 82
2522 82
2523 82
2524 82
2525 17
2526 17
2527 82
2528 82
2529 82
2530 82
2531 310
2532 82
2533 17
2534 82
2535 82
2536 82
2537 17
2538 82
2539 82
2540 82
2541 17
2542 82
2543 82
2544 82
2545 6
2546 6
2547 82
2548 310
2549 82
2550 17
2551 82
2552 82
2553 82
2554 17
2555 310
2556 82
2557 82
2558 17
2559 17
2560 82
2561 82
2562 82
2563 82
2564 17
2565 41
2566 41
2567 41
2568 41
2569 41
2570 41
2571 41
2572 41
2573 41
2574 41
2575 218
2576 17
2577 41
2578 41
2579 41
2580 41
2581 41
2582 41
2583 41
2584 41
2585 41
2586 41
2587 41
2588 41
2589 41
2590 17
2591 41
2592 41
2593 17
2594 17
2595 17
2596 41
2597 41
2598 41
2599 41
2600 41
2601 41
2602 41
2603 41
2604 41
2605 41
2606 41
2607 41
2608 41
2609 41
2610 41
2611 41
2612 41
2613 41
2614 41
2615 41
2616 41
2617 41
2618 41
2619 41
2620 41
2621 41
2622 41
2623 218
2624 41
2625 41
2626 41
2627 41
2628 41
2629 41
2630 17
2631 41
2632 41
2633 41
2634 41
2635 41
2636 218
2637 218
2638 218
2639 218
2640 41
2641 17
2642 41
2643 41
2644 41
2645 41
2646 41
2647 41
2648 41
2649 41
2650 41
2651 41
2652 41
2653 41
2654 41
2655 41
2656 41
2657 41
2658 41
2659 41
2660 41
2661 41
2662 41
2663 41
2664 41
2665 41
2666 41
2667 41
2668 41
2669 41
2670 17
2671 17
2672 17
2673 17
2674 17
2675 41
2676 41
2677 41
2678 41
2679 41
2680 41
2681 41
2682 41
2683 41
2684 41
2685 41
2686 41
2687 41
2688 41
2689 41
2690 218
2691 41
2692 41
2693 17
2694 41
2695 41
2696 41
2697 41
2698 41
2699 41
2700 41
2701 41
2702 41
2703 17
2704 41
2705 41
2706 41
2707 41
2708 41
2709 41
2710 41
2711 17
2712 17
2713 17
2714 17
2715 82
2716 82
2717 17
2718 96
2719 33
2720 82
2721 17
2722 17
2723 17
2724 33
2725 33
2726 82
2727 17
2728 82
2729 82
2730 82
2731 82
2732 17
2733 82
2734 17
2735 17
2736 41
2737 82
2738 33
2739 33
2740 17
2741 17
2742 17
2743 17
2744 82
2745 17
2746 41
2747 82
2748 17
2749 17
2750 17
2751 17
2752 310
2753 218
2754 218
2755 218
2756 17
2757 82
2758 17
2759 82
2760 82
2761 82
2762 17
2763 17
2764 17
2765 17
2766 17
2767 17
2768 17
2769 17
2770 17
2771 17
2772 17
2773 41
2774 17
2775 82
2776 41
2777 17
2778 17
2779 17
2780 82
2781 17
2782 17
2783 17
2784 310
2785 310
2786 82
2787 17
2788 218
2789 17
2790 17
2791 17
2792 82
2793 17
2794 17
2795 82
2796 82
2797 82
2798 17
2799 82
2800 17
2801 82
2802 82
2803 82
2804 82
2805 82
2806 82
2807 17
2808 82
2809 82
2810 82
2811 82
2812 82
2813 82
2814 218
2815 82
2816 82
2817 17
2818 41
2819 82
2820 82
2821 82
2822 17
2823 82
2824 82
2825 82
2826 82
2827 82
2828 41
2829 82
2830 82
2831 4
2832 82
2833 82
2834 82
2835 82
2836 82
2837 82
2838 17
2839 82
2840 82
2841 82
2842 82
2843 82
2844 82
2845 82
2846 82
2847 82
2848 82
2849 82
2850 82
2851 82
2852 82
2853 82
2854 310
2855 82
2856 17
2857 310
2858 82
2859 82
2860 17
2861 82
2862 82
2863 82
2864 82
2865 82
2866 82
2867 41
2868 17
2869 82
2870 82
2871 82
2872 82
2873 17
2874 82
2875 17
2876 82
2877 82
2878 17
2879 82
2880 82
2881 82
2882 82
2883 82
2884 82
2885 82
2886 41
2887 82
2888 17
2889 17
2890 41
2891 41
2892 218
2893 82
2894 82
2895 82
2896 82
2897 82
2898 82
2899 82
2900 218
2901 82
2902 82
2903 82
2904 82
2905 82
2906 82
2907 82
2908 82
2909 82
2910 17
2911 82
2912 82
2913 82
2914 82
2915 82
2916 82
2917 82
2918 310
2919 17
2920 17
2921 82
2922 17
2923 82
2924 17
2925 82
2926 82
2927 82
2928 17
2929 17
2930 17
2931 17
2932 17
2933 17
2934 17
2935 17
2936 17
2937 17
2938 17
2939 41
2940 41
2941 17
2942 17
2943 17
2944 310
2945 17
2946 17
2947 218
2948 218
2949 17
2950 17
2951 17
2952 17
2953 17
2954 41
2955 17
2956 17
2957 17
2958 17
2959 17
2960 17
2961 17
2962 17
2963 17
2964 17
2965 17
2966 17
2967 17
2968 17
2969 17
2970 218
2971 17
2972 17
2973 17
2974 17
2975 17
2976 17
2977 17
2978 17
2979 17
2980 17
2981 17
2982 17
2983 17
2984 17
2985 17
2986 17
2987 17
2988 17
2989 17
2990 17
2991 17
2992 17
2993 17
2994 17
2995 82
2996 82
2997 17
2998 82
2999 82
3000 82
3001 82
3002 82
3003 82
3004 82
3005 17
3006 82
3007 17
3008 82
3009 82
3010 82
3011 82
3012 17
3013 82
3014 82
3015 82
3016 82
3017 82
3018 82
3019 82
3020 17
3021 82
3022 82
3023 17
3024 82
3025 82
3026 218
3027 82
3028 82
3029 41
3030 41
3031 41
3032 41
3033 6
3034 527
3035 6
3036 82
3037 6
3038 17
3039 41
3040 41
3041 6
3042 6
3043 6
3044 41
3045 41
3046 41
3047 41
3048 41
3049 41
3050 41
3051 41
3052 41
3053 41
3054 82
3055 41
3056 41
3057 17
3058 17
3059 41
3060 82
3061 41
3062 41
3063 41
3064 17
3065 41
3066 82
3067 41
3068 41
3069 41
3070 41
3071 41
3072 41
3073 41
3074 41
3075 17
3076 17
3077 41
3078 41
3079 41
3080 17
3081 6
3082 6
3083 6
3084 41
3085 41
3086 17
3087 41
3088 41
3089 41
3090 41
3091 6
3092 41
3093 17
3094 41
3095 41
3096 41
3097 41
3098 218
3099 6
3100 6
3101 41
3102 41
3103 17
3104 41
3105 41
3106 41
3107 41
3108 41
3109 41
3110 41
3111 41
3112 41
3113 41
3114 41
3115 17
3116 41
3117 41
3118 41
3119 41
3120 41
3121 41
3122 41
3123 41
3124 41
3125 41
3126 41
3127 218
3128 17
3129 82
3130 41
3131 41
3132 41
3133 41
3134 41
3135 41
3136 41
3137 41
3138 41
3139 41
3140 17
3141 17
3142 41
3143 82
3144 41
3145 41
3146 41
3147 41
3148 41
3149 41
3150 41
3151 41
3152 41
3153 82
3154 41
3155 41
3156 41
3157 41
3158 41
3159 41
3160 41
3161 218
3162 41
3163 41
3164 41
3165 41
3166 41
3167 41
3168 218
3169 41
3170 41
3171 41
3172 41
3173 41
3174 41
3175 41
3176 41
3177 218
3178 41
3179 41
3180 41
3181 17
3182 41
3183 41
3184 41
3185 218
3186 41
3187 82
3188 17
3189 41
3190 41
3191 41
3192 41
3193 41
3194 41
3195 41
3196 41
3197 41
3198 41
3199 41
3200 41
3201 41
3202 41
3203 41
3204 41
3205 6
3206 41
3207 41
3208 17
3209 41
3210 41
3211 41
3212 41
3213 41
3214 41
3215 41
3216 218
3217 218
3218 218
3219 17
3220 41
3221 41
3222 6
3223 41
3224 41
3225 41
3226 41
3227 41
3228 41
3229 41
3230 41
3231 82
3232 41
3233 17
3234 41
3235 17
3236 41
3237 17
3238 41
3239 41
3240 41
3241 41
3242 41
3243 41
3244 17
3245 41
3246 41
3247 17
3248 17
3249 41
3250 41
3251 0
3252 41
3253 0
3254 41
3255 41
3256 17
3257 41
3258 0
3259 0
3260 0
3261 0
3262 41
3263 218
3264 41
3265 41
3266 41
3267 0
3268 41
3269 0
3270 0
3271 17
3272 0
3273 41
3274 41
3275 41
3276 41
3277 41
3278 41
3279 0
3280 0
3281 0
3282 41
3283 0
3284 41
3285 0
3286 41
3287 17
3288 41
3289 0
3290 0
3291 0
3292 41
3293 41
3294 0
3295 0
3296 17
3297 17
3298 17
3299 17
3300 41
3301 41
3302 0
3303 0
3304 0
3305 0
3306 0
3307 17
3308 41
3309 17
3310 218
3311 218
3312 218
3313 0
3314 41
3315 41
3316 41
3317 17
3318 41
3319 41
3320 0
3321 41
3322 41
3323 41
3324 41
3325 41
3326 41
3327 41
3328 41
3329 17
3330 56
3331 0
3332 17
3333 17
3334 41
3335 41
3336 41
3337 41
3338 41
3339 41
3340 17
3341 17
3342 41
3343 212
3344 0
3345 17
3346 0
3347 205
3348 41
3349 17
3350 17
3351 82
3352 0
3353 41
3354 218
3355 41
3356 17
3357 17
3358 17
3359 41
3360 41
3361 0
3362 41
3363 41
3364 0
3365 0
3366 41
3367 0
3368 41
3369 17
3370 17
3371 41
3372 0
3373 0
3374 41
3375 41
3376 17
3377 0
3378 17
3379 41
3380 41
3381 41
3382 41
3383 41
3384 0
3385 41
3386 41
3387 41
3388 41
3389 41
3390 41
3391 41
3392 41
3393 41
3394 17
3395 41
3396 41
3397 41
3398 41
3399 17
3400 0
3401 35
3402 41
3403 41
3404 41
3405 0
3406 41
3407 41
3408 0
3409 41
3410 41
3411 17
3412 17
3413 218
3414 41
3415 17
3416 41
3417 17
3418 0
3419 41
3420 41
3421 17
3422 17
3423 17
3424 17
3425 41
3426 218
3427 17
3428 218
3429 41
3430 0
3431 0
3432 0
3433 41
3434 17
3435 41
3436 41
3437 41
3438 41
3439 41
3440 17
3441 17
3442 17
3443 6
3444 17
3445 0
3446 41
3447 17
3448 17
3449 17
3450 0
3451 41
3452 6
3453 41
3454 0
3455 41
3456 41
3457 17
3458 17
3459 17
3460 17
3461 17
3462 0
3463 41
3464 82
3465 17
3466 0
3467 176
3468 41
3469 41
3470 41
3471 41
3472 41
3473 41
3474 0
3475 41
3476 17
3477 0
3478 17
3479 17
3480 17
3481 41
3482 41
3483 41
3484 41
3485 17
3486 17
3487 17
3488 17
3489 41
3490 41
3491 41
3492 0
3493 41
3494 41
3495 41
3496 41
3497 82
3498 6
3499 17
3500 41
3501 41
3502 41
3503 41
3504 41
3505 41
3506 41
3507 41
3508 41
3509 41
3510 41
3511 0
3512 41
3513 17
3514 0
3515 0
3516 0
3517 41
3518 17
3519 41
3520 17
3521 17
3522 0
3523 41
3524 0
3525 0
3526 41
3527 41
3528 17
3529 17
3530 17
3531 17
3532 41
3533 41
3534 41
3535 17
3536 41
3537 41
3538 41
3539 17
3540 41
3541 17
3542 17
3543 41
3544 17
3545 41
3546 41
3547 41
3548 41
3549 41
3550 0
3551 0
3552 0
3553 0
3554 0
3555 41
3556 41
3557 41
3558 41
3559 41
3560 41
3561 41
3562 41
3563 0
3564 41
3565 218
3566 41
3567 41
3568 17
3569 41
3570 41
3571 41
3572 17
3573 41
3574 17
3575 41
3576 41
3577 41
3578 41
3579 41
3580 0
3581 41
3582 41
3583 41
3584 0
3585 218
3586 41
3587 17
3588 17
3589 41
3590 41
3591 17
3592 41
3593 0
3594 41
3595 17
3596 0
3597 218
3598 41
3599 41
3600 41
3601 17
3602 41
3603 82
3604 218
3605 41
3606 0
3607 0
3608 41
3609 41
3610 41
3611 218
3612 41
3613 0
3614 41
3615 41
3616 41
3617 41
3618 41
3619 41
3620 41
3621 41
3622 41
3623 17
3624 17
3625 17
3626 41
3627 41
3628 41
3629 41
3630 41
3631 17
3632 310
3633 56
3634 41
3635 41
3636 41
3637 41
3638 41
3639 41
3640 41
3641 41
3642 17
3643 41
3644 0
3645 41
3646 41
3647 41
3648 41
3649 68
3650 17
3651 17
3652 41
3653 17
3654 41
3655 17
3656 41
3657 218
3658 41
3659 0
3660 41
3661 17
3662 0
3663 17
3664 41
3665 41
3666 0
3667 41
3668 41
3669 82
3670 17
3671 0
3672 41
3673 0
3674 17
3675 41
3676 41
3677 17
3678 17
3679 17
3680 218
3681 41
3682 17
3683 41
3684 41
3685 41
3686 41
3687 41
3688 41
3689 0
3690 0
3691 41
3692 0
3693 0
3694 41
3695 0
3696 17
3697 0
3698 17
3699 41
3700 41
3701 41
3702 41
3703 41
3704 41
3705 17
3706 41
3707 17
3708 41
3709 41
3710 41
3711 17
3712 17
3713 41
3714 0
3715 17
3716 17
3717 41
3718 41
3719 0
3720 0
3721 0
3722 0
3723 41
3724 41
3725 41
3726 82
3727 41
3728 218
3729 17
3730 41
3731 41
3732 17
3733 0
3734 0
3735 0
3736 17
3737 17
3738 17
3739 17
3740 17
3741 17
3742 218
3743 218
3744 41
3745 0
3746 17
3747 17
3748 41
3749 0
3750 0
3751 41
3752 6
3753 41
3754 41
3755 41
3756 0
3757 41
3758 41
3759 41
3760 17
3761 41
3762 41
3763 0
3764 41
3765 0
3766 0
3767 41
3768 41
3769 41
3770 41
3771 41
3772 41
3773 17
3774 0
3775 41
3776 17
3777 41
3778 41
3779 41
3780 41
3781 41
3782 41
3783 41
3784 41
3785 41
3786 41
3787 41
3788 41
3789 41
3790 17
3791 17
3792 17
3793 41
3794 0
3795 0
3796 17
3797 17
3798 41
3799 41
3800 17
3801 41
3802 0
3803 0
3804 0
3805 41
3806 41
3807 41
3808 17
3809 41
3810 41
3811 0
3812 41
3813 0
3814 17
3815 41
3816 41
3817 41
3818 41
3819 41
3820 33
3821 17
3822 41
3823 0
3824 0
3825 41
3826 218
3827 41
3828 41
3829 223
3830 41
3831 0
3832 41
3833 41
3834 41
3835 41
3836 41
3837 41
3838 41
3839 41
3840 41
3841 17
3842 41
3843 41
3844 68
3845 41
3846 17
3847 41
3848 17
3849 41
3850 41
3851 41
3852 41
3853 41
3854 41
3855 41
3856 41
3857 0
3858 41
3859 218
3860 0
3861 41
3862 41
3863 41
3864 17
3865 41
3866 41
3867 41
3868 0
3869 41
3870 218
3871 17
3872 41
3873 41
3874 41
3875 0
3876 0
3877 0
3878 0
3879 41
3880 17
3881 41
3882 41
3883 41
3884 17
3885 17
3886 41
3887 0
3888 41
3889 41
3890 41
3891 41
3892 41
3893 41
3894 17
3895 17
3896 17
3897 41
3898 219
3899 41
3900 41
3901 41
3902 41
3903 41
3904 41
3905 41
3906 17
3907 41
3908 41
3909 41
3910 41
3911 41
3912 41
3913 41
3914 41
3915 41
3916 41
3917 41
3918 41
3919 17
3920 17
3921 41
3922 41
3923 41
3924 17
3925 41
3926 17
3927 41
3928 41
3929 41
3930 41
3931 41
3932 41
3933 17
3934 41
3935 41
3936 41
3937 41
3938 41
3939 41
3940 41
3941 41
3942 41
3943 17
3944 0
3945 0
3946 0
3947 41
3948 41
3949 41
3950 41
3951 41
3952 41
3953 41
3954 41
3955 41
3956 41
3957 41
3958 41
3959 41
3960 17
3961 41
3962 41
3963 41
3964 41
3965 17
3966 17
3967 0
3968 218
3969 310
3970 41
3971 17
3972 41
3973 0
3974 41
3975 41
3976 41
3977 41
3978 41
3979 41
3980 41
3981 82
3982 0
3983 41
3984 41
3985 41
3986 41
3987 41
3988 41
3989 41
3990 41
3991 41
3992 17
3993 41
3994 41
3995 17
3996 17
3997 41
3998 0
3999 41
4000 41
4001 41
4002 41
4003 41
4004 41
4005 41
4006 41
4007 82
4008 17
4009 41
4010 41
4011 218
4012 41
4013 41
4014 0
4015 0
4016 0
4017 17
4018 0
4019 0
4020 41
4021 41
4022 41
4023 41
4024 41
4025 41
4026 41
4027 17
4028 17
4029 41
4030 41
4031 41
4032 0
4033 17
4034 41
4035 17
4036 41
4037 41
4038 41
4039 41
4040 41
4041 41
4042 33
4043 41
4044 41
4045 41
4046 17
4047 41
4048 41
4049 41
4050 41
4051 41
4052 41
4053 0
4054 17
4055 17
4056 17
4057 41
4058 41
4059 17
4060 218
4061 17
4062 17
4063 17
4064 17
4065 17
4066 17
4067 17
4068 17
4069 84
4070 17
4071 17
4072 17
4073 17
4074 17
4075 17
4076 17
4077 17
4078 17
4079 17
4080 17
4081 17
4082 17
4083 17
4084 17
4085 17
4086 17
4087 17
4088 17
4089 17
4090 17
4091 82
4092 41
4093 17
4094 310
4095 310
4096 82
4097 82
4098 17
4099 82
4100 82
4101 82
4102 82
4103 17
4104 310
4105 82
4106 82
4107 82
4108 82
4109 4
4110 82
4111 82
4112 41
4113 82
4114 310
4115 17
4116 17
4117 17
4118 17
4119 17
4120 17
4121 17
4122 17
4123 17
4124 17
4125 17
4126 17
4127 17
4128 17
4129 17
4130 17
4131 82
4132 218
4133 17
4134 17
4135 17
4136 17
4137 17
4138 82
4139 17
4140 17
4141 17
4142 17
4143 17
4144 310
4145 17
4146 17
4147 41
4148 41
4149 41
4150 41
4151 41
4152 41
4153 41
4154 41
4155 82
4156 41
4157 41
4158 41
4159 41
4160 17
4161 41
4162 17
4163 17
4164 17
4165 41
4166 41
4167 41
4168 82
4169 41
4170 41
4171 17
4172 87
4173 41
4174 41
4175 41
4176 41
4177 41
4178 17
4179 41
4180 17
4181 17
4182 41
4183 41
4184 41
4185 41
4186 41
4187 17
4188 41
4189 218
4190 41
4191 41
4192 41
4193 41
4194 41
4195 17
4196 41
4197 41
4198 41
4199 17
4200 17
4201 17
4202 41
4203 41
4204 17
4205 41
4206 17
4207 41
4208 41
4209 82
4210 218
4211 82
4212 17
4213 17
4214 41
4215 41
4216 41
4217 41
4218 82
4219 82
4220 17
4221 41
4222 41
4223 17
4224 41
4225 41
4226 41
4227 218
4228 17
4229 17
4230 41
4231 17
4232 413
4233 17
4234 17
4235 41
4236 41
4237 17
4238 41
4239 17
4240 41
4241 41
4242 41
4243 82
4244 17
4245 41
4246 41
4247 41
4248 41
4249 41
4250 41
4251 41
4252 41
4253 17
4254 17
4255 41
4256 58
4257 58
4258 58
4259 58
4260 58
4261 58
4262 58
4263 58
4264 58
4265 58
4266 58
4267 58
4268 58
4269 58
4270 58
4271 58
4272 58
4273 58
4274 58
4275 17
4276 17
4277 17
4278 17
4279 310
4280 82
4281 17
4282 17
4283 17
4284 17
4285 17
4286 17
4287 17
4288 41
4289 17
4290 17
4291 17
4292 17
4293 17
4294 41
4295 41
4296 41
4297 41
4298 41
4299 41
4300 41
4301 41
4302 41
4303 41
4304 41
4305 41
4306 41
4307 82
4308 41
4309 41
4310 41
4311 84
4312 41
4313 41
4314 41
4315 41
4316 41
4317 41
4318 41
4319 41
4320 41
4321 41
4322 41
4323 41
4324 41
4325 41
4326 41
4327 41
4328 41
4329 41
4330 41
4331 41
4332 41
4333 41
4334 41
4335 41
4336 41
4337 41
4338 41
4339 41
4340 17
4341 41
4342 41
4343 41
4344 41
4345 41
4346 41
4347 41
4348 41
4349 41
4350 41
4351 17
4352 17
4353 17
4354 17
4355 17
4356 17
4357 17
4358 17
4359 17
4360 82
4361 17
4362 17
4363 17
4364 17
4365 17
4366 17
4367 17
4368 17
4369 17
4370 17
4371 17
4372 17
4373 17
4374 17
4375 17
4376 17
4377 17
4378 17
4379 17
4380 17
4381 17
4382 17
4383 17
4384 17
4385 17
4386 17
4387 17
4388 17
4389 17
4390 17
4391 17
4392 82
4393 310
4394 82
4395 82
4396 82
4397 17
4398 82
4399 310
4400 17
4401 41
4402 82
4403 82
4404 82
4405 218
4406 82
4407 82
4408 82
4409 82
4410 218
4411 82
4412 17
4413 82
4414 33
4415 82
4416 82
4417 82
4418 82
4419 82
4420 82
4421 17
4422 82
4423 82
4424 218
4425 82
4426 218
4427 82
4428 82
4429 82
4430 218
4431 82
4432 82
4433 82
4434 17
4435 82
4436 82
4437 82
4438 82
4439 82
4440 218
4441 82
4442 17
4443 310
4444 82
4445 82
4446 82
4447 41
4448 82
4449 310
4450 310
4451 310
4452 310
4453 310
4454 310
4455 310
4456 310
4457 310
4458 310
4459 310
4460 310
4461 310
4462 310
4463 310
4464 310
4465 310
4466 17
4467 310
4468 310
4469 41
4470 82
4471 82
4472 82
4473 82
4474 41
4475 41
4476 310
4477 310
4478 310
4479 310
4480 17
4481 310
4482 310
4483 17
4484 310
4485 310
4486 17
4487 310
4488 17
4489 17
4490 17
4491 17
4492 17
4493 17
4494 82
4495 17
4496 17
4497 17
4498 17
4499 17
4500 17
4501 17
4502 310
4503 82
4504 17
4505 17
4506 17
4507 17
4508 17
4509 17
4510 17
4511 17
4512 17
4513 17
4514 17
4515 17
4516 17
4517 17
4518 17
4519 17
4520 17
4521 17
4522 17
4523 17
4524 17
4525 17
4526 17
4527 17
4528 17
4529 17
4530 82
4531 17
4532 17
4533 17
4534 17
4535 17
4536 17
4537 17
4538 17
4539 17
4540 17
4541 17
4542 17
4543 17
4544 17
4545 17
4546 17
4547 17
4548 17
4549 17
4550 17
4551 17
4552 17
4553 17
4554 17
4555 17
4556 17
4557 17
4558 17
4559 17
4560 17
4561 17
4562 82
4563 17
4564 17
4565 17
4566 17
4567 17
4568 17
4569 17
4570 17
4571 17
4572 82
4573 17
4574 17
4575 17
4576 17
4577 17
4578 17
4579 17
4580 17
4581 17
4582 82
4583 82
4584 82
4585 82
4586 82
4587 82
4588 82
4589 82
4590 82
4591 82
4592 82
4593 310
4594 310
4595 310
4596 82
4597 310
4598 310
4599 82
4600 41
4601 41
4602 41
4603 82
4604 41
4605 218
4606 218
4607 41
4608 41
4609 41
4610 41
4611 41
4612 41
4613 41
4614 41
4615 41
4616 17
4617 218
4618 218
4619 82
4620 41
4621 1
4622 82
4623 17
4624 41
4625 41
4626 218
4627 41
4628 41
4629 3
4630 2
4631 2
4632 2
4633 2
4634 2
4635 2
4636 2
4637 2
4638 2
4639 4
4640 82
4641 82
4642 17
4643 4
4644 4
4645 4
4646 4
4647 310
4648 82
4649 4
4650 96
4651 4
4652 4
4653 310
4654 82
4655 82
4656 4
4657 82
4658 82
4659 82
4660 17
4661 4
4662 4
4663 4
4664 4
4665 4
4666 82
4667 82
4668 82
4669 4
4670 82
4671 84
4672 96
4673 96
4674 96
4675 82
4676 17
4677 17
4678 17
4679 17
4680 17
4681 17
4682 17
4683 17
4684 17
4685 17
4686 41
4687 82
4688 17
4689 17
4690 17
4691 82
4692 17
4693 17
4694 17
4695 17
4696 17
4697 17
4698 41
4699 17
4700 17
4701 17
4702 17
4703 17
4704 310
4705 17
4706 17
4707 17
4708 17
4709 17
4710 17
4711 17
4712 17
4713 17
4714 17
4715 17
4716 82
4717 17
4718 310
4719 17
4720 17
4721 17
4722 17
4723 218
4724 17
4725 82
4726 82
4727 17
4728 17
4729 17
4730 17
4731 17
4732 17
4733 41
4734 41
4735 218
4736 218
4737 218
4738 17
4739 218
4740 41
4741 218
4742 41
4743 218
4744 218
4745 218
4746 218
4747 218
4748 41
4749 41
4750 41
4751 41
4752 218
4753 218
4754 41
4755 218
4756 218
4757 218
4758 218
4759 218
4760 218
4761 41
4762 41
4763 41
4764 41
4765 41
4766 41
4767 41
4768 41
4769 17
4770 17
4771 41
4772 41
4773 41
4774 41
4775 17
4776 17
4777 17
4778 17
4779 17
4780 41
4781 41
4782 41
4783 41
4784 17
4785 17
4786 41
4787 41
4788 41
4789 41
4790 17
4791 17
4792 82
4793 17
4794 17
4795 17
4796 6
4797 17
4798 41
4799 17
4800 41
4801 82
4802 3
4803 3
4804 3
4805 3
4806 3
4807 3
4808 82
4809 82
4810 17
4811 82
4812 82
4813 17
4814 17
4815 82
4816 17
4817 82
4818 17
4819 82
4820 17
4821 17
4822 17
4823 17
4824 17
4825 82
4826 82
4827 310
4828 82
4829 82
4830 82
4831 17
4832 82
4833 82
4834 82
4835 17
4836 82
4837 82
4838 82
4839 17
4840 17
4841 310
4842 310
4843 17
4844 82
4845 82
4846 82
4847 310
4848 17
4849 17
4850 82
4851 82
4852 82
4853 310
4854 310
4855 310
4856 310
4857 310
4858 310
4859 82
4860 310
4861 82
4862 82
4863 6
4864 6
4865 82
4866 310
4867 82
4868 82
4869 82
4870 82
4871 82
4872 82
4873 82
4874 82
4875 6
4876 41
4877 17
4878 17
4879 17
4880 41
4881 218
4882 17
4883 17
4884 41
4885 17
4886 17
4887 17
4888 17
4889 41
4890 17
4891 82
4892 17
4893 17
4894 17
4895 17
4896 17
4897 17
4898 218
4899 17
4900 17
4901 41
4902 41
4903 82
4904 4
4905 4
4906 82
4907 17
4908 41
4909 41
4910 41
4911 33
4912 82
4913 82
4914 82
4915 82
4916 82
4917 29
4918 82
4919 68
4920 82
4921 82
4922 82
4923 82
4924 17
4925 82
4926 41
4927 82
4928 82
4929 82
4930 82
4931 82
4932 82
4933 82
4934 218
4935 82
4936 33
4937 82
4938 82
4939 82
4940 82
4941 82
4942 82
4943 82
4944 82
4945 17
4946 4
4947 17
4948 82
4949 82
4950 82
4951 82
4952 82
4953 82
4954 82
4955 82
4956 82
4957 82
4958 29
4959 29
4960 41
4961 82
4962 82
4963 82
4964 82
4965 82
4966 82
4967 82
4968 82
4969 82
4970 17
4971 82
4972 33
4973 33
4974 82
4975 82
4976 82
4977 82
4978 82
4979 82
4980 82
4981 82
4982 82
4983 17
4984 82
4985 82
4986 82
4987 82
4988 82
4989 82
4990 82
4991 218
4992 82
4993 82
4994 17
4995 17
4996 82
4997 82
4998 82
4999 82
5000 82
5001 17
5002 82
5003 82
5004 82
5005 82
5006 82
5007 82
5008 82
5009 17
5010 17
5011 82
5012 4
5013 4
5014 4
5015 4
5016 4
5017 4
5018 4
5019 4
5020 176
5021 4
5022 4
5023 17
5024 17
5025 4
5026 4
5027 4
5028 33
5029 96
5030 17
5031 82
5032 82
5033 17
5034 82
5035 82
5036 310
5037 6
5038 41
5039 82
5040 82
5041 310
5042 82
5043 82
5044 82
5045 6
5046 310
5047 82
5048 82
5049 33
5050 33
5051 4
5052 82
5053 82
5054 82
5055 82
5056 82
5057 82
5058 82
5059 82
5060 82
5061 82
5062 310
5063 82
5064 4
5065 116
5066 218
5067 17
5068 310
5069 4
5070 218
5071 6
5072 218
5073 218
5074 41
5075 218
5076 218
5077 82
5078 17
5079 218
5080 218
5081 218
5082 218
5083 218
5084 218
5085 218
5086 218
5087 218
5088 218
5089 218
5090 218
5091 17
5092 218
5093 218
5094 218
5095 218
5096 218
5097 218
5098 218
5099 218
5100 218
5101 218
5102 218
5103 218
5104 41
5105 17
5106 218
5107 218
5108 310
5109 310
5110 17
5111 218
5112 82
5113 218
5114 218
5115 218
5116 17
5117 17
5118 41
5119 218
5120 218
5121 218
5122 218
5123 218
5124 218
5125 218
5126 218
5127 218
5128 218
5129 218
5130 218
5131 17
5132 17
5133 17
5134 17
5135 17
5136 17
5137 17
5138 17
5139 17
5140 84
5141 84
5142 84
5143 84
5144 17
5145 17
5146 17
5147 17
5148 17
5149 17
5150 17
5151 17
5152 6
5153 17
5154 17
5155 17
5156 17
5157 17
5158 82
5159 17
5160 17
5161 17
5162 41
5163 41
5164 17
5165 17
5166 17
5167 17
5168 17
5169 17
5170 17
5171 17
5172 17
5173 17
5174 17
5175 17
5176 17
5177 17
5178 17
5179 17
5180 17
5181 33
5182 33
5183 33
5184 33
5185 33
5186 82
5187 82
5188 17
5189 33
5190 218
5191 218
5192 218
5193 218
5194 218
5195 218
5196 218
5197 218
5198 218
5199 218
5200 176
5201 218
5202 218
5203 218
5204 218
5205 218
5206 218
5207 218
5208 218
5209 17
5210 218
5211 17
5212 218
5213 218
5214 218
5215 218
5216 218
5217 218
5218 218
5219 218
5220 218
5221 218
5222 218
5223 17
5224 218
5225 176
5226 218
5227 218
5228 218
5229 218
5230 17
5231 218
5232 218
5233 218
5234 17
5235 218
5236 218
5237 218
5238 218
5239 310
5240 218
5241 218
5242 176
5243 218
5244 218
5245 218
5246 218
5247 56
5248 218
5249 218
5250 218
5251 218
5252 218
5253 218
5254 218
5255 218
5256 218
5257 17
5258 218
5259 218
5260 218
5261 218
5262 218
5263 218
5264 218
5265 218
5266 218
5267 218
5268 218
5269 218
5270 17
5271 218
5272 218
5273 218
5274 218
5275 218
5276 218
5277 218
5278 218
5279 218
5280 218
5281 218
5282 218
5283 58
5284 218
5285 218
5286 218
5287 218
5288 218
5289 218
5290 218
5291 218
5292 218
5293 218
5294 218
5295 218
5296 218
5297 218
5298 218
5299 218
5300 17
5301 218
5302 41
5303 218
5304 218
5305 218
5306 218
5307 218
5308 218
5309 17
5310 218
5311 218
5312 218
5313 41
5314 17
5315 218
5316 218
5317 218
5318 218
5319 17
5320 176
5321 176
5322 218
5323 218
5324 218
5325 218
5326 218
5327 17
5328 17
5329 218
5330 218
5331 17
5332 218
5333 218
5334 218
5335 41
5336 218
5337 218
5338 218
5339 218
5340 218
5341 218
5342 218
5343 17
5344 176
5345 218
5346 17
5347 218
5348 17
5349 218
5350 218
5351 218
5352 218
5353 218
5354 310
5355 218
5356 17
5357 218
5358 218
5359 218
5360 218
5361 218
5362 6
5363 6
5364 6
5365 218
5366 218
5367 218
5368 218
5369 218
5370 218
5371 218
5372 218
5373 218
5374 218
5375 218
5376 218
5377 218
5378 218
5379 179
5380 218
5381 218
5382 218
5383 218
5384 218
5385 218
5386 218
5387 218
5388 218
5389 218
5390 17
5391 218
5392 218
5393 218
5394 218
5395 218
5396 218
5397 41
5398 218
5399 218
5400 218
5401 218
5402 218
5403 218
5404 218
5405 218
5406 218
5407 218
5408 218
5409 218
5410 218
5411 218
5412 218
5413 218
5414 218
5415 4
5416 218
5417 218
5418 218
5419 218
5420 218
5421 218
5422 218
5423 218
5424 218
5425 41
5426 218
5427 218
5428 218
5429 58
5430 218
5431 17
5432 218
5433 218
5434 218
5435 218
5436 218
5437 218
5438 218
5439 218
5440 218
5441 218
5442 218
5443 58
5444 218
5445 218
5446 218
5447 218
5448 218
5449 218
5450 17
5451 82
5452 218
5453 218
5454 218
5455 218
5456 218
5457 218
5458 218
5459 218
5460 218
5461 218
5462 218
5463 218
5464 17
5465 17
5466 218
5467 17
5468 218
5469 218
5470 218
5471 218
5472 218
5473 218
5474 218
5475 218
5476 218
5477 218
5478 17
5479 218
5480 218
5481 218
5482 17
5483 218
5484 218
5485 17
5486 17
5487 17
5488 17
5489 17
5490 218
5491 218
5492 218
5493 218
5494 17
5495 218
5496 218
5497 218
5498 218
5499 17
5500 17
5501 17
5502 218
5503 176
5504 218
5505 218
5506 218
5507 218
5508 82
5509 82
5510 218
5511 218
5512 82
5513 82
5514 82
5515 82
5516 82
5517 82
5518 82
5519 82
5520 82
5521 82
5522 82
5523 82
5524 82
5525 82
5526 82
5527 218
5528 526
5529 526
5530 82
5531 33
5532 82
5533 82
5534 82
5535 33
5536 17
5537 82
5538 33
5539 82
5540 82
5541 82
5542 82
5543 82
5544 82
5545 82
5546 82
5547 82
5548 82
5549 82
5550 33
5551 310
5552 17
5553 17
5554 33
5555 33
5556 33
5557 33
5558 82
5559 82
5560 82
5561 82
5562 17
5563 82
5564 33
5565 82
5566 82
5567 82
5568 82
5569 82
5570 82
5571 82
5572 82
5573 82
5574 33
5575 82
5576 33
5577 82
5578 228
5579 82
5580 82
5581 82
5582 82
5583 82
5584 82
5585 82
5586 33
5587 33
5588 82
5589 82
5590 82
5591 82
5592 82
5593 33
5594 82
5595 82
5596 82
5597 82
5598 82
5599 82
5600 82
5601 82
5602 82
5603 82
5604 82
5605 82
5606 82
5607 82
5608 82
5609 82
5610 82
5611 82
5612 82
5613 82
5614 82
5615 82
5616 4
5617 82
5618 82
5619 82
5620 82
5621 6
5622 82
5623 82
5624 82
5625 17
5626 82
5627 82
5628 82
5629 41
5630 41
5631 41
5632 6
5633 41
5634 41
5635 41
5636 41
5637 17
5638 17
5639 17
5640 17
5641 17
5642 41
5643 41
5644 41
5645 6
5646 41
5647 41
5648 41
5649 41
5650 41
5651 41
5652 41
5653 41
5654 41
5655 17
5656 17
5657 17
5658 82
5659 17
5660 17
5661 17
5662 17
5663 17
5664 41
5665 41
5666 41
5667 41
5668 41
5669 41
5670 41
5671 41
5672 41
5673 41
5674 82
5675 82
5676 310
5677 218
5678 82
5679 218
5680 218
5681 17
5682 17
5683 17
5684 17
5685 17
5686 17
5687 17
5688 17
5689 17
5690 17
5691 17
5692 41
5693 17
5694 82
5695 6
5696 82
5697 82
5698 82
5699 82
5700 82
5701 17
5702 17
5703 82
5704 17
5705 82
5706 17
5707 17
5708 17
5709 17
5710 17
5711 17
5712 17
5713 82
5714 82
5715 41
5716 41
5717 41
5718 41
5719 41
5720 41
5721 41
5722 176
5723 218
5724 41
5725 41
5726 17
5727 41
5728 82
5729 17
5730 41
5731 41
5732 41
5733 17
5734 41
5735 41
5736 41
5737 218
5738 41
5739 41
5740 41
5741 41
5742 41
5743 41
5744 41
5745 41
5746 41
5747 82
5748 41
5749 41
5750 41
5751 17
5752 17
5753 41
5754 41
5755 41
5756 41
5757 41
5758 41
5759 41
5760 41
5761 17
5762 41
5763 41
5764 41
5765 41
5766 218
5767 41
5768 41
5769 41
5770 82
5771 41
5772 41
5773 41
5774 17
5775 41
5776 82
5777 82
5778 17
5779 17
5780 41
5781 41
5782 17
5783 41
5784 17
5785 17
5786 17
5787 5
5788 5
5789 5
5790 41
5791 41
5792 41
5793 41
5794 41
5795 41
5796 6
5797 41
5798 41
5799 41
5800 17
5801 41
5802 82
5803 41
5804 17
5805 41
5806 41
5807 41
5808 41
5809 41
5810 41
5811 41
5812 41
5813 41
5814 41
5815 41
5816 82
5817 41
5818 41
5819 41
5820 41
5821 41
5822 17
5823 41
5824 41
5825 41
5826 41
5827 41
5828 41
5829 41
5830 292
5831 41
5832 17
5833 17
5834 218
5835 41
5836 17
5837 41
5838 6
5839 102
5840 41
5841 33
5842 41
5843 17
5844 17
5845 41
5846 41
5847 41
5848 41
5849 41
5850 41
5851 41
5852 41
5853 41
5854 58
5855 41
5856 96
5857 96
5858 41
5859 41
5860 41
5861 41
5862 41
5863 108
5864 41
5865 41
5866 41
5867 41
5868 41
5869 41
5870 41
5871 41
5872 17
5873 41
5874 17
5875 17
5876 17
5877 41
5878 41
5879 41
5880 41
5881 17
5882 17
5883 17
5884 41
5885 41
5886 41
5887 82
5888 41
5889 41
5890 41
5891 41
5892 41
5893 41
5894 41
5895 41
5896 17
5897 41
5898 41
5899 41
5900 17
5901 41
5902 17
5903 17
5904 41
5905 41
5906 41
5907 41
5908 41
5909 41
5910 41
5911 310
5912 41
5913 41
5914 41
5915 41
5916 17
5917 17
5918 41
5919 17
5920 17
5921 41
5922 41
5923 17
5924 41
5925 41
5926 41
5927 41
5928 41
5929 41
5930 6
5931 41
5932 41
5933 41
5934 218
5935 292
5936 292
5937 41
5938 41
5939 17
5940 41
5941 41
5942 41
5943 17
5944 41
5945 82
5946 17
5947 82
5948 82
5949 17
5950 17
5951 82
5952 17
5953 310
5954 17
5955 17
5956 310
5957 310
5958 310
5959 310
5960 17
5961 310
5962 310
5963 17
5964 56
5965 6
5966 82
5967 82
5968 4
5969 310
5970 17
5971 17
5972 17
5973 17
5974 17
5975 6
5976 17
5977 17
5978 17
5979 17
5980 17
5981 17
5982 17
5983 17
5984 17
5985 17
5986 17
5987 17
5988 17
5989 17
5990 17
5991 17
5992 17
5993 17
5994 17
5995 17
5996 17
5997 17
5998 17
5999 17
6000 17
6001 17
6002 17
6003 17
6004 17
6005 17
6006 17
6007 17
6008 118
6009 17
6010 17
6011 17
6012 17
6013 17
6014 17
6015 17
6016 17
6017 17
6018 17
6019 17
6020 17
6021 17
6022 17
6023 17
6024 17
6025 17
6026 17
6027 17
6028 17
6029 17
6030 17
6031 17
6032 17
6033 17
6034 17
6035 17
6036 17
6037 17
6038 17
6039 82
6040 17
6041 17
6042 17
6043 17
6044 17
6045 17
6046 17
6047 17
6048 17
6049 17
6050 17
6051 17
6052 17
6053 17
6054 17
6055 17
6056 17
6057 17
6058 17
6059 17
6060 17
6061 17
6062 17
6063 17
6064 17
6065 17
6066 17
6067 82
6068 17
6069 17
6070 17
6071 17
6072 17
6073 17
6074 17
6075 17
6076 68
6077 17
6078 17
6079 17
6080 17
6081 17
6082 17
6083 17
6084 68
6085 17
6086 17
6087 17
6088 17
6089 17
6090 17
6091 17
6092 17
6093 17
6094 17
6095 17
6096 17
6097 17
6098 17
6099 17
6100 17
6101 17
6102 17
6103 17
6104 17
6105 17
6106 17
6107 17
6108 17
6109 17
6110 17
6111 17
6112 17
6113 17
6114 41
6115 17
6116 17
6117 17
6118 17
6119 17
6120 17
6121 17
6122 17
6123 17
6124 17
6125 68
6126 17
6127 17
6128 17
6129 17
6130 17
6131 17
6132 17
6133 17
6134 82
6135 17
6136 17
6137 17
6138 17
6139 17
6140 17
6141 17
6142 17
6143 68
6144 17
6145 17
6146 17
6147 17
6148 118
6149 17
6150 17
6151 17
6152 17
6153 17
6154 17
6155 17
6156 310
6157 17
6158 17
6159 17
6160 17
6161 17
6162 17
6163 17
6164 17
6165 17
6166 17
6167 17
6168 17
6169 17
6170 17
6171 17
6172 17
6173 17
6174 17
6175 17
6176 17
6177 17
6178 17
6179 17
6180 17
6181 17
6182 17
6183 17
6184 17
6185 17
6186 17
6187 17
6188 17
6189 17
6190 17
6191 17
6192 17
6193 17
6194 17
6195 17
6196 118
6197 17
6198 41
6199 17
6200 17
6201 17
6202 17
6203 82
6204 17
6205 17
6206 17
6207 17
6208 17
6209 17
6210 17
6211 17
6212 17
6213 17
6214 17
6215 17
6216 17
6217 17
6218 17
6219 17
6220 17
6221 17
6222 17
6223 17
6224 17
6225 17
6226 17
6227 17
6228 17
6229 17
6230 68
6231 68
6232 17
6233 17
6234 17
6235 17
6236 17
6237 17
6238 17
6239 17
6240 17
6241 17
6242 17
6243 68
6244 17
6245 17
6246 17
6247 17
6248 17
6249 17
6250 17
6251 17
6252 17
6253 41
6254 17
6255 17
6256 17
6257 17
6258 17
6259 17
6260 17
6261 17
6262 17
6263 17
6264 17
6265 17
6266 17
6267 17
6268 17
6269 17
6270 17
6271 17
6272 17
6273 17
6274 17
6275 17
6276 17
6277 17
6278 17
6279 6
6280 17
6281 17
6282 17
6283 17
6284 17
6285 17
6286 17
6287 17
6288 17
6289 17
6290 17
6291 17
6292 17
6293 17
6294 17
6295 17
6296 17
6297 17
6298 17
6299 17
6300 17
6301 17
6302 17
6303 17
6304 17
6305 17
6306 17
6307 17
6308 17
6309 17
6310 17
6311 17
6312 17
6313 17
6314 17
6315 17
6316 17
6317 17
6318 17
6319 17
6320 68
6321 17
6322 17
6323 17
6324 17
6325 17
6326 17
6327 17
6328 17
6329 118
6330 118
6331 118
6332 17
6333 17
6334 17
6335 17
6336 17
6337 17
6338 17
6339 41
6340 41
6341 17
6342 310
6343 17
6344 17
6345 17
6346 17
6347 17
6348 17
6349 17
6350 17
6351 17
6352 17
6353 17
6354 17
6355 17
6356 17
6357 17
6358 17
6359 41
6360 17
6361 17
6362 17
6363 17
6364 17
6365 17
6366 17
6367 82
6368 17
6369 17
6370 17
6371 17
6372 17
6373 17
6374 17
6375 17
6376 17
6377 17
6378 17
6379 17
6380 218
6381 218
6382 17
6383 17
6384 17
6385 17
6386 17
6387 17
6388 17
6389 17
6390 4
6391 17
6392 82
6393 17
6394 84
6395 17
6396 17
6397 17
6398 310
6399 17
6400 17
6401 17
6402 17
6403 17
6404 68
6405 68
6406 17
6407 17
6408 17
6409 17
6410 17
6411 17
6412 17
6413 103
6414 17
6415 17
6416 17
6417 17
6418 17
6419 17
6420 68
6421 17
6422 17
6423 17
6424 68
6425 68
6426 17
6427 17
6428 17
6429 17
6430 17
6431 17
6432 17
6433 17
6434 17
6435 17
6436 17
6437 17
6438 17
6439 41
6440 17
6441 17
6442 17
6443 17
6444 17
6445 17
6446 17
6447 17
6448 17
6449 17
6450 17
6451 17
6452 17
6453 41
6454 17
6455 17
6456 17
6457 17
6458 17
6459 17
6460 17
6461 17
6462 17
6463 17
6464 17
6465 17
6466 68
6467 17
6468 17
6469 17
6470 68
6471 17
6472 17
6473 17
6474 17
6475 17
6476 17
6477 17
6478 68
6479 17
6480 218
6481 17
6482 17
6483 17
6484 17
6485 17
6486 17
6487 17
6488 17
6489 17
6490 17
6491 17
6492 17
6493 68
6494 17
6495 17
6496 17
6497 17
6498 17
6499 17
6500 17
6501 17
6502 17
6503 17
6504 17
6505 17
6506 17
6507 17
6508 17
6509 17
6510 17
6511 17
6512 17
6513 17
6514 17
6515 17
6516 17
6517 17
6518 310
6519 17
6520 17
6521 17
6522 17
6523 17
6524 17
6525 17
6526 17
6527 17
6528 17
6529 118
6530 17
6531 90
6532 17
6533 17
6534 17
6535 17
6536 17
6537 17
6538 17
6539 17
6540 82
6541 82
6542 82
6543 82
6544 82
6545 6
6546 6
6547 82
6548 82
6549 82
6550 82
6551 82
6552 82
6553 82
6554 82
6555 82
6556 82
6557 82
6558 82
6559 82
6560 218
6561 82
6562 82
6563 82
6564 310
6565 17
6566 82
6567 41
6568 82
6569 82
6570 41
6571 82
6572 82
6573 82
6574 82
6575 82
6576 82
6577 82
6578 82
6579 82
6580 82
6581 17
6582 17
6583 82
6584 82
6585 82
6586 82
6587 17
6588 82
6589 82
6590 41
6591 17
6592 82
6593 82
6594 4
6595 82
6596 41
6597 17
6598 17
6599 17
6600 17
6601 17
6602 17
6603 82
6604 82
6605 82
6606 17
6607 82
6608 82
6609 82
6610 82
6611 82
6612 82
6613 6
6614 82
6615 41
6616 4
6617 82
6618 17
6619 82
6620 82
6621 82
6622 82
6623 17
6624 82
6625 82
6626 82
6627 17
6628 17
6629 17
6630 82
6631 82
6632 82
6633 82
6634 17
6635 17
6636 17
6637 82
6638 82
6639 82
6640 82
6641 82
6642 82
6643 82
6644 82
6645 82
6646 218
6647 82
6648 82
6649 82
6650 82
6651 82
6652 82
6653 17
6654 17
6655 82
6656 218
6657 82
6658 82
6659 17
6660 17
6661 17
6662 82
6663 218
6664 82
6665 17
6666 17
6667 82
6668 82
6669 41
6670 41
6671 82
6672 82
6673 41
6674 310
6675 17
6676 82
6677 310
6678 310
6679 82
6680 82
6681 310
6682 82
6683 82
6684 33
6685 82
6686 82
6687 82
6688 82
6689 82
6690 82
6691 82
6692 82
6693 82
6694 6
6695 82
6696 310
6697 310
6698 310
6699 82
6700 82
6701 82
6702 82
6703 82
6704 82
6705 82
6706 82
6707 82
6708 310
6709 82
6710 82
6711 82
6712 82
6713 82
6714 82
6715 310
6716 82
6717 82
6718 82
6719 17
6720 82
6721 82
6722 310
6723 82
6724 82
6725 82
6726 310
6727 82
6728 82
6729 82
6730 82
6731 82
6732 82
6733 82
6734 17
6735 17
6736 82
6737 82
6738 17
6739 82
6740 310
6741 82
6742 82
6743 310
6744 41
6745 310
6746 310
6747 82
6748 82
6749 82
6750 82
6751 82
6752 82
6753 82
6754 218
6755 82
6756 310
6757 310
6758 41
6759 82
6760 82
6761 310
6762 82
6763 41
6764 82
6765 82
6766 82
6767 82
6768 82
6769 82
6770 82
6771 82
6772 82
6773 82
6774 82
6775 82
6776 82
6777 82
6778 82
6779 82
6780 82
6781 82
6782 17
6783 17
6784 17
6785 41
6786 41
6787 82
6788 84
6789 84
6790 84
6791 17
6792 17
6793 17
6794 6
6795 17
6796 17
6797 41
6798 82
6799 17
6800 17
6801 6
6802 6
6803 41
6804 84
6805 84
6806 17
6807 17
6808 17
6809 41
6810 41
6811 413
6812 41
6813 41
6814 41
6815 6
6816 17
6817 17
6818 82
6819 6
6820 17
6821 41
6822 41
6823 41
6824 41
6825 17
6826 82
6827 82
6828 310
6829 17
6830 82
6831 17
6832 6
6833 82
6834 82
6835 218
6836 310
6837 17
6838 218
6839 84
6840 17
6841 84
6842 84
6843 84
6844 218
6845 6
6846 310
6847 84
6848 84
6849 84
6850 84
6851 17
6852 17
6853 84
6854 82
6855 84
6856 84
6857 17
6858 84
6859 84
6860 218
6861 17
6862 17
6863 82
6864 82
6865 82
6866 82
6867 82
6868 82
6869 82
6870 82
6871 82
6872 82
6873 82
6874 82
6875 82
6876 82
6877 17
6878 82
6879 82
6880 17
6881 17
6882 17
6883 17
6884 17
6885 17
6886 82
6887 17
6888 218
6889 4
6890 17
6891 17
6892 218
6893 218
6894 218
6895 218
6896 17
6897 218
6898 218
6899 4
6900 4
6901 4
6902 4
6903 4
6904 218
6905 82
6906 218
6907 218
6908 218
6909 218
6910 218
6911 17
6912 218
6913 17
6914 4
6915 218
6916 218
6917 218
6918 218
6919 218
6920 218
6921 218
6922 218
6923 218
6924 4
6925 218
6926 218
6927 4
6928 4
6929 4
6930 218
6931 218
6932 218
6933 218
6934 218
6935 218
6936 218
6937 218
6938 218
6939 218
6940 218
6941 17
6942 17
6943 218
6944 4
6945 218
6946 4
6947 4
6948 218
6949 218
6950 4
6951 4
6952 4
6953 218
6954 17
6955 218
6956 17
6957 218
6958 218
6959 218
6960 17
6961 218
6962 4
6963 218
6964 17
6965 218
6966 218
6967 17
6968 17
6969 218
6970 218
6971 310
6972 218
6973 17
6974 218
6975 218
6976 218
6977 218
6978 4
6979 4
6980 17
6981 4
6982 4
6983 4
6984 218
6985 4
6986 218
6987 218
6988 218
6989 17
6990 218
6991 82
6992 218
6993 218
6994 218
6995 218
6996 4
6997 218
6998 218
6999 218
7000 6
7001 218
7002 218
7003 218
7004 218
7005 218
7006 4
7007 17
7008 218
7009 17
7010 6
7011 218
7012 218
7013 17
7014 218
7015 218
7016 218
7017 218
7018 17
7019 218
7020 218
7021 218
7022 218
7023 4
7024 218
7025 17
7026 218
7027 218
7028 218
7029 4
7030 4
7031 218
7032 82
7033 218
7034 218
7035 218
7036 218
7037 218
7038 218
7039 218
7040 98
7041 98
7042 98
7043 98
7044 98
7045 98
7046 218
7047 218
7048 218
7049 17
7050 82
7051 218
7052 17
7053 17
7054 218
7055 218
7056 218
7057 218
7058 17
7059 218
7060 218
7061 218
7062 218
7063 218
7064 218
7065 218
7066 218
7067 218
7068 218
7069 218
7070 218
7071 218
7072 310
7073 218
7074 218
7075 218
7076 218
7077 218
7078 218
7079 218
7080 218
7081 41
7082 218
7083 17
7084 17
7085 17
7086 17
7087 17
7088 17
7089 17
7090 17
7091 17
7092 17
7093 17
7094 17
7095 17
7096 17
7097 17
7098 17
7099 17
7100 17
7101 17
7102 17
7103 17
7104 17
7105 17
7106 17
7107 41
7108 17
7109 17
7110 17
7111 17
7112 17
7113 17
7114 17
7115 17
7116 41
7117 17
7118 17
7119 310
7120 17
7121 17
7122 17
7123 41
7124 17
7125 17
7126 17
7127 17
7128 310
7129 17
7130 17
7131 17
7132 17
7133 17
7134 17
7135 17
7136 17
7137 17
7138 17
7139 6
7140 17
7141 17
7142 17
7143 17
7144 17
7145 218
7146 17
7147 17
7148 17
7149 17
7150 17
7151 4
7152 17
7153 17
7154 17
7155 17
7156 17
7157 17
7158 17
7159 17
7160 17
7161 17
7162 17
7163 17
7164 17
7165 82
7166 17
7167 17
7168 17
7169 82
7170 17
7171 17
7172 17
7173 17
7174 17
7175 17
7176 58
7177 84
7178 17
7179 17
7180 17
7181 17
7182 17
7183 82
7184 17
7185 17
7186 17
7187 17
7188 17
7189 17
7190 17
7191 17
7192 310
7193 77
7194 17
7195 17
7196 17
7197 17
7198 17
7199 17
7200 17
7201 17
7202 17
7203 17
7204 6
7205 17
7206 17
7207 17
7208 17
7209 17
7210 17
7211 17
7212 17
7213 17
7214 17
7215 17
7216 17
7217 6
7218 6
7219 17
7220 17
7221 17
7222 17
7223 17
7224 17
7225 17
7226 82
7227 85
7228 17
7229 17
7230 17
7231 17
7232 17
7233 17
7234 17
7235 17
7236 17
7237 17
7238 17
7239 17
7240 17
7241 17
7242 17
7243 17
7244 17
7245 17
7246 17
7247 17
7248 17
7249 17
7250 41
7251 17
7252 17
7253 17
7254 17
7255 17
7256 17
7257 17
7258 17
7259 17
7260 17
7261 17
7262 17
7263 17
7264 17
7265 17
7266 17
7267 17
7268 17
7269 17
7270 17
7271 17
7272 17
7273 17
7274 17
7275 17
7276 17
7277 17
7278 17
7279 17
7280 17
7281 17
7282 17
7283 17
7284 17
7285 17
7286 17
7287 17
7288 17
7289 17
7290 82
7291 17
7292 17
7293 17
7294 17
7295 17
7296 17
7297 17
7298 17
7299 41
7300 17
7301 17
7302 82
7303 17
7304 17
7305 17
7306 17
7307 17
7308 17
7309 292
7310 17
7311 17
7312 17
7313 82
7314 17
7315 17
7316 17
7317 17
7318 17
7319 310
7320 17
7321 218
7322 17
7323 17
7324 17
7325 17
7326 17
7327 17
7328 17
7329 17
7330 17
7331 56
7332 17
7333 17
7334 17
7335 17
7336 17
7337 17
7338 17
7339 17
7340 17
7341 17
7342 17
7343 17
7344 17
7345 17
7346 17
7347 17
7348 17
7349 17
7350 17
7351 74
7352 17
7353 17
7354 17
7355 17
7356 17
7357 17
7358 17
7359 17
7360 17
7361 17
7362 41
7363 310
7364 17
7365 17
7366 17
7367 17
7368 17
7369 17
7370 17
7371 17
7372 74
7373 17
7374 17
7375 17
7376 17
7377 17
7378 17
7379 17
7380 17
7381 17
7382 17
7383 17
7384 17
7385 17
7386 310
7387 310
7388 310
7389 17
7390 17
7391 17
7392 17
7393 17
7394 17
7395 84
7396 17
7397 17
7398 17
7399 17
7400 17
7401 17
7402 17
7403 17
7404 17
7405 17
7406 17
7407 17
7408 17
7409 17
7410 310
7411 17
7412 82
7413 74
7414 17
7415 17
7416 17
7417 17
7418 17
7419 17
7420 17
7421 17
7422 17
7423 17
7424 17
7425 17
7426 17
7427 69
7428 17
7429 17
7430 17
7431 17
7432 17
7433 17
7434 41
7435 82
7436 17
7437 17
7438 17
7439 17
7440 17
7441 17
7442 310
7443 17
7444 17
7445 17
7446 17
7447 17
7448 17
7449 17
7450 17
7451 17
7452 17
7453 17
7454 17
7455 17
7456 17
7457 17
7458 17
7459 17
7460 17
7461 17
7462 41
7463 17
7464 17
7465 17
7466 17
7467 17
7468 218
7469 218
7470 17
7471 17
7472 17
7473 77
7474 77
7475 77
7476 17
7477 17
7478 17
7479 17
7480 17
7481 17
7482 17
7483 17
7484 17
7485 17
7486 17
7487 17
7488 17
7489 17
7490 17
7491 17
7492 17
7493 17
7494 17
7495 74
7496 74
7497 17
7498 17
7499 17
7500 17
7501 17
7502 17
7503 17
7504 17
7505 6
7506 82
7507 17
7508 41
7509 6
7510 6
7511 6
7512 6
7513 6
7514 6
7515 6
7516 6
7517 6
7518 6
7519 6
7520 6
7521 6
7522 6
7523 6
7524 6
7525 6
7526 6
7527 6
7528 6
7529 6
7530 6
7531 6
7532 6
7533 6
7534 6
7535 6
7536 6
7537 6
7538 6
7539 6
7540 6
7541 6
7542 6
7543 6
7544 6
7545 6
7546 6
7547 6
7548 6
7549 6
7550 6
7551 6
7552 6
7553 6
7554 6
7555 6
7556 6
7557 6
7558 6
7559 6
7560 6
7561 6
7562 6
7563 6
7564 6
7565 6
7566 6
7567 6
7568 6
7569 17
7570 6
7571 6
7572 6
7573 6
7574 6
7575 6
7576 6
7577 6
7578 6
7579 6
7580 6
7581 6
7582 6
7583 6
7584 6
7585 6
7586 6
7587 6
7588 6
7589 6
7590 6
7591 6
7592 6
7593 6
7594 6
7595 6
7596 6
7597 6
7598 6
7599 6
7600 6
7601 6
7602 6
7603 6
7604 6
7605 6
7606 6
7607 17
7608 6
7609 6
7610 6
7611 6
7612 6
7613 6
7614 17
7615 17
7616 6
7617 6
7618 17
7619 6
7620 6
7621 6
7622 6
7623 6
7624 6
7625 6
7626 6
7627 6
7628 6
7629 6
7630 17
7631 17
7632 17
7633 17
7634 17
7635 17
7636 17
7637 17
7638 17
7639 41
7640 17
7641 17
7642 41
7643 41
7644 41
7645 41
7646 41
7647 17
7648 41
7649 41
7650 41
7651 41
7652 41
7653 41
7654 41
7655 41
7656 17
7657 41
7658 17
7659 41
7660 41
7661 41
7662 17
7663 41
7664 41
7665 41
7666 41
7667 41
7668 17
7669 41
7670 41
7671 82
7672 41
7673 17
7674 41
7675 17
7676 41
7677 41
7678 41
7679 41
7680 17
7681 41
7682 41
7683 17
7684 17
7685 41
7686 41
7687 17
7688 17
7689 17
7690 17
7691 41
7692 17
7693 41
7694 41
7695 41
7696 218
7697 41
7698 41
7699 41
7700 17
7701 41
7702 41
7703 41
7704 41
7705 17
7706 17
7707 41
7708 17
7709 41
7710 41
7711 41
7712 41
7713 41
7714 17
7715 41
7716 41
7717 41
7718 41
7719 41
7720 6
7721 17
7722 17
7723 41
7724 82
7725 41
7726 41
7727 41
7728 17
7729 41
7730 17
7731 41
7732 17
7733 17
7734 41
7735 17
7736 17
7737 41
7738 41
7739 17
7740 41
7741 41
7742 17
7743 17
7744 41
7745 41
7746 41
7747 41
7748 17
7749 17
7750 41
7751 41
7752 17
7753 35
7754 41
7755 41
7756 41
7757 17
7758 41
7759 41
7760 41
7761 17
7762 41
7763 41
7764 41
7765 41
7766 17
7767 41
7768 41
7769 41
7770 17
7771 17
7772 41
7773 41
7774 218
7775 17
7776 17
7777 41
7778 41
7779 41
7780 41
7781 41
7782 41
7783 41
7784 17
7785 41
7786 17
7787 41
7788 41
7789 41
7790 41
7791 41
7792 41
7793 41
7794 17
7795 17
7796 17
7797 17
7798 41
7799 41
7800 41
7801 41
7802 17
7803 17
7804 41
7805 41
7806 17
7807 17
7808 17
7809 41
7810 17
7811 41
7812 17
7813 41
7814 41
7815 41
7816 169
7817 41
7818 41
7819 41
7820 41
7821 17
7822 17
7823 41
7824 41
7825 41
7826 218
7827 41
7828 41
7829 17
7830 41
7831 41
7832 6
7833 17
7834 17
7835 41
7836 17
7837 6
7838 17
7839 41
7840 41
7841 17
7842 17
7843 41
7844 218
7845 17
7846 41
7847 17
7848 17
7849 41
7850 41
7851 41
7852 41
7853 41
7854 17
7855 17
7856 17
7857 17
7858 17
7859 17
7860 82
7861 82
7862 82
7863 17
7864 82
7865 82
7866 82
7867 82
7868 82
7869 82
7870 82
7871 82
7872 82
7873 82
7874 82
7875 292
7876 82
7877 82
7878 82
7879 82
7880 82
7881 310
7882 82
7883 17
7884 82
7885 82
7886 82
7887 82
7888 17
7889 82
7890 82
7891 82
7892 82
7893 82
7894 82
7895 82
7896 82
7897 82
7898 82
7899 82
7900 17
7901 82
7902 82
7903 82
7904 82
7905 17
7906 82
7907 82
7908 82
7909 6
7910 82
7911 82
7912 82
7913 82
7914 82
7915 82
7916 82
7917 82
7918 82
7919 82
7920 33
7921 82
7922 82
7923 82
7924 82
7925 82
7926 82
7927 82
7928 82
7929 33
7930 82
7931 82
7932 82
7933 82
7934 82
7935 82
7936 17
7937 17
7938 17
7939 17
7940 82
7941 218
7942 17
7943 17
7944 17
7945 17
7946 17
7947 82
7948 82
7949 82
7950 17
7951 17
7952 17
7953 17
7954 17
7955 82
7956 17
7957 17
7958 17
7959 17
7960 17
7961 17
7962 17
7963 17
7964 17
7965 17
7966 17
7967 17
7968 17
7969 17
7970 17
7971 17
7972 17
7973 218
7974 17
7975 17
7976 17
7977 68
7978 17
7979 82
7980 17
7981 17
7982 218
7983 218
7984 218
7985 218
7986 218
7987 218
7988 218
7989 218
7990 218
7991 218
7992 218
7993 218
7994 218
7995 218
7996 218
7997 218
7998 218
7999 218
8000 218
8001 218
8002 218
8003 218
8004 218
8005 218
8006 218
8007 218
8008 218
8009 218
8010 218
8011 218
8012 218
8013 218
8014 218
8015 218
8016 218
8017 218
8018 218
8019 218
8020 218
8021 218
8022 218
8023 218
8024 218
8025 218
8026 218
8027 218
8028 218
8029 218
8030 218
8031 218
8032 218
8033 218
8034 218
8035 218
8036 218
8037 218
8038 218
8039 218
8040 218
8041 218
8042 218
8043 218
8044 218
8045 218
8046 218
8047 218
8048 218
8049 218
8050 218
8051 218
8052 218
8053 218
8054 218
8055 218
8056 218
8057 17
8058 17
8059 17
8060 17
8061 17
8062 17
8063 17
8064 17
8065 82
8066 17
8067 17
8068 17
8069 17
8070 17
8071 17
8072 41
8073 17
8074 17
8075 17
8076 17
8077 310
8078 17
8079 17
8080 85
8081 17
8082 17
8083 17
8084 17
8085 17
8086 17
8087 17
8088 17
8089 17
8090 17
8091 310
8092 17
8093 17
8094 17
8095 17
8096 17
8097 17
8098 17
8099 17
8100 17
8101 17
8102 17
8103 17
8104 41
8105 17
8106 17
8107 17
8108 17
8109 17
8110 17
8111 17
8112 17
8113 17
8114 82
8115 17
8116 17
8117 17
8118 17
8119 17
8120 17
8121 17
8122 17
8123 17
8124 17
8125 17
8126 17
8127 17
8128 17
8129 17
8130 82
8131 17
8132 17
8133 17
8134 17
8135 17
8136 17
8137 17
8138 17
8139 17
8140 17
8141 17
8142 17
8143 17
8144 17
8145 17
8146 17
8147 17
8148 17
8149 17
8150 17
8151 17
8152 17
8153 17
8154 17
8155 17
8156 17
8157 17
8158 17
8159 17
8160 82
8161 17
8162 17
8163 17
8164 17
8165 17
8166 17
8167 17
8168 17
8169 17
8170 17
8171 17
8172 17
8173 17
8174 17
8175 17
8176 218
8177 218
8178 218
8179 17
8180 17
8181 17
8182 17
8183 17
8184 17
8185 17
8186 17
8187 17
8188 17
8189 17
8190 17
8191 17
8192 17
8193 82
8194 41
8195 17
8196 17
8197 17
8198 17
8199 17
8200 17
8201 17
8202 17
8203 17
8204 17
8205 17
8206 6
8207 17
8208 17
8209 17
8210 17
8211 82
8212 82
8213 82
8214 82
8215 82
8216 82
8217 82
8218 82
8219 17
8220 82
8221 82
8222 82
8223 310
8224 82
8225 82
8226 82
8227 82
8228 82
8229 82
8230 82
8231 82
8232 82
8233 82
8234 17
8235 17
8236 82
8237 82
8238 82
8239 82
8240 41
8241 82
8242 17
8243 82
8244 82
8245 82
8246 82
8247 82
8248 82
8249 82
8250 310
8251 82
8252 82
8253 82
8254 82
8255 17
8256 310
8257 82
8258 82
8259 310
8260 82
8261 82
8262 82
8263 82
8264 17
8265 82
8266 218
8267 82
8268 82
8269 82
8270 82
8271 33
8272 82
8273 82
8274 82
8275 82
8276 82
8277 82
8278 82
8279 218
8280 17
8281 82
8282 82
8283 82
8284 82
8285 82
8286 218
8287 82
8288 33
8289 82
8290 56
8291 82
8292 82
8293 82
8294 17
8295 82
8296 82
8297 82
8298 82
8299 82
8300 82
8301 82
8302 82
8303 33
8304 82
8305 6
8306 6
8307 6
8308 6
8309 6
8310 58
8311 6
8312 6
8313 6
8314 413
8315 413
8316 413
8317 6
8318 6
8319 17
8320 17
8321 6
8322 413
8323 218
8324 41
8325 41
8326 41
8327 41
8328 58
8329 82
8330 82
8331 58
8332 6
8333 41
8334 6
8335 218
8336 58
8337 6
8338 17
8339 58
8340 413
8341 17
8342 17
8343 17
8344 4
8345 6
8346 41
8347 17
8348 17
8349 41
8350 292
8351 17
8352 41
8353 17
8354 17
8355 41
8356 41
8357 41
8358 337
8359 41
8360 41
8361 41
8362 41
8363 41
8364 17
8365 41
8366 41
8367 41
8368 41
8369 41
8370 41
8371 82
8372 41
8373 41
8374 17
8375 41
8376 41
8377 41
8378 41
8379 310
8380 41
8381 41
8382 41
8383 41
8384 310
8385 41
8386 41
8387 41
8388 41
8389 17
8390 41
8391 218
8392 218
8393 218
8394 218
8395 41
8396 41
8397 41
8398 17
8399 41
8400 41
8401 6
8402 17
8403 17
8404 17
8405 17
8406 41
8407 41
8408 82
8409 41
8410 41
8411 35
8412 17
8413 17
8414 41
8415 41
8416 17
8417 17
8418 41
8419 41
8420 41
8421 17
8422 41
8423 41
8424 41
8425 41
8426 218
8427 41
8428 41
8429 308
8430 41
8431 41
8432 41
8433 41
8434 41
8435 41
8436 41
8437 41
8438 41
8439 41
8440 41
8441 41
8442 41
8443 41
8444 41
8445 41
8446 41
8447 41
8448 41
8449 41
8450 41
8451 41
8452 41
8453 41
8454 41
8455 41
8456 41
8457 218
8458 41
8459 41
8460 41
8461 41
8462 41
8463 41
8464 41
8465 41
8466 218
8467 41
8468 41
8469 41
8470 41
8471 41
8472 41
8473 41
8474 41
8475 41
8476 96
8477 96
8478 96
8479 41
8480 41
8481 41
8482 41
8483 4
8484 17
8485 41
8486 41
8487 41
8488 41
8489 4
8490 41
8491 41
8492 41
8493 41
8494 41
8495 17
8496 41
8497 96
8498 41
8499 41
8500 41
8501 41
8502 4
8503 41
8504 41
8505 41
8506 41
8507 41
8508 17
8509 41
8510 41
8511 17
8512 82
8513 41
8514 41
8515 218
8516 218
8517 41
8518 41
8519 41
8520 41
8521 82
8522 41
8523 41
8524 4
8525 41
8526 17
8527 84
8528 41
8529 41
8530 4
8531 41
8532 41
8533 41
8534 41
8535 41
8536 41
8537 41
8538 41
8539 41
8540 17
8541 17
8542 41
8543 41
8544 41
8545 41
8546 17
8547 41
8548 17
8549 41
8550 41
8551 82
8552 82
8553 3
8554 3
8555 3
8556 82
8557 96
8558 310
8559 82
8560 82
8561 218
8562 7
8563 7
8564 7
8565 17
8566 310
8567 17
8568 17
8569 17
8570 17
8571 17
8572 17
8573 17
8574 17
8575 17
8576 17
8577 82
8578 82
8579 17
8580 17
8581 82
8582 17
8583 17
8584 17
8585 17
8586 82
8587 82
8588 82
8589 82
8590 17
8591 82
8592 17
8593 82
8594 82
8595 82
8596 17
8597 17
8598 82
8599 82
8600 17
8601 82
8602 82
8603 82
8604 82
8605 82
8606 82
8607 82
8608 82
8609 82
8610 82
8611 82
8612 82
8613 82
8614 82
8615 82
8616 82
8617 82
8618 82
8619 82
8620 82
8621 82
8622 82
8623 82
8624 82
8625 82
8626 82
8627 82
8628 82
8629 17
8630 17
8631 82
8632 82
8633 82
8634 82
8635 41
8636 82
8637 82
8638 82
8639 82
8640 82
8641 4
8642 96
8643 82
8644 41
8645 17
8646 17
8647 17
8648 17
8649 17
8650 17
8651 17
8652 17
8653 17
8654 17
8655 17
8656 17
8657 17
8658 17
8659 17
8660 17
8661 17
8662 17
8663 82
8664 17
8665 84
8666 84
8667 17
8668 41
8669 41
8670 41
8671 41
8672 17
8673 41
8674 41
8675 41
8676 41
8677 41
8678 17
8679 17
8680 17
8681 17
8682 17
8683 82
8684 17
8685 58
8686 17
8687 58
8688 4
8689 17
8690 17
8691 17
8692 17
8693 17
8694 17
8695 17
8696 17
8697 17
8698 41
8699 17
8700 310
8701 17
8702 17
8703 17
8704 17
8705 17
8706 6
8707 17
8708 17
8709 17
8710 17
8711 17
8712 41
8713 41
8714 82
8715 17
8716 17
8717 17
8718 218
8719 218
8720 41
8721 17
8722 218
8723 17
8724 17
8725 17
8726 17
8727 17
8728 17
8729 17
8730 17
8731 17
8732 17
8733 17
8734 17
8735 17
8736 17
8737 310
8738 17
8739 17
8740 17
8741 17
8742 17
8743 17
8744 17
8745 17
8746 310
8747 17
8748 17
8749 17
8750 82
8751 17
8752 6
8753 82
8754 41
8755 82
8756 82
8757 82
8758 41
8759 41
8760 41
8761 41
8762 41
8763 17
8764 17
8765 41
8766 41
8767 41
8768 82
8769 82
8770 82
8771 17
8772 17
8773 33
8774 82
8775 82
8776 218
8777 82
8778 17
8779 17
8780 82
8781 82
8782 82
8783 82
8784 82
8785 82
8786 82
8787 82
8788 17
8789 82
8790 82
8791 17
8792 82
8793 11
8794 82
8795 33
8796 82
8797 82
8798 82
8799 82
8800 82
8801 82
8802 82
8803 82
8804 82
8805 82
8806 82
8807 218
8808 17
8809 82
8810 41
8811 33
8812 82
8813 82
8814 82
8815 82
8816 82
8817 82
8818 82
8819 82
8820 82
8821 82
8822 82
8823 82
8824 82
8825 82
8826 82
8827 82
8828 82
8829 82
8830 82
8831 82
8832 82
8833 218
8834 82
8835 82
8836 82
8837 82
8838 82
8839 17
8840 82
8841 84
8842 17
8843 82
8844 82
8845 33
8846 17
8847 25
8848 82
8849 82
8850 33
8851 82
8852 82
8853 82
8854 82
8855 82
8856 17
8857 33
8858 82
8859 82
8860 33
8861 33
8862 82
8863 82
8864 82
8865 82
8866 17
8867 82
8868 82
8869 17
8870 17
8871 17
8872 82
8873 82
8874 33
8875 17
8876 17
8877 82
8878 33
8879 33
8880 82
8881 82
8882 17
8883 17
8884 17
8885 82
8886 82
8887 82
8888 82
8889 82
8890 82
8891 82
8892 82
8893 82
8894 82
8895 82
8896 17
8897 82
8898 82
8899 82
8900 82
8901 82
8902 17
8903 218
8904 82
8905 82
8906 82
8907 82
8908 17
8909 82
8910 82
8911 17
8912 17
8913 17
8914 82
8915 82
8916 82
8917 82
8918 17
8919 82
8920 82
8921 33
8922 33
8923 82
8924 82
8925 82
8926 17
8927 82
8928 17
8929 17
8930 17
8931 17
8932 17
8933 17
8934 17
8935 17
8936 56
8937 56
8938 56
8939 17
8940 56
8941 17
8942 17
8943 17
8944 17
8945 17
8946 17
8947 17
8948 17
8949 17
8950 17
8951 17
8952 56
8953 56
8954 56
8955 56
8956 17
8957 17
8958 41
8959 17
8960 17
8961 4
8962 41
8963 17
8964 17
8965 17
8966 33
8967 17
8968 82
8969 17
8970 17
8971 17
8972 17
8973 17
8974 218
8975 17
8976 17
8977 41
8978 17
8979 17
8980 4
8981 17
8982 17
8983 17
8984 17
8985 6
8986 17
8987 17
8988 17
8989 17
8990 17
8991 17
8992 41
8993 17
8994 17
8995 17
8996 17
8997 56
8998 17
8999 41
9000 17
9001 17
9002 17
9003 17
9004 17
9005 17
9006 82
9007 17
9008 56
9009 17
9010 17
9011 17
9012 310
9013 218
9014 17
9015 17
9016 17
9017 17
9018 17
9019 82
9020 17
9021 17
9022 17
9023 17
9024 96
9025 17
9026 17
9027 17
9028 17
9029 17
9030 4
9031 17
9032 82
9033 17
9034 17
9035 17
9036 17
9037 17
9038 17
9039 17
9040 17
9041 17
9042 17
9043 17
9044 4
9045 17
9046 218
9047 17
9048 17
9049 218
9050 17
9051 17
9052 33
9053 17
9054 17
9055 17
9056 17
9057 17
9058 17
9059 17
9060 56
9061 56
9062 56
9063 17
9064 17
9065 41
9066 17
9067 82
9068 41
9069 17
9070 17
9071 17
9072 17
9073 17
9074 17
9075 17
9076 17
9077 17
9078 17
9079 6
9080 17
9081 17
9082 17
9083 17
9084 17
9085 33
9086 33
9087 17
9088 17
9089 17
9090 17
9091 17
9092 4
9093 17
9094 17
9095 17
9096 17
9097 17
9098 17
9099 41
9100 17
9101 82
9102 17
9103 17
9104 17
9105 17
9106 17
9107 17
9108 4
9109 17
9110 82
9111 17
9112 17
9113 17
9114 82
9115 17
9116 17
9117 41
9118 17
9119 17
9120 17
9121 41
9122 41
9123 41
9124 41
9125 41
9126 41
9127 41
9128 41
9129 17
9130 17
9131 17
9132 41
9133 17
9134 17
9135 17
9136 82
9137 4
9138 82
9139 82
9140 82
9141 82
9142 17
9143 310
9144 310
9145 82
9146 82
9147 96
9148 82
9149 82
9150 82
9151 82
9152 82
9153 82
9154 218
9155 82
9156 218
9157 82
9158 82
9159 82
9160 8
9161 8
9162 8
9163 17
9164 17
9165 17
9166 17
9167 17
9168 17
9169 17
9170 17
9171 17
9172 17
9173 17
9174 82
9175 17
9176 41
9177 17
9178 17
9179 17
9180 41
9181 17
9182 17
9183 17
9184 17
9185 17
9186 17
9187 17
9188 17
9189 17
9190 17
9191 17
9192 17
9193 17
9194 17
9195 17
9196 17
9197 17
9198 17
9199 17
9200 41
9201 17
9202 17
9203 17
9204 17
9205 218
9206 41
9207 17
9208 17
9209 17
9210 17
9211 17
9212 17
9213 17
9214 17
9215 17
9216 17
9217 17
9218 17
9219 17
9220 17
9221 17
9222 17
9223 17
9224 17
9225 17
9226 17
9227 17
9228 17
9229 17
9230 17
9231 17
9232 17
9233 17
9234 17
9235 17
9236 17
9237 17
9238 17
9239 17
9240 17
9241 17
9242 17
9243 17
9244 17
9245 17
9246 17
9247 17
9248 17
9249 17
9250 17
9251 17
9252 17
9253 17
9254 17
9255 17
9256 17
9257 17
9258 6
9259 17
9260 17
9261 17
9262 17
9263 17
9264 17
9265 17
9266 17
9267 17
9268 17
9269 17
9270 17
9271 17
9272 17
9273 17
9274 17
9275 17
9276 17
9277 17
9278 17
9279 17
9280 17
9281 17
9282 17
9283 17
9284 17
9285 17
9286 17
9287 6
9288 17
9289 17
9290 17
9291 41
9292 17
9293 17
9294 17
9295 17
9296 17
9297 17
9298 17
9299 17
9300 17
9301 17
9302 17
9303 17
9304 310
9305 17
9306 17
9307 17
9308 17
9309 17
9310 17
9311 84
9312 17
9313 17
9314 17
9315 17
9316 218
9317 17
9318 17
9319 17
9320 17
9321 17
9322 17
9323 17
9324 17
9325 17
9326 17
9327 17
9328 17
9329 17
9330 17
9331 17
9332 17
9333 17
9334 17
9335 41
9336 17
9337 41
9338 41
9339 82
9340 82
9341 82
9342 82
9343 82
9344 17
9345 17
9346 82
9347 82
9348 82
9349 6
9350 82
9351 82
9352 6
9353 82
9354 82
9355 82
9356 82
9357 17
9358 17
9359 4
9360 17
9361 17
9362 17
9363 4
9364 17
9365 17
9366 17
9367 82
9368 17
9369 4
9370 17
9371 17
9372 17
9373 17
9374 17
9375 17
9376 17
9377 17
9378 17
9379 17
9380 17
9381 17
9382 17
9383 17
9384 17
9385 17
9386 17
9387 17
9388 17
9389 17
9390 17
9391 17
9392 17
9393 17
9394 17
9395 17
9396 17
9397 17
9398 17
9399 17
9400 17
9401 17
9402 17
9403 17
9404 17
9405 17
9406 82
9407 17
9408 17
9409 17
9410 17
9411 4
9412 17
9413 17
9414 17
9415 17
9416 17
9417 17
9418 17
9419 17
9420 17
9421 17
9422 17
9423 17
9424 4
9425 17
9426 17
9427 17
9428 17
9429 17
9430 4
9431 17
9432 41
9433 17
9434 17
9435 17
9436 17
9437 17
9438 17
9439 17
9440 17
9441 17
9442 17
9443 41
9444 17
9445 17
9446 17
9447 17
9448 17
9449 17
9450 17
9451 17
9452 33
9453 17
9454 17
9455 17
9456 17
9457 17
9458 17
9459 17
9460 17
9461 17
9462 41
9463 33
9464 33
9465 17
9466 17
9467 82
9468 82
9469 82
9470 82
9471 82
9472 82
9473 82
9474 82
9475 17
9476 82
9477 82
9478 82
9479 82
9480 82
9481 82
9482 82
9483 82
9484 82
9485 82
9486 82
9487 82
9488 82
9489 82
9490 6
9491 82
9492 82
9493 82
9494 82
9495 41
9496 17
9497 17
9498 82
9499 33
9500 33
9501 310
9502 17
9503 82
9504 84
9505 9
9506 9
9507 82
9508 82
9509 82
9510 17
9511 17
9512 17
9513 82
9514 310
9515 310
9516 310
9517 310
9518 310
9519 310
9520 310
9521 310
9522 310
9523 310
9524 310
9525 310
9526 310
9527 310
9528 310
9529 310
9530 310
9531 310
9532 82
9533 41
9534 310
9535 310
9536 310
9537 310
9538 310
9539 310
9540 310
9541 310
9542 41
9543 310
9544 310
9545 310
9546 310
9547 310
9548 41
9549 310
9550 310
9551 310
9552 310
9553 310
9554 310
9555 310
9556 17
9557 310
9558 310
9559 310
9560 310
9561 310
9562 310
9563 310
9564 310
9565 310
9566 310
9567 96
9568 310
9569 310
9570 310
9571 310
9572 6
9573 310
9574 310
9575 310
9576 310
9577 310
9578 310
9579 17
9580 310
9581 310
9582 310
9583 310
9584 310
9585 17
9586 17
9587 17
9588 17
9589 310
9590 310
9591 310
9592 310
9593 310
9594 310
9595 310
9596 310
9597 310
9598 310
9599 310
9600 310
9601 310
9602 310
9603 310
9604 310
9605 82
9606 310
9607 82
9608 310
9609 310
9610 310
9611 310
9612 310
9613 310
9614 310
9615 310
9616 17
9617 310
9618 17
9619 310
9620 310
9621 310
9622 310
9623 17
9624 310
9625 310
9626 310
9627 310
9628 310
9629 310
9630 310
9631 82
9632 310
9633 310
9634 310
9635 310
9636 82
9637 310
9638 310
9639 310
9640 310
9641 17
9642 17
9643 17
9644 82
9645 82
9646 17
9647 17
9648 41
9649 17
9650 41
9651 17
9652 4
9653 4
9654 4
9655 4
9656 4
9657 4
9658 4
9659 4
9660 4
9661 4
9662 4
9663 4
9664 4
9665 4
9666 4
9667 4
9668 4
9669 4
9670 4
9671 4
9672 4
9673 4
9674 4
9675 4
9676 4
9677 4
9678 4
9679 4
9680 4
9681 4
9682 4
9683 4
9684 4
9685 4
9686 4
9687 4
9688 4
9689 4
9690 4
9691 4
9692 4
9693 4
9694 4
9695 4
9696 4
9697 4
9698 4
9699 4
9700 4
9701 4
9702 4
9703 4
9704 4
9705 4
9706 4
9707 4
9708 4
9709 4
9710 4
9711 4
9712 4
9713 4
9714 4
9715 4
9716 4
9717 4
9718 4
9719 4
9720 4
9721 4
9722 4
9723 4
9724 4
9725 4
9726 4
9727 4
9728 4
9729 4
9730 4
9731 4
9732 4
9733 4
9734 4
9735 4
9736 4
9737 4
9738 4
9739 4
9740 4
9741 4
9742 4
9743 4
9744 4
9745 4
9746 4
9747 4
9748 4
9749 4
9750 4
9751 33
9752 33
9753 33
9754 33
9755 17
9756 82
9757 82
9758 17
9759 82
9760 82
9761 82
9762 82
9763 82
9764 82
9765 82
9766 82
9767 82
9768 82
9769 82
9770 82
9771 82
9772 17
9773 82
9774 82
9775 4
9776 17
9777 82
9778 82
9779 82
9780 82
9781 82
9782 310
9783 82
9784 4
9785 4
9786 4
9787 82
9788 4
9789 82
9790 82
9791 82
9792 82
9793 4
9794 82
9795 82
9796 82
9797 82
9798 82
9799 17
9800 82
9801 41
9802 17
9803 17
9804 17
9805 82
9806 82
9807 82
9808 17
9809 17
9810 17
9811 82
9812 82
9813 82
9814 82
9815 17
9816 82
9817 17
9818 17
9819 17
9820 17
9821 82
9822 82
9823 82
9824 82
9825 82
9826 82
9827 82
9828 17
9829 36
9830 82
9831 82
9832 82
9833 82
9834 82
9835 4
9836 82
9837 17
9838 82
9839 17
9840 82
9841 82
9842 82
9843 17
9844 82
9845 82
9846 82
9847 82
9848 82
9849 82
9850 33
9851 82
9852 82
9853 82
9854 41
9855 82
9856 41
9857 82
9858 82
9859 82
9860 82
9861 4
9862 41
9863 41
9864 41
9865 41
9866 82
9867 17
9868 82
9869 4
9870 17
9871 17
9872 82
9873 82
9874 82
9875 82
9876 82
9877 82
9878 82
9879 82
9880 82
9881 82
9882 17
9883 17
9884 82
9885 82
9886 82
9887 82
9888 82
9889 82
9890 82
9891 33
9892 82
9893 82
9894 82
9895 82
9896 82
9897 82
9898 82
9899 82
9900 33
9901 82
9902 82
9903 82
9904 82
9905 82
9906 82
9907 84
9908 82
9909 82
9910 82
9911 17
9912 17
9913 82
9914 82
9915 82
9916 82
9917 82
9918 82
9919 41
9920 58
9921 176
9922 82
9923 82
9924 82
9925 82
9926 82
9927 17
9928 82
9929 82
9930 82
9931 82
9932 33
9933 33
9934 4
9935 82
9936 82
9937 41
9938 82
9939 82
9940 82
9941 91
9942 82
9943 82
9944 17
9945 82
9946 82
9947 310
9948 82
9949 82
9950 82
9951 33
9952 82
9953 82
9954 33
9955 82
9956 82
9957 310
9958 82
9959 82
9960 82
9961 82
9962 33
9963 17
9964 82
9965 82
9966 82
9967 82
9968 4
9969 82
9970 82
9971 82
9972 82
9973 82
9974 33
9975 82
9976 6
9977 82
9978 82
9979 82
9980 82
9981 17
9982 82
9983 82
9984 82
9985 41
9986 82
9987 82
9988 4
9989 82
9990 82
9991 82
9992 82
9993 82
9994 82
9995 17
9996 82
9997 82
9998 82
9999 82
10000 82
10001 82
10002 82
10003 82
10004 82
10005 82
10006 82
10007 82
10008 82
10009 82
10010 33
10011 33
10012 4
10013 17
10014 310
10015 310
10016 82
10017 82
10018 82
10019 82
10020 17
10021 17
10022 82
10023 82
10024 17
10025 56
10026 82
10027 56
10028 17
10029 82
10030 82
10031 4
10032 4
10033 4
10034 4
10035 4
10036 4
10037 4
10038 4
10039 4
10040 4
10041 4
10042 4
10043 4
10044 4
10045 4
10046 4
10047 4
10048 4
10049 4
10050 4
10051 4
10052 4
10053 82
10054 82
10055 4
10056 4
10057 4
10058 4
10059 4
10060 4
10061 4
10062 4
10063 4
10064 4
10065 4
10066 4
10067 4
10068 4
10069 4
10070 4
10071 4
10072 4
10073 4
10074 4
10075 4
10076 4
10077 4
10078 4
10079 4
10080 4
10081 4
10082 4
10083 4
10084 4
10085 4
10086 4
10087 4
10088 4
10089 4
10090 82
10091 4
10092 4
10093 4
10094 4
10095 4
10096 4
10097 4
10098 4
10099 4
10100 4
10101 4
10102 4
10103 4
10104 4
10105 4
10106 4
10107 4
10108 4
10109 82
10110 82
10111 17
10112 41
10113 41
10114 41
10115 82
10116 82
10117 82
10118 82
10119 82
10120 41
10121 41
10122 82
10123 82
10124 82
10125 82
10126 82
10127 82
10128 82
10129 82
10130 82
10131 82
10132 82
10133 82
10134 82
10135 82
10136 82
10137 82
10138 82
10139 41
10140 41
10141 82
10142 82
10143 82
10144 82
10145 17
10146 82
10147 82
10148 82
10149 17
10150 82
10151 82
10152 82
10153 82
10154 82
10155 218
10156 82
10157 82
10158 82
10159 82
10160 82
10161 17
10162 82
10163 82
10164 82
10165 41
10166 82
10167 82
10168 82
10169 41
10170 41
10171 82
10172 82
10173 82
10174 41
10175 41
10176 41
10177 41
10178 41
10179 41
10180 41
10181 17
10182 17
10183 17
10184 17
10185 218
10186 218
10187 17
10188 17
10189 82
10190 17
10191 17
10192 17
10193 82
10194 17
10195 17
10196 310
10197 17
10198 17
10199 4
10200 17
10201 82
10202 17
10203 17
10204 17
10205 218
10206 17
10207 17
10208 17
10209 17
10210 82
10211 17
10212 82
10213 82
10214 82
10215 17
10216 82
10217 17
10218 17
10219 17
10220 17
10221 17
10222 17
10223 17
10224 17
10225 17
10226 17
10227 17
10228 17
10229 17
10230 17
10231 17
10232 17
10233 17
10234 17
10235 82
10236 82
10237 82
10238 82
10239 82
10240 82
10241 33
10242 292
10243 292
10244 292
10245 292
10246 292
10247 292
10248 292
10249 292
10250 292
10251 17
10252 17
10253 310
10254 82
10255 82
10256 82
10257 82
10258 218
10259 82
10260 82
10261 82
10262 17
10263 82
10264 33
10265 82
10266 17
10267 17
10268 82
10269 33
10270 82
10271 82
10272 82
10273 82
10274 82
10275 82
10276 82
10277 82
10278 310
10279 82
10280 4
10281 82
10282 82
10283 82
10284 82
10285 17
10286 82
10287 82
10288 82
10289 82
10290 82
10291 82
10292 82
10293 82
10294 82
10295 82
10296 82
10297 82
10298 82
10299 82
10300 82
10301 82
10302 17
10303 4
10304 82
10305 218
10306 58
10307 58
10308 82
10309 82
10310 82
10311 82
10312 82
10313 82
10314 82
10315 17
10316 218
10317 33
10318 4
10319 82
10320 82
10321 82
10322 82
10323 82
10324 17
10325 82
10326 82
10327 6
10328 82
10329 82
10330 17
10331 68
10332 17
10333 17
10334 218
10335 17
10336 17
10337 17
10338 17
10339 17
10340 17
10341 17
10342 17
10343 17
10344 17
10345 17
10346 17
10347 17
10348 17
10349 17
10350 17
10351 17
10352 218
10353 4
10354 218
10355 218
10356 17
10357 17
10358 17
10359 17
10360 41
10361 17
10362 17
10363 17
10364 17
10365 17
10366 17
10367 17
10368 17
10369 4
10370 17
10371 17
10372 17
10373 17
10374 17
10375 17
10376 17
10377 17
10378 17
10379 17
10380 17
10381 17
10382 17
10383 17
10384 17
10385 17
10386 17
10387 17
10388 17
10389 17
10390 17
10391 17
10392 17
10393 17
10394 17
10395 17
10396 17
10397 17
10398 17
10399 17
10400 17
10401 17
10402 17
10403 17
10404 17
10405 17
10406 17
10407 17
10408 17
10409 218
10410 17
10411 17
10412 17
10413 17
10414 6
10415 17
10416 17
10417 17
10418 17
10419 17
10420 170
10421 170
10422 170
10423 17
10424 17
10425 17
10426 17
10427 17
10428 17
10429 17
10430 17
10431 41
10432 41
10433 17
10434 17
10435 17
10436 17
10437 17
10438 41
10439 17
10440 82
10441 17
10442 17
10443 17
10444 17
10445 17
10446 17
10447 17
10448 17
10449 17
10450 17
10451 17
10452 17
10453 17
10454 17
10455 17
10456 17
10457 17
10458 6
10459 6
10460 6
10461 17
10462 82
10463 17
10464 17
10465 68
10466 17
10467 17
10468 17
10469 17
10470 17
10471 17
10472 17
10473 17
10474 17
10475 17
10476 17
10477 17
10478 17
10479 17
10480 17
10481 17
10482 82
10483 17
10484 17
10485 17
10486 17
10487 17
10488 17
10489 17
10490 17
10491 17
10492 17
10493 17
10494 17
10495 169
10496 17
10497 17
10498 17
10499 17
10500 17
10501 17
10502 17
10503 17
10504 17
10505 17
10506 17
10507 17
10508 6
10509 6
10510 6
10511 17
10512 17
10513 17
10514 17
10515 17
10516 17
10517 17
10518 17
10519 17
10520 17
10521 17
10522 17
10523 17
10524 17
10525 17
10526 17
10527 17
10528 17
10529 17
10530 17
10531 17
10532 17
10533 17
10534 17
10535 17
10536 17
10537 17
10538 17
10539 17
10540 17
10541 17
10542 17
10543 17
10544 17
10545 17
10546 17
10547 17
10548 17
10549 17
10550 17
10551 17
10552 17
10553 17
10554 17
10555 17
10556 17
10557 218
10558 17
10559 6
10560 58
10561 58
10562 17
10563 17
10564 17
10565 17
10566 17
10567 17
10568 17
10569 17
10570 17
10571 41
10572 17
10573 58
10574 58
10575 58
10576 58
10577 82
10578 17
10579 17
10580 17
10581 17
10582 17
10583 17
10584 17
10585 17
10586 17
10587 17
10588 17
10589 17
10590 6
10591 17
10592 17
10593 17
10594 17
10595 17
10596 17
10597 17
10598 17
10599 17
10600 17
10601 310
10602 84
10603 84
10604 17
10605 84
10606 82
10607 17
10608 17
10609 218
10610 17
10611 17
10612 17
10613 17
10614 17
10615 17
10616 17
10617 17
10618 17
10619 17
10620 6
10621 6
10622 6
10623 17
10624 17
10625 17
10626 17
10627 17
10628 17
10629 17
10630 17
10631 17
10632 17
10633 17
10634 41
10635 17
10636 17
10637 17
10638 17
10639 17
10640 17
10641 17
10642 17
10643 17
10644 17
10645 17
10646 17
10647 17
10648 17
10649 17
10650 17
10651 58
10652 58
10653 17
10654 41
10655 17
10656 17
10657 17
10658 17
10659 41
10660 17
10661 17
10662 17
10663 17
10664 17
10665 17
10666 17
10667 17
10668 17
10669 17
10670 17
10671 17
10672 17
10673 17
10674 17
10675 17
10676 17
10677 17
10678 17
10679 17
10680 17
10681 17
10682 41
10683 82
10684 17
10685 17
10686 17
10687 17
10688 17
10689 17
10690 17
10691 17
10692 17
10693 17
10694 218
10695 41
10696 17
10697 17
10698 82
10699 17
10700 33
10701 82
10702 82
10703 82
10704 82
10705 82
10706 82
10707 82
10708 17
10709 17
10710 58
10711 82
10712 82
10713 82
10714 82
10715 82
10716 33
10717 82
10718 82
10719 82
10720 82
10721 82
10722 17
10723 82
10724 82
10725 82
10726 82
10727 82
10728 82
10729 82
10730 82
10731 82
10732 82
10733 82
10734 33
10735 33
10736 82
10737 82
10738 82
10739 82
10740 82
10741 82
10742 17
10743 82
10744 82
10745 82
10746 82
10747 82
10748 82
10749 82
10750 82
10751 82
10752 82
10753 82
10754 82
10755 82
10756 17
10757 82
10758 82
10759 82
10760 4
10761 33
10762 82
10763 82
10764 82
10765 17
10766 82
10767 82
10768 82
10769 82
10770 82
10771 292
10772 292
10773 292
10774 292
10775 292
10776 292
10777 292
10778 292
10779 292
10780 292
10781 292
10782 292
10783 292
10784 292
10785 292
10786 292
10787 292
10788 292
10789 292
10790 292
10791 82
10792 82
10793 82
10794 33
10795 82
10796 82
10797 310
10798 310
10799 17
10800 82
10801 82
10802 82
10803 310
10804 82
10805 82
10806 82
10807 82
10808 82
10809 6
10810 82
10811 82
10812 82
10813 82
10814 82
10815 218
10816 218
10817 218
10818 218
10819 218
10820 218
10821 218
10822 218
10823 218
10824 218
10825 218
10826 218
10827 218
10828 218
10829 218
10830 17
10831 6
10832 6
10833 218
10834 17
10835 218
10836 6
10837 218
10838 218
10839 41
10840 218
10841 218
10842 218
10843 218
10844 218
10845 218
10846 218
10847 218
10848 218
10849 218
10850 218
10851 218
10852 218
10853 218
10854 218
10855 17
10856 17
10857 41
10858 41
10859 17
10860 17
10861 17
10862 17
10863 17
10864 17
10865 17
10866 17
10867 17
10868 17
10869 41
10870 17
10871 17
10872 17
10873 17
10874 17
10875 17
10876 17
10877 17
10878 17
10879 17
10880 17
10881 41
10882 17
10883 17
10884 17
10885 17
10886 4
10887 17
10888 4
10889 17
10890 17
10891 17
10892 41
10893 41
10894 41
10895 17
10896 17
10897 17
10898 17
10899 17
10900 17
10901 17
10902 17
10903 4
10904 17
10905 82
10906 17
10907 17
10908 17
10909 17
10910 41
10911 17
10912 41
10913 41
10914 41
10915 41
10916 41
10917 41
10918 41
10919 41
10920 41
10921 17
10922 84
10923 17
10924 17
10925 17
10926 17
10927 17
10928 17
10929 17
10930 310
10931 17
10932 17
10933 82
10934 17
10935 17
10936 17
10937 84
10938 218
10939 17
10940 84
10941 218
10942 17
10943 17
10944 17
10945 17
10946 17
10947 17
10948 17
10949 58
10950 82
10951 17
10952 17
10953 17
10954 17
10955 17
10956 17
10957 17
10958 17
10959 17
10960 17
10961 17
10962 17
10963 41
10964 41
10965 41
10966 41
10967 17
10968 17
10969 82
10970 82
10971 82
10972 82
10973 82
10974 82
10975 82
10976 82
10977 82
10978 82
10979 17
10980 58
10981 82
10982 82
10983 33
10984 82
10985 33
10986 41
10987 82
10988 82
10989 82
10990 82
10991 82
10992 58
10993 82
10994 82
10995 6
10996 6
10997 6
10998 6
10999 6
11000 82
11001 33
11002 33
11003 82
11004 82
11005 82
11006 17
11007 17
11008 82
11009 82
11010 82
11011 82
11012 82
11013 82
11014 58
11015 82
11016 17
11017 82
11018 82
11019 6
11020 82
11021 33
11022 82
11023 82
11024 17
11025 82
11026 82
11027 17
11028 17
11029 84
11030 82
11031 218
11032 84
11033 84
11034 17
11035 17
11036 82
11037 17
11038 17
11039 17
11040 17
11041 218
11042 218
11043 218
11044 218
11045 17
11046 17
11047 17
11048 17
11049 4
11050 4
11051 4
11052 33
11053 82
11054 82
11055 17
11056 41
11057 41
11058 17
11059 17
11060 41
11061 41
11062 41
11063 17
11064 41
11065 17
11066 82
11067 82
11068 6
11069 6
11070 17
11071 17
11072 17
11073 17
11074 82
11075 310
11076 17
11077 17
11078 17
11079 82
11080 310
11081 310
11082 17
11083 310
11084 17
11085 82
11086 310
11087 310
11088 310
11089 17
11090 310
11091 310
11092 17
11093 33
11094 33
11095 33
11096 33
11097 82
11098 82
11099 82
11100 82
11101 82
11102 82
11103 17
11104 17
11105 82
11106 82
11107 82
11108 17
11109 41
11110 82
11111 82
11112 82
11113 17
11114 17
11115 17
11116 310
11117 41
11118 41
11119 82
11120 58
11121 58
11122 82
11123 6
11124 82
11125 82
11126 82
11127 17
11128 82
11129 218
11130 41
11131 58
11132 82
11133 82
11134 82
11135 4
11136 4
11137 4
11138 82
11139 82
11140 41
11141 82
11142 82
11143 17
11144 17
11145 82
11146 82
11147 82
11148 82
11149 4
11150 82
11151 82
11152 82
11153 17
11154 82
11155 4
11156 82
11157 82
11158 4
11159 82
11160 82
11161 82
11162 82
11163 82
11164 82
11165 82
11166 82
11167 82
11168 82
11169 82
11170 82
11171 82
11172 17
11173 82
11174 82
11175 82
11176 310
11177 4
11178 17
11179 17
11180 17
11181 41
11182 17
11183 17
11184 17
11185 96
11186 218
11187 17
11188 17
11189 17
11190 17
11191 17
11192 17
11193 17
11194 17
11195 17
11196 17
11197 17
11198 17
11199 17
11200 82
11201 41
11202 41
11203 17
11204 17
11205 17
11206 17
11207 17
11208 17
11209 17
11210 17
11211 17
11212 17
11213 87
11214 17
11215 17
11216 17
11217 82
11218 41
11219 41
11220 41
11221 17
11222 17
11223 17
11224 17
11225 17
11226 17
11227 4
11228 17
11229 17
11230 17
11231 17
11232 17
11233 218
11234 17
11235 4
11236 17
11237 17
11238 17
11239 87
11240 87
11241 41
11242 17
11243 17
11244 17
11245 82
11246 41
11247 41
11248 41
11249 17
11250 17
11251 87
11252 41
11253 41
11254 17
11255 41
11256 17
11257 41
11258 41
11259 41
11260 17
11261 4
11262 4
11263 17
11264 17
11265 17
11266 17
11267 17
11268 17
11269 17
11270 17
11271 17
11272 17
11273 6
11274 17
11275 17
11276 17
11277 17
11278 82
11279 17
11280 17
11281 41
11282 41
11283 17
11284 17
11285 17
11286 218
11287 17
11288 17
11289 17
11290 17
11291 17
11292 17
11293 41
11294 17
11295 17
11296 17
11297 41
11298 17
11299 6
11300 6
11301 17
11302 17
11303 17
11304 17
11305 17
11306 17
11307 17
11308 17
11309 41
11310 41
11311 17
11312 17
11313 17
11314 17
11315 17
11316 17
11317 17
11318 82
11319 4
11320 17
11321 17
11322 17
11323 17
11324 17
11325 17
11326 17
11327 17
11328 17
11329 17
11330 41
11331 17
11332 17
11333 17
11334 17
11335 17
11336 17
11337 17
11338 82
11339 82
11340 17
11341 17
11342 17
11343 17
11344 17
11345 17
11346 218
11347 17
11348 17
11349 17
11350 17
11351 17
11352 17
11353 17
11354 17
11355 41
11356 17
11357 17
11358 17
11359 17
11360 17
11361 17
11362 17
11363 17
11364 17
11365 17
11366 17
11367 17
11368 17
11369 17
11370 17
11371 17
11372 17
11373 17
11374 17
11375 17
11376 17
11377 17
11378 17
11379 17
11380 17
11381 17
11382 17
11383 41
11384 17
11385 17
11386 17
11387 17
11388 17
11389 17
11390 17
11391 17
11392 17
11393 6
11394 6
11395 6
11396 6
11397 17
11398 17
11399 17
11400 17
11401 17
11402 17
11403 17
11404 17
11405 17
11406 17
11407 17
11408 17
11409 17
11410 41
11411 17
11412 17
11413 58
11414 17
11415 17
11416 17
11417 17
11418 17
11419 41
11420 17
11421 17
11422 17
11423 17
11424 17
11425 17
11426 17
11427 17
11428 17
11429 17
11430 41
11431 17
11432 17
11433 17
11434 17
11435 17
11436 17
11437 41
11438 17
11439 17
11440 17
11441 17
11442 17
11443 17
11444 17
11445 17
11446 17
11447 17
11448 17
11449 17
11450 17
11451 17
11452 17
11453 17
11454 17
11455 17
11456 17
11457 17
11458 17
11459 17
11460 17
11461 17
11462 17
11463 17
11464 17
11465 17
11466 17
11467 17
11468 17
11469 17
11470 17
11471 82
11472 82
11473 33
11474 33
11475 82
11476 82
11477 82
11478 82
11479 82
11480 82
11481 82
11482 33
11483 82
11484 82
11485 82
11486 82
11487 82
11488 17
11489 82
11490 82
11491 82
11492 82
11493 82
11494 4
11495 82
11496 17
11497 82
11498 82
11499 82
11500 82
11501 82
11502 56
11503 82
11504 82
11505 82
11506 82
11507 82
11508 82
11509 33
11510 82
11511 317
11512 82
11513 82
11514 82
11515 82
11516 82
11517 17
11518 82
11519 82
11520 82
11521 82
11522 4
11523 82
11524 82
11525 82
11526 6
11527 56
11528 82
11529 82
11530 82
11531 82
11532 82
11533 82
11534 82
11535 82
11536 82
11537 82
11538 82
11539 82
11540 82
11541 82
11542 82
11543 82
11544 82
11545 82
11546 33
11547 33
11548 82
11549 82
11550 82
11551 82
11552 82
11553 82
11554 82
11555 82
11556 82
11557 82
11558 82
11559 82
11560 56
11561 82
11562 56
11563 58
11564 17
11565 82
11566 82
11567 82
11568 82
11569 82
11570 82
11571 82
11572 82
11573 82
11574 82
11575 82
11576 82
11577 82
11578 82
11579 82
11580 82
11581 82
11582 82
11583 82
11584 17
11585 82
11586 82
11587 82
11588 82
11589 82
11590 82
11591 82
11592 82
11593 17
11594 82
11595 82
11596 33
11597 33
11598 17
11599 82
11600 82
11601 82
11602 17
11603 17
11604 17
11605 17
11606 17
11607 17
11608 17
11609 17
11610 82
11611 17
11612 17
11613 17
11614 17
11615 17
11616 17
11617 17
11618 17
11619 17
11620 17
11621 4
11622 17
11623 17
11624 17
11625 17
11626 41
11627 41
11628 17
11629 82
11630 82
11631 218
11632 17
11633 17
11634 218
11635 218
11636 17
11637 218
11638 17
11639 17
11640 17
11641 17
11642 17
11643 17
11644 17
11645 17
11646 17
11647 17
11648 17
11649 17
11650 17
11651 17
11652 17
11653 17
11654 17
11655 17
11656 17
11657 17
11658 17
11659 17
11660 17
11661 17
11662 17
11663 17
11664 17
11665 17
11666 218
11667 218
11668 17
11669 218
11670 17
11671 310
11672 17
11673 17
11674 17
11675 17
11676 17
11677 41
11678 17
11679 41
11680 218
11681 17
11682 17
11683 17
11684 10
11685 10
11686 17
11687 17
11688 17
11689 17
11690 82
11691 33
11692 33
11693 82
11694 68
11695 17
11696 17
11697 17
11698 17
11699 17
11700 17
11701 17
11702 17
11703 17
11704 17
11705 17
11706 17
11707 17
11708 6
11709 41
11710 41
11711 41
11712 82
11713 6
11714 310
11715 310
11716 310
11717 310
11718 17
11719 17
11720 17
11721 6
11722 33
11723 33
11724 33
11725 33
11726 33
11727 17
11728 310
11729 33
11730 33
11731 33
11732 33
11733 310
11734 33
11735 33
11736 33
11737 33
11738 33
11739 33
11740 33
11741 33
11742 33
11743 33
11744 17
11745 17
11746 17
11747 17
11748 11
11749 11
11750 11
11751 11
11752 11
11753 41
11754 41
11755 17
11756 17
11757 82
11758 82
11759 82
11760 82
11761 82
11762 87
11763 82
11764 4
11765 98
11766 82
11767 4
11768 82
11769 87
11770 82
11771 82
11772 82
11773 87
11774 82
11775 82
11776 310
11777 82
11778 82
11779 82
11780 82
11781 82
11782 82
11783 82
11784 82
11785 310
11786 310
11787 82
11788 82
11789 82
11790 82
11791 82
11792 87
11793 82
11794 41
11795 82
11796 17
11797 17
11798 41
11799 41
11800 41
11801 41
11802 41
11803 6
11804 41
11805 6
11806 310
11807 310
11808 17
11809 33
11810 33
11811 310
11812 84
11813 84
11814 17
11815 17
11816 58
11817 58
11818 58
11819 58
11820 58
11821 58
11822 58
11823 58
11824 58
11825 58
11826 58
11827 58
11828 58
11829 58
11830 58
11831 58
11832 58
11833 58
11834 58
11835 58
11836 58
11837 58
11838 58
11839 58
11840 58
11841 58
11842 58
11843 58
11844 58
11845 58
11846 58
11847 58
11848 58
11849 58
11850 58
11851 58
11852 58
11853 58
11854 58
11855 58
11856 58
11857 58
11858 58
11859 58
11860 58
11861 58
11862 58
11863 17
11864 17
11865 58
11866 58
11867 58
11868 218
11869 58
11870 58
11871 58
11872 58
11873 58
11874 58
11875 58
11876 58
11877 58
11878 17
11879 58
11880 58
11881 58
11882 58
11883 58
11884 58
11885 58
11886 58
11887 58
11888 58
11889 58
11890 218
11891 218
11892 58
11893 58
11894 58
11895 58
11896 58
11897 58
11898 58
11899 58
11900 58
11901 58
11902 58
11903 58
11904 58
11905 58
11906 58
11907 58
11908 58
11909 58
11910 58
11911 58
11912 58
11913 58
11914 58
11915 58
11916 58
11917 58
11918 58
11919 58
11920 6
11921 17
11922 17
11923 17
11924 17
11925 17
11926 17
11927 17
11928 82
11929 17
11930 17
11931 6
11932 17
11933 17
11934 4
11935 17
11936 17
11937 17
11938 310
11939 17
11940 17
11941 17
11942 17
11943 17
11944 17
11945 17
11946 17
11947 17
11948 17
11949 17
11950 6
11951 6
11952 6
11953 17
11954 17
11955 17
11956 17
11957 17
11958 17
11959 17
11960 17
11961 17
11962 17
11963 17
11964 17
11965 17
11966 17
11967 17
11968 4
11969 4
11970 17
11971 17
11972 82
11973 82
11974 82
11975 310
11976 310
11977 82
11978 82
11979 82
11980 82
11981 82
11982 82
11983 82
11984 82
11985 218
11986 82
11987 82
11988 82
11989 82
11990 82
11991 176
11992 82
11993 82
11994 82
11995 82
11996 82
11997 82
11998 82
11999 218
12000 17
12001 82
12002 82
12003 82
12004 82
12005 82
12006 17
12007 17
12008 82
12009 41
12010 41
12011 82
12012 82
12013 58
12014 58
12015 58
12016 17
12017 17
12018 17
12019 17
12020 17
12021 82
12022 82
12023 17
12024 17
12025 17
12026 33
12027 17
12028 17
12029 17
12030 17
12031 17
12032 17
12033 17
12034 310
12035 41
12036 218
12037 17
12038 17
12039 17
12040 17
12041 33
12042 17
12043 17
12044 310
12045 17
12046 17
12047 17
12048 17
12049 17
12050 17
12051 17
12052 17
12053 17
12054 17
12055 17
12056 82
12057 17
12058 17
12059 17
12060 17
12061 33
12062 17
12063 83
12064 17
12065 56
12066 17
12067 17
12068 17
12069 17
12070 17
12071 17
12072 17
12073 310
12074 17
12075 17
12076 17
12077 17
12078 17
12079 17
12080 17
12081 17
12082 17
12083 17
12084 17
12085 17
12086 17
12087 17
12088 17
12089 17
12090 17
12091 17
12092 17
12093 17
12094 17
12095 17
12096 17
12097 17
12098 17
12099 17
12100 17
12101 17
12102 17
12103 17
12104 17
12105 17
12106 17
12107 17
12108 17
12109 17
12110 17
12111 17
12112 17
12113 17
12114 17
12115 17
12116 17
12117 17
12118 17
12119 17
12120 17
12121 17
12122 17
12123 17
12124 17
12125 17
12126 17
12127 17
12128 17
12129 6
12130 82
12131 17
12132 17
12133 17
12134 17
12135 17
12136 17
12137 6
12138 6
12139 17
12140 17
12141 17
12142 17
12143 17
12144 17
12145 17
12146 17
12147 17
12148 17
12149 17
12150 17
12151 17
12152 17
12153 17
12154 17
12155 17
12156 17
12157 17
12158 17
12159 17
12160 17
12161 17
12162 17
12163 17
12164 84
12165 17
12166 17
12167 17
12168 17
12169 17
12170 17
12171 17
12172 17
12173 17
12174 17
12175 17
12176 17
12177 17
12178 17
12179 17
12180 17
12181 17
12182 218
12183 218
12184 218
12185 17
12186 17
12187 17
12188 310
12189 310
12190 310
12191 17
12192 17
12193 17
12194 17
12195 82
12196 17
12197 41
12198 41
12199 17
12200 17
12201 17
12202 82
12203 82
12204 17
12205 82
12206 82
12207 41
12208 82
12209 82
12210 82
12211 82
12212 82
12213 82
12214 82
12215 82
12216 33
12217 82
12218 82
12219 82
12220 82
12221 82
12222 82
12223 82
12224 82
12225 82
12226 82
12227 82
12228 82
12229 82
12230 82
12231 82
12232 82
12233 82
12234 82
12235 82
12236 82
12237 82
12238 82
12239 82
12240 82
12241 82
12242 82
12243 17
12244 17
12245 17
12246 17
12247 17
12248 17
12249 17
12250 17
12251 17
12252 17
12253 17
12254 17
12255 17
12256 17
12257 17
12258 17
12259 6
12260 17
12261 17
12262 17
12263 218
12264 17
12265 17
12266 17
12267 17
12268 82
12269 17
12270 17
12271 17
12272 17
12273 17
12274 17
12275 218
12276 17
12277 218
12278 17
12279 17
12280 17
12281 17
12282 41
12283 17
12284 17
12285 17
12286 17
12287 17
12288 17
12289 17
12290 17
12291 17
12292 17
12293 17
12294 310
12295 17
12296 17
12297 17
12298 17
12299 17
12300 17
12301 17
12302 17
12303 17
12304 17
12305 17
12306 17
12307 17
12308 17
12309 17
12310 17
12311 17
12312 17
12313 17
12314 17
12315 17
12316 17
12317 17
12318 84
12319 17
12320 17
12321 17
12322 17
12323 17
12324 17
12325 310
12326 310
12327 310
12328 17
12329 17
12330 310
12331 6
12332 17
12333 17
12334 17
12335 17
12336 17
12337 17
12338 17
12339 17
12340 17
12341 6
12342 17
12343 17
12344 17
12345 6
12346 6
12347 84
12348 6
12349 6
12350 218
12351 17
12352 82
12353 82
12354 17
12355 17
12356 17
12357 82
12358 82
12359 82
12360 17
12361 82
12362 17
12363 82
12364 17
12365 17
12366 17
12367 17
12368 17
12369 17
12370 17
12371 17
12372 17
12373 17
12374 17
12375 17
12376 17
12377 17
12378 17
12379 17
12380 17
12381 310
12382 17
12383 17
12384 17
12385 17
12386 17
12387 17
12388 17
12389 17
12390 17
12391 17
12392 17
12393 17
12394 17
12395 17
12396 17
12397 17
12398 17
12399 17
12400 17
12401 17
12402 17
12403 17
12404 17
12405 17
12406 17
12407 17
12408 17
12409 17
12410 17
12411 17
12412 17
12413 17
12414 17
12415 17
12416 17
12417 17
12418 17
12419 17
12420 17
12421 17
12422 17
12423 17
12424 17
12425 17
12426 17
12427 17
12428 17
12429 17
12430 17
12431 17
12432 17
12433 17
12434 17
12435 17
12436 17
12437 17
12438 17
12439 17
12440 17
12441 17
12442 17
12443 17
12444 17
12445 17
12446 17
12447 17
12448 17
12449 17
12450 17
12451 17
12452 17
12453 17
12454 17
12455 17
12456 17
12457 17
12458 17
12459 17
12460 17
12461 17
12462 17
12463 17
12464 17
12465 17
12466 17
12467 17
12468 17
12469 17
12470 17
12471 17
12472 17
12473 17
12474 17
12475 17
12476 17
12477 17
12478 17
12479 218
12480 17
12481 17
12482 17
12483 17
12484 17
12485 17
12486 17
12487 17
12488 17
12489 17
12490 17
12491 17
12492 17
12493 17
12494 17
12495 17
12496 17
12497 17
12498 17
12499 17
12500 17
12501 17
12502 17
12503 218
12504 17
12505 17
12506 17
12507 17
12508 17
12509 17
12510 17
12511 17
12512 17
12513 17
12514 17
12515 17
12516 17
12517 17
12518 17
12519 17
12520 17
12521 17
12522 17
12523 17
12524 17
12525 17
12526 17
12527 17
12528 17
12529 17
12530 17
12531 17
12532 17
12533 17
12534 17
12535 17
12536 17
12537 17
12538 17
12539 17
12540 17
12541 17
12542 17
12543 17
12544 17
12545 17
12546 17
12547 17
12548 17
12549 17
12550 17
12551 17
12552 17
12553 17
12554 41
12555 17
12556 17
12557 17
12558 17
12559 17
12560 17
12561 17
12562 17
12563 17
12564 17
12565 17
12566 17
12567 17
12568 17
12569 17
12570 17
12571 17
12572 17
12573 17
12574 17
12575 17
12576 17
12577 17
12578 17
12579 17
12580 218
12581 17
12582 17
12583 17
12584 17
12585 17
12586 17
12587 17
12588 17
12589 17
12590 17
12591 17
12592 17
12593 17
12594 17
12595 17
12596 17
12597 17
12598 17
12599 17
12600 17
12601 17
12602 17
12603 17
12604 17
12605 17
12606 17
12607 17
12608 17
12609 17
12610 17
12611 17
12612 17
12613 17
12614 17
12615 17
12616 17
12617 17
12618 17
12619 17
12620 17
12621 17
12622 17
12623 17
12624 17
12625 17
12626 17
12627 17
12628 17
12629 17
12630 17
12631 17
12632 17
12633 58
12634 17
12635 17
12636 41
12637 17
12638 17
12639 17
12640 17
12641 17
12642 17
12643 17
12644 17
12645 17
12646 17
12647 17
12648 17
12649 17
12650 17
12651 17
12652 17
12653 17
12654 17
12655 17
12656 17
12657 17
12658 17
12659 17
12660 17
12661 17
12662 17
12663 17
12664 17
12665 17
12666 17
12667 17
12668 17
12669 17
12670 17
12671 17
12672 17
12673 17
12674 17
12675 17
12676 17
12677 17
12678 17
12679 17
12680 17
12681 17
12682 17
12683 17
12684 17
12685 17
12686 17
12687 218
12688 17
12689 41
12690 17
12691 17
12692 17
12693 17
12694 17
12695 17
12696 17
12697 17
12698 17
12699 17
12700 17
12701 17
12702 17
12703 17
12704 17
12705 17
12706 17
12707 17
12708 17
12709 17
12710 17
12711 17
12712 17
12713 17
12714 17
12715 17
12716 17
12717 17
12718 17
12719 17
12720 17
12721 17
12722 17
12723 17
12724 17
12725 17
12726 17
12727 17
12728 17
12729 17
12730 17
12731 17
12732 17
12733 17
12734 17
12735 17
12736 17
12737 17
12738 17
12739 17
12740 41
12741 17
12742 17
12743 17
12744 17
12745 17
12746 17
12747 17
12748 17
12749 17
12750 17
12751 17
12752 17
12753 17
12754 17
12755 17
12756 17
12757 17
12758 17
12759 17
12760 17
12761 17
12762 17
12763 17
12764 17
12765 218
12766 17
12767 17
12768 17
12769 17
12770 17
12771 17
12772 17
12773 17
12774 17
12775 17
12776 17
12777 17
12778 17
12779 17
12780 17
12781 17
12782 17
12783 17
12784 17
12785 17
12786 17
12787 17
12788 17
12789 17
12790 17
12791 17
12792 17
12793 82
12794 17
12795 17
12796 17
12797 17
12798 41
12799 17
12800 17
12801 17
12802 17
12803 41
12804 17
12805 17
12806 17
12807 17
12808 17
12809 17
12810 6
12811 6
12812 6
12813 17
12814 17
12815 218
12816 17
12817 17
12818 17
12819 17
12820 17
12821 17
12822 17
12823 17
12824 17
12825 17
12826 17
12827 17
12828 82
12829 17
12830 17
12831 17
12832 17
12833 17
12834 17
12835 17
12836 41
12837 17
12838 17
12839 17
12840 17
12841 17
12842 17
12843 17
12844 17
12845 17
12846 17
12847 17
12848 17
12849 17
12850 17
12851 17
12852 17
12853 17
12854 17
12855 17
12856 17
12857 17
12858 17
12859 17
12860 17
12861 17
12862 17
12863 17
12864 17
12865 17
12866 17
12867 17
12868 17
12869 41
12870 17
12871 17
12872 17
12873 17
12874 17
12875 17
12876 17
12877 17
12878 17
12879 17
12880 17
12881 17
12882 17
12883 17
12884 17
12885 17
12886 17
12887 17
12888 17
12889 17
12890 17
12891 17
12892 17
12893 17
12894 17
12895 17
12896 17
12897 17
12898 17
12899 17
12900 17
12901 6
12902 6
12903 17
12904 17
12905 41
12906 17
12907 17
12908 41
12909 17
12910 17
12911 41
12912 310
12913 82
12914 82
12915 82
12916 82
12917 82
12918 4
12919 82
12920 82
12921 82
12922 82
12923 82
12924 82
12925 82
12926 82
12927 82
12928 17
12929 82
12930 82
12931 82
12932 82
12933 17
12934 82
12935 82
12936 82
12937 82
12938 17
12939 82
12940 82
12941 17
12942 17
12943 17
12944 17
12945 17
12946 17
12947 17
12948 17
12949 41
12950 17
12951 310
12952 310
12953 17
12954 88
12955 17
12956 17
12957 17
12958 17
12959 17
12960 17
12961 17
12962 17
12963 17
12964 17
12965 4
12966 17
12967 17
12968 17
12969 17
12970 17
12971 17
12972 17
12973 17
12974 17
12975 17
12976 17
12977 58
12978 17
12979 17
12980 17
12981 17
12982 17
12983 17
12984 17
12985 17
12986 17
12987 17
12988 17
12989 17
12990 58
12991 17
12992 17
12993 310
12994 310
12995 310
12996 17
12997 17
12998 17
12999 310
13000 310
13001 17
13002 17
13003 17
13004 17
13005 17
13006 17
13007 17
13008 17
13009 17
13010 17
13011 17
13012 17
13013 4
13014 17
13015 17
13016 17
13017 17
13018 17
13019 6
13020 17
13021 17
13022 17
13023 17
13024 17
13025 17
13026 17
13027 17
13028 218
13029 17
13030 17
13031 17
13032 17
13033 17
13034 17
13035 17
13036 4
13037 4
13038 17
13039 17
13040 17
13041 17
13042 17
13043 17
13044 17
13045 17
13046 17
13047 17
13048 17
13049 17
13050 17
13051 17
13052 17
13053 17
13054 17
13055 17
13056 17
13057 17
13058 17
13059 17
13060 17
13061 17
13062 17
13063 17
13064 17
13065 17
13066 17
13067 17
13068 17
13069 17
13070 17
13071 17
13072 17
13073 17
13074 41
13075 17
13076 218
13077 218
13078 218
13079 218
13080 17
13081 82
13082 41
13083 82
13084 17
13085 17
13086 17
13087 17
13088 218
13089 17
13090 17
13091 17
13092 17
13093 310
13094 17
13095 218
13096 17
13097 17
13098 17
13099 17
13100 33
13101 17
13102 17
13103 17
13104 17
13105 17
13106 17
13107 82
13108 82
13109 82
13110 17
13111 82
13112 82
13113 58
13114 6
13115 6
13116 6
13117 6
13118 6
13119 6
13120 6
13121 6
13122 6
13123 6
13124 6
13125 6
13126 6
13127 6
13128 6
13129 6
13130 6
13131 17
13132 17
13133 17
13134 17
13135 17
13136 17
13137 17
13138 82
13139 17
13140 17
13141 17
13142 17
13143 17
13144 17
13145 17
13146 310
13147 310
13148 17
13149 17
13150 82
13151 17
13152 17
13153 17
13154 6
13155 17
13156 17
13157 82
13158 17
13159 17
13160 17
13161 17
13162 17
13163 17
13164 17
13165 6
13166 6
13167 82
13168 82
13169 17
13170 82
13171 82
13172 82
13173 82
13174 4
13175 33
13176 82
13177 4
13178 82
13179 82
13180 82
13181 82
13182 82
13183 82
13184 82
13185 82
13186 82
13187 17
13188 17
13189 17
13190 17
13191 310
13192 17
13193 310
13194 17
13195 17
13196 17
13197 218
13198 218
13199 218
13200 218
13201 218
13202 218
13203 218
13204 218
13205 218
13206 218
13207 218
13208 218
13209 41
13210 41
13211 41
13212 41
13213 41
13214 41
13215 41
13216 41
13217 41
13218 41
13219 17
13220 6
13221 17
13222 17
13223 17
13224 41
13225 17
13226 17
13227 17
13228 17
13229 17
13230 17
13231 17
13232 310
13233 310
13234 310
13235 310
13236 310
13237 310
13238 310
13239 310
13240 310
13241 17
13242 17
13243 310
13244 17
13245 17
13246 17
13247 17
13248 82
13249 82
13250 33
13251 33
13252 33
13253 33
13254 33
13255 33
13256 41
13257 33
13258 33
13259 33
13260 17
13261 17
13262 17
13263 17
13264 33
13265 17
13266 82
13267 82
13268 82
13269 82
13270 17
13271 17
13272 17
13273 17
13274 17
13275 17
13276 17
13277 82
13278 17
13279 17
13280 17
13281 17
13282 17
13283 17
13284 17
13285 103
13286 17
13287 17
13288 17
13289 17
13290 17
13291 17
13292 17
13293 17
13294 17
13295 17
13296 17
13297 17
13298 17
13299 17
13300 17
13301 17
13302 17
13303 17
13304 17
13305 17
13306 17
13307 17
13308 17
13309 17
13310 17
13311 17
13312 41
13313 17
13314 17
13315 17
13316 17
13317 17
13318 17
13319 17
13320 17
13321 17
13322 17
13323 17
13324 17
13325 17
13326 17
13327 17
13328 17
13329 17
13330 41
13331 17
13332 17
13333 41
13334 17
13335 17
13336 17
13337 17
13338 17
13339 17
13340 17
13341 17
13342 17
13343 17
13344 17
13345 17
13346 17
13347 17
13348 17
13349 17
13350 17
13351 82
13352 12
13353 12
13354 13
13355 13
13356 17
13357 17
13358 14
13359 14
13360 15
13361 15
13362 15
13363 15
13364 15
13365 15
13366 310
13367 82
13368 82
13369 82
13370 17
13371 17
13372 82
13373 82
13374 82
13375 82
13376 82
13377 82
13378 4
13379 16
13380 16
13381 16
13382 33
13383 33
13384 33
13385 33
13386 33
13387 17
13388 17
13389 17
13390 17
13391 17
13392 17
13393 17
13394 17
13395 41
13396 41
13397 82
13398 82
13399 41
13400 17
13401 17
13402 17
13403 17
13404 82
13405 4
13406 82
13407 82
13408 68
13409 4
13410 4
13411 33
13412 68
13413 68
13414 68
13415 68
13416 82
13417 82
13418 4
13419 310
13420 4
13421 4
13422 4
13423 4
13424 4
13425 218
13426 4
13427 4
13428 310
13429 310
13430 310
13431 4
13432 4
13433 82
13434 82
13435 82
13436 82
13437 82
13438 82
13439 82
13440 82
13441 82
13442 82
13443 41
13444 41
13445 82
13446 82
13447 82
13448 82
13449 82
13450 82
13451 4
13452 82
13453 82
13454 82
13455 82
13456 82
13457 82
13458 82
13459 82
13460 4
13461 82
13462 82
13463 82
13464 82
13465 82
13466 82
13467 82
13468 310
13469 310
13470 82
13471 82
13472 82
13473 82
13474 218
13475 218
13476 82
13477 4
13478 82
13479 56
13480 82
13481 82
13482 82
13483 82
13484 82
13485 82
13486 33
13487 82
13488 82
13489 82
13490 82
13491 82
13492 82
13493 17
13494 82
13495 41
13496 4
13497 82
13498 82
13499 82
13500 82
13501 4
13502 82
13503 82
13504 82
13505 82
13506 41
13507 82
13508 82
13509 82
13510 82
13511 82
13512 82
13513 82
13514 82
13515 82
13516 82
13517 82
13518 82
13519 82
13520 82
13521 82
13522 82
13523 82
13524 82
13525 82
13526 82
13527 82
13528 82
13529 82
13530 4
13531 82
13532 17
13533 29
13534 82
13535 82
13536 82
13537 82
13538 82
13539 82
13540 82
13541 82
13542 82
13543 82
13544 82
13545 82
13546 82
13547 82
13548 82
13549 82
13550 82
13551 82
13552 4
13553 82
13554 82
13555 4
13556 82
13557 82
13558 82
13559 41
13560 17
13561 82
13562 82
13563 82
13564 82
13565 41
13566 82
13567 82
13568 82
13569 82
13570 82
13571 82
13572 82
13573 82
13574 82
13575 17
13576 17
13577 310
13578 17
13579 17
13580 17
13581 17
13582 17
13583 218
13584 218
13585 218
13586 82
13587 82
13588 310
13589 310
13590 310
13591 310
13592 310
13593 18
13594 18
13595 19
13596 19
13597 17
13598 17
13599 17
13600 17
13601 17
13602 17
13603 17
13604 17
13605 17
13606 17
13607 17
13608 17
13609 17
13610 17
13611 17
13612 17
13613 17
13614 17
13615 17
13616 17
13617 17
13618 17
13619 17
13620 17
13621 17
13622 17
13623 17
13624 17
13625 20
13626 20
13627 17
13628 17
13629 82
13630 310
13631 17
13632 82
13633 17
13634 41
13635 4
13636 82
13637 4
13638 310
13639 4
13640 176
13641 21
13642 21
13643 22
13644 22
13645 82
13646 82
13647 33
13648 33
13649 4
13650 4
13651 82
13652 82
13653 33
13654 33
13655 82
13656 82
13657 82
13658 82
13659 82
13660 82
13661 41
13662 82
13663 41
13664 82
13665 82
13666 82
13667 82
13668 82
13669 292
13670 292
13671 292
13672 33
13673 33
13674 33
13675 33
13676 33
13677 33
13678 33
13679 17
13680 17
13681 17
13682 17
13683 17
13684 17
13685 82
13686 82
13687 82
13688 82
13689 82
13690 82
13691 82
13692 82
13693 82
13694 82
13695 82
13696 82
13697 82
13698 82
13699 6
13700 82
13701 82
13702 82
13703 82
13704 82
13705 96
13706 96
13707 96
13708 82
13709 82
13710 82
13711 82
13712 82
13713 41
13714 41
13715 41
13716 41
13717 82
13718 82
13719 82
13720 82
13721 82
13722 17
13723 41
13724 82
13725 82
13726 82
13727 82
13728 218
13729 24
13730 24
13731 84
13732 84
13733 17
13734 82
13735 84
13736 84
13737 84
13738 82
13739 82
13740 82
13741 84
13742 84
13743 82
13744 84
13745 84
13746 84
13747 84
13748 84
13749 310
13750 17
13751 82
13752 84
13753 84
13754 82
13755 82
13756 41
13757 82
13758 33
13759 82
13760 84
13761 17
13762 82
13763 84
13764 84
13765 82
13766 84
13767 82
13768 84
13769 33
13770 33
13771 82
13772 84
13773 82
13774 82
13775 82
13776 82
13777 82
13778 84
13779 84
13780 226
13781 82
13782 82
13783 6
13784 82
13785 84
13786 82
13787 84
13788 82
13789 82
13790 82
13791 84
13792 84
13793 82
13794 84
13795 82
13796 17
13797 17
13798 82
13799 84
13800 84
13801 228
13802 228
13803 82
13804 84
13805 84
13806 84
13807 82
13808 82
13809 82
13810 84
13811 82
13812 17
13813 82
13814 84
13815 82
13816 82
13817 82
13818 82
13819 82
13820 17
13821 17
13822 84
13823 84
13824 33
13825 33
13826 82
13827 82
13828 82
13829 82
13830 82
13831 84
13832 84
13833 82
13834 82
13835 82
13836 84
13837 84
13838 82
13839 82
13840 82
13841 82
13842 82
13843 82
13844 82
13845 82
13846 82
13847 82
13848 82
13849 82
13850 82
13851 82
13852 82
13853 82
13854 82
13855 82
13856 82
13857 82
13858 82
13859 82
13860 82
13861 82
13862 82
13863 82
13864 17
13865 82
13866 33
13867 82
13868 82
13869 82
13870 82
13871 82
13872 82
13873 82
13874 33
13875 82
13876 82
13877 82
13878 82
13879 33
13880 82
13881 82
13882 218
13883 218
13884 33
13885 82
13886 82
13887 82
13888 82
13889 82
13890 82
13891 82
13892 82
13893 82
13894 310
13895 82
13896 82
13897 82
13898 33
13899 33
13900 25
13901 25
13902 25
13903 82
13904 17
13905 6
13906 6
13907 26
13908 26
13909 41
13910 27
13911 27
13912 33
13913 33
13914 17
13915 17
13916 17
13917 17
13918 82
13919 17
13920 82
13921 310
13922 310
13923 310
13924 310
13925 310
13926 310
13927 310
13928 310
13929 310
13930 310
13931 310
13932 4
13933 310
13934 310
13935 82
13936 82
13937 82
13938 82
13939 33
13940 33
13941 82
13942 82
13943 82
13944 82
13945 82
13946 41
13947 82
13948 82
13949 82
13950 82
13951 82
13952 82
13953 82
13954 82
13955 82
13956 82
13957 82
13958 28
13959 28
13960 292
13961 17
13962 17
13963 17
13964 17
13965 218
13966 218
13967 218
13968 218
13969 218
13970 218
13971 82
13972 82
13973 82
13974 82
13975 82
13976 82
13977 82
13978 82
13979 82
13980 82
13981 82
13982 82
13983 82
13984 82
13985 82
13986 82
13987 17
13988 82
13989 82
13990 82
13991 82
13992 82
13993 82
13994 82
13995 82
13996 82
13997 82
13998 82
13999 82
14000 82
14001 82
14002 82
14003 82
14004 82
14005 82
14006 82
14007 82
14008 82
14009 82
14010 17
14011 17
14012 17
14013 17
14014 17
14015 17
14016 17
14017 17
14018 17
14019 17
14020 17
14021 82
14022 17
14023 17
14024 41
14025 41
14026 17
14027 17
14028 17
14029 17
14030 17
14031 17
14032 17
14033 17
14034 82
14035 17
14036 218
14037 17
14038 17
14039 218
14040 17
14041 41
14042 41
14043 41
14044 17
14045 17
14046 4
14047 17
14048 17
14049 17
14050 17
14051 17
14052 17
14053 6
14054 17
14055 17
14056 17
14057 17
14058 17
14059 17
14060 17
14061 17
14062 17
14063 17
14064 17
14065 17
14066 17
14067 41
14068 17
14069 17
14070 17
14071 17
14072 17
14073 17
14074 41
14075 17
14076 41
14077 41
14078 41
14079 41
14080 41
14081 41
14082 41
14083 41
14084 41
14085 41
14086 41
14087 41
14088 41
14089 41
14090 41
14091 41
14092 41
14093 41
14094 41
14095 41
14096 82
14097 310
14098 41
14099 41
14100 41
14101 41
14102 310
14103 41
14104 310
14105 17
14106 41
14107 41
14108 41
14109 41
14110 41
14111 41
14112 41
14113 17
14114 310
14115 310
14116 310
14117 310
14118 310
14119 310
14120 310
14121 310
14122 310
14123 310
14124 218
14125 310
14126 310
14127 310
14128 310
14129 310
14130 310
14131 310
14132 310
14133 310
14134 310
14135 17
14136 310
14137 310
14138 310
14139 310
14140 17
14141 17
14142 310
14143 310
14144 310
14145 310
14146 310
14147 310
14148 310
14149 310
14150 310
14151 310
14152 310
14153 310
14154 310
14155 310
14156 310
14157 310
14158 310
14159 17
14160 310
14161 6
14162 82
14163 310
14164 310
14165 310
14166 310
14167 85
14168 310
14169 310
14170 310
14171 310
14172 17
14173 310
14174 310
14175 310
14176 68
14177 310
14178 6
14179 310
14180 310
14181 310
14182 310
14183 310
14184 310
14185 310
14186 310
14187 310
14188 310
14189 310
14190 310
14191 310
14192 310
14193 4
14194 310
14195 310
14196 310
14197 310
14198 310
14199 310
14200 310
14201 17
14202 310
14203 310
14204 310
14205 17
14206 310
14207 310
14208 17
14209 310
14210 310
14211 310
14212 310
14213 310
14214 310
14215 218
14216 310
14217 310
14218 310
14219 6
14220 310
14221 310
14222 218
14223 310
14224 310
14225 310
14226 310
14227 310
14228 310
14229 310
14230 310
14231 310
14232 17
14233 310
14234 310
14235 17
14236 310
14237 310
14238 310
14239 41
14240 17
14241 17
14242 310
14243 310
14244 310
14245 310
14246 310
14247 310
14248 310
14249 310
14250 310
14251 310
14252 310
14253 17
14254 310
14255 310
14256 310
14257 310
14258 310
14259 310
14260 310
14261 310
14262 82
14263 310
14264 310
14265 310
14266 310
14267 310
14268 6
14269 310
14270 310
14271 310
14272 310
14273 17
14274 17
14275 310
14276 310
14277 17
14278 310
14279 310
14280 17
14281 82
14282 310
14283 82
14284 310
14285 310
14286 82
14287 310
14288 310
14289 310
14290 310
14291 310
14292 82
14293 310
14294 179
14295 179
14296 179
14297 310
14298 310
14299 310
14300 310
14301 218
14302 310
14303 310
14304 17
14305 310
14306 310
14307 310
14308 310
14309 218
14310 310
14311 310
14312 310
14313 310
14314 310
14315 17
14316 310
14317 310
14318 310
14319 310
14320 310
14321 310
14322 310
14323 310
14324 310
14325 310
14326 310
14327 82
14328 68
14329 310
14330 310
14331 310
14332 310
14333 310
14334 310
14335 17
14336 310
14337 310
14338 33
14339 310
14340 310
14341 310
14342 310
14343 310
14344 310
14345 96
14346 310
14347 310
14348 82
14349 310
14350 17
14351 6
14352 96
14353 310
14354 310
14355 310
14356 17
14357 310
14358 218
14359 82
14360 310
14361 218
14362 218
14363 17
14364 310
14365 310
14366 310
14367 310
14368 310
14369 310
14370 17
14371 82
14372 17
14373 310
14374 310
14375 310
14376 17
14377 310
14378 17
14379 310
14380 310
14381 6
14382 310
14383 310
14384 310
14385 310
14386 218
14387 310
14388 17
14389 310
14390 310
14391 310
14392 17
14393 82
14394 82
14395 310
14396 310
14397 310
14398 17
14399 310
14400 310
14401 310
14402 310
14403 310
14404 310
14405 310
14406 310
14407 310
14408 310
14409 310
14410 310
14411 310
14412 82
14413 310
14414 310
14415 310
14416 310
14417 310
14418 310
14419 310
14420 6
14421 310
14422 310
14423 310
14424 310
14425 310
14426 310
14427 310
14428 310
14429 310
14430 310
14431 310
14432 310
14433 41
14434 41
14435 6
14436 6
14437 310
14438 310
14439 82
14440 310
14441 310
14442 218
14443 17
14444 310
14445 310
14446 179
14447 310
14448 310
14449 310
14450 310
14451 310
14452 310
14453 310
14454 310
14455 310
14456 310
14457 310
14458 310
14459 310
14460 310
14461 310
14462 6
14463 310
14464 6
14465 310
14466 310
14467 310
14468 310
14469 310
14470 17
14471 310
14472 310
14473 310
14474 218
14475 310
14476 310
14477 310
14478 310
14479 310
14480 310
14481 310
14482 310
14483 310
14484 310
14485 310
14486 310
14487 310
14488 310
14489 310
14490 310
14491 68
14492 310
14493 310
14494 310
14495 310
14496 310
14497 310
14498 310
14499 17
14500 310
14501 33
14502 41
14503 310
14504 310
14505 310
14506 310
14507 310
14508 310
14509 310
14510 310
14511 310
14512 310
14513 310
14514 6
14515 310
14516 310
14517 17
14518 82
14519 82
14520 310
14521 310
14522 310
14523 310
14524 41
14525 310
14526 310
14527 310
14528 310
14529 310
14530 310
14531 310
14532 6
14533 310
14534 310
14535 310
14536 310
14537 310
14538 310
14539 310
14540 310
14541 310
14542 310
14543 310
14544 310
14545 310
14546 82
14547 310
14548 310
14549 310
14550 218
14551 218
14552 310
14553 82
14554 82
14555 82
14556 17
14557 6
14558 310
14559 35
14560 17
14561 6
14562 6
14563 6
14564 310
14565 310
14566 310
14567 310
14568 17
14569 41
14570 82
14571 41
14572 17
14573 17
14574 17
14575 17
14576 82
14577 17
14578 218
14579 17
14580 17
14581 218
14582 82
14583 17
14584 17
14585 17
14586 82
14587 17
14588 4
14589 17
14590 41
14591 17
14592 17
14593 17
14594 4
14595 41
14596 17
14597 17
14598 278
14599 17
14600 17
14601 41
14602 4
14603 4
14604 17
14605 17
14606 17
14607 17
14608 17
14609 17
14610 17
14611 82
14612 82
14613 17
14614 17
14615 17
14616 17
14617 17
14618 17
14619 82
14620 4
14621 17
14622 41
14623 17
14624 17
14625 17
14626 82
14627 310
14628 310
14629 6
14630 6
14631 6
14632 17
14633 17
14634 82
14635 82
14636 82
14637 17
14638 82
14639 82
14640 82
14641 82
14642 82
14643 82
14644 82
14645 82
14646 17
14647 33
14648 33
14649 33
14650 33
14651 17
14652 41
14653 82
14654 17
14655 17
14656 82
14657 82
14658 82
14659 82
14660 82
14661 82
14662 82
14663 82
14664 82
14665 82
14666 82
14667 82
14668 82
14669 17
14670 17
14671 17
14672 17
14673 82
14674 82
14675 82
14676 280
14677 82
14678 82
14679 82
14680 82
14681 82
14682 82
14683 82
14684 82
14685 82
14686 17
14687 82
14688 17
14689 17
14690 41
14691 41
14692 41
14693 41
14694 41
14695 41
14696 4
14697 82
14698 82
14699 4
14700 82
14701 4
14702 4
14703 4
14704 4
14705 82
14706 82
14707 82
14708 82
14709 17
14710 82
14711 82
14712 118
14713 17
14714 82
14715 82
14716 82
14717 82
14718 82
14719 218
14720 82
14721 82
14722 82
14723 17
14724 82
14725 82
14726 82
14727 82
14728 82
14729 82
14730 82
14731 4
14732 4
14733 4
14734 82
14735 82
14736 82
14737 82
14738 118
14739 17
14740 17
14741 17
14742 17
14743 17
14744 17
14745 17
14746 82
14747 82
14748 41
14749 41
14750 17
14751 17
14752 17
14753 82
14754 82
14755 82
14756 82
14757 82
14758 82
14759 82
14760 17
14761 17
14762 17
14763 17
14764 58
14765 58
14766 58
14767 58
14768 218
14769 58
14770 58
14771 58
14772 58
14773 58
14774 58
14775 58
14776 58
14777 58
14778 58
14779 58
14780 58
14781 58
14782 58
14783 58
14784 58
14785 58
14786 58
14787 58
14788 58
14789 58
14790 58
14791 58
14792 58
14793 58
14794 58
14795 58
14796 58
14797 58
14798 17
14799 17
14800 17
14801 17
14802 17
14803 58
14804 17
14805 41
14806 17
14807 17
14808 17
14809 17
14810 17
14811 17
14812 17
14813 17
14814 17
14815 17
14816 17
14817 41
14818 41
14819 41
14820 17
14821 17
14822 17
14823 17
14824 17
14825 17
14826 41
14827 17
14828 82
14829 218
14830 82
14831 218
14832 218
14833 218
14834 218
14835 218
14836 218
14837 218
14838 218
14839 218
14840 218
14841 218
14842 56
14843 56
14844 56
14845 56
14846 218
14847 218
14848 30
14849 30
14850 82
14851 82
14852 82
14853 82
14854 82
14855 31
14856 31
14857 32
14858 32
14859 292
14860 292
14861 292
14862 96
14863 82
14864 82
14865 82
14866 82
14867 82
14868 82
14869 82
14870 82
14871 82
14872 6
14873 6
14874 6
14875 6
14876 6
14877 6
14878 6
14879 6
14880 6
14881 6
14882 6
14883 6
14884 6
14885 6
14886 6
14887 6
14888 6
14889 6
14890 6
14891 6
14892 6
14893 6
14894 6
14895 6
14896 17
14897 6
14898 6
14899 6
14900 6
14901 6
14902 96
14903 6
14904 6
14905 6
14906 6
14907 6
14908 6
14909 6
14910 6
14911 6
14912 6
14913 6
14914 6
14915 6
14916 6
14917 6
14918 6
14919 6
14920 6
14921 6
14922 6
14923 6
14924 6
14925 96
14926 6
14927 6
14928 6
14929 6
14930 96
14931 6
14932 6
14933 6
14934 6
14935 6
14936 6
14937 6
14938 6
14939 6
14940 6
14941 6
14942 6
14943 6
14944 6
14945 6
14946 6
14947 6
14948 6
14949 6
14950 6
14951 6
14952 6
14953 6
14954 6
14955 6
14956 6
14957 6
14958 6
14959 6
14960 6
14961 6
14962 6
14963 6
14964 6
14965 6
14966 6
14967 6
14968 6
14969 6
14970 6
14971 6
14972 6
14973 6
14974 6
14975 96
14976 96
14977 96
14978 96
14979 6
14980 6
14981 6
14982 6
14983 6
14984 6
14985 96
14986 6
14987 17
14988 96
14989 6
14990 96
14991 6
14992 6
14993 6
14994 6
14995 6
14996 6
14997 6
14998 6
14999 33
15000 6
15001 17
15002 6
15003 6
15004 6
15005 17
15006 6
15007 6
15008 6
15009 6
15010 6
15011 6
15012 6
15013 6
15014 6
15015 6
15016 6
15017 6
15018 6
15019 6
15020 6
15021 6
15022 6
15023 6
15024 6
15025 6
15026 6
15027 96
15028 6
15029 6
15030 6
15031 6
15032 6
15033 6
15034 6
15035 6
15036 6
15037 6
15038 6
15039 6
15040 6
15041 96
15042 6
15043 58
15044 17
15045 6
15046 6
15047 6
15048 6
15049 96
15050 6
15051 6
15052 6
15053 6
15054 6
15055 6
15056 6
15057 6
15058 6
15059 6
15060 6
15061 82
15062 96
15063 82
15064 6
15065 6
15066 6
15067 6
15068 6
15069 6
15070 6
15071 6
15072 6
15073 6
15074 6
15075 6
15076 6
15077 6
15078 6
15079 6
15080 82
15081 6
15082 6
15083 96
15084 6
15085 96
15086 6
15087 6
15088 6
15089 6
15090 96
15091 96
15092 96
15093 6
15094 17
15095 17
15096 6
15097 6
15098 96
15099 6
15100 6
15101 6
15102 6
15103 6
15104 96
15105 96
15106 6
15107 6
15108 6
15109 6
15110 6
15111 6
15112 96
15113 6
15114 96
15115 6
15116 6
15117 6
15118 6
15119 96
15120 96
15121 96
15122 96
15123 6
15124 6
15125 6
15126 6
15127 6
15128 6
15129 6
15130 6
15131 96
15132 6
15133 17
15134 17
15135 82
15136 41
15137 17
15138 6
15139 6
15140 292
15141 82
15142 82
15143 82
15144 82
15145 82
15146 218
15147 82
15148 82
15149 82
15150 82
15151 82
15152 82
15153 82
15154 82
15155 82
15156 82
15157 82
15158 82
15159 82
15160 33
15161 33
15162 41
15163 41
15164 41
15165 41
15166 41
15167 41
15168 41
15169 41
15170 41
15171 41
15172 41
15173 84
15174 84
15175 84
15176 17
15177 84
15178 84
15179 84
15180 41
15181 84
15182 84
15183 82
15184 6
15185 82
15186 6
15187 6
15188 41
15189 82
15190 82
15191 82
15192 17
15193 17
15194 17
15195 17
15196 82
15197 96
15198 96
15199 17
15200 82
15201 6
15202 41
15203 41
15204 41
15205 41
15206 41
15207 41
15208 17
15209 17
15210 41
15211 41
15212 41
15213 41
15214 82
15215 82
15216 82
15217 82
15218 310
15219 310
15220 310
15221 310
15222 310
15223 6
15224 218
15225 218
15226 6
15227 218
15228 82
15229 41
15230 41
15231 41
15232 41
15233 41
15234 41
15235 41
15236 41
15237 41
15238 41
15239 41
15240 41
15241 41
15242 17
15243 41
15244 41
15245 41
15246 41
15247 41
15248 41
15249 41
15250 41
15251 41
15252 17
15253 17
15254 41
15255 17
15256 17
15257 41
15258 41
15259 41
15260 41
15261 310
15262 41
15263 41
15264 41
15265 41
15266 41
15267 41
15268 58
15269 41
15270 17
15271 17
15272 41
15273 41
15274 41
15275 41
15276 41
15277 41
15278 41
15279 41
15280 41
15281 41
15282 41
15283 41
15284 17
15285 17
15286 6
15287 41
15288 17
15289 41
15290 41
15291 41
15292 41
15293 41
15294 41
15295 41
15296 41
15297 17
15298 41
15299 17
15300 41
15301 41
15302 41
15303 41
15304 41
15305 41
15306 41
15307 41
15308 41
15309 41
15310 41
15311 41
15312 41
15313 41
15314 41
15315 41
15316 41
15317 41
15318 41
15319 41
15320 41
15321 41
15322 41
15323 41
15324 41
15325 41
15326 41
15327 41
15328 41
15329 41
15330 41
15331 41
15332 41
15333 41
15334 41
15335 41
15336 41
15337 41
15338 41
15339 41
15340 218
15341 41
15342 41
15343 41
15344 41
15345 41
15346 41
15347 41
15348 41
15349 41
15350 41
15351 41
15352 41
15353 41
15354 58
15355 41
15356 41
15357 41
15358 41
15359 41
15360 17
15361 41
15362 41
15363 41
15364 41
15365 41
15366 41
15367 41
15368 17
15369 17
15370 41
15371 41
15372 41
15373 41
15374 41
15375 41
15376 41
15377 41
15378 41
15379 41
15380 41
15381 41
15382 41
15383 82
15384 41
15385 41
15386 41
15387 41
15388 41
15389 41
15390 41
15391 41
15392 41
15393 41
15394 41
15395 218
15396 17
15397 41
15398 41
15399 218
15400 41
15401 41
15402 41
15403 41
15404 41
15405 41
15406 41
15407 41
15408 41
15409 41
15410 41
15411 17
15412 41
15413 41
15414 41
15415 41
15416 41
15417 41
15418 41
15419 17
15420 17
15421 17
15422 41
15423 41
15424 17
15425 41
15426 41
15427 41
15428 41
15429 41
15430 41
15431 41
15432 41
15433 218
15434 41
15435 41
15436 41
15437 41
15438 41
15439 41
15440 41
15441 41
15442 310
15443 41
15444 218
15445 41
15446 41
15447 41
15448 41
15449 41
15450 41
15451 17
15452 41
15453 41
15454 41
15455 41
15456 41
15457 17
15458 41
15459 41
15460 41
15461 41
15462 41
15463 17
15464 41
15465 41
15466 41
15467 41
15468 41
15469 41
15470 41
15471 41
15472 41
15473 41
15474 17
15475 41
15476 218
15477 41
15478 41
15479 41
15480 41
15481 41
15482 41
15483 41
15484 41
15485 41
15486 41
15487 17
15488 41
15489 41
15490 41
15491 41
15492 41
15493 41
15494 41
15495 41
15496 41
15497 17
15498 41
15499 41
15500 41
15501 41
15502 41
15503 41
15504 41
15505 41
15506 41
15507 41
15508 41
15509 41
15510 41
15511 41
15512 41
15513 41
15514 41
15515 41
15516 41
15517 17
15518 41
15519 41
15520 17
15521 41
15522 41
15523 41
15524 41
15525 41
15526 17
15527 17
15528 17
15529 41
15530 41
15531 218
15532 218
15533 41
15534 41
15535 218
15536 41
15537 41
15538 41
15539 41
15540 41
15541 41
15542 41
15543 41
15544 41
15545 41
15546 41
15547 41
15548 17
15549 41
15550 41
15551 41
15552 41
15553 41
15554 41
15555 41
15556 41
15557 41
15558 41
15559 17
15560 41
15561 41
15562 41
15563 17
15564 41
15565 41
15566 41
15567 41
15568 41
15569 41
15570 41
15571 41
15572 41
15573 96
15574 41
15575 17
15576 41
15577 17
15578 41
15579 6
15580 41
15581 17
15582 41
15583 41
15584 41
15585 41
15586 41
15587 41
15588 41
15589 41
15590 41
15591 17
15592 41
15593 218
15594 41
15595 41
15596 17
15597 41
15598 41
15599 41
15600 41
15601 218
15602 41
15603 41
15604 17
15605 41
15606 41
15607 41
15608 41
15609 41
15610 41
15611 41
15612 17
15613 41
15614 41
15615 41
15616 41
15617 41
15618 41
15619 41
15620 218
15621 17
15622 41
15623 82
15624 17
15625 17
15626 41
15627 41
15628 41
15629 218
15630 41
15631 41
15632 41
15633 41
15634 41
15635 41
15636 41
15637 17
15638 41
15639 41
15640 41
15641 41
15642 41
15643 41
15644 41
15645 41
15646 41
15647 41
15648 41
15649 41
15650 41
15651 41
15652 41
15653 58
15654 17
15655 41
15656 41
15657 41
15658 41
15659 41
15660 41
15661 41
15662 41
15663 58
15664 41
15665 17
15666 17
15667 41
15668 41
15669 41
15670 41
15671 41
15672 41
15673 41
15674 41
15675 41
15676 41
15677 58
15678 41
15679 84
15680 41
15681 41
15682 41
15683 17
15684 17
15685 17
15686 17
15687 17
15688 17
15689 41
15690 17
15691 17
15692 17
15693 17
15694 17
15695 17
15696 17
15697 17
15698 17
15699 17
15700 17
15701 17
15702 17
15703 17
15704 17
15705 218
15706 17
15707 17
15708 17
15709 17
15710 17
15711 17
15712 17
15713 17
15714 17
15715 17
15716 17
15717 17
15718 17
15719 17
15720 17
15721 17
15722 17
15723 17
15724 17
15725 17
15726 17
15727 17
15728 17
15729 17
15730 17
15731 17
15732 17
15733 17
15734 17
15735 17
15736 17
15737 17
15738 17
15739 17
15740 17
15741 17
15742 17
15743 17
15744 17
15745 17
15746 17
15747 17
15748 17
15749 17
15750 17
15751 17
15752 17
15753 17
15754 0
15755 17
15756 17
15757 17
15758 17
15759 17
15760 17
15761 17
15762 17
15763 17
15764 17
15765 17
15766 17
15767 17
15768 17
15769 17
15770 17
15771 17
15772 41
15773 17
15774 17
15775 17
15776 17
15777 17
15778 17
15779 17
15780 17
15781 17
15782 17
15783 17
15784 17
15785 17
15786 17
15787 17
15788 82
15789 17
15790 17
15791 17
15792 218
15793 17
15794 17
15795 17
15796 17
15797 17
15798 17
15799 17
15800 17
15801 17
15802 17
15803 17
15804 17
15805 17
15806 17
15807 17
15808 17
15809 17
15810 17
15811 17
15812 17
15813 17
15814 41
15815 41
15816 41
15817 17
15818 17
15819 17
15820 17
15821 17
15822 17
15823 17
15824 17
15825 17
15826 218
15827 17
15828 17
15829 17
15830 17
15831 17
15832 17
15833 17
15834 218
15835 17
15836 17
15837 17
15838 17
15839 17
15840 17
15841 17
15842 17
15843 17
15844 17
15845 17
15846 17
15847 17
15848 17
15849 17
15850 17
15851 17
15852 17
15853 17
15854 17
15855 17
15856 218
15857 17
15858 17
15859 17
15860 17
15861 17
15862 17
15863 17
15864 17
15865 17
15866 17
15867 17
15868 17
15869 17
15870 17
15871 17
15872 17
15873 17
15874 17
15875 17
15876 17
15877 17
15878 17
15879 17
15880 17
15881 17
15882 17
15883 17
15884 17
15885 17
15886 17
15887 17
15888 17
15889 17
15890 17
15891 17
15892 17
15893 17
15894 17
15895 17
15896 17
15897 17
15898 17
15899 17
15900 17
15901 17
15902 310
15903 17
15904 17
15905 17
15906 218
15907 17
15908 17
15909 17
15910 17
15911 17
15912 218
15913 218
15914 17
15915 41
15916 41
15917 41
15918 17
15919 41
15920 6
15921 6
15922 6
15923 6
15924 17
15925 6
15926 41
15927 17
15928 84
15929 82
15930 82
15931 82
15932 82
15933 36
15934 36
15935 36
15936 17
15937 17
15938 17
15939 17
15940 17
15941 17
15942 17
15943 17
15944 17
15945 17
15946 17
15947 17
15948 41
15949 17
15950 17
15951 17
15952 17
15953 17
15954 17
15955 17
15956 17
15957 17
15958 17
15959 17
15960 17
15961 17
15962 17
15963 17
15964 17
15965 17
15966 17
15967 17
15968 17
15969 17
15970 17
15971 17
15972 17
15973 17
15974 17
15975 17
15976 17
15977 17
15978 17
15979 17
15980 17
15981 17
15982 17
15983 17
15984 17
15985 17
15986 17
15987 17
15988 17
15989 17
15990 17
15991 17
15992 17
15993 17
15994 17
15995 41
15996 41
15997 41
15998 41
15999 41
16000 41
16001 41
16002 41
16003 41
16004 17
16005 17
16006 17
16007 6
16008 82
16009 82
16010 82
16011 82
16012 41
16013 82
16014 82
16015 82
16016 41
16017 4
16018 17
16019 17
16020 17
16021 17
16022 17
16023 17
16024 17
16025 17
16026 17
16027 17
16028 17
16029 17
16030 17
16031 17
16032 17
16033 17
16034 17
16035 82
16036 41
16037 17
16038 17
16039 17
16040 4
16041 17
16042 17
16043 17
16044 310
16045 41
16046 17
16047 17
16048 17
16049 17
16050 17
16051 17
16052 17
16053 17
16054 17
16055 17
16056 17
16057 17
16058 17
16059 17
16060 17
16061 96
16062 17
16063 17
16064 17
16065 17
16066 17
16067 17
16068 17
16069 17
16070 17
16071 17
16072 4
16073 17
16074 41
16075 17
16076 17
16077 17
16078 17
16079 17
16080 218
16081 6
16082 6
16083 6
16084 6
16085 6
16086 6
16087 17
16088 17
16089 17
16090 17
16091 17
16092 17
16093 17
16094 17
16095 41
16096 218
16097 41
16098 41
16099 41
16100 17
16101 41
16102 17
16103 17
16104 17
16105 17
16106 41
16107 41
16108 41
16109 41
16110 41
16111 41
16112 41
16113 41
16114 41
16115 41
16116 17
16117 41
16118 41
16119 41
16120 41
16121 41
16122 41
16123 41
16124 41
16125 41
16126 41
16127 41
16128 41
16129 41
16130 41
16131 41
16132 41
16133 41
16134 41
16135 41
16136 41
16137 41
16138 41
16139 41
16140 41
16141 17
16142 41
16143 41
16144 41
16145 41
16146 41
16147 41
16148 41
16149 41
16150 41
16151 17
16152 41
16153 41
16154 41
16155 41
16156 41
16157 82
16158 41
16159 41
16160 41
16161 41
16162 17
16163 17
16164 41
16165 41
16166 41
16167 41
16168 17
16169 41
16170 41
16171 41
16172 41
16173 41
16174 41
16175 41
16176 41
16177 41
16178 17
16179 41
16180 218
16181 41
16182 41
16183 41
16184 41
16185 41
16186 41
16187 41
16188 41
16189 41
16190 41
16191 41
16192 41
16193 41
16194 41
16195 41
16196 41
16197 41
16198 41
16199 41
16200 41
16201 56
16202 56
16203 56
16204 56
16205 56
16206 56
16207 56
16208 56
16209 56
16210 56
16211 56
16212 56
16213 56
16214 56
16215 56
16216 56
16217 56
16218 56
16219 56
16220 56
16221 56
16222 56
16223 56
16224 56
16225 56
16226 56
16227 56
16228 56
16229 56
16230 56
16231 56
16232 56
16233 56
16234 56
16235 56
16236 56
16237 56
16238 56
16239 56
16240 56
16241 56
16242 56
16243 56
16244 56
16245 56
16246 56
16247 56
16248 56
16249 56
16250 56
16251 56
16252 56
16253 56
16254 56
16255 56
16256 56
16257 56
16258 56
16259 56
16260 56
16261 56
16262 56
16263 56
16264 56
16265 56
16266 56
16267 56
16268 56
16269 56
16270 56
16271 56
16272 56
16273 56
16274 56
16275 56
16276 56
16277 56
16278 56
16279 56
16280 56
16281 56
16282 56
16283 56
16284 56
16285 56
16286 56
16287 56
16288 56
16289 56
16290 56
16291 56
16292 56
16293 56
16294 56
16295 56
16296 56
16297 56
16298 56
16299 56
16300 56
16301 56
16302 41
16303 41
16304 41
16305 41
16306 41
16307 41
16308 41
16309 41
16310 41
16311 41
16312 41
16313 41
16314 17
16315 17
16316 17
16317 17
16318 17
16319 41
16320 17
16321 17
16322 41
16323 41
16324 41
16325 41
16326 41
16327 310
16328 218
16329 41
16330 4
16331 41
16332 41
16333 41
16334 41
16335 41
16336 41
16337 41
16338 41
16339 41
16340 41
16341 41
16342 41
16343 41
16344 41
16345 41
16346 41
16347 41
16348 41
16349 41
16350 41
16351 41
16352 17
16353 41
16354 41
16355 41
16356 41
16357 41
16358 41
16359 41
16360 41
16361 41
16362 41
16363 41
16364 41
16365 41
16366 41
16367 41
16368 56
16369 56
16370 56
16371 41
16372 41
16373 41
16374 17
16375 17
16376 17
16377 17
16378 17
16379 41
16380 41
16381 41
16382 41
16383 41
16384 41
16385 17
16386 17
16387 41
16388 41
16389 41
16390 41
16391 17
16392 17
16393 17
16394 41
16395 41
16396 41
16397 41
16398 41
16399 41
16400 41
16401 41
16402 41
16403 41
16404 41
16405 41
16406 41
16407 41
16408 17
16409 41
16410 41
16411 41
16412 17
16413 17
16414 41
16415 41
16416 17
16417 17
16418 41
16419 17
16420 41
16421 17
16422 352
16423 17
16424 17
16425 41
16426 17
16427 41
16428 17
16429 17
16430 41
16431 41
16432 17
16433 41
16434 41
16435 41
16436 17
16437 41
16438 41
16439 41
16440 41
16441 17
16442 17
16443 17
16444 41
16445 41
16446 41
16447 41
16448 41
16449 84
16450 84
16451 17
16452 17
16453 17
16454 17
16455 17
16456 17
16457 17
16458 17
16459 17
16460 17
16461 17
16462 17
16463 17
16464 17
16465 17
16466 17
16467 41
16468 41
16469 17
16470 17
16471 17
16472 17
16473 17
16474 17
16475 17
16476 17
16477 41
16478 41
16479 6
16480 6
16481 6
16482 41
16483 41
16484 6
16485 6
16486 6
16487 6
16488 6
16489 6
16490 41
16491 41
16492 41
16493 82
16494 41
16495 41
16496 4
16497 41
16498 82
16499 41
16500 41
16501 41
16502 41
16503 17
16504 41
16505 41
16506 41
16507 41
16508 41
16509 41
16510 41
16511 41
16512 96
16513 41
16514 41
16515 41
16516 41
16517 41
16518 41
16519 41
16520 41
16521 41
16522 41
16523 41
16524 41
16525 41
16526 41
16527 41
16528 41
16529 41
16530 96
16531 41
16532 41
16533 4
16534 4
16535 56
16536 56
16537 56
16538 56
16539 56
16540 56
16541 56
16542 56
16543 56
16544 56
16545 56
16546 41
16547 41
16548 17
16549 82
16550 41
16551 17
16552 58
16553 58
16554 58
16555 58
16556 58
16557 17
16558 17
16559 56
16560 41
16561 41
16562 218
16563 41
16564 41
16565 41
16566 41
16567 41
16568 41
16569 41
16570 82
16571 41
16572 82
16573 41
16574 310
16575 41
16576 41
16577 41
16578 41
16579 41
16580 41
16581 41
16582 41
16583 41
16584 41
16585 41
16586 41
16587 33
16588 41
16589 41
16590 41
16591 41
16592 4
16593 41
16594 41
16595 41
16596 41
16597 41
16598 41
16599 41
16600 41
16601 41
16602 41
16603 41
16604 41
16605 41
16606 41
16607 41
16608 41
16609 41
16610 41
16611 6
16612 41
16613 41
16614 41
16615 41
16616 41
16617 41
16618 17
16619 41
16620 41
16621 41
16622 41
16623 41
16624 41
16625 17
16626 41
16627 41
16628 41
16629 41
16630 41
16631 41
16632 41
16633 41
16634 41
16635 41
16636 41
16637 41
16638 41
16639 41
16640 41
16641 41
16642 85
16643 41
16644 41
16645 41
16646 41
16647 41
16648 41
16649 41
16650 41
16651 41
16652 41
16653 41
16654 41
16655 41
16656 41
16657 41
16658 310
16659 85
16660 85
16661 85
16662 41
16663 41
16664 41
16665 41
16666 41
16667 41
16668 41
16669 41
16670 34
16671 34
16672 34
16673 34
16674 17
16675 17
16676 17
16677 17
16678 17
16679 17
16680 17
16681 17
16682 17
16683 17
16684 17
16685 17
16686 17
16687 17
16688 17
16689 17
16690 17
16691 58
16692 58
16693 58
16694 58
16695 41
16696 17
16697 17
16698 17
16699 41
16700 17
16701 17
16702 17
16703 17
16704 17
16705 17
16706 17
16707 41
16708 17
16709 17
16710 17
16711 17
16712 17
16713 17
16714 17
16715 17
16716 17
16717 17
16718 17
16719 17
16720 17
16721 17
16722 17
16723 17
16724 17
16725 17
16726 17
16727 17
16728 17
16729 17
16730 17
16731 17
16732 17
16733 17
16734 17
16735 17
16736 17
16737 17
16738 17
16739 17
16740 17
16741 17
16742 17
16743 17
16744 17
16745 17
16746 17
16747 17
16748 17
16749 17
16750 17
16751 17
16752 17
16753 17
16754 17
16755 17
16756 17
16757 17
16758 17
16759 17
16760 17
16761 17
16762 17
16763 17
16764 17
16765 17
16766 17
16767 17
16768 17
16769 17
16770 17
16771 17
16772 17
16773 17
16774 17
16775 17
16776 17
16777 17
16778 17
16779 17
16780 58
16781 6
16782 6
16783 6
16784 6
16785 6
16786 6
16787 6
16788 6
16789 6
16790 6
16791 41
16792 41
16793 41
16794 41
16795 41
16796 41
16797 41
16798 41
16799 41
16800 41
16801 17
16802 41
16803 17
16804 6
16805 6
16806 17
16807 6
16808 310
16809 310
16810 82
16811 82
16812 310
16813 310
16814 82
16815 82
16816 310
16817 310
16818 82
16819 82
16820 82
16821 82
16822 310
16823 310
16824 310
16825 310
16826 310
16827 310
16828 82
16829 82
16830 82
16831 82
16832 310
16833 82
16834 310
16835 82
16836 17
16837 82
16838 310
16839 310
16840 82
16841 82
16842 82
16843 82
16844 310
16845 310
16846 310
16847 310
16848 310
16849 82
16850 310
16851 82
16852 82
16853 310
16854 310
16855 82
16856 41
16857 82
16858 82
16859 82
16860 41
16861 82
16862 310
16863 310
16864 82
16865 82
16866 82
16867 310
16868 82
16869 292
16870 292
16871 292
16872 292
16873 41
16874 41
16875 41
16876 41
16877 17
16878 17
16879 41
16880 41
16881 41
16882 41
16883 41
16884 41
16885 41
16886 41
16887 85
16888 41
16889 41
16890 85
16891 85
16892 56
16893 56
16894 41
16895 41
16896 41
16897 41
16898 41
16899 17
16900 41
16901 85
16902 41
16903 85
16904 41
16905 41
16906 41
16907 310
16908 41
16909 41
16910 41
16911 41
16912 41
16913 41
16914 41
16915 41
16916 41
16917 41
16918 41
16919 41
16920 41
16921 41
16922 41
16923 41
16924 41
16925 85
16926 41
16927 41
16928 41
16929 41
16930 96
16931 41
16932 41
16933 41
16934 41
16935 41
16936 41
16937 41
16938 41
16939 41
16940 41
16941 41
16942 41
16943 41
16944 41
16945 41
16946 17
16947 41
16948 41
16949 41
16950 41
16951 41
16952 41
16953 41
16954 85
16955 85
16956 85
16957 82
16958 41
16959 41
16960 41
16961 41
16962 41
16963 56
16964 56
16965 56
16966 56
16967 17
16968 17
16969 17
16970 17
16971 91
16972 91
16973 17
16974 41
16975 17
16976 17
16977 17
16978 17
16979 17
16980 17
16981 17
16982 41
16983 17
16984 17
16985 17
16986 41
16987 91
16988 17
16989 17
16990 17
16991 17
16992 17
16993 17
16994 17
16995 17
16996 17
16997 17
16998 91
16999 17
17000 17
17001 17
17002 91
17003 17
17004 17
17005 17
17006 6
17007 17
17008 17
17009 91
17010 17
17011 17
17012 17
17013 91
17014 6
17015 17
17016 17
17017 17
17018 17
17019 17
17020 17
17021 17
17022 17
17023 17
17024 17
17025 41
17026 17
17027 91
17028 17
17029 17
17030 17
17031 17
17032 17
17033 17
17034 17
17035 17
17036 17
17037 17
17038 17
17039 17
17040 17
17041 17
17042 17
17043 17
17044 17
17045 17
17046 17
17047 91
17048 17
17049 17
17050 17
17051 82
17052 17
17053 17
17054 17
17055 41
17056 17
17057 17
17058 17
17059 35
17060 17
17061 17
17062 17
17063 17
17064 17
17065 17
17066 17
17067 17
17068 17
17069 17
17070 17
17071 17
17072 41
17073 17
17074 17
17075 41
17076 17
17077 17
17078 17
17079 17
17080 17
17081 17
17082 17
17083 91
17084 41
17085 17
17086 17
17087 17
17088 17
17089 17
17090 17
17091 17
17092 17
17093 17
17094 91
17095 17
17096 17
17097 68
17098 68
17099 17
17100 4
17101 17
17102 17
17103 17
17104 17
17105 17
17106 17
17107 17
17108 17
17109 17
17110 17
17111 17
17112 17
17113 68
17114 6
17115 68
17116 17
17117 17
17118 17
17119 17
17120 17
17121 17
17122 17
17123 17
17124 17
17125 17
17126 17
17127 17
17128 68
17129 17
17130 17
17131 68
17132 17
17133 17
17134 17
17135 17
17136 17
17137 35
17138 17
17139 17
17140 17
17141 17
17142 17
17143 17
17144 17
17145 17
17146 17
17147 17
17148 17
17149 17
17150 17
17151 17
17152 17
17153 17
17154 17
17155 17
17156 17
17157 17
17158 17
17159 17
17160 17
17161 17
17162 17
17163 17
17164 17
17165 17
17166 41
17167 17
17168 17
17169 17
17170 17
17171 17
17172 17
17173 17
17174 17
17175 17
17176 17
17177 17
17178 17
17179 17
17180 17
17181 37
17182 17
17183 17
17184 17
17185 17
17186 17
17187 17
17188 17
17189 17
17190 17
17191 17
17192 17
17193 17
17194 17
17195 17
17196 17
17197 17
17198 17
17199 37
17200 17
17201 17
17202 17
17203 17
17204 17
17205 17
17206 17
17207 17
17208 17
17209 17
17210 17
17211 17
17212 37
17213 218
17214 17
17215 17
17216 17
17217 17
17218 17
17219 17
17220 17
17221 17
17222 17
17223 17
17224 17
17225 58
17226 58
17227 58
17228 58
17229 17
17230 17
17231 17
17232 17
17233 17
17234 17
17235 17
17236 17
17237 17
17238 17
17239 17
17240 179
17241 6
17242 17
17243 17
17244 179
17245 17
17246 6
17247 17
17248 310
17249 17
17250 17
17251 17
17252 17
17253 17
17254 17
17255 17
17256 17
17257 17
17258 17
17259 17
17260 17
17261 17
17262 17
17263 17
17264 17
17265 17
17266 17
17267 17
17268 17
17269 17
17270 17
17271 17
17272 17
17273 218
17274 35
17275 218
17276 17
17277 17
17278 17
17279 17
17280 17
17281 17
17282 17
17283 17
17284 17
17285 68
17286 17
17287 58
17288 17
17289 17
17290 17
17291 17
17292 17
17293 68
17294 68
17295 17
17296 17
17297 17
17298 17
17299 17
17300 310
17301 17
17302 17
17303 17
17304 17
17305 17
17306 17
17307 17
17308 17
17309 17
17310 17
17311 17
17312 17
17313 17
17314 17
17315 17
17316 17
17317 17
17318 17
17319 17
17320 179
17321 218
17322 17
17323 17
17324 17
17325 17
17326 17
17327 17
17328 17
17329 17
17330 17
17331 17
17332 17
17333 17
17334 17
17335 17
17336 17
17337 17
17338 17
17339 17
17340 17
17341 17
17342 17
17343 17
17344 17
17345 17
17346 17
17347 17
17348 17
17349 17
17350 17
17351 17
17352 17
17353 17
17354 17
17355 17
17356 17
17357 17
17358 17
17359 17
17360 17
17361 17
17362 17
17363 17
17364 17
17365 17
17366 17
17367 17
17368 17
17369 17
17370 68
17371 17
17372 17
17373 17
17374 17
17375 17
17376 17
17377 17
17378 17
17379 68
17380 4
17381 17
17382 17
17383 17
17384 17
17385 17
17386 17
17387 17
17388 17
17389 17
17390 17
17391 17
17392 17
17393 17
17394 17
17395 17
17396 17
17397 17
17398 17
17399 17
17400 17
17401 17
17402 17
17403 17
17404 17
17405 17
17406 17
17407 17
17408 17
17409 17
17410 17
17411 17
17412 17
17413 17
17414 17
17415 17
17416 17
17417 17
17418 17
17419 17
17420 17
17421 17
17422 17
17423 102
17424 17
17425 17
17426 17
17427 17
17428 17
17429 17
17430 17
17431 17
17432 17
17433 17
17434 17
17435 17
17436 17
17437 17
17438 17
17439 17
17440 17
17441 17
17442 41
17443 17
17444 17
17445 17
17446 17
17447 17
17448 17
17449 17
17450 17
17451 17
17452 17
17453 17
17454 17
17455 17
17456 17
17457 17
17458 17
17459 17
17460 17
17461 17
17462 17
17463 17
17464 17
17465 17
17466 17
17467 17
17468 17
17469 17
17470 103
17471 17
17472 17
17473 17
17474 17
17475 17
17476 17
17477 17
17478 17
17479 17
17480 17
17481 17
17482 17
17483 17
17484 17
17485 17
17486 17
17487 17
17488 17
17489 17
17490 17
17491 17
17492 33
17493 17
17494 17
17495 17
17496 17
17497 17
17498 17
17499 17
17500 17
17501 17
17502 17
17503 17
17504 17
17505 17
17506 17
17507 17
17508 17
17509 17
17510 17
17511 17
17512 179
17513 17
17514 17
17515 17
17516 17
17517 17
17518 17
17519 17
17520 17
17521 17
17522 17
17523 17
17524 17
17525 218
17526 17
17527 17
17528 17
17529 17
17530 17
17531 17
17532 84
17533 17
17534 17
17535 17
17536 17
17537 17
17538 17
17539 17
17540 17
17541 179
17542 17
17543 17
17544 17
17545 17
17546 17
17547 17
17548 17
17549 17
17550 17
17551 17
17552 17
17553 17
17554 17
17555 17
17556 17
17557 17
17558 17
17559 17
17560 17
17561 17
17562 17
17563 17
17564 17
17565 17
17566 17
17567 17
17568 17
17569 17
17570 17
17571 17
17572 17
17573 17
17574 17
17575 17
17576 17
17577 17
17578 17
17579 17
17580 17
17581 17
17582 17
17583 17
17584 17
17585 17
17586 17
17587 17
17588 17
17589 17
17590 17
17591 17
17592 17
17593 17
17594 218
17595 17
17596 17
17597 17
17598 17
17599 17
17600 17
17601 17
17602 17
17603 17
17604 17
17605 17
17606 17
17607 17
17608 17
17609 17
17610 17
17611 17
17612 17
17613 17
17614 17
17615 17
17616 17
17617 17
17618 17
17619 17
17620 17
17621 17
17622 17
17623 17
17624 17
17625 17
17626 17
17627 17
17628 17
17629 17
17630 17
17631 17
17632 17
17633 17
17634 17
17635 17
17636 17
17637 17
17638 17
17639 17
17640 17
17641 17
17642 310
17643 310
17644 17
17645 17
17646 17
17647 17
17648 17
17649 17
17650 17
17651 176
17652 17
17653 17
17654 17
17655 41
17656 17
17657 17
17658 17
17659 17
17660 17
17661 17
17662 17
17663 17
17664 17
17665 17
17666 17
17667 17
17668 17
17669 17
17670 17
17671 17
17672 17
17673 17
17674 17
17675 17
17676 17
17677 17
17678 17
17679 17
17680 17
17681 17
17682 17
17683 17
17684 17
17685 17
17686 176
17687 17
17688 17
17689 17
17690 17
17691 17
17692 176
17693 17
17694 17
17695 17
17696 17
17697 17
17698 17
17699 17
17700 17
17701 17
17702 17
17703 17
17704 17
17705 17
17706 17
17707 17
17708 179
17709 17
17710 17
17711 17
17712 17
17713 17
17714 17
17715 17
17716 17
17717 17
17718 17
17719 17
17720 17
17721 17
17722 17
17723 17
17724 17
17725 17
17726 17
17727 17
17728 17
17729 17
17730 17
17731 17
17732 17
17733 17
17734 17
17735 17
17736 17
17737 17
17738 17
17739 17
17740 41
17741 17
17742 17
17743 17
17744 17
17745 17
17746 17
17747 82
17748 218
17749 17
17750 17
17751 17
17752 17
17753 17
17754 17
17755 17
17756 17
17757 17
17758 37
17759 37
17760 37
17761 37
17762 37
17763 37
17764 37
17765 37
17766 37
17767 37
17768 37
17769 37
17770 37
17771 17
17772 17
17773 17
17774 17
17775 17
17776 17
17777 17
17778 17
17779 17
17780 17
17781 17
17782 17
17783 17
17784 17
17785 17
17786 17
17787 17
17788 17
17789 17
17790 17
17791 17
17792 17
17793 17
17794 17
17795 17
17796 17
17797 17
17798 17
17799 17
17800 17
17801 17
17802 17
17803 17
17804 17
17805 17
17806 17
17807 17
17808 17
17809 17
17810 17
17811 17
17812 6
17813 6
17814 6
17815 6
17816 6
17817 6
17818 6
17819 6
17820 6
17821 6
17822 6
17823 6
17824 6
17825 6
17826 6
17827 6
17828 6
17829 6
17830 6
17831 17
17832 17
17833 17
17834 17
17835 17
17836 17
17837 17
17838 17
17839 17
17840 17
17841 41
17842 17
17843 17
17844 17
17845 17
17846 17
17847 17
17848 17
17849 17
17850 17
17851 17
17852 17
17853 17
17854 17
17855 17
17856 17
17857 17
17858 17
17859 17
17860 17
17861 17
17862 17
17863 17
17864 17
17865 17
17866 17
17867 17
17868 17
17869 17
17870 17
17871 17
17872 17
17873 17
17874 17
17875 17
17876 17
17877 17
17878 17
17879 17
17880 17
17881 17
17882 17
17883 17
17884 17
17885 17
17886 17
17887 17
17888 17
17889 17
17890 17
17891 17
17892 17
17893 4
17894 17
17895 17
17896 17
17897 17
17898 17
17899 17
17900 17
17901 17
17902 17
17903 17
17904 84
17905 17
17906 17
17907 17
17908 17
17909 17
17910 82
17911 17
17912 17
17913 17
17914 17
17915 17
17916 17
17917 17
17918 17
17919 17
17920 17
17921 82
17922 6
17923 6
17924 6
17925 6
17926 6
17927 6
17928 6
17929 6
17930 6
17931 6
17932 6
17933 6
17934 6
17935 6
17936 6
17937 6
17938 6
17939 6
17940 6
17941 6
17942 6
17943 6
17944 6
17945 6
17946 6
17947 6
17948 6
17949 6
17950 6
17951 6
17952 6
17953 6
17954 6
17955 6
17956 6
17957 6
17958 6
17959 6
17960 6
17961 6
17962 6
17963 6
17964 6
17965 6
17966 6
17967 6
17968 6
17969 6
17970 6
17971 6
17972 6
17973 6
17974 6
17975 6
17976 6
17977 6
17978 6
17979 6
17980 6
17981 6
17982 6
17983 6
17984 6
17985 6
17986 6
17987 6
17988 6
17989 6
17990 6
17991 6
17992 6
17993 6
17994 6
17995 6
17996 6
17997 6
17998 6
17999 6
18000 6
18001 6
18002 6
18003 6
18004 6
18005 6
18006 6
18007 6
18008 6
18009 6
18010 6
18011 6
18012 6
18013 6
18014 6
18015 6
18016 6
18017 6
18018 6
18019 6
18020 6
18021 6
18022 6
18023 6
18024 6
18025 6
18026 6
18027 6
18028 6
18029 6
18030 6
18031 6
18032 6
18033 6
18034 6
18035 6
18036 6
18037 6
18038 6
18039 6
18040 6
18041 6
18042 6
18043 6
18044 82
18045 6
18046 6
18047 6
18048 6
18049 6
18050 6
18051 6
18052 6
18053 6
18054 6
18055 6
18056 6
18057 6
18058 6
18059 6
18060 6
18061 6
18062 6
18063 6
18064 6
18065 6
18066 58
18067 58
18068 6
18069 6
18070 6
18071 6
18072 6
18073 6
18074 6
18075 6
18076 6
18077 6
18078 6
18079 6
18080 6
18081 6
18082 6
18083 6
18084 17
18085 6
18086 6
18087 6
18088 6
18089 17
18090 6
18091 6
18092 6
18093 6
18094 6
18095 6
18096 6
18097 6
18098 6
18099 6
18100 6
18101 6
18102 6
18103 6
18104 6
18105 6
18106 6
18107 6
18108 6
18109 6
18110 6
18111 6
18112 6
18113 6
18114 6
18115 6
18116 6
18117 6
18118 6
18119 6
18120 6
18121 6
18122 6
18123 218
18124 6
18125 6
18126 6
18127 6
18128 82
18129 6
18130 6
18131 6
18132 6
18133 82
18134 6
18135 6
18136 6
18137 6
18138 6
18139 6
18140 6
18141 6
18142 6
18143 6
18144 6
18145 17
18146 6
18147 6
18148 6
18149 6
18150 6
18151 6
18152 6
18153 6
18154 6
18155 6
18156 6
18157 6
18158 6
18159 17
18160 6
18161 6
18162 6
18163 6
18164 6
18165 6
18166 6
18167 6
18168 6
18169 58
18170 6
18171 6
18172 6
18173 6
18174 6
18175 6
18176 6
18177 6
18178 6
18179 6
18180 6
18181 6
18182 6
18183 6
18184 41
18185 6
18186 6
18187 6
18188 6
18189 6
18190 17
18191 6
18192 6
18193 6
18194 6
18195 6
18196 6
18197 6
18198 6
18199 6
18200 6
18201 6
18202 6
18203 6
18204 6
18205 6
18206 6
18207 6
18208 41
18209 6
18210 6
18211 6
18212 6
18213 6
18214 6
18215 6
18216 6
18217 6
18218 6
18219 6
18220 6
18221 6
18222 6
18223 82
18224 6
18225 6
18226 6
18227 6
18228 6
18229 6
18230 6
18231 6
18232 6
18233 6
18234 6
18235 6
18236 6
18237 6
18238 6
18239 6
18240 6
18241 6
18242 6
18243 6
18244 6
18245 17
18246 218
18247 292
18248 292
18249 17
18250 17
18251 17
18252 17
18253 17
18254 17
18255 17
18256 17
18257 17
18258 17
18259 17
18260 58
18261 17
18262 17
18263 17
18264 17
18265 17
18266 82
18267 17
18268 17
18269 17
18270 17
18271 17
18272 17
18273 17
18274 17
18275 17
18276 17
18277 17
18278 17
18279 17
18280 17
18281 17
18282 17
18283 17
18284 17
18285 17
18286 17
18287 17
18288 17
18289 17
18290 17
18291 17
18292 17
18293 41
18294 17
18295 17
18296 17
18297 17
18298 17
18299 17
18300 17
18301 17
18302 17
18303 17
18304 17
18305 17
18306 17
18307 17
18308 17
18309 17
18310 17
18311 17
18312 17
18313 17
18314 17
18315 17
18316 17
18317 17
18318 17
18319 17
18320 17
18321 17
18322 17
18323 17
18324 17
18325 17
18326 17
18327 17
18328 17
18329 17
18330 17
18331 17
18332 17
18333 17
18334 17
18335 17
18336 17
18337 17
18338 17
18339 58
18340 17
18341 17
18342 17
18343 17
18344 17
18345 17
18346 17
18347 17
18348 17
18349 17
18350 17
18351 17
18352 17
18353 17
18354 17
18355 17
18356 17
18357 17
18358 17
18359 17
18360 17
18361 17
18362 17
18363 17
18364 17
18365 17
18366 17
18367 17
18368 17
18369 17
18370 17
18371 17
18372 17
18373 39
18374 39
18375 17
18376 17
18377 455
18378 17
18379 17
18380 17
18381 17
18382 17
18383 17
18384 17
18385 17
18386 17
18387 17
18388 17
18389 17
18390 17
18391 17
18392 17
18393 17
18394 17
18395 17
18396 17
18397 17
18398 17
18399 17
18400 17
18401 17
18402 17
18403 17
18404 17
18405 17
18406 17
18407 17
18408 17
18409 17
18410 17
18411 17
18412 17
18413 17
18414 17
18415 17
18416 17
18417 17
18418 17
18419 17
18420 17
18421 17
18422 17
18423 17
18424 17
18425 17
18426 17
18427 17
18428 17
18429 17
18430 17
18431 17
18432 17
18433 17
18434 17
18435 17
18436 17
18437 17
18438 17
18439 17
18440 17
18441 17
18442 17
18443 17
18444 17
18445 17
18446 17
18447 17
18448 17
18449 17
18450 17
18451 17
18452 17
18453 17
18454 17
18455 17
18456 17
18457 17
18458 17
18459 17
18460 17
18461 17
18462 17
18463 17
18464 17
18465 84
18466 17
18467 33
18468 17
18469 17
18470 17
18471 39
18472 39
18473 39
18474 39
18475 17
18476 17
18477 17
18478 17
18479 17
18480 17
18481 17
18482 17
18483 17
18484 17
18485 17
18486 17
18487 17
18488 17
18489 17
18490 17
18491 17
18492 17
18493 17
18494 17
18495 17
18496 17
18497 17
18498 17
18499 17
18500 17
18501 17
18502 17
18503 17
18504 17
18505 17
18506 17
18507 17
18508 17
18509 17
18510 17
18511 17
18512 17
18513 17
18514 17
18515 17
18516 17
18517 17
18518 17
18519 17
18520 17
18521 17
18522 17
18523 17
18524 17
18525 17
18526 39
18527 17
18528 17
18529 17
18530 17
18531 17
18532 17
18533 17
18534 17
18535 17
18536 17
18537 17
18538 17
18539 17
18540 17
18541 17
18542 17
18543 17
18544 17
18545 17
18546 17
18547 17
18548 17
18549 17
18550 17
18551 17
18552 17
18553 17
18554 17
18555 17
18556 17
18557 17
18558 17
18559 17
18560 17
18561 17
18562 17
18563 17
18564 17
18565 17
18566 17
18567 17
18568 17
18569 17
18570 17
18571 17
18572 17
18573 17
18574 17
18575 17
18576 17
18577 17
18578 17
18579 17
18580 17
18581 84
18582 17
18583 17
18584 17
18585 17
18586 17
18587 17
18588 17
18589 17
18590 452
18591 17
18592 17
18593 17
18594 17
18595 17
18596 17
18597 17
18598 17
18599 17
18600 17
18601 17
18602 17
18603 17
18604 17
18605 17
18606 17
18607 17
18608 17
18609 17
18610 17
18611 17
18612 17
18613 17
18614 17
18615 17
18616 17
18617 58
18618 17
18619 17
18620 17
18621 17
18622 17
18623 58
18624 58
18625 58
18626 58
18627 218
18628 218
18629 17
18630 40
18631 40
18632 40
18633 40
18634 40
18635 40
18636 17
18637 17
18638 82
18639 17
18640 17
18641 17
18642 17
18643 17
18644 17
18645 4
18646 4
18647 84
18648 84
18649 218
18650 218
18651 84
18652 17
18653 218
18654 218
18655 218
18656 218
18657 218
18658 218
18659 218
18660 218
18661 17
18662 17
18663 82
18664 17
18665 17
18666 17
18667 17
18668 41
18669 41
18670 41
18671 17
18672 17
18673 41
18674 17
18675 17
18676 17
18677 17
18678 17
18679 17
18680 17
18681 17
18682 17
18683 41
18684 17
18685 17
18686 17
18687 17
18688 17
18689 17
18690 17
18691 17
18692 17
18693 17
18694 17
18695 17
18696 17
18697 218
18698 17
18699 17
18700 17
18701 82
18702 17
18703 17
18704 17
18705 17
18706 17
18707 17
18708 17
18709 82
18710 82
18711 82
18712 82
18713 84
18714 84
18715 84
18716 84
18717 84
18718 84
18719 84
18720 84
18721 84
18722 84
18723 84
18724 84
18725 17
18726 310
18727 17
18728 17
18729 17
18730 17
18731 17
18732 310
18733 310
18734 310
18735 310
18736 310
18737 310
18738 310
18739 310
18740 310
18741 310
18742 17
18743 310
18744 17
18745 310
18746 310
18747 310
18748 310
18749 310
18750 310
18751 310
18752 310
18753 17
18754 310
18755 310
18756 310
18757 310
18758 310
18759 310
18760 310
18761 310
18762 310
18763 310
18764 310
18765 310
18766 310
18767 310
18768 310
18769 310
18770 310
18771 310
18772 310
18773 310
18774 310
18775 310
18776 310
18777 310
18778 56
18779 56
18780 56
18781 96
18782 56
18783 56
18784 310
18785 56
18786 56
18787 56
18788 56
18789 56
18790 56
18791 56
18792 56
18793 56
18794 56
18795 56
18796 56
18797 56
18798 56
18799 56
18800 56
18801 56
18802 56
18803 56
18804 56
18805 56
18806 56
18807 56
18808 56
18809 56
18810 56
18811 56
18812 56
18813 56
18814 56
18815 56
18816 56
18817 56
18818 4
18819 56
18820 56
18821 96
18822 56
18823 56
18824 56
18825 56
18826 17
18827 56
18828 56
18829 56
18830 56
18831 56
18832 56
18833 56
18834 56
18835 56
18836 56
18837 56
18838 56
18839 56
18840 56
18841 56
18842 56
18843 4
18844 56
18845 56
18846 56
18847 56
18848 56
18849 56
18850 56
18851 56
18852 56
18853 56
18854 56
18855 56
18856 56
18857 56
18858 56
18859 56
18860 56
18861 56
18862 56
18863 310
18864 56
18865 17
18866 56
18867 56
18868 56
18869 56
18870 56
18871 56
18872 56
18873 56
18874 56
18875 56
18876 4
18877 56
18878 56
18879 56
18880 218
18881 56
18882 56
18883 56
18884 56
18885 56
18886 56
18887 4
18888 56
18889 56
18890 41
18891 56
18892 56
18893 56
18894 56
18895 56
18896 56
18897 4
18898 56
18899 56
18900 56
18901 96
18902 56
18903 56
18904 56
18905 17
18906 17
18907 56
18908 56
18909 56
18910 96
18911 56
18912 56
18913 56
18914 56
18915 56
18916 56
18917 56
18918 56
18919 56
18920 310
18921 310
18922 310
18923 17
18924 310
18925 310
18926 17
18927 310
18928 310
18929 310
18930 310
18931 310
18932 310
18933 310
18934 310
18935 310
18936 310
18937 82
18938 310
18939 310
18940 310
18941 310
18942 310
18943 310
18944 310
18945 310
18946 310
18947 310
18948 310
18949 310
18950 310
18951 310
18952 17
18953 310
18954 310
18955 310
18956 310
18957 310
18958 310
18959 310
18960 310
18961 310
18962 310
18963 310
18964 310
18965 310
18966 310
18967 310
18968 310
18969 310
18970 310
18971 310
18972 82
18973 310
18974 310
18975 310
18976 310
18977 310
18978 310
18979 310
18980 310
18981 310
18982 82
18983 310
18984 310
18985 310
18986 310
18987 310
18988 84
18989 84
18990 84
18991 84
18992 84
18993 84
18994 84
18995 84
18996 84
18997 17
18998 310
18999 310
19000 310
19001 310
19002 310
19003 310
19004 310
19005 310
19006 310
19007 310
19008 42
19009 42
19010 43
19011 43
19012 43
19013 310
19014 310
19015 310
19016 413
19017 413
19018 413
19019 413
19020 413
19021 413
19022 17
19023 17
19024 17
19025 17
19026 17
19027 17
19028 310
19029 310
19030 310
19031 310
19032 310
19033 4
19034 4
19035 310
19036 310
19037 310
19038 310
19039 41
19040 310
19041 310
19042 310
19043 310
19044 33
19045 176
19046 310
19047 33
19048 310
19049 310
19050 33
19051 310
19052 310
19053 310
19054 310
19055 310
19056 310
19057 310
19058 310
19059 310
19060 310
19061 310
19062 310
19063 310
19064 310
19065 310
19066 310
19067 310
19068 310
19069 176
19070 33
19071 218
19072 310
19073 310
19074 310
19075 310
19076 310
19077 310
19078 310
19079 310
19080 310
19081 310
19082 310
19083 310
19084 310
19085 310
19086 310
19087 310
19088 310
19089 310
19090 310
19091 310
19092 310
19093 310
19094 4
19095 310
19096 310
19097 4
19098 310
19099 310
19100 310
19101 310
19102 310
19103 310
19104 310
19105 310
19106 310
19107 310
19108 310
19109 310
19110 310
19111 17
19112 310
19113 310
19114 310
19115 82
19116 17
19117 6
19118 310
19119 17
19120 17
19121 310
19122 17
19123 17
19124 17
19125 17
19126 452
19127 17
19128 218
19129 17
19130 17
19131 17
19132 17
19133 17
19134 17
19135 17
19136 17
19137 17
19138 17
19139 17
19140 17
19141 17
19142 17
19143 17
19144 17
19145 310
19146 17
19147 17
19148 17
19149 17
19150 17
19151 17
19152 17
19153 17
19154 17
19155 17
19156 17
19157 17
19158 17
19159 310
19160 17
19161 17
19162 17
19163 17
19164 17
19165 17
19166 17
19167 17
19168 17
19169 17
19170 17
19171 17
19172 17
19173 17
19174 310
19175 17
19176 17
19177 17
19178 17
19179 310
19180 17
19181 17
19182 310
19183 310
19184 310
19185 82
19186 310
19187 310
19188 310
19189 41
19190 218
19191 17
19192 218
19193 310
19194 310
19195 310
19196 310
19197 310
19198 310
19199 310
19200 310
19201 310
19202 310
19203 310
19204 310
19205 310
19206 17
19207 310
19208 310
19209 310
19210 310
19211 310
19212 310
19213 310
19214 310
19215 310
19216 310
19217 310
19218 17
19219 17
19220 310
19221 310
19222 310
19223 310
19224 310
19225 310
19226 310
19227 310
19228 310
19229 310
19230 310
19231 310
19232 17
19233 6
19234 310
19235 310
19236 310
19237 310
19238 310
19239 310
19240 310
19241 4
19242 310
19243 310
19244 310
19245 310
19246 310
19247 310
19248 218
19249 218
19250 310
19251 310
19252 310
19253 310
19254 310
19255 310
19256 310
19257 310
19258 310
19259 310
19260 310
19261 310
19262 310
19263 4
19264 310
19265 4
19266 310
19267 310
19268 310
19269 310
19270 310
19271 4
19272 310
19273 310
19274 310
19275 310
19276 310
19277 310
19278 310
19279 310
19280 310
19281 310
19282 310
19283 310
19284 310
19285 310
19286 310
19287 310
19288 310
19289 310
19290 218
19291 310
19292 310
19293 310
19294 310
19295 310
19296 310
19297 310
19298 310
19299 310
19300 310
19301 310
19302 310
19303 310
19304 310
19305 310
19306 310
19307 310
19308 310
19309 310
19310 310
19311 17
19312 310
19313 82
19314 82
19315 310
19316 310
19317 310
19318 310
19319 310
19320 310
19321 310
19322 17
19323 310
19324 4
19325 17
19326 17
19327 82
19328 17
19329 17
19330 82
19331 310
19332 82
19333 82
19334 82
19335 218
19336 310
19337 44
19338 44
19339 218
19340 540
19341 540
19342 540
19343 540
19344 540
19345 82
19346 310
19347 310
19348 310
19349 310
19350 17
19351 17
19352 17
19353 45
19354 45
19355 310
19356 17
19357 17
19358 17
19359 82
19360 310
19361 218
19362 17
19363 46
19364 46
19365 17
19366 310
19367 82
19368 17
19369 17
19370 17
19371 17
19372 218
19373 17
19374 310
19375 17
19376 17
19377 17
19378 82
19379 310
19380 17
19381 310
19382 310
19383 310
19384 17
19385 82
19386 17
19387 17
19388 17
19389 17
19390 17
19391 17
19392 310
19393 17
19394 17
19395 82
19396 82
19397 17
19398 17
19399 17
19400 17
19401 17
19402 17
19403 17
19404 310
19405 310
19406 310
19407 310
19408 310
19409 310
19410 310
19411 17
19412 310
19413 82
19414 33
19415 82
19416 82
19417 82
19418 17
19419 17
19420 47
19421 47
19422 82
19423 58
19424 58
19425 17
19426 17
19427 17
19428 17
19429 17
19430 17
19431 17
19432 17
19433 17
19434 17
19435 17
19436 6
19437 17
19438 17
19439 17
19440 17
19441 17
19442 17
19443 17
19444 17
19445 17
19446 41
19447 310
19448 310
19449 17
19450 17
19451 292
19452 17
19453 17
19454 17
19455 17
19456 17
19457 41
19458 41
19459 41
19460 41
19461 41
19462 41
19463 17
19464 82
19465 176
19466 176
19467 96
19468 96
19469 96
19470 176
19471 176
19472 176
19473 176
19474 176
19475 176
19476 49
19477 49
19478 49
19479 48
19480 48
19481 48
19482 41
19483 82
19484 25
19485 82
19486 82
19487 82
19488 82
19489 82
19490 25
19491 310
19492 82
19493 82
19494 17
19495 82
19496 82
19497 82
19498 82
19499 82
19500 82
19501 82
19502 25
19503 82
19504 82
19505 82
19506 82
19507 82
19508 4
19509 82
19510 82
19511 310
19512 310
19513 310
19514 310
19515 310
19516 310
19517 82
19518 310
19519 310
19520 310
19521 310
19522 310
19523 310
19524 310
19525 310
19526 310
19527 6
19528 310
19529 310
19530 4
19531 310
19532 310
19533 310
19534 310
19535 310
19536 310
19537 82
19538 310
19539 310
19540 310
19541 310
19542 310
19543 310
19544 41
19545 41
19546 41
19547 41
19548 41
19549 41
19550 41
19551 218
19552 310
19553 17
19554 17
19555 49
19556 310
19557 310
19558 50
19559 50
19560 310
19561 17
19562 17
19563 17
19564 17
19565 82
19566 84
19567 84
19568 84
19569 58
19570 58
19571 58
19572 58
19573 58
19574 58
19575 58
19576 58
19577 58
19578 58
19579 58
19580 58
19581 82
19582 4
19583 4
19584 4
19585 4
19586 4
19587 17
19588 82
19589 82
19590 82
19591 82
19592 41
19593 41
19594 41
19595 17
19596 96
19597 218
19598 96
19599 96
19600 96
19601 96
19602 96
19603 96
19604 96
19605 96
19606 96
19607 96
19608 96
19609 96
19610 96
19611 96
19612 96
19613 96
19614 96
19615 96
19616 17
19617 96
19618 96
19619 96
19620 96
19621 96
19622 96
19623 96
19624 96
19625 96
19626 96
19627 96
19628 96
19629 96
19630 96
19631 96
19632 96
19633 96
19634 96
19635 96
19636 96
19637 96
19638 310
19639 82
19640 310
19641 82
19642 310
19643 310
19644 310
19645 310
19646 310
19647 311
19648 82
19649 82
19650 82
19651 82
19652 82
19653 82
19654 82
19655 310
19656 310
19657 310
19658 310
19659 310
19660 310
19661 82
19662 82
19663 82
19664 310
19665 310
19666 310
19667 310
19668 82
19669 82
19670 82
19671 82
19672 310
19673 82
19674 82
19675 82
19676 82
19677 82
19678 310
19679 310
19680 82
19681 82
19682 82
19683 82
19684 82
19685 218
19686 82
19687 82
19688 82
19689 82
19690 82
19691 82
19692 82
19693 82
19694 82
19695 218
19696 82
19697 82
19698 41
19699 82
19700 310
19701 310
19702 310
19703 17
19704 310
19705 82
19706 4
19707 218
19708 218
19709 82
19710 4
19711 4
19712 4
19713 4
19714 4
19715 4
19716 4
19717 4
19718 4
19719 4
19720 4
19721 4
19722 4
19723 4
19724 4
19725 4
19726 4
19727 4
19728 4
19729 4
19730 4
19731 4
19732 4
19733 4
19734 4
19735 4
19736 4
19737 4
19738 4
19739 4
19740 4
19741 4
19742 4
19743 82
19744 4
19745 4
19746 6
19747 4
19748 4
19749 310
19750 4
19751 4
19752 4
19753 4
19754 4
19755 4
19756 4
19757 4
19758 4
19759 4
19760 4
19761 4
19762 4
19763 4
19764 4
19765 4
19766 4
19767 4
19768 4
19769 4
19770 4
19771 4
19772 4
19773 4
19774 4
19775 4
19776 4
19777 218
19778 6
19779 4
19780 4
19781 4
19782 4
19783 4
19784 4
19785 4
19786 4
19787 4
19788 4
19789 4
19790 4
19791 4
19792 4
19793 4
19794 4
19795 4
19796 4
19797 4
19798 4
19799 4
19800 4
19801 4
19802 4
19803 4
19804 4
19805 4
19806 4
19807 4
19808 4
19809 4
19810 4
19811 4
19812 4
19813 4
19814 82
19815 33
19816 33
19817 82
19818 82
19819 82
19820 82
19821 82
19822 82
19823 68
19824 4
19825 82
19826 82
19827 4
19828 82
19829 33
19830 310
19831 4
19832 33
19833 4
19834 82
19835 218
19836 96
19837 82
19838 52
19839 82
19840 33
19841 82
19842 82
19843 82
19844 82
19845 82
19846 33
19847 33
19848 82
19849 82
19850 68
19851 68
19852 82
19853 82
19854 52
19855 82
19856 52
19857 33
19858 33
19859 82
19860 82
19861 82
19862 4
19863 82
19864 82
19865 82
19866 56
19867 82
19868 82
19869 82
19870 56
19871 56
19872 56
19873 82
19874 82
19875 54
19876 68
19877 33
19878 82
19879 218
19880 82
19881 82
19882 82
19883 82
19884 82
19885 82
19886 82
19887 4
19888 82
19889 82
19890 82
19891 82
19892 82
19893 4
19894 310
19895 82
19896 82
19897 82
19898 82
19899 4
19900 82
19901 33
19902 218
19903 82
19904 82
19905 82
19906 82
19907 82
19908 82
19909 82
19910 82
19911 82
19912 54
19913 82
19914 82
19915 82
19916 54
19917 54
19918 82
19919 82
19920 82
19921 4
19922 82
19923 82
19924 82
19925 82
19926 82
19927 82
19928 82
19929 82
19930 4
19931 82
19932 82
19933 82
19934 82
19935 4
19936 96
19937 82
19938 68
19939 82
19940 82
19941 82
19942 82
19943 82
19944 82
19945 82
19946 41
19947 82
19948 82
19949 82
19950 4
19951 82
19952 82
19953 82
19954 82
19955 82
19956 82
19957 82
19958 4
19959 4
19960 82
19961 82
19962 4
19963 82
19964 82
19965 82
19966 82
19967 82
19968 82
19969 82
19970 82
19971 82
19972 82
19973 82
19974 82
19975 82
19976 82
19977 82
19978 4
19979 68
19980 82
19981 82
19982 82
19983 33
19984 33
19985 82
19986 82
19987 218
19988 82
19989 82
19990 82
19991 82
19992 4
19993 82
19994 82
19995 4
19996 82
19997 4
19998 82
19999 82
20000 82
20001 82
20002 33
20003 82
20004 82
20005 82
20006 82
20007 33
20008 82
20009 4
20010 82
20011 33
20012 33
20013 33
20014 82
20015 82
20016 310
20017 82
20018 4
20019 52
20020 52
20021 82
20022 82
20023 82
20024 82
20025 82
20026 82
20027 82
20028 82
20029 82
20030 17
20031 17
20032 82
20033 4
20034 4
20035 4
20036 82
20037 82
20038 82
20039 82
20040 82
20041 82
20042 82
20043 82
20044 82
20045 82
20046 82
20047 82
20048 82
20049 82
20050 82
20051 82
20052 82
20053 82
20054 82
20055 82
20056 82
20057 82
20058 82
20059 82
20060 82
20061 82
20062 82
20063 82
20064 82
20065 82
20066 82
20067 4
20068 82
20069 82
20070 82
20071 82
20072 82
20073 82
20074 82
20075 82
20076 82
20077 82
20078 82
20079 82
20080 82
20081 82
20082 82
20083 82
20084 82
20085 82
20086 82
20087 82
20088 82
20089 82
20090 82
20091 82
20092 82
20093 82
20094 82
20095 82
20096 82
20097 82
20098 82
20099 82
20100 82
20101 82
20102 82
20103 82
20104 82
20105 82
20106 82
20107 82
20108 82
20109 82
20110 82
20111 82
20112 82
20113 82
20114 82
20115 82
20116 82
20117 82
20118 82
20119 82
20120 82
20121 82
20122 82
20123 82
20124 82
20125 82
20126 82
20127 82
20128 82
20129 82
20130 82
20131 82
20132 82
20133 82
20134 82
20135 82
20136 82
20137 82
20138 82
20139 96
20140 82
20141 82
20142 82
20143 82
20144 82
20145 82
20146 82
20147 82
20148 82
20149 82
20150 82
20151 82
20152 82
20153 82
20154 82
20155 82
20156 82
20157 33
20158 82
20159 82
20160 82
20161 82
20162 41
20163 82
20164 33
20165 82
20166 82
20167 41
20168 82
20169 82
20170 33
20171 84
20172 4
20173 4
20174 4
20175 4
20176 4
20177 4
20178 4
20179 4
20180 4
20181 4
20182 4
20183 84
20184 84
20185 33
20186 6
20187 33
20188 4
20189 4
20190 33
20191 33
20192 33
20193 33
20194 33
20195 33
20196 33
20197 33
20198 33
20199 33
20200 52
20201 52
20202 52
20203 96
20204 218
20205 218
20206 218
20207 218
20208 218
20209 218
20210 218
20211 218
20212 218
20213 17
20214 218
20215 218
20216 218
20217 218
20218 218
20219 218
20220 17
20221 218
20222 218
20223 218
20224 218
20225 218
20226 218
20227 104
20228 218
20229 218
20230 218
20231 54
20232 218
20233 218
20234 218
20235 218
20236 218
20237 218
20238 218
20239 218
20240 218
20241 218
20242 218
20243 218
20244 218
20245 218
20246 218
20247 218
20248 218
20249 218
20250 218
20251 17
20252 218
20253 218
20254 218
20255 218
20256 218
20257 218
20258 218
20259 218
20260 218
20261 218
20262 218
20263 218
20264 218
20265 218
20266 218
20267 218
20268 218
20269 218
20270 218
20271 218
20272 218
20273 218
20274 218
20275 218
20276 218
20277 218
20278 218
20279 218
20280 98
20281 218
20282 218
20283 218
20284 218
20285 218
20286 218
20287 218
20288 218
20289 218
20290 218
20291 218
20292 218
20293 218
20294 218
20295 218
20296 218
20297 218
20298 218
20299 218
20300 218
20301 218
20302 218
20303 17
20304 218
20305 218
20306 218
20307 218
20308 218
20309 218
20310 218
20311 218
20312 218
20313 218
20314 218
20315 41
20316 218
20317 100
20318 218
20319 218
20320 218
20321 218
20322 17
20323 218
20324 218
20325 218
20326 218
20327 218
20328 218
20329 218
20330 41
20331 218
20332 4
20333 218
20334 218
20335 218
20336 218
20337 218
20338 218
20339 218
20340 218
20341 218
20342 218
20343 218
20344 218
20345 218
20346 218
20347 218
20348 218
20349 218
20350 138
20351 218
20352 218
20353 218
20354 218
20355 218
20356 218
20357 218
20358 218
20359 218
20360 218
20361 218
20362 218
20363 218
20364 218
20365 218
20366 41
20367 218
20368 218
20369 218
20370 218
20371 218
20372 218
20373 218
20374 17
20375 218
20376 218
20377 218
20378 218
20379 218
20380 218
20381 218
20382 102
20383 218
20384 218
20385 218
20386 218
20387 218
20388 218
20389 218
20390 218
20391 218
20392 218
20393 218
20394 41
20395 41
20396 41
20397 51
20398 51
20399 82
20400 428
20401 82
20402 82
20403 82
20404 82
20405 82
20406 82
20407 82
20408 82
20409 82
20410 82
20411 82
20412 82
20413 82
20414 82
20415 82
20416 82
20417 82
20418 82
20419 82
20420 82
20421 82
20422 82
20423 82
20424 82
20425 82
20426 82
20427 82
20428 82
20429 68
20430 68
20431 68
20432 68
20433 68
20434 68
20435 68
20436 68
20437 68
20438 68
20439 68
20440 68
20441 68
20442 68
20443 68
20444 68
20445 68
20446 68
20447 68
20448 68
20449 68
20450 68
20451 68
20452 68
20453 52
20454 52
20455 52
20456 52
20457 53
20458 53
20459 53
20460 53
20461 53
20462 54
20463 54
20464 54
20465 54
20466 54
20467 54
20468 54
20469 54
20470 82
20471 96
20472 96
20473 310
20474 310
20475 6
20476 6
20477 6
20478 6
20479 82
20480 33
20481 33
20482 17
20483 17
20484 17
20485 17
20486 17
20487 17
20488 17
20489 17
20490 17
20491 17
20492 17
20493 17
20494 17
20495 17
20496 17
20497 17
20498 17
20499 17
20500 17
20501 17
20502 17
20503 17
20504 17
20505 82
20506 17
20507 17
20508 17
20509 17
20510 17
20511 17
20512 17
20513 33
20514 17
20515 17
20516 17
20517 17
20518 17
20519 17
20520 17
20521 17
20522 17
20523 17
20524 17
20525 17
20526 17
20527 17
20528 17
20529 17
20530 17
20531 17
20532 17
20533 17
20534 17
20535 17
20536 17
20537 17
20538 17
20539 17
20540 17
20541 17
20542 17
20543 17
20544 17
20545 17
20546 17
20547 17
20548 17
20549 17
20550 17
20551 17
20552 17
20553 17
20554 17
20555 17
20556 17
20557 17
20558 17
20559 17
20560 17
20561 17
20562 17
20563 17
20564 17
20565 17
20566 17
20567 17
20568 17
20569 17
20570 17
20571 17
20572 17
20573 17
20574 17
20575 17
20576 17
20577 17
20578 17
20579 17
20580 17
20581 17
20582 17
20583 17
20584 17
20585 17
20586 17
20587 17
20588 17
20589 17
20590 17
20591 17
20592 17
20593 17
20594 17
20595 17
20596 17
20597 17
20598 17
20599 17
20600 17
20601 33
20602 33
20603 33
20604 33
20605 33
20606 33
20607 33
20608 218
20609 218
20610 218
20611 218
20612 218
20613 218
20614 218
20615 218
20616 218
20617 218
20618 218
20619 218
20620 218
20621 218
20622 218
20623 218
20624 218
20625 218
20626 218
20627 218
20628 218
20629 218
20630 17
20631 82
20632 4
20633 4
20634 4
20635 41
20636 41
20637 41
20638 41
20639 17
20640 82
20641 82
20642 82
20643 82
20644 17
20645 33
20646 33
20647 33
20648 33
20649 33
20650 33
20651 33
20652 33
20653 33
20654 33
20655 33
20656 33
20657 33
20658 33
20659 33
20660 33
20661 33
20662 33
20663 33
20664 33
20665 33
20666 33
20667 33
20668 33
20669 33
20670 33
20671 33
20672 33
20673 33
20674 33
20675 33
20676 33
20677 33
20678 33
20679 33
20680 33
20681 33
20682 33
20683 33
20684 33
20685 33
20686 33
20687 33
20688 33
20689 33
20690 33
20691 33
20692 33
20693 33
20694 33
20695 33
20696 33
20697 33
20698 33
20699 33
20700 33
20701 33
20702 33
20703 33
20704 33
20705 33
20706 33
20707 33
20708 33
20709 33
20710 33
20711 33
20712 33
20713 33
20714 33
20715 33
20716 33
20717 33
20718 33
20719 33
20720 33
20721 33
20722 33
20723 33
20724 33
20725 33
20726 33
20727 33
20728 33
20729 33
20730 33
20731 33
20732 33
20733 33
20734 33
20735 17
20736 33
20737 33
20738 33
20739 33
20740 33
20741 33
20742 33
20743 17
20744 17
20745 17
20746 17
20747 17
20748 17
20749 17
20750 55
20751 55
20752 218
20753 17
20754 41
20755 41
20756 41
20757 41
20758 41
20759 41
20760 41
20761 17
20762 17
20763 41
20764 4
20765 33
20766 4
20767 4
20768 4
20769 4
20770 4
20771 4
20772 4
20773 4
20774 4
20775 4
20776 4
20777 4
20778 1
20779 1
20780 1
20781 1
20782 1
20783 1
20784 1
20785 1
20786 1
20787 1
20788 1
20789 1
20790 1
20791 1
20792 1
20793 1
20794 1
20795 1
20796 82
20797 82
20798 56
20799 56
20800 56
20801 56
20802 56
20803 56
20804 56
20805 96
20806 17
20807 17
20808 17
20809 17
20810 17
20811 82
20812 41
20813 82
20814 82
20815 17
20816 4
20817 218
20818 218
20819 4
20820 4
20821 4
20822 4
20823 4
20824 4
20825 17
20826 4
20827 4
20828 4
20829 4
20830 17
20831 17
20832 4
20833 56
20834 82
20835 41
20836 41
20837 41
20838 41
20839 41
20840 17
20841 41
20842 41
20843 41
20844 41
20845 41
20846 41
20847 41
20848 41
20849 41
20850 41
20851 6
20852 41
20853 41
20854 41
20855 17
20856 17
20857 17
20858 17
20859 41
20860 41
20861 41
20862 41
20863 41
20864 41
20865 82
20866 41
20867 41
20868 41
20869 41
20870 41
20871 6
20872 41
20873 6
20874 41
20875 41
20876 41
20877 41
20878 41
20879 41
20880 41
20881 41
20882 41
20883 41
20884 41
20885 41
20886 41
20887 41
20888 41
20889 6
20890 6
20891 41
20892 41
20893 41
20894 41
20895 41
20896 41
20897 82
20898 41
20899 41
20900 41
20901 57
20902 57
20903 58
20904 58
20905 58
20906 68
20907 41
20908 41
20909 17
20910 17
20911 17
20912 17
20913 17
20914 41
20915 4
20916 4
20917 4
20918 41
20919 82
20920 41
20921 33
20922 4
20923 4
20924 310
20925 310
20926 4
20927 4
20928 4
20929 4
20930 4
20931 17
20932 17
20933 17
20934 17
20935 17
20936 17
20937 17
20938 17
20939 17
20940 17
20941 17
20942 17
20943 17
20944 17
20945 17
20946 17
20947 17
20948 17
20949 17
20950 17
20951 17
20952 17
20953 17
20954 17
20955 17
20956 17
20957 17
20958 17
20959 17
20960 17
20961 17
20962 82
20963 82
20964 82
20965 82
20966 4
20967 96
20968 176
20969 0
20970 41
20971 59
20972 59
20973 59
20974 59
20975 82
20976 82
20977 17
20978 82
20979 17
20980 60
20981 60
20982 60
20983 60
20984 60
20985 6
20986 61
20987 61
20988 17
20989 17
20990 17
20991 218
20992 17
20993 41
20994 17
20995 17
20996 17
20997 17
20998 41
20999 41
21000 41
21001 41
21002 218
21003 82
21004 82
21005 82
21006 82
21007 82
21008 82
21009 82
21010 82
21011 82
21012 82
21013 82
21014 82
21015 82
21016 82
21017 82
21018 82
21019 82
21020 82
21021 82
21022 82
21023 82
21024 82
21025 82
21026 82
21027 82
21028 82
21029 82
21030 82
21031 82
21032 82
21033 82
21034 82
21035 82
21036 82
21037 253
21038 82
21039 82
21040 82
21041 82
21042 82
21043 82
21044 82
21045 82
21046 82
21047 82
21048 82
21049 82
21050 259
21051 82
21052 82
21053 82
21054 82
21055 82
21056 82
21057 82
21058 82
21059 82
21060 4
21061 82
21062 82
21063 82
21064 82
21065 82
21066 82
21067 82
21068 82
21069 82
21070 82
21071 82
21072 82
21073 82
21074 82
21075 82
21076 82
21077 82
21078 82
21079 82
21080 82
21081 82
21082 82
21083 82
21084 82
21085 82
21086 82
21087 82
21088 82
21089 96
21090 82
21091 82
21092 82
21093 82
21094 82
21095 82
21096 82
21097 82
21098 4
21099 4
21100 41
21101 218
21102 17
21103 41
21104 17
21105 41
21106 218
21107 41
21108 84
21109 82
21110 82
21111 82
21112 17
21113 17
21114 17
21115 17
21116 17
21117 17
21118 17
21119 17
21120 17
21121 17
21122 17
21123 17
21124 17
21125 17
21126 17
21127 17
21128 17
21129 17
21130 17
21131 17
21132 17
21133 17
21134 17
21135 17
21136 17
21137 41
21138 62
21139 62
21140 63
21141 63
21142 41
21143 96
21144 96
21145 96
21146 96
21147 96
21148 96
21149 96
21150 96
21151 96
21152 96
21153 96
21154 96
21155 96
21156 96
21157 96
21158 4
21159 96
21160 96
21161 96
21162 96
21163 96
21164 41
21165 96
21166 96
21167 4
21168 96
21169 96
21170 96
21171 96
21172 96
21173 4
21174 96
21175 96
21176 96
21177 96
21178 96
21179 96
21180 96
21181 96
21182 96
21183 96
21184 96
21185 96
21186 96
21187 96
21188 96
21189 96
21190 96
21191 96
21192 96
21193 96
21194 96
21195 96
21196 96
21197 96
21198 96
21199 96
21200 96
21201 96
21202 96
21203 96
21204 96
21205 96
21206 96
21207 96
21208 96
21209 96
21210 96
21211 96
21212 96
21213 96
21214 96
21215 17
21216 96
21217 96
21218 96
21219 96
21220 4
21221 96
21222 96
21223 96
21224 96
21225 96
21226 96
21227 96
21228 96
21229 4
21230 64
21231 64
21232 65
21233 65
21234 65
21235 4
21236 96
21237 4
21238 4
21239 66
21240 66
21241 4
21242 17
21243 17
21244 218
21245 218
21246 218
21247 218
21248 218
21249 33
21250 33
21251 33
21252 33
21253 218
21254 218
21255 218
21256 218
21257 68
21258 68
21259 68
21260 67
21261 67
21262 82
21263 82
21264 82
21265 82
21266 82
21267 82
21268 82
21269 82
21270 82
21271 82
21272 82
21273 82
21274 82
21275 82
21276 82
21277 82
21278 82
21279 82
21280 82
21281 82
21282 82
21283 82
21284 33
21285 33
21286 23
21287 82
21288 82
21289 82
21290 82
21291 82
21292 82
21293 82
21294 82
21295 82
21296 68
21297 82
21298 82
21299 17
21300 82
21301 82
21302 82
21303 82
21304 82
21305 82
21306 117
21307 82
21308 82
21309 82
21310 82
21311 82
21312 82
21313 82
21314 82
21315 82
21316 33
21317 33
21318 33
21319 54
21320 82
21321 82
21322 82
21323 33
21324 33
21325 33
21326 33
21327 33
21328 33
21329 82
21330 54
21331 33
21332 33
21333 82
21334 82
21335 33
21336 218
21337 82
21338 82
21339 54
21340 96
21341 96
21342 96
21343 0
21344 0
21345 4
21346 4
21347 41
21348 41
21349 17
21350 4
21351 82
21352 41
21353 41
21354 41
21355 41
21356 41
21357 33
21358 41
21359 41
21360 41
21361 41
21362 41
21363 41
21364 41
21365 41
21366 41
21367 41
21368 41
21369 41
21370 41
21371 41
21372 41
21373 41
21374 41
21375 41
21376 41
21377 41
21378 41
21379 41
21380 33
21381 41
21382 17
21383 33
21384 33
21385 33
21386 17
21387 41
21388 41
21389 218
21390 218
21391 218
21392 17
21393 17
21394 41
21395 17
21396 17
21397 218
21398 218
21399 218
21400 17
21401 218
21402 218
21403 218
21404 218
21405 218
21406 218
21407 218
21408 218
21409 218
21410 218
21411 218
21412 218
21413 218
21414 218
21415 218
21416 218
21417 218
21418 218
21419 218
21420 218
21421 218
21422 218
21423 218
21424 218
21425 218
21426 218
21427 218
21428 218
21429 218
21430 218
21431 218
21432 218
21433 17
21434 17
21435 17
21436 17
21437 17
21438 17
21439 17
21440 17
21441 17
21442 17
21443 17
21444 41
21445 41
21446 41
21447 41
21448 17
21449 17
21450 17
21451 17
21452 17
21453 17
21454 17
21455 17
21456 17
21457 17
21458 17
21459 17
21460 17
21461 17
21462 17
21463 17
21464 218
21465 218
21466 17
21467 17
21468 17
21469 17
21470 17
21471 17
21472 17
21473 17
21474 33
21475 33
21476 33
21477 17
21478 17
21479 17
21480 17
21481 17
21482 17
21483 17
21484 17
21485 218
21486 17
21487 41
21488 218
21489 41
21490 17
21491 17
21492 17
21493 17
21494 17
21495 17
21496 17
21497 68
21498 17
21499 68
21500 17
21501 68
21502 17
21503 17
21504 68
21505 17
21506 218
21507 17
21508 17
21509 17
21510 68
21511 17
21512 17
21513 17
21514 17
21515 17
21516 68
21517 17
21518 68
21519 17
21520 17
21521 17
21522 17
21523 17
21524 17
21525 17
21526 68
21527 41
21528 41
21529 17
21530 41
21531 17
21532 17
21533 17
21534 17
21535 17
21536 17
21537 17
21538 17
21539 17
21540 17
21541 17
21542 17
21543 17
21544 68
21545 68
21546 17
21547 17
21548 17
21549 17
21550 41
21551 17
21552 17
21553 17
21554 68
21555 17
21556 85
21557 17
21558 17
21559 17
21560 17
21561 17
21562 17
21563 17
21564 17
21565 17
21566 17
21567 17
21568 17
21569 17
21570 17
21571 17
21572 17
21573 17
21574 17
21575 17
21576 17
21577 17
21578 17
21579 4
21580 4
21581 4
21582 4
21583 17
21584 17
21585 17
21586 17
21587 17
21588 17
21589 17
21590 17
21591 17
21592 17
21593 17
21594 17
21595 17
21596 17
21597 17
21598 17
21599 17
21600 17
21601 17
21602 17
21603 17
21604 17
21605 58
21606 58
21607 17
21608 17
21609 17
21610 17
21611 17
21612 17
21613 17
21614 17
21615 17
21616 17
21617 17
21618 17
21619 17
21620 17
21621 17
21622 17
21623 17
21624 4
21625 17
21626 17
21627 17
21628 17
21629 17
21630 17
21631 17
21632 17
21633 17
21634 17
21635 17
21636 17
21637 17
21638 4
21639 17
21640 4
21641 17
21642 17
21643 17
21644 17
21645 17
21646 17
21647 17
21648 17
21649 17
21650 17
21651 17
21652 17
21653 17
21654 17
21655 17
21656 17
21657 17
21658 17
21659 17
21660 17
21661 17
21662 17
21663 17
21664 17
21665 17
21666 41
21667 17
21668 17
21669 17
21670 17
21671 17
21672 17
21673 17
21674 17
21675 17
21676 17
21677 17
21678 4
21679 17
21680 17
21681 17
21682 17
21683 17
21684 17
21685 17
21686 17
21687 17
21688 58
21689 17
21690 17
21691 17
21692 17
21693 17
21694 17
21695 17
21696 17
21697 17
21698 17
21699 17
21700 17
21701 82
21702 17
21703 17
21704 17
21705 17
21706 17
21707 17
21708 17
21709 17
21710 17
21711 17
21712 17
21713 17
21714 17
21715 17
21716 17
21717 17
21718 17
21719 17
21720 17
21721 4
21722 4
21723 17
21724 17
21725 17
21726 17
21727 17
21728 17
21729 17
21730 17
21731 17
21732 17
21733 17
21734 17
21735 17
21736 17
21737 17
21738 17
21739 17
21740 17
21741 17
21742 17
21743 17
21744 17
21745 17
21746 17
21747 17
21748 17
21749 17
21750 17
21751 17
21752 17
21753 17
21754 17
21755 17
21756 17
21757 17
21758 17
21759 17
21760 17
21761 17
21762 17
21763 17
21764 17
21765 218
21766 17
21767 17
21768 17
21769 17
21770 17
21771 17
21772 17
21773 17
21774 17
21775 17
21776 17
21777 17
21778 17
21779 17
21780 17
21781 17
21782 17
21783 4
21784 17
21785 17
21786 17
21787 17
21788 17
21789 17
21790 17
21791 17
21792 17
21793 17
21794 17
21795 17
21796 17
21797 17
21798 17
21799 17
21800 17
21801 17
21802 17
21803 17
21804 17
21805 17
21806 17
21807 17
21808 17
21809 17
21810 17
21811 17
21812 17
21813 17
21814 17
21815 17
21816 17
21817 17
21818 17
21819 17
21820 17
21821 17
21822 17
21823 17
21824 17
21825 17
21826 17
21827 17
21828 17
21829 17
21830 17
21831 17
21832 17
21833 17
21834 17
21835 17
21836 17
21837 17
21838 17
21839 17
21840 17
21841 17
21842 17
21843 17
21844 17
21845 17
21846 17
21847 17
21848 17
21849 17
21850 17
21851 17
21852 17
21853 17
21854 17
21855 17
21856 17
21857 17
21858 17
21859 17
21860 17
21861 17
21862 17
21863 17
21864 17
21865 17
21866 17
21867 17
21868 17
21869 41
21870 17
21871 17
21872 17
21873 17
21874 17
21875 17
21876 17
21877 17
21878 17
21879 17
21880 17
21881 17
21882 17
21883 17
21884 17
21885 17
21886 17
21887 17
21888 17
21889 17
21890 17
21891 17
21892 17
21893 17
21894 17
21895 17
21896 17
21897 17
21898 17
21899 116
21900 17
21901 17
21902 17
21903 17
21904 17
21905 17
21906 17
21907 17
21908 17
21909 17
21910 17
21911 17
21912 17
21913 4
21914 17
21915 17
21916 17
21917 17
21918 17
21919 17
21920 17
21921 17
21922 4
21923 17
21924 17
21925 17
21926 17
21927 17
21928 17
21929 17
21930 17
21931 17
21932 17
21933 17
21934 17
21935 17
21936 17
21937 17
21938 17
21939 17
21940 17
21941 17
21942 17
21943 17
21944 17
21945 17
21946 17
21947 17
21948 41
21949 17
21950 17
21951 17
21952 17
21953 17
21954 17
21955 17
21956 17
21957 17
21958 17
21959 17
21960 17
21961 17
21962 17
21963 218
21964 17
21965 17
21966 17
21967 17
21968 17
21969 17
21970 4
21971 17
21972 17
21973 41
21974 4
21975 4
21976 4
21977 4
21978 4
21979 17
21980 17
21981 17
21982 17
21983 17
21984 17
21985 17
21986 17
21987 17
21988 17
21989 17
21990 17
21991 17
21992 17
21993 17
21994 17
21995 17
21996 17
21997 17
21998 17
21999 17
22000 4
22001 17
22002 17
22003 17
22004 17
22005 17
22006 17
22007 17
22008 17
22009 17
22010 17
22011 218
22012 218
22013 218
22014 218
22015 218
22016 218
22017 218
22018 218
22019 218
22020 96
22021 218
22022 218
22023 218
22024 96
22025 96
22026 218
22027 218
22028 218
22029 218
22030 218
22031 218
22032 218
22033 17
22034 17
22035 218
22036 17
22037 58
22038 69
22039 69
22040 69
22041 69
22042 69
22043 17
22044 17
22045 17
22046 41
22047 41
22048 41
22049 218
22050 17
22051 17
22052 41
22053 41
22054 17
22055 17
22056 17
22057 17
22058 17
22059 17
22060 17
22061 17
22062 17
22063 218
22064 17
22065 17
22066 17
22067 17
22068 17
22069 17
22070 17
22071 17
22072 4
22073 4
22074 17
22075 17
22076 17
22077 17
22078 17
22079 35
22080 35
22081 35
22082 35
22083 35
22084 35
22085 35
22086 17
22087 17
22088 17
22089 17
22090 218
22091 58
22092 58
22093 17
22094 17
22095 17
22096 17
22097 17
22098 17
22099 17
22100 17
22101 17
22102 58
22103 58
22104 58
22105 41
22106 17
22107 17
22108 17
22109 17
22110 17
22111 218
22112 218
22113 17
22114 17
22115 84
22116 84
22117 84
22118 84
22119 17
22120 17
22121 310
22122 17
22123 17
22124 17
22125 17
22126 218
22127 218
22128 218
22129 218
22130 17
22131 17
22132 17
22133 17
22134 17
22135 17
22136 4
22137 4
22138 4
22139 17
22140 17
22141 6
22142 6
22143 17
22144 17
22145 17
22146 17
22147 41
22148 41
22149 41
22150 41
22151 17
22152 17
22153 17
22154 17
22155 17
22156 17
22157 17
22158 17
22159 84
22160 84
22161 84
22162 41
22163 41
22164 41
22165 41
22166 41
22167 41
22168 17
22169 17
22170 17
22171 17
22172 70
22173 70
22174 70
22175 17
22176 218
22177 218
22178 218
22179 218
22180 218
22181 218
22182 218
22183 218
22184 218
22185 218
22186 218
22187 17
22188 218
22189 218
22190 218
22191 218
22192 218
22193 218
22194 218
22195 218
22196 17
22197 17
22198 17
22199 17
22200 17
22201 218
22202 218
22203 218
22204 17
22205 218
22206 218
22207 218
22208 218
22209 218
22210 218
22211 218
22212 218
22213 218
22214 218
22215 218
22216 218
22217 218
22218 218
22219 218
22220 218
22221 17
22222 17
22223 17
22224 218
22225 218
22226 218
22227 218
22228 218
22229 218
22230 218
22231 218
22232 218
22233 218
22234 218
22235 218
22236 218
22237 218
22238 218
22239 218
22240 310
22241 218
22242 17
22243 17
22244 218
22245 413
22246 218
22247 17
22248 218
22249 218
22250 218
22251 218
22252 17
22253 218
22254 218
22255 218
22256 218
22257 218
22258 218
22259 218
22260 218
22261 35
22262 35
22263 218
22264 218
22265 218
22266 218
22267 218
22268 218
22269 218
22270 218
22271 218
22272 218
22273 218
22274 218
22275 218
22276 218
22277 218
22278 218
22279 218
22280 218
22281 218
22282 218
22283 218
22284 218
22285 17
22286 17
22287 17
22288 218
22289 218
22290 218
22291 218
22292 218
22293 218
22294 218
22295 218
22296 218
22297 218
22298 218
22299 218
22300 218
22301 413
22302 218
22303 218
22304 218
22305 218
22306 218
22307 218
22308 218
22309 218
22310 218
22311 17
22312 218
22313 218
22314 218
22315 218
22316 218
22317 218
22318 218
22319 218
22320 218
22321 218
22322 218
22323 218
22324 218
22325 218
22326 218
22327 218
22328 218
22329 218
22330 218
22331 218
22332 218
22333 218
22334 218
22335 218
22336 218
22337 218
22338 218
22339 218
22340 17
22341 58
22342 17
22343 218
22344 17
22345 6
22346 6
22347 6
22348 17
22349 17
22350 17
22351 17
22352 17
22353 17
22354 17
22355 17
22356 17
22357 17
22358 17
22359 58
22360 68
22361 68
22362 17
22363 17
22364 71
22365 71
22366 71
22367 17
22368 17
22369 17
22370 17
22371 17
22372 218
22373 17
22374 17
22375 82
22376 17
22377 17
22378 82
22379 17
22380 17
22381 17
22382 17
22383 82
22384 82
22385 218
22386 17
22387 72
22388 72
22389 72
22390 72
22391 310
22392 17
22393 17
22394 41
22395 41
22396 17
22397 82
22398 41
22399 17
22400 17
22401 17
22402 17
22403 41
22404 17
22405 17
22406 17
22407 17
22408 17
22409 17
22410 82
22411 82
22412 17
22413 17
22414 218
22415 41
22416 17
22417 17
22418 17
22419 17
22420 17
22421 17
22422 84
22423 84
22424 17
22425 17
22426 17
22427 17
22428 17
22429 17
22430 17
22431 17
22432 17
22433 58
22434 17
22435 17
22436 17
22437 17
22438 17
22439 17
22440 218
22441 17
22442 17
22443 58
22444 58
22445 41
22446 218
22447 218
22448 218
22449 218
22450 218
22451 4
22452 17
22453 17
22454 17
22455 17
22456 17
22457 310
22458 82
22459 17
22460 17
22461 58
22462 58
22463 218
22464 218
22465 218
22466 218
22467 17
22468 17
22469 17
22470 41
22471 218
22472 218
22473 17
22474 17
22475 17
22476 17
22477 310
22478 218
22479 218
22480 41
22481 218
22482 218
22483 218
22484 17
22485 17
22486 17
22487 17
22488 17
22489 73
22490 73
22491 74
22492 74
22493 74
22494 17
22495 6
22496 6
22497 17
22498 17
22499 58
22500 58
22501 82
22502 310
22503 218
22504 41
22505 41
22506 41
22507 41
22508 310
22509 310
22510 17
22511 84
22512 17
22513 17
22514 58
22515 17
22516 17
22517 41
22518 17
22519 17
22520 17
22521 17
22522 17
22523 17
22524 17
22525 17
22526 17
22527 17
22528 17
22529 41
22530 41
22531 17
22532 41
22533 17
22534 17
22535 17
22536 17
22537 17
22538 17
22539 17
22540 82
22541 218
22542 17
22543 17
22544 17
22545 218
22546 218
22547 218
22548 218
22549 218
22550 218
22551 218
22552 218
22553 218
22554 82
22555 218
22556 218
22557 218
22558 218
22559 218
22560 218
22561 218
22562 218
22563 218
22564 218
22565 218
22566 218
22567 218
22568 218
22569 218
22570 218
22571 218
22572 218
22573 218
22574 17
22575 17
22576 218
22577 82
22578 17
22579 17
22580 41
22581 41
22582 41
22583 17
22584 17
22585 17
22586 17
22587 17
22588 17
22589 75
22590 75
22591 41
22592 35
22593 35
22594 35
22595 41
22596 41
22597 41
22598 41
22599 41
22600 41
22601 41
22602 41
22603 84
22604 17
22605 17
22606 17
22607 17
22608 310
22609 82
22610 82
22611 82
22612 17
22613 17
22614 76
22615 76
22616 76
22617 76
22618 77
22619 77
22620 77
22621 77
22622 77
22623 77
22624 77
22625 77
22626 77
22627 77
22628 77
22629 77
22630 41
22631 41
22632 41
22633 41
22634 41
22635 17
22636 68
22637 41
22638 41
22639 41
22640 41
22641 41
22642 41
22643 41
22644 41
22645 41
22646 41
22647 41
22648 41
22649 41
22650 41
22651 41
22652 41
22653 41
22654 41
22655 41
22656 41
22657 41
22658 41
22659 41
22660 41
22661 41
22662 41
22663 41
22664 41
22665 41
22666 41
22667 41
22668 41
22669 41
22670 41
22671 41
22672 41
22673 41
22674 41
22675 41
22676 41
22677 41
22678 41
22679 41
22680 41
22681 41
22682 41
22683 41
22684 41
22685 41
22686 41
22687 41
22688 41
22689 41
22690 41
22691 41
22692 41
22693 41
22694 41
22695 41
22696 41
22697 41
22698 41
22699 41
22700 41
22701 41
22702 41
22703 41
22704 41
22705 41
22706 41
22707 41
22708 41
22709 41
22710 41
22711 41
22712 41
22713 41
22714 41
22715 41
22716 41
22717 41
22718 41
22719 41
22720 41
22721 41
22722 41
22723 41
22724 41
22725 41
22726 41
22727 41
22728 41
22729 41
22730 41
22731 41
22732 41
22733 41
22734 41
22735 41
22736 41
22737 41
22738 41
22739 41
22740 41
22741 41
22742 41
22743 41
22744 41
22745 41
22746 41
22747 41
22748 41
22749 41
22750 41
22751 41
22752 41
22753 41
22754 41
22755 17
22756 84
22757 84
22758 84
22759 17
22760 17
22761 41
22762 41
22763 41
22764 41
22765 58
22766 58
22767 58
22768 58
22769 58
22770 58
22771 58
22772 58
22773 58
22774 58
22775 58
22776 58
22777 17
22778 58
22779 58
22780 58
22781 58
22782 58
22783 58
22784 58
22785 58
22786 58
22787 58
22788 58
22789 58
22790 58
22791 58
22792 58
22793 58
22794 58
22795 58
22796 58
22797 58
22798 58
22799 58
22800 58
22801 58
22802 58
22803 58
22804 58
22805 58
22806 58
22807 17
22808 58
22809 58
22810 58
22811 58
22812 58
22813 58
22814 58
22815 58
22816 58
22817 58
22818 58
22819 58
22820 58
22821 58
22822 58
22823 58
22824 58
22825 58
22826 58
22827 58
22828 58
22829 58
22830 58
22831 58
22832 58
22833 17
22834 58
22835 58
22836 17
22837 58
22838 58
22839 58
22840 58
22841 58
22842 58
22843 58
22844 58
22845 58
22846 58
22847 58
22848 58
22849 58
22850 58
22851 58
22852 41
22853 58
22854 58
22855 58
22856 58
22857 58
22858 58
22859 58
22860 58
22861 58
22862 58
22863 58
22864 58
22865 58
22866 58
22867 58
22868 58
22869 58
22870 58
22871 58
22872 58
22873 58
22874 58
22875 58
22876 58
22877 58
22878 58
22879 58
22880 58
22881 58
22882 58
22883 58
22884 58
22885 58
22886 58
22887 58
22888 58
22889 58
22890 58
22891 58
22892 58
22893 58
22894 58
22895 58
22896 58
22897 41
22898 17
22899 17
22900 41
22901 41
22902 218
22903 41
22904 41
22905 17
22906 17
22907 17
22908 218
22909 17
22910 218
22911 218
22912 218
22913 218
22914 218
22915 218
22916 218
22917 78
22918 78
22919 310
22920 310
22921 310
22922 4
22923 4
22924 4
22925 4
22926 4
22927 4
22928 17
22929 4
22930 4
22931 4
22932 4
22933 4
22934 82
22935 4
22936 4
22937 4
22938 4
22939 4
22940 4
22941 4
22942 82
22943 4
22944 4
22945 4
22946 4
22947 4
22948 4
22949 4
22950 4
22951 4
22952 4
22953 4
22954 4
22955 4
22956 4
22957 4
22958 4
22959 4
22960 4
22961 4
22962 4
22963 4
22964 4
22965 4
22966 4
22967 4
22968 4
22969 4
22970 4
22971 310
22972 4
22973 4
22974 4
22975 4
22976 4
22977 4
22978 4
22979 4
22980 17
22981 4
22982 4
22983 4
22984 4
22985 4
22986 4
22987 4
22988 4
22989 4
22990 4
22991 4
22992 4
22993 4
22994 4
22995 4
22996 4
22997 4
22998 4
22999 4
23000 4
23001 4
23002 4
23003 4
23004 4
23005 4
23006 4
23007 6
23008 6
23009 6
23010 6
23011 17
23012 17
23013 17
23014 218
23015 218
23016 218
23017 41
23018 310
23019 218
23020 218
23021 218
23022 218
23023 218
23024 218
23025 218
23026 218
23027 218
23028 218
23029 218
23030 218
23031 218
23032 218
23033 218
23034 218
23035 218
23036 218
23037 218
23038 218
23039 218
23040 218
23041 218
23042 218
23043 218
23044 218
23045 218
23046 218
23047 218
23048 218
23049 218
23050 218
23051 218
23052 218
23053 218
23054 218
23055 218
23056 218
23057 218
23058 218
23059 218
23060 218
23061 218
23062 218
23063 218
23064 218
23065 218
23066 218
23067 218
23068 218
23069 218
23070 218
23071 218
23072 218
23073 218
23074 218
23075 218
23076 218
23077 218
23078 218
23079 218
23080 218
23081 218
23082 218
23083 218
23084 218
23085 218
23086 218
23087 218
23088 218
23089 218
23090 218
23091 218
23092 218
23093 218
23094 218
23095 17
23096 218
23097 218
23098 218
23099 17
23100 17
23101 218
23102 41
23103 82
23104 41
23105 41
23106 41
23107 41
23108 41
23109 41
23110 17
23111 218
23112 41
23113 82
23114 41
23115 79
23116 79
23117 79
23118 79
23119 79
23120 79
23121 80
23122 80
23123 41
23124 218
23125 218
23126 218
23127 218
23128 218
23129 218
23130 218
23131 218
23132 218
23133 218
23134 218
23135 218
23136 218
23137 218
23138 218
23139 218
23140 218
23141 218
23142 218
23143 218
23144 218
23145 218
23146 218
23147 218
23148 218
23149 218
23150 218
23151 218
23152 218
23153 218
23154 218
23155 218
23156 218
23157 218
23158 218
23159 218
23160 218
23161 218
23162 218
23163 218
23164 218
23165 218
23166 218
23167 218
23168 218
23169 218
23170 218
23171 218
23172 218
23173 218
23174 218
23175 218
23176 218
23177 218
23178 218
23179 218
23180 218
23181 218
23182 218
23183 218
23184 218
23185 218
23186 218
23187 218
23188 218
23189 218
23190 218
23191 218
23192 218
23193 218
23194 218
23195 218
23196 218
23197 218
23198 218
23199 218
23200 218
23201 218
23202 218
23203 68
23204 41
23205 41
23206 17
23207 17
23208 218
23209 17
23210 17
23211 17
23212 17
23213 4
23214 17
23215 118
23216 118
23217 17
23218 17
23219 17
23220 17
23221 17
23222 17
23223 17
23224 17
23225 17
23226 17
23227 17
23228 17
23229 17
23230 17
23231 17
23232 17
23233 17
23234 17
23235 17
23236 17
23237 17
23238 17
23239 17
23240 17
23241 17
23242 17
23243 17
23244 17
23245 17
23246 17
23247 17
23248 17
23249 17
23250 17
23251 17
23252 17
23253 17
23254 17
23255 17
23256 17
23257 17
23258 17
23259 17
23260 17
23261 68
23262 17
23263 17
23264 118
23265 17
23266 17
23267 17
23268 17
23269 17
23270 17
23271 17
23272 17
23273 17
23274 17
23275 17
23276 17
23277 17
23278 17
23279 17
23280 17
23281 17
23282 41
23283 41
23284 41
23285 218
23286 218
23287 218
23288 4
23289 17
23290 41
23291 81
23292 81
23293 41
23294 41
23295 17
23296 17
23297 17
23298 82
23299 82
23300 82
23301 82
23302 82
23303 17
23304 96
23305 96
23306 82
23307 17
23308 17
23309 17
23310 6
23311 41
23312 41
23313 41
23314 41
23315 41
23316 41
23317 41
23318 41
23319 41
23320 41
23321 41
23322 41
23323 310
23324 310
23325 218
23326 82
23327 82
23328 310
23329 82
23330 82
23331 41
23332 41
23333 41
23334 41
23335 41
23336 218
23337 41
23338 41
23339 41
23340 41
23341 41
23342 17
23343 218
23344 218
23345 218
23346 218
23347 218
23348 218
23349 218
23350 218
23351 218
23352 218
23353 218
23354 218
23355 218
23356 218
23357 218
23358 218
23359 218
23360 218
23361 218
23362 218
23363 218
23364 218
23365 218
23366 218
23367 218
23368 218
23369 218
23370 218
23371 218
23372 218
23373 218
23374 218
23375 218
23376 218
23377 218
23378 218
23379 218
23380 218
23381 218
23382 218
23383 218
23384 218
23385 218
23386 218
23387 218
23388 218
23389 218
23390 218
23391 218
23392 218
23393 218
23394 218
23395 218
23396 218
23397 218
23398 218
23399 218
23400 218
23401 218
23402 218
23403 218
23404 218
23405 218
23406 218
23407 218
23408 218
23409 218
23410 218
23411 218
23412 218
23413 218
23414 218
23415 218
23416 218
23417 218
23418 218
23419 218
23420 218
23421 218
23422 218
23423 218
23424 218
23425 218
23426 218
23427 218
23428 218
23429 218
23430 218
23431 218
23432 218
23433 218
23434 218
23435 218
23436 218
23437 218
23438 218
23439 218
23440 218
23441 218
23442 218
23443 218
23444 218
23445 218
23446 218
23447 218
23448 218
23449 218
23450 218
23451 218
23452 218
23453 218
23454 218
23455 218
23456 218
23457 218
23458 218
23459 218
23460 218
23461 218
23462 218
23463 218
23464 218
23465 218
23466 218
23467 218
23468 218
23469 218
23470 218
23471 218
23472 218
23473 218
23474 218
23475 218
23476 218
23477 218
23478 218
23479 218
23480 218
23481 218
23482 218
23483 176
23484 176
23485 176
23486 218
23487 218
23488 218
23489 218
23490 176
23491 176
23492 176
23493 218
23494 218
23495 218
23496 176
23497 218
23498 218
23499 218
23500 218
23501 176
23502 218
23503 218
23504 218
23505 218
23506 218
23507 218
23508 218
23509 218
23510 218
23511 218
23512 218
23513 218
23514 176
23515 176
23516 218
23517 218
23518 176
23519 218
23520 218
23521 218
23522 218
23523 176
23524 218
23525 218
23526 218
23527 218
23528 218
23529 218
23530 218
23531 218
23532 218
23533 218
23534 176
23535 218
23536 218
23537 218
23538 218
23539 218
23540 218
23541 218
23542 218
23543 218
23544 218
23545 176
23546 218
23547 218
23548 218
23549 218
23550 218
23551 218
23552 218
23553 218
23554 218
23555 176
23556 176
23557 218
23558 218
23559 218
23560 218
23561 218
23562 218
23563 176
23564 176
23565 218
23566 218
23567 218
23568 218
23569 218
23570 218
23571 218
23572 218
23573 218
23574 218
23575 218
23576 218
23577 218
23578 218
23579 218
23580 218
23581 218
23582 218
23583 176
23584 218
23585 218
23586 218
23587 218
23588 218
23589 218
23590 218
23591 218
23592 218
23593 218
23594 218
23595 218
23596 218
23597 218
23598 218
23599 218
23600 218
23601 17
23602 218
23603 218
23604 218
23605 218
23606 218
23607 218
23608 218
23609 218
23610 218
23611 218
23612 218
23613 218
23614 218
23615 218
23616 218
23617 218
23618 218
23619 218
23620 17
23621 17
23622 17
23623 17
23624 17
23625 17
23626 68
23627 68
23628 218
23629 218
23630 218
23631 218
23632 218
23633 218
23634 218
23635 218
23636 218
23637 218
23638 218
23639 218
23640 218
23641 218
23642 218
23643 218
23644 218
23645 218
23646 82
23647 218
23648 83
23649 83
23650 83
23651 83
23652 83
23653 83
23654 83
23655 83
23656 83
23657 83
23658 83
23659 218
23660 218
23661 218
23662 218
23663 218
23664 218
23665 218
23666 218
23667 218
23668 218
23669 218
23670 218
23671 218
23672 218
23673 218
23674 218
23675 218
23676 218
23677 218
23678 218
23679 218
23680 218
23681 218
23682 218
23683 218
23684 218
23685 218
23686 218
23687 33
23688 218
23689 218
23690 218
23691 218
23692 218
23693 218
23694 218
23695 218
23696 218
23697 218
23698 218
23699 218
23700 218
23701 218
23702 218
23703 218
23704 218
23705 218
23706 218
23707 218
23708 218
23709 218
23710 218
23711 218
23712 218
23713 218
23714 218
23715 218
23716 218
23717 4
23718 4
23719 4
23720 4
23721 4
23722 4
23723 218
23724 218
23725 218
23726 218
23727 218
23728 218
23729 218
23730 218
23731 218
23732 218
23733 218
23734 218
23735 218
23736 218
23737 218
23738 218
23739 218
23740 218
23741 218
23742 218
23743 218
23744 218
23745 218
23746 218
23747 218
23748 218
23749 218
23750 218
23751 218
23752 218
23753 218
23754 218
23755 218
23756 218
23757 218
23758 218
23759 218
23760 218
23761 218
23762 218
23763 218
23764 218
23765 218
23766 218
23767 218
23768 218
23769 218
23770 218
23771 218
23772 218
23773 218
23774 218
23775 218
23776 218
23777 218
23778 218
23779 218
23780 218
23781 218
23782 218
23783 33
23784 33
23785 33
23786 218
23787 218
23788 218
23789 218
23790 218
23791 218
23792 218
23793 6
23794 218
23795 218
23796 218
23797 218
23798 218
23799 218
23800 218
23801 218
23802 17
23803 218
23804 218
23805 218
23806 218
23807 218
23808 33
23809 218
23810 33
23811 33
23812 218
23813 218
23814 218
23815 218
23816 218
23817 218
23818 33
23819 218
23820 218
23821 218
23822 218
23823 218
23824 218
23825 218
23826 218
23827 218
23828 218
23829 218
23830 218
23831 218
23832 218
23833 218
23834 218
23835 218
23836 218
23837 218
23838 218
23839 218
23840 218
23841 218
23842 218
23843 218
23844 218
23845 218
23846 218
23847 218
23848 6
23849 218
23850 218
23851 218
23852 218
23853 218
23854 218
23855 6
23856 218
23857 6
23858 6
23859 218
23860 218
23861 218
23862 218
23863 218
23864 218
23865 218
23866 218
23867 218
23868 218
23869 218
23870 218
23871 218
23872 218
23873 218
23874 218
23875 218
23876 218
23877 218
23878 218
23879 218
23880 218
23881 218
23882 218
23883 218
23884 218
23885 218
23886 218
23887 218
23888 218
23889 218
23890 218
23891 218
23892 218
23893 218
23894 218
23895 218
23896 218
23897 218
23898 218
23899 218
23900 218
23901 218
23902 218
23903 218
23904 218
23905 218
23906 17
23907 218
23908 218
23909 218
23910 218
23911 17
23912 218
23913 218
23914 218
23915 218
23916 218
23917 218
23918 218
23919 218
23920 218
23921 218
23922 218
23923 218
23924 218
23925 218
23926 17
23927 218
23928 218
23929 218
23930 218
23931 218
23932 218
23933 218
23934 218
23935 218
23936 218
23937 218
23938 218
23939 218
23940 218
23941 218
23942 218
23943 218
23944 218
23945 218
23946 218
23947 218
23948 218
23949 218
23950 218
23951 218
23952 218
23953 218
23954 218
23955 218
23956 218
23957 218
23958 218
23959 218
23960 96
23961 218
23962 218
23963 218
23964 218
23965 218
23966 218
23967 218
23968 41
23969 218
23970 218
23971 218
23972 218
23973 218
23974 218
23975 218
23976 218
23977 218
23978 218
23979 33
23980 218
23981 218
23982 218
23983 218
23984 218
23985 218
23986 218
23987 218
23988 218
23989 218
23990 218
23991 218
23992 218
23993 218
23994 218
23995 218
23996 218
23997 218
23998 17
23999 218
24000 218
24001 218
24002 218
24003 17
24004 218
24005 218
24006 218
24007 218
24008 218
24009 218
24010 218
24011 218
24012 218
24013 218
24014 218
24015 218
24016 218
24017 218
24018 218
24019 218
24020 267
24021 218
24022 218
24023 218
24024 218
24025 267
24026 218
24027 218
24028 218
24029 218
24030 218
24031 85
24032 85
24033 85
24034 58
24035 218
24036 218
24037 218
24038 218
24039 218
24040 218
24041 218
24042 218
24043 218
24044 218
24045 218
24046 218
24047 218
24048 218
24049 218
24050 86
24051 86
24052 218
24053 218
24054 41
24055 218
24056 519
24057 519
24058 17
24059 41
24060 218
24061 218
24062 218
24063 41
24064 218
24065 218
24066 218
24067 218
24068 218
24069 218
24070 4
24071 17
24072 17
24073 17
24074 218
24075 218
24076 218
24077 218
24078 218
24079 218
24080 218
24081 218
24082 218
24083 218
24084 218
24085 218
24086 218
24087 218
24088 218
24089 218
24090 218
24091 218
24092 17
24093 218
24094 218
24095 218
24096 218
24097 68
24098 218
24099 17
24100 218
24101 218
24102 218
24103 17
24104 218
24105 17
24106 17
24107 17
24108 218
24109 218
24110 218
24111 218
24112 218
24113 218
24114 218
24115 218
24116 218
24117 218
24118 218
24119 218
24120 218
24121 218
24122 218
24123 17
24124 17
24125 82
24126 4
24127 218
24128 218
24129 17
24130 218
24131 17
24132 17
24133 17
24134 218
24135 17
24136 218
24137 218
24138 218
24139 218
24140 218
24141 218
24142 82
24143 33
24144 33
24145 33
24146 4
24147 4
24148 4
24149 4
24150 82
24151 302
24152 82
24153 82
24154 82
24155 82
24156 82
24157 82
24158 82
24159 82
24160 82
24161 82
24162 82
24163 82
24164 176
24165 176
24166 82
24167 82
24168 82
24169 17
24170 82
24171 82
24172 82
24173 302
24174 82
24175 82
24176 82
24177 82
24178 310
24179 310
24180 82
24181 82
24182 82
24183 82
24184 82
24185 82
24186 176
24187 82
24188 82
24189 82
24190 82
24191 82
24192 82
24193 82
24194 82
24195 310
24196 82
24197 82
24198 82
24199 82
24200 82
24201 82
24202 82
24203 82
24204 82
24205 82
24206 82
24207 82
24208 82
24209 82
24210 82
24211 82
24212 82
24213 82
24214 33
24215 82
24216 82
24217 82
24218 82
24219 82
24220 82
24221 176
24222 176
24223 82
24224 82
24225 82
24226 82
24227 82
24228 82
24229 92
24230 92
24231 92
24232 92
24233 82
24234 82
24235 82
24236 82
24237 82
24238 82
24239 82
24240 82
24241 310
24242 82
24243 82
24244 82
24245 82
24246 82
24247 82
24248 82
24249 82
24250 82
24251 82
24252 82
24253 82
24254 82
24255 82
24256 82
24257 82
24258 82
24259 82
24260 82
24261 82
24262 82
24263 82
24264 82
24265 82
24266 82
24267 82
24268 301
24269 82
24270 82
24271 82
24272 82
24273 41
24274 41
24275 82
24276 82
24277 82
24278 82
24279 82
24280 82
24281 82
24282 82
24283 82
24284 82
24285 82
24286 82
24287 82
24288 82
24289 82
24290 82
24291 82
24292 82
24293 82
24294 82
24295 82
24296 82
24297 82
24298 82
24299 82
24300 82
24301 17
24302 82
24303 82
24304 82
24305 82
24306 82
24307 82
24308 82
24309 82
24310 82
24311 176
24312 176
24313 82
24314 82
24315 82
24316 82
24317 176
24318 82
24319 82
24320 82
24321 82
24322 82
24323 82
24324 82
24325 82
24326 82
24327 82
24328 82
24329 82
24330 82
24331 82
24332 82
24333 82
24334 82
24335 82
24336 82
24337 82
24338 82
24339 82
24340 82
24341 82
24342 82
24343 82
24344 82
24345 82
24346 82
24347 82
24348 82
24349 17
24350 82
24351 82
24352 82
24353 82
24354 82
24355 82
24356 82
24357 82
24358 82
24359 41
24360 82
24361 82
24362 82
24363 82
24364 82
24365 82
24366 17
24367 82
24368 82
24369 6
24370 6
24371 4
24372 82
24373 82
24374 41
24375 4
24376 17
24377 82
24378 82
24379 82
24380 82
24381 82
24382 82
24383 82
24384 82
24385 82
24386 82
24387 82
24388 82
24389 82
24390 82
24391 4
24392 82
24393 82
24394 82
24395 17
24396 82
24397 82
24398 82
24399 17
24400 82
24401 82
24402 82
24403 82
24404 41
24405 82
24406 82
24407 82
24408 82
24409 82
24410 82
24411 82
24412 82
24413 82
24414 82
24415 82
24416 82
24417 82
24418 82
24419 82
24420 82
24421 17
24422 82
24423 82
24424 82
24425 82
24426 82
24427 82
24428 82
24429 82
24430 82
24431 82
24432 82
24433 82
24434 82
24435 58
24436 58
24437 58
24438 82
24439 82
24440 82
24441 82
24442 82
24443 265
24444 17
24445 82
24446 82
24447 82
24448 17
24449 82
24450 33
24451 17
24452 82
24453 82
24454 82
24455 82
24456 82
24457 82
24458 82
24459 82
24460 82
24461 82
24462 82
24463 17
24464 33
24465 82
24466 82
24467 17
24468 96
24469 17
24470 17
24471 17
24472 17
24473 17
24474 17
24475 17
24476 17
24477 17
24478 41
24479 17
24480 41
24481 17
24482 17
24483 87
24484 17
24485 17
24486 17
24487 17
24488 17
24489 17
24490 17
24491 17
24492 41
24493 41
24494 17
24495 41
24496 4
24497 17
24498 41
24499 17
24500 17
24501 17
24502 17
24503 17
24504 17
24505 17
24506 17
24507 17
24508 17
24509 41
24510 17
24511 17
24512 17
24513 17
24514 17
24515 17
24516 17
24517 17
24518 41
24519 58
24520 17
24521 17
24522 41
24523 17
24524 17
24525 17
24526 17
24527 17
24528 17
24529 17
24530 17
24531 17
24532 17
24533 17
24534 17
24535 17
24536 17
24537 17
24538 41
24539 41
24540 17
24541 4
24542 41
24543 17
24544 17
24545 17
24546 4
24547 4
24548 41
24549 17
24550 17
24551 17
24552 41
24553 17
24554 17
24555 17
24556 96
24557 17
24558 17
24559 17
24560 17
24561 17
24562 17
24563 17
24564 17
24565 17
24566 17
24567 17
24568 17
24569 41
24570 17
24571 41
24572 17
24573 84
24574 41
24575 4
24576 17
24577 41
24578 17
24579 17
24580 41
24581 17
24582 17
24583 17
24584 17
24585 17
24586 17
24587 17
24588 17
24589 17
24590 17
24591 17
24592 87
24593 17
24594 17
24595 4
24596 4
24597 84
24598 17
24599 17
24600 17
24601 17
24602 17
24603 17
24604 88
24605 88
24606 88
24607 88
24608 17
24609 84
24610 17
24611 17
24612 17
24613 41
24614 41
24615 41
24616 41
24617 41
24618 41
24619 33
24620 82
24621 310
24622 310
24623 310
24624 310
24625 89
24626 89
24627 89
24628 17
24629 17
24630 17
24631 17
24632 17
24633 17
24634 17
24635 17
24636 17
24637 41
24638 41
24639 17
24640 4
24641 4
24642 4
24643 4
24644 68
24645 17
24646 68
24647 68
24648 68
24649 68
24650 68
24651 68
24652 17
24653 17
24654 6
24655 17
24656 17
24657 17
24658 17
24659 17
24660 17
24661 103
24662 17
24663 17
24664 17
24665 41
24666 41
24667 41
24668 41
24669 90
24670 90
24671 90
24672 218
24673 82
24674 82
24675 91
24676 91
24677 91
24678 91
24679 17
24680 17
24681 68
24682 68
24683 68
24684 68
24685 68
24686 68
24687 68
24688 68
24689 68
24690 68
24691 68
24692 68
24693 68
24694 68
24695 68
24696 68
24697 68
24698 68
24699 68
24700 68
24701 17
24702 17
24703 17
24704 17
24705 17
24706 17
24707 17
24708 58
24709 82
24710 17
24711 17
24712 17
24713 17
24714 17
24715 17
24716 17
24717 17
24718 17
24719 92
24720 92
24721 92
24722 17
24723 432
24724 17
24725 17
24726 17
24727 17
24728 17
24729 17
24730 17
24731 17
24732 17
24733 17
24734 93
24735 93
24736 93
24737 93
24738 68
24739 68
24740 68
24741 68
24742 68
24743 68
24744 68
24745 68
24746 68
24747 68
24748 68
24749 68
24750 68
24751 68
24752 68
24753 68
24754 310
24755 310
24756 310
24757 17
24758 17
24759 17
24760 17
24761 17
24762 17
24763 17
24764 88
24765 88
24766 41
24767 41
24768 94
24769 94
24770 94
24771 94
24772 17
24773 17
24774 17
24775 17
24776 6
24777 6
24778 33
24779 17
24780 33
24781 33
24782 17
24783 58
24784 58
24785 58
24786 58
24787 96
24788 96
24789 96
24790 96
24791 96
24792 310
24793 17
24794 17
24795 17
24796 17
24797 95
24798 95
24799 218
24800 96
24801 96
24802 218
24803 218
24804 218
24805 218
24806 97
24807 97
24808 97
24809 97
24810 96
24811 96
24812 96
24813 96
24814 96
24815 96
24816 96
24817 96
24818 96
24819 96
24820 96
24821 96
24822 96
24823 96
24824 96
24825 96
24826 96
24827 96
24828 96
24829 96
24830 96
24831 96
24832 96
24833 96
24834 96
24835 96
24836 96
24837 96
24838 96
24839 96
24840 96
24841 96
24842 96
24843 96
24844 96
24845 96
24846 96
24847 96
24848 96
24849 96
24850 96
24851 96
24852 96
24853 96
24854 41
24855 96
24856 96
24857 96
24858 96
24859 96
24860 96
24861 96
24862 96
24863 96
24864 96
24865 96
24866 96
24867 96
24868 96
24869 96
24870 96
24871 96
24872 96
24873 96
24874 96
24875 96
24876 96
24877 96
24878 96
24879 96
24880 96
24881 98
24882 98
24883 98
24884 98
24885 98
24886 98
24887 96
24888 96
24889 96
24890 96
24891 96
24892 96
24893 96
24894 96
24895 96
24896 96
24897 96
24898 96
24899 96
24900 17
24901 17
24902 17
24903 17
24904 17
24905 17
24906 17
24907 17
24908 17
24909 17
24910 17
24911 17
24912 17
24913 17
24914 17
24915 17
24916 17
24917 17
24918 17
24919 17
24920 17
24921 41
24922 41
24923 41
24924 218
24925 218
24926 218
24927 218
24928 17
24929 82
24930 17
24931 17
24932 17
24933 218
24934 218
24935 41
24936 41
24937 41
24938 99
24939 99
24940 99
24941 100
24942 100
24943 100
24944 100
24945 100
24946 100
24947 100
24948 100
24949 100
24950 100
24951 100
24952 100
24953 100
24954 100
24955 100
24956 100
24957 100
24958 100
24959 100
24960 100
24961 100
24962 101
24963 101
24964 218
24965 218
24966 17
24967 218
24968 218
24969 218
24970 218
24971 218
24972 54
24973 54
24974 54
24975 54
24976 54
24977 54
24978 54
24979 54
24980 54
24981 54
24982 54
24983 54
24984 54
24985 54
24986 54
24987 54
24988 54
24989 54
24990 54
24991 54
24992 218
24993 218
24994 218
24995 218
24996 218
24997 218
24998 218
24999 218
25000 218
25001 218
25002 218
25003 218
25004 218
25005 218
25006 218
25007 218
25008 218
25009 218
25010 218
25011 218
25012 218
25013 218
25014 218
25015 218
25016 218
25017 17
25018 17
25019 17
25020 17
25021 17
25022 17
25023 102
25024 102
25025 102
25026 102
25027 103
25028 103
25029 103
25030 82
25031 82
25032 82
25033 82
25034 82
25035 96
25036 104
25037 104
25038 104
25039 104
25040 100
25041 100
25042 100
25043 100
25044 218
25045 218
25046 218
25047 17
25048 17
25049 82
25050 82
25051 105
25052 105
25053 17
25054 17
25055 17
25056 17
25057 17
25058 17
25059 106
25060 106
25061 218
25062 218
25063 107
25064 107
25065 107
25066 107
25067 218
25068 218
25069 218
25070 218
25071 218
25072 218
25073 218
25074 218
25075 218
25076 218
25077 17
25078 17
25079 218
25080 218
25081 218
25082 4
25083 96
25084 96
25085 96
25086 96
25087 96
25088 96
25089 96
25090 96
25091 96
25092 96
25093 96
25094 96
25095 96
25096 96
25097 96
25098 96
25099 96
25100 6
25101 176
25102 96
25103 96
25104 96
25105 96
25106 96
25107 96
25108 96
25109 96
25110 96
25111 96
25112 96
25113 96
25114 96
25115 96
25116 96
25117 96
25118 96
25119 96
25120 96
25121 96
25122 96
25123 96
25124 176
25125 96
25126 96
25127 96
25128 96
25129 96
25130 96
25131 96
25132 96
25133 96
25134 96
25135 218
25136 218
25137 218
25138 179
25139 179
25140 179
25141 218
25142 218
25143 218
25144 218
25145 218
25146 218
25147 218
25148 108
25149 108
25150 41
25151 218
25152 218
25153 218
25154 218
25155 218
25156 445
25157 445
25158 445
25159 218
25160 218
25161 218
25162 445
25163 445
25164 445
25165 218
25166 218
25167 218
25168 218
25169 218
25170 218
25171 96
25172 218
25173 218
25174 218
25175 218
25176 218
25177 218
25178 218
25179 218
25180 218
25181 218
25182 218
25183 218
25184 218
25185 218
25186 218
25187 218
25188 218
25189 218
25190 218
25191 218
25192 218
25193 218
25194 218
25195 218
25196 218
25197 218
25198 218
25199 218
25200 218
25201 218
25202 218
25203 218
25204 218
25205 218
25206 218
25207 218
25208 218
25209 218
25210 218
25211 6
25212 218
25213 218
25214 218
25215 82
25216 85
25217 218
25218 218
25219 218
25220 218
25221 218
25222 218
25223 218
25224 218
25225 218
25226 218
25227 218
25228 218
25229 218
25230 218
25231 218
25232 218
25233 218
25234 218
25235 218
25236 218
25237 293
25238 218
25239 218
25240 218
25241 218
25242 4
25243 218
25244 218
25245 218
25246 4
25247 218
25248 218
25249 218
25250 218
25251 218
25252 218
25253 218
25254 218
25255 218
25256 218
25257 218
25258 218
25259 17
25260 218
25261 218
25262 218
25263 218
25264 218
25265 218
25266 218
25267 218
25268 218
25269 218
25270 293
25271 218
25272 218
25273 218
25274 218
25275 218
25276 218
25277 218
25278 218
25279 218
25280 218
25281 218
25282 218
25283 218
25284 218
25285 218
25286 218
25287 218
25288 218
25289 218
25290 218
25291 218
25292 218
25293 218
25294 218
25295 218
25296 218
25297 218
25298 58
25299 109
25300 109
25301 109
25302 41
25303 41
25304 82
25305 96
25306 96
25307 17
25308 41
25309 6
25310 4
25311 110
25312 110
25313 110
25314 110
25315 110
25316 111
25317 111
25318 218
25319 218
25320 96
25321 96
25322 96
25323 96
25324 96
25325 96
25326 96
25327 112
25328 112
25329 112
25330 58
25331 113
25332 113
25333 114
25334 114
25335 54
25336 115
25337 115
25338 82
25339 82
25340 176
25341 176
25342 176
25343 176
25344 17
25345 17
25346 17
25347 17
25348 116
25349 116
25350 117
25351 117
25352 118
25353 118
25354 118
25355 118
25356 118
25357 4
25358 4
25359 4
25360 25
25361 25
25362 4
25363 4
25364 119
25365 119
25366 120
25367 120
25368 121
25369 121
25370 122
25371 122
25372 123
25373 123
25374 124
25375 124
25376 124
25377 124
25378 124
25379 124
25380 125
25381 125
25382 126
25383 126
25384 127
25385 127
25386 128
25387 128
25388 129
25389 129
25390 130
25391 130
25392 131
25393 131
25394 131
25395 131
25396 131
25397 132
25398 132
25399 132
25400 133
25401 133
25402 134
25403 134
25404 134
25405 134
25406 135
25407 135
25408 136
25409 136
25410 137
25411 137
25412 138
25413 138
25414 138
25415 139
25416 139
25417 140
25418 140
25419 141
25420 141
25421 142
25422 142
25423 143
25424 143
25425 144
25426 144
25427 144
25428 145
25429 145
25430 146
25431 146
25432 146
25433 146
25434 146
25435 147
25436 147
25437 148
25438 148
25439 149
25440 149
25441 150
25442 150
25443 150
25444 151
25445 151
25446 152
25447 152
25448 153
25449 153
25450 154
25451 154
25452 154
25453 155
25454 155
25455 156
25456 156
25457 100
25458 100
25459 157
25460 157
25461 158
25462 158
25463 159
25464 159
25465 17
25466 33
25467 33
25468 33
25469 33
25470 33
25471 33
25472 33
25473 160
25474 160
25475 96
25476 96
25477 96
25478 96
25479 96
25480 17
25481 6
25482 218
25483 218
25484 41
25485 4
25486 4
25487 4
25488 4
25489 4
25490 4
25491 4
25492 33
25493 33
25494 33
25495 33
25496 33
25497 33
25498 33
25499 33
25500 33
25501 33
25502 33
25503 33
25504 33
25505 33
25506 33
25507 33
25508 33
25509 33
25510 33
25511 33
25512 33
25513 33
25514 33
25515 33
25516 33
25517 33
25518 33
25519 33
25520 33
25521 33
25522 33
25523 33
25524 33
25525 161
25526 161
25527 162
25528 162
25529 33
25530 33
25531 33
25532 33
25533 33
25534 33
25535 163
25536 163
25537 41
25538 164
25539 164
25540 164
25541 164
25542 164
25543 164
25544 164
25545 164
25546 164
25547 164
25548 165
25549 165
25550 166
25551 166
25552 33
25553 33
25554 33
25555 167
25556 167
25557 167
25558 167
25559 168
25560 168
25561 168
25562 168
25563 4
25564 33
25565 33
25566 33
25567 17
25568 17
25569 41
25570 6
25571 17
25572 17
25573 17
25574 17
25575 41
25576 17
25577 17
25578 41
25579 17
25580 17
25581 84
25582 6
25583 6
25584 6
25585 17
25586 17
25587 17
25588 169
25589 169
25590 169
25591 169
25592 169
25593 17
25594 170
25595 170
25596 170
25597 310
25598 310
25599 310
25600 17
25601 17
25602 17
25603 17
25604 17
25605 17
25606 17
25607 17
25608 58
25609 41
25610 41
25611 41
25612 41
25613 41
25614 17
25615 17
25616 17
25617 17
25618 41
25619 41
25620 170
25621 170
25622 17
25623 218
25624 6
25625 6
25626 17
25627 17
25628 17
25629 17
25630 17
25631 17
25632 17
25633 17
25634 17
25635 17
25636 17
25637 41
25638 17
25639 17
25640 17
25641 17
25642 17
25643 17
25644 17
25645 17
25646 17
25647 17
25648 41
25649 41
25650 58
25651 58
25652 171
25653 171
25654 172
25655 172
25656 172
25657 172
25658 310
25659 6
25660 41
25661 41
25662 41
25663 41
25664 41
25665 41
25666 41
25667 41
25668 41
25669 41
25670 41
25671 41
25672 41
25673 41
25674 41
25675 41
25676 41
25677 41
25678 41
25679 41
25680 41
25681 41
25682 41
25683 41
25684 41
25685 82
25686 41
25687 41
25688 41
25689 17
25690 41
25691 41
25692 41
25693 41
25694 41
25695 41
25696 41
25697 41
25698 41
25699 41
25700 6
25701 41
25702 41
25703 41
25704 41
25705 41
25706 41
25707 41
25708 41
25709 41
25710 41
25711 41
25712 17
25713 41
25714 41
25715 41
25716 41
25717 41
25718 41
25719 41
25720 41
25721 41
25722 41
25723 41
25724 41
25725 41
25726 41
25727 41
25728 41
25729 41
25730 41
25731 41
25732 41
25733 41
25734 41
25735 41
25736 41
25737 41
25738 41
25739 41
25740 41
25741 41
25742 41
25743 41
25744 41
25745 41
25746 173
25747 173
25748 173
25749 41
25750 173
25751 41
25752 17
25753 41
25754 41
25755 41
25756 41
25757 41
25758 41
25759 41
25760 41
25761 41
25762 41
25763 41
25764 176
25765 176
25766 176
25767 176
25768 176
25769 176
25770 176
25771 176
25772 176
25773 218
25774 218
25775 218
25776 218
25777 174
25778 174
25779 292
25780 292
25781 292
25782 218
25783 218
25784 176
25785 176
25786 176
25787 176
25788 176
25789 176
25790 176
25791 176
25792 176
25793 176
25794 176
25795 176
25796 176
25797 176
25798 176
25799 176
25800 176
25801 176
25802 176
25803 176
25804 176
25805 176
25806 176
25807 176
25808 176
25809 176
25810 176
25811 176
25812 176
25813 176
25814 176
25815 176
25816 176
25817 176
25818 176
25819 176
25820 176
25821 176
25822 176
25823 176
25824 176
25825 176
25826 176
25827 176
25828 176
25829 176
25830 176
25831 176
25832 176
25833 176
25834 218
25835 175
25836 175
25837 175
25838 175
25839 218
25840 176
25841 176
25842 176
25843 176
25844 176
25845 176
25846 176
25847 176
25848 176
25849 176
25850 176
25851 176
25852 218
25853 218
25854 218
25855 17
25856 41
25857 292
25858 292
25859 292
25860 292
25861 292
25862 218
25863 176
25864 176
25865 176
25866 176
25867 176
25868 176
25869 176
25870 176
25871 176
25872 176
25873 176
25874 176
25875 176
25876 176
25877 176
25878 176
25879 176
25880 176
25881 176
25882 176
25883 176
25884 176
25885 176
25886 176
25887 218
25888 218
25889 218
25890 218
25891 218
25892 218
25893 218
25894 218
25895 218
25896 218
25897 218
25898 218
25899 218
25900 17
25901 218
25902 218
25903 218
25904 41
25905 33
25906 33
25907 33
25908 218
25909 218
25910 218
25911 17
25912 218
25913 218
25914 218
25915 218
25916 17
25917 82
25918 218
25919 218
25920 218
25921 17
25922 82
25923 218
25924 218
25925 218
25926 218
25927 218
25928 17
25929 218
25930 218
25931 218
25932 17
25933 17
25934 218
25935 218
25936 218
25937 218
25938 218
25939 218
25940 218
25941 218
25942 218
25943 218
25944 218
25945 218
25946 17
25947 17
25948 17
25949 218
25950 218
25951 218
25952 218
25953 218
25954 218
25955 218
25956 218
25957 218
25958 218
25959 218
25960 218
25961 218
25962 218
25963 218
25964 17
25965 17
25966 218
25967 218
25968 218
25969 218
25970 17
25971 17
25972 17
25973 292
25974 292
25975 292
25976 177
25977 177
25978 177
25979 177
25980 177
25981 177
25982 177
25983 177
25984 177
25985 17
25986 178
25987 178
25988 178
25989 178
25990 17
25991 218
25992 218
25993 17
25994 218
25995 218
25996 218
25997 179
25998 179
25999 179
26000 179
26001 179
26002 179
26003 179
26004 218
26005 218
26006 218
26007 413
26008 413
26009 413
26010 413
26011 413
26012 413
26013 413
26014 413
26015 413
26016 413
26017 413
26018 413
26019 413
26020 413
26021 413
26022 413
26023 413
26024 413
26025 413
26026 413
26027 413
26028 413
26029 413
26030 413
26031 413
26032 413
26033 413
26034 413
26035 413
26036 413
26037 413
26038 413
26039 413
26040 413
26041 413
26042 413
26043 413
26044 413
26045 413
26046 413
26047 413
26048 413
26049 413
26050 413
26051 413
26052 413
26053 413
26054 413
26055 413
26056 413
26057 413
26058 413
26059 413
26060 413
26061 413
26062 413
26063 413
26064 413
26065 413
26066 413
26067 413
26068 413
26069 413
26070 413
26071 413
26072 413
26073 41
26074 41
26075 6
26076 6
26077 6
26078 6
26079 6
26080 6
26081 6
26082 6
26083 6
26084 6
26085 6
26086 6
26087 41
26088 41
26089 41
26090 90
26091 41
26092 41
26093 41
26094 41
26095 41
26096 41
26097 41
26098 41
26099 41
26100 41
26101 41
26102 41
26103 41
26104 41
26105 41
26106 41
26107 41
26108 41
26109 41
26110 41
26111 41
26112 41
26113 41
26114 41
26115 41
26116 41
26117 41
26118 41
26119 4
26120 17
26121 41
26122 41
26123 41
26124 41
26125 4
26126 41
26127 17
26128 41
26129 41
26130 41
26131 41
26132 41
26133 41
26134 41
26135 41
26136 41
26137 4
26138 41
26139 41
26140 41
26141 4
26142 17
26143 17
26144 17
26145 17
26146 17
26147 17
26148 17
26149 17
26150 17
26151 17
26152 17
26153 180
26154 180
26155 180
26156 180
26157 180
26158 180
26159 180
26160 180
26161 17
26162 17
26163 17
26164 17
26165 41
26166 41
26167 41
26168 41
26169 41
26170 181
26171 181
26172 181
26173 181
26174 181
26175 41
26176 41
26177 41
26178 41
26179 41
26180 41
26181 41
26182 41
26183 41
26184 41
26185 41
26186 41
26187 41
26188 41
26189 41
26190 41
26191 41
26192 41
26193 41
26194 41
26195 4
26196 4
26197 41
26198 41
26199 41
26200 41
26201 41
26202 41
26203 41
26204 41
26205 41
26206 41
26207 17
26208 17
26209 17
26210 17
26211 41
26212 41
26213 41
26214 41
26215 41
26216 41
26217 41
26218 41
26219 17
26220 17
26221 41
26222 17
26223 17
26224 17
26225 17
26226 17
26227 17
26228 17
26229 41
26230 41
26231 41
26232 41
26233 41
26234 310
26235 182
26236 182
26237 182
26238 17
26239 17
26240 17
26241 17
26242 17
26243 17
26244 17
26245 17
26246 17
26247 17
26248 17
26249 17
26250 17
26251 17
26252 17
26253 17
26254 17
26255 17
26256 17
26257 17
26258 17
26259 17
26260 17
26261 17
26262 17
26263 17
26264 17
26265 183
26266 183
26267 184
26268 184
26269 17
26270 185
26271 185
26272 186
26273 186
26274 17
26275 17
26276 17
26277 17
26278 17
26279 17
26280 187
26281 187
26282 187
26283 188
26284 188
26285 189
26286 189
26287 189
26288 189
26289 190
26290 190
26291 191
26292 191
26293 192
26294 192
26295 193
26296 193
26297 194
26298 194
26299 195
26300 195
26301 195
26302 195
26303 196
26304 196
26305 197
26306 197
26307 198
26308 198
26309 199
26310 199
26311 200
26312 200
26313 201
26314 201
26315 202
26316 202
26317 203
26318 203
26319 203
26320 82
26321 17
26322 17
26323 17
26324 17
26325 17
26326 17
26327 17
26328 17
26329 17
26330 17
26331 17
26332 17
26333 17
26334 17
26335 17
26336 17
26337 17
26338 17
26339 17
26340 17
26341 17
26342 17
26343 17
26344 17
26345 17
26346 17
26347 41
26348 204
26349 204
26350 204
26351 0
26352 0
26353 0
26354 0
26355 0
26356 0
26357 0
26358 0
26359 0
26360 0
26361 0
26362 0
26363 0
26364 0
26365 0
26366 0
26367 0
26368 0
26369 0
26370 0
26371 0
26372 0
26373 0
26374 0
26375 0
26376 0
26377 0
26378 41
26379 41
26380 41
26381 41
26382 41
26383 41
26384 17
26385 41
26386 41
26387 41
26388 41
26389 41
26390 41
26391 17
26392 17
26393 17
26394 41
26395 17
26396 17
26397 17
26398 17
26399 17
26400 17
26401 0
26402 17
26403 17
26404 17
26405 17
26406 17
26407 17
26408 17
26409 17
26410 17
26411 17
26412 17
26413 17
26414 17
26415 17
26416 17
26417 17
26418 17
26419 17
26420 17
26421 17
26422 17
26423 17
26424 17
26425 17
26426 0
26427 17
26428 17
26429 17
26430 17
26431 17
26432 17
26433 17
26434 17
26435 17
26436 17
26437 41
26438 17
26439 17
26440 17
26441 41
26442 17
26443 17
26444 17
26445 17
26446 17
26447 17
26448 17
26449 17
26450 17
26451 17
26452 17
26453 17
26454 17
26455 17
26456 17
26457 17
26458 17
26459 17
26460 17
26461 17
26462 41
26463 41
26464 41
26465 17
26466 17
26467 17
26468 17
26469 0
26470 17
26471 17
26472 17
26473 17
26474 41
26475 17
26476 17
26477 17
26478 41
26479 17
26480 17
26481 17
26482 17
26483 17
26484 17
26485 17
26486 41
26487 17
26488 0
26489 17
26490 17
26491 17
26492 4
26493 17
26494 17
26495 17
26496 17
26497 41
26498 17
26499 17
26500 17
26501 17
26502 17
26503 41
26504 41
26505 41
26506 41
26507 17
26508 17
26509 17
26510 17
26511 17
26512 17
26513 17
26514 17
26515 17
26516 17
26517 17
26518 17
26519 17
26520 17
26521 0
26522 0
26523 0
26524 0
26525 0
26526 0
26527 0
26528 0
26529 0
26530 17
26531 17
26532 17
26533 17
26534 17
26535 17
26536 41
26537 41
26538 41
26539 41
26540 41
26541 41
26542 41
26543 41
26544 41
26545 41
26546 41
26547 41
26548 41
26549 41
26550 41
26551 41
26552 41
26553 41
26554 41
26555 41
26556 41
26557 41
26558 41
26559 41
26560 41
26561 41
26562 41
26563 41
26564 41
26565 41
26566 0
26567 0
26568 0
26569 0
26570 0
26571 0
26572 0
26573 0
26574 0
26575 0
26576 0
26577 0
26578 0
26579 0
26580 0
26581 0
26582 0
26583 0
26584 0
26585 0
26586 0
26587 0
26588 0
26589 0
26590 0
26591 0
26592 0
26593 0
26594 0
26595 0
26596 41
26597 41
26598 41
26599 41
26600 41
26601 41
26602 41
26603 41
26604 41
26605 41
26606 41
26607 41
26608 526
26609 526
26610 526
26611 526
26612 526
26613 41
26614 41
26615 41
26616 41
26617 41
26618 41
26619 41
26620 41
26621 41
26622 41
26623 17
26624 41
26625 41
26626 41
26627 41
26628 41
26629 41
26630 41
26631 41
26632 41
26633 41
26634 41
26635 41
26636 41
26637 526
26638 41
26639 41
26640 41
26641 41
26642 41
26643 41
26644 41
26645 41
26646 41
26647 41
26648 41
26649 41
26650 41
26651 41
26652 41
26653 41
26654 41
26655 41
26656 41
26657 17
26658 41
26659 41
26660 41
26661 41
26662 41
26663 41
26664 41
26665 17
26666 17
26667 17
26668 17
26669 17
26670 17
26671 0
26672 0
26673 0
26674 0
26675 0
26676 0
26677 0
26678 0
26679 0
26680 0
26681 0
26682 0
26683 0
26684 0
26685 0
26686 0
26687 0
26688 0
26689 0
26690 0
26691 0
26692 0
26693 0
26694 0
26695 41
26696 41
26697 0
26698 17
26699 0
26700 0
26701 0
26702 0
26703 0
26704 0
26705 0
26706 0
26707 0
26708 17
26709 0
26710 0
26711 0
26712 0
26713 0
26714 0
26715 0
26716 0
26717 0
26718 0
26719 0
26720 0
26721 0
26722 0
26723 0
26724 0
26725 0
26726 0
26727 41
26728 17
26729 17
26730 17
26731 218
26732 41
26733 17
26734 41
26735 41
26736 17
26737 17
26738 17
26739 41
26740 41
26741 41
26742 41
26743 107
26744 41
26745 41
26746 41
26747 41
26748 41
26749 41
26750 41
26751 41
26752 41
26753 41
26754 41
26755 82
26756 41
26757 82
26758 41
26759 41
26760 41
26761 82
26762 41
26763 41
26764 41
26765 41
26766 41
26767 41
26768 41
26769 41
26770 41
26771 41
26772 41
26773 41
26774 41
26775 41
26776 41
26777 41
26778 41
26779 41
26780 41
26781 41
26782 41
26783 41
26784 41
26785 41
26786 41
26787 41
26788 82
26789 17
26790 17
26791 41
26792 82
26793 41
26794 41
26795 17
26796 41
26797 41
26798 41
26799 41
26800 41
26801 41
26802 41
26803 0
26804 0
26805 0
26806 0
26807 0
26808 0
26809 0
26810 0
26811 0
26812 0
26813 0
26814 0
26815 0
26816 0
26817 0
26818 0
26819 0
26820 0
26821 0
26822 0
26823 0
26824 0
26825 0
26826 0
26827 0
26828 0
26829 0
26830 0
26831 0
26832 0
26833 0
26834 0
26835 0
26836 0
26837 0
26838 0
26839 0
26840 0
26841 0
26842 0
26843 0
26844 0
26845 0
26846 0
26847 0
26848 0
26849 0
26850 0
26851 0
26852 0
26853 0
26854 0
26855 0
26856 0
26857 0
26858 0
26859 0
26860 0
26861 0
26862 0
26863 0
26864 0
26865 0
26866 0
26867 0
26868 0
26869 0
26870 0
26871 0
26872 0
26873 0
26874 41
26875 41
26876 41
26877 0
26878 0
26879 0
26880 0
26881 0
26882 0
26883 0
26884 0
26885 0
26886 0
26887 0
26888 0
26889 0
26890 0
26891 0
26892 0
26893 0
26894 41
26895 17
26896 17
26897 0
26898 41
26899 41
26900 41
26901 41
26902 41
26903 41
26904 17
26905 0
26906 0
26907 0
26908 0
26909 0
26910 0
26911 0
26912 0
26913 0
26914 0
26915 0
26916 0
26917 0
26918 0
26919 0
26920 0
26921 0
26922 0
26923 0
26924 0
26925 0
26926 0
26927 0
26928 0
26929 0
26930 0
26931 0
26932 0
26933 0
26934 0
26935 0
26936 0
26937 0
26938 0
26939 0
26940 0
26941 0
26942 0
26943 0
26944 0
26945 0
26946 0
26947 0
26948 0
26949 0
26950 0
26951 0
26952 0
26953 0
26954 0
26955 0
26956 17
26957 17
26958 17
26959 17
26960 17
26961 17
26962 41
26963 0
26964 0
26965 0
26966 0
26967 0
26968 0
26969 0
26970 0
26971 0
26972 0
26973 0
26974 0
26975 0
26976 0
26977 0
26978 0
26979 0
26980 0
26981 17
26982 205
26983 205
26984 68
26985 17
26986 17
26987 17
26988 17
26989 17
26990 17
26991 17
26992 17
26993 17
26994 17
26995 17
26996 17
26997 17
26998 17
26999 17
27000 17
27001 17
27002 17
27003 17
27004 17
27005 17
27006 17
27007 17
27008 17
27009 17
27010 17
27011 17
27012 41
27013 17
27014 0
27015 0
27016 0
27017 0
27018 0
27019 0
27020 0
27021 0
27022 0
27023 0
27024 0
27025 0
27026 0
27027 0
27028 0
27029 17
27030 17
27031 17
27032 17
27033 17
27034 17
27035 17
27036 17
27037 17
27038 17
27039 17
27040 17
27041 17
27042 17
27043 17
27044 17
27045 17
27046 17
27047 17
27048 17
27049 17
27050 6
27051 41
27052 41
27053 0
27054 17
27055 17
27056 17
27057 17
27058 41
27059 41
27060 17
27061 17
27062 17
27063 17
27064 17
27065 17
27066 17
27067 17
27068 0
27069 0
27070 0
27071 41
27072 17
27073 17
27074 17
27075 17
27076 17
27077 17
27078 17
27079 17
27080 17
27081 17
27082 17
27083 17
27084 41
27085 41
27086 41
27087 41
27088 41
27089 41
27090 17
27091 17
27092 17
27093 17
27094 17
27095 17
27096 17
27097 17
27098 17
27099 17
27100 17
27101 17
27102 0
27103 0
27104 0
27105 0
27106 0
27107 0
27108 0
27109 41
27110 41
27111 206
27112 206
27113 206
27114 206
27115 206
27116 206
27117 206
27118 206
27119 206
27120 206
27121 0
27122 0
27123 0
27124 41
27125 41
27126 17
27127 17
27128 207
27129 207
27130 17
27131 41
27132 179
27133 41
27134 41
27135 41
27136 17
27137 41
27138 41
27139 41
27140 41
27141 96
27142 96
27143 41
27144 41
27145 208
27146 208
27147 41
27148 41
27149 41
27150 41
27151 41
27152 41
27153 41
27154 41
27155 41
27156 41
27157 41
27158 41
27159 41
27160 41
27161 41
27162 41
27163 41
27164 41
27165 41
27166 41
27167 41
27168 41
27169 41
27170 218
27171 218
27172 0
27173 41
27174 17
27175 17
27176 17
27177 17
27178 17
27179 17
27180 17
27181 17
27182 41
27183 41
27184 41
27185 41
27186 0
27187 41
27188 41
27189 209
27190 209
27191 209
27192 0
27193 0
27194 0
27195 0
27196 0
27197 41
27198 41
27199 41
27200 41
27201 41
27202 210
27203 210
27204 41
27205 41
27206 41
27207 41
27208 41
27209 41
27210 41
27211 41
27212 41
27213 17
27214 17
27215 17
27216 17
27217 0
27218 0
27219 0
27220 0
27221 0
27222 0
27223 17
27224 17
27225 41
27226 41
27227 41
27228 211
27229 211
27230 41
27231 41
27232 41
27233 41
27234 41
27235 41
27236 41
27237 88
27238 41
27239 41
27240 41
27241 41
27242 41
27243 41
27244 41
27245 33
27246 41
27247 41
27248 41
27249 41
27250 41
27251 41
27252 41
27253 41
27254 41
27255 41
27256 41
27257 96
27258 41
27259 41
27260 41
27261 41
27262 41
27263 41
27264 41
27265 0
27266 17
27267 17
27268 17
27269 17
27270 17
27271 17
27272 0
27273 0
27274 41
27275 17
27276 17
27277 17
27278 4
27279 4
27280 4
27281 4
27282 4
27283 17
27284 17
27285 17
27286 41
27287 41
27288 41
27289 0
27290 0
27291 17
27292 41
27293 212
27294 212
27295 212
27296 212
27297 212
27298 212
27299 0
27300 0
27301 0
27302 0
27303 0
27304 0
27305 0
27306 0
27307 0
27308 0
27309 41
27310 41
27311 205
27312 17
27313 17
27314 17
27315 0
27316 0
27317 0
27318 17
27319 17
27320 17
27321 17
27322 17
27323 41
27324 41
27325 17
27326 41
27327 41
27328 41
27329 17
27330 17
27331 17
27332 41
27333 17
27334 82
27335 41
27336 41
27337 41
27338 41
27339 41
27340 41
27341 41
27342 17
27343 17
27344 41
27345 87
27346 17
27347 41
27348 82
27349 41
27350 41
27351 4
27352 4
27353 4
27354 41
27355 41
27356 17
27357 17
27358 17
27359 17
27360 17
27361 17
27362 17
27363 68
27364 68
27365 68
27366 68
27367 68
27368 68
27369 68
27370 68
27371 68
27372 68
27373 68
27374 68
27375 68
27376 68
27377 68
27378 68
27379 68
27380 68
27381 68
27382 68
27383 68
27384 68
27385 68
27386 68
27387 68
27388 68
27389 17
27390 17
27391 17
27392 33
27393 68
27394 68
27395 68
27396 41
27397 17
27398 17
27399 17
27400 213
27401 213
27402 213
27403 213
27404 82
27405 0
27406 0
27407 0
27408 17
27409 17
27410 17
27411 0
27412 0
27413 0
27414 0
27415 0
27416 0
27417 0
27418 0
27419 0
27420 0
27421 0
27422 214
27423 214
27424 35
27425 35
27426 41
27427 41
27428 41
27429 41
27430 215
27431 215
27432 215
27433 215
27434 215
27435 17
27436 17
27437 17
27438 17
27439 17
27440 17
27441 17
27442 17
27443 41
27444 41
27445 17
27446 17
27447 17
27448 41
27449 41
27450 17
27451 17
27452 17
27453 17
27454 216
27455 216
27456 216
27457 216
27458 0
27459 0
27460 0
27461 0
27462 0
27463 0
27464 0
27465 41
27466 41
27467 41
27468 217
27469 217
27470 217
27471 217
27472 218
27473 218
27474 218
27475 96
27476 96
27477 96
27478 96
27479 17
27480 17
27481 17
27482 0
27483 96
27484 41
27485 41
27486 41
27487 41
27488 41
27489 41
27490 292
27491 292
27492 292
27493 292
27494 33
27495 0
27496 41
27497 41
27498 41
27499 219
27500 219
27501 219
27502 41
27503 82
27504 0
27505 0
27506 0
27507 218
27508 218
27509 218
27510 218
27511 220
27512 220
27513 4
27514 41
27515 0
27516 17
27517 41
27518 41
27519 17
27520 17
27521 17
27522 17
27523 17
27524 17
27525 17
27526 6
27527 17
27528 17
27529 17
27530 6
27531 17
27532 17
27533 17
27534 179
27535 17
27536 17
27537 17
27538 17
27539 17
27540 17
27541 17
27542 17
27543 17
27544 17
27545 6
27546 17
27547 17
27548 17
27549 17
27550 17
27551 17
27552 17
27553 17
27554 17
27555 17
27556 17
27557 17
27558 17
27559 17
27560 17
27561 17
27562 17
27563 179
27564 17
27565 221
27566 221
27567 221
27568 221
27569 221
27570 221
27571 221
27572 221
27573 221
27574 221
27575 222
27576 222
27577 41
27578 41
27579 41
27580 223
27581 223
27582 223
27583 223
27584 223
27585 224
27586 224
27587 224
27588 224
27589 84
27590 84
27591 84
27592 84
27593 84
27594 84
27595 84
27596 84
27597 84
27598 84
27599 84
27600 84
27601 84
27602 84
27603 84
27604 84
27605 84
27606 84
27607 17
27608 17
27609 17
27610 17
27611 17
27612 17
27613 17
27614 84
27615 84
27616 84
27617 84
27618 84
27619 84
27620 84
27621 84
27622 84
27623 84
27624 84
27625 84
27626 84
27627 4
27628 84
27629 84
27630 84
27631 84
27632 84
27633 84
27634 17
27635 84
27636 84
27637 84
27638 84
27639 17
27640 17
27641 225
27642 225
27643 225
27644 225
27645 82
27646 226
27647 226
27648 226
27649 227
27650 227
27651 227
27652 227
27653 228
27654 228
27655 228
27656 17
27657 17
27658 229
27659 229
27660 229
27661 230
27662 230
27663 231
27664 231
27665 232
27666 232
27667 233
27668 233
27669 234
27670 234
27671 235
27672 235
27673 236
27674 236
27675 237
27676 237
27677 238
27678 238
27679 239
27680 239
27681 240
27682 240
27683 17
27684 17
27685 241
27686 241
27687 242
27688 242
27689 243
27690 243
27691 243
27692 244
27693 244
27694 245
27695 245
27696 246
27697 246
27698 247
27699 247
27700 248
27701 248
27702 248
27703 249
27704 249
27705 250
27706 250
27707 251
27708 251
27709 252
27710 252
27711 253
27712 253
27713 253
27714 254
27715 254
27716 254
27717 254
27718 96
27719 96
27720 96
27721 96
27722 96
27723 96
27724 96
27725 96
27726 96
27727 96
27728 96
27729 96
27730 96
27731 96
27732 96
27733 96
27734 96
27735 96
27736 96
27737 96
27738 96
27739 96
27740 96
27741 96
27742 96
27743 96
27744 96
27745 96
27746 96
27747 96
27748 96
27749 96
27750 96
27751 96
27752 96
27753 96
27754 96
27755 96
27756 96
27757 96
27758 96
27759 96
27760 96
27761 96
27762 96
27763 96
27764 96
27765 255
27766 255
27767 255
27768 255
27769 255
27770 255
27771 255
27772 255
27773 96
27774 96
27775 96
27776 96
27777 96
27778 96
27779 96
27780 96
27781 96
27782 96
27783 96
27784 256
27785 256
27786 256
27787 82
27788 82
27789 96
27790 96
27791 96
27792 96
27793 96
27794 96
27795 96
27796 96
27797 96
27798 96
27799 257
27800 257
27801 258
27802 258
27803 258
27804 258
27805 258
27806 258
27807 258
27808 96
27809 96
27810 96
27811 96
27812 96
27813 96
27814 96
27815 96
27816 96
27817 96
27818 82
27819 259
27820 259
27821 259
27822 41
27823 41
27824 82
27825 41
27826 41
27827 41
27828 41
27829 41
27830 41
27831 41
27832 41
27833 41
27834 41
27835 41
27836 41
27837 41
27838 41
27839 41
27840 41
27841 41
27842 41
27843 41
27844 41
27845 41
27846 41
27847 41
27848 41
27849 41
27850 261
27851 261
27852 261
27853 261
27854 261
27855 261
27856 261
27857 261
27858 261
27859 261
27860 261
27861 261
27862 41
27863 335
27864 41
27865 335
27866 41
27867 41
27868 41
27869 335
27870 328
27871 335
27872 328
27873 41
27874 41
27875 41
27876 327
27877 41
27878 41
27879 41
27880 41
27881 41
27882 41
27883 41
27884 335
27885 335
27886 335
27887 335
27888 335
27889 335
27890 41
27891 41
27892 335
27893 41
27894 335
27895 328
27896 328
27897 41
27898 335
27899 335
27900 335
27901 335
27902 41
27903 41
27904 41
27905 41
27906 335
27907 328
27908 41
27909 41
27910 327
27911 327
27912 41
27913 41
27914 41
27915 41
27916 331
27917 335
27918 335
27919 335
27920 41
27921 335
27922 327
27923 327
27924 41
27925 41
27926 335
27927 335
27928 82
27929 82
27930 41
27931 41
27932 41
27933 41
27934 41
27935 41
27936 41
27937 41
27938 41
27939 41
27940 41
27941 41
27942 41
27943 41
27944 41
27945 41
27946 41
27947 41
27948 41
27949 41
27950 41
27951 41
27952 96
27953 96
27954 96
27955 96
27956 96
27957 96
27958 96
27959 96
27960 96
27961 96
27962 96
27963 96
27964 96
27965 96
27966 96
27967 96
27968 96
27969 96
27970 96
27971 96
27972 96
27973 96
27974 96
27975 96
27976 96
27977 96
27978 96
27979 96
27980 96
27981 96
27982 96
27983 96
27984 96
27985 96
27986 96
27987 96
27988 96
27989 96
27990 96
27991 96
27992 96
27993 96
27994 96
27995 96
27996 96
27997 96
27998 96
27999 96
28000 96
28001 96
28002 96
28003 96
28004 96
28005 96
28006 17
28007 17
28008 17
28009 17
28010 17
28011 17
28012 17
28013 17
28014 17
28015 17
28016 17
28017 17
28018 17
28019 17
28020 17
28021 17
28022 17
28023 17
28024 17
28025 17
28026 17
28027 96
28028 262
28029 262
28030 96
28031 96
28032 96
28033 96
28034 96
28035 41
28036 118
28037 41
28038 41
28039 41
28040 41
28041 118
28042 41
28043 118
28044 41
28045 41
28046 41
28047 41
28048 41
28049 41
28050 41
28051 41
28052 41
28053 41
28054 41
28055 41
28056 41
28057 41
28058 41
28059 41
28060 41
28061 41
28062 118
28063 41
28064 41
28065 41
28066 41
28067 41
28068 41
28069 41
28070 41
28071 41
28072 292
28073 292
28074 96
28075 96
28076 96
28077 96
28078 96
28079 218
28080 6
28081 6
28082 6
28083 6
28084 310
28085 17
28086 310
28087 310
28088 310
28089 6
28090 17
28091 17
28092 17
28093 17
28094 218
28095 58
28096 58
28097 58
28098 58
28099 58
28100 58
28101 58
28102 58
28103 84
28104 263
28105 263
28106 58
28107 58
28108 58
28109 58
28110 58
28111 58
28112 58
28113 218
28114 58
28115 58
28116 58
28117 58
28118 58
28119 58
28120 58
28121 58
28122 58
28123 58
28124 58
28125 58
28126 58
28127 264
28128 264
28129 58
28130 17
28131 17
28132 17
28133 17
28134 17
28135 17
28136 17
28137 177
28138 177
28139 177
28140 41
28141 41
28142 58
28143 58
28144 58
28145 58
28146 58
28147 58
28148 58
28149 17
28150 17
28151 17
28152 17
28153 17
28154 17
28155 17
28156 17
28157 17
28158 17
28159 17
28160 17
28161 17
28162 17
28163 17
28164 17
28165 17
28166 17
28167 17
28168 4
28169 17
28170 17
28171 17
28172 17
28173 82
28174 17
28175 17
28176 17
28177 17
28178 17
28179 17
28180 4
28181 17
28182 17
28183 17
28184 17
28185 17
28186 17
28187 17
28188 17
28189 17
28190 17
28191 82
28192 17
28193 17
28194 17
28195 17
28196 17
28197 17
28198 17
28199 17
28200 17
28201 17
28202 17
28203 17
28204 17
28205 17
28206 17
28207 17
28208 17
28209 17
28210 17
28211 17
28212 17
28213 17
28214 17
28215 17
28216 17
28217 17
28218 17
28219 17
28220 17
28221 17
28222 17
28223 17
28224 17
28225 17
28226 17
28227 17
28228 17
28229 17
28230 17
28231 17
28232 17
28233 17
28234 17
28235 17
28236 17
28237 17
28238 17
28239 17
28240 17
28241 17
28242 17
28243 17
28244 17
28245 17
28246 17
28247 17
28248 17
28249 17
28250 17
28251 17
28252 17
28253 17
28254 17
28255 4
28256 17
28257 17
28258 17
28259 17
28260 17
28261 4
28262 17
28263 17
28264 17
28265 17
28266 17
28267 17
28268 17
28269 17
28270 17
28271 17
28272 17
28273 17
28274 17
28275 17
28276 17
28277 17
28278 17
28279 17
28280 17
28281 17
28282 17
28283 17
28284 17
28285 17
28286 17
28287 17
28288 17
28289 17
28290 17
28291 17
28292 17
28293 17
28294 17
28295 17
28296 17
28297 17
28298 17
28299 17
28300 17
28301 17
28302 17
28303 17
28304 17
28305 17
28306 17
28307 17
28308 17
28309 17
28310 17
28311 17
28312 17
28313 17
28314 17
28315 17
28316 17
28317 17
28318 17
28319 17
28320 58
28321 17
28322 17
28323 17
28324 17
28325 17
28326 17
28327 17
28328 17
28329 17
28330 17
28331 17
28332 17
28333 17
28334 17
28335 17
28336 17
28337 17
28338 17
28339 17
28340 17
28341 17
28342 17
28343 17
28344 17
28345 17
28346 17
28347 17
28348 17
28349 17
28350 17
28351 17
28352 17
28353 17
28354 17
28355 17
28356 17
28357 17
28358 17
28359 17
28360 17
28361 17
28362 17
28363 17
28364 17
28365 17
28366 17
28367 17
28368 17
28369 17
28370 17
28371 17
28372 17
28373 17
28374 17
28375 17
28376 17
28377 17
28378 17
28379 17
28380 17
28381 17
28382 17
28383 17
28384 17
28385 17
28386 17
28387 17
28388 17
28389 310
28390 17
28391 17
28392 17
28393 17
28394 17
28395 17
28396 17
28397 4
28398 17
28399 17
28400 17
28401 17
28402 17
28403 17
28404 4
28405 17
28406 17
28407 17
28408 17
28409 17
28410 17
28411 17
28412 17
28413 17
28414 17
28415 17
28416 17
28417 17
28418 17
28419 17
28420 17
28421 17
28422 265
28423 265
28424 265
28425 17
28426 17
28427 266
28428 266
28429 218
28430 267
28431 267
28432 267
28433 267
28434 267
28435 267
28436 267
28437 267
28438 267
28439 218
28440 218
28441 218
28442 218
28443 218
28444 218
28445 218
28446 270
28447 270
28448 270
28449 270
28450 270
28451 82
28452 82
28453 82
28454 82
28455 310
28456 310
28457 310
28458 82
28459 82
28460 82
28461 82
28462 82
28463 82
28464 82
28465 82
28466 82
28467 82
28468 82
28469 82
28470 82
28471 82
28472 82
28473 82
28474 82
28475 82
28476 82
28477 268
28478 268
28479 269
28480 269
28481 33
28482 33
28483 270
28484 271
28485 271
28486 271
28487 272
28488 272
28489 273
28490 273
28491 273
28492 273
28493 82
28494 496
28495 84
28496 82
28497 82
28498 82
28499 274
28500 274
28501 274
28502 82
28503 82
28504 82
28505 82
28506 275
28507 275
28508 82
28509 96
28510 276
28511 276
28512 277
28513 277
28514 278
28515 278
28516 278
28517 278
28518 278
28519 278
28520 278
28521 278
28522 278
28523 41
28524 41
28525 41
28526 279
28527 279
28528 279
28529 279
28530 33
28531 33
28532 33
28533 33
28534 310
28535 33
28536 33
28537 33
28538 33
28539 280
28540 280
28541 280
28542 280
28543 33
28544 33
28545 33
28546 33
28547 218
28548 281
28549 281
28550 281
28551 282
28552 282
28553 282
28554 282
28555 283
28556 283
28557 283
28558 283
28559 283
28560 283
28561 284
28562 284
28563 523
28564 82
28565 82
28566 82
28567 527
28568 82
28569 82
28570 82
28571 82
28572 82
28573 82
28574 82
28575 82
28576 82
28577 82
28578 82
28579 82
28580 82
28581 82
28582 82
28583 82
28584 82
28585 82
28586 82
28587 82
28588 82
28589 82
28590 82
28591 82
28592 82
28593 525
28594 82
28595 82
28596 82
28597 82
28598 82
28599 82
28600 82
28601 82
28602 82
28603 82
28604 4
28605 4
28606 4
28607 82
28608 82
28609 82
28610 310
28611 310
28612 310
28613 310
28614 310
28615 310
28616 310
28617 310
28618 310
28619 310
28620 310
28621 310
28622 310
28623 310
28624 310
28625 310
28626 310
28627 310
28628 310
28629 310
28630 310
28631 4
28632 310
28633 310
28634 310
28635 310
28636 310
28637 310
28638 310
28639 310
28640 310
28641 310
28642 310
28643 310
28644 310
28645 310
28646 310
28647 310
28648 310
28649 310
28650 310
28651 310
28652 310
28653 310
28654 310
28655 310
28656 310
28657 310
28658 310
28659 310
28660 310
28661 310
28662 310
28663 310
28664 310
28665 310
28666 310
28667 310
28668 310
28669 310
28670 310
28671 310
28672 310
28673 310
28674 310
28675 310
28676 310
28677 310
28678 310
28679 310
28680 310
28681 310
28682 310
28683 310
28684 310
28685 310
28686 310
28687 310
28688 310
28689 310
28690 310
28691 310
28692 310
28693 310
28694 310
28695 310
28696 310
28697 310
28698 310
28699 310
28700 310
28701 310
28702 310
28703 310
28704 310
28705 310
28706 310
28707 310
28708 310
28709 310
28710 310
28711 310
28712 310
28713 310
28714 310
28715 310
28716 310
28717 310
28718 310
28719 310
28720 310
28721 310
28722 310
28723 310
28724 310
28725 310
28726 310
28727 218
28728 17
28729 17
28730 218
28731 218
28732 285
28733 285
28734 285
28735 285
28736 285
28737 4
28738 4
28739 4
28740 4
28741 4
28742 4
28743 4
28744 4
28745 4
28746 4
28747 4
28748 4
28749 4
28750 4
28751 4
28752 4
28753 4
28754 4
28755 4
28756 4
28757 4
28758 4
28759 4
28760 4
28761 4
28762 4
28763 4
28764 4
28765 4
28766 4
28767 4
28768 4
28769 4
28770 4
28771 4
28772 4
28773 4
28774 4
28775 4
28776 4
28777 4
28778 4
28779 4
28780 4
28781 4
28782 4
28783 4
28784 4
28785 4
28786 4
28787 4
28788 310
28789 310
28790 310
28791 310
28792 310
28793 310
28794 82
28795 82
28796 82
28797 310
28798 310
28799 310
28800 310
28801 310
28802 310
28803 310
28804 310
28805 310
28806 310
28807 84
28808 84
28809 84
28810 84
28811 310
28812 310
28813 310
28814 310
28815 17
28816 17
28817 17
28818 6
28819 6
28820 17
28821 17
28822 17
28823 17
28824 4
28825 4
28826 4
28827 4
28828 4
28829 4
28830 4
28831 4
28832 4
28833 4
28834 4
28835 4
28836 4
28837 4
28838 4
28839 4
28840 4
28841 4
28842 17
28843 17
28844 286
28845 286
28846 286
28847 286
28848 286
28849 4
28850 4
28851 4
28852 287
28853 287
28854 17
28855 310
28856 310
28857 82
28858 288
28859 288
28860 288
28861 288
28862 4
28863 4
28864 4
28865 4
28866 4
28867 310
28868 17
28869 82
28870 82
28871 82
28872 116
28873 116
28874 82
28875 82
28876 82
28877 116
28878 82
28879 82
28880 82
28881 82
28882 82
28883 82
28884 82
28885 82
28886 82
28887 82
28888 82
28889 82
28890 82
28891 82
28892 82
28893 82
28894 82
28895 82
28896 82
28897 82
28898 54
28899 82
28900 82
28901 116
28902 82
28903 82
28904 82
28905 82
28906 82
28907 82
28908 82
28909 310
28910 310
28911 310
28912 413
28913 413
28914 413
28915 413
28916 413
28917 413
28918 413
28919 413
28920 413
28921 413
28922 413
28923 413
28924 413
28925 413
28926 413
28927 413
28928 413
28929 413
28930 413
28931 413
28932 413
28933 413
28934 413
28935 413
28936 413
28937 413
28938 413
28939 413
28940 413
28941 413
28942 413
28943 413
28944 413
28945 413
28946 413
28947 413
28948 413
28949 413
28950 413
28951 413
28952 413
28953 413
28954 413
28955 413
28956 413
28957 413
28958 413
28959 413
28960 289
28961 289
28962 289
28963 289
28964 413
28965 413
28966 84
28967 84
28968 84
28969 84
28970 84
28971 84
28972 84
28973 84
28974 84
28975 84
28976 84
28977 84
28978 84
28979 84
28980 84
28981 84
28982 84
28983 84
28984 84
28985 84
28986 84
28987 84
28988 84
28989 84
28990 84
28991 84
28992 84
28993 84
28994 84
28995 84
28996 84
28997 84
28998 84
28999 17
29000 17
29001 84
29002 84
29003 84
29004 84
29005 84
29006 84
29007 84
29008 84
29009 84
29010 84
29011 84
29012 17
29013 290
29014 290
29015 84
29016 6
29017 6
29018 291
29019 291
29020 291
29021 96
29022 96
29023 96
29024 82
29025 82
29026 82
29027 17
29028 17
29029 96
29030 96
29031 96
29032 96
29033 96
29034 82
29035 82
29036 82
29037 82
29038 82
29039 82
29040 82
29041 41
29042 218
29043 218
29044 218
29045 218
29046 218
29047 218
29048 218
29049 218
29050 218
29051 218
29052 293
29053 293
29054 293
29055 218
29056 218
29057 218
29058 218
29059 218
29060 218
29061 218
29062 218
29063 218
29064 218
29065 218
29066 41
29067 41
29068 41
29069 41
29070 41
29071 41
29072 218
29073 218
29074 218
29075 218
29076 218
29077 218
29078 294
29079 294
29080 294
29081 218
29082 218
29083 218
29084 218
29085 6
29086 4
29087 4
29088 4
29089 4
29090 4
29091 295
29092 295
29093 295
29094 41
29095 41
29096 41
29097 41
29098 41
29099 41
29100 41
29101 41
29102 41
29103 41
29104 41
29105 41
29106 41
29107 41
29108 41
29109 41
29110 41
29111 41
29112 41
29113 41
29114 296
29115 296
29116 296
29117 41
29118 17
29119 17
29120 17
29121 17
29122 17
29123 17
29124 17
29125 17
29126 17
29127 17
29128 17
29129 17
29130 17
29131 17
29132 17
29133 17
29134 17
29135 17
29136 17
29137 17
29138 17
29139 17
29140 17
29141 17
29142 17
29143 17
29144 17
29145 17
29146 17
29147 17
29148 17
29149 17
29150 17
29151 17
29152 17
29153 17
29154 17
29155 17
29156 17
29157 4
29158 82
29159 82
29160 297
29161 297
29162 82
29163 82
29164 82
29165 17
29166 17
29167 4
29168 4
29169 4
29170 4
29171 4
29172 4
29173 218
29174 218
29175 218
29176 218
29177 218
29178 218
29179 17
29180 17
29181 17
29182 17
29183 218
29184 298
29185 298
29186 299
29187 299
29188 218
29189 218
29190 96
29191 218
29192 218
29193 218
29194 218
29195 218
29196 82
29197 82
29198 82
29199 82
29200 82
29201 310
29202 310
29203 310
29204 82
29205 82
29206 82
29207 82
29208 82
29209 82
29210 82
29211 82
29212 82
29213 82
29214 82
29215 82
29216 82
29217 82
29218 82
29219 82
29220 82
29221 82
29222 82
29223 82
29224 82
29225 82
29226 82
29227 82
29228 82
29229 82
29230 82
29231 82
29232 82
29233 82
29234 82
29235 82
29236 82
29237 82
29238 82
29239 82
29240 82
29241 82
29242 82
29243 82
29244 82
29245 82
29246 82
29247 82
29248 82
29249 82
29250 82
29251 82
29252 82
29253 82
29254 82
29255 82
29256 82
29257 82
29258 82
29259 82
29260 301
29261 176
29262 176
29263 176
29264 176
29265 176
29266 176
29267 310
29268 310
29269 310
29270 82
29271 82
29272 310
29273 310
29274 310
29275 310
29276 300
29277 300
29278 82
29279 82
29280 82
29281 82
29282 82
29283 301
29284 301
29285 301
29286 301
29287 301
29288 301
29289 301
29290 301
29291 301
29292 301
29293 82
29294 82
29295 82
29296 302
29297 302
29298 302
29299 302
29300 302
29301 6
29302 176
29303 176
29304 176
29305 82
29306 82
29307 41
29308 41
29309 41
29310 41
29311 41
29312 33
29313 33
29314 33
29315 33
29316 33
29317 82
29318 82
29319 303
29320 303
29321 304
29322 304
29323 4
29324 82
29325 82
29326 82
29327 305
29328 305
29329 305
29330 305
29331 82
29332 82
29333 82
29334 82
29335 82
29336 306
29337 306
29338 306
29339 306
29340 306
29341 306
29342 307
29343 307
29344 307
29345 307
29346 308
29347 308
29348 308
29349 17
29350 17
29351 17
29352 17
29353 17
29354 96
29355 96
29356 96
29357 96
29358 96
29359 96
29360 96
29361 96
29362 96
29363 96
29364 310
29365 310
29366 310
29367 310
29368 310
29369 310
29370 96
29371 96
29372 33
29373 33
29374 33
29375 309
29376 309
29377 310
29378 310
29379 310
29380 310
29381 310
29382 310
29383 310
29384 310
29385 310
29386 310
29387 310
29388 310
29389 310
29390 310
29391 17
29392 310
29393 310
29394 310
29395 310
29396 310
29397 310
29398 310
29399 310
29400 310
29401 310
29402 310
29403 310
29404 310
29405 310
29406 310
29407 310
29408 310
29409 310
29410 310
29411 82
29412 17
29413 17
29414 17
29415 17
29416 17
29417 17
29418 17
29419 17
29420 17
29421 17
29422 17
29423 17
29424 17
29425 17
29426 17
29427 17
29428 17
29429 17
29430 17
29431 17
29432 17
29433 310
29434 310
29435 310
29436 310
29437 310
29438 310
29439 310
29440 310
29441 310
29442 310
29443 310
29444 82
29445 84
29446 84
29447 311
29448 311
29449 311
29450 311
29451 311
29452 311
29453 82
29454 41
29455 41
29456 312
29457 312
29458 310
29459 313
29460 313
29461 310
29462 4
29463 4
29464 4
29465 4
29466 4
29467 4
29468 4
29469 4
29470 4
29471 4
29472 4
29473 4
29474 314
29475 314
29476 314
29477 314
29478 58
29479 58
29480 58
29481 82
29482 17
29483 82
29484 315
29485 315
29486 315
29487 315
29488 315
29489 315
29490 315
29491 315
29492 17
29493 17
29494 17
29495 82
29496 58
29497 316
29498 316
29499 316
29500 4
29501 4
29502 4
29503 4
29504 4
29505 17
29506 17
29507 17
29508 4
29509 17
29510 17
29511 6
29512 6
29513 82
29514 82
29515 82
29516 82
29517 82
29518 82
29519 82
29520 82
29521 82
29522 82
29523 82
29524 82
29525 82
29526 82
29527 82
29528 82
29529 82
29530 82
29531 82
29532 82
29533 82
29534 82
29535 82
29536 82
29537 17
29538 82
29539 82
29540 82
29541 17
29542 17
29543 17
29544 17
29545 317
29546 317
29547 317
29548 318
29549 318
29550 319
29551 319
29552 322
29553 322
29554 322
29555 322
29556 320
29557 320
29558 321
29559 321
29560 321
29561 322
29562 322
29563 322
29564 322
29565 322
29566 322
29567 23
29568 23
29569 23
29570 323
29571 323
29572 324
29573 324
29574 324
29575 324
29576 82
29577 82
29578 82
29579 325
29580 325
29581 325
29582 325
29583 17
29584 17
29585 17
29586 326
29587 326
29588 326
29589 326
29590 326
29591 326
29592 82
29593 17
29594 41
29595 327
29596 327
29597 327
29598 327
29599 327
29600 327
29601 327
29602 327
29603 327
29604 328
29605 328
29606 328
29607 328
29608 328
29609 329
29610 329
29611 329
29612 329
29613 335
29614 335
29615 335
29616 335
29617 335
29618 335
29619 335
29620 335
29621 335
29622 335
29623 335
29624 335
29625 335
29626 335
29627 335
29628 335
29629 335
29630 335
29631 335
29632 335
29633 335
29634 335
29635 335
29636 335
29637 335
29638 335
29639 41
29640 41
29641 41
29642 335
29643 335
29644 335
29645 335
29646 335
29647 335
29648 335
29649 335
29650 335
29651 335
29652 335
29653 335
29654 335
29655 335
29656 335
29657 335
29658 335
29659 335
29660 335
29661 335
29662 330
29663 330
29664 330
29665 41
29666 331
29667 331
29668 331
29669 331
29670 41
29671 41
29672 41
29673 41
29674 41
29675 332
29676 332
29677 332
29678 332
29679 333
29680 333
29681 333
29682 4
29683 335
29684 335
29685 334
29686 334
29687 334
29688 334
29689 334
29690 335
29691 335
29692 17
29693 17
29694 68
29695 68
29696 68
29697 68
29698 68
29699 68
29700 68
29701 68
29702 68
29703 68
29704 68
29705 17
29706 68
29707 68
29708 68
29709 68
29710 68
29711 68
29712 68
29713 68
29714 68
29715 68
29716 68
29717 17
29718 68
29719 68
29720 68
29721 68
29722 68
29723 68
29724 68
29725 68
29726 68
29727 68
29728 68
29729 68
29730 68
29731 68
29732 68
29733 68
29734 68
29735 68
29736 68
29737 68
29738 68
29739 68
29740 68
29741 68
29742 68
29743 68
29744 68
29745 68
29746 68
29747 68
29748 68
29749 68
29750 68
29751 68
29752 68
29753 68
29754 336
29755 336
29756 68
29757 17
29758 17
29759 68
29760 68
29761 68
29762 68
29763 68
29764 5
29765 5
29766 5
29767 5
29768 5
29769 177
29770 68
29771 68
29772 68
29773 68
29774 68
29775 68
29776 68
29777 68
29778 68
29779 17
29780 17
29781 17
29782 17
29783 17
29784 17
29785 17
29786 68
29787 68
29788 68
29789 68
29790 17
29791 17
29792 17
29793 17
29794 17
29795 68
29796 17
29797 17
29798 17
29799 17
29800 17
29801 68
29802 68
29803 17
29804 17
29805 17
29806 337
29807 337
29808 337
29809 337
29810 337
29811 337
29812 17
29813 82
29814 41
29815 41
29816 41
29817 41
29818 41
29819 41
29820 41
29821 41
29822 41
29823 41
29824 41
29825 41
29826 41
29827 17
29828 17
29829 338
29830 338
29831 17
29832 17
29833 17
29834 17
29835 17
29836 17
29837 17
29838 17
29839 17
29840 17
29841 17
29842 17
29843 17
29844 41
29845 41
29846 339
29847 339
29848 17
29849 17
29850 310
29851 310
29852 340
29853 340
29854 340
29855 341
29856 341
29857 68
29858 68
29859 68
29860 68
29861 68
29862 68
29863 342
29864 342
29865 343
29866 343
29867 343
29868 343
29869 310
29870 344
29871 344
29872 344
29873 344
29874 344
29875 344
29876 345
29877 345
29878 345
29879 17
29880 17
29881 17
29882 17
29883 17
29884 17
29885 17
29886 17
29887 17
29888 17
29889 17
29890 17
29891 17
29892 17
29893 17
29894 17
29895 17
29896 218
29897 17
29898 17
29899 17
29900 17
29901 17
29902 17
29903 17
29904 346
29905 346
29906 347
29907 347
29908 58
29909 17
29910 17
29911 348
29912 348
29913 349
29914 349
29915 58
29916 17
29917 350
29918 350
29919 351
29920 351
29921 351
29922 352
29923 352
29924 352
29925 352
29926 352
29927 352
29928 41
29929 41
29930 41
29931 41
29932 353
29933 353
29934 41
29935 41
29936 41
29937 41
29938 41
29939 41
29940 41
29941 354
29942 354
29943 218
29944 218
29945 218
29946 4
29947 4
29948 355
29949 355
29950 356
29951 356
29952 357
29953 357
29954 358
29955 358
29956 359
29957 359
29958 360
29959 360
29960 361
29961 361
29962 362
29963 362
29964 363
29965 363
29966 363
29967 364
29968 364
29969 365
29970 365
29971 366
29972 366
29973 367
29974 367
29975 368
29976 368
29977 369
29978 369
29979 369
29980 369
29981 370
29982 370
29983 371
29984 371
29985 372
29986 372
29987 373
29988 373
29989 374
29990 374
29991 375
29992 375
29993 376
29994 376
29995 377
29996 377
29997 378
29998 378
29999 379
30000 379
30001 380
30002 380
30003 381
30004 381
30005 382
30006 382
30007 382
30008 383
30009 383
30010 383
30011 384
30012 384
30013 385
30014 385
30015 386
30016 386
30017 387
30018 387
30019 388
30020 388
30021 388
30022 389
30023 389
30024 390
30025 390
30026 391
30027 391
30028 392
30029 392
30030 393
30031 393
30032 394
30033 394
30034 395
30035 395
30036 396
30037 396
30038 397
30039 397
30040 398
30041 398
30042 399
30043 399
30044 400
30045 400
30046 401
30047 401
30048 402
30049 402
30050 403
30051 403
30052 404
30053 404
30054 405
30055 405
30056 4
30057 406
30058 406
30059 406
30060 407
30061 407
30062 408
30063 408
30064 409
30065 409
30066 410
30067 410
30068 411
30069 411
30070 412
30071 412
30072 218
30073 218
30074 218
30075 218
30076 218
30077 218
30078 218
30079 218
30080 218
30081 218
30082 41
30083 218
30084 218
30085 218
30086 17
30087 17
30088 17
30089 17
30090 17
30091 413
30092 413
30093 413
30094 413
30095 218
30096 414
30097 414
30098 414
30099 414
30100 414
30101 41
30102 41
30103 41
30104 41
30105 41
30106 41
30107 415
30108 415
30109 416
30110 416
30111 96
30112 96
30113 17
30114 17
30115 17
30116 417
30117 417
30118 179
30119 4
30120 4
30121 4
30122 4
30123 17
30124 82
30125 418
30126 418
30127 418
30128 41
30129 41
30130 41
30131 41
30132 41
30133 41
30134 4
30135 41
30136 41
30137 41
30138 41
30139 41
30140 41
30141 41
30142 41
30143 41
30144 41
30145 41
30146 41
30147 41
30148 41
30149 41
30150 41
30151 41
30152 41
30153 41
30154 41
30155 41
30156 41
30157 41
30158 419
30159 419
30160 420
30161 420
30162 421
30163 421
30164 422
30165 422
30166 422
30167 423
30168 423
30169 424
30170 424
30171 96
30172 96
30173 425
30174 425
30175 426
30176 426
30177 82
30178 82
30179 82
30180 84
30181 84
30182 84
30183 84
30184 84
30185 84
30186 84
30187 84
30188 84
30189 84
30190 84
30191 84
30192 84
30193 84
30194 84
30195 84
30196 84
30197 84
30198 84
30199 84
30200 84
30201 84
30202 84
30203 84
30204 84
30205 84
30206 84
30207 84
30208 84
30209 84
30210 84
30211 84
30212 84
30213 84
30214 84
30215 84
30216 84
30217 84
30218 84
30219 84
30220 84
30221 84
30222 84
30223 84
30224 84
30225 84
30226 84
30227 84
30228 84
30229 84
30230 84
30231 84
30232 82
30233 82
30234 84
30235 84
30236 84
30237 84
30238 427
30239 427
30240 428
30241 428
30242 428
30243 116
30244 116
30245 116
30246 116
30247 116
30248 41
30249 429
30250 429
30251 429
30252 6
30253 6
30254 6
30255 17
30256 430
30257 430
30258 431
30259 431
30260 432
30261 432
30262 432
30263 433
30264 433
30265 433
30266 433
30267 82
30268 434
30269 434
30270 434
30271 434
30272 435
30273 435
30274 41
30275 41
30276 322
30277 322
30278 176
30279 176
30280 176
30281 436
30282 436
30283 176
30284 176
30285 176
30286 176
30287 176
30288 176
30289 322
30290 322
30291 322
30292 437
30293 437
30294 437
30295 437
30296 82
30297 82
30298 322
30299 322
30300 322
30301 322
30302 322
30303 176
30304 176
30305 176
30306 176
30307 176
30308 176
30309 176
30310 176
30311 176
30312 438
30313 438
30314 438
30315 438
30316 438
30317 438
30318 438
30319 438
30320 438
30321 438
30322 218
30323 218
30324 179
30325 179
30326 179
30327 179
30328 17
30329 176
30330 176
30331 218
30332 439
30333 439
30334 176
30335 310
30336 218
30337 41
30338 41
30339 41
30340 41
30341 179
30342 179
30343 179
30344 440
30345 440
30346 440
30347 440
30348 441
30349 441
30350 442
30351 442
30352 442
30353 218
30354 218
30355 443
30356 443
30357 443
30358 443
30359 443
30360 444
30361 444
30362 444
30363 96
30364 96
30365 96
30366 96
30367 96
30368 96
30369 96
30370 96
30371 96
30372 445
30373 445
30374 445
30375 445
30376 445
30377 445
30378 445
30379 445
30380 445
30381 445
30382 445
30383 445
30384 445
30385 445
30386 445
30387 445
30388 445
30389 445
30390 445
30391 293
30392 293
30393 293
30394 17
30395 17
30396 33
30397 33
30398 33
30399 33
30400 33
30401 446
30402 446
30403 446
30404 218
30405 218
30406 218
30407 218
30408 218
30409 218
30410 218
30411 447
30412 447
30413 446
30414 446
30415 446
30416 448
30417 448
30418 448
30419 448
30420 449
30421 449
30422 96
30423 96
30424 96
30425 96
30426 96
30427 96
30428 96
30429 450
30430 450
30431 450
30432 450
30433 450
30434 90
30435 90
30436 96
30437 96
30438 310
30439 17
30440 17
30441 452
30442 452
30443 310
30444 310
30445 310
30446 17
30447 17
30448 17
30449 17
30450 17
30451 17
30452 17
30453 17
30454 17
30455 17
30456 310
30457 82
30458 451
30459 451
30460 452
30461 452
30462 452
30463 452
30464 452
30465 452
30466 452
30467 452
30468 452
30469 452
30470 17
30471 17
30472 17
30473 17
30474 310
30475 310
30476 310
30477 310
30478 6
30479 6
30480 6
30481 82
30482 82
30483 310
30484 310
30485 310
30486 310
30487 310
30488 17
30489 17
30490 17
30491 23
30492 23
30493 23
30494 23
30495 23
30496 17
30497 17
30498 17
30499 17
30500 41
30501 17
30502 17
30503 17
30504 17
30505 17
30506 453
30507 453
30508 453
30509 453
30510 453
30511 17
30512 17
30513 17
30514 17
30515 39
30516 39
30517 39
30518 39
30519 39
30520 454
30521 454
30522 454
30523 454
30524 17
30525 17
30526 17
30527 17
30528 17
30529 17
30530 17
30531 17
30532 17
30533 39
30534 39
30535 68
30536 68
30537 58
30538 58
30539 17
30540 17
30541 455
30542 455
30543 455
30544 455
30545 38
30546 17
30547 17
30548 456
30549 456
30550 17
30551 17
30552 17
30553 17
30554 17
30555 17
30556 17
30557 17
30558 17
30559 17
30560 17
30561 17
30562 17
30563 17
30564 17
30565 17
30566 17
30567 17
30568 17
30569 17
30570 17
30571 17
30572 17
30573 17
30574 17
30575 17
30576 17
30577 17
30578 17
30579 17
30580 17
30581 17
30582 17
30583 17
30584 17
30585 17
30586 17
30587 17
30588 17
30589 17
30590 17
30591 17
30592 17
30593 17
30594 17
30595 17
30596 17
30597 17
30598 17
30599 17
30600 17
30601 17
30602 17
30603 17
30604 17
30605 17
30606 17
30607 17
30608 17
30609 17
30610 17
30611 17
30612 17
30613 17
30614 17
30615 17
30616 17
30617 17
30618 17
30619 17
30620 17
30621 17
30622 17
30623 17
30624 17
30625 17
30626 41
30627 17
30628 17
30629 17
30630 17
30631 17
30632 17
30633 17
30634 17
30635 17
30636 17
30637 41
30638 17
30639 17
30640 17
30641 17
30642 17
30643 17
30644 17
30645 17
30646 17
30647 17
30648 17
30649 17
30650 17
30651 17
30652 17
30653 17
30654 17
30655 17
30656 17
30657 17
30658 17
30659 17
30660 17
30661 17
30662 17
30663 17
30664 17
30665 17
30666 17
30667 17
30668 17
30669 17
30670 17
30671 17
30672 17
30673 17
30674 17
30675 17
30676 465
30677 17
30678 17
30679 17
30680 17
30681 17
30682 17
30683 17
30684 17
30685 17
30686 17
30687 17
30688 17
30689 17
30690 17
30691 17
30692 17
30693 17
30694 17
30695 17
30696 17
30697 17
30698 17
30699 17
30700 17
30701 17
30702 17
30703 17
30704 17
30705 17
30706 17
30707 17
30708 17
30709 17
30710 17
30711 17
30712 17
30713 17
30714 17
30715 17
30716 17
30717 17
30718 17
30719 17
30720 17
30721 17
30722 17
30723 17
30724 17
30725 17
30726 17
30727 17
30728 17
30729 17
30730 17
30731 17
30732 17
30733 17
30734 17
30735 17
30736 17
30737 17
30738 17
30739 17
30740 17
30741 17
30742 17
30743 17
30744 17
30745 17
30746 17
30747 17
30748 17
30749 17
30750 17
30751 17
30752 17
30753 17
30754 17
30755 17
30756 17
30757 17
30758 17
30759 17
30760 17
30761 17
30762 17
30763 17
30764 17
30765 17
30766 17
30767 17
30768 17
30769 17
30770 17
30771 17
30772 17
30773 17
30774 17
30775 17
30776 17
30777 17
30778 17
30779 17
30780 17
30781 17
30782 17
30783 17
30784 17
30785 17
30786 17
30787 17
30788 17
30789 17
30790 17
30791 17
30792 457
30793 457
30794 17
30795 17
30796 17
30797 17
30798 458
30799 458
30800 17
30801 17
30802 17
30803 17
30804 17
30805 17
30806 17
30807 17
30808 17
30809 17
30810 17
30811 17
30812 17
30813 17
30814 17
30815 17
30816 17
30817 17
30818 17
30819 17
30820 17
30821 17
30822 96
30823 459
30824 459
30825 460
30826 460
30827 461
30828 461
30829 17
30830 17
30831 17
30832 17
30833 17
30834 17
30835 17
30836 17
30837 17
30838 17
30839 17
30840 17
30841 17
30842 17
30843 17
30844 17
30845 17
30846 17
30847 17
30848 17
30849 17
30850 17
30851 17
30852 17
30853 17
30854 17
30855 17
30856 17
30857 17
30858 17
30859 17
30860 17
30861 17
30862 17
30863 17
30864 17
30865 17
30866 462
30867 462
30868 17
30869 17
30870 17
30871 17
30872 17
30873 463
30874 463
30875 464
30876 464
30877 464
30878 464
30879 464
30880 464
30881 17
30882 17
30883 17
30884 17
30885 465
30886 465
30887 465
30888 465
30889 465
30890 465
30891 17
30892 17
30893 17
30894 17
30895 17
30896 17
30897 17
30898 17
30899 17
30900 17
30901 466
30902 466
30903 466
30904 17
30905 17
30906 17
30907 17
30908 17
30909 17
30910 17
30911 17
30912 17
30913 467
30914 467
30915 41
30916 41
30917 41
30918 41
30919 41
30920 468
30921 468
30922 35
30923 35
30924 35
30925 35
30926 17
30927 17
30928 469
30929 469
30930 470
30931 470
30932 17
30933 17
30934 17
30935 471
30936 471
30937 472
30938 472
30939 473
30940 473
30941 474
30942 474
30943 474
30944 17
30945 17
30946 475
30947 475
30948 476
30949 476
30950 476
30951 477
30952 477
30953 4
30954 478
30955 478
30956 479
30957 479
30958 17
30959 480
30960 480
30961 481
30962 481
30963 482
30964 482
30965 483
30966 483
30967 484
30968 484
30969 485
30970 485
30971 485
30972 486
30973 486
30974 487
30975 487
30976 487
30977 488
30978 488
30979 489
30980 489
30981 489
30982 489
30983 489
30984 489
30985 489
30986 489
30987 489
30988 489
30989 489
30990 489
30991 489
30992 17
30993 17
30994 17
30995 17
30996 17
30997 17
30998 17
30999 17
31000 17
31001 17
31002 490
31003 490
31004 17
31005 17
31006 491
31007 491
31008 491
31009 492
31010 492
31011 382
31012 493
31013 493
31014 493
31015 493
31016 494
31017 494
31018 495
31019 495
31020 495
31021 496
31022 496
31023 497
31024 497
31025 497
31026 498
31027 498
31028 499
31029 499
31030 459
31031 82
31032 82
31033 82
31034 82
31035 500
31036 500
31037 501
31038 501
31039 501
31040 502
31041 502
31042 503
31043 503
31044 504
31045 504
31046 505
31047 505
31048 506
31049 506
31050 507
31051 507
31052 508
31053 508
31054 509
31055 509
31056 509
31057 510
31058 510
31059 511
31060 511
31061 512
31062 512
31063 513
31064 513
31065 514
31066 514
31067 515
31068 515
31069 516
31070 516
31071 517
31072 517
31073 518
31074 518
31075 519
31076 519
31077 520
31078 520
31079 521
31080 521
31081 522
31082 522
31083 523
31084 523
31085 524
31086 524
31087 525
31088 525
31089 526
31090 526
31091 527
31092 527
31093 528
31094 528
31095 529
31096 529
31097 530
31098 530
31099 531
31100 531
31101 532
31102 532
31103 533
31104 533
31105 534
31106 534
31107 535
31108 535
31109 536
31110 536
31111 537
31112 537
31113 538
31114 538
31115 539
31116 539
31117 501
31118 540
31119 540
31120 541
31121 541
31122 541
31123 541
31124 542
31125 542
31126 543
31127 543
31128 544
31129 544
31130 545
31131 545
31132 546
31133 546
31134 547
31135 547
31136 548
31137 548
31138 549
31139 549
31140 549
31141 550
31142 550
31143 551
31144 551
31145 552
31146 552
31147 553
31148 553
31149 554
31150 554
31151 555
31152 555
31153 555
31154 555
31155 292
31156 292
31157 556
31158 556
31159 557
31160 557
31161 17
31162 17
31163 17
31164 17
31165 17
31166 17
31167 17
31168 17
31169 17
31170 558
31171 558
31172 559
31173 559
31174 560
31175 560
31176 561
31177 561
31178 562
31179 562
31180 563
31181 563
31182 564
31183 564
31184 565
31185 565
31186 566
31187 566
31188 567
31189 567
31190 568
31191 568
31192 569
31193 569
31194 570
31195 570
31196 571
31197 571
31198 572
31199 572
31200 573
31201 573
31202 228
31203 228
31204 555
31205 555
31206 556
31207 556
31208 557
31209 557
31210 558
31211 558
31212 559
31213 559
31214 559
31215 559
31216 559
31217 560
31218 560
31219 561
31220 561
31221 17
31222 562
31223 562
31224 562
31225 563
31226 563
31227 563
31228 563
31229 564
31230 564
31231 564
31232 565
31233 565
31234 566
31235 566
31236 567
31237 567
31238 568
31239 568
31240 569
31241 569
31242 570
31243 570
31244 570
31245 571
31246 571
31247 572
31248 572
31249 573
31250 573
31251 574
31252 574
31253 575
31254 575
31255 576
31256 576
31257 577
31258 577
31259 578
31260 578
31261 579
31262 579
31263 580
31264 580
31265 581
31266 581
31267 481
31268 481
31269 482
31270 482
31271 483
31272 483
31273 484
31274 484
31275 485
31276 485
31277 486
31278 486
31279 487
31280 487
31281 488
31282 488
31283 488
31284 472
31285 489
31286 489
31287 490
31288 490
31289 491
31290 491
31291 492
31292 492
31293 493
31294 493
31295 494
31296 494
31297 495
31298 495
31299 496
31300 496
31301 497
31302 497
31303 497
31304 498
31305 498
31306 499
31307 499
31308 500
31309 500
31310 501
31311 501
31312 502
31313 502
31314 503
31315 503
31316 504
31317 504
31318 505
31319 505
31320 506
31321 506
31322 507
31323 507
31324 508
31325 508
31326 509
31327 509
31328 510
31329 510
31330 511
31331 511
31332 512
31333 512
31334 513
31335 513
31336 514
31337 514
31338 515
31339 515
31340 516
31341 516
31342 517
31343 517
31344 518
31345 518
31346 519
31347 519
31348 520
31349 520
31350 520
31351 520
31352 521
31353 521
31354 522
31355 522
31356 522
31357 522
31358 522
31359 522
31360 523
31361 523
31362 524
31363 524
31364 41
31365 17
31366 17
31367 17
31368 17
31369 41
31370 17
31371 17
31372 17
31373 17
31374 17
31375 17
31376 17
31377 17
31378 525
31379 525
31380 41
31381 41
31382 526
31383 526
31384 526
31385 526
31386 526
31387 526
31388 526
31389 526
31390 526
31391 58
31392 58
31393 58
31394 58
31395 58
31396 41
31397 41
31398 41
31399 41
31400 41
31401 41
31402 17
31403 17
31404 41
31405 41
31406 41
31407 41
31408 41
31409 41
31410 41
31411 41
31412 527
31413 527
31414 527
31415 527
31416 527
31417 527
31418 41
31419 41
31420 41
31421 528
31422 528
31423 528
31424 528
31425 17
31426 17
31427 17
31428 41
31429 41
31430 529
31431 529
31432 17
31433 530
31434 530
31435 531
31436 531
31437 531
31438 531
31439 531
31440 41
31441 41
31442 41
31443 41
31444 17
31445 41
31446 41
31447 41
31448 41
31449 41
31450 41
31451 41
31452 41
31453 41
31454 41
31455 41
31456 41
31457 41
31458 41
31459 41
31460 41
31461 41
31462 41
31463 41
31464 41
31465 41
31466 41
31467 41
31468 41
31469 41
31470 41
31471 41
31472 41
31473 41
31474 41
31475 41
31476 41
31477 41
31478 41
31479 41
31480 41
31481 41
31482 41
31483 41
31484 41
31485 41
31486 41
31487 41
31488 41
31489 41
31490 41
31491 41
31492 41
31493 41
31494 41
31495 41
31496 41
31497 41
31498 41
31499 41
31500 41
31501 41
31502 41
31503 41
31504 41
31505 41
31506 41
31507 41
31508 41
31509 41
31510 41
31511 41
31512 41
31513 41
31514 41
31515 41
31516 41
31517 41
31518 41
31519 41
31520 41
31521 41
31522 41
31523 41
31524 41
31525 41
31526 41
31527 41
31528 41
31529 41
31530 41
31531 41
31532 41
31533 41
31534 41
31535 41
31536 41
31537 41
31538 41
31539 41
31540 41
31541 41
31542 41
31543 41
31544 41
31545 41
31546 41
31547 41
31548 41
31549 41
31550 41
31551 41
31552 41
31553 41
31554 41
31555 41
31556 41
31557 41
31558 41
31559 41
31560 41
31561 41
31562 41
31563 41
31564 41
31565 41
31566 41
31567 41
31568 41
31569 41
31570 41
31571 41
31572 41
31573 41
31574 41
31575 41
31576 41
31577 41
31578 41
31579 41
31580 41
31581 41
31582 41
31583 41
31584 41
31585 41
31586 41
31587 41
31588 41
31589 41
31590 41
31591 41
31592 41
31593 41
31594 41
31595 41
31596 41
31597 41
31598 41
31599 41
31600 41
31601 41
31602 41
31603 41
31604 41
31605 41
31606 41
31607 41
31608 41
31609 41
31610 41
31611 41
31612 41
31613 41
31614 41
31615 41
31616 41
31617 41
31618 41
31619 41
31620 41
31621 41
31622 41
31623 41
31624 41
31625 41
31626 41
31627 41
31628 41
31629 41
31630 41
31631 41
31632 41
31633 41
31634 41
31635 41
31636 41
31637 41
31638 41
31639 41
31640 41
31641 41
31642 41
31643 41
31644 41
31645 41
31646 41
31647 41
31648 41
31649 41
31650 41
31651 41
31652 41
31653 41
31654 41
31655 41
31656 41
31657 41
31658 41
31659 41
31660 41
31661 41
31662 41
31663 41
31664 41
31665 41
31666 41
31667 41
31668 41
31669 41
31670 41
31671 41
31672 41
31673 41
31674 41
31675 41
31676 41
31677 41
31678 41
31679 41
31680 41
31681 41
31682 41
31683 41
31684 41
31685 41
31686 41
31687 41
31688 41
31689 41
31690 41
31691 41
31692 41
31693 41
31694 41
31695 41
31696 41
31697 41
31698 41
31699 41
31700 41
31701 41
31702 41
31703 41
31704 41
31705 41
31706 41
31707 41
31708 41
31709 41
31710 41
31711 41
31712 41
31713 41
31714 41
31715 41
31716 41
31717 41
31718 41
31719 41
31720 41
31721 41
31722 41
31723 41
31724 41
31725 41
31726 41
31727 41
31728 41
31729 41
31730 41
31731 41
31732 41
31733 41
31734 41
31735 41
31736 41
31737 41
31738 41
31739 41
31740 41
31741 41
31742 41
31743 41
31744 41
31745 41
31746 41
31747 41
31748 41
31749 41
31750 41
31751 41
31752 41
31753 41
31754 41
31755 41
31756 41
31757 41
31758 41
31759 41
31760 41
31761 41
31762 41
31763 41
31764 41
31765 41
31766 41
31767 41
31768 41
31769 41
31770 41
31771 41
31772 41
31773 41
31774 41
31775 41
31776 41
31777 41
31778 41
31779 41
31780 41
31781 41
31782 41
31783 41
31784 41
31785 41
31786 41
31787 41
31788 41
31789 41
31790 41
31791 41
31792 41
31793 41
31794 41
31795 41
31796 41
31797 41
31798 41
31799 41
31800 41
31801 41
31802 41
31803 41
31804 41
31805 41
31806 41
31807 41
31808 41
31809 41
31810 41
31811 41
31812 41
31813 41
31814 41
31815 41
31816 41
31817 41
31818 41
31819 41
31820 41
31821 41
31822 41
31823 41
31824 41
31825 41
31826 41
31827 41
31828 41
31829 41
31830 41
31831 41
31832 41
31833 41
31834 41
31835 41
31836 41
31837 41
31838 41
31839 41
31840 41
31841 41
31842 41
31843 41
31844 41
31845 41
31846 41
31847 41
31848 41
31849 41
31850 41
31851 41
31852 41
31853 41
31854 41
31855 41
31856 41
31857 41
31858 41
31859 41
31860 41
31861 41
31862 41
31863 41
31864 41
31865 41
31866 41
31867 41
31868 41
31869 41
31870 41
31871 41
31872 41
31873 41
31874 41
31875 41
31876 41
31877 41
31878 41
31879 41
31880 41
31881 41
31882 41
31883 41
31884 41
31885 41
31886 41
31887 41
31888 41
31889 41
31890 41
31891 41
31892 41
31893 41
31894 41
31895 41
31896 41
31897 41
31898 41
31899 41
31900 41
31901 41
31902 41
31903 41
31904 41
31905 41
31906 41
31907 41
31908 41
31909 41
31910 41
31911 41
31912 41
31913 41
31914 41
31915 41
31916 41
31917 41
31918 41
31919 41
31920 41
31921 41
31922 41
31923 41
31924 41
31925 41
31926 41
31927 41
31928 41
31929 41
31930 41
31931 41
31932 41
31933 41
31934 41
31935 41
31936 41
31937 41
31938 41
31939 41
31940 41
31941 41
31942 41
31943 41
31944 41
31945 41
31946 41
31947 41
31948 41
31949 41
31950 41
31951 41
31952 41
31953 41
31954 41
31955 41
31956 41
31957 41
31958 41
31959 41
31960 41
31961 41
31962 41
31963 41
31964 41
31965 41
31966 41
31967 41
31968 41
31969 41
31970 41
31971 41
31972 41
31973 41
31974 41
31975 41
31976 41
31977 41
31978 41
31979 41
31980 41
31981 41
31982 41
31983 41
31984 41
31985 41
31986 41
31987 41
31988 41
31989 41
31990 41
31991 41
31992 41
31993 41
31994 41
31995 41
31996 41
31997 41
31998 41
31999 41
32000 41
32001 41
32002 41
32003 41
32004 41
32005 41
32006 41
32007 41
32008 41
32009 41
32010 41
32011 41
32012 41
32013 41
32014 41
32015 41
32016 41
32017 41
32018 41
32019 41
32020 41
32021 41
32022 41
32023 41
32024 41
32025 41
32026 41
32027 41
32028 41
32029 41
32030 41
32031 41
32032 41
32033 41
32034 41
32035 41
32036 41
32037 41
32038 41
32039 41
32040 41
32041 41
32042 41
32043 41
32044 41
32045 41
32046 41
32047 41
32048 41
32049 41
32050 41
32051 41
32052 41
32053 41
32054 41
32055 41
32056 41
32057 41
32058 41
32059 41
32060 41
32061 41
32062 41
32063 41
32064 41
32065 41
32066 41
32067 41
32068 41
32069 41
32070 41
32071 41
32072 41
32073 41
32074 41
32075 41
32076 41
32077 41
32078 41
32079 41
32080 41
32081 41
32082 41
32083 41
32084 41
32085 41
32086 41
32087 41
32088 41
32089 41
32090 41
32091 41
32092 41
32093 41
32094 41
32095 41
32096 41
32097 41
32098 41
32099 41
32100 41
32101 41
32102 41
32103 41
32104 41
32105 41
32106 41
32107 41
32108 41
32109 41
32110 41
32111 41
32112 41
32113 41
32114 41
32115 41
32116 41
32117 41
32118 41
32119 41
32120 41
32121 41
32122 41
32123 41
32124 41
32125 41
32126 41
32127 41
32128 41
32129 41
32130 41
32131 41
32132 41
32133 41
32134 41
32135 41
32136 41
32137 41
32138 41
32139 41
32140 41
32141 41
32142 41
32143 41
32144 41
32145 41
32146 41
32147 41
32148 41
32149 41
32150 41
32151 41
32152 41
32153 41
32154 41
32155 41
32156 41
32157 41
32158 41
32159 41
32160 41
32161 41
32162 41
32163 41
32164 41
32165 41
32166 41
32167 41
32168 41
32169 41
32170 41
32171 41
32172 41
32173 41
32174 41
32175 41
32176 41
32177 41
32178 41
32179 41
32180 41
32181 41
32182 41
32183 41
32184 41
32185 41
32186 41
32187 41
32188 41
32189 41
32190 41
32191 41
32192 41
32193 41
32194 41
32195 41
32196 41
32197 41
32198 41
32199 41
32200 41
32201 41
32202 41
32203 41
32204 41
32205 41
32206 41
32207 41
32208 41
32209 41
32210 41
32211 41
32212 41
32213 41
32214 41
32215 41
32216 41
32217 41
32218 41
32219 41
32220 41
32221 41
32222 41
32223 41
32224 41
32225 41
32226 41
32227 41
32228 41
32229 41
32230 41
32231 41
32232 41
32233 41
32234 41
32235 41
32236 41
32237 41
32238 41
32239 41
32240 41
32241 41
32242 41
32243 41
32244 41
32245 41
32246 41
32247 41
32248 41
32249 41
32250 41
32251 41
32252 41
32253 41
32254 41
32255 41
32256 41
32257 41
32258 41
32259 41
32260 41
32261 41
32262 41
32263 41
32264 41
32265 41
32266 41
32267 41
32268 41
32269 41
32270 41
32271 41
32272 41
32273 41
32274 41
32275 41
32276 41
32277 41
32278 41
32279 41
32280 41
32281 41
32282 41
32283 41
32284 41
32285 41
32286 41
32287 41
32288 41
32289 41
32290 41
32291 41
32292 41
32293 41
32294 41
32295 41
32296 41
32297 41
32298 41
32299 41
32300 41
32301 41
32302 41
32303 41
32304 41
32305 41
32306 41
32307 41
32308 41
32309 41
32310 41
32311 41
32312 41
32313 41
32314 41
32315 41
32316 41
32317 41
32318 41
32319 41
32320 41
32321 41
32322 41
32323 41
32324 41
32325 41
32326 41
32327 41
32328 41
32329 41
32330 41
32331 41
32332 41
32333 41
32334 41
32335 41
32336 41
32337 41
32338 41
32339 41
32340 41
32341 41
32342 41
32343 41
32344 41
32345 41
32346 41
32347 41
32348 41
32349 41
32350 41
32351 41
32352 41
32353 41
32354 41
32355 41
32356 41
32357 41
32358 41
32359 41
32360 41
32361 41
32362 41
32363 41
32364 41
32365 41
32366 41
32367 41
32368 41
32369 41
32370 41
32371 41
32372 41
32373 41
32374 41
32375 41
32376 41
32377 41
32378 41
32379 41
32380 41
32381 41
32382 41
32383 41
32384 41
32385 41
32386 41
32387 41
32388 41
32389 41
32390 41
32391 41
32392 41
32393 41
32394 41
32395 41
32396 41
32397 41
32398 41
32399 41
32400 41
32401 41
32402 41
32403 41
32404 41
32405 41
32406 41
32407 41
32408 41
32409 41
32410 41
32411 41
32412 41
32413 41
32414 41
32415 41
32416 41
32417 41
32418 41
32419 41
32420 41
32421 41
32422 41
32423 41
32424 41
32425 41
32426 41
32427 41
32428 41
32429 41
32430 41
32431 41
32432 41
32433 41
32434 41
32435 41
32436 41
32437 41
32438 41
32439 41
32440 41
32441 41
32442 41
32443 41
32444 41
32445 41
32446 41
32447 41
32448 41
32449 41
32450 41
32451 41
32452 41
32453 41
32454 41
32455 41
32456 41
32457 41
32458 41
32459 41
32460 41
32461 41
32462 41
32463 41
32464 41
32465 41
32466 41
32467 41
32468 41
32469 41
32470 41
32471 41
32472 41
32473 41
32474 41
32475 41
32476 41
32477 41
32478 41
32479 41
32480 41
32481 41
32482 41
32483 41
32484 41
32485 41
32486 41
32487 41
32488 41
32489 41
32490 41
32491 41
32492 41
32493 41
32494 41
32495 41
32496 41
32497 41
32498 41
32499 41
32500 41
32501 41
32502 41
32503 41
32504 41
32505 41
32506 41
32507 41
32508 41
32509 41
32510 41
32511 41
32512 41
32513 41
32514 41
32515 41
32516 41
32517 41
32518 41
32519 41
32520 41
32521 41
32522 41
32523 41
32524 41
32525 41
32526 41
32527 41
32528 41
32529 41
32530 41
32531 41
32532 41
32533 41
32534 41
32535 41
32536 41
32537 41
32538 41
32539 41
32540 41
32541 41
32542 41
32543 41
32544 41
32545 41
32546 41
32547 41
32548 41
32549 41
32550 41
32551 41
32552 41
32553 41
32554 41
32555 41
32556 41
32557 41
32558 41
32559 41
32560 41
32561 41
32562 41
32563 41
32564 41
32565 41
32566 41
32567 41
32568 41
32569 41
32570 41
32571 41
32572 41
32573 41
32574 41
32575 41
32576 41
32577 41
32578 41
32579 41
32580 41
32581 41
32582 41
32583 41
32584 41
32585 41
32586 41
32587 41
32588 41
32589 41
32590 41
32591 41
32592 41
32593 41
32594 41
32595 41
32596 41
32597 41
32598 41
32599 41
32600 41
32601 41
32602 41
32603 41
32604 41
32605 41
32606 41
32607 41
32608 41
32609 41
32610 41
32611 41
32612 41
32613 41
32614 41
32615 41
32616 41
32617 41
32618 41
32619 41
32620 41
32621 41
32622 41
32623 41
32624 41
32625 41
32626 41
32627 41
32628 41
32629 41
32630 41
32631 41
32632 41
32633 41
32634 41
32635 41
32636 41
32637 41
32638 41
32639 41
32640 41
32641 41
32642 41
32643 41
32644 41
32645 41
32646 41
32647 41
32648 41
32649 41
32650 41
32651 41
32652 41
32653 41
32654 41
32655 41
32656 41
32657 41
32658 41
32659 41
32660 41
32661 41
32662 41
32663 41
32664 41
32665 41
32666 41
32667 41
32668 41
32669 41
32670 41
32671 41
32672 41
32673 41
32674 41
32675 41
32676 41
32677 41
32678 41
32679 41
32680 41
32681 41
32682 41
32683 41
32684 41
32685 41
32686 41
32687 41
32688 41
32689 41
32690 41
32691 41
32692 41
32693 41
32694 41
32695 41
32696 41
32697 41
32698 41
32699 41
32700 41
32701 41
32702 41
32703 41
32704 41
32705 41
32706 41
32707 41
32708 41
32709 41
32710 41
32711 41
32712 41
32713 41
32714 41
32715 41
32716 41
32717 41
32718 41
32719 41
32720 41
32721 41
32722 41
32723 41
32724 41
32725 41
32726 41
32727 6
32728 82
32729 82
32730 82
32731 82
32732 82
32733 82
32734 532
32735 532
32736 532
32737 532
32738 58
32739 58
32740 58
32741 533
32742 533
32743 534
32744 534
32745 17
32746 17
32747 4
32748 17
32749 17
32750 17
32751 17
32752 17
32753 17
32754 17
32755 535
32756 535
32757 536
32758 536
32759 41
32760 41
32761 41
32762 41
32763 41
32764 41
32765 41
32766 41
32767 41
32768 41
32769 41
32770 41
32771 41
32772 41
32773 41
32774 41
32775 41
32776 41
32777 41
32778 41
32779 41
32780 41
32781 41
32782 41
32783 41
32784 41
32785 41
32786 41
32787 41
32788 41
32789 41
32790 41
32791 41
32792 41
32793 41
32794 41
32795 41
32796 41
32797 41
32798 41
32799 41
32800 41
32801 41
32802 41
32803 41
32804 82
32805 82
32806 82
32807 82
32808 41
32809 33
32810 538
32811 538
32812 17
32813 17
32814 17
32815 17
32816 17
32817 17
32818 17
32819 17
32820 17
32821 17
32822 17
32823 17
32824 17
32825 17
32826 17
32827 17
32828 17
32829 17
32830 17
32831 17
32832 17
32833 17
32834 17
32835 17
32836 17
32837 17
32838 17
32839 17
32840 17
32841 17
32842 17
32843 17
32844 17
32845 17
32846 17
32847 17
32848 17
32849 17
32850 17
32851 82
32852 82
32853 82
32854 17
32855 539
32856 539
32857 540
32858 541
32859 541
32860 541
32861 542
32862 542
32863 17
32864 543
32865 543
32866 544
32867 544
32868 545
32869 545
32870 546
32871 546
32872 547
32873 547
32874 4
32875 4
32876 4
32877 4
32878 4
32879 4
32880 4
32881 548
32882 548
32883 548
32884 548
32885 548
32886 549
32887 549
32888 550
32889 550
32890 551
32891 551
32892 552
32893 552
32894 553
32895 553
32896 4
32897 4
32898 4
32899 4
32900 554
32901 554
32902 555
32903 555
32904 556
32905 556
32906 557
32907 557
32908 558
32909 558
32910 559
32911 559
32912 559
32913 560
32914 560
32915 4
32916 4
32917 561
32918 561
32919 562
32920 562
32921 563
32922 563
32923 564
32924 564
32925 565
32926 565
32927 565
32928 565
32929 566
32930 566
32931 567
32932 567
32933 4
32934 4
32935 4
32936 4
32937 4
32938 4
32939 4
32940 4
32941 4
32942 4
32943 4
32944 4
32945 4
32946 4
32947 4
32948 4
32949 4
32950 4
32951 4
32952 4
32953 4
32954 4
32955 4
32956 4
32957 4
32958 41
32959 41
32960 41
32961 41
32962 41
32963 568
32964 568
32965 569
32966 569
32967 4
32968 4
32969 4
32970 570
32971 570
32972 571
32973 571
32974 571
32975 572
32976 572
32977 573
32978 573
32979 573
32980 573
32981 17
32982 17
32983 17
32984 17
32985 6
32986 6
32987 17
32988 17
32989 6
32990 6
32991 6
32992 6
32993 6
32994 6
32995 6
32996 33
32997 33
32998 33
32999 33
33000 33
33001 33
33002 33
33003 33
33004 33
33005 33
33006 33
33007 33
33008 33
33009 33
33010 33
33011 33
33012 228
33013 228
33014 228
33015 33
33016 33
33017 33
33018 33
33019 33
33020 33
33021 4
33022 555
33023 555
33024 556
33025 556
33026 556
33027 556
33028 557
33029 557
33030 557
33031 557
33032 82
33033 82
33034 82
33035 82
33036 558
33037 558
33038 558
33039 558
33040 558
33041 558
33042 558
33043 558
33044 558
33045 558
33046 558
33047 558
33048 558
33049 82
33050 82
33051 82
33052 17
33053 17
33054 17
33055 17
33056 17
33057 17
33058 82
33059 559
33060 559
33061 559
33062 41
33063 33
33064 33
33065 33
33066 33
33067 17
33068 17
33069 17
33070 17
33071 17
33072 17
33073 17
33074 17
33075 17
33076 17
33077 17
33078 17
33079 17
33080 17
33081 17
33082 17
33083 17
33084 4
33085 68
33086 68
33087 41
33088 41
33089 41
33090 41
33091 41
33092 41
33093 41
33094 560
33095 560
33096 560
33097 560
33098 560
33099 560
33100 560
33101 41
33102 41
33103 41
33104 41
33105 41
33106 41
33107 41
33108 41
33109 41
33110 41
33111 41
33112 41
33113 41
33114 41
33115 41
33116 41
33117 41
33118 41
33119 41
33120 41
33121 41
33122 41
33123 41
33124 41
33125 41
33126 41
33127 41
33128 41
33129 41
33130 41
33131 41
33132 41
33133 41
33134 41
33135 41
33136 41
33137 41
33138 41
33139 41
33140 41
33141 41
33142 41
33143 41
33144 41
33145 41
33146 4
33147 41
33148 41
33149 41
33150 41
33151 41
33152 41
33153 41
33154 41
33155 41
33156 41
33157 41
33158 41
33159 41
33160 41
33161 562
33162 562
33163 562
33164 41
33165 563
33166 563
33167 563
33168 563
33169 41
33170 41
33171 41
33172 41
33173 41
33174 41
33175 41
33176 41
33177 41
33178 41
33179 41
33180 41
33181 41
33182 41
33183 564
33184 564
33185 564
33186 41
33187 41
33188 565
33189 565
33190 565
33191 565
33192 566
33193 566
33194 4
33195 17
33196 4
33197 4
33198 4
33199 4
33200 4
33201 4
33202 4
33203 4
33204 4
33205 4
33206 17
33207 4
33208 4
33209 4
33210 4
33211 4
33212 4
33213 4
33214 4
33215 41
33216 41
33217 41
33218 567
33219 567
33220 567
33221 567
33222 568
33223 568
33224 41
33225 569
33226 569
33227 570
33228 570
33229 570
33230 571
33231 571
33232 571
33233 571
33234 572
33235 572
33236 573
33237 573
33238 574
33239 574
33240 574
33241 574
33242 575
33243 575
33244 575
33245 576
33246 576
33247 577
33248 577
33249 41
33250 41
33251 41
33252 578
33253 578
33254 578
33255 579
33256 579
33257 580
33258 580
33259 580
33260 41
33261 41
33262 41
33263 41
33264 41
33265 41
33266 41
33267 41
33268 581
33269 581
33270 581
33271 582
33272 582
33273 582
33274 582
33275 582
33276 41
33277 41
33278 41
33279 41
33280 41
33281 41
33282 41
33283 41
33284 41
33285 41
33286 41
33287 41
33288 41
33289 41
33290 41
33291 41
33292 41
33293 17
33294 41
33295 41
33296 41
33297 583
33298 583
33299 583
33300 583
33301 584
33302 584
33303 585
33304 585
33305 585
33306 585
33307 585
33308 586
33309 586
33310 586
33311 586
33312 586
33313 586
33314 587
33315 587
33316 587
33317 587
33318 587
33319 587
33320 587
33321 587
33322 587
33323 587
33324 587
33325 587
33326 588
33327 588
33328 588
33329 588
33330 588
33331 588
33332 588
33333 588
33334 588
33335 589
33336 589
33337 590
33338 590
33339 590
33340 590
33341 590
33342 590
33343 590
33344 590
33345 590
33346 590
33347 41
33348 41
33349 41
33350 41
33351 41
33352 41
33353 41
33354 41
33355 41
33356 591
33357 591
33358 17
33359 17
33360 17
33361 592
33362 592
33363 593
33364 593
33365 594
33366 594
33367 41
33368 41
33369 595
33370 595
33371 595
33372 595
33373 595
33374 595
33375 595
33376 595
33377 595
33378 595
33379 596
33380 596
33381 41
33382 41
33383 41
33384 41
33385 41
33386 41
33387 41
33388 41
33389 41
33390 41
33391 597
33392 597
33393 82
33394 82
33395 82
33396 41
33397 41
33398 41
33399 41
33400 598
33401 598
33402 41
33403 599
33404 599
33405 599
33406 600
33407 600
33408 600
33409 600
33410 601
33411 601
33412 601
33413 601
33414 602
33415 602
33416 602
33417 602
33418 602
33419 602
33420 56
33421 56
33422 603
33423 603
33424 603
33425 603
33426 604
33427 604
33428 604
33429 41
33430 41
33431 41
33432 41
33433 41
33434 41
33435 605
33436 605
33437 605
33438 605
33439 310
33440 310
33441 310
33442 310
33443 310
33444 310
33445 310
33446 310
33447 33
33448 33
33449 33
33450 33
33451 82
33452 606
33453 606
33454 606
33455 310
33456 310
33457 310
33458 310
33459 310
33460 310
33461 607
33462 607
33463 607
33464 607
33465 607
33466 607
33467 4
33468 4
33469 4
33470 4
33471 4
33472 4
33473 4
33474 4
33475 4
33476 4
33477 4
33478 4
33479 4
33480 4
33481 4
33482 4
33483 4
33484 4
33485 4
33486 4
33487 4
33488 4
33489 4
33490 4
33491 4
33492 4
33493 4
33494 4
33495 4
33496 4
33497 4
33498 4
33499 4
33500 4
33501 4
33502 4
33503 4
33504 4
33505 4
33506 4
33507 4
33508 4
33509 4
33510 4
33511 4
33512 4
33513 4
33514 4
33515 4
33516 4
33517 4
33518 4
33519 4
33520 4
33521 4
33522 4
33523 4
33524 4
33525 4
33526 4
33527 4
33528 4
33529 4
33530 4
33531 4
33532 4
33533 4
33534 4
33535 4
33536 4
33537 4
33538 4
33539 4
33540 4
33541 4
33542 4
33543 4
33544 4
33545 4
33546 4
33547 4
33548 4
33549 4
33550 4
33551 4
33552 4
33553 4
33554 4
33555 4
33556 4
33557 4
33558 4
33559 4
33560 4
33561 4
33562 4
33563 4
33564 4
33565 4
33566 4
33567 4
33568 4
33569 4
33570 4
33571 4
33572 4
33573 4
33574 4
33575 4
33576 4
33577 4
33578 4
33579 4
33580 4
33581 4
33582 4
33583 4
33584 4
33585 4
33586 4
33587 4
33588 4
33589 4
33590 4
33591 4
33592 4
33593 4
33594 4
33595 4
33596 4
33597 4
33598 4
33599 4
33600 4
33601 4
33602 4
33603 4
33604 4
33605 4
33606 4
33607 4
33608 4
33609 4
33610 4
33611 4
33612 4
33613 4
33614 608
33615 608
33616 33
33617 33
33618 33
33619 33
33620 488
33621 488
33622 489
33623 489
33624 489
33625 4
33626 4
33627 4
33628 17
33629 4
33630 4
33631 4
33632 4
33633 4
33634 4
33635 4
33636 4
33637 4
33638 4
33639 4
33640 4
33641 4
33642 4
33643 4
33644 4
33645 4
33646 4
33647 4
33648 4
33649 4
33650 4
33651 4
33652 4
33653 4
33654 4
33655 4
33656 4
33657 4
33658 4
33659 4
33660 4
33661 4
33662 4
33663 4
33664 4
33665 4
33666 4
33667 4
33668 4
33669 4
33670 4
33671 4
33672 4
33673 4
33674 4
33675 4
33676 490
33677 490
33678 490
33679 490
33680 490
33681 490
33682 490
33683 490
33684 490
33685 490
33686 490
33687 491
33688 491
33689 491
33690 491
33691 491
33692 491
33693 491
33694 492
33695 492
33696 493
33697 493
33698 494
33699 494
33700 494
33701 495
33702 495
33703 495
33704 496
33705 496
33706 496
33707 496
33708 497
33709 497
33710 498
33711 498
33712 498
33713 498
33714 498
33715 499
33716 499
33717 500
33718 500
33719 500
33720 501
33721 501
33722 501
33723 501
33724 502
33725 502
33726 503
33727 503
33728 504
33729 504
33730 4
33731 4
33732 4
33733 4
33734 4
33735 505
33736 505
33737 505
33738 506
33739 506
33740 4
33741 4
33742 496
33743 496
33744 496
33745 496
33746 496
33747 496
33748 496
33749 507
33750 507
33751 508
33752 508
33753 508
33754 509
33755 509
33756 509
33757 510
33758 510
33759 511
33760 511
33761 512
33762 512
33763 513
33764 513
33765 514
33766 514
33767 515
33768 515
33769 516
33770 516
33771 517
33772 517
33773 517
33774 517
33775 41
33776 41
33777 41
33778 518
33779 518
33780 17
33781 17
33782 17
33783 17
33784 17
33785 17
33786 218
33787 218
33788 17
33789 17
33790 17
33791 17
33792 17
33793 17
33794 58
33795 58
33796 58
33797 17
33798 17
33799 17
33800 17
33801 17
33802 17
33803 41
33804 218
33805 310
33806 519
33807 519
33808 519
33809 519
33810 519
33811 519
33812 519
33813 519
33814 519
33815 519
33816 519
33817 519
33818 519
33819 519
33820 519
33821 519
33822 519
33823 519
33824 519
33825 519
33826 519
33827 519
33828 519
33829 519
33830 519
33831 519
33832 519
33833 519
33834 519
33835 519
33836 519
33837 519
33838 519
33839 519
33840 519
33841 519
33842 519
33843 519
33844 519
33845 519
33846 519
33847 519
33848 519
33849 519
33850 519
33851 519
33852 519
33853 519
33854 41
33855 41
33856 41
33857 41
33858 41
33859 41
33860 41
33861 41
33862 41
33863 41
33864 41
33865 41
33866 41
33867 41
33868 519
33869 41
33870 41
33871 41
33872 41
33873 41
33874 41
33875 218
33876 218
33877 520
33878 520
33879 520
33880 520
33881 520
33882 520
33883 520
33884 520
33885 520
33886 41
33887 41
33888 41
33889 521
33890 521
33891 522
33892 522
33893 522
33894 522
33895 310
33896 310
33897 310
33898 310
33899 310
33900 310
33901 310
33902 4
33903 4
33904 4
33905 4
33906 82
33907 82
33908 82
33909 82
33910 82
33911 82
33912 82
33913 82
33914 82
33915 82
33916 82
33917 82
33918 82
33919 82
33920 82
33921 82
33922 82
33923 82
33924 82
33925 82
33926 82
33927 82
33928 82
33929 82
33930 82
33931 82
33932 82
33933 82
33934 523
33935 523
33936 523
33937 523
33938 523
33939 524
33940 524
33941 524
33942 524
33943 524
33944 4
33945 4
33946 4
33947 4
33948 4
33949 4
33950 4
33951 4
33952 17
33953 17
33954 17
33955 17
33956 17
33957 17
33958 17
33959 82
33960 82
33961 82
33962 525
33963 525
33964 525
33965 525
33966 526
33967 526
33968 526
33969 526
33970 526
33971 526
33972 527
33973 527
33974 527
33975 82
33976 82
33977 82
33978 116
33979 82
33980 82
33981 82
33982 82
33983 116
33984 82
33985 82
33986 82
33987 82
33988 82
33989 82
33990 82
33991 17
33992 17
33993 17
33994 17
33995 17
33996 17
33997 528
33998 528
33999 528
34000 528
34001 82
34002 82
34003 529
34004 529
34005 530
34006 530
34007 82
34008 82
34009 531
34010 531
34011 531
34012 531
34013 33
34014 6
34015 6
34016 6
34017 6
34018 6
34019 6
34020 6
34021 6
34022 6
34023 6
34024 6
34025 6
34026 17
34027 17
34028 310
34029 532
34030 532
34031 56
34032 533
34033 533
34034 533
34035 533
34036 33
34037 33
34038 533
34039 533
34040 533
34041 83
34042 83
34043 83
34044 83
34045 83
34046 83
34047 83
34048 83
34049 82
34050 82
34051 82
34052 83
34053 83
34054 83
34055 83
34056 83
34057 83
34058 83
34059 83
34060 17
34061 218
34062 218
34063 218
34064 6
34065 6
34066 6
34067 6
34068 6
34069 41
34070 41
34071 41
34072 41
34073 41
34074 41
34075 41
34076 41
34077 41
34078 41
34079 41
34080 41
34081 6
34082 6
34083 6
34084 6
34085 6
34086 6
34087 6
34088 6
34089 6
34090 6
34091 6
34092 6
34093 6
34094 6
34095 6
34096 6
34097 6
34098 6
34099 6
34100 6
34101 6
34102 33
34103 33
34104 33
34105 33
34106 33
34107 33
34108 33
34109 33
34110 33
34111 33
34112 33
34113 33
34114 218
34115 33
34116 33
34117 33
34118 33
34119 33
34120 33
34121 33
34122 33
34123 33
34124 33
34125 33
34126 33
34127 33
34128 33
34129 33
34130 82
34131 82
34132 82
34133 33
34134 33
34135 33
34136 4
34137 33
34138 33
34139 33
34140 33
34141 33
34142 33
34143 33
34144 33
34145 33
34146 33
34147 33
34148 33
34149 33
34150 33
34151 82
34152 82
34153 33
34154 33
34155 33
34156 33
34157 33
34158 33
34159 33
34160 33
34161 82
34162 33
34163 33
34164 33
34165 33
34166 33
34167 33
34168 96
34169 96
34170 33
34171 33
34172 33
34173 33
34174 33
34175 82
34176 4
34177 4
34178 4
34179 4
34180 82
34181 82
34182 82
34183 82
34184 4
34185 4
34186 4
34187 4
34188 4
34189 4
34190 4
34191 4
34192 4
34193 4
34194 4
34195 4
34196 4
34197 4
34198 4
34199 4
34200 4
34201 4
34202 4
34203 4
34204 4
34205 4
34206 4
34207 4
34208 4
34209 4
34210 4
34211 4
34212 4
34213 4
34214 4
34215 4
34216 4
34217 4
34218 4
34219 4
34220 4
34221 4
34222 4
34223 4
34224 4
34225 4
34226 4
34227 4
34228 4
34229 4
34230 4
34231 4
34232 4
34233 4
34234 4
34235 4
34236 4
34237 4
34238 4
34239 4
34240 4
34241 4
34242 4
34243 4
34244 4
34245 4
34246 4
34247 4
34248 4
34249 4
34250 4
34251 4
34252 4
34253 4
34254 4
34255 4
34256 4
34257 4
34258 4
34259 4
34260 4
34261 4
34262 4
34263 4
34264 4
34265 4
34266 4
34267 4
34268 4
34269 4
34270 4
34271 4
34272 4
34273 4
34274 4
34275 4
34276 4
34277 4
34278 4
34279 4
34280 4
34281 4
34282 4
34283 4
34284 4
34285 4
34286 4
34287 4
34288 4
34289 4
34290 4
34291 4
34292 4
34293 4
34294 4
34295 4
34296 4
34297 4
34298 4
34299 4
34300 4
34301 4
34302 4
34303 4
34304 4
34305 4
34306 4
34307 4
34308 4
34309 4
34310 4
34311 4
34312 4
34313 4
34314 4
34315 4
34316 4
34317 4
34318 4
34319 4
34320 4
34321 4
34322 4
34323 4
34324 4
34325 4
34326 4
34327 4
34328 4
34329 4
34330 4
34331 82
34332 82
34333 33
34334 33
34335 82
34336 82
34337 33
34338 33
34339 41
34340 41
34341 33
34342 33
34343 33
34344 33
34345 33
34346 33
34347 33
34348 33
34349 33
34350 33
34351 17
34352 17
34353 33
34354 33
34355 33
34356 33
34357 33
34358 82
34359 33
34360 33
34361 33
34362 33
34363 33
34364 33
34365 33
34366 33
34367 33
34368 33
34369 33
34370 33
34371 82
34372 33
34373 33
34374 33
34375 33
34376 33
34377 33
34378 33
34379 33
34380 33
34381 33
34382 310
34383 33
34384 33
34385 33
34386 33
34387 33
34388 33
34389 33
34390 33
34391 33
34392 33
34393 310
34394 310
34395 310
34396 82
34397 310
34398 310
34399 85
34400 85
34401 85
34402 85
34403 85
34404 85
34405 85
34406 85
34407 85
34408 85
34409 310
34410 310
34411 310
34412 310
34413 310
34414 17
34415 310
34416 310
34417 310
34418 310
34419 310
34420 310
34421 310
34422 310
34423 310
34424 310
34425 310
34426 310
34427 310
34428 310
34429 310
34430 310
34431 310
34432 310
34433 310
34434 310
34435 310
34436 310
34437 310
34438 310
34439 310
34440 310
34441 310
34442 310
34443 310
34444 310
34445 41
34446 310
34447 310
34448 310
34449 310
34450 310
34451 310
34452 310
34453 310
34454 310
34455 310
34456 310
34457 218
34458 85
34459 310
34460 179
34461 179
34462 179
34463 179
34464 179
34465 179
34466 179
34467 179
34468 86
34469 86
34470 86
34471 86
34472 86
34473 86
34474 86
34475 86
34476 86
34477 86
34478 86
34479 86
34480 96
34481 310
34482 310
34483 310
34484 86
34485 86
34486 17
34487 17
34488 17
34489 4
34490 4
34491 4
34492 4
34493 4
34494 4
34495 4
34496 4
34497 4
34498 4
34499 4
34500 4
34501 4
34502 4
34503 4
34504 4
34505 4
34506 4
34507 4
34508 4
34509 4
34510 4
34511 4
34512 4
34513 4
34514 4
34515 4
34516 4
34517 87
34518 87
34519 4
34520 4
34521 4
34522 4
34523 4
34524 41
34525 41
34526 41
34527 82
34528 87
34529 87
34530 87
34531 4
34532 4
34533 4
34534 4
34535 4
34536 4
34537 4
34538 4
34539 4
34540 4
34541 4
34542 4
34543 4
34544 4
34545 87
34546 87
34547 87
34548 87
34549 84
34550 84
34551 84
34552 84
34553 84
34554 84
34555 84
34556 17
34557 4
34558 82
34559 82
34560 4
34561 4
34562 4
34563 82
34564 82
34565 82
34566 82
34567 17
34568 33
34569 33
34570 33
34571 33
34572 33
34573 33
34574 33
34575 33
34576 33
34577 33
34578 33
34579 33
34580 33
34581 33
34582 33
34583 33
34584 33
34585 527
34586 527
34587 527
34588 84
34589 84
34590 84
34591 84
34592 84
34593 84
34594 84
34595 84
34596 84
34597 84
34598 84
34599 84
34600 84
34601 84
34602 84
34603 84
34604 96
34605 84
34606 84
34607 84
34608 84
34609 84
34610 84
34611 84
34612 17
34613 17
34614 17
34615 17
34616 17
34617 17
34618 17
34619 17
34620 17
34621 17
34622 17
34623 17
34624 17
34625 17
34626 17
34627 17
34628 17
34629 17
34630 17
34631 17
34632 17
34633 17
34634 17
34635 17
34636 17
34637 17
34638 84
34639 84
34640 88
34641 88
34642 88
34643 88
34644 88
34645 88
34646 88
34647 88
34648 88
34649 33
34650 33
34651 33
34652 33
34653 33
34654 33
34655 33
34656 88
34657 88
34658 88
34659 88
34660 88
34661 88
34662 88
34663 88
34664 88
34665 88
34666 88
34667 88
34668 88
34669 88
34670 17
34671 17
34672 17
34673 17
34674 17
34675 17
34676 17
34677 17
34678 17
34679 17
34680 17
34681 17
34682 17
34683 4
34684 17
34685 17
34686 17
34687 17
34688 17
34689 17
34690 17
34691 17
34692 17
34693 17
34694 17
34695 17
34696 17
34697 17
34698 17
34699 17
34700 17
34701 17
34702 17
34703 17
34704 17
34705 17
34706 17
34707 17
34708 17
34709 17
34710 17
34711 17
34712 17
34713 17
34714 17
34715 17
34716 17
34717 17
34718 17
34719 17
34720 17
34721 17
34722 17
34723 17
34724 17
34725 17
34726 88
34727 88
34728 88
34729 88
34730 4
34731 4
34732 4
34733 4
34734 4
34735 4
34736 4
34737 4
34738 4
34739 4
34740 4
34741 4
34742 82
34743 4
34744 4
34745 4
34746 4
34747 88
34748 88
34749 41
34750 41
34751 41
34752 41
34753 41
34754 41
34755 41
34756 41
34757 41
34758 41
34759 41
34760 41
34761 41
34762 41
34763 41
34764 41
34765 41
34766 41
34767 41
34768 41
34769 41
34770 41
34771 41
34772 41
34773 41
34774 41
34775 41
34776 41
34777 41
34778 41
34779 41
34780 41
34781 41
34782 88
34783 88
34784 88
34785 88
34786 88
34787 88
34788 88
34789 88
34790 88
34791 88
34792 88
34793 88
34794 88
34795 41
34796 41
34797 41
34798 41
34799 88
34800 88
34801 88
34802 88
34803 41
34804 88
34805 88
34806 88
34807 88
34808 88
34809 41
34810 41
34811 41
34812 88
34813 88
34814 33
34815 33
34816 33
34817 33
34818 33
34819 33
34820 33
34821 33
34822 33
34823 33
34824 33
34825 33
34826 33
34827 33
34828 33
34829 33
34830 33
34831 88
34832 88
34833 88
34834 88
34835 88
34836 88
34837 88
34838 88
34839 88
34840 88
34841 88
34842 96
34843 96
34844 41
34845 96
34846 96
34847 88
34848 88
34849 96
34850 96
34851 88
34852 88
34853 96
34854 96
34855 96
34856 96
34857 96
34858 89
34859 89
34860 89
34861 89
34862 89
34863 89
34864 89
34865 89
34866 89
34867 89
34868 89
34869 89
34870 89
34871 89
34872 89
34873 89
34874 89
34875 89
34876 89
34877 89
34878 89
34879 89
34880 89
34881 89
34882 6
34883 6
34884 6
34885 6
34886 6
34887 6
34888 6
34889 6
34890 6
34891 6
34892 6
34893 6
34894 6
34895 6
34896 6
34897 6
34898 6
34899 6
34900 6
34901 6
34902 6
34903 6
34904 6
34905 6
34906 6
34907 6
34908 6
34909 6
34910 6
34911 6
34912 6
34913 6
34914 6
34915 6
34916 6
34917 6
34918 6
34919 6
34920 17
34921 6
34922 6
34923 6
34924 6
34925 6
34926 6
34927 6
34928 6
34929 6
34930 6
34931 6
34932 6
34933 6
34934 6
34935 6
34936 6
34937 6
34938 6
34939 6
34940 6
34941 17
34942 17
34943 17
34944 17
34945 17
34946 17
34947 17
34948 17
34949 17
34950 17
34951 90
34952 90
34953 90
34954 90
34955 6
34956 90
34957 90
34958 90
34959 90
34960 6
34961 6
34962 91
34963 91
34964 91
34965 91
34966 91
34967 91
34968 91
34969 82
34970 82
34971 82
34972 82
34973 91
34974 91
34975 91
34976 91
34977 176
34978 176
34979 176
34980 176
34981 176
34982 176
34983 176
34984 176
34985 176
34986 33
34987 33
34988 33
34989 33
34990 33
34991 33
34992 33
34993 33
34994 33
34995 33
34996 33
34997 33
34998 33
34999 33
35000 33
35001 33
35002 33
35003 33
35004 33
35005 33
35006 33
35007 33
35008 33
35009 33
35010 33
35011 33
35012 4
35013 33
35014 33
35015 91
35016 91
35017 91
35018 91
35019 4
35020 4
35021 4
35022 4
35023 4
35024 4
35025 4
35026 310
35027 310
35028 310
35029 82
35030 82
35031 82
35032 82
35033 91
35034 91
35035 91
35036 91
35037 91
35038 91
35039 91
35040 91
35041 91
35042 33
35043 33
35044 91
35045 310
35046 310
35047 310
35048 91
35049 91
35050 91
35051 91
35052 17
35053 17
35054 35
35055 35
35056 35
35057 17
35058 35
35059 35
35060 35
35061 91
35062 91
35063 91
35064 35
35065 91
35066 91
35067 91
35068 91
35069 91
35070 41
35071 41
35072 41
35073 38
35074 38
35075 38
35076 38
35077 17
35078 91
35079 91
35080 91
35081 91
35082 91
35083 91
35084 91
35085 91
35086 91
35087 91
35088 91
35089 17
35090 17
35091 17
35092 17
35093 17
35094 17
35095 17
35096 17
35097 17
35098 17
35099 17
35100 17
35101 17
35102 91
35103 91
35104 91
35105 91
35106 91
35107 91
35108 91
35109 91
35110 91
35111 91
35112 91
35113 96
35114 96
35115 6
35116 6
35117 6
35118 6
35119 6
35120 6
35121 6
35122 91
35123 91
35124 91
35125 91
35126 91
35127 91
35128 91
35129 91
35130 91
35131 91
35132 91
35133 91
35134 91
35135 91
35136 91
35137 91
35138 91
35139 91
35140 92
35141 92
35142 92
35143 92
35144 92
35145 92
35146 92
35147 92
35148 92
35149 92
35150 92
35151 92
35152 92
35153 92
35154 92
35155 92
35156 93
35157 93
35158 93
35159 93
35160 93
35161 93
35162 93
35163 93
35164 93
35165 93
35166 93
35167 93
35168 93
35169 93
35170 94
35171 94
35172 94
35173 94
35174 94
35175 94
35176 94
35177 94
35178 94
35179 94
35180 94
35181 94
35182 94
35183 94
35184 95
35185 95
35186 95
35187 95
35188 95
35189 95
35190 95
35191 4
35192 4
35193 4
35194 96
35195 96
35196 96
35197 96
35198 96
35199 96
35200 96
35201 96
35202 96
35203 96
35204 96
35205 96
35206 96
35207 96
35208 17
35209 17
35210 17
35211 17
35212 17
35213 17
35214 87
35215 87
35216 87
35217 17
35218 96
35219 96
35220 96
35221 41
35222 41
35223 41
35224 58
35225 4
35226 4
35227 4
35228 4
35229 4
35230 4
35231 4
35232 4
35233 4
35234 96
35235 96
35236 96
35237 96
35238 96
35239 96
35240 96
35241 96
35242 17
35243 4
35244 4
35245 4
35246 4
35247 96
35248 96
35249 96
35250 96
35251 96
35252 96
35253 96
35254 96
35255 96
35256 96
35257 96
35258 96
35259 96
35260 96
35261 4
35262 4
35263 4
35264 41
35265 96
35266 96
35267 96
35268 96
35269 96
35270 96
35271 96
35272 96
35273 96
35274 96
35275 96
35276 96
35277 96
35278 96
35279 4
35280 4
35281 4
35282 4
35283 4
35284 29
35285 29
35286 29
35287 29
35288 29
35289 96
35290 96
35291 4
35292 4
35293 4
35294 4
35295 4
35296 4
35297 4
35298 4
35299 96
35300 96
35301 96
35302 96
35303 96
35304 41
35305 96
35306 4
35307 4
35308 4
35309 4
35310 4
35311 4
35312 4
35313 96
35314 96
35315 96
35316 97
35317 97
35318 97
35319 97
35320 97
35321 97
35322 97
35323 97
35324 97
35325 97
35326 218
35327 218
35328 218
35329 98
35330 98
35331 98
35332 4
35333 4
35334 87
35335 87
35336 87
35337 87
35338 87
35339 87
35340 87
35341 82
35342 87
35343 87
35344 98
35345 98
35346 98
35347 98
35348 98
35349 98
35350 98
35351 98
35352 98
35353 98
35354 98
35355 98
35356 98
35357 98
35358 98
35359 4
35360 4
35361 4
35362 4
35363 4
35364 4
35365 4
35366 4
35367 4
35368 4
35369 4
35370 4
35371 4
35372 4
35373 4
35374 4
35375 4
35376 4
35377 4
35378 4
35379 4
35380 4
35381 4
35382 4
35383 4
35384 4
35385 4
35386 4
35387 4
35388 4
35389 4
35390 4
35391 4
35392 4
35393 4
35394 4
35395 4
35396 4
35397 4
35398 4
35399 98
35400 98
35401 4
35402 4
35403 4
35404 4
35405 4
35406 98
35407 98
35408 98
35409 218
35410 98
35411 98
35412 98
35413 17
35414 17
35415 17
35416 17
35417 17
35418 17
35419 17
35420 218
35421 98
35422 98
35423 98
35424 4
35425 4
35426 4
35427 4
35428 99
35429 99
35430 99
35431 99
35432 218
35433 99
35434 99
35435 4
35436 4
35437 4
35438 4
35439 4
35440 4
35441 4
35442 4
35443 4
35444 4
35445 4
35446 4
35447 4
35448 4
35449 4
35450 4
35451 4
35452 4
35453 4
35454 4
35455 4
35456 4
35457 4
35458 4
35459 99
35460 99
35461 99
35462 99
35463 99
35464 99
35465 90
35466 90
35467 90
35468 90
35469 90
35470 100
35471 100
35472 101
35473 101
35474 101
35475 101
35476 102
35477 102
35478 102
35479 102
35480 41
35481 41
35482 41
35483 102
35484 102
35485 17
35486 17
35487 17
35488 17
35489 17
35490 17
35491 17
35492 17
35493 17
35494 17
35495 17
35496 17
35497 17
35498 17
35499 17
35500 17
35501 17
35502 17
35503 17
35504 17
35505 17
35506 17
35507 102
35508 102
35509 102
35510 17
35511 17
35512 17
35513 102
35514 102
35515 102
35516 102
35517 102
35518 102
35519 102
35520 102
35521 102
35522 102
35523 17
35524 102
35525 102
35526 102
35527 17
35528 102
35529 102
35530 103
35531 103
35532 103
35533 103
35534 103
35535 103
35536 17
35537 17
35538 17
35539 17
35540 17
35541 17
35542 41
35543 41
35544 41
35545 41
35546 41
35547 41
35548 41
35549 41
35550 41
35551 103
35552 103
35553 103
35554 41
35555 41
35556 41
35557 41
35558 41
35559 103
35560 103
35561 17
35562 17
35563 17
35564 17
35565 41
35566 41
35567 41
35568 41
35569 41
35570 41
35571 41
35572 41
35573 41
35574 82
35575 82
35576 82
35577 82
35578 17
35579 17
35580 17
35581 82
35582 82
35583 82
35584 82
35585 82
35586 82
35587 82
35588 41
35589 104
35590 104
35591 104
35592 104
35593 104
35594 104
35595 104
35596 104
35597 218
35598 104
35599 104
35600 104
35601 104
35602 104
35603 105
35604 105
35605 105
35606 105
35607 105
35608 105
35609 106
35610 106
35611 106
35612 106
35613 107
35614 107
35615 107
35616 107
35617 107
35618 107
35619 107
35620 107
35621 107
35622 107
35623 107
35624 108
35625 108
35626 108
35627 108
35628 108
35629 108
35630 108
35631 108
35632 108
35633 4
35634 4
35635 4
35636 4
35637 4
35638 4
35639 4
35640 4
35641 4
35642 4
35643 4
35644 4
35645 4
35646 4
35647 4
35648 4
35649 4
35650 4
35651 4
35652 4
35653 4
35654 4
35655 4
35656 4
35657 4
35658 4
35659 4
35660 4
35661 4
35662 4
35663 4
35664 4
35665 4
35666 4
35667 4
35668 4
35669 4
35670 4
35671 4
35672 17
35673 17
35674 17
35675 17
35676 4
35677 4
35678 4
35679 17
35680 17
35681 17
35682 17
35683 17
35684 17
35685 17
35686 17
35687 17
35688 17
35689 17
35690 17
35691 4
35692 17
35693 17
35694 17
35695 17
35696 17
35697 17
35698 17
35699 17
35700 4
35701 41
35702 41
35703 41
35704 17
35705 17
35706 17
35707 17
35708 17
35709 17
35710 109
35711 109
35712 109
35713 109
35714 109
35715 17
35716 17
35717 17
35718 110
35719 110
35720 110
35721 110
35722 110
35723 110
35724 110
35725 110
35726 110
35727 110
35728 110
35729 110
35730 17
35731 17
35732 17
35733 17
35734 17
35735 17
35736 17
35737 17
35738 17
35739 17
35740 17
35741 17
35742 17
35743 17
35744 17
35745 17
35746 17
35747 17
35748 17
35749 17
35750 17
35751 17
35752 17
35753 17
35754 17
35755 17
35756 17
35757 17
35758 17
35759 17
35760 17
35761 4
35762 4
35763 4
35764 4
35765 4
35766 4
35767 111
35768 111
35769 17
35770 112
35771 112
35772 113
35773 113
35774 17
35775 17
35776 17
35777 17
35778 4
35779 41
35780 41
35781 41
35782 41
35783 17
35784 17
35785 17
35786 17
35787 17
35788 17
35789 17
35790 17
35791 17
35792 17
35793 17
35794 17
35795 17
35796 17
35797 17
35798 17
35799 17
35800 17
35801 17
35802 17
35803 17
35804 17
35805 17
35806 17
35807 17
35808 17
35809 17
35810 17
35811 17
35812 17
35813 17
35814 17
35815 17
35816 113
35817 113
35818 113
35819 4
35820 4
35821 114
35822 114
35823 114
35824 114
35825 114
35826 114
35827 114
35828 17
35829 17
35830 17
35831 17
35832 17
35833 114
35834 114
35835 17
35836 17
35837 114
35838 114
35839 114
35840 114
35841 114
35842 114
35843 114
35844 114
35845 115
35846 115
35847 115
35848 115
35849 115
35850 115
35851 116
35852 116
35853 41
35854 116
35855 116
35856 260
35857 260
35858 260
35859 260
35860 41
35861 82
35862 82
35863 310
35864 310
35865 310
35866 116
35867 116
35868 116
35869 116
35870 29
35871 29
35872 29
35873 116
35874 116
35875 116
35876 116
35877 116
35878 116
35879 116
35880 116
35881 116
35882 116
35883 116
35884 116
35885 116
35886 116
35887 116
35888 116
35889 116
35890 116
35891 116
35892 116
35893 116
35894 116
35895 116
35896 116
35897 116
35898 116
35899 116
35900 116
35901 116
35902 116
35903 116
35904 116
35905 116
35906 116
35907 116
35908 116
35909 54
35910 54
35911 54
35912 6
35913 6
35914 6
35915 17
35916 17
35917 17
35918 17
35919 17
35920 17
35921 17
35922 17
35923 17
35924 17
35925 17
35926 17
35927 17
35928 17
35929 17
35930 17
35931 17
35932 17
35933 17
35934 17
35935 17
35936 17
35937 17
35938 17
35939 17
35940 17
35941 17
35942 17
35943 17
35944 17
35945 17
35946 17
35947 17
35948 17
35949 17
35950 17
35951 17
35952 17
35953 17
35954 17
35955 17
35956 17
35957 17
35958 17
35959 116
35960 116
35961 116
35962 116
35963 116
35964 116
35965 116
35966 116
35967 116
35968 116
35969 116
35970 116
35971 117
35972 117
35973 117
35974 117
35975 117
35976 117
35977 41
35978 4
35979 4
35980 4
35981 17
35982 17
35983 117
35984 117
35985 117
35986 117
35987 117
35988 117
35989 117
35990 117
35991 117
35992 117
35993 4
35994 4
35995 4
35996 4
35997 4
35998 4
35999 4
36000 4
36001 4
36002 4
36003 4
36004 4
36005 82
36006 82
36007 82
36008 82
36009 82
36010 82
36011 82
36012 117
36013 117
36014 118
36015 118
36016 118
36017 118
36018 118
36019 118
36020 118
36021 118
36022 118
36023 118
36024 118
36025 118
36026 118
36027 118
36028 118
36029 118
36030 118
36031 118
36032 118
36033 118
36034 118
36035 82
36036 118
36037 118
36038 118
36039 118
36040 118
36041 118
36042 118
36043 118
36044 118
36045 118
36046 118
36047 118
36048 118
36049 118
36050 118
36051 118
36052 118
36053 118
36054 118
36055 118
36056 118
36057 118
36058 4
36059 4
36060 4
36061 17
36062 118
36063 118
36064 118
36065 118
36066 118
36067 118
36068 118
36069 118
36070 118
36071 118
36072 118
36073 118
36074 118
36075 118
36076 118
36077 118
36078 118
36079 118
36080 118
36081 118
36082 118
36083 118
36084 118
36085 118
36086 118
36087 118
36088 118
36089 118
36090 118
36091 4
36092 118
36093 118
36094 118
36095 118
36096 118
36097 118
36098 118
36099 41
36100 118
36101 118
36102 118
36103 118
36104 118
36105 118
36106 41
36107 33
36108 33
36109 33
36110 33
36111 33
36112 33
36113 33
36114 33
36115 82
36116 82
36117 82
36118 118
36119 118
36120 118
36121 118
36122 118
36123 118
36124 176
36125 176
36126 176
36127 118
36128 118
36129 118
36130 118
36131 176
36132 176
36133 96
36134 118
36135 118
36136 118
36137 118
36138 118
36139 118
36140 118
36141 118
36142 118
36143 118
36144 118
36145 118
36146 118
36147 118
36148 96
36149 118
36150 118
36151 118
36152 118
36153 118
36154 118
36155 118
36156 118
36157 118
36158 118
36159 118
36160 118
36161 118
36162 118
36163 118
36164 118
36165 118
36166 118
36167 118
36168 118
36169 118
36170 118
36171 118
36172 96
36173 96
36174 96
36175 96
36176 4
36177 4
36178 4
36179 4
36180 4
36181 4
36182 4
36183 4
36184 4
36185 4
36186 4
36187 4
36188 4
36189 4
36190 4
36191 4
36192 4
36193 4
36194 4
36195 4
36196 4
36197 4
36198 4
36199 4
36200 4
36201 4
36202 4
36203 4
36204 4
36205 4
36206 4
36207 4
36208 4
36209 33
36210 33
36211 33
36212 33
36213 82
36214 82
36215 29
36216 29
36217 29
36218 82
36219 82
36220 4
36221 4
36222 4
36223 4
36224 4
36225 4
36226 4
36227 4
36228 4
36229 4
36230 4
36231 4
36232 82
36233 218
36234 218
36235 218
36236 218
36237 218
36238 218
36239 218
36240 218
36241 218
36242 218
36243 218
36244 218
36245 218
36246 218
36247 4
36248 4
36249 4
36250 4
36251 4
36252 218
36253 218
36254 218
36255 4
36256 4
36257 218
36258 218
36259 218
36260 82
36261 82
36262 82
36263 82
36264 25
36265 25
36266 25
36267 17
36268 17
36269 17
36270 25
36271 25
36272 6
36273 25
36274 25
36275 25
36276 25
36277 4
36278 4
36279 4
36280 4
36281 4
36282 4
36283 4
36284 4
36285 4
36286 4
36287 4
36288 4
36289 4
36290 4
36291 4
36292 4
36293 4
36294 4
36295 4
36296 4
36297 4
36298 119
36299 119
36300 119
36301 119
36302 119
36303 119
36304 119
36305 17
36306 120
36307 120
36308 120
36309 120
36310 121
36311 121
36312 121
36313 121
36314 122
36315 122
36316 82
36317 82
36318 122
36319 122
36320 122
36321 122
36322 122
36323 122
36324 122
36325 17
36326 17
36327 17
36328 17
36329 17
36330 17
36331 17
36332 17
36333 122
36334 122
36335 122
36336 41
36337 41
36338 41
36339 41
36340 41
36341 41
36342 41
36343 41
36344 41
36345 41
36346 41
36347 41
36348 41
36349 41
36350 41
36351 41
36352 41
36353 41
36354 41
36355 41
36356 122
36357 122
36358 122
36359 122
36360 122
36361 122
36362 123
36363 123
36364 123
36365 123
36366 123
36367 123
36368 123
36369 123
36370 123
36371 123
36372 123
36373 123
36374 123
36375 123
36376 123
36377 123
36378 124
36379 124
36380 124
36381 124
36382 124
36383 124
36384 124
36385 124
36386 124
36387 124
36388 124
36389 124
36390 124
36391 124
36392 124
36393 124
36394 124
36395 124
36396 124
36397 124
36398 124
36399 124
36400 124
36401 124
36402 124
36403 124
36404 124
36405 125
36406 125
36407 126
36408 126
36409 126
36410 126
36411 127
36412 127
36413 127
36414 127
36415 127
36416 127
36417 127
36418 127
36419 128
36420 128
36421 128
36422 128
36423 129
36424 129
36425 130
36426 130
36427 130
36428 130
36429 130
36430 130
36431 130
36432 130
36433 130
36434 130
36435 130
36436 130
36437 130
36438 130
36439 131
36440 131
36441 132
36442 132
36443 132
36444 132
36445 132
36446 132
36447 132
36448 132
36449 132
36450 132
36451 132
36452 132
36453 132
36454 132
36455 132
36456 132
36457 132
36458 132
36459 132
36460 132
36461 133
36462 133
36463 134
36464 134
36465 135
36466 135
36467 135
36468 135
36469 135
36470 135
36471 135
36472 135
36473 135
36474 135
36475 135
36476 135
36477 135
36478 135
36479 136
36480 136
36481 136
36482 136
36483 136
36484 136
36485 136
36486 136
36487 137
36488 137
36489 138
36490 138
36491 138
36492 138
36493 138
36494 138
36495 138
36496 138
36497 138
36498 138
36499 139
36500 139
36501 139
36502 139
36503 139
36504 140
36505 140
36506 141
36507 141
36508 141
36509 141
36510 141
36511 141
36512 142
36513 142
36514 142
36515 142
36516 143
36517 143
36518 143
36519 143
36520 143
36521 143
36522 144
36523 144
36524 144
36525 144
36526 144
36527 144
36528 4
36529 4
36530 4
36531 4
36532 4
36533 4
36534 4
36535 4
36536 4
36537 4
36538 4
36539 4
36540 4
36541 4
36542 4
36543 4
36544 4
36545 4
36546 4
36547 4
36548 4
36549 4
36550 4
36551 4
36552 4
36553 4
36554 4
36555 4
36556 4
36557 4
36558 4
36559 4
36560 4
36561 4
36562 4
36563 4
36564 4
36565 4
36566 4
36567 4
36568 17
36569 4
36570 4
36571 4
36572 4
36573 4
36574 4
36575 4
36576 4
36577 4
36578 4
36579 56
36580 56
36581 56
36582 56
36583 56
36584 56
36585 17
36586 17
36587 17
36588 56
36589 56
36590 56
36591 56
36592 56
36593 4
36594 4
36595 56
36596 56
36597 56
36598 56
36599 56
36600 56
36601 56
36602 56
36603 56
36604 56
36605 56
36606 56
36607 56
36608 56
36609 56
36610 56
36611 56
36612 56
36613 56
36614 56
36615 56
36616 17
36617 17
36618 17
36619 17
36620 17
36621 56
36622 56
36623 56
36624 56
36625 56
36626 56
36627 56
36628 56
36629 56
36630 56
36631 56
36632 56
36633 56
36634 56
36635 56
36636 56
36637 56
36638 56
36639 56
36640 17
36641 17
36642 17
36643 17
36644 17
36645 17
36646 17
36647 17
36648 17
36649 17
36650 17
36651 17
36652 17
36653 17
36654 17
36655 17
36656 17
36657 17
36658 17
36659 17
36660 17
36661 17
36662 17
36663 17
36664 17
36665 17
36666 17
36667 17
36668 17
36669 17
36670 17
36671 17
36672 17
36673 17
36674 17
36675 17
36676 17
36677 17
36678 17
36679 17
36680 17
36681 17
36682 17
36683 17
36684 17
36685 17
36686 17
36687 17
36688 17
36689 4
36690 4
36691 17
