5241 14484
0 1547
0 2232
0 3850
1 2767
2 27
2 2229
2 3070
2 3894
2 4547
2 4988
3 770
3 3067
3 3920
3 4655
4 4603
5 279
5 937
5 2336
5 2601
5 2602
6 2219
6 3822
6 4947
6 5097
7 1602
8 4085
9 123
9 147
9 237
9 316
9 445
9 558
9 598
9 676
9 845
9 846
9 932
9 934
9 1270
9 1352
9 1400
9 1605
9 1813
9 1974
9 2242
9 2277
9 2464
9 2488
9 2526
9 2552
9 2564
9 2821
9 2866
9 2900
9 3043
9 3493
9 3500
9 3745
9 3770
9 3777
9 3891
9 4022
9 4057
9 4152
9 4166
9 4232
9 4281
9 4323
9 4407
9 4552
9 4600
9 4680
9 4980
9 5055
9 5147
10 123
10 147
10 316
10 445
10 558
10 598
10 676
10 845
10 932
10 1270
10 1352
10 1400
10 1605
10 1813
10 1974
10 2242
10 2277
10 2464
10 2488
10 2552
10 2564
10 2821
10 2866
10 2900
10 3043
10 3493
10 3500
10 3777
10 3891
10 4022
10 4057
10 4152
10 4166
10 4232
10 4281
10 4323
10 4407
10 4600
10 4680
10 4980
10 5055
10 5147
11 554
11 1348
11 1538
11 2610
11 3150
11 4779
11 5080
12 89
12 90
12 2300
12 4444
12 4684
12 4983
12 5148
13 973
13 3019
14 670
15 460
15 3148
16 3398
17 1668
17 1805
17 2423
17 3434
18 1791
18 2329
19 1087
19 4031
20 763
21 3618
22 394
22 474
22 494
22 519
22 521
22 895
22 977
22 1060
22 1298
22 1331
22 1475
22 1502
22 1555
22 1782
22 1893
22 1951
22 1983
22 2059
22 2492
22 2538
22 2845
22 2861
22 2904
22 2954
22 2955
22 3006
22 3096
22 3254
22 3522
22 3635
22 3685
22 3763
22 3833
22 3899
22 3959
22 4014
22 4156
22 4157
22 4268
22 4529
22 4770
22 4945
23 808
23 3240
23 3447
23 4103
23 4353
24 613
24 3014
25 39
25 3943
26 2437
27 554
27 2229
27 3070
28 432
28 678
28 2633
28 5020
29 1164
30 1085
30 2134
31 164
31 995
31 1422
31 1937
31 2665
31 2960
31 3028
31 3318
32 973
33 1489
33 2771
34 633
34 1427
34 1657
34 3306
35 339
35 780
35 827
35 1312
35 1986
35 2454
35 2523
35 2832
35 3076
35 4017
35 5232
36 3420
36 3712
36 3890
36 4517
36 4828
36 4846
37 1706
37 2753
37 3413
37 3451
38 3309
38 3729
39 632
39 2262
39 3943
40 3015
40 3891
41 2249
41 3362
42 749
42 3389
43 194
43 243
43 1975
43 2032
43 2533
43 3774
43 4168
43 4693
44 3961
44 4046
44 4745
45 1057
46 58
46 87
46 214
46 363
46 785
46 933
46 1415
46 1673
46 2823
46 3511
46 3595
46 3607
46 3734
46 3791
46 3938
46 4541
46 4582
47 347
47 4304
48 3453
48 4610
49 134
49 200
49 910
49 1636
50 2150
50 4609
50 4628
50 4643
51 1756
52 4054
52 4059
52 4492
53 1520
53 1802
54 2701
54 3543
55 115
55 1375
55 1438
55 1643
55 1833
55 1834
55 1874
55 1921
55 1959
55 3308
55 3345
55 3945
55 3963
55 4968
56 732
56 1700
56 2675
56 4768
56 4841
56 4893
57 633
57 1331
57 2116
57 2732
57 3758
57 3845
57 4405
58 87
58 214
58 363
58 785
58 933
58 1415
58 1673
58 2823
58 3511
58 3595
58 3607
58 3734
58 3791
58 3938
58 4541
58 4582
59 84
59 359
59 495
59 558
59 600
59 602
59 1162
59 1387
59 1724
59 1745
59 1922
59 2490
59 2866
59 2886
59 3016
59 3242
59 3337
59 3493
59 3698
59 4205
59 4232
59 4516
59 4552
59 4613
59 4693
59 4711
59 4831
59 4963
59 4980
59 5037
60 2500
61 1711
61 2075
61 3224
61 3228
62 268
62 663
62 981
62 2889
62 3316
62 3581
62 4470
63 2914
63 3336
64 1675
65 951
65 1096
65 4244
66 1535
67 554
67 1206
67 2624
67 2732
67 4415
68 1677
68 2604
68 4873
69 240
69 2005
69 5128
70 589
70 2339
70 2350
70 2966
70 3804
70 4095
71 277
71 529
71 2234
71 3007
71 3701
71 4153
71 4735
71 4836
72 3104
72 4833
73 1316
74 749
74 1346
75 1755
76 2768
76 3756
76 4437
76 4439
76 4944
77 2278
77 2585
78 1936
78 2133
78 3340
78 3452
78 4151
79 2989
79 4255
80 4286
81 306
81 1166
81 1241
81 2909
81 3455
81 3586
82 1404
82 3815
83 454
83 548
83 609
83 668
83 737
83 974
83 975
83 1170
83 1369
83 1569
83 1955
83 1964
83 2195
83 2198
83 2357
83 2708
83 2862
83 3446
83 3449
83 3490
83 3795
83 3858
83 3956
83 4130
83 4139
83 4295
83 4497
83 4885
83 5028
83 5065
84 133
84 600
84 676
84 2332
84 2464
84 2490
84 3770
84 4018
84 4205
84 4232
84 4552
84 4711
85 1182
85 3081
86 192
86 5138
87 214
87 363
87 785
87 933
87 1415
87 1673
87 2823
87 3511
87 3595
87 3607
87 3734
87 3791
87 3938
87 4541
87 4582
88 3392
88 4421
88 4733
89 2300
89 4684
89 4983
90 4444
91 462
91 1550
91 1680
92 2072
92 2948
92 3433
92 4361
93 1387
93 1986
93 2827
93 3027
93 3706
94 410
94 1271
94 1574
94 3205
94 3231
95 2757
96 4340
97 3059
98 2053
99 539
99 3243
100 778
100 1333
101 4029
101 4050
101 4308
102 310
102 1280
102 1609
102 2563
102 2801
102 3082
103 2773
104 923
104 1465
104 2948
104 3433
105 409
106 2637
107 2719
107 3371
108 1385
108 2715
108 3853
109 898
110 4025
111 117
111 416
111 532
111 629
111 707
111 922
111 948
111 1460
111 1988
111 2065
111 2085
111 2121
111 2193
111 2407
111 2651
111 2731
111 2747
111 2854
111 3279
111 3765
111 3953
111 4146
111 4147
111 4242
111 4598
111 4692
111 4902
111 4998
111 5023
111 5151
112 1761
113 189
113 235
113 354
113 1023
113 1228
113 2693
113 2743
113 2905
113 3206
113 3324
113 3954
113 4120
113 4243
114 227
114 346
114 938
114 1198
114 1396
114 1594
114 2630
114 3347
114 3350
114 4432
114 4712
115 1375
115 1438
115 1643
115 1833
115 1834
115 1874
115 1921
115 1959
115 3308
115 3345
115 3945
115 3963
115 4968
116 360
116 581
116 1919
116 3564
117 1988
117 2085
117 2193
117 2651
117 2731
117 4998
117 5151
118 2282
118 4869
119 1768
119 4145
120 379
120 440
120 696
120 919
120 1154
120 1181
120 1209
120 1318
120 1595
120 1699
120 2456
120 2480
120 2920
120 3336
120 3399
120 3878
120 3961
120 4206
120 4277
120 4591
120 4745
120 4767
120 4961
120 5240
121 3687
121 4798
122 351
122 919
122 3772
122 3961
122 4745
123 147
123 316
123 445
123 558
123 598
123 676
123 845
123 846
123 932
123 934
123 1270
123 1352
123 1400
123 1605
123 1768
123 1813
123 1974
123 2242
123 2277
123 2464
123 2488
123 2526
123 2552
123 2564
123 2821
123 2866
123 2900
123 3043
123 3493
123 3500
123 3777
123 3891
123 4022
123 4057
123 4152
123 4166
123 4232
123 4281
123 4323
123 4407
123 4552
123 4600
123 4680
123 4980
123 5055
123 5147
124 269
124 1015
124 2602
124 3960
125 2617
125 3912
126 1317
126 4743
127 196
127 437
127 1598
127 1692
127 1847
127 2347
127 2404
127 2469
127 2510
127 2631
127 3285
127 3310
127 3587
127 4202
127 4398
127 4809
128 4717
129 581
129 935
129 1203
129 1750
129 1891
129 2116
129 2298
129 2453
129 2502
129 2664
129 3075
129 3097
129 3133
129 3159
129 3552
129 3649
129 3829
129 4648
130 244
130 548
130 686
130 738
130 974
130 1109
130 1369
130 1854
130 2032
130 2140
130 2931
130 3123
130 3956
130 4744
130 4755
130 4883
130 5026
131 1211
132 857
132 1470
132 1949
132 2021
132 3080
132 3872
132 4772
133 155
133 920
133 1001
133 1428
133 1582
133 2084
133 2108
133 2331
133 2332
133 2408
133 2464
133 2494
133 2616
133 2647
133 3412
133 3449
133 3493
133 3751
133 3770
133 4018
133 4205
133 4392
133 4474
133 4516
133 4883
134 910
135 1330
135 3127
135 3827
135 4396
136 4857
137 457
137 1305
137 1717
137 1719
137 3581
137 3604
138 3745
139 3863
139 3872
140 4287
141 4786
142 875
142 1479
142 1750
142 1953
142 2461
142 3552
142 3844
142 5226
142 5236
143 4713
144 2851
145 3548
145 3957
146 3520
147 237
147 316
147 395
147 445
147 558
147 598
147 676
147 845
147 932
147 934
147 1043
147 1270
147 1352
147 1400
147 1605
147 1813
147 1901
147 1974
147 2242
147 2277
147 2464
147 2488
147 2552
147 2564
147 2598
147 2821
147 2866
147 2900
147 3043
147 3493
147 3500
147 3745
147 3770
147 3777
147 3891
147 3983
147 4022
147 4057
147 4152
147 4166
147 4232
147 4281
147 4323
147 4407
147 4552
147 4600
147 4680
147 4711
147 4751
147 4980
147 5055
147 5147
148 208
148 248
148 4465
149 2286
149 2952
149 3255
150 2580
150 4209
151 2606
151 3010
152 1326
152 2003
152 2370
152 2910
152 3133
152 3344
152 3920
152 4625
152 4725
153 515
153 2807
154 1932
154 3198
155 427
155 1001
155 1352
155 1369
155 2211
155 2332
155 2577
155 2808
155 3425
155 3689
155 4579
155 4694
156 3290
156 4780
157 2245
158 680
158 966
158 1504
158 1969
158 2031
158 2786
158 2795
158 2902
158 3165
158 3236
158 3272
158 4021
158 4408
158 4487
158 4509
159 3561
160 507
160 1158
160 2268
161 2728
161 3276
161 3912
162 739
162 1222
163 176
163 2233
164 995
164 1937
164 2960
164 3028
164 4987
165 2576
165 3393
165 3990
165 4525
166 4369
167 328
168 2573
168 4070
169 489
169 715
169 2855
169 2866
169 4508
170 1583
170 2400
170 2403
171 707
171 1797
171 2854
171 3398
172 4940
172 4956
173 511
173 3388
173 3634
174 1240
174 1946
175 294
175 1435
175 1565
175 2675
175 4539
175 4691
176 2233
177 1122
177 1193
177 2140
177 2790
177 4567
178 1473
178 1672
178 3346
178 3770
178 4260
179 1021
179 3150
179 4507
180 287
180 450
180 690
180 750
180 1049
180 1848
180 3731
181 3151
181 3727
182 1492
182 1732
183 1395
183 1473
184 1752
185 930
185 3386
185 4773
185 5175
185 5180
186 1369
186 2899
186 3123
186 4169
186 4680
186 4997
186 5091
187 695
187 837
187 1744
187 2886
187 3638
188 1035
188 1058
190 679
190 940
190 2706
190 3269
190 4488
190 4651
190 4695
190 4997
190 5075
191 316
191 1457
191 2036
191 3891
191 4281
191 4303
191 4629
192 5138
193 778
193 1234
193 4455
194 229
194 329
194 418
194 941
194 1036
194 1167
194 1286
194 1976
194 2387
194 2405
194 2585
194 2651
194 2812
194 3137
194 3645
194 4178
194 4183
194 4550
194 4641
194 4689
194 4819
194 4864
194 5066
194 5184
195 1824
195 3157
196 437
196 2347
196 2404
196 2510
196 4202
196 4398
196 4809
197 560
198 3803
199 1059
199 2485
199 3843
199 5173
200 303
200 499
200 514
200 706
200 896
200 954
200 1013
200 1029
200 1283
200 1308
200 1409
200 2076
200 2409
200 2802
200 2915
200 3020
200 3060
200 3062
200 3074
200 3476
200 3479
200 3674
200 3793
200 3962
200 4673
200 4935
200 4936
200 4959
201 345
201 2497
202 3631
203 331
203 3631
204 1996
204 2441
204 3723
204 3757
204 3965
204 4336
204 4570
205 1087
205 3406
206 682
206 1208
206 1924
206 2079
206 2672
206 2853
206 3145
206 4401
207 1803
208 248
208 4465
209 3359
210 859
210 5134
211 321
211 668
211 731
211 2847
211 2954
211 3628
211 3934
211 4775
211 4911
212 2143
212 2222
212 4735
213 561
213 1260
213 4179
214 363
214 785
214 933
214 1415
214 1673
214 2823
214 3511
214 3595
214 3607
214 3734
214 3791
214 3938
214 4541
214 4582
215 2500
216 1050
216 2639
216 3357
216 3664
216 3979
217 1489
217 2717
217 2780
217 3588
217 3788
217 4676
218 647
218 4669
219 619
219 2050
219 4752
220 892
220 925
220 1280
221 1839
221 3538
222 1582
222 1684
223 2361
224 1434
225 2128
225 2322
225 2545
226 234
226 1292
226 1441
226 1573
226 1575
226 2882
226 2883
226 3187
226 4099
227 247
227 1396
227 2870
227 3350
227 3598
227 4945
228 4184
229 281
229 851
229 941
229 2387
229 3167
229 3402
229 3667
229 4149
230 240
230 4847
230 5128
231 491
231 762
231 1290
231 1396
231 2996
231 3436
231 3754
231 4434
231 4608
231 4761
231 4884
231 4942
231 5195
232 3462
233 2388
233 2578
234 1441
234 3187
235 689
235 2053
235 2252
235 3882
235 4243
235 4429
235 5130
236 555
236 4267
237 558
237 600
237 682
237 1585
237 2225
237 2464
237 2588
237 2672
237 3267
237 3305
237 3745
237 3770
237 3779
237 4232
237 4613
238 1287
239 4410
240 312
240 433
240 786
240 1138
240 1244
240 1637
240 2005
240 2486
240 2543
240 2640
240 2810
240 2835
240 3079
240 3352
240 3995
240 4129
240 4359
240 4375
240 4467
240 4671
240 4847
240 5128
241 1921
241 2214
241 2442
241 2562
241 3548
241 4208
241 5220
242 1043
242 4204
242 4232
242 4312
242 4552
242 4711
242 4990
243 2032
243 3184
244 1101
244 4130
245 2389
245 2501
245 2519
245 2556
246 357
246 697
246 2007
246 2912
246 3200
246 3307
246 3533
246 4281
246 4803
246 5176
247 2870
247 3598
247 4945
248 1275
248 2911
248 3275
248 4279
248 4465
248 4583
249 341
249 2826
250 379
250 3318
250 4076
251 722
251 2040
251 2496
251 3724
251 4868
251 5049
252 301
252 897
252 2170
253 1364
253 2057
253 2871
254 543
254 545
254 662
254 751
254 755
254 757
254 998
254 1042
254 1277
254 1324
254 1334
254 1410
254 1526
254 1562
254 1714
254 1915
254 2559
254 2655
254 2667
254 2763
254 2798
254 2916
254 3489
254 3526
254 3529
254 3530
254 3576
254 3682
254 4489
254 4607
254 4909
254 4912
254 4934
254 5206
255 592
255 930
255 1603
255 1856
255 1984
255 2840
255 3434
255 4660
255 4773
255 4910
255 5180
256 328
256 797
256 4245
257 1009
257 3548
257 4245
257 4246
258 1361
258 3131
259 1280
259 1609
260 4328
261 636
261 3024
261 3201
261 3425
261 4126
262 1275
262 1495
262 2792
262 4112
263 1802
263 2998
264 3603
265 1322
266 4028
267 1234
268 663
268 981
268 3581
269 1398
269 3169
269 3259
270 1479
270 1613
270 2597
270 2851
270 4939
271 615
271 1934
272 874
273 1592
274 677
275 557
275 1856
275 1976
276 484
276 570
276 1435
276 1908
276 2032
276 3502
276 4067
277 529
277 2234
277 4153
278 707
278 3991
279 937
279 2336
279 2601
279 2602
279 3334
280 1869
280 3750
280 4112
281 972
281 1401
281 1468
281 3017
281 3932
281 4454
281 4797
281 5048
282 888
282 2204
283 3960
283 4245
284 3659
284 4047
284 4279
285 321
285 627
285 866
285 1008
285 1169
285 1202
285 1368
285 1500
285 1502
285 1872
285 2318
285 2436
285 2581
285 2601
285 2713
285 2732
285 2909
285 3172
285 3444
285 3519
285 3752
285 4001
285 4045
285 4062
285 4098
285 4156
285 4355
285 4548
285 4778
285 5004
285 5073
286 4203
287 450
287 497
287 690
287 750
287 1049
287 1838
287 1848
287 2761
287 2883
287 3731
288 1378
288 3312
289 610
289 707
289 2854
290 2118
290 4093
291 1473
291 1672
291 3770
292 2870
292 3650
292 3912
293 4382
293 4879
293 5070
294 1435
294 1565
294 2675
294 4539
294 4691
295 1036
295 1435
295 1738
295 2143
295 2175
295 2243
295 2433
295 3030
295 3031
295 3249
295 4438
295 4920
295 5194
295 5217
296 1687
296 4575
296 4658
296 4950
297 1217
297 1312
297 4226
298 1623
299 406
300 2380
300 2752
300 4653
302 2732
303 499
303 706
303 896
303 954
303 1029
303 1283
303 1308
303 2802
303 2915
303 3020
303 3060
303 3062
303 3074
303 3476
303 3479
303 3674
303 3793
303 3962
303 4673
303 4935
303 4936
303 4959
304 1189
304 1227
304 1624
304 1827
304 1844
304 2127
304 2597
304 2713
304 3075
304 3176
304 3567
304 3697
304 4452
304 4623
304 4790
304 4825
304 4927
304 4939
304 4986
305 1551
306 1403
306 2158
306 2909
306 2983
307 4919
308 2206
309 2741
309 4358
310 1280
310 1609
310 3895
310 4747
311 1280
311 4174
312 4359
312 4671
313 2650
313 2734
313 2949
313 3151
314 668
314 725
314 1563
314 2975
314 4295
314 4581
314 4838
315 1349
315 1469
316 445
316 558
316 598
316 676
316 845
316 932
316 934
316 1178
316 1270
316 1352
316 1400
316 1605
316 1813
316 1964
316 1974
316 2242
316 2277
316 2303
316 2464
316 2488
316 2552
316 2564
316 2821
316 2866
316 2900
316 3043
316 3493
316 3500
316 3544
316 3777
316 3891
316 4022
316 4057
316 4058
316 4152
316 4166
316 4232
316 4281
316 4303
316 4323
316 4407
316 4552
316 4600
316 4638
316 4680
316 4834
316 4979
316 4980
316 5055
316 5140
316 5147
317 819
317 1214
317 2352
317 4327
318 1089
318 1240
318 1856
318 3964
318 4475
318 4822
319 677
319 4633
319 5126
319 5139
320 540
320 2995
321 926
321 2732
321 2847
321 2954
321 3934
321 4775
321 4911
322 998
322 999
323 2534
324 2885
325 1632
325 2270
325 3280
325 3739
326 672
326 3470
326 4035
326 4421
326 4987
326 5091
327 2409
328 797
328 1009
328 1553
328 3534
328 4115
328 4245
328 5199
329 941
329 1167
329 1286
329 2405
329 2488
329 2585
329 3745
329 5026
329 5066
330 3887
331 3631
332 461
332 3601
332 3761
332 5169
333 639
333 782
333 1379
333 1394
333 2137
333 2702
333 4042
333 4207
334 857
334 1975
334 2166
334 3169
334 4183
334 4216
334 4597
335 1180
335 1616
335 3690
335 4545
336 375
336 1541
336 2106
336 2405
336 2809
336 3905
337 1856
337 2302
337 4190
338 1633
338 2907
338 3013
338 3150
338 3428
338 3973
338 4096
338 4174
339 2832
339 3076
339 4017
340 622
340 2139
341 2597
341 2826
342 1794
342 2746
343 679
343 1021
344 997
344 1107
345 1099
345 2497
345 3221
345 4393
346 3347
346 3350
347 4304
348 1329
349 4279
350 3836
350 5238
351 919
351 3772
351 3961
351 4519
351 4745
352 1907
352 1964
352 2805
353 1649
353 2411
354 1023
355 1703
356 2053
356 2542
357 697
357 2912
357 3200
357 3307
357 3533
357 4281
357 4803
357 5176
358 971
358 1397
358 2487
358 3121
358 4939
359 600
359 2490
359 3242
359 4232
359 4613
360 549
360 581
360 1919
360 2054
360 3564
360 4036
360 5165
361 399
361 1327
362 793
362 2400
363 785
363 933
363 1415
363 1673
363 2823
363 3511
363 3595
363 3607
363 3734
363 3791
363 3938
363 4541
363 4582
364 907
364 4390
365 837
366 2562
367 401
367 3083
367 3137
367 3334
367 3972
367 4037
367 4112
367 4245
367 4656
367 4668
368 2463
368 3072
369 1368
370 4833
371 1584
371 1624
371 1828
371 2213
371 2833
371 3827
371 4647
371 5034
372 2909
372 3586
373 539
373 3243
373 3244
373 3379
374 1895
374 4919
375 2405
375 2809
375 3905
376 547
377 4227
377 4905
378 857
378 1494
378 2023
378 3080
378 4533
378 4592
378 5003
379 440
379 919
379 1209
379 1877
379 2295
379 2665
379 3318
379 3336
379 3961
379 4076
379 4206
379 4530
379 4745
379 4767
379 4939
379 4961
379 5240
380 1960
380 3021
381 1909
381 4250
382 2137
382 3433
383 1601
383 1618
383 3064
384 2383
384 3801
385 1847
386 1720
386 4853
387 4759
388 1129
388 1185
388 1421
388 1654
388 3583
388 3996
388 5077
389 919
389 3961
389 4745
390 2587
390 4223
391 2117
391 3862
392 830
392 1522
392 3516
392 3637
393 4838
394 474
394 494
394 519
394 521
394 895
394 977
394 1060
394 1298
394 1331
394 1475
394 1502
394 1555
394 1782
394 1893
394 1951
394 1983
394 2059
394 2492
394 2538
394 2845
394 2861
394 2904
394 2954
394 2955
394 3006
394 3096
394 3254
394 3522
394 3635
394 3685
394 3763
394 3833
394 3899
394 3959
394 4014
394 4156
394 4157
394 4268
394 4529
394 4770
394 4945
395 558
395 2598
395 2866
395 4232
395 4407
395 4552
395 4980
396 1604
396 3853
396 4661
397 3575
397 4279
398 4272
399 1024
399 1327
399 1704
399 3022
399 3706
400 1625
400 3124
400 4161
401 729
401 764
401 1386
401 2849
401 3083
401 3129
401 3137
401 3333
401 3334
401 3972
401 4037
401 4112
401 4172
401 4245
401 4656
401 4668
402 1294
402 2884
403 715
403 929
403 3338
403 3580
404 718
404 1348
404 2984
404 4893
405 1993
405 4883
406 1778
406 1967
406 2063
406 2711
407 2464
407 2900
408 2332
409 903
409 1343
409 1419
409 1455
409 1656
409 1663
409 1719
409 2239
409 2576
409 2610
409 2815
409 2964
409 3103
409 3960
409 4476
410 3205
410 3231
411 1036
411 2745
412 848
412 2081
412 4245
413 1750
413 3133
414 824
414 1101
415 1518
416 629
416 2106
416 2121
417 605
417 896
417 902
417 1283
417 1441
417 2646
418 978
418 1088
418 1141
418 1675
418 1761
418 1880
418 2186
418 2412
418 2420
418 2537
418 2705
418 3681
418 3735
418 3736
418 4183
418 5225
419 1871
419 1970
419 1973
419 2390
419 3555
420 1289
421 4013
422 1557
423 1647
424 3803
425 5017
426 2324
427 1001
427 1352
427 1369
427 2211
427 2577
427 2808
427 3425
427 3689
427 4579
427 4694
427 4835
428 1936
428 3452
429 2619
429 3288
429 4217
429 4800
429 4932
430 4692
431 569
431 616
431 721
431 724
431 746
431 752
431 1309
431 1351
431 1464
431 1882
431 2399
431 2478
431 2574
431 2867
431 2927
431 2935
431 3114
431 3790
431 3970
431 4087
431 4240
431 4403
431 5005
432 907
432 1929
432 1986
432 2602
432 2633
432 3292
432 3385
432 4060
432 5020
433 696
433 1244
433 2486
433 2640
433 2771
433 2810
433 3177
433 4375
433 4467
433 4517
433 4671
433 4941
434 893
434 1059
434 1229
434 1686
434 2494
435 708
435 1537
435 2073
435 2858
435 3022
436 3113
436 4863
436 5196
437 2347
437 2404
437 2510
437 4202
437 4398
437 4809
438 1936
439 1267
439 1746
439 2888
439 3780
440 1209
440 3336
440 4767
440 4961
441 1731
441 4043
441 4246
441 4438
442 2880
442 3162
443 1976
443 2433
443 3394
443 4880
444 4072
445 558
445 598
445 676
445 845
445 932
445 934
445 1270
445 1352
445 1400
445 1605
445 1813
445 1974
445 2022
445 2242
445 2277
445 2464
445 2488
445 2552
445 2564
445 2735
445 2821
445 2866
445 2900
445 3043
445 3493
445 3500
445 3777
445 3891
445 4022
445 4057
445 4152
445 4166
445 4232
445 4281
445 4323
445 4407
445 4552
445 4600
445 4680
445 4980
445 5055
445 5147
446 447
446 3058
446 4288
447 2144
447 3058
447 4119
447 4288
448 873
448 4078
449 835
449 845
449 4604
449 4996
450 690
450 750
450 1049
450 1848
450 3731
451 1940
452 1707
453 1231
453 1253
453 1353
453 1764
453 2415
453 4019
453 4406
453 4957
454 548
454 974
454 975
454 1170
454 1569
454 1964
454 2195
454 2708
454 2862
454 3449
454 3795
454 3858
454 4130
454 4139
454 5028
454 5065
455 1493
455 1831
455 3289
455 3348
455 4871
456 2055
457 1021
457 1305
457 2046
457 2101
457 2354
457 3707
457 3726
457 4079
457 4162
457 4681
457 5046
457 5065
457 5071
458 612
458 3404
458 4919
459 3984
460 3148
461 1737
461 3601
461 3761
461 4928
461 5169
462 1550
462 1680
463 1713
463 2099
463 4889
463 4944
464 3123
464 4516
465 1338
465 1968
465 3492
466 2375
466 2376
466 3322
467 589
467 1282
467 2045
467 2966
467 3071
467 3812
467 5215
468 1623
469 3381
469 4965
470 2929
471 3699
471 4348
472 2042
472 3481
473 2585
473 3141
474 494
474 519
474 521
474 895
474 977
474 1060
474 1298
474 1331
474 1475
474 1502
474 1555
474 1782
474 1893
474 1951
474 1983
474 2059
474 2492
474 2538
474 2845
474 2861
474 2904
474 2954
474 2955
474 3006
474 3096
474 3254
474 3522
474 3635
474 3685
474 3763
474 3833
474 3899
474 3959
474 4014
474 4156
474 4157
474 4268
474 4529
474 4770
474 4945
475 4929
476 493
476 1634
476 3317
477 599
477 1192
478 2176
478 3118
478 4024
479 1164
480 2182
480 5067
481 4527
482 1590
483 936
484 794
484 1258
484 2032
484 2576
484 2622
484 3692
484 4067
484 4492
485 2182
485 4194
485 4537
486 488
486 3779
487 732
487 3329
487 4893
488 739
488 2653
488 3779
488 4444
489 715
489 2855
489 2866
489 3474
489 4232
489 4508
489 4980
490 702
490 883
490 884
490 3794
491 762
491 1290
491 1396
491 2996
491 3436
491 3754
491 4434
491 4608
491 4761
491 4884
491 4942
491 5195
492 1170
492 2032
492 3123
492 3880
492 5187
493 1425
493 1562
493 1634
493 1652
493 1754
493 2638
493 2794
493 2989
493 3317
493 3478
493 3506
493 4629
494 519
494 521
494 895
494 977
494 1053
494 1298
494 1331
494 1475
494 1555
494 1893
494 1951
494 1983
494 2059
494 2492
494 2845
494 2861
494 2904
494 2954
494 3096
494 3254
494 3522
494 3635
494 3685
494 3763
494 3833
494 3959
494 4014
494 4157
494 4268
494 4459
494 4507
495 4232
496 4086
497 750
497 1838
497 2761
497 2883
498 2791
498 2884
499 706
499 896
499 954
499 1029
499 1283
499 1308
499 2802
499 2915
499 3020
499 3060
499 3062
499 3074
499 3476
499 3479
499 3674
499 3793
499 3962
499 4673
499 4935
499 4936
499 4959
500 4451
501 794
501 1234
501 1668
501 2576
502 2715
502 3663
502 4112
503 2419
503 4417
503 4955
504 3799
505 974
505 2773
506 614
507 644
507 1158
507 2239
507 2268
508 1157
508 1389
508 1492
508 1740
508 3955
508 4454
508 4573
508 4768
508 4842
508 4919
509 1945
509 2168
509 2483
510 3713
510 3944
511 3388
511 3634
512 2002
512 2135
513 1732
513 2744
513 3647
513 3991
513 4415
514 2076
514 2409
516 2176
516 4024
516 4427
517 1328
517 1404
517 1586
517 2894
517 4409
517 4956
518 1327
518 1704
519 521
519 895
519 977
519 1060
519 1298
519 1331
519 1475
519 1502
519 1555
519 1782
519 1893
519 1951
519 1983
519 2059
519 2492
519 2538
519 2845
519 2861
519 2904
519 2954
519 2955
519 3006
519 3096
519 3254
519 3522
519 3635
519 3685
519 3763
519 3833
519 3899
519 3959
519 4014
519 4156
519 4157
519 4268
519 4529
519 4770
519 4945
520 2979
521 895
521 977
521 1060
521 1298
521 1331
521 1475
521 1502
521 1555
521 1782
521 1893
521 1951
521 1983
521 2059
521 2492
521 2538
521 2845
521 2861
521 2904
521 2954
521 2955
521 3006
521 3096
521 3254
521 3522
521 3635
521 3685
521 3763
521 3833
521 3899
521 3959
521 4014
521 4156
521 4157
521 4268
521 4529
521 4770
521 4945
522 585
522 3126
522 4535
522 4953
523 1009
523 1101
523 1684
523 2165
523 2650
523 2670
523 2909
523 3194
523 3468
523 3515
523 3565
524 876
525 3016
525 4415
526 1151
526 4384
526 4840
527 843
527 1974
527 2178
527 2498
527 2605
527 2900
527 3237
527 3737
527 4323
528 4637
529 2234
529 4153
530 5215
531 1254
531 1856
531 3286
532 2193
532 3279
532 3953
532 4998
533 1153
534 778
534 1818
534 2140
534 2617
534 3282
534 3693
535 794
535 1668
536 2078
537 1365
537 4716
537 5127
538 692
538 944
538 1041
538 1091
538 1918
538 2428
538 2541
538 4034
538 4073
538 4379
538 4886
539 3243
539 3244
540 2995
541 668
541 2146
542 696
542 1319
542 1501
542 2019
542 2480
542 3496
542 4158
542 4891
543 545
543 662
543 751
543 755
543 757
543 998
543 1042
543 1277
543 1324
543 1334
543 1410
543 1526
543 1562
543 1714
543 1915
543 2559
543 2655
543 2667
543 2763
543 2798
543 2916
543 3489
543 3526
543 3529
543 3530
543 3576
543 3682
543 4489
543 4607
543 4909
543 4912
543 4934
543 5206
544 4681
545 662
545 751
545 755
545 757
545 998
545 1042
545 1277
545 1324
545 1334
545 1410
545 1526
545 1562
545 1714
545 1915
545 2559
545 2655
545 2667
545 2763
545 2798
545 2916
545 3489
545 3526
545 3529
545 3530
545 3576
545 3682
545 4489
545 4607
545 4909
545 4912
545 4934
545 5206
546 4865
547 1378
547 1534
547 2806
547 3592
548 658
548 686
548 777
548 974
548 975
548 1001
548 1170
548 1369
548 1569
548 1609
548 1964
548 2032
548 2195
548 2408
548 2451
548 2464
548 2708
548 2862
548 3123
548 3128
548 3180
548 3337
548 3446
548 3449
548 3689
548 3795
548 3858
548 4130
548 4139
548 4205
548 4386
548 4411
548 4694
548 5028
548 5065
550 2830
550 4877
551 1626
551 2223
551 2583
551 2891
551 4536
551 4694
551 4964
552 1518
553 2159
553 4876
554 599
554 725
554 969
554 1052
554 1149
554 1206
554 1207
554 1348
554 1718
554 2119
554 2255
554 2590
554 2615
554 2692
554 2732
554 2739
554 2740
554 2832
554 2967
554 3150
554 3758
554 4220
554 4328
554 4455
554 4753
554 4768
554 5178
554 5204
554 5210
554 5218
555 4267
556 2613
556 3935
556 4987
557 1423
557 1856
558 598
558 600
558 676
558 682
558 845
558 932
558 934
558 949
558 1270
558 1352
558 1387
558 1400
558 1605
558 1724
558 1813
558 1922
558 1974
558 1986
558 2242
558 2277
558 2464
558 2488
558 2552
558 2564
558 2598
558 2672
558 2819
558 2821
558 2866
558 2900
558 3043
558 3237
558 3493
558 3500
558 3628
558 3745
558 3770
558 3777
558 3891
558 4022
558 4057
558 4152
558 4166
558 4187
558 4232
558 4281
558 4323
558 4407
558 4552
558 4600
558 4613
558 4680
558 4693
558 4980
558 5055
558 5147
559 581
562 2754
562 3169
562 3872
562 3879
563 1145
563 1483
563 1513
563 2024
564 599
564 1052
564 2832
564 3892
565 4499
566 1390
566 1914
566 2518
566 2742
567 1179
567 2678
567 3710
567 4510
568 1297
568 1336
568 1344
568 1727
568 4038
569 616
569 721
569 724
569 746
569 752
569 1309
569 1351
569 1464
569 1882
569 2399
569 2478
569 2574
569 2867
569 2927
569 2935
569 3114
569 3790
569 3970
569 4087
569 4240
569 4403
569 5005
570 1908
571 1117
571 3142
571 4394
572 728
572 3411
572 4020
573 1488
573 1489
573 2717
573 2886
573 5115
574 1437
574 1769
574 2084
574 2889
574 3108
574 3355
574 3615
574 4098
575 1527
576 2755
576 4986
577 1875
577 4972
578 651
578 2287
578 5182
579 1157
579 1492
579 1859
579 4454
580 770
580 1804
580 2435
580 4655
580 4665
581 792
581 1171
581 1588
581 1822
581 1824
581 1919
581 1934
581 2181
581 2670
581 3564
581 3668
581 4753
582 2243
582 3692
583 2261
583 5080
584 1003
584 5145
585 1432
585 1873
585 1961
585 2518
585 3126
585 3879
585 4116
585 4535
585 4953
585 5167
586 1189
586 2806
586 4257
587 1965
588 806
588 3017
589 892
589 925
589 1268
589 1280
589 1282
589 1662
589 1682
589 2045
589 2179
589 2339
589 2350
589 2966
589 3804
589 3812
589 4095
589 4308
590 2137
590 2607
590 3433
591 1243
591 3124
592 2243
592 3434
593 3502
593 4475
594 1976
595 3708
596 761
596 974
596 2420
596 2511
596 2676
596 2773
596 2812
596 3257
596 5147
597 1093
598 676
598 845
598 932
598 934
598 1270
598 1352
598 1400
598 1605
598 1813
598 1974
598 2242
598 2277
598 2464
598 2488
598 2552
598 2564
598 2821
598 2866
598 2900
598 3043
598 3493
598 3500
598 3777
598 3891
598 4022
598 4057
598 4152
598 4166
598 4232
598 4281
598 4323
598 4407
598 4552
598 4600
598 4680
598 4980
598 5055
598 5147
599 1052
599 1149
599 1192
599 1718
599 2692
599 2847
599 3518
600 682
600 1162
600 1387
600 1724
600 1922
600 2490
600 2672
600 2800
600 2866
600 3242
600 3493
600 3698
600 4232
600 4516
600 4552
600 4613
600 4693
600 4711
600 4980
601 911
602 3016
602 4552
603 1785
603 2114
604 1768
604 1802
605 896
605 1283
605 1441
605 2646
606 1413
606 2320
606 4896
607 1189
607 1230
607 1537
607 2713
607 2870
607 2970
607 3077
607 4444
607 4644
607 4819
608 963
608 5096
609 1220
609 1380
609 1501
609 1575
609 1751
609 2721
609 2907
609 3150
609 4507
609 4544
609 4891
610 707
610 2854
611 1260
611 3004
612 4473
613 707
613 1218
613 2216
613 4338
614 1167
614 1377
614 3166
614 4561
616 721
616 724
616 746
616 752
616 1309
616 1351
616 1464
616 1882
616 2399
616 2478
616 2574
616 2867
616 2927
616 2935
616 3114
616 3790
616 3970
616 4087
616 4240
616 4403
616 5005
617 1831
617 3005
617 3348
618 2341
618 2409
619 2050
619 4752
620 3314
620 3937
621 3630
621 4281
621 5179
622 1610
622 1634
622 2139
622 2300
622 4516
623 3747
624 801
625 714
626 4702
627 1331
627 2581
627 4355
628 812
628 1021
628 1380
628 1501
628 1506
628 2561
628 2728
628 2953
628 3390
628 3654
628 4825
628 4891
629 2106
629 2121
629 2407
630 3597
631 2475
631 3705
631 4898
633 893
633 1347
633 1427
633 1683
633 2142
633 2307
633 2879
633 3099
633 3180
633 3306
633 3467
633 3787
633 3845
633 4405
633 5191
634 3012
634 3802
635 1226
635 1881
635 2215
635 2729
636 1801
636 2637
636 3425
636 3689
636 4426
637 3872
638 2773
640 679
640 919
640 1020
640 3961
640 4745
641 2026
642 2386
643 4212
644 899
644 1226
644 1608
644 3355
644 4863
644 5196
645 2562
646 3869
648 2886
648 3337
648 4580
649 3917
650 871
650 3458
651 782
651 2287
651 2850
651 4042
651 5182
652 1341
652 1350
653 5082
654 2419
654 3110
655 723
655 749
655 2287
655 2762
655 3007
655 3084
656 968
656 984
656 1313
656 1670
656 1739
656 1800
656 1947
656 2272
656 3195
656 3574
656 3988
656 3993
656 4137
656 4420
656 4493
657 2273
657 2292
658 1470
658 4329
659 838
659 1675
659 2093
659 2681
659 3183
659 3371
659 4429
659 4987
659 5205
660 5089
661 2552
661 4699
662 751
662 755
662 757
662 998
662 1042
662 1277
662 1324
662 1334
662 1410
662 1526
662 1562
662 1714
662 1915
662 2559
662 2655
662 2667
662 2763
662 2798
662 2916
662 3489
662 3526
662 3529
662 3530
662 3576
662 3682
662 4489
662 4607
662 4909
662 4912
662 4934
662 5206
663 3581
664 899
664 2287
664 4042
665 4361
666 4593
666 4990
667 1184
667 3556
667 4714
668 737
668 778
668 1046
668 1505
668 1563
668 2146
668 2494
668 2847
668 4295
668 4497
668 4507
668 4885
669 1706
669 2280
669 4784
670 4957
671 1325
671 1396
671 3085
672 2610
672 3470
672 4362
672 4421
673 687
673 1083
673 1235
673 1611
673 1617
673 1650
673 1807
673 1953
673 2152
673 2914
673 3829
673 3986
673 4515
673 4687
673 4897
674 675
675 3330
676 845
676 932
676 934
676 1270
676 1352
676 1400
676 1605
676 1813
676 1974
676 2242
676 2277
676 2464
676 2488
676 2552
676 2564
676 2598
676 2821
676 2866
676 2900
676 3043
676 3493
676 3500
676 3777
676 3891
676 4022
676 4057
676 4152
676 4166
676 4232
676 4281
676 4323
676 4407
676 4552
676 4600
676 4680
676 4711
676 4751
676 4980
676 5055
676 5147
677 4633
677 5126
677 5139
679 1021
679 2706
679 3269
679 4488
679 4651
679 4695
679 4745
679 5075
680 966
680 1504
680 1969
680 2031
680 2786
680 2795
680 2902
680 3165
680 3236
680 3272
680 4021
680 4408
680 4487
680 4509
681 753
681 1381
681 4657
682 1605
682 1975
682 2225
682 2408
682 2464
682 2672
682 3770
682 4028
682 4232
682 4613
682 5055
682 5224
683 1228
683 2905
683 3206
684 2140
684 2721
684 3390
685 745
685 991
685 1489
685 2570
685 4075
686 1880
687 1953
687 2834
687 4451
687 4897
688 4730
689 1188
689 2053
689 2530
689 2773
689 5239
690 750
690 1049
690 1848
690 3731
691 2976
691 4243
692 4886
693 5213
694 696
694 2480
695 1071
695 1744
695 2054
695 3095
695 3346
695 3746
695 3950
696 711
696 1319
696 2004
696 2019
696 2480
696 2771
696 2803
696 2810
696 2846
696 3496
696 3915
696 4001
696 4158
696 4184
696 4222
696 4345
696 4531
696 4745
696 4771
697 2912
697 3200
697 3307
697 3533
697 4281
697 4803
697 5176
698 2310
698 2476
698 3995
699 1192
700 707
700 2854
701 1451
701 2509
701 2603
701 2995
701 3732
702 883
702 884
702 3794
703 2111
703 3477
704 3069
704 5068
705 2562
706 896
706 954
706 1029
706 1283
706 1308
706 2802
706 2915
706 3020
706 3060
706 3062
706 3074
706 3476
706 3479
706 3674
706 3793
706 3962
706 4673
706 4935
706 4936
706 4959
707 1227
707 1460
707 2854
707 3398
707 3662
707 3991
708 2073
709 963
709 1435
709 1667
709 1941
709 2979
709 3320
709 4310
709 4435
709 4440
710 953
710 1518
710 2773
710 3239
710 4660
710 4812
711 2480
711 4531
711 4771
712 932
712 2242
712 4166
712 4680
713 2756
714 2851
715 907
715 929
715 2855
715 2866
715 3338
715 3580
715 4250
715 4390
715 4508
715 4894
716 907
716 1567
716 1601
716 1642
716 1792
716 2602
716 3292
716 4819
717 1579
718 1348
718 2984
718 4893
719 3853
719 4661
720 775
720 894
720 1113
720 1213
720 1300
720 1335
720 1345
720 1414
720 1497
720 1517
720 1571
720 1740
720 1904
720 1907
720 2039
720 2090
720 2163
720 2267
720 2555
720 3404
720 3434
720 3465
720 3622
720 3780
720 3866
720 3906
720 4183
720 4191
720 4412
720 4478
720 4541
720 4569
720 4652
720 4734
720 4974
721 724
721 746
721 752
721 1309
721 1351
721 1464
721 1882
721 2399
721 2478
721 2574
721 2867
721 2927
721 2935
721 3114
721 3790
721 3970
721 4087
721 4240
721 4403
721 5005
722 2040
722 2496
722 3724
722 4868
722 5049
723 2287
723 3007
724 746
724 752
724 1309
724 1351
724 1464
724 1882
724 2399
724 2478
724 2574
724 2867
724 2927
724 2935
724 3114
724 3790
724 3970
724 4087
724 4240
724 4403
724 5005
725 1052
725 1476
725 2494
725 2975
725 3604
725 3749
725 3751
725 4228
725 4830
725 4838
726 937
726 1501
726 1979
727 2630
727 3350
727 3697
728 3411
728 4020
730 3658
730 3666
731 2847
732 967
732 1275
732 1348
732 1700
732 1796
732 2531
732 2911
732 3001
732 3329
732 4841
732 4893
733 1521
733 3912
734 1030
734 1420
734 1629
734 1695
734 1836
734 1947
734 2689
734 3927
734 4532
734 4994
734 5050
735 1240
735 3890
736 1143
736 3090
736 4393
736 4833
737 3446
738 1109
738 1854
738 2931
738 3956
738 4744
738 4755
738 4883
738 5026
739 1222
739 1465
739 2485
739 2515
739 2653
739 4269
740 2041
740 4851
741 3464
742 2760
742 3933
742 4736
743 981
743 2889
743 4862
744 1653
744 3216
744 3549
745 991
745 1489
745 2570
745 2817
745 4075
745 4632
746 752
746 1309
746 1351
746 1464
746 1882
746 2399
746 2478
746 2574
746 2867
746 2927
746 2935
746 3114
746 3790
746 3970
746 4087
746 4240
746 4403
746 5005
747 4590
748 1329
749 1275
749 1304
749 1346
749 1404
749 3083
749 3389
749 4825
750 1049
750 1838
750 1848
750 2761
750 2883
750 3731
751 755
751 757
751 998
751 1042
751 1277
751 1324
751 1334
751 1410
751 1526
751 1562
751 1714
751 1915
751 2559
751 2655
751 2667
751 2763
751 2798
751 2916
751 3489
751 3526
751 3529
751 3530
751 3576
751 3682
751 4489
751 4607
751 4909
751 4912
751 4934
751 5206
752 1309
752 1351
752 1464
752 1882
752 2399
752 2478
752 2574
752 2867
752 2927
752 2935
752 3114
752 3790
752 3970
752 4087
752 4240
752 4403
752 5005
753 1381
753 4657
754 1087
755 757
755 998
755 1042
755 1277
755 1324
755 1334
755 1410
755 1526
755 1562
755 1714
755 1915
755 2559
755 2655
755 2667
755 2763
755 2798
755 2916
755 3489
755 3526
755 3529
755 3530
755 3576
755 3682
755 4489
755 4607
755 4909
755 4912
755 4934
755 5206
756 991
757 998
757 1042
757 1277
757 1324
757 1334
757 1410
757 1526
757 1562
757 1714
757 1915
757 2559
757 2655
757 2667
757 2763
757 2798
757 2916
757 3489
757 3526
757 3529
757 3530
757 3576
757 3682
757 4489
757 4607
757 4909
757 4912
757 4934
757 5206
758 3015
758 4213
759 3206
759 3832
760 916
760 2820
760 5172
761 843
761 882
761 1948
761 1974
761 2676
761 2720
761 2938
761 3036
761 3257
761 3401
761 4413
761 4718
761 5001
761 5214
762 928
762 1290
762 1396
762 1832
762 2646
762 2799
762 2996
762 3436
762 3657
762 3754
762 3967
762 4434
762 4608
762 4761
762 4884
762 4942
762 5195
765 798
765 1065
765 3193
766 2391
767 3238
768 1592
768 2308
769 2773
770 3920
770 4655
771 1037
771 1527
771 2227
771 2473
771 3017
771 3155
771 4055
771 4639
772 4245
772 4258
773 3564
774 1189
774 2503
774 2567
775 894
775 1113
775 1345
775 1497
775 1571
775 1907
775 2090
775 2267
775 2555
775 3622
775 3866
775 3906
775 4183
775 4191
775 4412
775 4478
775 4541
775 4569
775 4734
776 2025
776 2472
776 3234
777 1609
777 1891
777 2408
777 2451
777 2464
777 3128
777 3689
777 4648
778 992
778 1205
778 1234
778 1248
778 1563
778 1916
778 2171
778 3232
778 3851
778 4312
778 4320
778 4455
778 4503
779 3851
780 827
780 1090
780 1194
780 2092
780 2115
780 4933
780 5232
781 2485
781 3676
781 4961
782 1326
782 1563
782 2137
782 2287
782 2850
782 4042
782 4953
782 5182
783 784
783 2773
784 974
784 1933
784 2773
785 933
785 1415
785 1673
785 2773
785 2823
785 3511
785 3595
785 3607
785 3734
785 3791
785 3938
785 4541
785 4582
786 3079
786 4129
787 5180
788 805
788 3247
789 3021
789 3377
789 4449
789 4617
790 2105
790 3257
790 4718
791 1910
791 2513
791 4103
792 1171
793 2400
794 1234
794 1668
794 2622
794 3999
795 3019
795 3332
796 1101
797 4245
799 3460
800 2858
800 2923
800 3788
801 1174
801 3130
801 3392
801 3936
802 1729
802 2094
802 5205
803 937
804 2612
805 1472
805 1794
805 2160
805 2746
805 3247
805 4045
805 4284
805 4798
805 5091
806 3017
807 1597
807 3416
808 4103
809 1172
809 4981
810 996
810 5203
811 2146
811 4171
811 4504
813 1057
813 3083
814 3389
814 4193
814 4777
815 1956
815 1957
816 1794
816 2593
816 4552
817 1897
817 5133
818 1453
818 4794
820 1352
821 4270
821 4290
821 5216
822 3692
823 1792
823 2013
823 2725
823 3157
823 3200
823 3202
823 4320
823 4425
823 4556
823 4628
823 4791
823 5106
823 5141
825 2354
825 2858
825 2859
825 3877
826 878
826 2683
826 4908
827 2066
827 2454
827 2713
827 2974
827 3548
827 5220
827 5232
828 2455
828 2633
828 3447
829 913
829 3628
829 3800
829 5119
830 1522
830 3516
830 3637
831 3223
831 3501
832 2579
832 4552
832 4732
832 5093
832 5154
833 4870
834 3208
834 4933
835 845
835 2754
835 3169
835 4604
836 4471
837 1744
837 3217
837 4919
838 2542
839 2093
839 2252
839 2540
839 4033
840 1887
840 2722
840 3513
840 4505
841 1063
841 2248
841 3365
841 4317
841 5143
842 3715
842 4785
843 1974
843 2178
843 2498
843 2605
843 2720
843 2900
843 3237
843 3257
843 3401
843 3737
843 4323
844 1979
844 1980
845 932
845 934
845 1270
845 1352
845 1400
845 1605
845 1813
845 1820
845 1890
845 1926
845 1974
845 2242
845 2277
845 2464
845 2488
845 2552
845 2564
845 2605
845 2821
845 2866
845 2900
845 3043
845 3237
845 3384
845 3493
845 3500
845 3741
845 3777
845 3891
845 4022
845 4057
845 4152
845 4166
845 4232
845 4281
845 4323
845 4407
845 4552
845 4600
845 4680
845 4980
845 5055
845 5147
846 961
846 2023
846 3080
846 5147
847 3572
848 2081
848 4245
849 3462
850 2695
851 1215
852 1435
852 1788
852 2500
852 2723
852 4895
853 2993
854 1320
854 4012
854 4013
854 5164
855 1103
855 1467
855 1530
855 2321
855 2358
855 3492
855 3523
855 4845
855 5188
856 3348
856 3594
856 4170
857 1066
857 1440
857 1470
857 1949
857 2023
857 2089
857 2565
857 2715
857 3080
857 3186
857 3192
857 3872
857 4373
857 4384
857 4974
858 1665
858 4321
859 5134
860 862
860 2252
860 2254
861 2336
861 3912
862 2252
862 2254
863 4900
864 1899
865 983
865 1075
865 3646
865 3660
865 4130
866 1169
866 1202
866 1368
866 3172
866 3752
866 5004
866 5073
867 2658
867 3744
868 4369
869 4106
870 1406
870 1840
870 3652
871 3458
872 1084
872 1086
872 4963
873 4078
875 1479
875 5226
877 1079
877 1280
877 1495
877 4112
878 2018
878 2683
878 3545
878 4908
879 4857
880 3621
881 1312
881 2602
881 4644
882 4413
883 884
883 3794
884 3794
885 1891
885 2502
886 4796
887 1291
887 4913
887 5051
888 907
888 3407
888 3789
889 1227
889 4933
890 1722
890 2137
890 3810
890 5235
891 1076
891 2550
891 3066
892 925
892 1275
892 1280
892 1472
892 1824
892 3140
892 5230
893 1347
893 1686
893 2879
893 3099
894 1113
894 1345
894 1497
894 1571
894 1907
894 2090
894 2267
894 2555
894 3622
894 3866
894 3906
894 4183
894 4191
894 4412
894 4478
894 4541
894 4569
894 4734
895 977
895 1298
895 1331
895 1475
895 1555
895 1893
895 1951
895 1983
895 2059
895 2492
895 2845
895 2861
895 2904
895 2954
895 3096
895 3254
895 3522
895 3635
895 3685
895 3763
895 3833
895 3959
895 4014
895 4157
895 4268
896 902
896 954
896 1029
896 1283
896 1308
896 1438
896 1441
896 1501
896 2646
896 2802
896 2915
896 3020
896 3060
896 3062
896 3074
896 3431
896 3476
896 3479
896 3674
896 3793
896 3962
896 4082
896 4673
896 4825
896 4935
896 4936
896 4959
899 2287
899 2532
899 4863
899 5196
900 2162
900 3238
901 2127
901 3644
901 4220
901 5029
902 1283
902 1441
903 1719
903 4750
904 3281
904 4895
905 1270
906 1964
907 1601
907 1929
907 1986
907 2602
907 2787
907 2937
907 3292
907 3385
907 3407
907 3789
907 4214
907 4390
907 4819
907 4986
908 1280
908 1495
908 1921
908 2214
908 2792
908 3659
908 4112
908 4887
909 1881
909 2642
909 2843
909 4250
909 4436
912 1228
912 2905
912 3206
913 3628
913 3800
913 5119
914 2860
915 1009
915 1553
916 1564
916 1748
916 2410
916 2523
916 2820
916 2852
916 3628
916 4644
916 5172
917 3876
917 4281
917 4997
917 5176
918 4094
918 4886
919 1020
919 3772
919 3961
919 4745
920 1088
920 2494
920 2613
920 3751
920 4312
921 993
922 3765
924 1021
924 1176
924 1306
924 3991
925 1268
925 1280
925 1456
925 3639
926 2732
927 2507
927 3174
928 1832
928 2646
928 2799
928 3436
928 3657
928 3967
928 4608
928 5195
929 3338
929 3580
930 3386
930 4773
930 5180
931 1299
932 1270
932 1352
932 1400
932 1605
932 1813
932 1974
932 2242
932 2277
932 2464
932 2488
932 2552
932 2564
932 2821
932 2866
932 2900
932 3043
932 3493
932 3500
932 3619
932 3777
932 3891
932 4022
932 4057
932 4152
932 4166
932 4232
932 4281
932 4323
932 4407
932 4600
932 4680
932 4980
932 5055
932 5147
933 1415
933 1673
933 2823
933 3511
933 3595
933 3607
933 3734
933 3791
933 3938
933 4541
933 4582
934 1270
934 1352
934 1400
934 1605
934 1813
934 1974
934 2242
934 2277
934 2464
934 2488
934 2552
934 2564
934 2821
934 2866
934 2900
934 3043
934 3493
934 3500
934 3777
934 3891
934 4022
934 4057
934 4152
934 4166
934 4232
934 4281
934 4323
934 4407
934 4552
934 4600
934 4680
934 4980
934 5055
934 5147
935 1598
935 1750
935 2298
935 3133
935 3285
935 3552
935 3587
936 1297
936 2092
936 2115
936 3447
936 3599
936 4382
936 4954
937 938
937 1207
937 1501
937 1661
937 1979
937 2336
937 2467
937 2581
937 2601
937 2602
937 2710
937 2909
937 3334
937 3423
937 4045
937 4521
937 4986
938 3350
939 4071
939 4919
940 4997
941 952
941 989
941 1603
941 2387
941 3025
941 3328
941 3461
941 3645
941 3788
941 3883
941 3971
941 4028
941 4419
941 4550
941 4962
941 5184
942 4974
943 2054
943 2675
943 3823
944 1839
944 1918
944 2428
944 2909
944 4886
945 1092
945 1407
945 1563
945 2502
945 2581
945 3066
945 4296
945 4473
945 4491
945 4640
945 4806
945 5006
946 2445
947 1994
947 2131
947 2493
948 2407
948 2651
949 1605
949 1974
949 2464
949 2552
949 2819
949 2900
949 3237
949 3770
949 4187
949 4323
949 5055
950 3679
951 1096
951 4244
952 3788
954 1029
954 1283
954 1308
954 2802
954 3020
954 3060
954 3062
954 3074
954 3476
954 3674
954 3793
954 3962
954 4936
954 4959
955 1594
955 3631
955 3868
956 3557
956 4462
957 3600
958 4102
959 1284
959 2889
960 3627
960 4686
960 4963
961 1372
961 1511
961 2045
961 2527
961 2560
961 2966
961 3029
961 3486
961 3786
962 4938
963 2832
963 4440
963 5096
964 1168
964 1856
965 2710
965 3982
966 1504
966 1969
966 2031
966 2786
966 2795
966 2902
966 3165
966 3236
966 3272
966 4021
966 4408
966 4487
966 4509
967 1796
967 2531
968 984
968 1313
968 1670
968 1739
968 1800
968 1947
968 3195
968 3988
968 3993
968 4420
969 2739
969 5178
970 2198
971 1397
971 2487
971 3121
971 4939
972 3589
972 3991
972 5136
973 3019
973 4672
974 975
974 1170
974 1369
974 1569
974 1964
974 2195
974 2708
974 2773
974 2862
974 3449
974 3795
974 3858
974 3956
974 4130
974 4139
974 4694
974 5028
974 5065
975 1001
975 1170
975 1569
975 1964
975 2195
975 2708
975 2862
975 3449
975 3795
975 3858
975 4130
975 4139
975 4205
975 5028
975 5065
976 3276
976 3841
977 1060
977 1298
977 1331
977 1475
977 1502
977 1555
977 1782
977 1893
977 1951
977 1983
977 2059
977 2492
977 2538
977 2845
977 2861
977 2904
977 2954
977 2955
977 3006
977 3096
977 3254
977 3522
977 3635
977 3685
977 3763
977 3833
977 3899
977 3959
977 4014
977 4156
977 4157
977 4268
977 4529
977 4770
977 4945
978 1761
978 1880
979 3788
979 4967
980 4773
980 5180
981 1880
981 2889
981 3581
981 4862
982 1053
982 4507
983 1075
983 3646
983 3660
983 3722
983 4130
984 1313
984 1670
984 1739
984 1800
984 1947
984 2272
984 3195
984 3574
984 3988
984 3993
984 4137
984 4420
984 4493
985 1187
985 1403
985 3264
985 3948
986 4080
986 4522
987 2990
987 3642
987 3819
987 5234
988 3968
988 3980
988 4709
989 3025
989 3461
989 3971
989 4028
989 4419
989 4962
990 1275
990 3012
990 3224
990 3226
990 3228
990 3229
990 4619
991 2570
991 2840
991 3571
992 1248
992 1648
992 1686
992 1916
992 2140
992 2401
992 3830
992 4318
992 4674
993 1649
994 1089
994 3717
995 1615
995 1937
995 2839
995 3951
996 5203
997 1107
998 999
998 1042
998 1277
998 1324
998 1334
998 1410
998 1526
998 1562
998 1714
998 1915
998 2559
998 2655
998 2667
998 2763
998 2798
998 2916
998 3489
998 3526
998 3529
998 3530
998 3576
998 3682
998 4489
998 4607
998 4909
998 4912
998 4934
998 5206
1000 1937
1001 1186
1001 1352
1001 1369
1001 1494
1001 2108
1001 2211
1001 2577
1001 2616
1001 2808
1001 3425
1001 3449
1001 3689
1001 4205
1001 4579
1001 4694
1001 4835
1001 4883
1002 2155
1002 2248
1002 2544
1003 2501
1003 4435
1003 4991
1003 5145
1003 5152
1004 1053
1004 1674
1004 4435
1005 2089
1005 2246
1005 2353
1006 1508
1006 1805
1006 4975
1007 2381
1007 2486
1008 1493
1008 1852
1008 2243
1008 2394
1008 2500
1008 3753
1008 4204
1008 4602
1008 5208
1009 1040
1009 1553
1009 1638
1009 2092
1009 2115
1009 2165
1009 2365
1009 2527
1009 2705
1009 2713
1009 3153
1009 3154
1009 3209
1009 3315
1009 3493
1009 3534
1009 3848
1009 3889
1009 4246
1009 4381
1009 4700
1009 4802
1009 4939
1009 5105
1010 1011
1012 1940
1012 2164
1012 3196
1014 1585
1014 3192
1015 2602
1015 3960
1016 3628
1016 4447
1017 1429
1017 2672
1017 3192
1017 4613
1017 4852
1018 2914
1018 3075
1019 2541
1019 3264
1019 3363
1020 3961
1020 4745
1021 1089
1021 1199
1021 1258
1021 1306
1021 1856
1021 2046
1021 2076
1021 2117
1021 2919
1021 3150
1021 3273
1021 3640
1021 3700
1021 3872
1021 4130
1021 4159
1021 4162
1021 4891
1021 4919
1021 4949
1021 5003
1021 5046
1021 5065
1022 1668
1024 1327
1025 4326
1026 4174
1027 2223
1028 1913
1029 1283
1029 1308
1029 2802
1029 2915
1029 3020
1029 3060
1029 3062
1029 3074
1029 3476
1029 3479
1029 3674
1029 3793
1029 3962
1029 4673
1029 4935
1029 4936
1029 4959
1030 1420
1030 1629
1030 1695
1030 1836
1030 1947
1030 2689
1030 3054
1030 3927
1030 4008
1030 4177
1030 4402
1030 4532
1030 4994
1030 5050
1030 5058
1031 2058
1031 3056
1031 3837
1031 3888
1031 4060
1031 4072
1031 4251
1031 5020
1032 2439
1033 1034
1033 1774
1034 1774
1035 1058
1036 1038
1036 1518
1036 1552
1036 1563
1036 1976
1036 2190
1036 2433
1036 2745
1036 2773
1036 2878
1036 3042
1036 3520
1036 3821
1036 4121
1036 5105
1037 2473
1038 2651
1038 2745
1038 3821
1038 4121
1039 2100
1040 2046
1040 4381
1041 1918
1041 2541
1041 4886
1042 1277
1042 1324
1042 1334
1042 1410
1042 1526
1042 1562
1042 1714
1042 1915
1042 2559
1042 2655
1042 2667
1042 2763
1042 2798
1042 2916
1042 3489
1042 3526
1042 3529
1042 3530
1042 3576
1042 3682
1042 4489
1042 4607
1042 4909
1042 4912
1042 4934
1042 5206
1043 2866
1043 4232
1043 4552
1043 4711
1043 4990
1044 2670
1044 4454
1045 1412
1046 4507
1047 2764
1047 4966
1048 1516
1048 2169
1048 2536
1048 2774
1048 3553
1049 1848
1049 3731
1050 3357
1050 3664
1050 3979
1051 1164
1051 2777
1051 3446
1052 1054
1052 1121
1052 3593
1052 3758
1052 4742
1052 4903
1053 1674
1053 4435
1053 4507
1054 2685
1054 3593
1054 4903
1055 2623
1055 5004
1056 1760
1056 2486
1056 4389
1057 1260
1057 3083
1057 4455
1058 4940
1059 1193
1059 1229
1059 1459
1059 1793
1059 2485
1059 2494
1059 2688
1059 3843
1059 4838
1059 5173
1060 1298
1060 1331
1060 1475
1060 1555
1060 1782
1060 1951
1060 1983
1060 2059
1060 2492
1060 2538
1060 2861
1060 2904
1060 2954
1060 2955
1060 3006
1060 3096
1060 3254
1060 3522
1060 3635
1060 3899
1060 3959
1060 4014
1060 4156
1060 4157
1060 4529
1060 4770
1060 4945
1061 2199
1061 4266
1061 4566
1062 1356
1062 3807
1062 3897
1062 5015
1063 4065
1063 4317
1064 1549
1064 2773
1065 1436
1065 1519
1065 1892
1065 4192
1065 4840
1066 1470
1066 1949
1067 3335
1067 4069
1068 2472
1068 2773
1069 4448
1070 2876
1070 3922
1071 2054
1072 1630
1072 1845
1072 2479
1072 3648
1072 3786
1072 4167
1073 3007
1074 2243
1074 2462
1074 3180
1075 3646
1075 3660
1075 3722
1075 4130
1076 2550
1077 1078
1077 4589
1078 4589
1079 1280
1079 1495
1079 4112
1079 5220
1080 2534
1081 1285
1082 1352
1083 1235
1083 1242
1083 1650
1083 2433
1083 4897
1084 1086
1084 4963
1085 2134
1086 1548
1086 4963
1087 3348
1087 3406
1087 4031
1087 4118
1087 4195
1087 4796
1087 4989
1088 1141
1088 1600
1088 2186
1088 2494
1088 3150
1088 3506
1088 3892
1088 4806
1088 4838
1089 1408
1089 1563
1089 1603
1089 1856
1089 2053
1089 2582
1089 2919
1089 3717
1089 4118
1089 4211
1089 4243
1089 4503
1089 4660
1089 4663
1089 4682
1089 4822
1089 4976
1090 1194
1090 2092
1090 2115
1091 1918
1091 4073
1091 4886
1092 1407
1093 5031
1094 1584
1095 1221
1096 3361
1096 4244
1097 2398
1098 3075
1099 4393
1100 1414
1100 2878
1100 2896
1100 3838
1101 1848
1101 2525
1101 3230
1101 3468
1101 3748
1101 4130
1101 4247
1101 4883
1101 4926
1102 3613
1103 1228
1103 1530
1103 2905
1103 3206
1103 3494
1103 3498
1103 4845
1104 1840
1104 2224
1104 3658
1105 2562
1106 3656
1108 4513
1109 1854
1109 2931
1109 3956
1109 4744
1109 4755
1109 4883
1109 5026
1110 2021
1110 3952
1111 1753
1112 2071
1112 2230
1112 3320
1113 1345
1113 1497
1113 1571
1113 1907
1113 2090
1113 2267
1113 2555
1113 3622
1113 3866
1113 3906
1113 4183
1113 4191
1113 4412
1113 4478
1113 4541
1113 4569
1113 4734
1114 3618
1115 4172
1116 1179
1116 2634
1116 4131
1117 3142
1117 3160
1117 4394
1117 4859
1118 1684
1119 2776
1120 1387
1120 1730
1120 3144
1120 4516
1121 3758
1121 4742
1122 1193
1122 2123
1122 2140
1122 2519
1122 2790
1122 4367
1122 4567
1123 2726
1123 4349
1124 2224
1124 3658
1125 1175
1125 4123
1126 1578
1126 1768
1126 2243
1126 2691
1126 3579
1126 4540
1127 2483
1127 3605
1127 4176
1128 3040
1129 1185
1129 1654
1129 3583
1129 3996
1130 1160
1130 3246
1130 4956
1131 2662
1131 2813
1132 1197
1132 1342
1132 1687
1133 4235
1134 1794
1134 2746
1135 1759
1135 4007
1136 1505
1136 4805
1136 5038
1137 1690
1138 1812
1138 2543
1138 2835
1138 3352
1139 1721
1140 1225
1141 2186
1142 1221
1142 2235
1142 3320
1142 5170
1143 3090
1143 4833
1144 1466
1144 1585
1144 1598
1144 2379
1144 2686
1144 3587
1144 4699
1145 1483
1145 1513
1145 2024
1146 1472
1146 3525
1146 3968
1146 4666
1146 4792
1146 5227
1147 1481
1147 1920
1147 2349
1147 4741
1148 2503
1148 2586
1149 2692
1149 2847
1149 3518
1149 4897
1150 2354
1151 4384
1151 4840
1152 3578
1154 1181
1154 2456
1155 2167
1156 1508
1156 1563
1156 1565
1156 1934
1156 2181
1156 2212
1156 4573
1156 4753
1157 1492
1157 1508
1157 1563
1157 1859
1157 1934
1157 4454
1157 4573
1157 4683
1158 2268
1159 2714
1159 3296
1159 3930
1160 3246
1160 4956
1161 4807
1162 1387
1162 3493
1162 4232
1162 4516
1162 4613
1163 1369
1164 1227
1164 1358
1164 1803
1164 1844
1164 2777
1164 4195
1164 4796
1164 4797
1164 4989
1165 4631
1165 4797
1166 2909
1167 1286
1167 1377
1167 1552
1167 2405
1167 2585
1167 4561
1167 5066
1168 1856
1169 1368
1169 5004
1170 1569
1170 1964
1170 2032
1170 2195
1170 2304
1170 2708
1170 2862
1170 3123
1170 3449
1170 3689
1170 3795
1170 3858
1170 4130
1170 4139
1170 5028
1170 5065
1172 4981
1173 2095
1173 2591
1173 3265
1173 5117
1174 3130
1175 4123
1176 1856
1177 4537
1178 1237
1178 1417
1178 1963
1178 4281
1178 4303
1178 4834
1179 2634
1179 2678
1179 3710
1179 3810
1179 4131
1179 4510
1180 1616
1180 3690
1180 4545
1181 2456
1182 3081
1183 1297
1184 2863
1184 4714
1185 1654
1185 3583
1185 3996
1186 1494
1187 1403
1187 3264
1187 3948
1189 1227
1189 1230
1189 1514
1189 1900
1189 2503
1189 2567
1189 2572
1189 2806
1189 2928
1189 3924
1189 4440
1189 4525
1189 4644
1190 2793
1191 2540
1192 1476
1192 1501
1192 2436
1192 2514
1192 2600
1192 2954
1192 3892
1192 4067
1192 4775
1192 4891
1192 4901
1193 1459
1193 2140
1193 2335
1193 2688
1193 3298
1193 4919
1194 2115
1195 1472
1196 3395
1197 1342
1197 1687
1197 2393
1197 3403
1197 3606
1198 1594
1198 2630
1198 4432
1200 2179
1200 4023
1200 4184
1200 4384
1201 2464
1201 5236
1202 1368
1202 3172
1202 3752
1202 5004
1202 5073
1203 1750
1203 3075
1203 3133
1204 2077
1205 1565
1205 1890
1205 1934
1205 2181
1205 2337
1205 3777
1205 4753
1206 2255
1207 1665
1207 2261
1207 2725
1207 2740
1207 3518
1207 4321
1207 4986
1208 2672
1209 3336
1209 4164
1209 4206
1209 4767
1209 5240
1210 3499
1211 1909
1211 2687
1211 4913
1212 3984
1214 4327
1216 4212
1216 4535
1217 1312
1217 1479
1217 3847
1217 4226
1217 4886
1218 3260
1219 1444
1219 2431
1220 1380
1221 5170
1222 3961
1222 4745
1223 2231
1223 2783
1223 3071
1224 2665
1224 3318
1224 4076
1226 1881
1226 2729
1226 3355
1226 3958
1227 1230
1227 1514
1227 1601
1227 1844
1227 2572
1227 2713
1227 2777
1227 2806
1227 2928
1227 3173
1227 3176
1227 3924
1227 3983
1227 4183
1227 4351
1227 4440
1227 4451
1227 4525
1227 4560
1227 4644
1227 4819
1227 4933
1228 1296
1228 1530
1228 2140
1228 2158
1228 2905
1228 3045
1228 3206
1228 3390
1228 3494
1228 4120
1228 4952
1228 5059
1228 5141
1229 2494
1230 2572
1230 2602
1230 2713
1230 2806
1230 3176
1230 3913
1230 4183
1230 4644
1230 4650
1230 4819
1230 4972
1231 1253
1231 1353
1231 1568
1231 1764
1231 2241
1231 2415
1231 2749
1231 3675
1231 4019
1231 4027
1231 4406
1231 4957
1231 5098
1232 1771
1232 2319
1232 2751
1232 3806
1233 1940
1233 2417
1234 1563
1234 1668
1234 1934
1234 3180
1234 3851
1234 4043
1234 4455
1234 4667
1235 4897
1236 2001
1236 4215
1237 1417
1237 1963
1237 4281
1238 3462
1238 4481
1239 1936
1239 2200
1239 3452
1239 4823
1239 5122
1240 1946
1240 2865
1240 3502
1240 3796
1240 3890
1240 3964
1240 4475
1240 5054
1241 2909
1242 2433
1242 2521
1242 2773
1243 3124
1244 2486
1244 2640
1244 4467
1244 4671
1245 3437
1246 4221
1247 1634
1247 2172
1247 3294
1247 3327
1247 3891
1247 4303
1247 4516
1247 4834
1247 4837
1247 5148
1248 1686
1248 1916
1248 4318
1248 4674
1249 1815
1250 2183
1250 2430
1251 2727
1251 2816
1251 4110
1252 1491
1252 2506
1252 2922
1252 2977
1252 3210
1252 3505
1253 1353
1253 1764
1253 2415
1253 4019
1253 4406
1253 4957
1255 4016
1256 3884
1256 3980
1257 1616
1258 3692
1258 4492
1259 1503
1259 5043
1259 5070
1260 1572
1260 2143
1260 2810
1260 3004
1260 3031
1260 3104
1260 3656
1260 3677
1260 3697
1260 3966
1260 4107
1260 4531
1261 2765
1261 2954
1261 3004
1261 3670
1262 1831
1262 3348
1262 4758
1262 4946
1263 3931
1263 4971
1264 2886
1264 3337
1264 3911
1265 1452
1266 1814
1266 3241
1267 1746
1267 2354
1267 2888
1267 3780
1267 4162
1268 1280
1269 4221
1269 4225
1270 1352
1270 1400
1270 1605
1270 1813
1270 1974
1270 2242
1270 2277
1270 2464
1270 2488
1270 2552
1270 2564
1270 2821
1270 2866
1270 2900
1270 3043
1270 3493
1270 3500
1270 3777
1270 3891
1270 4022
1270 4057
1270 4152
1270 4166
1270 4232
1270 4281
1270 4323
1270 4407
1270 4552
1270 4600
1270 4680
1270 4980
1270 5055
1270 5147
1271 1574
1271 3205
1271 3231
1271 4797
1272 3955
1273 1333
1274 2129
1274 2257
1274 4425
1274 5121
1275 2911
1275 3224
1275 3226
1275 3229
1275 3275
1275 4279
1275 4583
1276 3616
1276 4891
1276 4920
1277 1324
1277 1334
1277 1410
1277 1526
1277 1562
1277 1714
1277 1915
1277 2559
1277 2655
1277 2667
1277 2763
1277 2798
1277 2916
1277 3489
1277 3526
1277 3529
1277 3530
1277 3576
1277 3682
1277 4489
1277 4607
1277 4909
1277 4912
1277 4934
1277 5206
1278 2779
1278 3836
1279 1315
1279 1560
1280 1456
1280 1495
1280 1609
1280 1987
1280 2214
1280 2563
1280 2801
1280 3082
1280 3566
1280 3639
1280 3659
1280 3895
1280 4067
1280 4112
1280 4279
1280 4463
1280 4475
1280 4730
1280 4747
1280 4887
1281 1803
1282 2966
1283 1308
1283 1438
1283 1441
1283 2646
1283 2802
1283 2915
1283 3020
1283 3060
1283 3062
1283 3074
1283 3431
1283 3476
1283 3479
1283 3674
1283 3793
1283 3962
1283 4673
1283 4935
1283 4936
1283 4959
1284 1509
1284 3163
1284 3419
1284 3540
1286 2405
1286 2585
1286 5066
1288 2058
1288 3056
1290 1396
1290 2996
1290 3436
1290 3754
1290 4434
1290 4608
1290 4761
1290 4884
1290 4942
1290 5195
1291 4221
1292 1573
1292 2882
1292 2883
1292 4099
1293 2549
1294 2884
1295 2685
1296 2905
1296 3045
1296 3206
1297 1336
1297 1344
1297 1727
1297 3214
1297 3599
1297 4038
1297 4954
1298 1331
1298 1475
1298 1502
1298 1555
1298 1782
1298 1893
1298 1951
1298 1983
1298 2059
1298 2492
1298 2538
1298 2845
1298 2861
1298 2904
1298 2954
1298 2955
1298 3006
1298 3096
1298 3254
1298 3522
1298 3635
1298 3685
1298 3763
1298 3833
1298 3899
1298 3959
1298 4014
1298 4156
1298 4157
1298 4268
1298 4529
1298 4770
1298 4945
1299 1693
1299 2346
1299 2684
1299 2956
1299 3119
1299 4105
1299 4769
1300 1740
1300 3404
1301 2934
1302 1474
1302 4231
1303 4198
1304 1328
1304 1404
1304 1586
1304 2894
1304 3815
1305 2046
1305 2101
1305 3707
1307 4451
1308 2802
1308 2915
1308 3020
1308 3060
1308 3062
1308 3074
1308 3476
1308 3479
1308 3674
1308 3793
1308 3962
1308 4673
1308 4935
1308 4936
1308 4959
1309 1351
1309 1464
1309 1882
1309 2399
1309 2478
1309 2574
1309 2867
1309 2927
1309 2935
1309 3114
1309 3790
1309 3970
1309 4087
1309 4240
1309 4403
1309 5005
1310 1424
1310 3651
1311 3565
1312 1986
1312 2436
1312 2454
1312 2523
1312 2602
1312 4226
1312 4644
1312 4882
1313 1670
1313 1739
1313 1800
1313 1947
1313 2272
1313 3195
1313 3574
1313 3988
1313 3993
1313 4137
1313 4420
1313 4493
1314 1433
1314 1482
1314 1666
1314 2322
1314 2617
1314 4710
1316 3300
1316 3740
1316 4370
1316 5161
1316 5183
1317 4743
1318 1595
1318 2790
1318 4262
1318 4277
1318 5044
1319 2480
1319 3496
1319 3828
1319 4158
1319 5079
1320 4012
1320 4013
1320 5164
1321 1614
1323 2781
1324 1334
1324 1410
1324 1526
1324 1562
1324 1714
1324 1915
1324 2559
1324 2655
1324 2667
1324 2763
1324 2798
1324 2916
1324 3489
1324 3526
1324 3529
1324 3530
1324 3576
1324 3682
1324 4489
1324 4607
1324 4909
1324 4912
1324 4934
1324 5206
1325 1396
1325 3085
1325 3436
1325 4159
1326 1563
1326 2137
1326 2370
1326 4539
1327 1704
1327 2332
1327 2870
1327 3022
1327 3543
1327 3636
1327 3706
1327 4186
1327 5238
1328 1404
1328 1586
1328 2894
1328 3815
1328 4956
1329 2575
1329 4269
1329 4369
1330 1719
1330 1840
1330 3127
1331 1475
1331 1502
1331 1555
1331 1782
1331 1893
1331 1951
1331 1983
1331 2059
1331 2116
1331 2492
1331 2538
1331 2845
1331 2861
1331 2904
1331 2954
1331 2955
1331 3006
1331 3096
1331 3254
1331 3522
1331 3635
1331 3685
1331 3758
1331 3763
1331 3833
1331 3899
1331 3959
1331 4014
1331 4111
1331 4156
1331 4157
1331 4268
1331 4355
1331 4529
1331 4770
1331 4901
1331 4945
1332 4663
1332 5014
1333 1880
1333 4667
1333 4896
1333 5018
1334 1410
1334 1526
1334 1562
1334 1714
1334 1915
1334 2559
1334 2655
1334 2667
1334 2763
1334 2798
1334 2916
1334 3489
1334 3526
1334 3529
1334 3530
1334 3576
1334 3682
1334 4489
1334 4607
1334 4909
1334 4912
1334 4934
1334 5206
1336 1344
1336 1727
1336 4038
1337 1374
1337 2665
1337 3318
1338 1968
1338 3492
1339 1645
1339 2640
1339 4867
1340 1935
1342 1687
1342 3125
1342 3403
1342 3606
1343 1663
1343 1719
1344 1727
1344 4038
1345 1497
1345 1571
1345 1907
1345 2090
1345 2267
1345 2555
1345 3622
1345 3866
1345 3906
1345 4183
1345 4191
1345 4412
1345 4478
1345 4541
1345 4569
1345 4734
1346 2044
1347 2879
1347 3099
1348 1700
1348 2228
1348 2814
1348 2984
1348 4841
1348 4893
1349 1469
1351 1464
1351 1882
1351 2399
1351 2478
1351 2574
1351 2867
1351 2927
1351 2935
1351 3114
1351 3678
1351 3764
1351 3790
1351 3970
1351 4087
1351 4240
1351 4403
1351 5005
1352 1369
1352 1400
1352 1605
1352 1616
1352 1813
1352 1947
1352 1974
1352 2211
1352 2242
1352 2277
1352 2464
1352 2488
1352 2525
1352 2552
1352 2564
1352 2577
1352 2808
1352 2821
1352 2866
1352 2900
1352 3043
1352 3068
1352 3153
1352 3425
1352 3493
1352 3500
1352 3689
1352 3777
1352 3891
1352 3956
1352 3993
1352 4022
1352 4057
1352 4137
1352 4152
1352 4166
1352 4232
1352 4281
1352 4323
1352 4407
1352 4532
1352 4552
1352 4579
1352 4583
1352 4600
1352 4680
1352 4694
1352 4980
1352 5055
1352 5147
1353 1764
1353 2415
1353 4019
1353 4406
1353 4957
1354 2147
1354 4416
1354 5125
1355 3739
1355 4539
1355 4766
1356 3807
1356 3897
1356 5015
1357 2005
1359 1698
1359 2430
1359 4873
1360 4939
1360 4957
1361 2177
1361 2939
1361 3131
1361 3457
1361 4578
1362 2886
1363 2737
1363 3410
1363 3629
1364 2057
1364 2871
1365 2285
1365 4715
1365 4716
1365 5127
1366 2060
1366 2754
1366 3169
1367 1981
1368 3172
1368 3752
1368 4332
1368 5004
1368 5073
1369 1964
1369 2109
1369 2211
1369 2577
1369 2808
1369 2812
1369 3123
1369 3425
1369 3426
1369 3490
1369 3689
1369 3956
1369 4169
1369 4526
1369 4579
1369 4680
1369 4694
1369 4697
1369 4811
1369 4974
1369 4997
1370 2074
1371 2585
1372 2527
1372 3786
1373 2269
1374 2665
1374 3318
1375 1438
1375 1643
1375 1833
1375 1834
1375 1874
1375 1921
1375 1959
1375 3308
1375 3345
1375 3945
1375 3963
1375 4968
1376 3578
1377 4561
1378 1534
1378 2806
1378 3199
1378 3439
1378 3592
1378 4729
1380 2728
1380 2907
1380 4544
1380 4825
1381 2629
1381 2818
1381 4219
1381 4657
1382 1733
1382 4721
1383 4328
1384 1938
1385 2715
1385 3853
1386 3083
1387 1619
1387 1730
1387 1986
1387 2047
1387 2069
1387 2332
1387 2625
1387 2827
1387 2866
1387 3016
1387 3027
1387 3144
1387 3493
1387 3706
1387 3891
1387 4232
1387 4341
1387 4516
1387 4552
1387 4613
1387 4711
1388 4951
1389 2440
1389 3620
1389 3955
1389 4588
1389 5086
1389 5156
1390 2742
1391 3764
1391 4808
1392 1580
1392 2248
1392 4446
1392 4740
1393 2021
1393 2379
1393 3507
1394 2474
1394 2517
1394 3291
1394 4207
1395 1473
1395 3770
1396 2049
1396 2996
1396 3085
1396 3350
1396 3436
1396 3754
1396 4159
1396 4434
1396 4608
1396 4761
1396 4884
1396 4942
1396 5195
1397 2487
1397 3121
1397 4939
1398 3169
1399 4753
1400 1605
1400 1813
1400 1974
1400 2242
1400 2277
1400 2464
1400 2488
1400 2552
1400 2564
1400 2821
1400 2866
1400 2900
1400 3043
1400 3493
1400 3500
1400 3777
1400 3891
1400 4022
1400 4057
1400 4152
1400 4166
1400 4232
1400 4281
1400 4323
1400 4407
1400 4552
1400 4600
1400 4680
1400 4980
1400 5055
1400 5147
1402 2877
1403 2213
1403 2983
1403 3264
1403 3948
1404 1586
1404 2894
1404 3815
1404 4409
1404 4956
1405 1641
1405 2980
1405 4961
1406 1840
1406 3652
1408 4243
1409 3674
1410 1526
1410 1562
1410 1714
1410 1915
1410 2559
1410 2655
1410 2667
1410 2763
1410 2798
1410 2916
1410 3489
1410 3526
1410 3529
1410 3530
1410 3576
1410 3682
1410 4489
1410 4607
1410 4909
1410 4912
1410 4934
1410 5206
1411 2284
1411 4468
1411 4597
1413 2320
1413 4896
1414 2878
1414 2896
1414 3434
1414 3465
1414 3838
1415 1673
1415 2823
1415 3511
1415 3595
1415 3607
1415 3734
1415 3791
1415 3938
1415 4541
1415 4582
1416 2581
1417 1963
1417 4281
1418 2387
1418 3647
1418 3779
1418 3991
1419 2610
1420 1629
1420 1695
1420 1836
1420 1947
1420 2689
1420 3054
1420 3927
1420 4008
1420 4177
1420 4402
1420 4532
1420 4994
1420 5050
1420 5058
1421 5077
1422 2665
1422 3318
1424 3651
1425 1634
1425 2794
1425 3506
1426 3980
1427 3306
1428 1880
1428 2357
1428 2647
1428 2670
1428 3121
1428 3123
1428 4180
1428 4303
1428 4516
1428 4834
1428 5031
1428 5061
1428 5069
1429 2157
1429 3798
1429 3872
1429 4974
1430 1793
1430 4572
1431 2520
1431 2797
1431 4323
1431 5233
1432 1605
1432 1961
1432 2291
1432 2379
1432 2552
1432 3260
1432 3261
1432 3879
1432 3991
1432 4356
1432 4641
1433 2322
1433 2500
1433 2617
1435 1454
1435 1565
1435 1853
1435 2032
1435 2500
1435 2675
1435 2842
1435 2979
1435 3320
1435 3465
1435 3502
1435 4380
1435 4435
1435 4438
1435 4539
1435 4583
1435 4691
1435 4925
1435 5194
1436 3867
1436 4192
1438 1643
1438 1833
1438 1834
1438 1874
1438 1921
1438 1959
1438 2646
1438 3308
1438 3345
1438 3431
1438 3945
1438 3963
1438 4968
1439 1922
1439 1964
1440 1470
1440 1949
1441 2646
1441 3187
1441 4082
1442 1869
1442 3440
1442 3750
1443 5210
1444 2431
1445 4643
1445 5213
1446 2429
1446 5106
1446 5149
1447 1888
1447 2028
1447 2318
1447 4425
1448 1449
1448 2856
1448 3053
1448 3203
1448 3348
1448 3373
1448 4002
1448 4224
1448 4636
1448 5020
1449 2856
1449 3053
1449 3203
1449 3373
1449 4636
1450 2028
1450 2130
1450 2145
1450 2418
1450 3378
1450 5158
1453 4794
1454 3004
1454 3213
1454 5194
1455 2964
1455 3103
1456 3639
1457 1943
1457 2009
1457 2036
1457 3115
1457 3117
1457 4303
1457 4612
1457 4627
1457 5106
1457 5148
1458 1533
1458 2479
1459 2335
1459 2688
1459 3298
1460 2854
1461 4496
1461 4840
1462 4285
1463 1914
1463 4522
1464 1882
1464 2399
1464 2478
1464 2574
1464 2867
1464 2927
1464 2935
1464 3114
1464 3790
1464 3970
1464 4087
1464 4240
1464 4403
1464 5005
1465 4269
1467 3492
1468 3017
1468 4454
1468 4797
1468 5048
1470 1949
1470 4180
1470 4573
1470 5069
1470 5082
1471 2630
1471 3350
1472 1489
1472 2205
1472 2562
1472 2576
1472 2962
1472 4045
1472 4284
1472 4953
1472 5227
1473 1478
1473 1672
1473 2585
1473 2812
1473 3346
1473 3719
1473 3770
1473 4260
1474 1531
1474 2973
1474 3679
1474 4231
1475 1502
1475 1555
1475 1782
1475 1893
1475 1951
1475 1983
1475 2059
1475 2492
1475 2538
1475 2845
1475 2861
1475 2904
1475 2954
1475 2955
1475 3006
1475 3096
1475 3254
1475 3522
1475 3635
1475 3685
1475 3763
1475 3833
1475 3899
1475 3959
1475 4014
1475 4156
1475 4157
1475 4268
1475 4529
1475 4770
1475 4945
1476 3604
1476 3684
1476 4067
1476 5056
1477 4974
1478 3745
1478 3770
1479 1613
1479 2851
1479 3847
1479 5226
1480 2278
1480 3397
1481 1920
1481 2349
1482 1498
1482 1666
1482 1679
1482 2322
1482 2445
1482 2601
1482 2617
1482 2618
1482 2710
1482 3093
1482 4282
1482 4577
1482 4710
1482 4986
1483 1513
1483 2024
1484 1487
1484 4097
1485 2644
1485 2886
1485 3105
1485 3283
1485 3346
1485 3678
1485 3764
1485 3824
1485 4040
1486 4250
1487 4097
1489 1831
1489 2205
1489 2460
1489 2483
1489 2602
1489 2717
1489 2771
1489 2780
1489 3005
1489 3044
1489 3323
1489 3588
1489 3767
1489 3788
1489 4091
1489 4208
1489 4422
1489 4424
1489 4676
1489 5115
1490 3706
1491 2506
1491 2922
1491 2977
1491 3210
1491 3505
1492 1859
1492 4454
1492 4573
1493 1831
1493 3348
1494 1565
1494 1583
1494 1724
1494 1799
1494 2023
1494 2403
1494 2773
1494 2828
1494 2969
1494 2992
1494 3080
1494 3405
1494 4533
1494 4539
1494 4592
1494 5003
1495 2792
1495 4112
1495 5220
1496 3023
1497 1571
1497 1907
1497 2090
1497 2267
1497 2555
1497 3622
1497 3866
1497 3906
1497 4183
1497 4191
1497 4412
1497 4478
1497 4541
1497 4569
1497 4734
1498 2268
1498 2639
1498 3038
1498 3093
1498 3150
1498 3404
1498 3604
1498 3768
1498 4126
1498 4628
1498 4842
1498 4919
1499 1974
1499 2552
1500 4045
1501 1575
1501 2728
1501 2737
1501 2953
1501 3150
1501 3636
1501 3898
1501 3914
1501 4067
1501 4825
1501 4891
1502 1555
1502 1951
1502 2059
1502 2492
1502 2581
1502 2861
1502 2904
1502 2954
1502 3006
1502 3254
1502 3522
1502 3635
1502 3959
1502 4014
1502 4156
1502 4355
1502 4770
1502 4945
1503 3152
1503 5043
1503 5070
1504 1969
1504 2031
1504 2786
1504 2795
1504 2902
1504 3165
1504 3236
1504 3272
1504 4021
1504 4408
1504 4487
1504 4509
1505 4805
1506 2728
1506 3654
1506 4825
1507 3991
1508 1563
1508 1565
1508 1805
1508 1934
1508 2181
1508 3180
1508 4752
1508 4753
1508 4975
1509 2553
1509 2694
1509 3540
1509 4838
1509 5006
1510 2016
1511 2045
1511 2179
1511 2966
1511 3812
1511 4760
1512 3871
1512 4618
1513 2024
1513 2645
1514 2713
1515 3052
1517 1904
1517 4974
1518 1976
1518 2433
1518 2668
1518 2773
1518 2841
1518 4537
1518 5168
1519 1783
1519 1892
1520 1802
1521 3912
1522 3516
1522 3637
1523 2027
1523 4126
1523 4320
1523 4628
1524 2056
1524 2481
1524 3885
1525 1779
1525 2105
1525 2901
1525 2981
1525 3122
1525 3743
1525 4441
1526 1562
1526 1714
1526 1915
1526 2559
1526 2655
1526 2667
1526 2763
1526 2798
1526 2916
1526 3489
1526 3526
1526 3529
1526 3530
1526 3576
1526 3682
1526 4489
1526 4607
1526 4909
1526 4912
1526 4934
1526 5206
1527 1922
1527 2227
1527 2464
1527 3017
1527 4323
1527 5025
1528 1529
1530 2905
1530 3206
1530 3494
1530 3498
1530 4845
1532 3908
1532 4849
1533 2479
1533 3665
1533 5032
1534 2713
1534 2806
1534 2932
1534 3592
1534 4875
1536 3128
1537 2073
1537 2713
1537 4451
1538 2610
1539 3192
1539 3596
1539 3879
1540 2649
1540 2986
1541 2809
1541 3905
1542 1543
1544 2374
1544 3355
1544 5196
1545 4072
1546 1635
1546 4251
1548 4963
1549 2773
1550 1680
1552 2721
1552 3042
1552 3697
1552 4891
1552 5066
1553 3188
1553 3820
1553 4115
1554 2766
1554 4117
1555 1782
1555 1893
1555 1951
1555 1983
1555 2059
1555 2492
1555 2538
1555 2845
1555 2861
1555 2904
1555 2954
1555 2955
1555 3006
1555 3096
1555 3254
1555 3522
1555 3635
1555 3685
1555 3763
1555 3833
1555 3899
1555 3959
1555 4014
1555 4156
1555 4157
1555 4268
1555 4529
1555 4770
1555 4945
1556 2499
1558 1561
1558 2729
1559 2282
1559 2425
1559 2634
1559 3491
1559 3717
1559 3870
1561 2729
1562 1634
1562 1714
1562 1915
1562 2559
1562 2655
1562 2667
1562 2763
1562 2798
1562 2916
1562 3489
1562 3506
1562 3526
1562 3529
1562 3530
1562 3576
1562 3682
1562 4489
1562 4607
1562 4909
1562 4912
1562 4934
1562 5206
1563 1862
1563 1934
1563 1990
1563 1991
1563 2027
1563 2137
1563 2334
1563 2617
1563 2878
1563 3492
1563 3688
1563 3835
1563 4030
1563 4320
1563 4503
1563 4510
1563 4581
1563 4752
1563 5018
1563 5052
1565 1934
1565 2123
1565 2185
1565 2627
1565 2675
1565 3331
1565 3693
1565 3830
1565 4539
1565 4690
1565 4691
1566 3814
1567 2602
1568 2241
1568 2415
1568 2749
1568 3675
1568 4027
1568 4957
1568 5098
1569 1964
1569 2195
1569 2708
1569 2862
1569 3449
1569 3795
1569 3858
1569 4130
1569 4139
1569 5028
1569 5065
1570 3916
1570 4827
1571 1907
1571 2090
1571 2267
1571 2555
1571 3622
1571 3866
1571 3906
1571 4183
1571 4191
1571 4412
1571 4478
1571 4541
1571 4569
1571 4734
1572 2143
1572 2810
1572 3031
1572 3697
1572 4531
1573 2882
1573 2883
1573 4099
1574 3205
1575 2953
1575 2991
1575 3150
1575 3634
1575 4282
1575 4670
1575 4891
1576 3358
1576 3589
1577 4369
1578 1768
1578 3579
1578 4540
1579 2243
1579 2670
1579 2812
1579 4535
1579 5193
1580 2248
1580 4446
1580 4740
1581 2348
1583 2400
1583 2403
1584 3827
1584 3926
1585 2225
1585 2379
1585 2464
1585 3192
1585 3267
1585 3268
1585 3305
1585 3745
1585 3770
1585 4699
1586 2894
1586 4913
1587 2353
1587 3339
1589 2382
1589 3736
1590 2535
1591 1649
1591 1749
1592 2308
1592 3002
1593 2240
1593 3475
1593 3497
1593 3601
1594 2630
1594 3631
1594 3868
1594 4432
1594 5084
1595 4277
1596 3929
1596 4458
1597 3416
1598 1902
1598 2461
1598 2510
1598 3285
1598 3585
1598 3587
1599 3465
1599 4679
1600 2186
1600 3600
1600 3664
1600 4694
1601 1618
1601 2174
1601 3064
1601 3292
1601 3975
1601 4819
1602 4324
1602 4325
1603 1856
1603 2181
1603 2812
1603 2840
1603 4660
1603 4753
1604 3853
1604 4644
1604 4661
1605 1813
1605 1974
1605 1975
1605 2022
1605 2242
1605 2277
1605 2464
1605 2488
1605 2552
1605 2564
1605 2735
1605 2819
1605 2821
1605 2866
1605 2900
1605 3043
1605 3237
1605 3493
1605 3500
1605 3770
1605 3777
1605 3891
1605 4022
1605 4057
1605 4152
1605 4166
1605 4187
1605 4232
1605 4281
1605 4323
1605 4407
1605 4552
1605 4600
1605 4680
1605 4980
1605 5055
1605 5147
1605 5224
1606 3778
1607 5012
1608 3355
1609 2092
1609 2729
1609 2801
1609 2970
1609 3128
1609 3304
1609 4463
1609 4730
1609 4747
1610 1634
1610 2300
1610 4516
1612 4496
1612 4840
1613 2851
1613 3847
1616 1947
1616 1974
1616 2576
1616 3068
1616 3690
1616 3956
1616 3993
1616 4137
1616 4532
1616 4545
1616 4641
1617 4550
1618 3064
1619 2047
1619 3016
1619 3891
1619 4232
1619 4516
1619 4552
1619 4711
1620 1730
1620 2046
1620 2047
1621 4917
1622 3775
1622 4184
1624 2127
1624 2713
1624 4986
1625 3124
1625 4161
1626 2223
1626 2891
1626 4694
1626 4964
1627 2910
1627 4601
1628 4236
1629 1695
1629 1836
1629 1947
1629 2689
1629 3927
1629 4532
1629 4994
1629 5050
1630 2023
1630 2822
1631 2589
1632 2270
1632 3280
1632 3739
1633 2907
1633 4482
1634 1652
1634 1754
1634 2300
1634 2638
1634 2794
1634 2989
1634 3317
1634 3327
1634 3478
1634 3506
1634 4516
1634 4629
1634 5190
1635 4251
1636 2713
1636 2736
1637 2190
1637 4568
1637 4847
1637 5128
1638 2527
1638 3158
1638 3534
1638 4115
1638 4969
1639 4238
1640 2760
1641 2980
1641 4961
1642 1792
1643 1833
1643 1834
1643 1874
1643 1921
1643 1959
1643 3308
1643 3345
1643 3945
1643 3963
1643 4968
1644 2930
1644 3270
1644 4486
1644 4708
1645 2640
1645 2810
1645 4867
1645 4941
1646 3706
1648 2401
1648 3830
1648 4674
1649 1749
1649 2411
1649 2685
1649 3535
1651 3355
1652 2794
1652 4629
1653 3216
1654 3583
1654 3996
1655 3128
1656 2964
1656 3978
1656 4154
1657 2586
1657 4806
1658 2450
1658 4796
1659 2905
1660 2585
1660 4694
1660 5060
1661 4045
1662 2045
1662 2966
1663 1719
1664 2601
1664 2602
1665 2261
1665 4321
1666 2322
1666 2617
1666 4492
1666 4710
1668 1805
1668 1885
1668 2423
1668 2461
1668 3999
1668 4108
1668 4337
1669 4921
1670 1739
1670 1800
1670 1947
1670 2272
1670 3195
1670 3574
1670 3988
1670 3993
1670 4137
1670 4175
1670 4411
1670 4420
1670 4493
1670 4595
1671 3546
1671 5185
1672 3770
1672 4260
1673 2823
1673 3511
1673 3595
1673 3607
1673 3734
1673 3791
1673 3938
1673 4541
1673 4582
1674 4435
1675 2999
1675 3681
1676 1802
1677 4873
1678 3212
1679 2445
1679 4282
1681 1742
1683 2142
1683 2307
1683 3467
1683 3787
1683 5007
1683 5191
1684 2628
1684 2669
1684 2832
1684 3723
1684 3757
1684 4130
1685 4906
1686 1916
1687 4575
1687 4658
1688 1872
1688 4435
1689 1696
1689 1816
1689 1831
1689 2599
1689 2717
1689 2858
1689 3005
1689 3147
1689 3348
1689 3773
1689 4685
1689 4758
1691 4002
1692 2510
1692 3310
1692 4809
1693 2346
1693 2684
1693 2956
1693 4105
1693 4769
1694 3456
1694 3991
1694 4641
1695 1836
1695 1947
1695 2689
1695 3927
1695 4532
1695 4994
1695 5050
1696 2599
1696 3773
1697 3080
1698 1905
1698 2430
1698 4873
1699 4745
1700 4893
1701 1780
1701 2208
1702 1897
1702 1982
1702 3823
1704 3022
1704 3706
1705 5160
1706 2280
1706 2753
1706 3413
1706 3451
1706 4784
1706 4953
1708 2124
1708 3718
1708 4300
1709 2406
1709 5215
1710 2576
1711 2075
1712 2958
1712 3487
1713 4889
1713 5129
1713 5155
1714 1915
1714 2559
1714 2655
1714 2667
1714 2763
1714 2798
1714 2916
1714 3489
1714 3526
1714 3529
1714 3530
1714 3576
1714 3682
1714 4489
1714 4607
1714 4909
1714 4912
1714 4934
1714 5206
1715 2659
1715 3925
1715 4896
1716 3304
1717 3581
1719 1840
1719 2656
1719 2857
1719 3604
1719 3628
1719 4750
1720 4853
1722 2137
1722 3810
1722 5235
1723 2085
1724 2023
1724 2828
1724 2866
1724 3405
1724 3745
1724 3770
1724 3771
1724 4232
1724 4978
1724 4980
1725 2981
1726 2725
1726 4312
1727 3214
1727 3250
1727 4038
1727 4528
1728 1956
1728 5087
1728 5090
1729 5205
1730 2046
1730 2047
1730 3733
1730 4516
1731 4246
1733 4184
1733 4721
1734 2170
1734 4254
1735 1765
1736 5100
1737 1996
1737 2441
1737 3601
1737 3723
1737 3757
1737 3761
1737 4928
1738 4920
1738 5194
1738 5217
1739 1800
1739 1947
1739 3195
1739 3988
1739 3993
1739 4420
1740 3404
1740 4919
1741 3492
1742 4283
1742 5237
1743 2709
1744 3169
1744 3950
1745 2886
1745 3337
1745 3825
1745 4831
1745 4923
1745 5037
1746 2354
1746 2888
1746 3780
1746 4162
1747 3550
1747 3601
1747 4409
1748 2820
1748 2852
1750 1922
1750 2151
1750 2227
1750 2298
1750 2738
1750 2900
1750 3017
1750 3075
1750 3133
1750 3552
1750 4032
1750 4054
1750 4724
1754 2638
1754 2794
1754 2989
1754 3478
1754 5190
1757 2977
1757 3211
1758 4062
1759 3776
1759 4007
1759 4563
1759 4798
1760 2486
1760 4389
1761 1880
1761 2026
1761 2243
1761 2246
1761 2368
1761 4722
1762 1841
1762 2434
1762 2671
1762 4376
1762 4485
1762 4973
1763 2134
1764 2415
1764 4019
1764 4406
1764 4957
1766 2337
1766 3039
1767 2715
1767 3470
1767 3853
1767 4109
1767 4661
1768 3434
1768 3579
1768 4696
1768 5166
1768 5229
1770 2578
1770 3485
1771 2319
1771 2751
1771 3806
1772 4788
1773 1933
1773 4522
1775 2318
1775 4126
1775 4628
1775 5110
1776 2125
1777 2773
1777 4122
1779 2105
1779 2901
1779 2931
1779 2981
1779 3122
1779 3743
1779 4441
1780 2208
1781 2254
1781 2940
1782 1951
1782 1983
1782 2059
1782 2492
1782 2538
1782 2861
1782 2904
1782 2954
1782 2955
1782 3006
1782 3096
1782 3254
1782 3522
1782 3635
1782 3899
1782 3959
1782 4014
1782 4156
1782 4157
1782 4529
1782 4770
1782 4945
1783 1892
1784 3292
1784 4819
1784 4972
1785 2114
1786 2858
1786 3256
1786 4498
1787 4995
1788 2500
1789 2592
1789 2632
1790 2636
1790 5009
1791 1889
1791 2329
1792 1997
1792 2195
1792 2421
1792 2724
1792 3050
1792 3200
1792 3202
1792 4062
1792 4303
1792 4382
1792 4555
1792 4621
1792 4628
1792 4737
1792 4879
1793 2079
1793 4401
1793 4572
1793 4838
1793 5173
1794 2160
1794 2746
1795 3344
1796 2531
1796 3001
1797 3398
1797 4404
1797 4438
1798 4430
1799 2674
1800 1947
1800 1948
1800 2096
1800 2272
1800 3195
1800 3469
1800 3574
1800 3988
1800 3993
1800 4137
1800 4175
1800 4411
1800 4420
1800 4493
1800 4520
1800 4532
1800 4595
1800 5019
1801 3689
1802 2461
1802 2812
1802 2998
1802 3017
1802 3592
1802 5048
1803 4796
1803 4797
1804 2283
1804 2435
1804 4665
1805 2423
1805 4539
1805 4975
1806 3149
1806 3178
1806 3369
1806 5110
1808 4966
1809 3594
1810 3353
1810 5103
1811 2188
1811 2460
1811 2483
1813 1974
1813 2242
1813 2277
1813 2464
1813 2488
1813 2552
1813 2564
1813 2821
1813 2866
1813 2900
1813 3043
1813 3493
1813 3500
1813 3777
1813 3891
1813 4022
1813 4057
1813 4152
1813 4166
1813 4232
1813 4281
1813 4323
1813 4407
1813 4552
1813 4600
1813 4680
1813 4980
1813 5055
1813 5147
1816 2599
1816 2858
1817 2363
1817 5135
1818 1823
1818 1870
1818 1934
1818 1972
1818 2461
1818 2707
1818 3465
1818 3851
1818 3977
1818 4806
1819 2602
1821 3218
1821 4089
1821 4316
1824 1991
1824 2252
1824 2542
1824 3157
1824 3202
1824 4312
1824 4320
1825 2635
1826 2114
1826 2933
1827 2581
1827 2713
1827 4986
1829 2790
1829 5021
1830 1831
1830 2924
1830 3005
1830 3235
1831 1835
1831 2266
1831 2460
1831 2483
1831 2717
1831 2858
1831 2924
1831 3005
1831 3147
1831 3235
1831 3348
1831 3773
1831 4002
1831 4031
1831 4200
1831 4422
1831 4424
1831 4685
1831 4758
1831 4781
1831 4946
1832 3657
1833 1834
1833 1874
1833 1921
1833 1959
1833 3308
1833 3345
1833 3945
1833 3963
1833 4968
1834 1874
1834 1921
1834 1959
1834 3308
1834 3345
1834 3945
1834 3963
1834 4968
1836 1947
1836 2689
1836 3054
1836 3927
1836 4008
1836 4177
1836 4402
1836 4532
1836 4994
1836 5050
1836 5058
1837 4506
1838 2761
1838 2883
1839 2909
1839 3538
1840 2224
1840 3575
1840 3652
1840 3658
1840 4279
1841 2434
1841 2671
1841 4376
1841 4485
1841 4973
1842 2369
1843 2491
1844 2385
1844 2777
1844 3176
1844 4560
1845 2479
1845 3356
1845 4128
1846 2140
1846 4578
1847 1891
1847 2502
1847 3100
1847 4809
1848 3468
1848 3731
1848 4926
1849 4525
1849 4745
1849 4961
1850 2217
1851 3817
1853 2500
1854 2931
1854 3956
1854 4744
1854 4755
1854 4883
1854 5026
1855 2634
1855 4970
1856 1984
1856 2117
1856 3273
1856 3286
1856 3872
1856 4211
1856 4660
1856 4682
1856 4822
1856 4910
1856 5003
1856 5180
1857 2972
1857 3101
1858 2301
1858 2322
1858 3685
1859 4454
1860 2391
1860 2633
1861 5002
1863 1891
1864 4522
1865 1869
1865 2067
1865 2832
1865 2844
1865 3750
1865 4017
1865 4112
1866 1869
1866 3338
1866 3580
1867 3432
1867 4101
1868 2205
1869 1986
1869 2067
1869 2832
1869 2844
1869 3185
1869 3338
1869 3440
1869 3470
1869 3532
1869 3548
1869 3580
1869 3750
1869 4015
1869 4112
1869 4360
1869 4661
1869 4987
1870 3851
1870 4806
1871 1970
1871 1973
1871 2390
1871 3555
1873 2518
1873 4116
1873 4535
1873 4953
1874 1921
1874 1959
1874 3308
1874 3345
1874 3945
1874 3963
1874 4968
1875 4972
1876 2648
1877 4530
1877 4939
1878 1991
1878 2027
1879 2037
1879 2259
1879 3297
1880 2371
1880 2889
1880 4550
1880 4722
1880 4974
1880 5018
1881 2729
1881 4250
1882 2399
1882 2478
1882 2574
1882 2867
1882 2927
1882 2935
1882 3114
1882 3790
1882 3970
1882 4087
1882 4240
1882 4403
1882 5005
1883 4048
1883 4126
1883 4628
1883 5141
1884 2505
1884 3011
1884 3448
1884 4975
1884 4985
1886 2209
1887 2722
1887 4505
1888 4425
1889 2154
1890 2023
1890 2605
1890 2821
1890 4987
1890 5016
1891 2426
1891 2502
1891 2664
1891 3989
1891 4628
1891 4648
1893 1951
1893 1983
1893 2059
1893 2492
1893 2845
1893 2861
1893 2904
1893 2954
1893 3096
1893 3254
1893 3522
1893 3635
1893 3685
1893 3763
1893 3833
1893 3959
1893 4014
1893 4157
1893 4268
1894 2084
1895 4919
1896 2154
1896 2252
1896 2253
1896 2254
1896 2539
1896 3514
1896 4311
1897 3823
1897 5133
1898 2468
1901 4232
1901 4407
1901 4552
1902 2213
1902 2461
1902 3075
1902 3585
1902 3587
1902 3713
1902 4574
1902 4939
1902 5147
1903 3664
1904 4974
1905 2430
1906 2158
1906 3721
1907 1964
1907 2090
1907 2267
1907 2555
1907 2805
1907 3622
1907 3866
1907 3906
1907 4183
1907 4191
1907 4412
1907 4478
1907 4541
1907 4569
1907 4734
1910 2513
1910 4103
1911 3337
1911 4028
1912 4986
1913 3998
1913 4974
1914 2742
1914 4522
1914 5048
1915 2559
1915 2655
1915 2667
1915 2763
1915 2798
1915 2916
1915 3489
1915 3526
1915 3529
1915 3530
1915 3576
1915 3682
1915 4489
1915 4607
1915 4909
1915 4912
1915 4934
1915 5206
1916 4318
1916 4674
1917 2070
1918 2428
1918 2541
1918 4034
1918 4073
1918 4379
1918 4886
1919 2890
1919 3564
1920 2349
1921 1959
1921 2214
1921 2832
1921 3007
1921 3266
1921 3308
1921 3341
1921 3345
1921 3559
1921 3945
1921 3963
1921 4210
1921 4968
1921 4976
1922 1964
1922 2227
1922 2464
1922 2900
1922 3016
1922 3017
1922 3784
1922 4232
1922 4237
1922 4323
1922 4613
1922 4693
1922 4724
1922 4974
1922 5025
1923 2501
1923 5044
1924 3145
1925 4184
1927 2253
1927 2254
1927 3362
1927 3514
1928 4514
1928 5031
1929 1986
1929 3385
1929 4214
1929 4986
1930 3021
1931 2725
1931 4068
1932 3198
1933 1934
1933 2773
1933 4522
1934 1958
1934 2038
1934 2054
1934 2181
1934 2673
1934 2675
1934 2725
1934 2753
1934 2812
1934 3180
1934 3693
1934 3977
1934 4245
1934 4293
1934 4539
1934 4606
1934 4680
1934 4752
1934 4753
1934 4784
1934 5016
1934 5118
1934 5192
1935 2288
1935 3321
1935 3902
1935 4501
1936 2133
1936 2200
1936 2703
1936 3340
1936 3452
1936 4823
1936 5122
1939 2331
1940 2164
1940 2417
1940 3196
1941 1998
1941 2027
1941 2311
1941 2329
1941 3354
1941 4310
1941 4630
1942 2247
1942 2432
1943 2009
1943 2036
1943 2107
1943 2184
1943 3115
1943 3189
1943 4125
1943 4127
1943 4313
1943 5106
1943 5149
1944 2051
1944 3295
1945 2168
1946 5054
1947 1974
1947 2272
1947 2689
1947 3068
1947 3195
1947 3574
1947 3927
1947 3956
1947 3988
1947 3993
1947 4137
1947 4420
1947 4493
1947 4532
1947 4994
1947 5050
1948 4413
1948 4532
1950 2050
1950 3418
1950 3492
1950 4752
1951 1983
1951 2059
1951 2492
1951 2538
1951 2845
1951 2861
1951 2904
1951 2954
1951 2955
1951 3006
1951 3096
1951 3254
1951 3522
1951 3635
1951 3685
1951 3763
1951 3833
1951 3899
1951 3959
1951 4014
1951 4156
1951 4157
1951 4268
1951 4529
1951 4770
1951 4945
1952 2540
1952 2615
1952 5116
1952 5119
1952 5131
1953 2086
1953 2104
1953 2154
1953 2333
1953 2869
1953 2914
1953 3509
1953 3552
1953 3623
1953 3829
1953 3844
1953 4315
1953 4386
1953 4515
1953 4546
1953 4897
1953 5205
1954 4473
1954 5029
1955 3446
1956 1957
1956 5087
1956 5090
1958 3831
1959 3308
1959 3345
1959 3945
1959 3963
1959 4968
1960 3021
1961 3879
1961 4341
1962 2602
1962 4507
1962 4644
1962 5223
1963 4281
1964 2195
1964 2708
1964 2787
1964 2805
1964 2862
1964 3449
1964 3795
1964 3858
1964 3891
1964 4130
1964 4139
1964 4281
1964 4303
1964 4694
1964 4860
1964 5028
1964 5065
1965 3339
1965 3929
1966 4957
1968 2117
1968 3492
1969 2031
1969 2786
1969 2795
1969 2902
1969 3165
1969 3236
1969 3272
1969 4021
1969 4408
1969 4487
1969 4509
1970 1973
1970 2390
1970 3555
1971 2713
1971 2887
1971 4524
1972 3465
1973 2390
1973 3555
1974 2178
1974 2242
1974 2277
1974 2464
1974 2488
1974 2498
1974 2552
1974 2564
1974 2605
1974 2720
1974 2819
1974 2821
1974 2866
1974 2900
1974 3043
1974 3068
1974 3237
1974 3257
1974 3401
1974 3493
1974 3500
1974 3737
1974 3770
1974 3777
1974 3891
1974 3956
1974 3993
1974 4022
1974 4057
1974 4137
1974 4152
1974 4166
1974 4187
1974 4232
1974 4281
1974 4323
1974 4407
1974 4532
1974 4552
1974 4600
1974 4680
1974 4980
1974 5055
1974 5147
1975 2533
1975 3774
1975 4693
1975 5055
1975 5224
1976 2062
1976 2433
1976 2744
1976 2842
1976 3337
1976 3394
1976 3781
1976 4339
1976 4880
1977 2484
1978 2244
1978 3510
1979 1980
1979 2466
1979 3302
1979 3462
1983 2059
1983 2492
1983 2538
1983 2845
1983 2861
1983 2904
1983 2954
1983 2955
1983 3006
1983 3096
1983 3254
1983 3522
1983 3635
1983 3685
1983 3763
1983 3833
1983 3899
1983 3959
1983 4014
1983 4156
1983 4157
1983 4268
1983 4529
1983 4770
1983 4945
1984 4910
1985 3382
1985 4958
1986 2454
1986 2523
1986 2827
1986 2866
1986 3027
1986 3317
1986 3385
1986 3493
1986 3706
1986 3750
1986 4232
1988 2085
1988 2193
1988 4998
1988 5151
1989 4135
1991 2027
1991 3116
1991 3202
1991 3351
1991 4320
1991 4737
1991 5111
1992 3108
1992 3113
1993 4883
1994 2131
1994 2493
1995 3713
1996 2441
1996 3723
1996 3757
1997 2421
1997 3200
1997 3202
1997 4382
1997 4628
1997 4879
1998 2028
1998 2107
1998 2329
1998 2444
1998 2725
1998 3115
1998 3197
1998 4425
1998 4456
1998 4642
1999 4320
2000 2281
2000 2562
2001 4215
2002 2135
2002 4511
2003 4725
2003 4779
2003 5080
2004 2846
2004 4345
2005 5128
2006 3086
2007 4281
2008 4094
2009 5106
2010 5141
2011 3999
2012 2381
2012 2838
2013 3200
2013 4628
2013 4629
2014 3409
2014 3671
2015 5048
2017 2480
2017 3421
2017 4043
2017 4944
2017 5041
2018 2599
2018 2858
2018 3545
2019 2480
2019 4158
2019 4531
2020 2616
2020 2971
2021 2379
2021 2551
2021 2754
2021 3169
2021 3507
2021 3879
2021 3949
2021 3952
2022 2552
2022 2735
2022 4600
2022 5055
2023 2605
2023 2822
2023 2913
2023 3080
2023 3405
2023 3512
2023 3696
2023 3872
2023 5003
2023 5147
2025 2472
2025 3138
2025 3175
2025 3234
2025 4518
2025 4580
2026 2620
2026 4144
2026 4196
2027 2028
2027 2318
2027 2329
2027 2330
2027 2725
2027 3116
2027 3199
2027 3202
2027 3215
2027 4264
2027 4349
2027 4628
2027 5111
2028 2318
2028 2418
2028 3033
2028 3199
2028 3378
2028 3412
2028 4310
2028 4425
2029 2034
2029 4816
2030 4084
2031 2786
2031 2795
2031 2902
2031 3165
2031 3236
2031 3272
2031 4021
2031 4408
2031 4487
2031 4509
2032 3123
2032 3157
2032 3741
2032 4168
2032 4438
2032 4954
2033 3633
2035 2156
2036 3115
2037 3297
2039 3434
2040 2496
2040 3724
2040 4868
2040 5049
2041 4851
2042 3481
2043 4956
2045 2210
2045 2771
2045 2966
2045 3812
2045 5215
2046 2047
2046 2101
2046 2332
2046 4130
2046 4937
2046 5046
2046 5065
2047 2379
2047 3016
2047 3260
2047 3733
2047 3891
2047 4232
2047 4516
2047 4552
2047 4711
2048 4974
2050 3492
2050 4752
2051 3295
2052 3071
2052 4072
2053 2542
2053 5239
2054 2154
2054 2597
2054 2895
2054 3180
2054 3956
2054 4798
2054 4892
2054 4957
2055 2342
2056 2481
2056 2482
2056 2875
2056 3253
2056 3885
2057 2871
2058 3056
2058 3837
2058 3888
2059 2146
2059 2492
2059 2538
2059 2845
2059 2861
2059 2904
2059 2954
2059 2955
2059 3006
2059 3096
2059 3254
2059 3522
2059 3635
2059 3685
2059 3763
2059 3833
2059 3899
2059 3959
2059 4014
2059 4156
2059 4157
2059 4268
2059 4529
2059 4770
2059 4945
2060 2754
2060 3169
2061 3889
2064 3818
2065 2121
2065 2407
2066 2713
2066 2974
2066 3548
2066 5232
2067 2562
2067 3185
2067 3750
2067 4112
2067 4559
2067 4590
2067 5178
2068 5083
2069 2625
2069 3144
2069 3493
2070 2106
2071 2230
2071 3320
2072 4361
2073 2858
2073 3022
2073 3975
2073 4819
2076 2409
2076 4159
2076 4162
2076 4205
2076 4217
2077 3313
2079 4401
2080 3151
2080 4150
2081 4245
2082 3282
2082 4347
2083 3748
2084 2448
2084 2512
2084 2621
2084 2626
2084 3446
2084 4435
2085 2193
2085 4998
2085 5151
2086 3509
2087 2608
2087 4212
2087 4399
2088 3823
2089 2246
2089 2715
2090 2267
2090 2555
2090 3622
2090 3866
2090 3906
2090 4183
2090 4191
2090 4412
2090 4478
2090 4541
2090 4569
2090 4734
2091 4828
2092 2115
2092 2729
2092 4382
2092 4933
2093 2252
2093 2540
2093 4033
2093 4311
2093 4429
2096 3469
2096 4520
2096 5019
2097 5205
2097 5213
2098 4993
2098 5113
2099 4944
2102 2113
2103 2238
2103 3180
2105 2901
2105 2931
2105 2981
2105 3122
2105 3257
2105 3743
2105 4441
2105 4718
2107 2892
2107 3115
2107 3197
2107 5149
2108 2332
2108 4516
2109 4526
2109 4811
2109 4997
2110 2243
2111 2295
2111 3318
2111 3392
2111 4076
2111 4360
2112 3643
2114 2933
2115 2409
2115 2713
2115 2970
2115 4382
2115 4644
2115 4933
2116 2453
2116 3097
2116 3649
2116 3758
2117 3273
2117 4363
2118 2660
2118 4093
2118 4698
2118 4758
2118 4832
2119 2967
2120 4199
2121 2407
2121 2651
2121 4902
2121 4998
2122 3434
2122 4297
2122 4534
2123 2140
2123 2519
2123 3693
2123 4367
2124 4300
2126 2957
2126 4985
2127 2713
2127 4623
2128 2322
2128 2545
2129 2257
2129 4425
2129 5121
2130 3378
2131 2493
2132 4984
2133 3340
2136 4103
2136 4970
2137 2181
2137 2322
2137 2334
2137 2617
2137 2618
2137 3433
2137 3755
2137 3759
2137 3810
2137 4322
2137 4539
2137 4578
2137 4741
2137 4784
2137 5235
2138 2201
2138 2202
2138 3760
2138 4512
2139 2666
2139 3210
2139 3766
2139 4473
2139 4651
2140 2238
2140 2279
2140 2324
2140 2519
2140 2601
2140 2617
2140 2721
2140 2790
2140 2953
2140 3180
2140 3390
2140 3987
2140 4297
2140 4367
2140 4491
2140 4567
2140 4578
2140 4674
2140 4768
2140 5141
2141 2783
2142 2307
2142 3467
2142 3787
2142 5191
2143 2175
2143 2222
2143 2243
2143 2704
2143 3004
2143 3031
2143 3124
2143 3527
2143 3697
2143 4140
2143 4735
2144 3058
2145 5158
2146 2366
2146 2688
2146 3840
2146 4473
2146 4556
2146 4749
2146 4805
2146 4992
2147 4416
2147 5125
2148 2750
2148 4317
2149 2196
2149 5114
2150 4609
2150 4628
2150 4643
2151 2738
2152 2914
2153 4054
2153 4328
2154 2869
2154 3180
2154 3183
2155 2248
2155 2544
2158 2324
2158 2721
2158 2905
2158 2983
2158 3206
2158 3390
2158 3721
2158 3920
2158 4625
2158 4878
2158 5059
2159 4876
2160 2746
2160 3570
2160 5201
2161 2373
2161 2692
2161 2908
2162 3238
2164 3196
2165 2745
2165 3154
2165 4052
2165 4248
2165 4385
2165 4939
2169 2536
2171 3232
2172 3891
2172 5148
2173 2314
2173 2754
2173 4594
2174 3975
2174 4088
2176 3118
2176 3199
2176 4024
2176 4427
2177 2939
2177 3457
2178 2498
2178 2605
2178 2900
2178 3237
2178 3737
2178 4323
2179 2299
2179 2966
2179 3812
2179 3881
2179 4184
2179 4384
2179 5215
2180 3918
2180 3919
2180 4765
2181 2812
2181 3433
2181 4741
2181 4753
2182 4194
2182 4537
2182 4689
2182 5067
2183 2297
2183 2430
2183 2604
2183 4873
2183 4956
2184 3189
2185 3830
2186 2571
2186 2705
2186 3375
2186 3383
2186 3502
2186 3506
2186 3612
2186 4838
2187 4415
2189 4535
2190 2745
2190 4568
2191 4061
2191 4425
2192 4066
2192 4302
2192 4626
2192 4719
2193 4998
2193 5151
2194 4787
2194 4999
2195 2708
2195 2862
2195 3200
2195 3202
2195 3449
2195 3795
2195 3858
2195 4130
2195 4139
2195 4263
2195 4303
2195 5028
2195 5065
2196 5114
2197 2198
2198 3446
2198 3805
2198 4974
2199 4266
2199 4566
2200 3452
2200 4823
2200 5122
2201 4438
2202 3760
2202 4512
2203 2774
2205 5162
2206 2265
2206 2692
2206 2722
2206 3136
2206 5228
2207 2464
2207 2647
2207 3770
2207 4187
2207 4323
2207 4699
2209 2765
2209 3282
2210 2418
2210 2893
2210 2966
2210 3374
2210 3376
2210 3445
2210 4063
2210 4134
2210 4305
2210 4615
2210 4814
2210 4817
2210 5112
2211 2577
2211 2808
2211 3169
2211 3425
2211 3689
2211 4579
2211 4694
2212 2926
2213 5034
2213 5147
2214 2562
2214 2832
2214 3007
2214 4747
2216 4338
2217 2607
2217 2878
2217 3434
2218 4380
2218 4796
2218 4989
2219 3822
2219 4947
2219 5097
2220 3191
2220 3537
2220 4083
2221 2783
2222 4735
2223 2583
2223 2891
2223 4694
2223 4964
2224 3658
2224 3900
2225 2464
2225 2672
2225 3267
2225 3305
2225 3745
2225 3770
2225 4028
2226 3034
2226 3628
2226 4763
2227 2464
2227 2900
2227 3017
2227 4323
2227 4724
2228 2322
2228 2617
2228 4710
2229 3070
2230 3320
2231 2782
2231 2783
2231 3071
2231 3220
2231 4286
2234 4153
2235 2359
2235 3702
2236 4654
2237 3947
2238 3180
2238 3691
2239 2964
2240 2518
2240 3475
2240 3497
2240 3601
2240 4628
2241 2415
2241 2749
2241 3675
2241 4027
2241 4957
2241 5098
2242 2277
2242 2464
2242 2488
2242 2552
2242 2564
2242 2821
2242 2866
2242 2900
2242 3043
2242 3493
2242 3500
2242 3619
2242 3777
2242 3891
2242 4022
2242 4057
2242 4152
2242 4166
2242 4232
2242 4281
2242 4323
2242 4407
2242 4552
2242 4600
2242 4680
2242 4980
2242 5046
2242 5055
2242 5065
2242 5147
2243 2573
2243 2670
2243 2842
2243 3031
2243 3145
2243 3692
2243 4382
2243 4492
2243 5193
2244 3510
2246 2729
2247 2432
2248 2254
2248 2544
2248 3365
2248 4148
2248 4387
2248 4446
2248 4740
2248 5143
2249 2250
2249 2254
2249 2540
2249 2542
2249 2545
2249 3098
2249 3362
2249 3364
2249 5130
2249 5146
2250 2540
2250 2542
2250 3183
2250 3509
2250 5146
2251 2254
2251 2258
2251 2542
2251 3183
2252 2253
2252 2254
2252 2539
2252 2540
2252 2542
2252 2781
2252 4033
2252 4311
2252 4429
2252 5130
2253 2254
2253 3362
2253 3514
2253 4311
2253 5144
2254 2258
2254 2725
2254 2940
2254 3098
2254 3364
2254 3514
2254 4062
2254 4429
2256 2583
2256 2891
2256 4694
2256 4964
2257 4425
2257 5121
2259 3297
2260 4874
2261 2954
2261 3912
2261 4321
2261 5080
2263 2966
2263 4252
2263 4801
2264 4117
2265 2370
2265 2690
2265 4678
2265 4725
2266 4031
2266 4350
2267 2555
2267 3622
2267 3866
2267 3906
2267 4183
2267 4191
2267 4412
2267 4478
2267 4541
2267 4569
2267 4734
2270 3628
2270 3739
2270 4442
2270 4596
2271 3370
2272 3195
2272 3574
2272 3993
2272 4137
2272 4175
2272 4411
2272 4493
2272 4595
2273 2292
2274 3939
2275 3521
2275 4122
2276 3521
2276 4122
2277 2464
2277 2488
2277 2552
2277 2564
2277 2821
2277 2866
2277 2900
2277 3043
2277 3493
2277 3500
2277 3777
2277 3891
2277 4022
2277 4057
2277 4152
2277 4166
2277 4232
2277 4281
2277 4323
2277 4407
2277 4552
2277 4600
2277 4680
2277 4980
2277 5055
2277 5147
2278 2585
2278 3397
2278 5000
2279 2519
2279 4297
2280 4784
2281 2562
2281 4037
2282 2367
2282 2425
2282 3491
2282 4479
2282 4869
2283 2435
2283 4450
2283 5063
2284 3901
2285 3568
2285 4184
2285 4271
2286 2952
2286 3255
2287 2850
2287 3007
2287 3113
2287 3609
2287 4042
2287 4391
2287 4863
2287 5182
2289 4159
2290 2338
2290 3704
2291 3260
2291 3589
2293 2906
2294 4427
2295 2665
2295 3318
2295 3980
2295 4010
2295 4076
2295 4360
2296 3679
2297 2430
2297 4163
2297 4537
2298 3133
2298 3552
2299 3812
2299 3881
2299 4184
2300 4516
2300 4684
2300 4983
2301 2322
2301 3685
2302 4190
2303 4979
2304 3449
2304 3689
2305 2760
2305 2848
2306 2366
2307 2773
2307 3467
2307 3787
2307 5191
2309 4748
2310 2476
2311 2378
2311 4425
2312 2444
2312 2725
2312 3115
2312 3197
2312 4456
2313 3218
2313 4316
2314 4594
2315 3664
2315 5029
2316 4904
2317 5039
2318 3157
2318 4253
2318 4264
2319 2751
2319 3806
2321 2358
2321 3492
2321 3494
2321 3498
2321 3523
2321 5188
2322 2545
2322 2617
2322 3157
2322 3683
2322 3685
2322 3755
2322 4492
2322 4710
2322 4784
2323 2725
2324 3079
2324 3139
2324 3390
2324 3495
2324 3654
2324 3721
2324 3864
2324 3976
2324 4598
2325 2540
2326 4185
2327 5141
2328 2422
2328 2951
2328 4302
2329 2330
2329 2725
2329 3033
2329 3215
2329 3412
2329 4349
2329 4630
2329 5124
2330 4349
2331 2332
2331 2343
2331 3343
2331 3360
2331 5148
2332 2409
2332 2464
2332 3493
2332 3770
2332 4018
2332 4159
2332 4162
2332 4183
2332 4205
2332 4392
2332 4495
2332 4516
2333 2869
2333 3844
2334 3816
2335 3298
2336 2601
2336 2602
2336 3912
2336 4379
2336 4480
2336 4710
2336 4843
2338 3704
2339 2350
2339 2966
2339 3804
2339 4095
2340 3592
2340 3632
2341 2409
2343 3343
2344 3199
2344 4319
2344 4729
2345 2744
2346 2684
2346 4769
2347 2404
2347 2510
2347 4202
2347 4398
2347 4809
2350 2966
2350 3804
2350 4095
2351 5052
2353 3339
2354 2858
2354 2859
2354 3454
2354 3826
2354 3877
2354 4153
2354 4162
2354 4334
2354 4872
2354 5022
2354 5101
2354 5102
2355 2412
2355 3465
2356 4957
2357 4516
2358 3492
2358 3523
2358 4845
2360 5216
2361 2897
2361 3273
2361 4085
2362 3348
2363 5135
2364 3723
2366 4239
2366 4805
2367 3491
2367 4869
2368 2420
2370 2690
2372 2820
2373 2692
2373 2908
2376 2953
2376 3322
2377 3204
2377 4729
2378 2725
2378 4425
2379 2686
2379 3260
2379 3261
2379 3507
2379 3949
2379 3991
2379 4641
2381 2486
2381 2838
2383 3801
2384 5030
2385 4214
2385 4217
2387 3647
2387 3779
2387 3991
2388 2578
2389 2501
2389 2519
2389 4342
2389 5044
2390 3555
2391 2633
2391 4491
2391 4805
2392 2804
2394 4602
2395 3005
2396 5185
2397 3192
2397 3435
2397 3879
2399 2478
2399 2574
2399 2867
2399 2927
2399 2935
2399 3114
2399 3790
2399 3970
2399 4087
2399 4240
2399 4403
2399 5005
2402 2832
2404 2510
2404 4202
2404 4398
2404 4809
2405 2585
2405 2809
2405 3905
2405 5066
2406 5215
2407 2651
2408 2464
2408 2672
2408 3493
2408 3745
2408 5026
2409 4162
2409 4205
2409 4217
2409 4706
2410 2523
2412 3465
2413 3450
2413 5173
2414 3309
2415 2749
2415 3675
2415 4019
2415 4027
2415 4406
2415 4842
2415 4957
2415 5098
2416 2594
2416 2712
2418 2725
2418 3115
2418 4549
2418 4554
2418 4615
2418 4642
2418 4818
2418 5112
2419 2832
2419 3110
2419 4417
2419 4955
2420 3956
2420 4864
2421 4628
2422 2951
2422 4302
2424 3491
2425 3491
2426 2502
2426 3989
2427 3846
2428 4886
2429 5106
2429 5149
2430 2511
2430 2604
2430 4873
2430 5035
2433 2668
2433 2841
2433 2945
2433 3394
2433 3614
2433 4294
2433 4537
2433 4880
2434 2671
2434 4376
2434 4485
2434 4973
2435 4450
2435 4665
2435 5063
2436 4067
2436 4882
2438 4506
2439 3396
2440 5086
2441 3723
2441 3757
2443 3051
2443 3367
2443 4314
2443 4586
2443 4643
2443 4649
2443 4726
2443 4815
2443 5109
2444 2725
2444 3115
2444 3197
2444 4456
2444 4642
2445 2449
2445 2544
2445 4230
2445 4282
2445 4707
2445 4710
2445 5011
2446 3005
2446 3348
2446 4204
2447 3422
2447 4039
2449 4282
2449 4707
2450 4796
2451 3689
2452 2769
2452 4624
2453 3097
2453 3649
2454 2523
2455 2633
2455 3447
2457 2553
2457 2694
2457 2917
2458 2459
2458 3861
2459 3861
2460 2717
2460 4422
2461 2707
2461 2812
2461 2869
2461 3552
2461 3585
2461 3587
2461 5236
2462 3180
2463 3072
2464 2488
2464 2552
2464 2564
2464 2647
2464 2819
2464 2821
2464 2866
2464 2900
2464 3017
2464 3043
2464 3237
2464 3267
2464 3305
2464 3493
2464 3500
2464 3745
2464 3770
2464 3777
2464 3891
2464 4018
2464 4022
2464 4028
2464 4057
2464 4152
2464 4166
2464 4187
2464 4232
2464 4281
2464 4323
2464 4392
2464 4407
2464 4552
2464 4600
2464 4680
2464 4699
2464 4980
2464 5055
2464 5075
2464 5147
2464 5236
2465 3206
2465 4466
2466 3302
2466 3462
2467 4986
2468 5042
2468 5065
2469 2510
2469 2631
2469 3285
2469 4809
2470 3921
2470 4634
2471 4768
2471 4842
2472 3138
2472 3175
2472 3234
2472 3563
2472 3698
2472 4113
2472 4518
2473 3155
2474 2517
2474 3291
2474 3714
2475 2811
2475 3705
2475 4898
2476 3995
2477 2808
2477 3891
2477 4281
2478 2574
2478 2867
2478 2927
2478 2935
2478 3114
2478 3790
2478 3970
2478 4087
2478 4240
2478 4403
2478 5005
2480 3496
2480 4158
2480 4184
2480 4531
2480 4745
2480 4771
2480 4944
2481 2482
2481 3253
2481 3885
2482 3253
2482 3885
2483 2717
2483 3005
2483 3605
2483 3773
2483 4176
2483 4424
2485 2653
2485 3676
2485 3843
2485 4393
2485 4961
2485 5173
2486 2640
2486 3991
2486 4389
2486 4467
2486 4598
2486 4671
2486 4916
2486 4977
2487 3121
2487 4939
2488 2552
2488 2564
2488 2821
2488 2866
2488 2900
2488 3043
2488 3493
2488 3500
2488 3745
2488 3777
2488 3891
2488 4022
2488 4057
2488 4152
2488 4166
2488 4232
2488 4281
2488 4323
2488 4407
2488 4552
2488 4600
2488 4680
2488 4980
2488 5026
2488 5055
2488 5147
2489 2773
2489 2889
2490 3242
2490 4232
2490 4552
2490 4613
2490 4711
2492 2538
2492 2845
2492 2861
2492 2904
2492 2954
2492 2955
2492 3006
2492 3096
2492 3254
2492 3522
2492 3635
2492 3685
2492 3763
2492 3833
2492 3899
2492 3959
2492 4014
2492 4156
2492 4157
2492 4268
2492 4529
2492 4770
2492 4945
2494 2613
2494 2713
2494 2725
2494 3134
2494 3664
2494 3749
2494 3751
2494 3942
2494 4126
2494 4228
2494 4452
2494 4830
2494 4838
2494 4986
2495 4598
2496 3482
2496 3724
2496 4868
2496 5049
2498 2605
2498 2900
2498 3237
2498 3737
2498 4323
2500 2654
2500 2672
2500 2723
2500 3274
2500 4094
2500 4886
2500 4895
2501 2556
2501 4342
2501 5044
2502 3989
2503 2567
2503 2586
2504 3646
2504 3660
2504 3856
2504 4464
2505 3011
2505 4985
2506 2922
2506 2977
2506 3210
2506 3505
2507 3174
2508 3437
2509 3732
2510 2631
2510 3285
2510 3310
2510 3587
2510 4202
2510 4398
2510 4809
2511 5147
2512 3446
2513 4103
2516 3880
2517 3291
2518 2742
2518 4535
2518 4628
2518 4953
2519 2837
2519 4297
2519 4367
2520 2797
2520 4323
2520 5233
2521 2936
2522 2601
2523 4250
2523 4882
2523 4894
2524 2776
2525 3748
2525 4247
2527 2560
2527 2713
2527 2736
2527 3029
2527 3486
2527 3534
2527 3786
2528 2601
2528 2832
2528 4208
2529 3471
2529 4371
2529 5010
2530 2773
2533 3774
2533 4693
2537 5225
2538 2861
2538 2904
2538 2954
2538 2955
2538 3006
2538 3096
2538 3254
2538 3522
2538 3635
2538 3899
2538 3959
2538 4014
2538 4156
2538 4157
2538 4529
2538 4770
2538 4945
2539 2547
2540 2542
2540 4033
2540 5116
2540 5119
2540 5131
2541 3264
2541 3363
2541 4886
2542 3183
2543 2835
2543 3352
2543 3524
2544 2643
2544 3739
2544 5011
2546 3509
2546 4377
2548 5148
2550 3066
2551 3879
2552 2564
2552 2735
2552 2819
2552 2821
2552 2866
2552 2900
2552 3043
2552 3237
2552 3493
2552 3500
2552 3770
2552 3777
2552 3891
2552 3991
2552 4022
2552 4057
2552 4152
2552 4166
2552 4187
2552 4232
2552 4281
2552 4323
2552 4407
2552 4552
2552 4600
2552 4680
2552 4699
2552 4980
2552 5055
2552 5147
2553 2694
2553 2989
2553 4838
2553 5006
2554 3590
2554 4353
2554 4970
2555 3622
2555 3866
2555 3906
2555 4183
2555 4191
2555 4412
2555 4478
2555 4541
2555 4569
2555 4734
2557 3917
2558 3040
2558 3928
2559 2655
2559 2667
2559 2763
2559 2798
2559 2916
2559 3489
2559 3526
2559 3529
2559 3530
2559 3576
2559 3682
2559 4489
2559 4607
2559 4909
2559 4912
2559 4934
2559 5206
2561 2682
2561 2832
2561 3390
2561 3505
2561 4838
2562 3554
2562 4037
2562 4559
2562 4850
2562 5178
2563 3082
2564 2821
2564 2866
2564 2900
2564 3043
2564 3493
2564 3500
2564 3777
2564 3891
2564 4022
2564 4057
2564 4152
2564 4166
2564 4232
2564 4281
2564 4323
2564 4407
2564 4552
2564 4600
2564 4680
2564 4980
2564 5055
2564 5147
2566 3689
2566 4374
2566 5046
2568 3673
2569 2905
2572 2713
2572 4451
2572 4819
2573 3531
2573 3567
2573 3692
2573 3763
2573 4070
2573 4452
2573 4492
2574 2867
2574 2927
2574 2935
2574 3114
2574 3790
2574 3970
2574 4087
2574 4240
2574 4403
2574 5005
2576 2972
2576 3132
2576 3135
2576 3393
2576 3893
2576 4821
2576 4915
2576 4987
2576 5178
2577 2808
2577 3425
2577 3689
2577 4579
2577 4694
2578 3485
2579 2637
2579 4552
2579 4562
2579 4620
2579 4732
2579 5093
2579 5154
2581 3423
2581 4156
2581 4355
2583 2891
2583 4100
2583 4694
2583 4835
2583 4964
2584 3777
2585 2812
2585 3137
2585 3141
2585 3380
2585 3551
2585 3770
2585 4689
2585 5066
2586 4806
2587 4223
2590 2612
2590 2615
2590 5204
2591 5205
2591 5213
2592 2632
2592 2679
2593 4552
2594 2712
2595 3143
2595 5211
2595 5221
2596 4667
2597 2895
2597 3075
2597 3697
2597 3983
2597 4444
2597 4939
2598 2866
2598 4232
2598 4407
2598 4552
2598 4980
2599 2858
2599 3773
2601 2602
2601 2710
2601 2755
2601 2832
2601 2909
2601 2972
2601 4171
2601 4204
2601 4208
2601 4521
2601 4745
2601 4986
2602 2737
2602 2886
2602 3083
2602 3292
2602 3913
2602 3960
2602 4644
2602 4676
2602 4831
2602 4986
2603 2995
2603 4688
2604 4873
2605 2742
2605 2900
2605 3237
2605 3737
2605 4323
2606 3010
2607 2878
2607 3434
2608 4399
2609 3292
2609 4819
2609 4972
2610 2739
2610 2740
2610 2741
2610 3071
2610 4362
2610 4768
2611 4421
2612 4449
2612 5091
2613 3935
2613 4987
2614 3262
2615 5119
2615 5204
2616 2971
2616 3123
2616 3449
2616 4205
2616 4718
2616 4835
2616 4854
2616 4883
2617 2618
2617 2994
2617 3150
2617 3755
2617 3759
2617 3912
2617 4126
2617 4322
2617 4492
2617 4578
2617 4628
2617 4710
2617 4784
2617 4986
2617 5141
2618 2994
2618 4578
2619 4217
2619 4800
2619 4932
2620 4144
2620 4196
2623 5004
2624 2712
2624 4415
2625 3144
2625 3493
2628 3723
2628 3757
2628 4130
2629 2818
2629 3087
2629 4219
2630 3350
2630 3697
2630 4432
2631 3285
2631 4809
2633 2858
2633 3447
2633 3573
2633 4224
2633 4784
2633 5020
2633 5202
2634 3717
2634 3810
2634 4131
2634 4970
2635 2712
2635 4988
2636 5009
2636 5159
2637 4426
2637 4552
2637 4620
2637 4694
2637 5154
2638 2794
2638 2989
2638 3427
2638 3478
2638 3589
2638 3991
2639 3664
2639 4919
2640 2765
2640 2810
2640 2905
2640 3004
2640 4467
2640 4598
2640 4671
2640 4867
2640 4941
2640 5177
2641 3587
2642 4436
2643 3739
2646 2981
2646 3092
2646 3431
2646 3436
2646 4082
2646 4256
2646 4608
2646 5195
2647 3770
2647 4187
2647 4323
2647 4699
2649 2986
2650 2734
2650 2949
2650 3046
2650 3151
2650 4261
2651 3137
2651 3279
2651 3953
2651 4646
2651 4902
2652 3836
2652 4281
2653 2914
2653 3091
2653 4025
2655 2667
2655 2763
2655 2798
2655 2916
2655 3489
2655 3526
2655 3529
2655 3530
2655 3576
2655 3682
2655 4489
2655 4607
2655 4909
2655 4912
2655 4934
2655 5206
2657 4326
2658 3744
2659 3925
2659 4896
2660 4698
2660 4758
2661 4698
2661 4758
2663 3206
2665 2832
2665 3108
2665 3318
2665 3488
2665 3659
2665 4076
2665 4421
2665 4462
2665 4588
2667 2763
2667 2798
2667 2916
2667 3489
2667 3526
2667 3529
2667 3530
2667 3576
2667 3682
2667 4489
2667 4607
2667 4909
2667 4912
2667 4934
2667 5206
2670 2748
2670 2812
2670 2890
2670 3515
2670 3564
2670 3565
2670 3977
2670 3991
2670 4180
2670 4372
2670 4454
2670 5031
2670 5052
2670 5061
2671 4376
2671 4485
2671 4973
2672 2914
2672 3145
2672 3745
2672 3770
2672 4094
2672 4232
2672 4613
2673 5192
2675 2753
2675 3398
2675 3693
2675 3823
2675 4539
2675 4578
2675 4691
2675 4768
2675 4820
2676 3257
2677 3433
2678 3154
2678 3710
2678 4510
2678 5097
2680 5064
2681 5205
2682 2832
2682 3964
2682 4475
2682 4838
2683 4908
2684 2956
2684 4105
2684 4769
2685 3395
2688 4992
2688 5011
2689 3054
2689 3927
2689 4008
2689 4177
2689 4402
2689 4532
2689 4994
2689 5050
2689 5058
2692 2908
2692 3714
2693 3324
2693 3954
2693 4523
2693 5171
2694 2989
2694 3984
2694 4838
2694 5006
2696 3655
2696 4662
2697 2878
2698 3277
2698 5205
2698 5212
2699 4276
2699 4388
2699 5213
2700 2748
2700 3653
2700 3873
2701 2850
2701 3322
2701 3543
2701 3647
2701 4026
2702 4042
2705 3315
2706 3269
2706 4488
2706 4651
2706 4695
2706 5075
2708 2862
2708 3449
2708 3795
2708 3858
2708 4130
2708 4139
2708 5028
2708 5065
2710 2755
2710 3912
2710 3924
2710 3982
2710 4521
2710 4986
2710 5084
2713 2736
2713 2858
2713 2887
2713 2963
2713 2974
2713 3250
2713 3493
2713 3548
2713 3889
2713 4054
2713 4059
2713 4126
2713 4351
2713 4451
2713 4524
2713 4623
2713 4650
2713 4701
2713 4762
2713 4778
2713 4819
2713 4825
2713 4986
2713 5076
2713 5220
2714 3296
2714 3930
2715 3230
2715 3470
2715 3853
2715 3854
2715 4112
2715 4384
2715 4937
2716 3947
2717 3005
2717 3147
2717 3348
2717 3588
2717 3767
2717 3788
2717 4422
2717 4424
2717 5115
2718 4602
2720 3257
2720 3401
2721 3390
2721 4891
2722 3136
2722 3513
2722 4044
2722 4505
2722 5228
2723 4895
2725 2750
2725 3055
2725 3115
2725 3157
2725 3197
2725 3202
2725 3215
2725 3368
2725 4058
2725 4062
2725 4068
2725 4126
2725 4312
2725 4320
2725 4425
2725 4456
2725 4457
2725 4549
2725 4585
2725 4605
2725 4621
2725 4642
2725 4731
2725 4737
2725 4790
2725 4791
2725 4986
2725 5103
2725 5104
2725 5141
2726 4333
2726 4349
2728 3276
2728 3624
2728 3654
2728 3912
2728 4544
2728 4825
2728 4891
2730 4432
2732 4098
2732 4415
2732 4500
2733 3210
2733 3785
2734 2949
2734 3151
2735 5055
2736 4969
2737 3410
2737 3629
2737 4891
2739 5178
2741 3088
2741 4358
2741 4366
2742 4953
2744 4233
2744 4265
2744 4415
2745 4121
2745 4248
2745 4285
2745 4385
2747 4242
2747 4598
2748 3653
2748 3873
2748 5048
2749 3675
2749 4027
2749 4957
2749 5098
2750 4317
2750 4605
2750 4737
2751 3806
2753 3413
2753 3451
2753 4539
2754 2820
2754 3169
2754 3405
2754 3981
2754 4159
2754 4373
2754 4594
2755 4986
2758 2918
2759 3834
2760 2848
2760 3251
2760 3933
2760 4460
2760 4736
2761 2883
2763 2798
2763 2916
2763 3489
2763 3526
2763 3529
2763 3530
2763 3576
2763 3682
2763 3896
2763 4489
2763 4607
2763 4728
2763 4909
2763 4912
2763 4934
2763 4943
2763 5206
2764 4966
2765 2954
2765 3004
2765 3670
2765 4467
2765 4531
2766 4117
2768 4944
2769 4624
2770 2771
2770 4090
2771 2810
2771 2966
2771 3005
2771 4090
2772 3466
2773 2961
2773 3121
2773 3170
2773 3372
2773 3492
2773 3725
2773 3815
2773 3923
2773 3977
2773 4060
2773 4122
2773 4414
2773 4438
2773 4774
2775 4584
2775 4609
2775 4615
2777 4195
2777 4796
2777 4989
2778 2851
2778 3012
2778 4472
2779 3836
2780 4676
2782 3071
2783 3071
2783 3220
2783 3232
2783 3326
2783 4259
2784 4565
2785 3720
2786 2795
2786 2902
2786 3165
2786 3236
2786 3272
2786 4021
2786 4408
2786 4487
2786 4509
2787 4860
2788 4873
2789 3991
2790 4262
2790 4491
2790 4768
2790 5044
2791 2884
2792 4112
2794 2989
2794 3478
2794 3506
2794 4629
2795 2902
2795 3165
2795 3236
2795 3272
2795 4021
2795 4408
2795 4487
2795 4509
2796 3451
2797 4323
2797 5233
2798 2916
2798 3489
2798 3526
2798 3529
2798 3530
2798 3576
2798 3682
2798 4489
2798 4607
2798 4909
2798 4912
2798 4934
2798 5206
2799 3657
2799 3967
2802 2915
2802 3020
2802 3060
2802 3062
2802 3074
2802 3476
2802 3479
2802 3674
2802 3793
2802 3962
2802 4673
2802 4935
2802 4936
2802 4959
2803 3915
2806 3176
2806 3592
2806 4257
2806 4778
2807 4415
2808 3425
2808 3689
2808 3891
2808 4281
2808 4579
2808 4694
2809 3905
2810 3742
2810 3915
2810 4001
2810 4222
2810 4375
2810 4531
2810 4941
2811 4898
2812 3137
2812 3770
2812 3977
2812 4454
2812 4573
2812 4689
2812 4753
2812 4768
2812 4974
2813 2909
2814 4841
2814 4893
2816 4110
2817 4632
2818 3087
2818 4219
2819 2877
2819 2900
2819 3237
2819 3770
2819 4187
2819 4323
2819 5051
2819 5055
2820 2829
2820 2852
2820 4250
2820 4373
2820 4894
2820 5072
2820 5172
2821 2866
2821 2900
2821 3043
2821 3493
2821 3500
2821 3777
2821 3891
2821 4022
2821 4057
2821 4152
2821 4166
2821 4232
2821 4281
2821 4323
2821 4407
2821 4552
2821 4600
2821 4680
2821 4980
2821 5055
2821 5147
2823 3511
2823 3595
2823 3607
2823 3734
2823 3791
2823 3938
2823 4541
2823 4582
2824 4280
2824 5012
2825 3689
2827 3027
2827 3706
2829 4250
2830 4877
2831 2914
2832 2844
2832 3007
2832 3076
2832 3252
2832 3604
2832 3659
2832 3750
2832 3892
2832 4017
2832 4067
2832 4208
2832 4421
2832 4838
2834 4897
2835 3352
2835 3404
2835 3604
2835 3903
2835 4343
2835 4454
2835 4919
2836 3524
2836 4437
2839 3951
2840 3571
2840 5180
2842 3337
2842 4494
2844 3750
2845 2861
2845 2904
2845 2954
2845 3096
2845 3254
2845 3522
2845 3635
2845 3685
2845 3763
2845 3833
2845 3959
2845 4014
2845 4157
2845 4268
2846 4345
2847 2954
2847 3518
2847 3628
2847 3934
2847 4295
2847 4775
2847 4911
2850 3647
2850 4026
2850 4042
2850 5182
2851 3089
2851 3847
2854 3398
2855 2866
2855 4390
2855 4508
2856 3053
2856 3203
2856 3373
2856 4636
2858 2887
2858 2923
2858 3147
2858 3256
2858 3788
2858 3826
2858 3877
2858 4031
2858 4112
2858 4153
2858 4498
2858 4685
2859 3877
2861 2904
2861 2954
2861 2955
2861 3006
2861 3096
2861 3254
2861 3522
2861 3635
2861 3685
2861 3763
2861 3833
2861 3899
2861 3959
2861 4014
2861 4156
2861 4157
2861 4268
2861 4529
2861 4770
2861 4945
2862 3449
2862 3795
2862 3858
2862 4130
2862 4139
2862 5028
2862 5065
2863 4378
2863 4714
2863 5081
2864 4848
2865 3502
2866 2900
2866 3043
2866 3493
2866 3500
2866 3777
2866 3891
2866 4022
2866 4057
2866 4152
2866 4166
2866 4232
2866 4281
2866 4323
2866 4407
2866 4508
2866 4552
2866 4600
2866 4680
2866 4711
2866 4751
2866 4980
2866 5055
2866 5147
2867 2927
2867 2935
2867 3114
2867 3790
2867 3970
2867 4087
2867 4240
2867 4403
2867 5005
2868 4584
2869 3844
2870 3070
2870 3077
2870 3598
2870 3912
2870 4186
2870 4444
2870 4675
2870 4945
2870 5238
2872 4894
2873 4921
2874 3624
2874 4155
2874 4464
2876 3922
2877 5051
2878 2896
2878 3434
2878 3838
2879 3099
2880 3162
2881 3941
2882 2883
2882 4099
2883 4099
2885 4611
2886 3094
2886 3095
2886 3104
2886 3337
2886 3638
2886 3678
2886 3788
2886 3825
2886 3911
2886 4580
2886 4831
2886 4923
2886 4924
2886 5037
2887 4524
2887 4762
2887 4778
2888 3780
2889 3108
2889 3316
2889 4470
2889 4550
2889 4862
2890 3273
2890 5017
2890 5068
2891 4694
2891 4964
2892 5149
2893 4134
2893 4814
2894 4913
2896 3838
2898 5189
2899 5091
2900 3017
2900 3043
2900 3237
2900 3493
2900 3500
2900 3737
2900 3770
2900 3777
2900 3891
2900 4022
2900 4057
2900 4152
2900 4166
2900 4187
2900 4232
2900 4281
2900 4323
2900 4407
2900 4552
2900 4600
2900 4680
2900 4724
2900 4980
2900 5055
2900 5147
2901 2931
2901 2981
2901 3122
2901 3743
2901 4441
2902 3165
2902 3236
2902 3272
2902 4021
2902 4408
2902 4487
2902 4509
2903 4271
2904 2954
2904 2955
2904 3006
2904 3096
2904 3254
2904 3522
2904 3635
2904 3685
2904 3763
2904 3833
2904 3899
2904 3959
2904 4014
2904 4156
2904 4157
2904 4268
2904 4529
2904 4770
2904 4945
2905 3045
2905 3206
2905 3494
2905 3498
2905 3920
2905 4120
2905 4598
2905 4625
2905 4952
2905 5059
2909 2972
2909 3334
2909 3455
2909 3484
2909 3586
2909 4045
2909 4204
2909 4292
2909 4576
2909 4991
2910 3133
2912 3200
2912 3307
2912 3533
2912 4281
2912 4803
2912 5176
2913 3696
2914 3075
2914 3091
2914 3336
2914 4025
2914 4469
2915 3020
2915 3060
2915 3062
2915 3074
2915 3476
2915 3479
2915 3674
2915 3793
2915 3962
2915 4673
2915 4935
2915 4959
2916 3489
2916 3526
2916 3529
2916 3530
2916 3576
2916 3682
2916 4489
2916 4607
2916 4909
2916 4912
2916 4934
2916 5206
2919 4118
2919 4503
2920 3878
2920 4591
2921 4221
2921 4225
2922 2977
2922 3210
2922 3505
2923 3788
2924 3005
2924 3235
2925 2968
2925 3541
2925 4274
2925 4703
2927 2935
2927 3114
2927 3790
2927 3970
2927 4087
2927 4240
2927 4403
2927 5005
2928 4525
2930 3270
2930 4486
2930 4708
2931 3122
2931 3956
2931 4744
2931 4755
2931 4883
2931 5026
2935 3114
2935 3790
2935 3970
2935 4087
2935 4240
2935 4403
2935 5005
2937 4390
2938 5214
2939 3457
2941 3626
2941 3631
2942 4424
2943 3108
2944 3047
2944 3048
2944 4094
2944 4886
2946 4782
2947 3215
2947 4737
2948 3433
2949 3151
2950 3480
2951 4302
2952 3255
2952 3610
2953 3387
2953 4825
2953 4891
2954 2955
2954 3004
2954 3006
2954 3096
2954 3254
2954 3522
2954 3635
2954 3670
2954 3685
2954 3763
2954 3833
2954 3899
2954 3912
2954 3934
2954 3959
2954 4014
2954 4153
2954 4156
2954 4157
2954 4268
2954 4331
2954 4529
2954 4770
2954 4775
2954 4891
2954 4901
2954 4911
2954 4945
2955 3006
2955 3096
2955 3254
2955 3522
2955 3635
2955 3899
2955 3959
2955 4014
2955 4156
2955 4157
2955 4529
2955 4770
2955 4945
2956 4105
2957 4985
2958 3487
2959 3037
2964 3103
2964 4476
2965 5013
2966 3804
2966 3812
2966 4095
2966 4760
2966 5215
2968 3541
2968 4054
2968 4130
2968 4274
2968 4703
2970 3304
2970 4644
2971 3449
2972 3101
2974 4762
2975 4838
2976 3560
2976 3695
2976 4243
2977 3210
2977 3211
2977 3505
2977 3785
2978 3584
2978 3661
2979 3320
2979 4435
2980 4961
2981 3122
2981 3743
2981 4256
2981 4441
2982 3018
2984 4893
2985 3491
2985 4516
2987 2988
2989 3225
2989 3478
2989 4255
2989 4838
2990 3642
2990 5234
2991 3762
2991 4282
2995 4688
2996 3436
2996 3754
2996 4434
2996 4608
2996 4761
2996 4884
2996 4942
2996 5195
2997 4938
3000 3180
3003 3608
3004 3213
3004 3670
3004 3966
3004 4107
3004 4467
3004 4531
3005 3235
3005 3348
3005 4090
3005 4204
3005 4424
3005 4758
3006 3096
3006 3254
3006 3522
3006 3635
3006 3899
3006 3959
3006 4014
3006 4156
3006 4157
3006 4529
3006 4770
3006 4945
3007 4184
3008 3581
3009 4112
3009 4360
3009 4987
3011 3218
3011 4985
3012 3224
3012 3802
3013 4096
3015 3891
3015 4213
3016 3784
3016 3891
3016 4232
3016 4415
3016 4516
3016 4552
3016 4711
3017 4323
3017 4454
3017 4724
3017 4797
3017 5025
3017 5048
3019 3332
3019 4986
3020 3060
3020 3062
3020 3074
3020 3476
3020 3479
3020 3674
3020 3793
3020 3962
3020 4673
3020 4935
3020 4936
3020 4959
3021 3377
3021 4617
3022 3706
3024 3201
3024 3425
3024 4126
3024 4303
3024 4609
3024 4628
3025 3461
3025 3971
3025 4028
3025 4419
3025 4962
3026 3517
3026 4881
3027 3706
3029 3786
3030 4920
3030 5217
3031 3697
3032 4395
3033 3199
3033 3202
3033 3378
3033 3412
3033 4310
3034 3628
3034 4763
3035 4350
3036 3257
3036 5001
3040 3928
3041 3287
3041 3472
3043 3493
3043 3500
3043 3777
3043 3891
3043 4022
3043 4057
3043 4152
3043 4166
3043 4232
3043 4281
3043 4323
3043 4407
3043 4552
3043 4600
3043 4680
3043 4980
3043 5055
3043 5147
3045 3206
3047 4094
3047 4886
3048 4094
3048 4886
3049 3417
3049 5123
3049 5198
3050 4621
3050 4737
3051 3367
3051 4314
3051 4586
3051 4643
3051 4649
3051 4726
3051 4815
3051 5109
3052 4197
3053 3203
3053 3373
3053 4636
3054 4008
3054 4177
3054 4402
3054 4532
3054 5050
3054 5058
3055 4790
3057 4553
3058 4114
3058 4288
3059 4189
3060 3062
3060 3074
3060 3476
3060 3479
3060 3674
3060 3793
3060 3962
3060 4673
3060 4935
3060 4936
3060 4959
3061 3946
3062 3074
3062 3476
3062 3479
3062 3674
3062 3793
3062 3962
3062 4673
3062 4935
3062 4936
3062 4959
3063 4052
3065 4768
3066 4431
3066 4640
3068 3155
3068 3483
3068 3733
3068 3956
3068 3993
3068 4137
3068 4532
3069 5068
3070 3894
3071 3812
3071 4072
3073 4251
3074 3476
3074 3479
3074 3674
3074 3793
3074 3962
3074 4673
3074 4935
3074 4936
3074 4959
3075 3133
3075 3829
3075 4939
3076 4017
3077 3985
3077 4444
3078 4477
3079 4598
3080 3239
3080 4772
3080 5003
3082 3392
3082 4421
3083 3137
3083 4037
3085 3436
3085 4159
3086 4010
3086 5172
3090 4393
3090 4833
3093 4126
3093 4628
3094 3104
3095 3104
3095 3638
3095 3746
3095 3950
3095 3991
3095 4689
3095 4833
3095 4899
3096 3254
3096 3522
3096 3635
3096 3685
3096 3763
3096 3833
3096 3899
3096 3959
3096 4014
3096 4156
3096 4157
3096 4268
3096 4529
3096 4770
3096 4945
3097 3649
3097 3703
3098 5130
3099 3238
3102 3656
3103 3463
3103 3508
3104 3656
3104 3697
3104 4833
3104 4899
3105 3678
3106 4833
3107 5078
3109 3337
3111 3678
3111 4808
3112 3589
3113 4502
3113 4863
3113 5196
3114 3790
3114 3970
3114 4087
3114 4240
3114 4403
3114 5005
3115 3197
3115 4301
3115 4320
3115 4456
3115 4554
3115 4642
3115 4818
3115 5106
3116 3157
3116 3202
3116 4839
3116 5111
3118 3199
3118 4024
3120 4614
3121 4939
3122 3743
3122 4441
3123 3449
3123 4169
3123 4509
3123 4516
3123 4680
3123 4997
3124 3527
3124 4161
3126 4535
3126 4953
3128 3180
3128 3233
3128 3311
3128 3694
3128 4307
3128 4361
3128 5059
3133 3552
3136 5228
3137 4037
3137 4646
3137 4689
3138 3175
3138 4518
3139 3495
3139 3654
3139 3976
3142 4394
3143 5211
3143 5221
3144 3493
3144 4341
3145 4382
3146 4201
3146 4888
3149 3178
3149 3369
3149 5110
3150 3404
3150 3758
3150 4455
3150 4507
3150 4768
3150 4891
3150 4919
3151 3727
3151 4150
3153 3539
3153 4644
3154 3710
3154 4939
3154 5097
3155 3733
3156 4246
3156 4248
3156 4571
3157 3200
3157 4253
3157 4310
3157 4320
3157 4839
3158 4115
3158 4969
3160 4859
3161 3371
3161 5211
3163 3419
3164 4181
3165 3236
3165 3272
3165 4021
3165 4408
3165 4487
3165 4509
3166 4561
3167 3667
3168 4793
3168 5110
3169 3259
3169 4273
3171 3628
3172 3752
3172 5004
3172 5073
3173 3983
3175 3563
3175 3698
3175 4113
3175 4518
3177 4517
3177 4941
3178 3369
3178 5110
3179 4948
3180 3787
3180 3987
3180 4752
3181 3182
3183 3371
3183 5205
3184 3852
3184 4208
3185 4112
3190 4306
3192 3435
3192 3879
3195 3574
3195 3988
3195 3993
3195 4137
3195 4420
3195 4493
3197 4312
3197 4456
3197 4642
3197 5142
3199 3202
3199 3439
3199 4319
3199 4729
3200 3202
3200 3307
3200 3414
3200 3533
3200 4058
3200 4126
3200 4263
3200 4281
3200 4303
3200 4320
3200 4521
3200 4628
3200 4629
3200 4694
3200 4803
3200 5176
3201 3425
3201 4126
3202 4062
3202 4303
3202 4320
3202 4382
3202 4555
3202 4628
3202 4791
3202 4879
3202 5111
3203 3373
3203 4636
3204 4349
3204 4635
3204 4729
3204 5107
3204 5150
3205 3231
3206 3494
3206 3832
3206 4120
3206 4466
3206 4952
3206 5059
3207 3528
3208 4933
3209 5105
3210 3505
3210 3785
3210 4473
3210 4651
3215 4737
3215 5103
3217 3895
3217 4588
3217 4919
3218 4316
3218 4985
3219 4361
3219 4491
3219 4768
3220 3232
3220 3811
3222 3378
3222 4062
3222 4133
3222 4135
3224 3226
3224 3228
3224 3229
3224 4619
3225 4255
3226 3229
3227 3827
3228 4619
3230 4926
3230 4937
3232 3462
3232 3886
3234 3563
3235 4350
3236 3272
3236 4021
3236 4408
3236 4487
3236 4509
3237 3737
3237 3770
3237 4187
3237 4323
3237 5055
3239 3641
3239 3859
3240 3447
3240 4103
3242 4232
3242 4613
3245 3686
3246 4956
3247 4798
3247 5091
3247 5140
3247 5205
3247 5217
3248 4041
3250 4528
3252 3604
3252 4208
3253 3885
3254 3522
3254 3635
3254 3685
3254 3763
3254 3833
3254 3899
3254 3959
3254 4014
3254 4156
3254 4157
3254 4268
3254 4529
3254 4770
3254 4945
3256 4498
3257 3401
3257 4281
3257 4718
3257 5001
3258 4828
3260 3589
3260 3991
3260 4356
3260 4641
3262 4471
3263 3334
3263 3600
3263 3969
3263 5052
3264 3363
3264 3948
3265 5117
3266 3341
3267 3305
3267 3745
3267 3770
3268 3745
3268 3770
3269 4488
3269 4651
3269 4695
3269 5075
3270 4486
3270 4708
3271 4883
3272 4021
3272 4408
3272 4487
3272 4509
3273 4085
3273 5068
3275 4583
3276 3841
3276 3912
3277 5205
3277 5212
3278 4085
3279 3953
3279 4146
3279 4998
3280 3739
3281 4895
3282 3502
3283 3346
3283 3824
3284 3346
3284 4424
3284 4922
3285 3587
3285 4809
3287 3472
3290 4780
3292 4819
3292 4972
3293 3679
3294 4837
3296 3930
3299 3462
3299 4086
3300 3740
3301 4987
3302 3462
3303 3346
3303 3355
3303 3438
3305 3745
3305 3770
3307 3533
3307 4281
3307 4803
3307 5176
3308 3345
3308 3945
3308 3963
3308 4968
3309 3729
3310 4809
3314 3937
3315 3462
3315 4645
3316 4470
3318 4076
3318 4360
3319 4218
3320 4435
3321 3902
3323 4091
3324 3954
3325 3874
3327 4516
3328 4074
3328 4550
3329 4893
3334 3969
3334 4656
3335 4069
3336 3399
3336 4164
3336 4206
3336 4767
3336 5240
3337 3392
3337 3788
3337 3825
3337 3911
3337 4076
3337 4386
3337 4550
3337 4580
3337 4831
3337 5037
3338 3580
3339 3929
3340 4151
3340 4291
3342 3502
3345 3945
3345 3963
3345 4968
3346 3355
3346 3438
3346 3678
3346 3770
3346 3824
3346 4028
3346 4040
3346 4424
3346 4709
3346 4922
3347 3350
3348 4002
3348 4170
3348 4204
3348 4677
3348 4758
3348 4946
3349 3808
3350 3697
3351 4132
3351 4320
3351 4737
3352 3903
3352 4454
3353 5103
3355 3438
3355 3958
3355 5146
3355 5196
3356 4128
3357 3664
3357 3979
3357 4688
3358 3589
3362 3514
3365 5143
3366 3449
3366 4061
3366 4609
3367 4314
3367 4586
3367 4643
3367 4649
3367 4726
3367 4815
3367 5109
3368 5104
3369 5110
3371 4309
3371 5211
3372 3923
3372 4774
3373 4636
3374 4305
3374 4817
3375 3502
3376 4305
3377 4617
3378 3412
3378 4133
3378 4310
3381 4236
3381 4664
3381 4965
3382 4958
3385 4919
3386 4773
3386 5180
3388 3634
3389 4193
3389 4777
3390 3721
3390 5141
3391 4418
3391 4492
3392 3827
3392 4076
3392 4138
3392 4421
3392 4542
3392 4733
3392 4987
3394 4880
3399 4598
3400 4491
3403 3606
3404 4343
3404 4919
3406 4195
3406 4796
3406 4989
3408 4663
3409 3671
3410 3629
3411 4020
3411 4931
3412 4349
3413 3451
3414 4303
3415 4317
3417 5123
3417 5198
3418 3492
3419 5033
3420 3712
3420 3890
3420 4828
3421 4043
3421 4535
3421 5041
3424 4961
3425 3689
3425 4126
3425 4229
3425 4579
3425 4694
3427 5048
3429 3681
3430 4353
3430 4970
3432 4101
3433 4741
3434 3465
3434 4652
3434 4889
3435 3879
3436 3754
3436 4159
3436 4434
3436 4608
3436 4761
3436 4884
3436 4942
3436 5195
3439 4729
3440 3750
3441 3787
3442 4840
3443 4507
3445 4063
3445 4305
3445 4817
3446 5059
3447 4103
3447 5020
3448 4975
3449 3689
3449 3795
3449 3858
3449 4130
3449 4139
3449 4205
3449 4609
3449 4835
3449 4883
3449 5028
3449 5065
3450 5173
3451 5152
3452 4823
3452 5122
3453 4610
3456 3991
3456 4641
3459 3860
3461 3971
3461 4028
3461 4419
3461 4962
3462 4275
3462 4481
3462 4482
3462 4548
3463 3508
3465 3628
3467 3787
3467 5191
3468 4926
3469 4520
3469 5019
3470 3853
3470 3854
3470 3960
3470 4112
3470 4360
3470 4421
3470 4661
3470 4987
3471 4371
3471 5010
3473 3678
3475 3497
3475 3601
3476 3479
3476 3674
3476 3793
3476 3962
3476 4673
3476 4935
3476 4936
3476 4959
3479 3674
3479 3793
3479 3962
3479 4673
3479 4935
3479 4959
3482 3724
3482 4868
3484 3586
3487 3808
3488 4588
3489 3526
3489 3529
3489 3530
3489 3576
3489 3682
3489 4489
3489 4607
3489 4909
3489 4912
3489 4934
3489 5206
3490 4205
3490 4390
3491 3716
3491 4516
3491 4869
3492 3523
3492 4510
3492 4752
3493 3500
3493 3777
3493 3889
3493 3891
3493 4022
3493 4057
3493 4152
3493 4166
3493 4232
3493 4281
3493 4323
3493 4341
3493 4392
3493 4407
3493 4451
3493 4474
3493 4516
3493 4552
3493 4600
3493 4613
3493 4680
3493 4980
3493 5045
3493 5055
3493 5147
3494 3498
3495 3654
3495 3976
3496 4158
3496 4380
3496 5079
3497 3601
3500 3777
3500 3891
3500 4022
3500 4057
3500 4152
3500 4166
3500 4232
3500 4281
3500 4323
3500 4407
3500 4552
3500 4600
3500 4680
3500 4980
3500 5055
3500 5147
3502 3664
3503 5185
3503 5186
3504 4438
3504 5044
3506 4838
3509 4377
3509 5146
3510 4622
3510 5120
3511 3595
3511 3607
3511 3734
3511 3791
3511 3938
3511 4541
3511 4582
3512 5137
3514 4311
3514 4429
3515 3565
3515 3844
3515 4372
3516 3637
3517 3730
3517 4881
3518 4455
3520 4940
3521 4122
3522 3635
3522 3685
3522 3763
3522 3833
3522 3899
3522 3959
3522 4014
3522 4156
3522 4157
3522 4268
3522 4529
3522 4770
3522 4945
3524 4437
3525 3968
3525 4792
3526 3529
3526 3530
3526 3576
3526 3682
3526 4489
3526 4607
3526 4909
3526 4912
3526 4934
3526 5206
3529 3530
3529 3576
3529 3682
3529 4489
3529 4607
3529 4909
3529 4912
3529 4934
3529 5206
3530 3576
3530 3682
3530 4489
3530 4607
3530 4909
3530 4912
3530 4934
3530 5206
3531 3567
3531 4452
3533 4281
3533 4803
3533 5176
3534 4700
3536 5046
3539 4049
3539 4644
3541 4274
3541 4703
3542 4857
3543 3636
3543 3647
3543 4854
3544 4281
3544 4638
3547 4142
3547 4735
3548 3750
3548 3957
3548 4208
3548 4580
3548 4762
3548 5220
3548 5232
3549 4632
3550 3601
3550 3761
3550 4409
3552 4386
3552 5205
3552 5236
3557 4462
3558 4919
3559 4210
3559 4976
3562 4713
3562 4974
3563 3698
3563 4113
3565 4503
3566 4279
3567 3969
3567 4452
3567 4790
3569 4537
3570 4473
3570 5201
3573 5202
3574 3993
3574 4137
3574 4175
3574 4411
3574 4493
3574 4595
3575 4279
3576 3682
3576 4489
3576 4607
3576 4909
3576 4912
3576 4934
3576 5206
3577 4454
3577 5082
3579 3728
3581 4866
3581 5199
3582 4987
3583 3996
3584 3661
3587 3940
3589 3991
3590 4353
3590 4970
3591 4424
3592 3632
3592 4875
3593 4903
3595 3607
3595 3734
3595 3791
3595 3938
3595 4541
3595 4582
3598 4945
3600 3664
3600 4694
3601 3761
3601 4409
3601 4928
3601 5169
3602 3961
3602 4745
3602 4961
3604 3659
3604 3692
3604 3909
3604 4208
3604 4492
3604 4838
3605 4176
3607 3734
3607 3791
3607 3938
3607 4541
3607 4582
3609 4391
3611 3647
3614 4180
3614 4294
3616 4891
3616 4920
3617 4920
3619 4166
3619 4680
3620 3689
3620 3955
3622 3866
3622 3906
3622 4183
3622 4191
3622 4412
3622 4478
3622 4541
3622 4569
3622 4734
3624 3912
3624 4155
3624 4464
3625 4423
3626 3631
3627 4686
3627 4963
3628 3800
3628 3934
3628 4232
3628 4442
3628 4447
3628 4596
3628 4644
3628 4763
3628 4911
3628 5119
3628 5172
3630 4281
3630 5179
3631 3868
3631 4250
3631 4451
3631 4599
3632 3798
3632 5231
3635 3685
3635 3763
3635 3833
3635 3899
3635 3959
3635 4014
3635 4156
3635 4157
3635 4268
3635 4529
3635 4770
3635 4945
3636 4891
3642 5234
3644 4220
3644 5029
3646 3660
3646 3722
3646 3856
3646 4130
3646 4464
3647 3991
3647 4026
3653 3873
3654 4825
3655 4662
3656 4424
3656 4922
3657 3967
3658 3666
3658 3900
3658 4124
3658 4730
3659 4047
3659 4104
3659 4279
3659 4362
3659 4421
3659 4887
3660 3722
3660 3856
3660 4130
3660 4464
3664 3979
3664 4453
3664 4539
3664 4694
3666 4124
3666 4730
3667 3994
3667 5092
3669 4727
3672 4173
3674 3793
3674 3962
3674 4673
3674 4935
3674 4936
3674 4959
3675 4027
3675 4957
3675 5098
3676 4961
3678 3764
3678 3824
3678 4808
3679 4754
3680 4000
3681 4907
3682 4489
3682 4607
3682 4909
3682 4912
3682 4934
3682 5206
3684 5056
3685 3763
3685 3833
3685 3959
3685 4014
3685 4157
3685 4268
3685 4459
3685 4492
3689 4126
3689 4374
3689 4579
3689 4694
3689 4697
3689 4939
3689 5046
3690 4545
3692 3763
3692 4492
3693 4539
3693 4578
3693 4691
3693 4820
3694 4810
3694 5052
3697 4790
3697 4891
3697 4927
3698 4113
3698 4232
3698 4613
3699 4348
3701 4153
3702 4249
3705 4898
3706 4077
3706 4298
3709 4840
3710 4510
3710 5097
3711 5097
3712 3890
3712 4828
3713 3944
3713 4574
3715 4785
3720 4587
3723 3757
3723 4130
3724 4868
3724 5049
3725 3815
3734 3791
3734 3938
3734 4541
3734 4582
3735 3736
3737 4323
3738 3992
3738 5100
3739 4539
3739 4766
3741 4954
3742 3915
3742 4704
3743 4441
3745 3770
3745 3956
3745 4232
3745 4552
3745 5026
3746 3950
3748 4247
3749 4830
3750 4112
3752 5004
3752 5073
3754 4434
3754 4608
3754 4761
3754 4884
3754 4942
3754 5195
3756 4437
3757 4130
3758 4742
3759 4322
3760 4512
3761 4928
3761 5169
3763 3833
3763 3959
3763 4014
3763 4157
3763 4268
3763 4492
3764 4808
3767 4424
3767 4758
3768 4628
3769 4698
3769 4758
3770 4018
3770 4028
3770 4116
3770 4187
3770 4232
3770 4323
3770 4552
3770 4699
3770 5055
3772 3961
3772 4745
3773 4200
3773 4435
3773 4781
3774 4693
3775 4184
3776 4007
3777 3891
3777 4022
3777 4057
3777 4152
3777 4166
3777 4232
3777 4281
3777 4323
3777 4407
3777 4552
3777 4600
3777 4680
3777 4980
3777 5055
3777 5147
3781 4339
3782 5094
3783 4184
3786 4167
3787 5191
3788 4074
3788 4550
3788 4580
3788 4967
3790 3970
3790 4087
3790 4240
3790 4403
3790 5005
3791 3938
3791 4541
3791 4582
3792 4974
3793 3962
3793 4673
3793 4935
3793 4936
3793 4959
3795 3858
3795 4130
3795 4139
3795 5028
3795 5065
3797 3855
3797 3941
3797 5178
3798 4974
3798 5231
3800 5119
3805 4974
3807 3897
3807 5015
3809 4939
3810 5235
3812 3881
3812 4072
3812 4184
3812 5215
3813 4599
3820 4121
3820 4246
3821 5105
3822 4947
3822 5097
3824 4040
3826 4094
3826 4153
3826 4886
3829 4515
3829 4546
3830 4674
3833 3959
3833 4014
3833 4157
3833 4268
3834 5185
3836 4188
3836 4281
3836 5238
3837 3888
3839 4783
3840 4473
3840 4556
3842 3872
3843 5173
3844 4386
3845 4405
3845 4564
3849 4054
3849 4059
3849 4492
3851 4312
3851 4320
3852 4208
3853 4109
3853 4644
3853 4661
3854 4661
3855 3941
3855 5178
3856 4464
3857 4552
3857 5154
3858 4130
3858 4139
3858 5028
3858 5065
3859 5048
3863 3872
3863 4160
3865 3991
3866 3906
3866 4183
3866 4191
3866 4412
3866 4478
3866 4541
3866 4569
3866 4734
3871 4618
3872 3879
3872 4160
3872 4713
3872 4819
3872 5003
3874 3995
3875 3997
3875 5088
3875 5099
3875 5200
3875 5209
3876 4281
3876 4997
3876 5176
3878 4591
3880 4136
3881 4184
3884 3980
3890 4828
3891 4022
3891 4057
3891 4152
3891 4166
3891 4232
3891 4281
3891 4303
3891 4323
3891 4407
3891 4516
3891 4552
3891 4600
3891 4680
3891 4711
3891 4834
3891 4980
3891 5055
3891 5147
3891 5148
3891 5183
3892 4067
3892 4208
3892 4775
3892 4838
3894 4914
3895 4588
3896 4728
3896 4943
3897 5015
3899 3959
3899 4014
3899 4156
3899 4157
3899 4529
3899 4770
3899 4945
3903 4454
3904 5011
3906 4183
3906 4191
3906 4412
3906 4478
3906 4541
3906 4569
3906 4734
3907 4162
3907 4826
3908 4849
3909 4838
3910 4795
3912 4710
3913 3960
3913 4644
3913 4650
3916 4827
3920 4625
3920 4655
3920 5059
3921 4634
3921 4739
3923 4774
3924 4440
3925 4896
3927 4532
3927 4994
3927 5050
3931 4971
3932 5048
3933 4736
3934 4775
3934 4911
3935 4112
3935 4987
3938 4541
3938 4582
3941 5178
3945 3963
3945 4968
3953 4146
3953 4998
3956 3993
3956 4137
3956 4532
3956 4743
3956 4744
3956 4755
3956 4864
3956 4883
3956 5026
3959 4014
3959 4156
3959 4157
3959 4268
3959 4529
3959 4770
3959 4945
3960 4245
3960 4476
3960 4644
3961 4046
3961 4519
3961 4745
3961 4961
3962 4673
3962 4935
3962 4936
3962 4959
3963 4968
3964 4475
3965 4336
3965 4570
3966 4107
3968 4092
3968 4709
3968 4792
3970 4087
3970 4240
3970 4403
3970 5005
3971 4028
3971 4419
3971 4962
3972 4668
3974 4236
3975 4088
3975 4819
3978 4154
3979 4688
3980 4010
3980 4424
3980 4746
3983 4444
3986 4897
3988 3993
3988 4420
3990 4525
3991 4415
3991 4641
3991 4689
3991 4829
3992 5100
3993 4137
3993 4420
3993 4493
3993 4532
3994 5092
3995 4383
3997 5088
3997 5099
3997 5200
3997 5209
3999 4335
3999 4337
3999 4707
4001 4222
4003 5080
4004 5219
4005 4720
4005 4955
4006 5085
4007 4563
4007 4798
4008 4177
4008 4402
4008 4532
4008 5050
4008 5058
4009 4535
4010 5172
4011 4634
4012 4013
4012 5164
4013 5164
4013 5222
4014 4156
4014 4157
4014 4268
4014 4529
4014 4770
4014 4945
4015 4112
4018 4495
4019 4406
4019 4957
4021 4408
4021 4487
4021 4509
4022 4057
4022 4152
4022 4166
4022 4232
4022 4281
4022 4323
4022 4407
4022 4552
4022 4600
4022 4680
4022 4980
4022 5055
4022 5147
4023 4184
4024 4427
4025 4784
4027 4957
4027 5098
4028 4419
4028 4962
4028 4982
4029 4050
4029 4308
4034 4379
4034 4886
4035 4987
4035 5091
4036 5165
4038 4174
4038 4890
4040 4709
4042 5182
4043 4246
4043 4438
4043 5041
4046 4745
4046 4802
4048 4126
4050 4308
4051 4483
4053 4689
4053 4896
4053 5057
4054 4059
4054 4084
4054 4130
4054 4328
4054 4459
4054 4492
4056 4061
4056 4425
4057 4152
4057 4166
4057 4232
4057 4281
4057 4323
4057 4407
4057 4552
4057 4600
4057 4680
4057 4980
4057 5055
4057 5147
4058 4281
4058 4303
4058 4312
4058 4731
4059 4492
4060 5020
4061 4425
4061 4628
4061 4635
4062 4133
4062 4312
4062 4556
4062 4605
4062 5141
4064 4484
4064 5036
4065 4317
4066 4719
4067 4891
4072 4251
4073 4886
4074 4550
4076 4360
4077 4298
4079 4681
4079 5071
4080 4522
4081 4522
4084 4459
4087 4240
4087 4403
4087 5005
4094 4241
4094 4886
4098 4500
4103 4353
4103 4970
4109 4661
4111 4901
4112 4360
4112 4661
4112 4987
4115 4969
4116 4535
4116 4699
4116 4953
4116 5059
4119 4288
4125 4127
4126 4303
4126 4320
4126 4521
4126 4609
4126 4628
4126 4694
4126 4813
4126 4986
4126 5108
4126 5110
4130 4139
4130 5028
4130 5065
4134 4814
4137 4175
4137 4411
4137 4493
4137 4532
4137 4595
4138 4421
4138 4733
4139 5028
4139 5065
4140 4735
4141 4143
4141 4898
4142 4735
4143 4299
4143 4898
4144 4196
4146 4147
4152 4166
4152 4232
4152 4281
4152 4323
4152 4407
4152 4552
4152 4600
4152 4680
4152 4980
4152 5055
4152 5147
4153 4331
4153 4945
4155 4464
4156 4157
4156 4355
4156 4529
4156 4770
4156 4945
4157 4268
4157 4529
4157 4770
4157 4945
4162 4826
4163 4537
4164 4764
4165 5046
4166 4232
4166 4281
4166 4323
4166 4407
4166 4552
4166 4600
4166 4680
4166 4980
4166 5055
4166 5147
4169 4281
4169 4680
4169 4997
4171 4504
4175 4411
4175 4595
4177 4402
4177 4532
4177 5050
4177 5058
4180 4573
4180 5069
4180 5082
4181 4208
4181 5035
4182 4960
4183 4191
4183 4412
4183 4478
4183 4541
4183 4569
4183 4600
4183 4734
4183 5055
4184 4244
4184 4721
4186 5238
4187 4323
4187 4699
4187 5055
4191 4412
4191 4478
4191 4541
4191 4569
4191 4734
4193 4777
4194 4537
4195 4796
4195 4989
4198 5040
4201 4888
4202 4398
4202 4809
4204 4745
4205 4390
4205 4883
4205 5047
4206 4767
4206 5240
4208 4676
4208 5035
4208 5220
4212 4535
4214 4217
4217 4800
4217 4932
4220 5029
4220 5218
4221 4225
4221 4599
4224 5020
4227 4905
4232 4281
4232 4323
4232 4407
4232 4508
4232 4516
4232 4552
4232 4600
4232 4613
4232 4680
4232 4693
4232 4711
4232 4751
4232 4980
4232 4990
4232 5045
4232 5055
4232 5147
4234 4796
4236 4664
4237 5173
4240 4403
4240 5005
4241 4886
4242 4598
4245 4246
4245 4258
4245 4262
4246 4248
4246 4258
4246 4262
4248 4385
4248 4571
4250 4451
4250 4599
4250 4894
4262 5044
4266 4566
4267 4404
4270 5216
4274 4703
4275 4481
4276 4388
4276 5207
4276 5213
4278 4659
4279 4433
4280 5012
4281 4303
4281 4323
4281 4407
4281 4552
4281 4600
4281 4638
4281 4680
4281 4803
4281 4834
4281 4980
4281 4997
4281 5055
4281 5140
4281 5147
4281 5176
4281 5179
4282 4707
4282 4710
4289 4290
4290 5216
4295 4497
4295 4885
4297 4534
4299 4898
4301 4320
4301 5106
4302 4626
4303 4320
4303 4609
4303 4628
4303 4629
4303 4834
4305 4817
4307 5059
4309 4999
4311 4429
4312 4320
4312 4552
4312 4593
4312 4605
4312 4711
4312 4990
4312 5046
4312 5142
4313 5149
4314 4586
4314 4643
4314 4649
4314 4726
4314 4815
4314 5109
4316 4789
4316 5095
4319 4729
4320 4737
4320 5106
4321 4811
4323 4407
4323 4552
4323 4600
4323 4680
4323 4699
4323 4980
4323 5055
4323 5147
4323 5233
4324 4325
4328 4753
4328 5163
4330 5096
4331 4945
4333 4349
4334 4872
4334 5101
4334 5102
4336 4570
4343 4919
4344 5084
4346 4490
4349 5124
4352 4809
4353 4970
4354 4543
4355 5029
4357 5048
4359 4671
4360 4987
4361 4491
4361 4768
4364 4461
4365 4462
4366 4461
4368 4557
4368 4558
4368 4861
4370 5161
4371 5010
4372 5061
4374 5046
4376 4485
4376 4973
4378 5081
4379 4480
4379 4886
4380 4796
4380 4989
4382 4628
4382 4879
4382 5070
4384 4840
4387 4446
4388 5213
4390 4883
4393 4961
4396 4551
4397 4474
4397 4913
4398 4809
4400 4557
4402 4532
4402 5050
4402 5058
4403 5005
4404 4438
4406 4957
4407 4552
4407 4600
4407 4680
4407 4980
4407 5055
4407 5147
4408 4487
4408 4509
4411 4595
4412 4478
4412 4541
4412 4569
4412 4734
4415 4449
4416 4996
4416 5125
4417 4955
4418 4492
4419 4962
4421 4542
4421 4733
4424 4922
4425 4635
4425 4839
4425 5121
4428 5013
4429 5130
4434 4608
4434 4761
4434 4884
4434 4942
4434 5195
4437 4439
4442 4596
4443 4462
4444 4939
4445 4598
4445 5059
4446 4740
4450 5063
4451 4599
4452 4790
4454 4550
4454 4573
4454 4797
4454 4864
4454 5048
4454 5082
4456 4585
4456 4642
4457 4731
4461 4727
4467 4671
4467 4918
4467 4930
4473 4491
4473 4556
4473 4651
4474 4913
4478 4541
4478 4569
4478 4734
4481 4482
4484 5036
4485 4973
4486 4708
4487 4509
4488 4651
4488 4695
4488 5075
4489 4607
4489 4909
4489 4912
4489 4934
4489 5206
4491 4527
4491 4768
4491 4842
4492 4790
4492 5141
4496 4840
4497 4885
4507 5046
4507 5223
4514 5031
4516 4552
4516 4613
4516 4711
4517 4941
4519 4745
4520 5019
4521 4628
4521 4986
4523 5171
4525 4745
4526 4811
4526 4997
4527 4768
4529 4770
4529 4945
4530 4939
4531 4771
4532 4994
4532 5050
4532 5058
4535 4953
4536 4964
4538 4896
4538 5074
4539 4691
4539 4766
4539 4844
4541 4569
4541 4582
4541 4734
4547 4988
4547 5153
4547 5157
4549 4642
4550 4974
4550 5181
4552 4562
4552 4593
4552 4600
4552 4620
4552 4680
4552 4711
4552 4732
4552 4751
4552 4980
4552 4990
4552 5046
4552 5055
4552 5093
4552 5147
4552 5154
4554 4818
4556 5141
4557 4558
4557 4861
4559 5178
4562 5154
4568 4847
4569 4734
4573 4847
4573 5069
4573 5082
4575 4658
4578 4691
4578 4820
4579 4694
4580 4762
4580 4776
4583 5194
4584 4615
4584 4616
4584 4824
4586 4643
4586 4649
4586 4726
4586 4815
4586 5109
4586 5142
4593 4711
4593 4990
4593 5046
4598 5024
4598 5177
4600 4680
4600 4980
4600 5055
4600 5147
4605 4737
4607 4909
4607 4912
4607 4934
4607 5206
4608 4761
4608 4884
4608 4942
4608 5195
4609 4615
4609 4628
4609 4643
4613 4693
4615 4616
4615 4824
4615 5112
4620 5154
4621 4737
4621 5104
4623 4825
4625 5059
4628 4643
4628 4694
4628 4879
4628 4919
4628 5108
4628 5110
4633 5126
4633 5139
4634 4738
4634 4739
4641 4819
4643 4726
4643 4815
4643 5109
4643 5213
4644 4650
4644 4661
4644 5172
4649 4726
4649 4815
4649 5109
4651 4695
4651 5075
4659 5132
4660 5180
4661 4987
4663 5014
4666 4792
4673 4935
4673 4959
4678 4725
4680 4980
4680 4997
4680 5055
4680 5147
4681 4796
4681 5071
4684 4983
4686 4963
4689 5057
4691 4820
4692 5023
4694 4964
4694 5060
4695 5075
4698 4757
4698 4758
4705 4840
4707 4710
4711 4751
4711 4990
4711 5046
4713 4974
4716 5127
4718 4854
4720 4955
4723 4756
4725 4779
4725 5080
4726 4815
4726 5109
4728 4943
4729 5150
4732 5154
4735 4790
4735 4836
4737 4790
4737 5103
4737 5104
4743 4864
4744 4755
4744 4883
4744 5026
4745 4767
4745 4961
4745 5027
4752 5174
4753 5053
4755 4883
4755 5026
4758 4946
4761 4884
4761 4942
4761 5195
4762 5220
4767 4961
4767 5240
4768 4842
4770 4945
4773 5180
4775 4911
4778 4825
4779 5080
4784 4953
4787 4999
4789 5095
4790 4927
4790 5104
4790 5141
4793 5110
4796 4797
4796 4989
4797 5048
4798 5205
4798 5217
4799 4900
4800 4932
4803 5176
4804 4863
4806 4838
4810 5052
4811 4997
4815 5109
4819 4972
4823 5122
4825 4883
4825 4891
4828 4974
4831 5037
4833 4899
4834 4837
4834 5148
4838 5006
4838 5173
4841 4893
4842 4957
4847 5128
4855 5181
4856 4938
4858 4919
4858 5056
4863 5196
4864 5184
4866 5199
4868 5049
4871 4962
4872 5101
4872 5102
4879 5070
4883 5026
4884 4942
4884 5195
4891 4901
4891 4920
4896 5074
4909 4912
4909 4934
4909 5206
4912 4934
4912 5206
4913 5051
4916 4977
4918 4930
4918 4941
4919 4957
4919 5056
4920 5217
4934 5206
4935 4959
4936 4959
4940 4956
4942 5195
4947 5097
4953 5062
4957 5098
4961 5240
4967 5184
4967 5197
4974 5229
4980 5055
4980 5147
4987 5091
4988 5153
4988 5157
4990 5046
4994 5050
4997 5176
4998 5151
5004 5073
5008 5025
5028 5065
5043 5070
5046 5065
5050 5058
5055 5147
5055 5224
5069 5082
5087 5090
5088 5099
5088 5200
5088 5209
5099 5200
5099 5209
5101 5102
5106 5149
5119 5131
5123 5198
5126 5139
5129 5155
5153 5157
5200 5209
5205 5212
5205 5213
5211 5221
0
