9875 25973
0 760
0 2930
0 8404
1 1037
1 3553
2 102
2 464
2 724
2 903
2 6036
2 7932
2 8221
2 9356
2 9414
3 178
3 5585
4 7257
5 964
5 2944
5 7875
5 8095
6 8628
6 9440
7 3769
7 6975
8 2592
8 6600
9 327
10 7143
11 5184
11 6981
12 13
12 76
12 216
12 520
12 1011
12 1090
12 1631
12 1698
12 1748
12 1898
12 2341
12 2381
12 2469
12 3225
12 4166
12 4884
12 5195
12 5501
12 5684
12 5697
12 7404
12 7575
12 8172
12 8317
12 8370
12 8486
12 8580
12 9312
12 9697
12 9813
13 1011
13 1090
13 1748
13 1898
13 2617
13 2939
13 3225
13 7404
13 7575
13 8317
13 8370
13 9096
13 9697
14 4790
15 5106
15 7273
16 346
16 641
16 1353
16 1817
16 5679
16 7280
16 8694
17 284
17 923
17 4682
18 3284
18 3978
18 4093
18 5963
18 5972
18 7666
18 8828
18 9014
19 398
19 8581
19 8646
20 5370
20 5957
20 9034
21 183
21 539
21 2520
21 3620
21 4143
21 4272
21 4340
21 4730
21 7022
21 7036
21 7731
21 7933
22 8285
23 9189
24 2309
25 1636
26 179
26 2763
26 7954
27 81
27 323
27 4171
27 7980
28 1645
28 2018
28 5046
28 6134
28 7587
28 9486
29 245
29 1471
29 9655
30 1012
30 5856
31 4134
31 7417
32 713
32 6231
32 6980
32 9175
33 520
33 1003
33 1748
33 2093
33 2841
33 3341
33 3539
33 3660
33 5820
33 6100
33 6110
33 6365
33 6370
33 8120
33 9515
34 2379
34 7611
35 66
35 1225
36 2254
36 3633
36 8245
37 668
37 5280
37 9758
38 325
38 1725
38 4457
38 5011
38 9262
39 839
40 350
40 2096
41 2500
42 599
42 5915
42 9089
43 78
43 1567
43 2376
43 2712
43 3091
43 3512
43 3591
43 4213
43 4993
43 6378
43 6435
43 7489
43 8340
43 8368
43 8776
43 9074
43 9490
44 8561
45 3337
45 4816
45 9439
46 2360
47 939
47 1802
47 2990
47 3258
47 3589
47 4538
47 4868
47 5176
47 6423
47 6795
47 7365
47 9055
47 9072
48 3299
48 8255
49 8833
50 4813
50 6118
51 2940
51 4300
51 8209
51 9098
51 9109
51 9191
52 737
52 839
52 1375
53 1531
53 2291
53 5994
54 7404
54 7783
55 2150
55 4290
55 5903
55 6016
55 7396
55 8565
56 2257
56 6878
56 8130
57 6968
57 7912
57 7945
58 724
58 935
58 2523
58 8742
58 9414
59 3240
59 3600
60 528
60 7994
61 125
62 1326
62 2952
62 3484
62 6177
62 7142
63 744
63 862
63 899
63 939
63 949
63 1542
63 1676
63 2296
63 2362
63 2660
63 2777
63 3445
63 3554
63 3614
63 3788
63 4666
63 5308
63 5323
63 5401
63 5481
63 5733
63 6104
63 6581
63 6785
63 6870
63 6983
63 7109
63 7360
63 7448
63 7697
63 7948
64 7428
65 669
65 1505
66 794
66 1225
66 2792
66 3935
66 6212
67 9762
68 319
68 2516
68 2767
68 5244
68 8629
68 8849
69 8275
70 191
70 2830
71 5673
71 5782
71 8050
72 2167
72 3778
72 4973
72 5405
72 5994
72 7615
73 231
73 771
73 2175
73 3534
73 4123
73 5590
73 7814
73 9353
73 9529
74 96
74 7314
75 2134
75 3182
75 3744
75 3879
75 5025
75 6428
75 7007
75 7507
75 7561
75 7676
75 8603
75 9426
75 9504
76 1012
76 4166
76 5684
77 764
77 9440
77 9690
78 2900
78 2994
78 3512
78 4032
78 4276
78 5046
78 5571
78 5613
78 6553
78 6912
78 7842
78 8474
78 8857
78 9074
79 7073
80 290
80 2318
80 9729
81 177
81 178
81 2763
81 4170
81 4171
81 7980
81 8580
82 178
82 4171
83 1220
83 3013
83 3774
83 6784
83 7908
84 1194
85 266
85 1322
85 1589
85 1641
85 2403
85 8422
86 1243
86 1283
86 3264
87 1872
87 3957
88 1872
88 3957
89 377
89 2231
89 9476
90 1706
90 5890
90 6692
90 7616
91 8246
92 1133
92 2537
92 2970
92 6218
93 231
93 1558
93 2858
93 6261
93 6914
93 7208
93 7336
93 8414
93 9076
94 522
94 735
94 2016
94 2313
94 2497
94 2669
94 2882
94 3065
94 3207
94 3692
94 3937
94 4358
94 4546
94 4584
94 5149
94 5471
94 6395
94 6461
94 6628
94 6722
94 7070
94 7732
94 7803
94 7887
94 8130
94 8298
94 8299
94 8300
94 8454
94 8751
94 9490
94 9601
94 9639
95 181
96 1132
96 2860
96 3872
96 3887
96 4231
96 7314
96 7689
97 5851
97 7495
97 8593
98 1810
98 2091
98 8999
98 9637
99 589
99 1446
99 1839
99 2306
99 3514
99 3742
99 3756
99 3859
99 4205
99 4208
99 4395
99 4493
99 4744
99 4752
99 5915
99 5988
99 6082
99 6309
99 6310
99 6479
99 6634
99 7199
99 7250
99 7298
99 7792
99 7944
99 8026
99 8149
99 8311
99 8370
99 8677
99 9508
99 9592
99 9594
99 9666
100 1316
100 6362
101 1497
101 1499
101 6557
102 464
102 724
102 7932
103 830
104 4087
104 4254
104 6180
104 6185
104 8941
105 3695
105 6934
106 7364
106 7506
106 8872
107 655
107 3222
107 5454
107 6783
107 8626
108 224
108 2016
108 2080
108 2479
108 3874
108 4270
108 4746
108 5405
108 5418
108 5532
108 6068
109 2587
109 4320
109 7493
109 7663
110 3290
111 4487
111 7073
112 1813
113 222
113 1508
113 1664
113 1748
113 1753
113 3015
113 3276
113 4000
113 4782
113 5105
113 5699
113 6183
113 6857
113 8353
113 9171
113 9189
114 1266
114 3980
114 7268
115 1429
115 1818
115 2744
115 4628
115 6882
115 7905
115 7987
115 8212
115 9854
116 4485
116 9265
116 9266
117 674
117 8022
118 1583
118 1885
118 5718
118 8743
119 2331
119 9377
120 5164
121 516
121 2086
121 4528
121 4548
121 9825
122 1831
123 9284
124 5705
126 5313
127 3160
127 3989
127 8570
127 9030
128 687
128 872
128 2731
128 3251
129 984
129 4746
129 8608
129 9323
129 9671
130 8387
131 1667
131 5043
131 6619
132 1159
132 1278
132 2861
132 3050
132 4997
132 8909
132 9070
132 9168
133 913
133 2442
133 6867
133 7450
134 5385
135 1739
135 4406
135 7705
135 9360
136 1050
136 4900
136 7298
136 9041
136 9691
137 1733
137 2324
137 2917
137 4568
138 507
139 1133
139 2542
139 5111
139 7135
139 8190
139 8909
140 5132
141 216
141 1318
141 1748
141 2301
141 2875
141 4773
141 7035
141 8119
141 9077
142 346
142 657
142 2050
142 3354
142 7265
142 7739
142 9060
142 9537
143 4685
144 1185
144 1343
144 3070
144 3814
144 5259
144 6037
144 6041
144 8625
145 184
145 261
145 447
145 904
145 2457
145 2501
145 3620
145 5149
145 6258
145 7022
145 7034
145 9048
145 9231
146 908
146 909
146 2285
146 6618
146 8621
147 256
147 541
147 1178
147 2525
147 6616
147 6682
148 2447
149 493
149 7217
150 5418
150 6258
151 6158
152 1151
152 1404
152 2263
152 2548
152 2551
152 3038
152 4282
152 5155
152 5474
152 5622
152 5782
152 6893
152 7153
152 7718
152 7785
152 8207
152 8467
152 8822
152 8932
152 9510
153 3005
154 1638
154 1897
154 6969
154 7909
155 8706
156 3146
156 4451
157 1012
157 2111
157 2112
157 4902
157 5111
157 8226
157 8313
158 1010
158 2292
158 4443
158 5405
158 6888
158 7522
158 7643
159 2451
159 2462
159 7379
159 7801
160 4393
160 7840
160 9689
161 4104
161 4871
161 9132
162 490
162 3677
162 5758
162 5955
162 6829
162 7137
162 8414
162 9620
163 6024
164 6899
164 8860
164 9062
165 734
165 1753
165 1969
165 2228
165 4426
165 4613
165 5462
165 5744
165 6505
165 9057
166 1316
166 2384
167 844
167 1314
167 2968
167 3705
167 4788
167 4789
167 5190
167 6500
167 6970
167 8267
167 8273
167 9241
168 4261
168 4752
168 4798
168 5224
168 6950
168 7067
168 8474
168 9449
169 4596
169 4897
169 6246
170 562
170 2596
170 4618
171 172
171 423
171 1837
171 2792
171 2927
171 3543
171 3757
171 3934
171 4037
171 5002
171 5071
171 5629
171 6778
171 7072
171 7303
171 8282
171 8567
171 8754
171 8756
171 8758
171 9001
171 9016
172 6778
172 9001
173 7232
173 7583
174 4152
174 4543
175 2940
176 4262
176 4835
177 4171
178 323
178 327
178 4037
178 4171
178 7483
178 7496
178 7980
178 8824
179 323
179 1014
179 2308
179 2695
179 2763
179 3738
179 4084
179 5211
179 6461
179 7464
179 7997
179 9616
180 5051
181 2407
181 3292
181 7171
181 8208
181 9344
182 601
182 2042
182 2195
182 5414
182 6466
182 6690
183 2993
183 3620
183 4272
183 7022
184 261
184 2457
184 6258
185 1097
185 4605
185 6713
186 7914
187 2077
187 5709
188 924
188 1130
188 1685
188 6383
188 7765
188 9193
189 1126
189 1331
189 1843
189 2778
189 3361
189 6510
189 6570
189 6845
189 7224
189 8413
190 1017
190 2529
191 627
191 1317
191 1483
191 1710
191 2830
191 2875
191 4652
191 4980
191 5457
191 6202
191 6471
191 7180
192 6099
192 7310
193 3578
194 3810
194 5467
194 6421
194 8125
195 960
195 1250
195 1637
195 2347
195 2641
195 3683
195 5283
195 6888
195 8115
195 8665
195 9027
196 1993
196 5169
196 5460
196 7619
197 456
197 6081
198 1069
198 2099
198 2292
198 4629
198 9343
199 2957
200 8146
201 5667
202 3774
203 1649
203 1799
203 2521
203 7442
203 8768
204 1364
205 5618
206 611
206 2260
206 2884
207 2682
207 5285
208 6132
209 210
209 481
209 539
209 639
209 640
209 1337
209 1683
209 1952
209 2181
209 3279
209 3746
209 4438
209 4953
209 5001
209 5176
209 5248
209 6623
209 9142
209 9285
209 9697
209 9713
209 9734
209 9866
210 303
210 481
210 539
210 932
210 1337
210 1345
210 2000
210 2627
210 2878
210 2941
210 3371
210 4525
210 4791
210 5001
210 5188
210 5285
210 5418
210 5467
210 6421
210 7188
210 9177
211 1509
211 2473
212 2381
212 3013
212 4609
212 6363
212 6694
213 2360
213 3084
213 4919
213 8153
213 9466
214 1601
215 627
215 768
216 1748
217 1775
217 2080
217 2875
217 6697
217 6822
217 8119
218 1097
218 2441
218 3708
218 5079
218 6322
218 7665
219 3406
220 680
220 1274
220 4781
220 7404
220 7783
221 7464
222 230
222 346
222 406
222 783
222 795
222 970
222 1129
222 1238
222 1405
222 1581
222 1634
222 1779
222 2088
222 2228
222 2292
222 2614
222 2766
222 2789
222 2984
222 3168
222 3210
222 3246
222 3306
222 3469
222 3542
222 3626
222 3795
222 3832
222 3870
222 3888
222 3928
222 4026
222 4091
222 4443
222 4465
222 4490
222 4954
222 5105
222 5139
222 5320
222 5624
222 5789
222 5982
222 6147
222 6185
222 6361
222 6733
222 6987
222 7346
222 7658
222 7685
222 7686
222 7878
222 7879
222 7905
222 8306
222 8569
222 8784
222 9189
222 9337
222 9387
222 9416
222 9665
222 9729
223 2131
223 2745
223 4382
223 4740
224 363
224 478
224 688
224 1096
224 1761
224 1877
224 2010
224 2167
224 2765
224 3013
224 3566
224 4270
224 4340
224 4452
224 5032
224 5132
224 5405
224 5988
224 5994
224 6068
224 6243
224 6784
224 7250
224 7348
224 7389
224 7908
224 7924
224 8569
225 1153
226 2275
226 2315
226 4979
226 6438
227 544
227 1003
227 1775
227 2298
227 3356
227 8762
227 9515
228 3073
228 6400
228 8246
229 3660
229 6015
229 7218
229 9515
230 417
230 795
230 981
230 1312
230 1545
230 2276
230 2432
230 3203
230 3245
230 3469
230 3542
230 3626
230 3832
230 3928
230 4091
230 4465
230 4490
230 4954
230 5105
230 5242
230 6185
230 6361
230 7840
230 8742
230 8784
230 9337
230 9665
231 1482
231 3157
231 9076
231 9311
232 993
232 5045
232 6297
232 7993
233 5147
233 6101
233 8551
234 2833
234 6358
235 4234
236 9849
237 3724
237 3746
237 8645
238 2716
238 3704
239 725
239 2122
239 2340
239 2855
239 5425
239 6258
239 6379
239 6613
239 7195
239 7835
239 7969
239 8560
239 8908
239 9872
240 8967
241 5856
242 3776
242 6638
243 293
243 8462
244 885
244 3833
244 6361
245 1471
245 3181
245 6177
245 6910
245 8402
245 9655
246 621
246 720
246 916
246 1016
246 1294
246 1861
246 2193
246 3205
246 4118
246 4158
246 4742
246 4894
246 5056
246 6377
246 6487
246 7258
246 7696
246 8136
246 8237
246 8689
246 9503
247 2337
247 8869
248 905
248 2990
248 8425
249 1607
249 3146
249 3443
249 4297
249 4975
249 5815
249 5871
249 6631
249 8688
250 1088
250 3898
251 3969
252 2647
253 5147
253 6098
254 2359
254 5803
255 888
255 1511
255 1555
255 2500
255 3341
255 3805
255 6811
255 7341
255 7626
255 8861
255 9096
256 3085
256 6616
256 6682
257 7191
257 8319
258 1715
258 4276
258 5046
258 5604
258 7451
258 9615
259 573
259 1844
259 2018
259 2328
259 6449
260 2028
260 3837
260 9833
261 6258
262 736
263 757
263 1336
263 1613
263 1795
263 1879
263 2352
263 2513
263 2786
263 3057
263 3366
263 4935
263 5109
263 5604
263 6969
263 7610
263 8260
263 8903
263 9135
263 9862
264 1214
264 1823
264 2774
264 3699
264 6193
264 7353
264 8264
264 8307
264 8351
264 8753
265 551
265 3886
266 1322
266 1589
266 1641
266 2403
266 8422
267 1901
267 8806
268 287
268 345
268 785
268 857
268 1768
268 2067
268 2445
268 2611
268 6940
268 7508
268 8369
269 2393
269 6773
269 7561
270 3878
270 8103
271 4677
272 5205
273 3561
273 4620
273 5923
273 6631
273 7131
273 7458
273 9863
274 7298
274 9100
275 606
275 1787
275 5136
275 6574
275 7979
276 1941
276 2946
276 8776
277 8549
278 2402
278 5191
278 5193
278 7354
278 8268
278 9692
279 806
279 2209
279 2513
279 2518
279 2808
279 3022
279 3865
279 4110
279 6925
279 8310
279 9698
280 2167
280 5994
280 9257
281 402
281 499
281 1301
281 3066
281 5243
281 8206
281 8330
282 4274
282 5473
283 2215
283 2747
283 8874
284 923
285 6731
285 7962
285 8261
286 7445
286 8863
287 341
287 444
287 685
287 1768
287 1877
287 1940
287 2067
287 2099
287 2258
287 2352
287 2445
287 2713
287 2824
287 3666
287 4234
287 4438
287 4701
287 5415
287 5604
287 5815
287 5891
287 6000
287 6269
287 6291
287 6454
287 6575
287 6830
287 6898
287 7029
287 7280
287 7508
287 8482
287 8639
287 8691
287 8838
288 6976
289 677
289 1363
289 2328
289 3262
289 9690
290 2113
290 8145
291 3449
291 5987
292 933
293 1063
293 1137
293 1747
293 3268
293 5036
293 6614
293 6825
293 8946
294 2385
294 3211
294 3421
294 5036
294 6825
294 8906
295 765
295 3425
295 9613
296 6200
296 8789
297 3721
297 3735
297 4087
297 4254
297 6185
297 8588
297 8941
298 1907
298 3517
298 3626
298 5771
298 8321
298 8516
298 8598
298 8652
298 8722
298 8852
299 2837
299 3436
299 4202
299 4823
299 5938
299 9760
300 3228
300 4201
300 5981
300 6347
300 7666
300 8636
300 8648
300 9283
300 9577
301 4331
301 5338
301 9100
302 3726
302 3730
302 4202
302 5094
303 2627
304 4057
305 1193
305 2882
305 6405
306 2131
306 7513
307 1421
307 1549
307 1970
307 2058
307 6267
307 6906
307 7125
307 7605
307 7760
307 7846
307 7900
307 8083
307 8125
307 8731
307 9446
307 9624
308 918
308 2032
308 4239
309 798
309 1650
309 5101
309 6138
309 6740
309 7258
309 9698
310 6306
310 7664
311 333
311 4174
312 4253
312 5603
312 6333
313 3746
313 4555
313 8829
314 5973
314 6429
314 8941
315 3011
315 3012
316 8655
317 3740
318 1596
318 1775
318 2360
318 2874
318 4817
318 5459
318 6194
318 6472
318 7119
318 9138
318 9827
319 2516
319 8849
320 1622
321 4264
321 6774
321 9159
321 9824
322 539
322 1238
322 1336
322 1613
322 1795
322 2513
322 2882
322 3057
322 3241
322 5320
322 6378
322 8903
322 9142
323 327
323 2308
323 2763
323 3706
323 4084
323 5211
323 6577
323 7497
323 7997
324 976
324 3117
324 7146
324 7207
324 7792
325 361
325 678
325 2366
325 2814
325 3758
325 4419
325 4457
325 5466
325 5834
325 6574
325 7474
325 9238
325 9261
325 9262
325 9852
326 4243
327 3772
327 3971
327 5679
327 6577
327 7997
327 8064
327 9617
328 7525
329 2190
329 2824
329 3546
329 8075
329 9466
330 1087
330 4275
330 6526
331 582
331 1109
331 1926
331 1940
331 2028
331 2291
331 2554
331 2788
331 3025
331 3692
331 4770
331 4997
331 5057
331 5224
331 6002
331 6658
331 6859
331 7887
331 7969
331 8454
331 8474
331 8783
331 8989
331 9490
332 7037
332 7520
333 4174
333 4726
333 7191
334 4726
334 7191
335 2610
335 5615
335 5886
335 7044
335 9039
336 4072
336 4567
336 7521
336 9578
337 8725
337 9564
338 3862
339 340
339 342
339 595
339 1062
339 3808
339 4532
339 9243
340 595
340 1062
340 3808
340 9243
341 1421
341 1549
341 1940
341 1970
341 2099
341 2741
341 2818
341 2986
341 3176
341 3969
341 4010
341 4032
341 4362
341 5049
341 5224
341 5810
341 5904
341 6220
341 6925
341 7102
341 7126
341 7760
341 8222
341 8524
341 9282
341 9378
342 4532
343 2655
343 2997
343 5740
343 6271
343 6996
343 7935
344 1756
344 5856
344 8398
345 1014
345 2545
345 2563
345 4358
345 4972
345 5604
345 7465
345 8299
345 8751
345 8906
346 618
346 1120
346 1353
346 1489
346 2509
346 4026
346 5624
346 6867
346 7056
346 7265
346 7300
346 7739
346 7878
346 7879
346 8306
347 3338
347 9684
348 643
348 1775
348 5737
348 7985
348 9252
348 9555
348 9783
349 1441
349 2498
349 2607
349 2705
349 4525
349 5789
349 6522
349 8797
349 9658
350 1368
350 2096
350 6025
350 9523
351 8226
352 467
352 2473
352 2655
352 4525
352 8173
353 3150
353 4685
353 6657
353 8403
354 1603
354 6356
354 8913
354 9719
355 2143
355 2813
355 3713
355 5925
355 6893
355 8290
356 1222
356 3133
357 7556
358 1145
358 6273
358 8694
359 4013
359 8299
360 5548
360 6082
361 1405
361 2123
361 2553
361 5466
361 6518
361 6736
361 6857
361 6883
361 8260
361 8380
361 8391
361 8751
361 8932
362 1566
362 2734
362 3615
362 3645
362 4304
362 4608
362 6112
362 8995
364 3565
365 4854
366 3141
367 3854
367 5647
367 7252
368 4242
368 4534
368 8505
368 8606
368 8724
369 3406
369 3744
369 4352
369 6027
369 7898
369 8656
369 9662
370 4578
370 6341
370 8506
370 9649
371 900
371 995
371 1298
371 3712
371 5751
371 7698
371 7831
371 9860
372 1364
372 2181
372 8313
373 4191
373 8219
374 2906
374 3534
375 452
375 644
375 1617
375 1778
375 2046
375 2270
375 3602
375 3717
375 4467
375 4486
375 4835
375 4954
375 5262
375 5823
375 7414
375 7751
375 8226
375 8494
375 8679
375 8765
375 9482
375 9724
376 3103
376 4846
376 9524
377 1244
377 2231
377 2274
377 4973
377 5050
377 7553
377 7554
377 7972
377 8111
377 9476
378 1999
378 2028
378 2982
378 3036
378 4077
378 4713
378 4987
378 5790
378 6859
379 2633
380 695
380 4841
381 3389
381 4112
382 675
382 6070
382 7498
382 7840
383 2094
383 7722
383 9304
384 5923
385 1824
385 4649
385 7130
385 9710
386 3456
386 5696
386 6691
386 9237
387 3787
387 5947
387 9496
388 1637
389 2432
389 6139
390 5149
390 8539
390 9074
390 9490
391 850
391 3125
391 5251
392 1830
392 5961
393 620
393 1922
394 1133
394 2387
394 4734
394 4959
394 5145
395 6702
396 8340
397 5817
397 6755
398 8646
399 1198
399 2121
399 3490
399 3820
399 4990
399 5319
399 5845
399 8184
399 9268
400 8297
401 7574
402 499
402 1301
402 5243
402 8206
402 8330
402 9064
402 9108
403 5807
404 9419
405 3773
405 3880
406 3168
406 7878
407 436
407 805
407 2509
407 3843
407 4751
407 7347
407 7394
407 8306
407 8627
408 1456
408 3966
408 4102
408 4377
409 630
409 2226
409 5179
409 5312
409 5481
409 5568
409 6842
409 7299
409 8917
409 9197
410 5119
410 8171
411 1209
411 1882
411 3803
411 4483
411 5175
411 8183
412 1019
412 2225
412 3976
412 7752
413 1364
413 3870
414 1525
414 5211
414 9841
415 1396
415 2588
415 3432
415 3611
415 4515
415 4849
415 5379
415 5607
415 5775
415 6228
415 6286
415 7016
415 8053
415 9568
415 9578
415 9649
416 8153
417 2432
417 3865
417 4110
417 4685
417 5701
417 6146
417 6700
417 8742
417 8867
418 1992
418 9350
419 3142
420 2684
420 5078
420 5209
420 7023
420 8734
421 3892
421 7857
421 9476
422 4737
422 5816
423 516
423 1118
423 1489
423 2081
423 2164
423 3375
423 3771
423 4542
423 5032
423 5075
423 5819
423 6683
423 7303
423 7612
423 8883
424 2634
424 4635
424 5038
425 8924
426 1532
426 1596
426 2260
427 3735
428 3735
428 4087
428 6328
429 984
429 1620
429 1743
429 3340
429 3922
429 4241
429 6608
429 8238
429 8499
429 9149
430 3016
430 6840
431 1429
431 1720
431 2892
431 3394
431 4446
431 4458
431 5725
431 6662
431 6696
431 8235
431 9476
432 4595
432 6578
433 2263
433 4273
433 6153
434 3023
435 2901
435 7990
435 8178
436 743
436 805
436 4485
436 8216
436 8627
437 1982
437 2160
438 2238
438 3457
439 4160
439 4200
440 7966
440 8179
441 2442
441 2543
441 4046
441 9726
442 473
442 674
442 2293
442 2567
442 2806
442 5943
443 5341
443 6710
444 472
444 871
444 1177
444 1654
444 1930
444 2028
444 2067
444 2258
444 2977
444 3506
444 4234
444 6269
444 6395
444 6575
444 6743
444 6744
444 6830
444 6925
444 7061
444 7845
444 7848
444 8691
444 8838
444 9104
444 9466
444 9591
445 4061
445 4273
445 6660
446 5536
446 7304
446 8251
447 3620
447 9048
448 1465
448 4221
448 5736
448 6488
449 1936
449 5873
450 1205
451 2722
451 4640
451 6134
451 9407
452 1617
452 1985
452 4467
452 8692
453 490
453 8414
453 8892
453 9078
453 9620
454 2398
454 3507
454 4706
454 5449
454 7418
454 8659
455 604
455 825
455 1214
455 1355
455 4152
455 5156
455 7021
455 7419
455 7421
455 9838
456 2368
456 2648
456 2781
456 5342
456 5779
456 6081
456 6798
456 6922
456 7101
456 7102
456 9529
456 9779
456 9868
457 801
457 1241
458 761
458 5475
458 6129
459 500
459 529
459 1108
459 2817
459 4824
459 7972
459 8060
459 8816
459 9518
460 556
460 5237
461 6440
461 6706
461 8398
462 2011
462 2514
462 6786
463 9803
464 724
464 7932
465 789
465 9414
466 5598
466 7959
467 2228
467 2473
467 4214
467 4341
467 8151
467 8173
468 8218
469 1057
470 4463
470 4993
470 7489
470 8776
471 2016
471 3807
471 3875
471 4454
471 6855
472 718
472 2977
473 2567
473 5943
474 871
474 2047
474 2845
474 4396
474 5782
474 5878
474 6455
474 6977
474 7812
474 8202
474 8463
474 8811
475 2609
476 6205
476 6502
476 8596
476 8878
476 9117
476 9287
477 1128
477 2105
477 7544
477 7597
477 9024
477 9787
478 728
478 1213
478 3269
478 3774
478 4032
478 4214
478 4744
478 4745
478 4750
478 4751
478 4752
478 5601
478 6322
478 6553
478 6784
478 7199
478 7658
478 7908
478 8257
478 9625
478 9634
479 1059
479 8988
480 2742
480 3525
480 8822
480 9561
481 801
481 972
481 1014
481 1234
481 1877
481 2432
481 4110
481 4234
481 6557
481 7947
481 8044
482 1018
482 1086
482 1198
482 4148
482 4990
482 6996
482 7888
482 8604
483 2271
484 506
484 1009
484 2022
484 6979
484 8400
484 9081
484 9694
485 2194
485 2465
486 2471
487 8198
488 1429
488 3063
488 3846
488 4043
488 6882
488 7788
488 8221
488 9194
489 605
489 7661
489 7960
489 8612
490 613
490 808
490 1374
490 1929
490 1983
490 2203
490 2934
490 3105
490 3677
490 3868
490 4651
490 4751
490 4931
490 5259
490 5294
490 5433
490 5705
490 5741
490 6280
490 6402
490 7420
490 7574
490 7661
490 7912
490 7966
490 8122
490 8143
490 8312
490 8333
490 8363
490 8414
490 8714
490 8892
490 9078
490 9620
491 4134
491 4780
492 5113
492 9299
493 629
493 1288
493 3690
493 6467
493 7217
494 5097
494 7441
495 735
495 871
495 2788
495 2800
495 2900
495 3279
495 3509
495 4063
495 4136
495 4265
495 4470
495 4686
495 4713
495 4770
495 5607
495 5999
495 7060
495 7391
495 8454
495 8889
495 8907
495 9186
495 9464
496 1959
497 662
497 877
497 1135
497 7045
498 509
498 2466
498 5679
498 6502
498 7774
499 2252
499 2554
499 6137
499 7972
499 8330
499 8542
499 9752
500 2817
500 8060
501 8882
502 3092
503 1009
503 7750
503 7757
503 9081
504 1139
505 2281
505 4366
505 4731
506 1009
506 1416
506 6979
506 9081
506 9694
507 1338
507 1753
507 2475
507 3140
507 4695
507 8788
508 1328
508 3028
508 3375
508 6066
508 6375
508 6542
508 7612
509 2323
509 2466
509 3293
509 3332
509 3531
509 5679
509 6142
509 6143
509 6502
509 6605
509 6779
509 7774
509 7893
509 9389
510 3529
510 5509
511 4632
511 5868
511 6517
511 7884
511 8360
511 8361
511 8526
512 622
512 1073
512 1364
512 1375
512 1603
512 1658
512 2676
512 2786
512 2872
512 2955
512 3356
512 3618
512 5302
512 5507
512 6423
512 7267
512 7721
512 8121
512 8697
512 9195
512 9719
513 4722
514 9626
515 8654
515 8659
516 517
516 737
516 1326
516 3756
516 3771
516 4022
516 4548
516 4738
516 5032
516 5413
516 6260
516 6597
516 6875
516 6945
516 7438
516 8316
516 8858
516 9022
516 9256
516 9793
516 9825
518 1391
518 1811
518 5641
519 520
519 1736
519 2771
520 544
520 1358
520 1580
520 2771
520 3316
520 4546
520 5171
520 5247
520 5697
520 5859
520 7403
520 7404
520 7699
520 9515
521 1108
521 6861
522 735
522 1730
522 1941
522 2028
522 2410
522 2977
522 3524
522 4265
522 4985
522 5297
522 5737
522 5810
522 6073
522 6378
522 7426
522 7887
522 8010
522 8130
522 8398
522 8474
522 8537
523 9148
524 2737
524 5249
525 6973
525 9129
526 4694
526 7110
526 8927
527 4393
528 3233
528 6653
528 7994
529 1639
529 2817
529 6175
529 9518
530 2252
531 918
531 1821
531 2161
531 2378
531 2756
531 4239
532 1874
532 2135
532 9744
533 7056
533 8306
534 5698
534 6509
534 7014
535 6717
535 6727
536 4191
536 5542
537 6210
538 1600
538 1671
538 3176
538 4987
538 5761
538 6220
538 7126
538 7870
539 932
539 1683
539 1851
539 2181
539 2882
539 4265
539 4340
539 5001
539 5176
539 6543
539 6595
539 7036
539 7091
539 7761
539 9142
539 9866
540 3376
541 1178
541 2525
541 2649
541 4134
541 6682
542 8226
543 4865
543 9237
544 1003
544 1592
544 1771
544 1775
544 2771
544 5247
544 6230
544 6370
544 7035
544 7420
544 7565
544 8124
544 8326
544 9515
545 889
545 1275
545 2492
545 2830
545 3841
545 4778
545 4903
545 5769
545 5830
545 5996
545 6100
545 6460
545 6927
545 7020
545 7098
545 7297
545 8120
545 8309
545 9208
546 4152
546 8511
547 2479
547 6460
548 745
548 4380
548 8244
548 8786
549 3524
550 3415
550 3919
551 2014
551 3886
551 5486
551 5587
551 6698
552 1279
552 2707
552 5670
552 6751
553 2857
554 698
554 1537
554 1957
554 5239
554 8076
554 8201
554 8225
554 9379
555 4854
556 3205
556 4851
556 5056
556 5237
557 1611
558 1236
558 1839
559 2849
560 593
560 594
560 8981
561 2733
561 3017
562 1017
562 1595
562 2596
562 2967
562 2985
562 3009
562 3356
562 3599
562 3602
562 4618
562 8186
562 8376
562 8677
563 4928
563 8863
564 2554
564 6544
565 1246
565 1610
565 5064
565 6257
565 6972
566 1665
566 2485
566 2786
566 6712
566 6910
566 7429
566 9408
567 3347
567 6880
568 1110
568 9072
569 2004
569 3573
569 4802
569 5330
570 6827
570 7972
571 2210
572 1503
572 1734
572 2109
572 2419
572 2698
572 3386
572 4330
572 4560
572 4827
572 5072
572 5111
572 5907
572 6445
572 6965
572 7602
572 9349
572 9499
573 1844
573 3948
573 4438
573 5379
573 5607
573 7199
573 7828
573 7947
573 7997
573 8613
573 9129
573 9601
574 4909
574 9070
575 1098
575 1238
575 5320
575 6924
575 7451
575 7603
576 3913
577 2655
577 2997
577 6996
578 5341
578 7258
579 8495
580 4699
580 9757
581 8161
581 9139
581 9491
582 2554
582 2788
582 4997
582 8474
582 8783
583 1778
583 3121
583 3976
583 4192
583 4557
583 5625
583 6095
583 8272
583 9213
583 9819
584 2722
584 3095
584 6134
585 9253
586 2181
586 7187
587 1811
588 627
588 4980
589 1846
589 2306
589 2637
589 2959
589 4205
589 7202
589 7250
589 8370
589 8890
590 689
591 1836
591 4258
591 6673
591 7289
592 4218
593 5111
593 5556
593 8981
594 5132
594 8981
595 1062
595 3808
595 9243
596 8885
597 8772
598 2905
598 3325
598 3945
598 4865
598 5072
598 6659
598 6885
598 8307
598 8635
598 8945
598 9224
598 9237
598 9310
599 648
599 786
599 1560
599 3013
599 3336
599 4558
599 6005
599 6136
599 8091
599 8875
599 9196
599 9198
599 9251
599 9717
600 4740
601 1610
601 2494
601 2972
601 3998
601 5030
601 5414
601 5524
601 6862
602 1588
602 1629
602 1711
602 1787
602 2553
602 4900
602 6161
602 6203
602 6322
602 6732
602 7719
602 8932
602 9855
603 780
603 3105
603 3408
603 3790
603 4551
603 5171
603 7088
603 9019
603 9284
604 1355
604 3864
605 7960
606 1787
606 7979
607 4110
608 734
608 1753
608 3009
608 5051
608 5261
608 6948
608 8993
609 624
609 2535
609 4553
609 6416
609 7533
609 7874
609 8547
609 9684
609 9809
610 2432
610 6106
610 7685
610 7686
611 2260
611 2884
612 4844
612 6422
613 2874
613 4703
613 8122
613 8714
614 2438
615 1056
615 1745
615 6080
615 7585
616 1270
616 1609
616 2786
616 5513
616 8003
616 8539
616 9067
617 930
617 1512
617 1744
617 4204
617 8455
618 743
618 1649
618 2518
618 3140
618 3750
618 7442
618 8244
618 8790
619 2392
619 2636
619 7570
620 671
620 2967
620 2977
620 3995
620 4684
620 4981
620 6070
620 6322
620 6791
620 7036
620 7424
620 7704
620 7987
620 8153
620 8661
620 9407
620 9864
621 720
621 916
621 1016
621 1861
621 2193
621 3205
621 4118
621 4158
621 4742
621 5056
621 6377
621 6487
621 7696
621 8136
621 8237
621 8689
621 9503
622 1658
622 1887
622 2190
622 3356
622 6423
622 7366
622 8348
622 9023
623 2743
623 3116
624 628
624 6416
624 9684
625 6614
626 8894
627 768
627 950
627 1054
627 2122
627 2413
627 3660
627 3678
627 3774
627 4694
627 4774
627 4881
627 4980
627 5067
627 5510
627 5741
627 5786
627 6015
627 6633
627 6774
627 7111
627 7218
627 7626
627 7856
627 8133
627 8831
627 8908
627 9166
627 9515
628 2163
628 3398
628 4169
628 5034
628 6154
628 9330
628 9712
630 1597
630 5111
630 5312
630 5481
630 7299
630 8917
630 9197
631 819
631 1551
631 6764
632 2982
632 4719
632 6859
632 9490
633 6507
633 8885
634 1714
634 1752
635 1568
635 2822
635 3674
636 3376
637 4739
638 3934
639 640
639 2181
639 5176
639 5790
639 6395
639 6461
639 6878
639 8474
639 8932
639 9639
640 2181
640 5176
640 5790
640 6395
640 6461
640 6878
640 8474
640 8932
640 9639
641 1045
641 1239
641 1353
641 1817
641 5259
641 7021
642 2922
642 4247
642 6148
642 6950
643 1775
643 3529
643 7073
643 9252
644 2046
644 2270
644 4486
644 4835
644 9482
645 2414
645 2895
645 3367
646 3873
646 5132
647 1708
647 4233
647 4680
647 5352
647 9305
648 6005
649 1888
649 2084
649 7831
649 8886
649 9403
650 6272
650 6634
650 6737
650 9853
651 732
651 1095
651 1144
651 1234
651 1368
651 1722
651 1746
651 2018
651 2446
651 2472
651 2622
651 3091
651 3171
651 3382
651 3810
651 3965
651 4987
651 5046
651 5114
651 5683
651 7060
651 7325
651 7489
651 7702
651 7836
651 8070
651 8523
651 8776
651 9486
651 9507
652 717
652 3875
653 1701
653 3356
653 4299
653 7784
653 7944
654 2926
654 5411
654 5856
654 7383
655 3222
655 5454
655 6783
655 8626
656 1891
656 6392
657 2328
657 2543
657 3062
657 6287
657 8470
657 9060
658 1429
658 6882
659 1311
659 2567
659 4865
659 5280
659 7853
659 9237
660 3557
660 7518
660 7520
661 2088
662 877
663 1511
663 1699
663 2361
663 3341
663 6618
664 2320
664 4044
664 5894
664 6012
665 5843
665 5877
665 6161
665 7713
665 9100
666 5216
667 2686
667 2734
667 6112
667 6828
668 5280
668 9758
669 1505
669 9093
670 2567
670 3731
670 5361
670 8661
670 8891
671 966
671 5126
671 7347
671 9195
672 1412
672 3179
673 7191
674 1878
674 2293
674 2632
674 2897
674 2996
674 3756
674 4493
674 4739
674 6085
674 6589
674 6792
674 8022
674 8245
674 8311
675 9867
676 6513
677 1363
677 2328
677 3658
678 2814
678 4419
678 5466
678 7474
679 2667
679 4530
680 950
680 1274
680 2093
680 2382
680 4781
680 6026
680 7020
680 7404
680 7783
681 7972
682 771
683 2527
684 6022
684 6254
684 9095
685 4701
685 6461
685 7029
685 7919
686 2435
686 7354
687 765
687 872
687 2079
687 2080
687 2329
687 3882
687 5476
687 5599
687 5800
687 7680
687 8147
688 1761
689 3055
690 3774
690 4750
690 6784
691 8218
692 2499
692 4239
692 7613
693 5242
693 6372
694 1002
694 3180
694 3781
694 4278
694 7478
694 9691
694 9870
695 4841
696 7209
696 7520
697 3557
697 5266
697 7877
698 1019
698 1537
698 1957
698 5239
698 8076
698 8201
698 8225
698 9379
699 2550
699 6146
699 9509
700 2940
701 7525
702 963
702 5130
702 5454
703 1110
703 1460
703 5203
703 7482
704 7762
704 8545
705 4780
706 755
707 2916
707 4622
707 5687
708 3638
708 8973
709 1807
709 2790
709 8218
710 2419
711 1630
711 1952
711 2410
711 3387
711 3826
711 4265
711 4770
711 5149
711 6022
711 6469
711 7422
711 9057
712 2289
712 2830
712 2905
712 3326
712 3456
712 4129
712 7098
712 9430
713 6231
713 6980
714 1351
714 2913
714 4312
714 4340
714 5414
714 6690
714 8685
714 9676
715 3450
715 9211
716 6589
717 828
717 4956
717 5257
717 6997
717 9415
718 1272
718 7587
719 5608
720 916
720 1016
720 1861
720 2193
720 3205
720 4118
720 4158
720 4425
720 4742
720 5056
720 6377
720 6487
720 7696
720 8136
720 8237
720 8689
720 9503
721 2062
721 9309
722 7170
723 2156
723 7905
723 8569
724 935
724 2523
724 7932
724 8742
724 9414
725 2122
725 6258
725 7835
725 8908
725 9872
726 1209
726 1882
726 1952
726 2167
726 2291
726 2457
726 2800
726 2982
726 3358
726 3578
726 3803
726 3870
726 3937
726 4077
726 4276
726 5412
726 5607
726 5994
726 6435
726 7010
726 7022
726 8751
726 9535
726 9734
727 1781
727 2669
727 3387
727 4034
727 7074
728 1061
728 2313
728 2611
728 2800
728 3207
728 3509
728 3512
728 4032
728 4358
728 4874
728 5000
728 6341
728 8505
728 8786
728 9634
728 9867
729 3774
730 2080
730 2787
731 7922
732 739
732 801
732 871
732 910
732 1170
732 1661
732 1701
732 1879
732 2198
732 2248
732 2882
732 2977
732 3171
732 3591
732 3810
732 3965
732 4960
732 5001
732 6322
732 6421
732 6512
732 6528
732 6679
732 6969
732 7325
732 7365
732 7702
732 7944
732 7946
732 8006
732 8260
732 8316
732 8402
732 8523
732 8811
732 8883
732 9129
732 9487
733 4500
734 1753
734 3885
734 7425
734 8786
735 1463
735 2028
735 3937
735 4021
735 4470
735 4584
735 4770
735 5737
735 5999
735 6878
735 7199
735 7422
735 7426
735 7842
735 7887
735 7941
735 8010
735 8075
735 8130
735 8398
735 8454
735 9186
735 9490
736 2878
736 5426
736 6418
736 6634
736 7749
736 8111
736 9330
737 751
737 1375
737 2116
737 2519
737 3091
737 3284
737 3293
737 3549
737 3591
737 4773
737 5462
737 6322
737 7910
737 8107
737 8316
737 9074
737 9090
737 9407
737 9490
737 9816
737 9867
738 7811
739 1206
739 1326
739 2952
739 4688
739 6148
739 6177
739 6546
739 7702
739 8523
740 8574
741 1362
741 1961
741 2078
741 2524
741 2962
741 3912
741 4421
741 5763
741 6684
741 6685
741 7425
741 7908
741 8035
741 8195
741 8902
741 9505
741 9586
742 7680
743 1657
743 2710
743 2719
743 3172
743 3408
743 3912
743 4043
743 4565
743 4740
743 5073
743 5352
743 5353
743 6594
743 7162
743 7926
743 8216
743 9284
743 9529
744 862
744 899
744 939
744 949
744 1542
744 1676
744 2296
744 2362
744 2660
744 2777
744 3445
744 3554
744 3614
744 3788
744 4666
744 5308
744 5323
744 5401
744 5481
744 5733
744 6104
744 6581
744 6785
744 6870
744 6983
744 7109
744 7360
744 7448
744 7697
744 7948
745 8244
746 1061
746 8537
746 8881
747 4177
748 2873
748 7151
748 8698
749 3341
749 7972
750 1076
750 1911
750 2821
750 3008
750 3462
750 7148
750 7905
750 8249
750 8556
751 1325
751 1440
751 2982
751 3293
751 3692
751 3865
751 3937
751 3952
751 4584
751 4719
751 4804
751 5790
751 6081
751 6395
751 6519
751 7498
751 9074
751 9080
751 9331
751 9816
751 9867
752 2256
752 2984
752 6360
753 4345
753 8565
754 1072
754 2247
754 2908
754 3240
754 5794
754 7710
754 9758
755 7740
756 2291
756 2339
756 3207
756 3731
756 5361
756 6597
757 1206
757 1336
757 1795
757 2352
757 2366
757 2512
757 2513
757 3237
757 3603
757 3633
757 4805
757 5109
757 5264
757 6258
757 6269
757 6718
757 7465
757 7574
757 7870
757 8903
757 9146
757 9409
758 1260
758 2388
758 5529
758 9168
759 1599
759 4965
760 1070
760 2930
760 6769
760 8404
761 5475
761 6129
762 2696
762 4503
762 4504
762 7725
762 7865
763 5760
764 9440
764 9690
765 3425
765 9414
765 9613
766 1606
766 3175
766 3503
766 5198
766 9072
766 9264
767 2516
767 5387
767 9352
768 1555
768 1713
768 2359
768 3088
768 4186
768 5122
768 5488
768 7163
768 7310
768 9077
769 1778
769 1871
769 4152
769 4712
769 5136
769 5238
769 5909
769 7911
769 8545
770 4014
770 6517
771 1674
771 1851
771 2827
771 3529
771 4265
771 4617
771 7750
771 9353
772 3560
773 1315
773 4340
773 8279
773 8653
773 8957
774 4152
775 2767
775 5641
776 1474
776 3822
776 5857
776 7420
776 7910
777 4615
777 5756
778 2662
779 4543
779 5114
779 5866
781 6043
781 6719
782 1129
782 3928
782 6733
783 1129
783 3875
783 3928
783 5756
783 6733
783 6747
783 7175
783 8579
783 8784
783 9513
784 1186
784 8475
785 1091
785 1543
785 1554
785 1903
785 2266
785 2352
785 2518
785 2567
785 2713
785 2977
785 4445
785 4942
785 5280
785 5746
785 6000
785 6813
785 6940
785 7393
785 7508
785 8186
785 8369
786 3013
787 1348
787 5252
787 7520
788 3018
788 3038
788 4469
788 6920
788 7003
788 7844
788 9531
789 9414
790 6819
791 3534
791 5842
791 8669
792 5006
793 4477
793 4478
794 6212
795 1076
795 1376
795 2780
795 3469
795 3542
795 6185
795 9444
796 2227
796 2776
796 2943
797 8537
798 1650
798 2808
798 5043
798 6740
798 9698
799 814
799 7047
800 5479
800 6503
800 9479
801 1186
801 1241
801 1490
801 1877
801 2353
801 4340
801 7365
801 7465
801 7675
801 7944
801 7947
802 1876
802 4324
802 4325
803 1129
803 4510
803 6733
803 8579
803 8784
804 1032
804 1114
804 1267
804 1269
804 1306
804 1321
804 2322
804 2394
804 2625
804 3418
804 4480
804 4638
804 4811
804 5337
804 5431
804 5446
804 5768
804 7027
804 7377
804 7592
804 7903
804 8185
804 9355
805 4485
805 8627
806 1157
806 1213
806 1283
806 1336
806 1666
806 1735
806 1795
806 1859
806 2253
806 2352
806 2512
806 2513
806 2646
806 2808
806 4805
806 4867
806 5104
806 5523
806 6524
806 6718
806 6969
806 6982
806 7159
806 7370
806 7465
806 7864
806 8310
806 8915
806 9146
806 9698
806 9722
807 1559
807 3502
807 4869
807 6178
808 1223
808 2203
808 2934
808 3105
808 3633
808 3683
808 3868
808 4651
808 4931
808 5000
808 5193
808 5259
808 5917
808 7574
808 8143
808 8333
808 8414
808 8665
808 8714
808 9027
808 9078
808 9239
809 3095
810 7243
811 1540
811 1824
811 2067
811 2168
811 2626
811 2809
811 3015
811 3027
811 4673
811 6816
811 7094
811 8691
811 9529
812 3319
812 3845
812 9640
813 5762
813 6533
813 8023
813 9110
813 9157
813 9762
814 3086
814 3336
814 7814
815 2564
815 7845
816 3105
816 4124
816 5693
816 7083
816 7253
816 7492
816 7912
816 8272
816 9453
817 2788
817 3258
817 8474
818 2887
818 3464
818 5257
818 5359
818 5842
818 5876
818 6997
818 8893
819 5434
819 6764
819 7226
820 2758
820 7557
821 4138
821 4739
822 4875
822 9297
823 4543
823 5115
823 5861
823 6939
823 7136
823 7917
824 2701
824 2933
824 5936
824 7063
824 8515
825 4152
825 7419
826 8107
827 3345
827 6003
828 4956
828 5257
828 6997
828 9415
829 1514
829 1593
829 5554
829 5665
829 6067
829 7567
829 7568
829 8799
830 1458
830 1470
830 8584
831 3537
832 5776
832 7844
832 8284
832 8678
832 9096
832 9764
833 2690
833 3333
833 6171
833 6274
833 6918
833 7692
833 8150
833 9127
833 9280
834 6374
835 3784
836 1110
836 6384
836 9211
837 4594
838 2315
838 7779
839 6818
839 8842
840 3120
840 3463
840 6621
840 6717
840 6978
840 7287
840 7323
840 7767
841 4778
841 5102
841 8309
841 8661
841 9167
841 9208
842 1920
842 4361
843 5985
843 5990
844 1221
844 2973
844 3077
844 3357
844 3705
844 3862
844 6588
844 8365
844 9162
844 9241
844 9433
845 2911
846 2376
846 2713
846 3591
846 3603
846 3838
846 6000
846 6378
846 6528
846 8780
847 5255
848 3748
849 3882
849 4415
850 6673
851 6348
852 4674
853 5029
854 4424
854 4660
854 7463
855 1926
855 3258
855 3692
855 9698
856 1479
856 1680
856 1808
856 4861
856 4920
856 5406
856 7970
856 9525
856 9800
857 1020
857 2137
857 2431
857 2457
857 2611
857 2846
857 3347
857 3494
857 3523
857 3579
857 4414
857 4438
857 4543
857 5046
857 6449
857 7753
857 7936
857 9484
858 4579
859 8424
860 2070
861 1986
862 899
862 939
862 949
862 1542
862 1676
862 2296
862 2362
862 2660
862 2777
862 3445
862 3554
862 3614
862 3788
862 4666
862 5308
862 5323
862 5401
862 5481
862 5733
862 6104
862 6581
862 6785
862 6870
862 6983
862 7109
862 7360
862 7448
862 7697
862 7948
863 2870
863 4814
863 6301
863 7963
863 8221
863 9226
864 2235
864 2564
864 4086
865 4629
865 5448
865 8212
866 1418
867 4657
867 5932
867 7149
868 3220
868 7214
868 7710
869 3067
869 3382
869 4987
870 1083
870 2090
871 1541
871 1930
871 2047
871 2243
871 2323
871 2845
871 3185
871 3239
871 3494
871 3512
871 4136
871 4139
871 4406
871 5607
871 5764
871 5790
871 6161
871 6269
871 6395
871 6461
871 6549
871 6595
871 6644
871 7292
871 7365
871 7391
871 7705
871 7719
871 7936
871 7987
871 8186
871 8660
871 8811
871 9185
871 9186
871 9296
871 9318
871 9639
872 3882
872 5476
872 7680
872 8147
873 4064
873 9485
874 4138
874 4697
875 2799
875 4967
875 7944
875 8914
875 8915
876 2749
876 3383
876 8692
877 5631
877 6918
877 7692
878 3769
878 4250
879 2844
880 1738
880 4482
880 5031
880 8578
881 3247
881 3958
881 4193
881 5089
881 5637
881 5807
881 8686
881 9432
882 6175
882 8573
883 3214
883 4433
884 7707
884 9308
885 3833
885 6361
886 4064
886 7796
886 8467
887 1967
887 7505
887 7981
888 1511
888 1555
888 3341
888 5742
888 6523
888 6818
888 7651
888 8309
888 8842
888 9208
889 2217
889 6460
889 7297
890 1278
890 9168
891 1278
891 1663
891 3238
891 4733
891 6253
891 9168
892 9129
893 1013
893 1112
894 1293
894 4955
895 2651
895 5280
895 7115
896 1232
896 1523
896 1524
896 7028
897 1010
897 1307
897 5687
897 6888
897 7196
897 9728
898 1785
898 2164
898 2265
898 3986
898 4355
898 4367
898 4784
898 5024
898 5403
898 7021
899 939
899 949
899 1542
899 1676
899 2296
899 2362
899 2660
899 2777
899 3445
899 3554
899 3614
899 3788
899 4666
899 5308
899 5323
899 5401
899 5481
899 5733
899 6104
899 6581
899 6785
899 6870
899 6983
899 7109
899 7360
899 7448
899 7697
899 7948
899 8322
900 1328
900 1506
900 2413
900 2776
900 5343
900 6686
900 8305
900 8669
901 908
901 985
901 5228
901 5361
901 6096
901 8730
901 8839
901 8858
902 1065
903 1549
903 7148
903 7430
903 9414
904 1792
904 5149
904 5226
904 8135
904 8900
904 9196
905 1388
905 2181
905 2990
905 8425
906 1296
906 2294
906 9083
907 1796
907 2247
908 909
908 1490
908 1555
908 1596
908 4493
908 4925
908 5166
908 5280
908 6096
908 6618
908 7167
908 7253
908 7569
908 7770
908 7997
908 8311
908 8730
908 8839
908 9228
908 9542
908 9714
909 6618
910 6421
910 6512
910 6644
910 7365
910 7944
910 8186
910 8883
911 4584
912 4525
912 6315
912 8229
912 9259
913 2442
913 4406
913 5180
913 6190
913 6867
913 7450
913 7929
913 8058
914 3818
914 4765
914 7042
915 4746
916 1016
916 1861
916 2193
916 3205
916 4118
916 4158
916 4742
916 5056
916 6377
916 6487
916 7696
916 8136
916 8237
916 8689
916 9503
917 1111
917 7811
917 9643
918 1150
918 1821
918 2032
918 2161
918 2284
918 2378
918 2756
918 2798
918 2858
918 3349
918 4239
918 4641
918 4808
918 4898
918 5808
918 6093
918 6161
918 6839
918 7613
918 7724
918 8182
918 9132
918 9271
919 7216
919 7845
920 2031
920 2464
920 2687
920 7351
920 8312
920 8533
920 8909
920 9072
921 1052
921 2179
921 2469
921 3506
921 4607
921 5474
921 6916
921 7322
921 7711
921 7720
921 7756
921 8540
921 9294
922 2959
922 9401
923 1371
923 4682
923 6759
923 8939
924 1636
924 1685
924 5215
924 7656
924 8610
925 2539
925 5764
926 4659
926 4804
926 7844
926 7944
926 8309
927 8974
928 950
928 2301
928 3539
929 1429
929 2256
929 3063
929 4583
929 9160
929 9835
930 3185
930 4866
930 7845
931 3665
931 3960
932 4791
932 5001
934 4420
934 5032
934 5326
934 6901
934 8241
935 1119
935 2523
935 8742
935 9414
936 3466
936 4370
936 6882
936 7742
936 8767
936 9194
937 6381
938 2356
938 2495
938 4150
938 6465
938 9262
939 949
939 1542
939 1676
939 2296
939 2362
939 2660
939 2777
939 3445
939 3554
939 3614
939 3788
939 4666
939 4868
939 5308
939 5323
939 5401
939 5481
939 5733
939 6104
939 6581
939 6785
939 6870
939 6983
939 7109
939 7360
939 7448
939 7697
939 7948
939 9055
940 6603
940 6888
940 8572
941 942
942 2550
942 2909
942 6146
943 4284
943 4810
943 6613
943 7253
943 9052
944 7452
945 2273
946 999
946 1057
946 3981
947 5517
948 4436
949 1542
949 1676
949 2296
949 2362
949 2660
949 2777
949 3445
949 3554
949 3614
949 3788
949 4666
949 5308
949 5323
949 5401
949 5481
949 5733
949 6104
949 6581
949 6785
949 6870
949 6983
949 7109
949 7360
949 7448
949 7697
949 7948
950 1003
950 1054
950 2093
950 2301
950 3539
950 6026
951 1060
951 5798
951 8459
951 9258
952 1736
952 3023
952 4023
952 4950
952 4988
952 5414
952 5954
952 6560
952 6652
953 5679
954 4273
954 6660
955 6529
956 5593
956 8226
957 2023
957 8163
957 9069
958 1311
959 5439
960 1250
960 1637
960 5283
960 6888
960 8115
961 1705
961 4571
961 5544
962 1962
962 3198
963 5130
963 5454
964 2944
964 7875
964 8095
964 9223
964 9411
965 2893
965 9815
966 5126
966 7347
966 9195
967 8780
968 7877
969 1756
969 2219
969 3057
969 3356
969 6161
970 4091
970 4104
970 6147
970 7346
970 9337
971 5287
971 5743
971 7191
972 1234
972 2028
972 5660
972 7246
972 7775
973 5352
974 1364
974 3303
974 3969
974 4894
974 5159
974 6878
974 7102
974 8474
975 2497
975 3090
976 1237
976 1446
976 3117
976 5025
976 5348
976 5423
976 5908
976 6161
976 6813
976 7238
976 7792
976 8421
977 2703
977 4219
977 4687
977 4893
977 6766
977 7304
978 1388
978 1636
978 2017
978 2328
978 2990
978 3311
978 4357
978 6703
978 7244
978 7907
978 8662
978 9346
979 3157
980 3818
981 1312
981 1374
981 1545
981 2276
981 2497
981 2867
981 3090
981 3203
981 3245
981 3868
981 5242
981 5438
981 5705
981 5766
981 7744
981 7840
981 8363
981 8784
981 8892
981 9333
982 7275
982 7886
982 8493
983 2416
983 8823
983 9618
984 1006
984 1275
984 1607
984 1620
984 1792
984 1891
984 3485
984 4546
984 4746
984 5290
984 6844
984 7562
984 8123
984 8135
984 8155
984 8249
984 8608
984 9149
984 9323
984 9671
985 4541
985 5275
985 7435
985 9440
985 9690
986 2638
986 5962
987 1183
987 3980
988 9681
988 9805
989 6489
990 4549
990 8337
991 1938
992 2699
992 4641
992 6536
992 7701
992 9163
993 5045
993 6297
994 6157
995 1334
995 5751
995 6590
995 9112
995 9860
996 1846
996 2924
996 4906
996 9047
996 9783
997 1113
997 1147
997 1459
997 2913
997 3493
997 4210
997 4343
997 5275
997 5622
997 5782
997 6070
997 6287
997 7434
997 7656
997 8539
997 8549
997 9116
998 1078
999 1057
1000 2051
1000 3737
1000 5792
1001 5030
1001 6456
1002 9870
1003 1775
1003 2841
1003 3356
1003 5719
1003 8326
1003 8762
1003 9515
1004 5285
1004 9136
1005 2726
1006 3485
1006 4746
1007 5068
1007 7645
1008 1154
1008 1275
1008 1318
1008 2001
1008 2479
1008 2491
1008 5186
1008 7721
1009 1590
1009 2022
1009 5717
1009 6820
1009 6979
1009 8318
1009 9081
1009 9694
1010 5687
1010 6888
1010 9728
1011 7575
1012 1083
1012 1270
1012 1802
1012 2013
1012 2111
1012 2112
1012 2388
1012 3183
1012 3571
1012 3893
1012 3920
1012 4219
1012 4849
1012 4888
1012 5030
1012 5111
1012 5121
1012 5288
1012 5494
1012 5856
1012 5944
1012 6972
1012 7258
1012 7868
1012 8313
1012 8909
1012 9596
1012 9782
1012 9802
1012 9822
1013 1112
1014 2176
1014 2882
1014 3065
1014 3091
1014 3749
1014 4013
1014 4659
1014 4668
1014 5776
1014 6367
1014 6461
1014 6811
1014 7844
1014 7947
1014 8299
1014 8309
1014 8428
1014 8751
1014 9601
1014 9602
1015 5030
1016 1861
1016 2193
1016 3205
1016 4118
1016 4158
1016 4742
1016 5056
1016 6377
1016 6487
1016 7696
1016 8136
1016 8237
1016 8689
1016 9503
1017 1775
1017 2037
1017 2080
1017 2529
1017 2882
1017 3009
1017 3069
1017 3356
1017 4288
1017 4483
1017 5076
1017 5344
1017 5445
1017 6547
1017 6969
1017 7108
1017 8119
1017 8139
1017 8690
1017 8750
1017 8915
1017 9448
1018 1198
1018 4990
1018 7888
1018 8604
1019 2795
1019 2932
1019 3407
1019 4239
1019 4675
1019 7304
1019 9132
1019 9609
1020 1209
1020 1881
1020 2966
1020 3347
1020 4919
1020 5170
1020 6435
1021 3574
1022 2631
1023 1083
1023 1406
1023 1802
1023 2168
1023 2282
1023 3027
1023 4634
1023 5172
1023 5288
1023 5821
1023 6461
1023 7212
1023 7214
1023 7684
1023 8981
1023 9536
1024 6280
1024 8411
1025 5034
1026 1364
1026 3810
1026 5001
1026 6712
1026 7147
1026 7504
1027 4706
1027 4997
1027 5557
1027 5923
1027 6643
1027 8387
1027 8474
1027 9074
1028 5530
1029 4709
1029 5131
1030 1572
1030 2073
1030 2104
1030 2278
1030 3588
1030 3675
1031 2072
1031 5006
1031 6910
1031 8402
1032 1114
1032 1267
1032 1269
1032 1306
1032 1321
1032 2322
1032 2394
1032 2625
1032 3418
1032 4480
1032 4638
1032 4811
1032 5337
1032 5431
1032 5446
1032 5768
1032 7027
1032 7377
1032 7592
1032 7903
1032 8185
1032 9355
1033 1936
1033 5838
1033 6826
1033 6942
1033 8177
1034 8258
1035 2684
1035 5362
1036 3155
1036 7570
1037 1150
1037 2817
1037 2883
1037 3553
1037 3830
1037 5221
1037 5364
1037 5599
1037 5755
1037 6093
1037 6146
1037 6215
1037 6275
1037 6291
1037 6427
1037 6750
1037 6818
1037 6839
1037 8271
1037 9456
1037 9669
1038 1869
1038 3409
1038 4104
1038 5004
1038 9744
1039 2241
1039 3987
1039 5056
1040 2719
1040 4565
1041 5151
1041 9310
1042 1157
1042 4277
1042 9722
1043 2031
1043 2687
1043 3360
1043 8312
1044 2368
1044 3620
1044 5891
1044 6678
1044 7731
1044 9868
1045 1145
1045 1353
1045 1817
1045 1889
1045 1896
1045 2613
1045 2797
1045 2886
1045 2965
1045 3253
1045 3504
1045 4268
1045 4420
1045 4559
1045 5015
1045 5521
1045 6607
1045 6808
1045 7430
1045 8694
1045 8703
1045 8838
1045 9829
1046 3524
1046 4063
1046 6836
1046 8889
1047 1548
1048 4192
1048 6877
1049 1326
1049 3221
1049 4391
1049 5533
1049 6945
1049 7094
1049 8974
1049 9129
1049 9535
1050 2313
1050 3446
1050 3601
1050 4900
1050 5866
1050 7298
1050 8222
1050 9041
1051 7056
1052 2179
1052 9294
1053 6713
1053 9460
1054 1722
1054 2122
1054 8908
1054 9653
1055 5159
1055 5558
1055 8417
1055 8474
1055 9261
1056 6080
1056 7585
1057 2940
1057 3981
1057 4065
1057 4431
1057 4478
1057 8666
1058 4302
1060 3393
1060 4709
1060 5798
1060 8458
1060 8459
1060 9258
1060 9699
1061 1463
1061 3130
1061 3207
1061 3692
1061 6341
1061 7091
1061 8454
1061 8537
1061 8881
1062 3808
1062 9243
1063 1747
1063 2167
1063 2689
1063 3421
1063 3583
1063 3607
1063 4042
1063 5066
1063 5424
1063 7590
1063 7764
1063 8364
1064 7267
1066 3500
1067 2440
1068 5492
1069 2099
1069 2292
1070 2930
1070 4406
1070 6769
1070 8199
1070 8404
1071 1213
1071 1673
1071 1850
1071 2703
1071 3965
1071 4874
1071 5017
1071 5026
1071 6421
1072 1111
1072 2201
1072 2908
1072 3616
1072 5794
1072 7710
1072 9200
1073 6423
1073 7267
1074 2488
1075 2190
1075 2613
1075 5015
1075 5334
1075 6544
1075 6914
1075 8348
1076 1207
1076 1376
1076 1869
1076 3795
1076 5356
1076 5436
1076 6406
1076 7395
1076 8556
1076 8640
1076 9201
1076 9444
1077 3602
1079 1669
1079 5195
1079 9655
1080 1605
1080 3538
1080 4303
1080 6742
1081 2696
1081 4340
1081 4451
1081 4922
1081 7179
1082 2507
1082 4478
1083 1802
1083 2013
1083 2090
1083 5030
1083 5312
1083 6572
1083 7212
1084 3339
1084 3501
1084 8825
1084 9154
1084 9476
1085 2507
1085 4478
1086 1198
1086 2655
1086 4990
1086 5242
1086 6996
1086 8604
1087 4275
1087 6526
1088 2459
1088 3215
1088 3898
1088 9254
1089 3181
1090 1775
1090 3114
1090 3572
1090 9697
1090 9794
1091 1543
1091 2266
1091 2567
1091 4942
1092 2514
1092 9176
1093 5952
1094 2748
1094 5072
1094 8291
1095 1952
1095 2028
1095 2197
1095 2622
1095 3207
1095 3577
1095 4032
1095 4713
1095 4987
1095 5046
1095 5058
1095 5112
1095 7070
1095 7358
1095 7422
1095 7753
1095 7785
1096 4452
1097 2139
1097 2311
1097 2448
1097 2630
1097 2699
1097 2806
1097 3149
1097 5086
1097 5411
1097 5856
1097 6456
1097 8398
1097 8482
1097 9163
1098 1238
1098 2567
1098 5320
1098 6695
1098 6924
1098 7451
1098 7603
1098 8661
1098 8891
1099 3731
1099 6256
1100 4815
1100 6513
1101 7984
1102 2886
1102 4073
1102 4420
1102 5075
1102 5132
1102 5326
1102 5519
1102 6531
1102 7177
1102 8227
1103 8766
1104 6289
1104 9762
1105 6291
1105 9762
1106 6807
1107 1108
1107 1999
1107 3756
1107 4588
1107 6456
1108 1722
1108 2491
1108 2703
1108 2817
1108 2875
1108 3424
1108 3679
1108 3756
1108 4508
1108 4588
1108 4893
1108 5051
1108 5634
1108 6291
1108 6456
1108 6589
1108 6714
1108 6745
1108 6766
1108 6861
1108 7274
1108 7586
1108 7972
1108 8001
1108 8099
1108 8820
1108 8932
1108 8949
1108 9607
1109 2531
1109 3387
1109 4265
1109 6643
1109 6878
1109 8066
1109 8932
1109 8989
1109 9737
1110 2858
1110 4752
1110 4940
1110 6950
1110 8981
1110 9072
1111 1766
1111 2011
1111 2046
1111 2439
1111 3139
1111 4965
1111 5754
1111 5885
1111 6331
1111 7288
1111 7367
1111 7811
1111 8468
1111 8518
1111 9176
1111 9643
1112 2515
1112 3798
1113 2334
1113 9194
1114 1267
1114 1269
1114 1306
1114 1321
1114 2322
1114 2394
1114 2625
1114 3418
1114 4480
1114 4638
1114 4811
1114 5337
1114 5431
1114 5446
1114 5768
1114 7027
1114 7377
1114 7592
1114 7903
1114 8185
1114 9355
1115 6221
1115 8073
1115 9836
1116 4376
1117 2360
1117 7144
1118 1489
1118 2081
1118 3375
1118 3771
1118 5075
1118 5819
1118 6683
1118 7612
1118 8883
1119 8742
1119 9414
1120 6227
1120 7056
1120 7300
1121 1748
1121 9697
1122 3829
1122 4914
1122 7434
1122 7952
1123 5627
1123 8178
1124 1401
1125 8800
1126 1331
1126 1756
1126 2699
1126 2708
1126 4779
1126 5101
1126 5477
1126 6364
1126 6817
1126 9040
1126 9163
1127 3534
1127 7743
1128 2105
1128 7544
1128 7597
1128 9024
1128 9787
1129 3875
1129 3928
1129 4454
1129 4490
1129 4510
1129 6733
1129 8579
1129 8784
1130 7287
1130 8810
1130 9302
1131 1341
1131 3348
1131 6044
1131 6589
1131 8949
1133 1540
1133 1591
1133 1877
1133 1918
1133 1983
1133 2387
1133 2406
1133 2537
1133 3022
1133 3193
1133 3620
1133 3974
1133 4309
1133 4611
1133 4734
1133 4959
1133 5048
1133 5084
1133 5135
1133 5145
1133 5245
1133 5296
1133 5358
1133 5737
1133 5923
1133 6218
1133 6484
1133 7022
1133 7029
1133 7074
1133 7135
1133 8190
1133 9741
1133 9742
1133 9779
1134 1263
1134 4557
1135 1937
1135 5582
1135 7045
1136 2161
1136 3412
1136 5103
1137 2151
1137 3225
1137 4786
1137 7600
1137 8766
1137 8946
1138 3250
1138 6872
1140 1226
1140 2045
1141 1981
1141 8469
1142 1829
1142 3031
1142 3481
1142 5618
1142 5619
1143 2303
1143 2728
1143 2839
1143 6565
1143 9538
1143 9756
1144 1368
1144 5477
1145 4115
1145 4857
1145 5839
1145 6607
1145 8694
1145 9709
1145 9808
1146 1579
1148 2503
1148 6837
1148 6971
1149 8493
1150 1547
1150 1694
1150 2161
1150 2283
1150 2883
1150 2954
1150 4239
1150 4593
1150 6146
1150 6215
1150 6291
1150 6818
1150 8138
1150 8271
1150 9110
1150 9456
1150 9762
1151 2263
1151 2543
1151 7785
1152 1973
1152 4460
1152 7177
1152 9292
1153 7247
1154 2491
1154 3494
1154 5758
1154 5915
1154 5996
1154 6994
1154 7165
1154 7396
1154 7404
1154 7721
1155 7274
1156 2874
1156 3072
1156 8317
1156 9827
1157 1368
1157 1859
1157 2513
1157 4277
1157 5314
1157 6947
1157 6969
1157 7416
1157 7489
1157 8328
1157 9552
1157 9722
1158 2988
1158 8892
1159 2861
1159 3373
1159 4013
1159 4997
1159 5174
1159 6580
1160 2398
1160 3692
1160 4077
1160 9074
1161 1336
1161 1795
1161 2352
1162 9511
1163 1853
1163 4525
1164 1268
1164 1316
1164 1554
1164 4277
1164 5575
1164 5713
1165 2802
1165 4732
1165 5083
1165 5445
1166 1728
1166 4681
1166 7178
1167 4289
1168 3103
1168 3904
1168 9323
1168 9524
1169 2626
1169 2647
1170 1461
1170 3847
1170 4214
1170 5007
1170 5640
1170 5929
1170 6322
1170 6550
1170 7420
1170 8257
1170 8883
1170 9529
1170 9783
1171 5013
1171 6077
1171 6936
1172 9527
1173 2670
1173 3103
1173 8707
1174 1284
1174 1535
1174 2707
1174 6751
1174 6752
1175 2782
1175 5287
1175 7191
1175 8410
1176 1283
1176 1330
1176 2652
1176 6655
1176 9201
1177 5147
1177 6209
1177 6744
1177 8551
1178 6682
1179 1309
1179 1547
1179 4277
1179 7489
1179 9110
1179 9762
1180 6080
1181 6098
1182 9814
1183 1364
1183 2786
1183 3980
1183 4673
1184 8434
1185 1343
1185 3070
1185 6041
1186 2333
1186 2517
1186 2788
1186 3065
1186 3081
1186 3258
1186 4034
1186 4265
1186 5025
1186 5149
1186 6643
1186 7686
1186 8474
1186 8475
1186 8590
1186 8783
1186 8932
1186 9449
1186 9627
1187 2546
1187 3925
1187 6084
1187 7831
1187 9403
1187 9494
1188 1995
1188 4126
1189 2817
1189 8993
1190 1871
1190 2183
1190 3561
1190 5418
1190 9177
1191 2629
1191 4726
1192 5078
1192 5362
1192 5569
1193 1208
1193 2199
1193 2288
1193 6405
1195 6543
1195 7089
1195 7624
1196 1611
1197 1322
1197 2449
1197 8695
1198 4148
1198 4491
1198 4990
1198 6996
1198 7888
1198 8604
1199 2167
1199 5405
1199 5994
1199 6533
1200 3969
1200 3979
1200 5086
1200 6364
1201 2833
1201 5591
1202 4191
1202 8219
1203 1305
1203 1693
1203 2684
1203 7564
1204 3477
1204 3561
1204 8304
1204 9177
1204 9444
1205 1689
1205 2343
1205 2347
1205 4232
1205 5023
1205 5734
1205 5893
1205 8331
1205 8665
1205 9412
1206 1326
1206 2366
1206 2513
1206 2952
1206 4688
1206 5279
1206 6148
1206 6177
1206 7574
1206 8523
1206 8903
1207 3264
1207 6406
1207 6655
1207 7395
1207 8640
1207 9201
1208 2199
1208 2288
1209 1882
1209 1908
1209 1952
1209 2434
1209 2457
1209 2966
1209 3578
1209 3803
1209 4077
1209 5175
1209 5790
1209 6435
1209 6562
1209 6688
1209 7022
1209 7074
1209 7316
1209 8183
1210 4738
1210 8858
1211 1586
1211 2202
1211 2426
1211 2427
1211 3244
1211 3302
1211 3413
1211 4203
1211 4462
1211 4644
1211 5463
1211 5714
1211 8308
1211 8817
1211 8975
1211 9155
1211 9335
1211 9346
1211 9750
1211 9828
1212 5062
1213 1673
1213 1907
1213 2080
1213 3774
1213 4732
1213 4745
1213 5195
1213 9146
1213 9867
1214 1823
1214 3699
1214 3921
1214 6193
1214 7419
1214 7421
1214 8753
1214 8916
1214 9838
1215 5516
1215 7908
1216 9149
1217 7964
1217 8485
1217 9636
1218 6165
1219 7378
1219 8974
1220 5044
1220 8283
1220 9492
1221 9241
1222 3133
1222 5729
1222 6960
1222 7338
1223 5193
1223 5259
1224 1505
1224 1573
1224 1768
1224 2080
1224 2742
1224 3078
1224 3582
1224 4695
1224 5108
1224 5506
1224 6963
1224 8144
1224 8822
1224 8922
1224 9093
1224 9183
1224 9210
1224 9753
1225 1681
1225 4867
1225 5124
1225 5264
1225 5265
1225 5834
1225 6754
1225 6757
1226 2045
1227 2354
1227 4317
1227 4637
1227 5716
1227 7420
1228 2369
1228 2512
1228 2819
1228 2832
1228 4700
1228 4805
1228 5698
1228 6470
1228 7032
1228 7864
1228 8680
1228 9424
1228 9753
1229 1314
1229 6509
1229 6655
1229 7395
1229 7863
1229 9201
1230 8786
1231 4043
1231 5182
1232 1523
1232 1524
1232 7028
1233 4799
1233 7485
1234 1715
1234 1746
1234 2622
1234 3965
1234 4017
1234 5027
1234 5046
1234 5683
1234 6456
1234 7199
1234 7489
1234 9486
1235 4780
1236 1839
1236 3131
1236 5915
1236 8142
1237 1686
1237 3216
1237 3217
1237 5348
1237 5422
1237 5423
1237 5561
1237 5908
1237 8421
1237 9312
1237 9779
1238 2614
1238 5280
1238 5320
1238 6378
1239 1533
1239 1817
1239 2451
1239 2941
1239 5259
1239 6013
1239 7095
1239 7275
1239 9120
1240 4870
1242 1656
1242 2567
1242 2984
1242 5280
1242 6234
1242 8276
1242 8898
1243 1283
1243 3264
1243 4383
1243 4546
1243 5102
1243 5108
1243 5904
1243 8722
1244 2274
1244 4340
1244 6076
1244 8697
1244 9000
1245 3354
1245 7782
1246 1281
1246 1610
1246 3425
1246 5450
1246 5759
1246 5891
1246 6257
1247 1254
1247 2860
1247 4728
1247 5695
1247 5696
1247 6689
1247 6691
1247 9237
1248 5154
1249 3697
1249 4062
1249 7815
1250 1637
1250 2347
1250 2641
1250 2778
1250 3683
1250 5019
1250 6655
1250 6888
1250 8115
1250 8665
1250 9027
1250 9201
1251 1694
1252 5489
1252 6080
1253 3861
1253 4496
1253 5038
1253 5487
1253 5767
1254 4728
1255 9338
1256 2029
1257 2567
1258 3837
1258 5271
1259 2820
1260 2388
1260 5529
1260 9168
1261 2680
1262 4883
1262 5120
1262 5808
1263 1416
1263 1825
1263 3337
1263 4323
1263 4557
1263 5814
1263 6506
1263 8771
1264 7341
1264 8861
1265 4331
1265 4389
1266 2128
1266 2297
1266 2518
1266 2724
1266 3127
1266 3258
1266 3346
1266 3467
1266 3753
1266 3980
1266 4012
1266 4425
1266 4660
1266 6337
1266 6384
1266 6423
1266 6483
1266 7006
1266 7268
1266 8313
1266 8692
1266 8909
1266 9293
1267 1269
1267 1306
1267 1321
1267 2322
1267 2394
1267 2625
1267 3418
1267 4480
1267 4638
1267 4811
1267 5337
1267 5431
1267 5446
1267 5768
1267 7027
1267 7377
1267 7592
1267 7903
1267 8185
1267 9355
1268 1316
1268 4277
1268 5400
1268 5575
1269 1306
1269 1321
1269 2322
1269 2394
1269 2625
1269 3418
1269 4480
1269 4638
1269 4811
1269 5337
1269 5431
1269 5446
1269 5768
1269 7027
1269 7377
1269 7592
1269 7903
1269 8185
1269 9355
1270 1802
1270 2665
1270 2990
1270 4673
1270 5513
1270 6729
1270 9067
1271 1610
1271 2699
1271 3608
1271 5086
1273 6525
1273 8551
1274 2382
1274 4781
1274 6026
1275 1318
1275 1627
1275 2001
1275 2492
1275 3893
1275 8119
1276 1511
1276 5488
1276 6821
1276 6834
1277 3341
1277 6367
1277 7651
1277 8309
1277 9208
1278 1663
1278 2252
1278 2388
1278 3050
1278 3238
1278 4733
1278 5417
1278 5564
1278 6253
1278 9070
1278 9168
1279 1717
1279 1998
1279 2058
1279 2707
1279 5196
1279 5670
1279 6008
1279 6751
1279 7605
1280 1914
1281 2220
1281 2879
1281 4937
1281 5891
1281 6040
1282 2502
1282 7656
1283 1330
1283 1735
1283 2403
1283 2832
1283 3021
1283 3264
1283 5104
1283 5105
1283 5108
1283 6524
1283 6655
1283 6823
1283 6907
1283 6982
1283 7132
1283 8680
1283 9201
1283 9229
1283 9729
1284 1535
1284 2413
1284 2707
1284 5670
1284 6751
1284 6752
1284 8865
1285 2162
1285 2190
1285 3749
1285 5334
1285 6261
1285 6544
1285 6650
1285 7963
1286 4331
1287 5723
1287 9057
1288 3690
1289 5646
1290 2491
1291 3303
1292 3153
1292 3297
1292 3905
1292 4816
1292 6728
1292 8771
1293 4955
1294 2518
1294 5216
1295 4969
1295 5193
1296 3756
1296 9083
1297 4757
1297 8692
1298 1336
1298 1795
1298 2352
1298 2513
1298 3712
1298 6482
1298 6709
1298 7032
1298 7698
1298 8287
1298 8903
1299 2543
1299 2854
1299 4407
1299 5618
1300 7191
1301 2960
1301 3066
1301 4612
1301 5117
1301 6014
1301 6627
1301 6854
1301 7317
1301 8330
1302 6726
1303 1876
1304 1876
1305 1693
1305 2684
1305 7564
1306 1321
1306 2322
1306 2394
1306 2625
1306 3418
1306 4480
1306 4638
1306 4811
1306 5337
1306 5431
1306 5446
1306 5768
1306 7027
1306 7377
1306 7592
1306 7903
1306 8185
1306 9355
1308 5379
1308 8517
1308 9031
1309 9110
1310 8557
1311 1652
1311 2334
1311 2548
1311 2567
1311 2651
1311 4366
1311 4966
1311 5280
1311 6640
1311 7253
1311 7392
1311 8661
1311 8840
1311 9758
1312 2276
1312 2988
1312 3868
1312 4027
1312 4341
1312 5438
1312 7182
1312 8784
1312 9333
1313 3595
1313 5678
1313 8716
1314 6655
1314 6970
1314 7395
1314 8267
1314 9201
1315 4340
1315 4837
1315 7561
1315 8098
1315 8653
1315 8957
1316 2252
1316 2307
1316 2384
1316 2495
1316 5575
1316 5712
1316 6362
1316 9040
1317 1710
1318 2001
1318 2492
1318 2774
1318 3893
1318 6999
1318 8264
1319 1774
1319 7703
1320 6718
1320 9146
1321 2322
1321 2394
1321 2625
1321 3418
1321 4480
1321 4638
1321 4811
1321 5337
1321 5431
1321 5446
1321 5768
1321 7027
1321 7377
1321 7592
1321 7903
1321 8185
1321 9355
1322 1589
1322 1641
1322 2403
1322 2449
1322 6889
1322 8422
1322 8695
1323 2161
1324 2778
1324 3248
1324 3312
1324 6481
1324 8903
1325 2338
1325 3692
1325 6395
1325 9074
1326 2366
1326 2952
1326 3122
1326 3484
1326 4688
1326 5582
1326 6148
1326 6177
1326 6945
1326 7142
1326 7574
1326 8316
1326 8523
1326 8883
1326 8935
1326 9256
1326 9409
1327 2824
1327 4204
1327 4900
1328 2776
1328 3375
1328 3705
1328 5310
1328 6375
1328 6686
1328 7115
1328 7612
1328 8110
1328 8305
1328 8669
1328 9241
1329 6226
1330 6655
1330 9201
1332 2065
1332 4790
1333 1969
1333 5263
1334 2401
1334 3428
1334 5087
1334 6590
1334 7795
1334 7831
1334 9112
1334 9403
1334 9860
1335 2615
1335 4143
1335 5891
1335 8871
1336 1613
1336 1746
1336 1795
1336 2352
1336 2513
1336 3057
1336 3965
1336 4804
1336 4987
1336 5109
1336 6969
1336 7159
1336 8310
1336 8903
1338 3140
1338 4695
1339 4804
1340 5815
1340 8804
1341 6044
1342 1834
1344 3013
1344 7908
1345 9177
1346 5928
1346 8575
1347 4214
1347 4217
1347 4218
1347 6559
1348 5252
1348 7520
1349 2484
1349 5049
1349 6073
1349 6906
1349 9378
1350 4184
1350 4318
1350 5284
1350 8477
1350 9528
1351 1416
1351 1457
1351 1751
1351 1853
1351 2268
1351 2336
1351 2849
1351 2874
1351 3309
1351 4312
1351 4320
1351 4542
1351 4750
1351 5303
1351 5731
1351 6184
1351 6892
1351 6951
1351 6957
1351 7339
1351 7997
1351 8949
1351 8976
1351 9119
1351 9676
1351 9814
1352 1971
1352 3995
1352 7997
1353 1817
1353 7280
1353 8694
1354 3234
1354 4552
1354 5857
1356 3790
1357 3900
1357 5864
1358 2934
1358 5134
1358 7699
1359 6610
1359 6651
1360 1781
1360 2669
1360 3537
1360 7074
1360 9402
1361 2083
1361 4690
1361 4794
1361 4837
1361 8981
1362 1961
1362 2078
1362 2204
1362 3207
1362 4421
1362 4739
1362 6022
1362 6151
1362 7298
1362 7719
1362 8104
1362 8107
1362 8195
1362 9041
1362 9450
1363 3658
1364 1695
1364 2110
1364 2181
1364 2209
1364 2786
1364 3303
1364 3481
1364 3870
1364 4032
1364 4640
1364 5923
1364 6049
1364 6712
1364 7147
1364 8046
1364 8063
1364 8313
1365 7147
1366 2517
1366 5833
1366 9397
1367 9233
1368 1585
1368 2043
1368 2334
1368 2352
1368 2551
1368 2786
1368 2956
1368 3965
1368 4277
1368 5314
1368 5477
1368 6025
1368 7489
1368 9258
1368 9722
1369 1408
1369 1492
1369 2669
1369 3268
1369 4497
1369 4751
1369 4885
1369 6611
1369 9186
1369 9594
1370 1907
1371 6759
1371 8939
1372 1373
1372 5195
1373 1669
1373 1722
1373 5195
1374 2203
1374 2934
1374 5705
1374 7661
1374 7744
1374 7966
1374 8363
1375 2955
1375 7267
1375 7721
1375 8121
1375 8913
1375 9719
1376 9444
1377 1382
1377 6765
1377 7423
1378 8959
1379 5607
1379 6338
1379 8302
1379 8619
1380 2032
1381 1616
1381 2291
1381 3442
1381 5974
1381 6333
1381 7071
1381 9571
1383 7937
1384 3059
1384 3103
1384 5009
1384 8167
1385 3543
1385 4925
1385 8018
1385 9326
1385 9598
1386 2960
1387 6952
1388 2071
1388 2181
1388 2990
1388 7430
1389 9454
1390 2181
1390 8662
1391 5641
1392 8621
1392 9712
1393 6025
1394 2095
1394 2663
1394 6517
1394 7119
1394 8360
1394 8511
1395 9579
1395 9689
1396 1418
1396 1500
1396 3458
1396 3746
1396 3870
1396 4849
1396 4997
1396 5056
1396 5607
1396 6229
1396 6397
1396 6878
1397 2662
1398 2029
1399 5745
1400 3497
1400 4758
1400 6558
1402 3896
1402 4200
1403 8316
1403 9604
1404 2548
1404 2551
1405 2443
1405 2553
1405 4163
1405 4490
1405 5139
1405 6498
1405 9729
1407 1942
1407 3103
1407 3746
1407 4197
1407 4854
1407 4885
1407 5378
1407 5897
1407 7528
1407 8707
1407 9009
1407 9524
1408 2042
1408 2649
1408 3098
1408 3236
1408 4003
1408 4885
1408 5093
1408 5138
1408 7504
1408 7974
1408 9594
1409 4513
1409 9529
1410 3103
1410 3189
1410 3433
1410 5049
1410 6906
1410 9524
1411 2286
1411 3543
1411 8018
1411 9598
1412 1469
1412 2080
1412 2857
1412 3179
1412 4879
1412 6396
1413 2290
1413 3104
1413 4922
1413 5038
1413 9797
1414 6123
1415 2548
1415 7891
1416 1750
1416 2268
1416 2336
1416 2411
1416 3744
1416 4320
1416 4557
1416 4750
1416 4768
1416 4847
1416 4849
1416 4924
1416 5038
1416 5139
1416 5195
1416 5731
1416 5814
1416 5996
1416 6115
1416 6118
1416 7428
1416 7905
1416 9529
1416 9814
1417 1860
1417 1981
1417 2265
1417 3103
1417 4853
1417 8520
1417 9316
1417 9375
1417 9600
1418 2207
1418 3317
1418 3320
1418 3543
1418 3555
1418 4754
1418 4884
1418 5038
1418 6229
1418 6266
1418 8885
1418 8959
1418 9523
1418 9524
1418 9599
1419 1636
1420 3559
1420 4563
1420 4888
1420 4920
1421 1970
1421 3176
1421 3415
1421 4850
1421 5342
1421 6873
1421 7951
1421 9318
1422 3454
1422 9628
1423 4855
1423 9775
1424 2595
1424 4519
1424 5567
1424 8024
1424 8955
1425 5139
1425 7337
1425 8932
1425 9729
1426 2574
1426 5652
1426 6298
1426 6343
1426 7352
1426 9007
1427 2318
1427 4144
1427 8117
1427 8554
1428 4021
1428 7842
1429 3063
1429 3659
1429 4071
1429 4248
1429 4370
1429 4458
1429 5969
1429 6882
1429 7748
1429 8549
1429 9194
1429 9708
1429 9854
1430 9846
1431 6241
1431 9701
1432 2281
1432 4366
1432 4731
1432 9150
1433 4273
1433 6093
1434 6596
1434 8934
1435 4273
1435 4683
1435 6105
1435 7821
1436 2669
1436 4497
1436 5577
1436 9639
1437 8371
1438 3452
1439 7284
1440 1952
1440 2982
1440 3036
1440 3865
1440 3997
1440 4276
1440 4719
1440 9615
1440 9733
1441 9658
1442 8023
1442 9802
1443 6589
1444 4373
1445 3285
1446 6634
1446 7238
1447 9069
1447 9202
1448 1910
1448 2739
1448 4006
1448 4007
1448 5129
1448 6532
1449 2154
1449 5620
1449 8387
1450 5580
1451 2850
1451 8532
1452 2161
1452 4434
1452 8031
1453 6001
1453 9233
1454 3556
1454 9313
1454 9760
1455 1921
1455 1970
1455 2741
1455 3318
1455 3415
1457 2550
1457 2852
1457 4312
1457 6146
1457 6771
1458 1470
1459 2174
1459 3999
1459 4063
1459 4210
1459 4343
1459 7656
1459 8339
1459 8889
1460 6015
1460 9211
1461 3613
1461 4210
1461 4750
1461 4758
1461 5988
1461 6312
1461 6553
1461 7905
1462 3847
1462 4214
1462 4745
1462 6558
1462 7250
1462 7475
1462 8256
1463 3692
1463 4470
1463 8454
1464 3428
1464 5087
1464 8396
1465 4220
1465 4221
1465 4750
1465 5131
1465 5736
1465 6109
1465 6488
1465 9405
1466 1607
1466 2643
1466 3944
1466 5219
1466 5603
1466 6922
1466 8155
1466 8935
1467 1496
1467 4208
1467 4210
1467 4218
1467 4750
1467 4751
1467 5891
1467 6176
1468 3961
1468 5738
1468 8032
1468 8293
1468 9765
1469 3179
1470 3439
1470 4872
1470 6954
1471 9655
1472 3965
1472 7060
1472 7199
1472 8070
1472 9507
1473 5955
1473 6893
1474 3822
1474 7910
1475 1623
1475 3898
1476 6478
1477 6473
1478 1551
1478 2979
1479 1680
1479 1808
1479 4861
1479 4920
1479 5406
1479 9525
1479 9800
1480 5195
1481 2554
1481 3219
1481 4685
1481 5091
1481 9172
1482 9311
1483 1511
1483 1710
1483 2361
1483 2955
1483 3341
1483 3805
1483 5214
1483 6101
1483 6208
1483 6736
1483 6852
1483 7721
1483 8121
1483 9245
1484 2142
1484 2194
1484 3895
1484 4427
1484 4592
1485 5135
1486 1910
1486 2739
1486 4408
1486 9075
1487 5949
1488 4198
1488 7322
1489 2509
1489 3771
1489 5075
1489 7023
1489 7378
1489 7831
1489 8974
1489 9179
1489 9347
1489 9860
1490 2018
1490 2982
1490 3454
1490 3549
1490 4004
1490 4178
1490 4849
1490 5032
1490 5087
1490 7253
1490 7465
1490 7864
1490 7946
1490 8066
1490 8396
1490 8891
1490 9407
1490 9529
1490 9709
1490 9713
1490 9860
1491 2838
1493 1510
1493 2237
1493 8214
1493 9249
1494 7468
1494 8664
1495 1875
1495 5520
1495 6418
1495 6634
1496 4208
1497 1499
1497 3890
1497 5988
1497 6557
1497 8044
1498 1806
1498 1867
1498 2241
1498 2520
1498 4361
1498 7258
1498 8814
1499 6312
1499 6557
1500 2588
1500 3458
1500 5056
1500 7969
1500 8989
1501 4751
1501 9186
1502 7954
1503 2109
1503 2419
1503 5907
1503 6965
1503 9349
1503 9499
1504 3606
1504 4003
1504 4886
1504 6116
1504 8931
1505 2405
1505 9093
1506 2413
1506 2776
1506 8305
1506 8669
1507 2479
1507 4971
1507 7721
1508 1598
1508 5699
1508 5717
1508 8452
1508 9059
1508 9189
1509 2473
1511 1555
1511 2361
1511 2500
1511 3018
1511 3341
1511 4659
1511 6811
1511 7635
1511 7844
1512 4204
1512 8455
1513 4755
1513 6553
1514 5554
1514 6067
1514 7568
1515 8924
1516 6481
1517 2888
1517 6372
1517 6656
1517 8452
1518 7594
1519 1881
1519 2940
1519 5170
1520 9096
1521 3736
1521 6796
1522 2332
1522 4869
1522 8683
1523 1524
1523 7028
1524 7028
1525 9841
1526 4994
1526 6244
1527 1628
1528 3254
1529 1879
1529 2311
1529 3095
1529 3500
1529 3965
1529 4269
1529 4545
1529 6969
1529 7060
1529 7292
1529 8104
1529 8660
1529 8729
1529 8883
1529 9486
1529 9861
1530 1858
1530 5675
1531 1536
1531 1722
1531 2167
1531 2220
1531 2241
1531 2291
1531 4665
1531 4836
1531 5994
1531 7382
1531 7677
1531 8646
1531 9157
1531 9301
1531 9318
1532 1596
1532 2252
1532 2260
1532 2649
1532 5825
1532 9850
1533 2451
1533 2941
1533 7275
1533 9120
1534 4229
1534 4525
1534 7141
1535 2707
1535 6751
1535 6752
1536 2291
1537 1957
1537 5239
1537 8076
1537 8201
1537 8225
1537 9379
1538 8562
1539 3186
1540 1591
1540 2387
1540 2406
1540 3027
1540 3915
1540 5083
1540 5358
1540 5737
1540 6469
1540 7933
1540 9073
1540 9222
1541 3185
1541 4234
1541 6269
1542 1676
1542 2296
1542 2362
1542 2660
1542 2777
1542 3445
1542 3554
1542 3614
1542 3788
1542 4666
1542 5308
1542 5323
1542 5401
1542 5481
1542 5733
1542 6104
1542 6581
1542 6785
1542 6870
1542 6983
1542 7109
1542 7360
1542 7448
1542 7697
1542 7948
1543 1554
1543 2266
1543 2567
1543 2699
1543 4942
1543 7578
1543 9040
1544 7489
1544 8776
1545 2276
1545 3203
1545 3245
1545 5242
1546 6424
1546 6712
1547 2161
1547 4238
1547 4239
1547 4277
1547 4735
1547 7972
1547 9110
1547 9762
1549 2741
1549 4010
1549 4032
1549 5810
1549 6073
1549 7148
1549 7430
1549 7760
1549 8083
1550 3534
1551 6764
1552 2104
1552 6701
1552 8423
1553 6368
1554 2266
1554 2567
1555 1596
1555 2500
1555 3088
1555 3341
1555 5349
1555 6672
1555 6811
1555 6884
1555 8861
1556 6149
1556 9172
1557 4922
1557 6676
1557 8957
1557 9314
1558 2858
1558 3588
1558 6261
1558 6914
1558 6950
1558 7208
1558 7336
1558 9076
1558 9449
1559 3502
1559 4869
1559 6178
1560 6005
1561 6410
1562 4424
1563 6410
1563 7905
1564 1846
1564 2167
1564 3580
1564 5405
1564 5994
1565 1736
1565 2771
1566 2559
1566 2734
1566 3645
1566 4608
1566 6112
1568 3674
1568 8841
1569 3860
1570 3476
1570 3485
1570 5290
1571 7696
1572 3675
1573 4436
1573 5915
1574 5577
1574 7599
1574 9149
1575 3140
1575 4525
1575 4695
1575 5758
1575 8892
1576 7240
1577 3605
1578 4244
1578 7614
1578 7799
1580 3316
1580 7403
1581 6987
1582 2390
1582 2895
1582 3983
1582 7319
1583 1885
1583 5322
1583 5718
1583 5780
1583 6451
1583 8743
1584 3934
1584 6964
1585 1756
1585 2028
1585 2062
1585 2312
1585 4478
1585 4651
1585 7840
1586 2202
1586 2426
1586 2427
1586 3244
1586 3302
1586 3413
1586 4203
1586 4462
1586 4644
1586 5463
1586 5714
1586 8308
1586 8817
1586 8975
1586 9155
1586 9335
1586 9346
1586 9750
1586 9828
1587 6016
1589 1641
1589 2403
1589 8422
1590 6979
1591 2406
1591 3870
1591 5923
1591 8590
1592 1775
1592 8861
1593 7568
1594 3126
1594 7722
1594 8861
1595 2985
1596 1898
1596 2213
1596 2260
1596 2360
1596 2792
1596 2874
1596 5229
1596 6811
1596 6937
1596 7635
1596 8861
1596 9228
1596 9542
1596 9827
1597 5111
1599 4965
1600 1671
1600 2652
1600 6817
1600 7126
1600 7870
1600 8476
1602 9180
1603 6356
1603 8913
1603 9719
1604 2230
1604 8957
1605 3538
1605 4303
1605 6742
1606 3175
1606 3503
1606 5198
1606 9072
1606 9264
1607 1809
1607 3146
1607 3612
1607 4152
1607 4297
1607 4645
1607 5219
1607 5603
1607 5815
1607 6631
1607 7377
1607 8155
1607 8249
1607 8511
1607 9149
1608 4340
1608 4752
1608 4971
1608 8385
1608 8569
1609 8539
1610 1612
1610 2112
1610 2699
1610 2972
1610 3608
1610 4626
1610 4868
1610 4869
1610 5030
1610 5064
1610 5086
1610 5414
1610 6257
1610 6586
1610 6862
1610 6972
1610 7069
1610 7504
1610 8423
1610 8909
1610 9144
1610 9149
1610 9310
1611 1959
1611 2684
1611 3039
1611 3298
1611 7056
1611 7728
1611 7741
1611 8904
1613 1795
1613 2513
1613 3057
1613 8729
1613 8903
1614 9211
1615 5737
1615 7091
1616 2291
1616 6578
1616 6862
1616 9422
1616 9533
1616 9569
1616 9701
1617 1640
1617 1688
1617 1691
1617 2872
1617 4467
1617 5614
1617 6252
1617 6476
1617 6802
1617 7023
1617 7200
1617 7378
1617 7467
1617 8232
1617 8494
1617 9280
1617 9724
1618 9293
1619 3781
1619 3843
1619 4997
1619 7091
1620 3340
1620 3485
1620 4546
1620 5414
1620 9149
1621 1645
1621 3366
1621 7740
1621 8692
1621 9449
1623 3898
1624 3667
1624 5325
1625 3818
1625 5419
1625 8937
1626 2504
1626 2786
1626 4827
1626 5675
1626 8343
1626 8373
1627 5785
1627 8119
1627 9586
1629 3637
1629 3952
1629 4670
1629 6161
1630 1952
1630 2410
1630 2434
1630 3095
1630 5149
1630 5451
1630 6469
1630 6813
1630 7422
1630 9331
1630 9699
1632 5000
1632 5758
1632 7721
1633 7766
1634 3237
1634 4490
1634 4954
1634 9419
1635 6888
1635 7228
1636 1846
1636 2017
1636 7244
1636 7656
1636 8009
1636 8662
1637 2657
1637 6864
1637 6888
1637 7272
1637 7764
1637 8115
1637 9156
1637 9719
1638 1897
1638 6969
1638 7909
1640 7023
1641 2403
1641 6889
1641 8422
1642 5426
1643 6402
1644 6639
1644 8324
1645 1722
1645 3130
1645 3366
1645 6528
1645 6712
1646 2267
1646 5364
1647 5208
1648 9114
1649 2668
1649 3750
1649 7442
1650 6740
1650 9698
1651 3764
1651 4724
1651 5492
1652 2548
1652 2567
1652 2651
1652 4966
1652 5280
1652 7253
1652 7392
1652 8661
1652 9758
1653 9236
1654 9466
1655 2301
1655 5502
1655 6065
1655 7054
1655 7623
1655 7886
1655 8876
1656 8276
1657 4043
1657 5353
1658 3356
1658 6423
1659 9709
1660 5064
1660 7400
1661 5006
1661 6910
1661 8402
1661 8883
1662 2506
1662 3839
1662 4662
1662 6108
1662 8413
1663 3238
1663 4733
1664 3015
1664 3276
1665 2528
1665 4078
1665 9633
1666 2611
1666 2882
1666 3258
1666 4470
1666 4686
1666 5344
1666 6969
1666 7370
1666 8915
1667 5043
1668 9421
1669 5195
1670 3620
1670 5225
1671 6138
1671 7126
1671 7870
1672 2753
1672 3912
1672 4710
1672 5006
1672 6910
1672 7411
1672 7774
1672 8402
1672 8888
1673 5933
1673 7775
1673 8692
1674 2827
1674 3529
1674 4617
1674 7148
1674 7750
1674 8990
1674 9353
1674 9552
1675 7427
1676 2296
1676 2362
1676 2660
1676 2777
1676 3445
1676 3554
1676 3614
1676 3788
1676 4666
1676 5308
1676 5323
1676 5401
1676 5481
1676 5733
1676 6104
1676 6581
1676 6785
1676 6870
1676 6983
1676 7109
1676 7360
1676 7448
1676 7697
1676 7948
1677 9286
1678 8913
1678 9719
1679 3405
1679 5364
1680 1808
1680 4861
1680 4920
1680 5406
1680 9525
1680 9800
1681 2819
1681 5124
1681 5265
1682 2334
1682 9437
1683 2028
1683 5737
1684 6204
1686 5908
1687 7085
1688 5614
1688 6476
1688 7378
1688 7467
1688 8232
1689 8665
1690 6828
1690 7098
1690 7374
1690 7913
1690 8813
1691 5614
1691 6476
1691 7378
1691 7467
1691 8232
1691 9280
1692 2252
1692 3771
1692 5582
1692 6037
1692 6038
1692 6041
1692 6042
1692 8625
1693 2684
1693 4799
1694 2883
1694 6369
1695 2209
1695 2518
1695 2946
1695 3027
1695 3481
1695 3969
1695 4178
1695 4362
1695 4484
1695 4770
1695 5904
1695 6395
1695 6461
1695 6922
1695 7102
1695 7464
1695 7760
1695 7947
1695 7951
1695 8056
1695 8187
1695 8731
1696 4020
1696 6432
1697 9826
1698 2341
1698 9312
1699 6618
1700 1887
1700 6925
1700 9864
1701 1879
1701 3171
1701 6969
1701 9487
1702 1926
1702 2735
1702 7388
1703 2878
1703 2891
1703 4972
1703 8111
1704 6671
1704 6690
1705 1812
1705 4571
1705 5544
1705 5706
1705 6548
1705 7264
1705 7396
1705 7721
1705 9278
1706 5890
1706 6692
1707 6684
1707 6722
1708 4680
1708 5352
1709 8714
1710 3341
1710 5214
1710 6208
1711 6203
1712 5264
1712 6131
1712 6754
1712 6757
1712 7486
1713 6053
1713 7163
1714 1752
1715 1999
1715 4276
1715 4414
1715 4472
1715 5027
1715 5046
1715 5604
1715 5683
1715 7199
1715 7451
1715 8751
1715 9615
1716 9388
1717 1998
1717 2707
1718 2703
1718 7304
1719 2271
1719 2760
1719 6893
1719 9011
1719 9695
1721 3993
1721 4205
1721 4752
1721 9245
1722 1856
1722 2072
1722 2220
1722 2241
1722 2622
1722 2786
1722 3002
1722 3065
1722 3552
1722 3591
1722 4665
1722 4686
1722 4922
1722 5006
1722 5007
1722 5300
1722 6215
1722 6291
1722 6456
1722 6745
1722 6862
1722 6910
1722 7199
1722 7489
1722 7500
1722 7662
1722 8066
1722 8265
1722 8402
1722 8888
1722 8932
1722 9048
1722 9143
1722 9318
1722 9653
1722 9668
1723 1803
1723 3002
1723 8265
1724 1894
1724 5128
1724 9134
1725 5011
1726 4550
1726 8568
1726 9063
1727 6243
1728 4681
1728 7178
1729 2712
1729 3258
1729 5172
1729 6553
1729 7088
1729 8907
1729 9074
1729 9295
1730 2028
1730 4985
1731 1732
1731 8203
1732 1836
1732 6160
1732 8203
1733 1971
1733 2324
1733 2435
1733 3602
1733 4461
1733 4651
1733 5338
1733 6096
1733 6542
1733 8168
1734 4192
1734 4476
1734 4685
1734 6966
1734 8577
1734 9793
1735 5104
1735 6524
1735 6982
1736 2771
1736 2931
1736 3900
1736 4023
1736 5072
1736 6530
1736 7206
1736 8160
1736 8971
1737 3537
1737 4020
1738 4482
1738 5031
1738 5234
1738 5327
1738 6034
1738 6926
1738 7161
1738 8471
1738 8578
1738 9257
1739 9360
1740 5071
1741 1942
1741 4843
1741 4854
1741 6774
1741 8295
1742 2517
1744 7302
1746 1795
1746 2253
1746 2352
1746 2511
1746 2513
1746 3382
1746 3965
1746 4738
1746 5046
1746 6969
1746 8316
1746 8729
1746 8858
1746 8903
1746 9699
1747 3870
1747 4265
1747 5789
1747 7600
1747 9345
1748 1753
1748 2093
1748 3225
1748 3539
1748 8120
1748 9171
1748 9697
1749 5418
1749 5696
1749 6103
1750 4746
1750 6115
1750 6118
1750 6311
1751 4542
1751 8262
1753 3009
1753 3140
1753 3345
1753 3885
1753 4465
1753 5105
1753 6085
1753 6146
1753 6183
1753 6361
1753 6425
1753 8270
1753 8353
1753 8879
1753 9171
1753 9415
1754 5240
1755 7490
1756 2222
1756 2312
1756 3057
1756 3356
1756 3815
1756 3912
1756 5856
1756 6134
1756 6891
1756 7181
1756 7714
1756 9163
1756 9211
1756 9348
1757 5082
1758 8450
1759 8854
1760 2990
1762 8077
1763 2366
1763 3081
1763 3962
1763 4136
1763 4265
1763 4504
1763 6893
1763 7746
1763 8430
1763 8522
1764 2103
1764 6748
1765 4829
1766 3478
1767 2027
1767 3280
1767 3827
1767 4191
1767 5210
1768 2067
1768 3078
1768 5108
1768 7508
1769 3786
1769 7121
1769 7204
1769 7557
1769 7925
1770 8082
1772 5073
1772 5352
1773 4561
1774 2476
1774 7703
1774 8843
1775 1816
1775 2080
1775 2301
1775 2529
1775 2650
1775 3539
1775 3572
1775 4189
1775 5115
1775 5485
1775 6512
1775 6697
1775 6707
1775 6919
1775 7108
1775 7119
1775 7420
1775 7946
1775 7997
1775 8119
1775 8149
1775 8690
1775 8861
1775 9252
1775 9515
1776 3794
1776 5861
1777 5599
1778 1779
1778 1906
1778 2726
1778 2767
1778 2768
1778 2786
1778 3602
1778 3843
1778 4081
1778 4323
1778 4557
1778 5136
1778 5172
1778 5195
1778 5356
1778 5641
1778 5861
1778 5862
1778 6574
1778 7086
1778 7088
1778 7199
1778 7644
1778 8534
1778 8907
1778 9078
1778 9285
1778 9560
1778 9752
1779 3928
1779 4954
1779 5136
1779 6134
1779 6857
1779 7088
1779 7644
1780 1970
1780 7102
1780 7335
1781 1842
1781 2669
1781 3366
1781 3432
1781 3613
1781 3822
1781 3965
1781 4034
1781 5472
1781 5862
1781 6310
1781 6553
1781 7074
1781 7582
1781 7936
1781 7975
1781 7997
1781 8677
1781 9639
1782 1783
1783 2611
1783 2977
1783 8391
1784 3828
1784 5203
1785 2164
1785 2265
1785 3986
1785 4355
1785 4367
1785 4784
1785 5024
1785 5403
1785 7021
1786 2444
1786 4109
1786 4261
1786 5291
1786 5426
1786 5497
1787 3215
1787 7086
1787 7661
1787 7960
1787 7979
1787 8297
1787 9682
1788 1789
1790 3273
1790 3819
1791 2769
1791 5909
1791 8160
1792 3485
1792 4746
1792 5226
1792 5789
1792 6807
1792 9149
1793 4988
1793 8312
1794 4104
1794 4426
1795 2352
1795 2513
1795 3057
1795 4438
1795 4804
1795 4935
1795 4936
1795 4987
1795 5109
1795 5604
1795 6969
1795 7159
1795 8310
1795 8903
1795 9113
1795 9135
1795 9217
1796 2085
1796 2247
1796 3090
1796 6106
1796 9443
1797 1906
1797 3130
1797 3324
1797 5172
1797 5613
1797 6258
1797 9078
1797 9285
1798 2723
1798 4029
1798 4743
1798 5197
1798 6632
1798 7839
1798 8856
1798 9254
1798 9299
1799 2444
1799 3854
1799 5647
1799 5984
1799 6335
1799 6720
1800 5208
1801 3481
1801 4178
1801 5389
1802 1804
1802 3248
1802 3578
1802 4190
1802 4801
1802 5284
1802 6704
1802 6795
1802 7069
1802 7212
1802 7965
1802 8909
1802 9055
1802 9190
1803 3002
1803 8265
1804 6704
1804 8909
1804 9190
1805 7407
1805 8580
1806 2241
1806 3395
1806 4665
1806 6684
1806 7282
1807 1836
1807 3042
1807 3966
1807 6431
1807 8218
1807 8666
1807 8682
1807 9061
1808 4861
1808 4920
1808 5406
1808 9525
1808 9800
1809 4645
1810 2091
1810 3827
1810 4119
1812 4571
1814 2256
1814 2778
1814 2789
1814 2984
1814 3210
1814 5470
1814 6360
1814 6481
1814 6510
1814 6799
1814 7395
1814 9201
1815 5592
1816 9238
1817 5259
1817 7021
1818 7905
1819 7444
1819 7756
1820 7797
1820 7944
1820 8104
1820 8764
1820 8915
1821 2161
1821 2378
1821 2756
1821 4239
1822 2291
1822 3998
1823 3699
1823 8753
1824 2067
1824 2099
1824 2168
1824 2609
1824 3229
1824 4649
1824 4673
1824 5026
1824 7094
1824 7130
1824 9067
1824 9079
1824 9710
1825 3337
1825 4323
1825 8771
1826 4100
1826 7946
1826 8523
1826 8655
1827 4100
1827 7946
1827 8523
1828 3265
1828 4446
1829 3481
1829 5618
1830 5171
1830 5853
1830 5961
1831 2259
1831 2769
1831 5426
1831 6327
1831 8953
1832 8054
1833 2763
1833 5195
1834 2309
1834 2556
1834 3444
1834 7789
1835 4737
1835 5816
1835 8809
1836 2165
1836 3964
1836 4478
1836 5419
1836 7267
1836 7289
1836 7321
1836 8780
1836 9288
1837 2323
1837 2509
1837 2646
1837 2648
1837 2753
1837 2792
1837 2927
1837 3549
1837 3756
1837 4493
1837 5002
1837 5102
1837 5110
1837 6811
1837 7056
1837 7681
1837 8260
1837 8282
1837 8306
1837 8311
1837 8567
1837 8756
1837 8758
1837 8861
1837 9498
1838 2336
1838 9417
1839 3021
1839 5915
1839 8142
1840 6898
1840 7029
1841 2979
1842 5472
1842 7582
1842 7975
1843 2462
1843 2778
1843 8413
1844 5607
1845 2517
1846 2659
1846 2924
1846 3022
1846 3580
1846 3586
1846 4906
1846 4961
1846 5082
1846 6161
1846 8078
1846 9722
1846 9783
1847 7726
1847 9078
1848 2812
1848 2875
1848 5504
1848 6015
1848 8119
1849 8182
1850 4192
1850 4621
1850 5017
1850 5923
1851 4265
1851 7308
1851 7761
1852 4327
1853 4525
1853 4542
1853 6951
1853 7997
1853 8976
1854 5555
1855 8198
1856 2220
1856 2241
1856 4665
1856 8023
1857 9780
1858 5675
1859 2513
1859 2982
1859 6718
1859 6969
1859 7052
1859 7129
1859 7944
1859 8480
1859 8914
1859 8915
1859 9722
1860 4853
1860 9600
1861 2193
1861 3205
1861 4118
1861 4158
1861 4742
1861 5056
1861 6377
1861 6487
1861 7696
1861 8136
1861 8237
1861 8689
1861 9503
1862 1863
1862 8553
1863 8553
1864 1954
1864 9372
1865 4739
1866 4247
1866 4647
1866 6950
1867 2269
1868 8159
1868 9207
1869 3795
1869 8640
1870 2599
1870 2935
1870 5400
1871 2183
1871 4152
1871 4712
1871 5238
1871 9177
1872 3957
1873 3657
1873 5352
1873 5732
1873 7745
1874 2135
1875 5520
1875 6418
1875 6634
1876 4324
1876 4325
1876 6387
1876 8701
1876 8962
1877 4438
1877 5017
1877 7022
1877 7029
1877 7675
1877 7947
1878 2240
1878 2632
1878 2817
1878 5051
1878 6110
1878 6365
1878 6370
1879 2786
1879 3171
1879 3366
1879 3965
1879 4545
1879 6969
1879 7610
1879 8883
1879 9487
1880 4840
1880 8311
1881 2940
1881 4026
1881 4111
1881 4237
1881 4256
1881 4402
1881 5170
1881 8405
1881 9128
1882 1952
1882 3578
1882 3803
1882 6435
1882 6562
1883 3165
1883 6594
1884 1989
1884 4076
1884 5856
1885 2487
1885 2602
1885 5718
1885 6451
1885 8743
1885 8753
1886 2930
1887 2080
1887 2505
1887 2786
1887 2872
1887 3013
1887 3356
1887 3774
1887 4752
1887 4828
1887 5005
1887 5423
1887 6582
1887 6893
1887 6925
1887 7641
1887 7848
1887 7908
1887 8394
1887 8697
1887 8700
1887 8744
1887 9023
1887 9296
1888 2084
1888 2096
1888 4114
1888 7831
1888 8886
1888 9403
1890 4680
1890 5352
1891 3485
1891 5178
1891 5222
1891 6392
1891 7562
1891 7883
1891 9149
1892 2836
1892 3526
1892 4905
1892 7082
1892 7742
1893 7492
1893 9476
1894 5128
1894 9134
1895 2144
1896 4420
1897 4739
1897 4840
1897 6263
1897 6300
1897 6969
1897 7745
1897 7909
1898 2213
1898 2423
1898 2812
1898 2875
1898 3356
1898 5229
1898 6937
1898 8119
1898 8861
1899 4740
1900 2934
1900 4081
1901 8806
1902 2458
1902 2645
1902 3242
1902 4019
1902 5060
1902 5696
1902 5922
1902 6878
1903 2518
1903 3065
1903 3207
1903 3293
1903 3524
1903 3707
1903 4032
1903 4075
1903 5640
1903 6395
1903 6813
1903 9867
1904 4152
1904 4543
1904 4544
1905 2703
1905 7099
1906 4254
1906 4630
1906 5172
1906 9285
1906 9644
1907 2080
1907 2204
1907 2518
1907 2621
1907 3990
1907 4485
1907 5356
1907 5393
1907 5600
1907 6692
1907 6768
1907 6830
1907 7122
1907 7477
1907 7534
1907 8116
1907 8187
1907 9376
1908 2028
1908 2197
1908 2434
1908 2882
1908 3091
1908 3701
1908 5737
1908 5790
1908 7074
1908 7358
1908 7887
1908 9490
1909 5397
1909 6748
1909 9729
1910 2167
1910 2739
1910 4006
1910 4007
1910 4442
1910 4625
1910 5129
1910 5405
1910 5994
1910 6532
1910 6539
1910 9075
1911 4273
1911 7022
1911 8249
1911 8922
1912 3341
1912 4147
1912 5769
1912 6821
1913 4780
1914 6101
1915 8410
1916 2350
1916 7356
1916 9088
1917 2221
1917 7764
1918 1983
1919 4997
1920 2711
1920 4361
1920 5584
1920 6887
1920 8396
1920 9403
1921 3318
1923 2897
1923 7553
1924 8081
1924 8224
1924 9820
1925 5357
1925 9534
1926 2067
1926 2291
1926 2762
1926 4362
1926 5099
1926 5224
1926 5800
1926 5923
1926 7258
1926 8989
1927 2992
1927 6047
1927 7460
1927 8433
1928 6756
1929 4619
1929 7137
1929 7672
1929 7918
1929 8363
1930 3512
1930 4139
1930 5149
1930 5737
1930 5764
1930 5790
1930 6395
1930 6553
1930 6860
1930 7812
1930 7936
1930 9185
1930 9186
1931 4396
1932 7740
1933 3096
1933 7395
1934 3390
1934 8411
1934 9206
1934 9350
1935 2072
1935 4922
1935 5289
1935 5445
1935 6120
1935 7662
1935 7814
1935 8014
1936 5838
1936 5873
1936 8177
1936 8465
1936 8994
1936 9099
1937 7045
1939 2292
1939 4110
1939 4416
1939 4443
1939 6139
1940 2099
1940 2181
1940 2818
1940 2824
1940 3937
1940 3969
1940 4010
1940 4655
1940 4713
1940 5224
1940 6898
1940 7029
1940 7126
1940 8130
1940 8524
1940 8742
1940 9378
1941 2028
1941 2119
1941 2946
1941 2972
1941 4770
1941 5079
1941 5810
1941 6073
1941 6181
1941 7070
1941 7102
1941 7887
1941 7951
1941 8056
1941 8130
1941 8776
1942 4843
1942 8295
1942 9524
1943 2234
1944 5095
1944 8113
1945 3901
1945 4846
1945 9317
1946 2924
1946 3543
1946 9321
1946 9783
1946 9788
1947 4147
1947 6811
1947 6821
1948 2816
1948 3181
1948 4192
1948 6680
1949 6144
1949 6340
1950 6895
1950 7273
1950 9046
1951 5807
1952 2034
1952 2982
1952 3207
1952 3578
1952 3937
1952 4032
1952 4438
1952 5112
1952 5248
1952 5790
1952 6435
1952 9713
1953 2421
1953 8420
1953 8621
1954 3037
1954 9372
1955 3339
1955 9476
1956 2793
1956 7959
1957 5239
1957 8076
1957 8201
1957 8225
1957 9379
1958 3926
1960 2072
1960 5604
1960 6857
1960 7060
1960 7946
1961 2078
1961 2962
1961 3912
1961 4421
1961 6684
1961 6685
1961 7425
1961 7908
1961 8195
1961 8902
1963 8594
1964 3147
1964 3196
1964 8211
1965 2038
1965 6087
1966 5966
1967 7505
1967 7981
1968 2757
1968 6045
1968 7783
1969 2228
1969 3380
1969 5263
1969 6664
1969 8704
1970 2741
1970 3176
1970 3415
1970 6906
1970 6922
1970 7102
1970 9624
1971 2435
1971 3602
1971 3995
1972 2156
1972 4340
1972 5139
1972 5782
1972 7905
1972 8569
1972 9388
1973 4460
1973 9292
1974 2945
1975 3777
1976 4391
1976 9129
1977 2044
1977 3967
1977 4404
1977 5192
1977 5193
1977 5920
1977 6173
1977 6894
1977 7372
1978 2859
1978 4720
1978 6028
1978 9059
1978 9791
1979 5478
1980 2704
1981 4683
1981 5672
1981 8469
1982 5548
1982 6082
1983 3294
1983 3791
1983 4751
1983 4837
1983 5294
1983 6280
1983 6951
1984 6424
1986 2838
1986 3530
1986 4671
1986 4922
1986 5715
1986 5998
1986 9490
1987 3093
1988 2655
1988 5740
1989 4076
1990 2144
1990 2520
1990 4179
1990 6234
1990 9708
1991 5051
1991 7977
1992 8874
1992 8984
1992 9350
1993 5169
1993 5460
1993 7619
1994 9731
1995 4126
1995 7633
1996 4830
1997 8798
1998 2707
1998 5232
1999 2966
1999 4175
1999 5030
1999 6456
1999 6519
1999 8398
1999 8981
1999 9295
1999 9490
2000 3371
2001 3633
2002 2649
2002 3712
2002 6589
2002 7274
2002 7374
2002 8245
2002 8316
2002 8710
2002 8949
2002 9258
2002 9847
2003 8674
2003 8901
2004 2999
2004 3461
2004 4802
2004 4845
2004 4890
2004 5330
2005 2040
2005 3529
2005 3716
2005 4748
2005 4923
2005 5428
2005 8745
2005 9774
2006 3111
2006 8072
2007 2615
2007 2715
2007 3056
2007 3372
2007 7248
2007 9247
2008 2678
2008 3487
2008 4390
2008 8866
2009 2111
2009 3992
2010 5988
2010 7924
2011 2514
2011 5754
2011 6786
2011 7288
2011 8468
2012 2311
2012 6456
2013 5030
2013 5312
2013 6572
2014 5486
2014 5587
2015 7244
2016 2511
2016 3481
2016 3482
2016 3587
2016 3807
2016 3875
2016 4178
2016 4270
2016 4302
2016 4546
2016 4581
2016 5389
2016 5405
2016 6567
2016 8197
2016 8857
2016 9100
2016 9386
2017 2082
2017 5392
2017 6814
2017 6865
2017 6982
2017 7132
2017 7244
2017 7457
2017 7656
2017 8680
2017 8781
2017 9229
2017 9346
2018 6450
2018 6714
2018 6956
2019 5063
2020 2871
2020 5502
2021 2214
2021 4328
2021 5407
2021 5578
2021 8389
2022 2140
2022 2778
2022 3802
2022 4411
2022 5469
2022 8016
2022 8145
2022 9081
2023 8163
2023 9069
2024 3245
2024 3780
2024 4838
2024 5242
2024 5297
2024 6121
2024 6791
2024 6994
2024 7609
2024 9466
2025 5203
2025 8187
2026 6679
2027 3280
2027 4225
2028 2398
2028 2882
2028 2977
2028 2982
2028 3524
2028 3591
2028 3753
2028 3837
2028 3933
2028 4068
2028 4077
2028 4104
2028 4713
2028 4770
2028 4847
2028 4849
2028 4921
2028 4985
2028 4997
2028 5297
2028 5737
2028 5790
2028 6070
2028 6395
2028 6878
2028 6935
2028 7104
2028 7358
2028 7840
2028 7842
2028 7845
2028 7887
2028 8010
2028 8380
2028 8474
2028 9074
2028 9867
2029 9443
2030 2712
2030 2786
2030 2788
2030 2990
2030 3524
2030 4063
2030 4128
2030 8533
2030 8889
2031 2687
2031 2712
2031 2786
2031 3360
2031 3524
2031 8312
2031 8533
2031 8747
2032 2499
2032 4239
2032 9502
2033 2795
2033 4239
2035 5024
2035 6279
2036 9364
2037 3067
2037 3599
2037 3756
2037 4588
2037 6161
2037 8260
2037 8750
2038 6087
2039 3166
2040 3529
2040 3716
2040 4748
2040 4923
2040 5428
2040 8745
2040 9774
2041 5202
2041 8962
2042 3098
2042 5414
2044 5193
2044 6894
2045 3356
2046 2270
2046 2439
2046 2767
2046 4486
2046 4835
2046 8518
2046 9482
2047 2845
2047 6977
2047 8811
2047 9272
2048 2555
2048 4537
2048 8429
2049 6778
2049 8755
2050 3354
2050 7265
2051 3737
2051 5792
2052 6191
2052 8344
2052 9495
2053 3035
2053 3749
2053 6395
2053 8932
2054 3511
2054 4657
2054 7149
2055 3549
2056 9590
2057 2341
2057 2561
2057 3849
2057 3852
2057 4850
2057 4927
2057 9548
2057 9593
2057 9773
2058 7605
2058 8125
2059 8384
2060 8554
2061 9534
2062 2600
2062 3151
2062 3356
2062 3712
2062 4134
2062 5087
2062 5336
2062 5560
2062 5821
2062 7005
2062 8627
2062 8822
2062 9195
2062 9309
2063 2903
2063 4863
2063 7430
2063 8100
2063 8804
2064 5161
2064 9783
2065 4790
2066 4790
2067 2762
2067 3027
2067 5821
2067 7094
2067 7258
2067 7508
2068 7950
2068 8467
2069 9476
2070 2514
2070 3599
2070 7722
2070 7811
2072 2236
2072 2352
2072 2786
2072 3552
2072 4185
2072 4922
2072 5006
2072 5007
2072 5300
2072 5604
2072 6122
2072 6352
2072 6857
2072 6910
2072 7060
2072 7489
2072 7662
2072 7946
2072 8402
2072 8883
2072 8888
2072 9163
2072 9490
2073 3675
2074 5282
2074 7694
2074 8111
2074 9426
2075 9398
2076 3414
2076 5499
2077 5709
2078 2962
2078 3899
2078 3912
2078 4421
2078 6223
2078 6684
2078 6685
2078 7425
2078 7908
2078 8035
2078 8195
2078 8902
2078 8903
2078 8980
2079 3882
2079 6707
2080 2329
2080 2529
2080 2787
2080 3013
2080 3178
2080 3179
2080 3774
2080 4340
2080 4451
2080 4752
2080 4879
2080 5005
2080 5199
2080 5476
2080 5800
2080 6697
2080 7108
2080 7269
2080 7814
2080 7908
2080 8147
2080 8690
2080 8700
2080 8772
2080 8922
2080 8954
2080 9519
2080 9753
2081 5075
2082 8680
2083 4690
2083 4794
2084 7831
2084 8886
2084 9403
2085 3090
2086 5230
2087 7510
2088 3888
2088 4490
2088 4745
2088 6090
2088 8784
2089 7985
2089 9476
2090 2665
2090 2699
2090 4560
2090 5481
2090 7543
2090 9163
2090 9188
2092 9762
2093 2301
2093 3539
2093 6026
2093 7020
2093 7629
2093 8479
2094 7722
2095 2663
2095 6517
2095 7119
2095 8511
2096 4114
2097 3531
2097 3533
2097 6457
2097 6502
2098 8082
2098 8897
2099 2292
2099 2609
2099 2818
2099 3545
2099 3952
2099 3969
2099 4340
2099 4359
2099 4582
2099 4921
2099 5026
2099 6197
2099 6898
2099 6925
2099 7104
2099 7126
2099 7881
2099 7919
2099 7953
2099 7973
2099 8023
2099 8266
2099 8582
2099 8639
2099 9072
2099 9079
2099 9211
2099 9710
2100 2310
2100 4182
2100 5525
2100 8991
2101 3900
2102 2649
2102 9844
2102 9847
2103 6748
2104 2278
2104 3675
2104 5056
2104 7065
2105 4165
2105 4456
2105 7433
2105 7544
2105 7597
2105 9024
2105 9787
2106 3817
2106 3870
2106 4897
2106 8537
2107 2453
2107 3112
2107 4058
2107 7461
2107 7763
2107 8163
2108 9709
2109 2419
2109 5907
2109 6965
2109 9349
2109 9499
2110 2788
2110 3524
2110 4063
2110 4364
2110 8889
2111 3992
2111 4219
2112 2178
2112 2982
2112 3107
2112 3162
2112 4230
2112 4997
2112 5093
2112 5121
2112 6572
2112 6746
2112 8066
2112 8313
2112 9310
2112 9324
2113 4183
2113 4285
2113 4368
2113 4369
2113 7327
2113 8145
2113 8826
2113 9258
2113 9818
2114 3649
2114 4375
2114 6198
2114 8644
2115 7172
2117 5889
2117 7349
2118 5653
2118 8021
2119 2972
2120 4854
2121 4990
2122 2570
2122 2780
2122 2876
2122 3083
2122 5248
2122 5321
2122 6258
2122 6310
2122 7721
2122 7835
2122 8677
2122 8678
2122 8908
2122 9872
2123 2352
2123 3549
2123 6736
2123 6794
2123 7814
2123 8260
2123 9407
2124 6541
2125 3345
2125 4245
2125 4261
2125 6003
2125 8164
2126 4363
2127 2491
2127 3582
2127 9753
2129 3964
2129 6060
2130 5955
2131 2745
2131 4740
2131 8335
2132 3508
2133 7852
2133 8459
2134 8603
2135 2736
2135 2738
2135 2755
2135 3512
2135 3740
2135 3860
2135 3995
2135 6774
2135 7533
2135 8282
2135 8503
2135 8567
2135 9331
2135 9542
2135 9568
2135 9597
2136 9087
2136 9149
2137 2323
2137 2611
2137 3494
2137 3523
2137 3575
2137 3579
2137 8192
2138 2574
2138 4554
2139 2448
2140 3802
2140 5469
2141 2523
2141 6280
2141 8411
2142 2194
2142 4427
2142 4592
2142 4839
2142 7867
2142 8933
2143 2813
2143 8290
2144 9530
2144 9708
2144 9737
2145 3534
2145 8460
2145 8673
2146 4297
2146 5815
2147 6280
2147 8411
2148 4516
2148 5901
2149 4171
2149 5212
2149 5685
2150 5561
2150 8565
2152 7792
2153 3964
2153 4786
2153 8766
2154 5445
2154 5620
2154 8079
2154 8387
2155 8936
2156 4340
2156 7905
2156 8569
2157 9754
2158 9076
2159 7036
2160 2330
2160 2467
2160 2824
2160 3692
2160 4584
2160 6650
2160 6830
2160 7036
2160 7646
2160 7848
2160 8925
2160 9163
2161 2378
2161 2383
2161 2478
2161 2717
2161 2756
2161 3412
2161 3596
2161 3775
2161 3999
2161 4094
2161 4239
2161 4525
2161 4808
2161 4990
2161 5053
2161 5103
2161 5762
2161 5935
2161 6215
2161 6291
2161 6776
2161 7359
2161 7972
2161 8031
2161 8501
2161 8796
2161 8997
2161 9110
2161 9132
2161 9762
2162 7963
2164 2265
2164 4449
2164 8241
2165 5419
2166 5910
2166 7405
2166 8683
2166 9233
2167 2291
2167 2292
2167 2545
2167 2689
2167 2739
2167 2767
2167 3095
2167 3969
2167 3998
2167 4042
2167 4634
2167 4797
2167 4953
2167 4973
2167 5405
2167 5643
2167 5994
2167 6364
2167 6532
2167 6873
2167 6874
2167 7010
2167 7280
2167 7590
2167 8776
2167 9257
2167 9470
2167 9647
2167 9699
2168 3438
2168 4673
2168 7684
2168 7774
2168 9350
2168 9414
2168 9520
2169 2339
2169 3323
2169 5671
2169 8692
2170 2195
2170 3221
2170 3943
2170 4323
2170 4878
2170 6715
2170 8181
2170 9035
2170 9701
2171 3964
2171 6614
2172 2796
2172 4190
2172 4507
2172 5141
2172 6850
2172 7466
2172 9264
2172 9549
2173 3708
2173 7094
2174 4063
2174 8889
2176 3861
2176 4505
2176 4659
2176 4668
2176 5776
2176 6811
2176 7107
2176 7844
2176 8284
2176 8309
2176 9764
2177 2866
2177 3213
2177 4035
2178 3107
2178 3162
2179 4586
2179 7322
2179 7361
2179 9294
2179 9381
2180 3537
2180 4523
2181 2786
2181 2990
2181 3130
2181 3524
2181 3870
2181 5176
2181 5344
2181 5923
2181 7147
2181 7492
2181 7622
2181 8313
2181 8662
2181 8711
2181 8883
2182 4418
2182 4574
2182 6215
2182 7666
2182 7923
2182 8501
2183 9177
2184 2742
2184 3066
2184 3662
2184 3941
2184 6194
2184 6472
2184 7858
2184 8822
2185 3949
2185 6324
2185 7671
2186 6177
2186 8523
2186 9409
2187 2256
2187 4669
2187 4831
2187 7015
2187 7171
2187 7716
2188 3676
2188 4998
2188 9146
2189 3949
2190 3546
2190 3749
2190 5334
2190 6544
2190 7036
2190 7208
2190 7366
2190 8348
2190 8662
2190 9466
2191 3731
2191 4999
2191 5933
2191 7088
2191 7089
2191 7210
2191 7624
2191 7775
2192 4085
2192 5986
2193 3205
2193 4118
2193 4158
2193 4742
2193 5056
2193 6377
2193 6487
2193 7696
2193 8136
2193 8237
2193 8689
2193 9503
2194 2465
2194 4427
2194 4592
2194 4839
2194 8933
2195 3877
2195 3943
2195 4136
2195 5414
2195 5882
2195 6361
2195 6690
2195 7113
2195 8204
2195 9212
2196 2328
2196 2527
2196 6412
2196 7434
2197 2882
2197 7358
2198 3965
2199 2288
2200 4714
2201 5794
2202 2426
2202 2427
2202 3244
2202 3302
2202 3413
2202 4203
2202 4462
2202 4644
2202 5463
2202 5714
2202 8308
2202 8817
2202 8975
2202 9155
2202 9335
2202 9346
2202 9750
2202 9828
2203 2934
2203 4651
2203 4931
2203 5749
2203 5997
2203 6799
2203 7966
2203 8333
2203 8714
2204 2518
2204 3108
2204 4236
2204 6424
2204 6692
2204 7459
2204 8101
2205 3756
2206 7905
2206 8569
2206 9729
2207 8885
2208 3919
2208 4276
2208 8066
2208 8329
2208 8428
2209 2518
2209 3027
2209 3207
2209 3481
2209 3865
2209 4178
2209 4484
2209 5999
2209 6922
2209 7102
2209 7951
2209 8056
2209 8187
2209 8731
2211 2313
2212 4066
2212 4548
2212 8467
2213 6937
2213 8861
2214 4328
2214 5407
2214 5578
2214 8389
2214 9632
2215 2747
2215 8874
2216 5269
2216 7625
2217 7297
2218 7637
2218 9709
2220 2241
2220 4665
2220 6040
2220 7029
2220 7258
2220 7389
2220 9318
2220 9868
2221 2657
2221 4799
2221 5507
2221 7764
2223 8079
2223 9446
2224 4047
2224 9491
2225 3976
2225 4239
2225 5568
2225 5626
2225 6885
2225 7620
2225 8445
2226 5179
2226 5312
2226 5481
2226 5568
2226 6842
2226 7299
2226 9197
2227 2776
2228 5358
2228 7658
2228 8671
2229 3333
2229 6274
2229 8896
2229 9246
2230 2493
2230 3748
2230 3769
2230 4406
2230 4696
2230 8957
2230 9016
2231 2274
2231 7553
2231 7554
2231 8111
2232 2593
2232 2941
2232 9120
2233 3296
2234 2528
2234 2730
2234 4161
2234 4176
2234 4233
2234 7194
2234 8483
2235 4086
2236 2611
2236 3278
2236 3481
2236 4185
2236 5007
2236 5082
2236 5090
2236 5604
2236 5819
2236 6712
2236 8963
2237 2781
2237 3115
2237 5994
2237 6300
2237 8214
2238 3457
2238 3560
2238 3870
2238 6267
2238 6740
2238 7760
2238 7846
2238 7900
2238 7969
2239 6132
2239 7276
2239 8388
2241 3987
2241 4665
2241 5056
2241 9318
2242 2371
2243 3185
2243 5904
2243 9112
2243 9318
2244 2445
2244 6299
2244 8751
2245 5800
2245 6183
2245 9832
2246 2857
2247 2497
2247 3090
2247 3240
2247 4490
2247 9832
2248 3171
2248 3591
2248 3810
2248 5001
2248 6512
2248 7365
2248 7702
2248 8883
2248 9487
2248 9711
2249 3724
2249 5379
2249 5897
2250 3260
2251 3109
2251 4152
2251 6517
2252 2554
2252 5417
2252 6037
2252 6038
2252 6042
2252 6137
2252 7464
2252 7972
2252 8542
2252 9752
2253 2511
2253 2513
2253 3057
2253 5523
2253 7167
2253 8729
2253 8839
2253 8903
2253 9698
2253 9714
2254 2366
2254 3633
2254 6753
2254 7344
2254 9163
2254 9213
2255 6513
2256 2789
2256 2984
2256 3755
2256 5841
2256 6360
2256 7171
2256 8910
2256 9693
2256 9835
2257 3509
2258 4234
2258 6269
2258 6575
2258 8691
2258 9104
2258 9591
2259 5426
2260 2884
2260 6654
2260 7972
2260 8348
2261 2853
2261 6086
2262 2388
2262 9070
2262 9168
2263 2532
2263 2551
2263 4052
2263 4402
2263 6153
2263 7005
2263 7068
2263 7785
2263 8807
2263 9255
2264 2403
2264 7018
2265 8520
2265 9316
2266 2567
2267 6616
2268 2372
2268 6489
2268 6818
2268 8030
2268 8278
2269 3006
2270 4486
2270 4835
2270 9482
2271 2930
2271 4840
2271 5883
2271 6263
2271 8450
2271 9014
2271 9695
2271 9791
2272 5911
2272 6489
2274 2718
2274 2719
2274 4973
2274 5050
2274 7553
2274 8111
2275 2315
2276 3203
2276 3245
2276 5242
2276 8784
2277 8132
2278 3675
2279 6364
2279 7400
2279 8356
2280 2756
2280 4711
2280 5801
2280 6291
2281 3207
2281 4366
2281 4731
2281 5573
2282 3027
2282 4634
2282 6873
2283 2883
2283 4593
2284 2499
2284 4239
2284 4946
2284 5912
2284 6841
2284 7150
2284 7613
2284 7636
2284 8274
2284 9132
2284 9476
2285 9195
2286 3543
2286 8018
2286 9598
2286 9600
2287 9673
2290 3104
2290 4922
2290 5038
2290 9797
2291 3187
2291 5224
2291 5325
2291 5361
2291 5994
2291 6364
2291 6601
2291 6862
2291 6931
2291 7010
2291 7677
2291 7969
2291 8785
2291 9157
2291 9242
2291 9301
2292 3210
2292 4110
2292 4416
2292 4443
2292 5405
2292 5643
2292 5705
2292 5994
2292 6139
2292 7685
2292 8784
2293 3101
2293 6007
2294 9083
2295 2343
2295 2462
2295 2640
2295 2721
2295 3429
2295 4232
2295 4662
2295 5734
2295 5893
2295 8353
2295 9247
2296 2362
2296 2660
2296 2777
2296 3445
2296 3554
2296 3614
2296 3788
2296 4666
2296 5308
2296 5323
2296 5401
2296 5481
2296 5733
2296 6104
2296 6581
2296 6785
2296 6870
2296 6983
2296 7109
2296 7360
2296 7448
2296 7697
2296 7948
2297 2863
2297 2951
2297 3127
2297 3128
2297 3140
2297 3789
2297 4178
2297 5026
2297 6384
2297 7067
2297 8164
2297 9369
2299 5445
2300 3496
2300 6759
2300 8950
2301 5502
2301 6065
2301 7035
2301 7054
2301 7623
2301 7886
2301 8243
2301 8876
2301 9077
2302 4580
2302 9377
2303 2728
2303 6565
2303 9538
2303 9756
2304 2609
2304 7846
2305 7811
2306 2490
2306 4104
2306 4205
2306 5034
2306 7250
2306 9440
2306 9592
2306 9712
2307 2356
2307 2495
2307 7066
2308 2763
2308 4084
2308 6577
2309 6465
2309 8481
2310 8991
2311 4269
2311 5027
2311 5046
2311 6456
2311 8104
2311 8729
2311 9486
2313 3601
2313 4844
2313 5139
2313 5149
2313 5866
2313 6361
2313 8222
2313 8329
2313 9691
2313 9729
2314 4778
2314 7635
2314 8309
2315 7779
2316 7736
2317 5193
2317 5568
2317 6133
2318 4144
2318 8554
2319 9825
2320 4044
2320 5894
2320 6012
2321 4499
2321 4783
2321 5828
2322 2394
2322 2625
2322 3418
2322 4480
2322 4638
2322 4811
2322 5337
2322 5431
2322 5446
2322 5768
2322 7027
2322 7377
2322 7592
2322 7903
2322 8185
2322 9355
2323 2612
2323 2646
2323 3240
2323 3494
2323 5276
2323 6402
2323 6502
2323 7002
2323 7442
2323 8955
2323 9476
2324 2917
2324 4568
2324 9680
2325 5776
2325 7107
2325 7844
2325 9764
2326 8194
2327 2530
2327 6809
2328 2527
2328 3062
2328 5153
2328 6563
2328 7189
2328 7434
2328 7727
2328 7907
2328 8175
2328 8448
2328 8662
2328 8805
2328 9115
2329 4281
2329 5194
2329 6652
2329 7198
2329 7695
2329 8282
2329 8567
2329 9744
2330 2824
2330 8925
2331 7242
2331 9377
2332 4560
2332 4721
2332 4869
2332 7876
2332 8683
2332 9142
2333 2517
2333 7584
2334 2551
2334 2552
2334 2564
2334 2679
2334 2983
2334 4337
2334 4740
2334 4894
2334 6594
2334 7845
2334 8814
2334 8840
2334 9115
2334 9194
2334 9437
2335 5106
2335 7273
2335 8920
2336 2874
2336 5303
2336 5731
2336 6951
2336 7339
2336 9417
2337 8869
2338 3692
2338 4382
2338 4806
2338 5025
2338 6046
2338 7561
2338 8693
2338 9074
2338 9331
2338 9712
2339 3207
2339 3323
2339 4032
2339 4846
2339 5671
2339 6958
2339 8295
2339 9048
2340 2855
2340 5224
2340 5342
2340 5779
2340 7936
2340 7969
2340 9449
2341 5511
2341 6123
2341 7009
2341 9312
2341 9327
2341 9589
2341 9605
2341 9720
2341 9786
2341 9812
2342 4636
2343 2640
2343 2721
2343 4232
2343 5023
2343 5734
2343 5893
2343 8331
2343 9247
2343 9412
2344 4641
2344 6093
2344 6536
2344 7701
2345 5692
2346 2642
2346 3084
2346 3481
2346 5618
2347 2641
2347 3683
2347 8665
2347 9027
2348 3751
2348 3752
2348 4847
2348 5996
2349 3095
2349 5211
2349 8616
2350 7356
2350 9088
2351 3812
2351 7950
2351 9165
2352 2513
2352 2557
2352 2713
2352 2786
2352 2808
2352 3095
2352 3258
2352 3965
2352 4110
2352 4185
2352 4438
2352 4804
2352 4935
2352 4987
2352 5109
2352 5149
2352 5324
2352 5604
2352 6000
2352 6575
2352 6925
2352 6940
2352 6969
2352 7060
2352 7159
2352 7222
2352 7508
2352 8260
2352 8310
2352 8369
2352 8443
2352 8474
2352 8691
2352 8903
2352 9074
2352 9113
2352 9135
2352 9217
2352 9698
2352 9862
2352 9868
2353 4723
2353 8241
2353 9050
2354 2967
2354 5716
2354 6789
2354 7013
2355 6619
2355 6788
2356 2495
2356 7066
2356 9262
2357 3356
2357 6989
2357 7949
2357 8134
2358 9553
2359 2841
2359 3088
2359 3341
2359 5803
2359 6927
2360 2753
2360 2874
2360 3084
2360 4772
2360 5459
2360 5618
2360 6363
2360 7144
2360 7230
2360 7595
2360 7681
2360 7848
2360 9827
2361 3341
2362 2660
2362 2777
2362 2940
2362 3445
2362 3554
2362 3614
2362 3773
2362 3788
2362 3880
2362 4340
2362 4666
2362 5308
2362 5323
2362 5401
2362 5481
2362 5733
2362 6104
2362 6581
2362 6785
2362 6870
2362 6983
2362 7109
2362 7360
2362 7448
2362 7697
2362 7948
2362 8569
2362 8700
2363 8889
2364 3125
2364 3597
2364 3681
2364 7359
2365 2897
2365 5282
2366 2513
2366 3633
2366 3962
2366 4265
2366 4419
2366 4688
2366 5264
2366 5279
2366 6177
2366 7073
2366 7574
2366 8430
2366 8522
2366 8903
2366 8935
2366 9146
2366 9409
2366 9600
2367 8700
2367 9385
2368 9868
2369 5698
2369 6470
2370 6634
2370 7019
2370 7132
2370 8596
2371 3405
2371 4099
2371 8711
2371 9176
2371 9393
2372 8278
2373 4976
2373 9403
2374 6035
2374 6837
2374 9125
2375 3818
2376 3591
2376 3669
2376 4223
2376 4333
2376 5321
2376 5423
2376 5458
2376 6378
2376 6496
2376 6528
2376 7096
2376 8139
2376 8340
2376 8368
2376 9080
2377 2941
2377 4931
2377 9120
2378 2756
2378 4239
2379 7611
2380 7230
2381 3013
2382 6026
2383 9110
2383 9762
2384 3712
2384 3761
2384 4572
2385 3211
2385 3421
2385 5036
2385 6825
2385 8906
2386 5233
2386 7730
2387 4734
2387 4959
2387 5145
2387 5358
2387 5737
2388 3050
2388 5267
2388 5529
2388 9070
2388 9168
2389 6888
2390 2877
2390 2895
2390 3983
2390 5263
2390 6385
2390 7319
2390 9791
2391 7727
2392 2636
2392 7570
2392 8649
2394 2625
2394 3418
2394 4480
2394 4638
2394 4811
2394 5337
2394 5431
2394 5446
2394 5768
2394 7027
2394 7377
2394 7592
2394 7903
2394 8185
2394 9355
2395 8542
2396 6935
2397 8228
2397 9615
2398 3692
2398 4077
2398 4706
2398 5248
2398 5449
2398 7358
2398 7418
2398 9074
2399 6950
2399 8474
2399 8907
2400 5250
2400 5915
2400 6940
2400 7019
2400 7132
2400 7394
2400 7508
2400 8140
2400 8370
2401 5087
2401 5667
2401 7831
2401 8396
2401 9403
2402 5191
2402 5193
2402 7354
2402 8268
2402 9692
2403 2635
2403 2832
2403 3264
2403 5332
2403 5468
2403 6823
2403 6982
2403 7018
2403 8422
2403 9229
2404 4832
2404 4935
2407 7171
2408 4360
2408 5780
2409 3045
2409 4548
2409 9132
2410 2882
2410 2902
2410 3187
2410 4053
2410 4265
2410 5149
2410 5451
2410 5810
2410 6469
2410 6935
2410 7070
2410 7422
2410 7887
2410 8010
2410 8537
2411 9529
2412 7970
2412 9325
2413 2707
2413 2776
2413 5067
2413 5115
2413 6392
2413 6633
2413 6752
2413 6774
2413 6777
2413 7111
2413 7856
2413 8305
2413 8669
2413 8865
2414 2895
2414 3367
2415 5246
2415 7263
2415 7431
2415 7871
2416 4273
2416 8823
2416 9618
2417 2564
2417 3609
2417 7907
2417 8805
2418 5804
2418 8853
2419 2801
2419 5907
2419 6965
2419 9349
2419 9499
2419 9749
2420 3417
2420 3884
2420 5262
2420 8435
2420 8793
2420 8989
2420 9293
2420 9336
2421 2557
2421 8139
2421 8420
2421 8591
2421 8621
2422 7149
2423 2812
2423 2875
2423 8119
2424 2544
2424 3966
2424 4412
2424 4431
2424 4478
2424 7747
2424 8218
2424 8666
2424 8682
2425 4835
2426 2427
2426 3244
2426 3302
2426 3413
2426 4203
2426 4462
2426 4644
2426 5463
2426 5714
2426 8308
2426 8817
2426 8975
2426 9155
2426 9335
2426 9346
2426 9750
2426 9828
2427 3244
2427 3302
2427 3413
2427 4203
2427 4341
2427 4462
2427 4644
2427 5463
2427 5714
2427 8308
2427 8817
2427 8975
2427 9155
2427 9274
2427 9335
2427 9346
2427 9750
2427 9828
2428 8890
2428 8974
2429 3145
2429 7196
2429 7766
2429 7814
2430 7394
2431 3110
2431 6046
2431 9123
2432 4110
2432 4797
2432 6139
2432 6700
2432 6893
2432 7685
2432 7686
2432 8742
2432 8995
2433 6808
2434 5451
2434 5790
2434 6435
2434 7074
2434 8183
2435 3602
2435 6679
2435 7354
2435 7946
2435 9223
2436 5147
2436 5588
2437 7098
2437 8551
2439 8518
2441 3708
2442 4469
2442 5110
2442 6402
2442 6867
2442 7450
2442 7492
2442 7773
2442 8444
2443 2913
2443 6070
2443 7386
2443 7434
2444 3700
2444 3854
2444 4109
2444 4741
2444 4752
2444 5581
2444 5633
2444 5647
2444 5984
2444 6335
2444 6990
2444 7016
2444 8763
2444 9330
2444 9395
2444 9588
2445 4987
2445 8428
2445 8751
2447 2812
2447 4535
2448 5101
2448 5411
2448 8482
2448 9163
2449 8695
2450 2730
2450 3695
2450 9873
2451 2462
2451 2941
2451 7275
2451 9120
2452 7152
2454 4589
2454 8084
2455 4233
2455 9748
2456 9712
2457 3369
2457 3578
2457 3620
2457 3803
2457 4077
2457 4272
2457 4543
2457 5046
2457 5790
2457 6258
2457 6435
2457 7022
2457 9048
2457 9231
2458 2645
2458 3242
2458 4019
2458 5060
2458 5922
2458 6878
2459 4833
2459 9254
2460 6100
2460 6370
2461 9802
2462 3391
2462 3429
2462 4465
2462 4662
2462 6675
2462 6696
2462 6763
2462 6933
2462 8208
2462 8353
2462 8367
2463 3896
2463 5642
2463 6629
2463 7492
2463 8449
2463 8825
2463 9373
2463 9445
2463 9476
2464 4562
2464 6761
2464 7351
2464 8551
2464 9521
2464 9671
2466 3136
2466 3531
2466 3533
2466 5679
2466 6502
2466 6772
2466 7774
2466 9516
2467 2824
2467 3692
2467 7036
2468 6456
2468 8751
2468 9295
2469 4607
2469 7361
2469 7711
2469 7720
2469 9472
2470 6854
2470 6985
2472 2772
2472 3495
2472 4110
2472 4634
2472 4708
2472 4987
2472 6176
2472 6512
2472 7805
2472 7836
2472 8751
2473 2655
2473 4214
2473 4341
2473 5247
2473 6996
2473 8151
2473 8173
2474 9072
2475 4695
2476 8843
2477 7672
2478 5935
2478 6291
2479 2491
2479 3087
2479 4451
2479 4778
2479 4971
2479 5147
2479 5383
2479 5418
2479 6258
2479 6460
2479 7104
2479 7345
2479 7396
2479 7636
2479 7721
2479 8309
2479 8551
2479 8715
2479 8904
2479 9167
2480 4335
2480 7944
2481 8691
2482 5602
2483 8889
2484 6073
2484 9378
2486 6451
2486 9152
2487 2602
2487 6451
2487 8753
2489 3354
2490 5034
2490 9712
2491 2569
2491 3582
2491 4257
2491 4901
2491 4971
2491 5051
2491 5186
2491 5758
2491 5833
2491 6098
2491 6499
2491 6714
2491 7343
2491 7396
2491 7721
2491 9753
2492 2830
2492 3893
2492 7098
2493 3748
2493 3769
2493 4406
2493 6758
2494 2826
2494 4129
2494 4922
2494 5524
2494 5682
2494 7335
2494 8067
2494 8510
2494 9074
2495 7066
2495 9262
2496 6509
2497 2710
2497 2803
2497 2867
2497 3090
2497 3750
2497 4490
2497 4584
2497 4806
2497 5352
2497 7914
2497 9601
2497 9832
2497 9853
2498 9658
2499 4239
2499 4946
2499 7613
2500 2847
2500 3341
2500 6681
2500 6811
2500 7167
2501 3620
2501 7034
2501 9048
2502 7656
2503 6238
2503 6598
2503 6971
2505 7908
2506 3839
2506 4341
2506 4662
2506 4956
2506 6108
2506 8413
2507 4478
2508 6752
2508 8349
2509 7056
2509 7394
2509 7854
2509 7864
2509 8306
2509 8861
2510 6509
2511 2513
2511 3481
2511 4302
2511 8729
2511 8857
2511 8903
2512 2646
2512 4805
2512 4867
2512 5264
2512 5917
2512 6718
2512 7032
2512 7465
2512 7864
2512 8464
2512 9146
2512 9753
2513 2808
2513 3057
2513 3603
2513 3633
2513 4805
2513 5109
2513 5523
2513 5604
2513 6258
2513 6718
2513 6969
2513 7159
2513 7167
2513 7574
2513 7870
2513 8310
2513 8729
2513 8839
2513 8903
2513 8915
2513 9698
2513 9714
2513 9722
2514 2611
2514 6786
2514 7439
2514 9176
2515 7785
2516 5244
2516 5387
2516 8849
2516 9352
2517 3258
2517 3505
2517 5604
2517 5737
2517 7026
2517 9397
2517 9490
2518 3008
2518 3022
2518 3065
2518 3140
2518 3359
2518 3524
2518 3865
2518 3871
2518 4032
2518 4185
2518 4695
2518 5000
2518 5216
2518 5356
2518 5393
2518 5602
2518 5640
2518 5890
2518 6395
2518 6423
2518 6424
2518 6483
2518 6692
2518 6813
2518 7122
2518 7269
2518 8186
2518 8187
2518 9210
2518 9331
2519 3523
2519 9407
2520 4340
2520 4838
2521 4467
2521 5127
2521 6805
2521 7004
2521 7414
2522 4000
2523 4916
2523 6280
2523 6629
2523 8411
2523 8742
2523 9414
2524 7552
2524 9505
2526 8537
2526 8881
2527 3934
2527 5863
2527 7048
2527 7189
2527 8571
2527 9324
2528 3857
2528 4233
2528 9324
2529 3069
2529 5076
2529 5445
2529 7108
2529 7628
2529 8119
2529 8690
2530 6809
2530 9690
2531 6878
2532 6153
2532 7068
2533 2967
2533 8170
2533 9389
2534 3839
2535 4553
2535 7533
2535 8470
2535 9700
2535 9809
2536 9509
2537 2929
2537 5904
2537 6218
2538 7840
2539 5764
2539 9490
2540 3760
2541 7164
2542 8909
2543 2854
2543 3873
2543 4046
2543 4302
2543 4322
2543 4407
2543 5618
2543 5915
2543 6363
2543 7825
2543 8142
2543 9726
2544 4412
2544 4478
2544 7747
2544 8218
2544 8682
2545 3207
2545 4042
2545 5032
2545 8299
2545 8906
2545 9709
2547 5104
2547 7465
2548 2848
2548 2947
2548 2956
2548 3275
2548 3506
2548 4131
2548 5228
2548 5280
2548 6640
2548 7153
2548 7785
2548 7845
2548 7891
2548 8480
2548 8768
2548 9291
2548 9615
2549 4816
2549 5797
2550 2852
2550 4312
2550 6146
2550 6771
2551 2564
2551 2719
2551 2956
2551 6640
2551 7785
2551 7845
2552 4337
2552 4685
2552 4894
2553 4265
2553 5466
2553 6736
2553 6883
2553 8198
2553 8245
2553 8751
2553 8932
2554 2601
2554 2726
2554 2788
2554 3353
2554 3737
2554 4557
2554 4685
2554 4997
2554 5304
2554 6137
2554 6483
2554 6544
2554 8156
2554 8272
2554 8474
2554 8542
2554 8783
2554 9220
2554 9752
2555 4537
2555 8429
2556 7176
2556 7789
2557 8420
2557 9698
2558 3018
2558 5793
2558 6920
2558 7844
2560 7656
2561 3849
2561 4927
2561 9773
2562 9317
2563 8299
2564 2658
2564 2704
2564 2743
2564 3589
2564 3609
2564 4060
2564 4483
2564 4804
2564 5048
2564 7138
2564 7457
2564 7732
2564 7733
2564 7845
2564 7907
2564 8805
2564 9148
2564 9291
2565 7766
2565 7845
2566 5069
2566 6296
2567 2651
2567 4942
2567 5280
2567 5361
2567 5746
2567 5943
2567 7055
2567 7253
2567 7393
2567 7578
2567 7651
2567 8309
2567 8661
2567 8891
2567 8898
2567 9167
2567 9208
2567 9758
2568 4726
2568 7197
2569 4971
2569 5758
2570 3083
2570 3770
2570 4792
2570 5321
2571 3183
2571 9802
2572 5379
2573 3672
2573 3680
2573 3746
2573 4122
2573 5654
2573 6322
2573 7016
2573 7656
2573 8952
2573 8955
2574 2598
2574 3491
2574 4054
2574 4554
2574 5652
2574 6298
2574 6343
2574 7549
2574 8549
2574 9007
2575 9284
2576 3720
2576 4515
2576 4595
2576 6308
2576 6353
2576 8546
2576 8723
2577 4090
2577 9597
2578 6340
2578 7820
2578 9570
2578 9796
2579 4547
2579 5958
2579 7607
2579 9571
2579 9661
2580 3409
2581 8093
2582 3431
2582 3950
2582 4534
2582 6314
2582 7897
2582 8601
2582 9576
2583 3635
2583 3636
2583 4418
2583 4516
2583 4574
2583 4575
2583 5093
2583 8546
2583 8549
2583 8583
2583 8622
2583 9524
2584 9568
2584 9597
2585 3679
2585 3726
2585 9576
2586 3535
2587 4090
2588 3536
2588 3721
2588 4087
2588 4254
2588 5379
2588 5382
2588 6180
2588 6286
2588 6398
2588 7016
2588 7535
2588 7969
2588 8645
2588 8941
2588 9556
2589 7538
2590 4353
2591 3978
2591 5144
2592 6600
2594 2817
2594 5261
2594 8993
2595 4077
2595 8955
2596 4618
2596 8376
2597 3746
2597 6398
2598 4054
2598 6179
2598 7549
2599 2935
2600 2658
2600 3151
2600 3712
2600 6299
2600 6618
2600 6737
2600 7005
2600 8822
2601 2726
2601 4557
2601 5568
2601 6006
2601 6483
2601 8272
2601 9752
2602 6451
2602 8753
2603 3680
2603 5960
2603 6196
2604 3071
2604 4429
2604 6319
2605 4353
2605 7016
2606 4555
2606 5979
2606 6322
2606 6353
2606 9808
2607 9658
2608 4173
2608 8286
2608 8451
2609 3545
2609 3952
2609 4359
2609 5026
2609 6197
2609 6925
2609 7846
2609 7881
2609 7919
2609 8023
2609 9079
2611 2668
2611 2838
2611 2977
2611 3258
2611 3293
2611 4082
2611 4874
2611 6069
2611 6712
2611 7153
2611 7439
2611 7712
2611 7910
2611 8391
2611 9346
2611 9867
2612 7002
2613 5015
2613 5334
2613 6544
2613 7366
2613 8348
2614 5320
2615 2715
2615 2892
2615 4143
2615 5891
2615 6662
2615 8871
2616 8381
2616 9069
2617 9096
2618 6477
2619 7979
2620 2657
2620 7035
2620 7764
2622 3480
2622 5027
2622 5046
2622 5114
2622 5683
2622 7489
2622 8425
2623 8897
2623 9606
2624 5046
2625 3418
2625 4480
2625 4638
2625 4811
2625 5337
2625 5431
2625 5446
2625 5768
2625 7027
2625 7377
2625 7592
2625 7903
2625 8185
2625 9355
2626 3796
2626 5064
2626 5904
2626 6074
2626 6364
2626 7642
2626 8691
2626 9529
2626 9544
2626 9860
2628 7122
2628 7910
2628 9867
2629 4726
2630 6280
2632 2817
2632 3756
2632 4493
2632 4739
2632 5051
2635 5332
2635 5468
2636 7570
2637 2959
2637 8890
2638 5962
2639 5282
2640 2721
2640 4232
2640 5734
2640 5893
2640 9247
2641 3683
2641 8665
2641 9027
2642 3084
2642 3481
2642 5618
2644 7862
2645 3242
2645 4019
2645 5060
2645 5922
2645 6878
2646 3756
2646 4805
2646 4867
2646 8311
2646 8464
2647 7754
2647 8533
2647 9488
2647 9511
2648 3549
2648 3756
2648 6299
2648 8260
2648 8402
2649 2684
2649 4108
2649 4134
2649 4812
2649 5093
2649 7474
2649 7504
2649 7974
2649 9258
2649 9844
2649 9847
2650 5574
2651 4366
2651 5280
2651 7055
2653 6947
2653 9552
2654 5599
2655 2997
2655 4835
2655 5262
2655 5740
2655 5744
2655 6271
2655 6996
2655 7935
2655 9018
2655 9057
2655 9179
2656 2967
2656 5088
2657 2740
2657 4799
2657 4946
2657 5507
2657 6864
2657 7092
2657 7274
2657 7340
2657 7764
2657 9156
2657 9180
2657 9181
2657 9719
2658 6618
2658 6737
2658 9148
2658 9346
2659 5082
2659 9346
2660 2777
2660 3445
2660 3554
2660 3614
2660 3788
2660 4666
2660 5308
2660 5323
2660 5401
2660 5481
2660 5733
2660 6104
2660 6581
2660 6785
2660 6870
2660 6983
2660 7109
2660 7360
2660 7448
2660 7697
2660 7948
2661 3975
2662 7918
2663 4152
2663 5157
2663 6486
2663 6517
2663 7119
2663 8511
2664 5157
2664 8511
2665 6729
2665 6869
2665 7543
2665 9468
2666 6494
2667 4530
2667 4785
2668 3451
2668 3799
2668 4636
2668 7442
2668 9305
2669 2900
2669 3207
2669 3753
2669 4034
2669 4497
2669 5577
2669 5790
2669 5810
2669 7074
2669 7091
2669 7674
2669 7887
2669 7936
2669 8299
2669 8300
2669 9601
2670 3103
2671 7361
2671 8009
2672 3102
2672 9529
2673 4849
2673 8792
2673 9600
2673 9781
2674 3015
2674 4246
2674 4722
2675 4080
2676 2679
2676 2893
2676 3356
2676 5316
2676 7139
2677 4262
2677 6373
2678 3487
2678 4390
2679 2983
2679 4337
2679 4894
2679 4895
2679 7029
2679 7034
2679 8536
2679 8814
2679 9310
2679 9713
2680 4941
2680 5362
2680 5747
2680 5759
2680 6157
2680 6271
2680 6690
2680 6854
2680 6985
2680 7030
2680 7092
2680 7487
2680 8982
2680 9048
2680 9761
2681 6183
2681 9171
2683 7556
2684 4108
2684 5078
2684 5209
2684 5362
2684 7023
2684 8734
2684 8904
2685 3081
2685 4299
2685 4892
2685 6904
2685 9057
2685 9179
2686 2734
2686 6112
2686 6828
2687 3360
2687 8312
2687 8533
2688 3107
2688 3108
2689 3046
2689 4042
2689 7590
2690 3333
2690 6274
2691 2788
2691 8474
2692 6554
2692 8442
2693 5420
2694 3231
2695 5923
2696 4340
2696 4451
2696 4503
2696 4504
2696 7725
2696 7865
2697 4239
2697 4930
2697 5635
2697 5856
2697 6384
2697 6995
2697 7543
2697 7654
2697 8648
2697 9072
2697 9211
2699 2806
2699 5101
2699 5115
2699 5477
2699 5856
2699 6788
2699 7221
2699 7259
2699 7543
2699 9040
2699 9163
2700 9491
2701 2933
2702 2979
2702 7131
2702 7137
2702 7380
2703 3022
2703 3091
2703 3578
2703 3647
2703 3939
2703 4138
2703 4219
2703 4309
2703 4310
2703 4588
2703 4687
2703 4893
2703 6188
2703 6215
2703 6291
2703 6665
2703 6766
2703 6774
2703 7040
2703 7099
2703 7298
2703 7304
2703 8099
2703 8107
2703 8279
2703 8546
2703 9361
2703 9490
2704 7373
2704 7732
2704 7733
2704 7845
2704 7907
2705 5789
2706 4669
2706 7171
2707 5196
2707 5670
2707 6008
2707 6751
2707 6752
2707 8865
2708 4876
2708 5101
2708 5612
2708 6817
2708 9040
2709 3429
2709 3792
2709 4662
2709 5456
2709 6515
2709 7082
2709 7706
2709 7893
2709 7905
2709 8250
2710 3172
2710 3750
2710 4806
2710 6594
2711 7414
2712 2786
2712 2788
2712 2882
2712 3258
2712 3524
2712 3591
2712 4063
2712 4205
2712 4213
2712 4333
2712 4640
2712 4752
2712 4922
2712 4997
2712 5279
2712 5344
2712 5923
2712 6491
2712 6528
2712 6553
2712 6929
2712 7293
2712 8588
2712 8857
2712 8883
2712 8889
2712 9295
2712 9407
2712 9634
2712 9711
2713 3199
2713 3823
2713 5746
2713 6000
2713 7647
2713 8691
2713 8780
2713 9182
2714 3106
2714 4615
2714 5355
2716 3704
2716 3938
2716 8735
2717 2817
2717 2883
2717 6291
2717 8031
2719 4565
2719 8822
2719 8887
2720 4852
2720 8519
2721 4232
2721 5734
2721 5893
2721 9247
2722 3095
2722 3680
2722 4334
2722 5654
2722 6134
2722 8740
2722 9407
2724 3467
2724 9293
2725 3811
2725 4160
2725 4200
2725 8972
2726 3602
2726 4557
2726 5195
2726 5303
2726 8467
2726 9703
2727 3494
2727 7284
2728 6565
2728 9538
2728 9756
2729 7178
2730 4495
2730 4689
2730 4741
2730 7194
2730 8086
2730 8217
2730 8763
2730 9873
2731 3251
2732 3719
2732 7654
2732 8063
2732 8648
2733 3017
2733 3257
2733 5789
2734 3615
2734 3645
2734 4304
2734 4608
2734 6112
2734 6828
2735 7388
2736 2738
2736 2755
2736 8282
2736 8567
2736 9542
2737 3622
2737 5249
2738 2755
2738 8282
2738 8567
2738 9542
2739 4006
2739 4007
2739 4442
2739 4625
2739 5129
2739 5405
2739 5994
2739 6532
2739 6539
2739 9075
2741 2962
2741 3163
2741 3415
2741 4011
2741 5773
2741 6433
2742 8822
2743 3116
2743 4021
2743 4133
2743 6247
2743 7848
2744 4151
2744 4169
2744 4432
2744 4729
2744 5275
2744 5622
2744 5782
2744 6380
2744 7901
2744 7987
2745 4740
2745 5770
2746 3018
2746 3038
2746 6920
2746 7844
2746 9531
2747 3852
2747 5084
2747 5710
2747 8874
2748 5072
2748 8304
2749 3383
2750 7029
2750 9414
2751 4949
2751 5531
2752 9267
2753 3084
2753 5379
2753 6402
2753 7144
2753 7411
2753 7587
2753 7681
2753 7774
2754 3475
2755 3883
2755 4018
2755 6513
2755 8282
2755 8567
2755 9542
2756 2817
2756 2954
2756 4239
2756 4447
2756 4711
2756 4717
2756 5801
2756 5848
2756 5877
2756 5881
2756 6085
2756 6250
2756 6251
2756 6291
2756 7285
2756 7972
2756 8031
2756 9762
2757 3827
2757 6045
2757 7721
2757 7783
2757 8759
2758 7557
2759 2928
2759 7925
2761 5467
2762 4362
2762 5293
2762 6461
2762 6898
2762 7258
2762 7324
2762 7973
2763 3630
2763 4037
2763 4084
2763 4171
2763 5195
2763 6577
2763 7954
2763 8063
2764 3055
2765 6125
2765 6176
2765 7389
2765 8428
2766 3988
2766 4685
2766 5965
2767 4551
2767 5086
2767 5115
2767 5405
2767 5641
2767 6885
2767 8629
2767 9163
2767 9482
2768 5862
2769 2771
2769 4152
2769 5909
2769 6517
2769 8179
2770 7109
2771 5866
2771 6612
2771 7086
2771 7420
2772 3674
2772 3822
2772 4630
2772 5114
2772 5862
2772 6512
2772 7910
2772 8751
2772 9074
2773 9712
2774 5160
2774 6451
2774 6999
2774 8264
2775 5181
2775 7638
2776 5343
2776 6686
2776 8305
2776 8669
2777 3445
2777 3554
2777 3614
2777 3788
2777 4666
2777 5308
2777 5323
2777 5401
2777 5481
2777 5733
2777 6104
2777 6581
2777 6785
2777 6870
2777 6983
2777 7109
2777 7360
2777 7448
2777 7697
2777 7948
2778 5019
2778 5355
2778 5727
2778 6481
2778 6799
2778 8016
2778 8145
2778 8413
2778 8903
2779 6481
2780 6258
2780 7721
2781 4922
2781 5955
2781 5994
2781 6135
2781 6925
2781 7179
2781 9149
2781 9677
2782 5287
2782 7191
2782 7598
2782 8410
2783 3084
2783 5090
2784 9774
2785 5285
2785 7455
2785 9149
2786 2977
2786 3269
2786 3366
2786 3488
2786 3512
2786 3524
2786 3591
2786 3629
2786 3630
2786 3719
2786 3965
2786 4063
2786 4358
2786 4640
2786 4894
2786 4922
2786 4960
2786 5006
2786 5215
2786 5356
2786 6423
2786 6528
2786 6712
2786 6910
2786 6969
2786 7116
2786 7244
2786 7429
2786 7455
2786 7469
2786 7584
2786 7610
2786 8063
2786 8394
2786 8402
2786 8539
2786 8883
2786 8889
2786 9393
2786 9407
2786 9463
2786 9634
2788 3148
2788 3258
2788 3524
2788 3937
2788 4075
2788 4659
2788 4713
2788 4911
2788 4997
2788 6078
2788 6254
2788 6801
2788 6878
2788 7102
2788 7391
2788 8010
2788 8474
2788 8776
2788 8783
2788 9186
2789 2984
2789 6360
2791 4406
2791 6154
2791 6634
2791 7265
2792 2927
2792 3018
2792 5002
2792 6140
2792 6212
2792 6811
2792 6843
2792 6920
2792 7635
2792 7844
2792 8282
2792 8567
2792 8751
2792 8756
2792 8758
2793 3834
2793 4643
2793 4669
2793 7814
2793 7959
2793 9092
2793 9400
2793 9414
2794 7065
2795 4239
2795 6553
2795 9132
2796 4190
2796 4507
2796 5141
2796 6850
2796 7276
2796 7466
2796 9264
2796 9549
2797 2886
2797 4420
2798 5808
2798 7266
2798 9043
2799 4967
2799 7944
2800 2994
2800 3509
2800 3870
2800 4358
2800 5607
2800 6878
2800 6912
2800 7060
2800 8505
2802 4732
2802 5445
2803 5737
2803 7022
2803 9832
2804 7727
2805 3022
2805 7298
2805 7610
2805 9041
2805 9722
2806 5477
2806 5541
2806 5856
2806 6780
2806 7973
2806 8713
2806 9163
2807 5083
2808 2824
2808 4805
2808 6718
2808 6740
2808 6925
2808 8310
2808 8903
2808 9698
2809 3015
2809 6816
2810 6294
2810 6693
2811 6258
2811 8134
2812 2875
2812 4535
2812 5504
2812 6015
2812 6745
2812 7274
2812 7363
2812 8119
2813 8290
2814 4419
2814 5466
2815 6541
2816 3181
2816 6680
2817 2883
2817 2885
2817 4508
2817 4711
2817 4824
2817 6291
2817 6714
2817 6774
2817 7480
2817 7972
2817 8001
2817 8031
2817 8060
2817 8093
2817 8816
2817 8993
2817 9518
2817 9837
2818 5049
2818 5904
2818 7126
2818 7258
2818 8742
2818 8814
2818 9394
2819 4700
2819 5124
2819 9424
2820 4192
2820 4988
2820 5262
2820 8459
2820 9745
2821 2892
2821 3462
2821 6106
2821 7148
2821 7393
2821 8741
2821 9163
2822 3185
2822 3674
2823 4204
2824 3692
2824 4110
2824 4234
2824 4584
2824 6575
2824 6595
2824 6650
2824 6925
2824 7036
2824 7298
2824 7646
2824 7848
2824 7887
2824 7969
2824 8075
2824 8925
2824 8932
2824 9163
2824 9490
2824 9698
2825 3349
2825 6808
2825 7812
2826 4129
2826 7335
2826 8383
2827 3529
2827 4617
2827 7750
2827 9353
2828 6660
2829 3234
2829 3879
2829 5329
2829 6713
2829 9298
2829 9460
2829 9781
2830 3329
2830 3550
2830 4361
2830 7098
2831 9351
2832 3264
2832 4793
2832 5105
2832 6823
2832 6982
2832 8680
2832 9229
2833 5591
2833 6358
2834 5052
2835 6080
2836 3526
2836 4905
2836 7082
2836 7742
2836 8478
2837 8007
2838 5715
2840 5536
2840 6155
2840 6349
2842 3354
2842 5022
2842 6858
2843 7816
2845 8811
2846 4414
2846 5046
2847 3341
2847 6065
2847 6671
2847 6681
2848 5228
2849 4312
2849 5565
2849 5566
2850 3663
2850 4187
2850 4908
2850 5659
2850 6621
2850 6717
2850 8532
2851 4296
2852 4312
2852 6771
2852 8949
2853 6086
2854 3688
2854 3748
2854 3769
2854 4406
2854 5898
2854 6975
2854 9284
2855 5425
2855 6613
2855 7195
2855 7969
2855 8560
2856 7406
2856 9480
2857 6396
2858 3522
2858 4845
2858 4918
2858 6161
2858 6261
2858 6578
2858 6914
2858 7208
2858 7336
2858 8157
2858 8981
2858 9076
2858 9132
2859 6028
2860 3872
2860 3887
2860 6691
2861 4997
2862 6483
2863 3128
2863 5026
2863 7067
2863 8164
2864 6712
2864 6832
2864 8787
2865 4729
2866 3213
2866 4035
2866 5621
2867 3090
2867 5766
2868 9414
2869 5809
2869 7557
2870 3809
2870 4010
2870 4814
2870 6301
2870 6699
2870 6767
2870 7053
2870 7963
2871 5502
2872 3356
2872 3474
2872 4063
2872 5262
2872 5302
2872 8697
2872 8889
2873 7151
2873 8683
2873 8698
2874 3072
2874 4542
2874 4703
2874 5459
2874 6194
2874 6472
2874 7144
2874 7230
2874 7681
2874 7848
2874 8128
2874 8317
2874 9827
2875 4652
2875 5146
2875 5148
2875 5504
2875 6015
2875 6745
2875 6822
2875 7274
2875 7306
2875 8119
2876 5248
2876 5321
2877 2895
2877 7319
2877 9791
2878 3371
2878 3373
2878 3810
2878 4972
2878 5188
2878 6421
2878 7188
2878 7440
2878 8111
2878 8125
2878 9734
2879 5891
2880 7984
2881 5132
2882 2902
2882 3065
2882 3091
2882 3379
2882 3978
2882 4053
2882 4263
2882 4574
2882 4659
2882 4938
2882 4972
2882 5344
2882 5345
2882 5471
2882 6395
2882 6469
2882 6547
2882 6904
2882 6935
2882 6969
2882 7089
2882 7105
2882 7296
2882 7464
2882 7591
2882 8010
2882 8139
2882 8546
2882 8883
2882 9142
2882 9376
2882 9480
2882 9713
2883 4593
2883 6215
2883 6291
2883 8138
2883 8993
2883 9456
2883 9762
2885 8993
2886 4420
2886 5326
2887 4859
2887 5359
2887 5842
2887 8893
2888 6656
2889 6258
2889 7721
2889 8121
2890 8381
2890 9069
2891 9149
2892 3462
2892 5725
2892 6106
2892 6662
2892 6696
2892 7148
2892 8145
2892 8235
2893 5316
2893 7139
2893 9815
2894 6181
2895 3367
2895 3983
2895 5263
2895 6385
2895 7319
2895 9791
2896 4541
2896 4900
2896 6552
2896 7298
2896 7719
2896 9041
2896 9450
2897 3089
2897 5282
2897 7553
2897 9273
2898 3425
2899 8853
2900 2977
2900 3035
2900 3324
2900 4686
2900 5149
2900 5613
2900 5862
2900 7091
2900 7887
2900 8354
2900 8474
2900 9074
2901 3125
2901 4583
2901 5322
2901 5620
2901 6616
2901 7978
2901 7990
2901 8079
2902 4013
2902 4053
2902 5451
2902 6469
2902 6935
2902 8299
2902 8751
2902 9601
2903 4863
2903 7430
2903 8100
2904 4588
2904 5051
2904 7977
2905 3945
2905 5072
2906 3534
2907 8002
2907 8178
2907 9835
2908 5794
2908 7710
2908 9758
2910 4762
2912 5415
2912 8574
2913 3091
2913 3865
2913 4340
2913 4417
2913 4485
2913 5139
2913 5275
2913 5622
2913 5782
2913 6070
2913 6287
2913 6412
2913 7434
2913 7634
2913 7901
2913 8023
2913 9079
2913 9260
2913 9683
2913 9690
2914 3726
2915 7359
2916 5687
2916 6888
2918 3049
2918 3598
2918 3715
2918 5274
2918 8985
2919 3281
2920 6347
2920 9011
2921 4848
2922 4247
2922 6148
2922 6950
2923 7581
2924 3399
2924 3586
2924 3711
2924 4906
2924 4961
2924 8437
2924 8937
2924 9047
2924 9783
2924 9789
2925 3560
2925 6922
2925 7406
2927 5002
2927 8282
2927 8567
2927 8756
2927 8758
2928 7925
2929 5779
2929 5904
2930 4262
2930 5020
2930 5782
2930 6769
2930 7117
2930 8404
2930 9215
2933 3823
2933 3868
2933 5136
2933 7644
2934 3105
2934 3868
2934 4081
2934 7088
2934 7961
2934 7966
2934 8179
2934 8525
2934 9078
2934 9620
2935 5400
2935 7160
2936 9733
2937 4651
2937 5259
2937 9209
2938 5352
2939 9096
2940 3880
2940 4478
2940 5170
2940 6794
2940 9191
2941 3697
2941 4722
2941 4931
2941 5259
2941 5285
2941 7275
2941 7815
2941 9120
2941 9239
2942 6904
2943 6159
2946 4362
2946 4484
2946 5751
2946 7102
2946 8731
2946 8776
2947 3275
2947 3506
2947 9615
2948 5177
2948 7555
2949 9490
2950 7457
2950 9346
2951 3140
2951 3789
2951 7015
2951 9369
2952 3484
2952 4688
2952 6148
2952 6177
2952 7142
2952 8523
2953 6878
2954 6291
2955 5758
2955 6492
2955 7721
2955 8121
2956 7153
2956 7785
2958 5042
2959 7572
2959 8890
2959 9028
2959 9401
2960 5117
2960 6014
2961 9792
2962 3163
2962 3952
2962 6684
2962 7387
2962 7425
2963 5804
2963 8450
2964 6528
2964 6908
2965 3504
2966 3108
2966 5790
2966 6435
2966 6456
2966 9490
2967 3599
2967 4305
2967 5088
2967 6161
2967 6881
2967 6925
2967 7013
2967 8170
2967 8174
2967 8399
2967 9389
2967 9864
2968 4789
2968 6970
2968 8267
2968 8273
2968 8705
2969 9414
2970 4837
2970 8981
2971 5405
2972 5030
2972 6862
2972 7504
2973 6588
2973 9241
2974 3764
2974 4214
2975 5414
2976 7146
2977 3130
2977 3258
2977 3591
2977 4445
2977 4584
2977 4597
2977 4640
2977 5737
2977 6528
2977 6712
2977 6878
2977 7036
2977 7365
2977 7393
2977 7848
2977 7936
2977 8883
2977 9104
2978 3578
2979 2980
2979 2981
2979 3411
2980 2981
2982 3036
2982 3578
2982 3865
2982 3997
2982 4230
2982 4719
2982 5356
2982 5790
2982 6388
2982 6859
2982 6972
2982 7129
2982 7369
2982 7719
2982 8066
2982 8474
2982 9074
2982 9634
2983 4337
2983 4894
2983 8374
2983 8814
2984 6360
2984 6361
2984 8786
2985 3356
2986 9282
2987 4234
2987 4438
2987 6269
2987 6744
2987 6830
2987 7280
2988 3104
2988 4496
2988 5038
2988 8784
2988 8892
2989 7391
2990 3258
2990 3425
2990 4538
2990 4620
2990 5737
2990 6475
2990 7430
2990 7622
2990 8100
2990 8425
2990 8889
2991 4816
2991 5876
2992 4001
2992 4992
2992 5024
2992 6047
2992 7460
2992 7522
2992 8433
2992 9214
2992 9322
2993 7022
2994 4021
2994 4075
2995 4777
2995 5101
2995 7260
2996 3756
2996 4493
2996 6589
2997 6996
2997 7935
2998 4870
2998 4982
2999 3461
3000 3964
3000 4766
3000 5893
3001 5080
3001 6505
3001 9554
3002 7199
3002 8265
3003 4196
3004 8537
3007 3251
3008 3871
3008 5390
3008 6005
3008 6410
3008 6420
3008 6515
3008 6864
3008 7269
3008 7870
3008 7905
3008 8249
3008 8807
3008 8912
3009 3356
3009 5051
3009 7907
3009 8805
3010 3012
3011 3012
3011 8993
3012 8993
3013 3774
3013 4752
3013 5005
3013 6005
3013 6679
3013 6784
3013 6807
3013 7908
3013 9093
3013 9196
3013 9717
3014 5719
3015 3276
3015 3382
3015 4246
3015 4722
3015 6816
3016 6154
3016 6634
3016 6840
3016 7819
3016 9330
3016 9809
3018 3038
3018 4469
3018 5793
3018 6140
3018 6843
3018 6920
3018 7003
3018 7844
3018 9431
3018 9531
3019 6235
3019 6236
3019 7766
3020 4728
3020 6218
3020 8187
3021 5108
3021 5915
3022 3865
3022 3974
3022 4309
3022 4310
3022 5333
3022 5548
3022 5923
3022 6082
3022 6134
3022 6161
3022 6484
3022 6665
3022 6969
3022 7022
3022 7036
3022 7298
3022 7610
3022 7944
3022 8107
3022 8279
3022 8546
3022 8590
3022 8914
3022 9041
3022 9361
3022 9486
3022 9722
3022 9741
3024 6174
3025 8989
3026 5908
3027 3481
3027 4484
3027 5821
3027 6873
3027 7022
3027 7684
3027 7933
3027 8675
3027 9735
3028 3375
3028 4428
3028 4569
3028 6375
3028 7612
3029 8265
3030 3333
3030 5078
3030 5569
3030 5849
3030 6274
3030 8896
3031 3481
3031 5619
3032 4412
3032 6847
3033 6871
3033 8176
3033 8397
3034 4423
3034 7094
3034 8419
3035 3268
3035 3749
3035 4265
3035 5396
3035 6070
3035 6113
3035 6395
3035 6701
3035 8212
3035 8692
3035 8932
3036 3997
3036 6914
3037 4332
3037 6781
3038 4282
3038 4461
3038 4469
3038 4548
3038 4674
3038 4862
3038 5074
3038 5087
3038 6920
3038 6951
3038 6957
3038 7003
3038 7114
3038 7459
3038 7755
3038 7785
3038 7841
3038 7844
3038 8396
3038 8473
3038 9431
3038 9531
3040 8461
3040 9262
3041 7164
3043 4775
3043 7991
3044 4854
3044 6810
3044 9314
3045 3471
3045 4548
3045 9132
3047 3221
3047 4900
3047 6222
3047 7298
3047 9478
3048 9473
3048 9709
3049 3598
3049 4934
3049 8985
3050 9168
3051 5025
3051 7146
3052 3098
3053 3454
3053 3610
3053 7091
3054 4854
3054 9642
3055 6817
3056 3372
3056 5242
3056 6548
3056 9247
3057 3356
3057 7167
3057 8729
3057 8839
3057 8903
3057 9698
3057 9714
3058 6665
3058 9722
3059 3103
3059 8167
3060 9679
3061 6538
3061 6614
3061 9357
3063 3659
3063 6882
3063 8432
3063 8549
3063 9194
3063 9708
3064 4306
3064 4620
3064 6422
3065 3091
3065 3268
3065 3387
3065 3524
3065 4032
3065 4265
3065 4466
3065 5006
3065 5149
3065 5640
3065 6070
3065 6395
3065 6461
3065 6643
3065 6813
3065 6891
3065 6910
3065 7105
3065 7987
3065 8290
3065 8932
3065 9258
3065 9331
3065 9490
3066 3941
3066 4796
3066 6059
3066 6194
3066 6254
3066 6458
3066 6472
3066 8330
3067 3382
3067 4987
3067 8750
3068 4488
3068 4540
3068 9815
3070 3814
3070 5259
3070 6041
3071 4429
3071 6319
3072 8317
3072 9827
3073 6400
3073 8246
3074 6916
3074 7649
3074 8623
3074 9084
3074 9221
3075 5169
3075 8610
3076 5837
3076 7890
3076 9365
3076 9415
3076 9452
3077 9162
3078 3930
3078 4383
3078 5108
3078 8546
3078 9832
3079 4965
3079 7288
3079 9176
3079 9442
3080 6457
3081 4504
3081 7686
3081 8522
3081 8590
3081 9179
3082 5169
3083 3770
3083 4792
3083 5321
3083 5408
3084 3481
3084 5090
3084 5618
3084 7681
3085 6682
3086 3336
3086 7814
3087 5758
3087 6258
3087 7721
3088 3341
3088 4960
3089 5282
3089 8472
3089 9273
3090 4490
3090 5766
3090 6147
3091 4021
3091 4265
3091 5622
3091 6435
3091 6701
3091 6891
3091 6896
3091 7105
3091 8070
3091 8334
3091 8857
3091 9074
3091 9090
3091 9490
3094 3604
3094 5852
3094 9754
3095 3965
3095 4138
3095 4334
3095 5607
3095 6134
3095 7060
3095 8616
3095 9331
3095 9699
3095 9861
3096 7395
3097 4025
3099 6429
3100 3664
3100 3665
3101 6007
3102 9529
3103 3848
3103 3904
3103 4846
3103 4854
3103 5009
3103 8167
3103 8707
3103 9323
3103 9327
3103 9375
3103 9524
3103 9781
3103 9790
3104 4496
3104 4922
3104 5038
3104 9797
3105 3352
3105 3868
3105 5259
3105 6035
3105 6837
3105 7073
3105 7383
3105 7574
3105 7912
3105 8143
3105 8341
3105 8414
3105 8977
3105 9078
3105 9125
3105 9620
3106 4615
3107 3108
3107 3162
3107 4715
3107 6746
3107 9324
3108 3774
3108 4236
3108 6456
3108 6784
3108 6893
3108 7091
3108 8914
3109 4152
3109 4544
3109 5680
3109 6517
3109 7076
3109 8360
3110 5025
3110 5573
3110 6046
3113 4246
3114 7930
3114 9794
3115 6300
3116 7494
3117 4740
3117 5025
3117 7073
3117 7792
3117 9239
3118 9552
3119 9115
3120 6717
3120 6978
3121 9213
3121 9752
3121 9819
3122 5582
3122 6177
3122 8523
3122 9409
3123 3158
3123 3446
3123 4900
3123 7576
3123 8522
3123 9041
3124 3358
3125 3200
3125 3270
3125 3497
3125 3681
3125 5251
3125 5620
3125 7156
3125 7801
3125 8079
3125 8080
3125 8180
3125 8642
3125 9455
3125 9584
3126 7722
3127 6384
3127 7102
3127 8269
3128 7067
3128 8164
3129 6528
3129 8883
3130 3324
3130 4597
3130 5613
3130 6701
3130 7489
3130 7670
3130 8329
3130 8474
3130 9104
3131 3831
3131 4468
3131 7223
3131 9204
3132 5061
3133 7338
3134 9656
3135 5362
3135 6259
3135 9051
3135 9219
3136 6772
3137 3172
3138 4414
3138 4987
3138 5046
3138 5268
3138 7766
3138 8157
3140 3789
3140 3871
3140 4525
3140 4636
3140 4695
3140 5758
3140 6379
3140 7740
3143 3289
3143 5368
3143 5380
3143 5663
3144 8780
3145 7766
3145 7814
3146 4297
3146 4451
3146 5815
3146 6631
3146 8804
3147 3196
3147 8211
3148 9186
3150 3819
3150 4641
3150 4900
3150 6093
3150 7298
3150 7326
3150 7502
3150 9041
3150 9358
3151 3712
3151 6299
3151 6917
3151 7005
3151 8369
3151 8822
3152 4479
3152 8576
3152 9151
3153 3905
3153 6728
3153 8771
3154 4469
3154 8101
3155 7570
3156 3635
3156 6353
3156 8546
3157 6550
3157 8493
3158 4900
3158 8522
3158 9691
3159 4974
3160 3989
3160 8570
3160 9030
3161 3202
3161 8044
3162 4194
3162 4212
3162 4218
3162 6312
3162 6746
3162 9324
3164 4192
3165 6594
3167 4153
3168 7878
3169 3968
3169 5595
3169 6871
3169 8176
3169 8719
3169 8720
3169 9225
3170 9171
3171 3591
3171 5001
3171 6969
3171 7702
3171 9487
3172 6594
3172 9836
3173 7849
3173 9366
3174 5636
3175 3503
3175 5198
3175 9072
3175 9264
3176 4362
3176 5904
3176 6220
3176 6350
3176 8222
3176 9378
3177 5018
3177 7777
3177 7778
3179 4879
3179 4957
3180 4878
3181 6423
3181 6680
3183 9802
3184 3569
3185 4234
3185 6269
3185 6549
3185 7837
3185 7845
3185 8244
3185 8786
3185 9318
3187 4358
3187 7070
3187 8537
3188 3725
3188 8506
3188 8941
3189 3263
3189 3433
3189 9773
3190 5968
3190 5971
3191 3672
3191 6322
3191 8724
3192 4926
3192 9153
3192 9458
3193 5558
3193 7983
3194 7832
3194 8013
3194 9374
3195 4275
3195 6526
3196 8211
3197 3792
3197 7905
3197 8529
3197 9446
3199 4623
3199 5746
3199 6000
3199 7997
3199 9182
3200 7156
3201 4218
3201 5455
3201 6248
3202 8044
3203 3245
3203 5242
3204 3494
3204 4963
3204 8239
3205 4118
3205 4158
3205 4742
3205 4851
3205 5056
3205 5237
3205 6377
3205 6487
3205 7696
3205 8136
3205 8237
3205 8689
3205 9503
3205 9591
3205 9779
3206 4343
3206 4597
3206 4747
3206 4751
3207 3323
3207 3512
3207 3692
3207 3707
3207 4032
3207 4075
3207 4265
3207 4358
3207 4874
3207 5046
3207 5999
3207 6461
3207 6830
3207 6859
3207 6958
3207 7070
3207 7887
3207 8299
3207 8454
3207 8914
3207 9048
3207 9490
3207 9698
3208 4768
3209 6240
3210 4341
3210 4443
3210 5470
3210 8784
3211 3421
3211 5036
3211 6825
3211 8906
3212 6764
3212 7154
3212 7679
3213 4035
3214 4433
3215 3898
3215 9682
3216 5348
3216 5422
3217 5348
3218 6436
3219 4685
3220 7214
3220 7710
3221 4041
3221 4391
3221 4771
3221 4900
3221 6146
3221 8995
3221 9129
3221 9203
3221 9478
3221 9701
3222 5130
3222 5454
3222 6783
3222 8626
3223 9649
3224 3854
3224 4386
3224 6286
3224 8053
3225 3339
3225 6342
3225 8416
3225 8504
3225 8652
3225 9557
3226 7605
3226 7726
3226 9369
3226 9584
3227 3642
3227 5092
3227 5650
3227 5976
3227 8630
3227 8864
3228 4201
3228 6347
3228 7666
3228 9283
3229 9067
3229 9710
3230 3732
3230 5432
3232 4152
3232 4626
3232 5152
3232 8179
3232 8905
3234 4552
3234 5311
3234 5857
3234 6713
3234 7123
3234 9125
3234 9298
3234 9460
3234 9781
3235 9781
3236 4003
3236 5138
3237 6269
3237 7686
3237 9409
3238 4733
3238 5564
3238 8414
3239 8811
3240 3600
3240 3748
3240 4564
3240 5276
3240 5442
3240 5732
3240 7412
3240 8885
3240 9434
3240 9473
3240 9483
3241 6378
3241 8186
3241 8272
3242 4019
3242 5060
3242 5922
3242 6878
3243 3898
3243 8223
3244 3302
3244 3413
3244 4203
3244 4462
3244 4644
3244 5463
3244 5714
3244 8308
3244 8817
3244 8975
3244 9155
3244 9335
3244 9346
3244 9750
3244 9828
3245 3918
3245 5242
3245 5297
3245 6791
3245 9466
3246 9387
3246 9419
3247 5637
3248 3312
3248 4190
3248 6763
3248 7069
3249 8715
3250 6872
3251 4620
3251 5262
3252 8689
3253 4268
3253 4559
3253 8694
3253 8703
3255 3549
3256 7368
3257 5789
3258 3509
3258 3937
3258 4425
3258 4470
3258 4538
3258 4584
3258 4660
3258 4686
3258 4922
3258 4997
3258 5297
3258 5604
3258 5737
3258 6337
3258 6878
3258 7293
3258 7435
3258 8010
3258 8130
3258 8474
3258 9074
3258 9295
3259 7441
3261 4439
3261 5975
3261 8961
3262 9690
3263 3433
3264 6655
3264 6823
3264 6982
3264 7395
3264 9201
3264 9229
3264 9729
3265 4446
3266 4635
3266 6143
3267 3535
3267 5956
3267 8724
3268 3269
3268 3432
3268 3749
3268 3753
3268 4265
3268 4466
3268 5036
3268 5149
3268 6461
3268 6825
3268 7105
3268 9186
3269 3281
3269 3432
3269 3434
3269 4467
3269 4744
3269 5601
3269 5777
3269 5942
3269 6395
3269 7658
3270 8642
3270 9584
3271 3307
3271 3514
3271 9575
3272 5649
3272 6448
3272 9611
3273 3819
3273 6441
3273 8109
3273 8915
3274 8338
3275 3506
3275 9615
3276 3382
3277 3533
3277 9631
3278 4191
3278 5082
3278 5819
3279 4136
3279 5604
3279 5999
3279 7910
3279 9285
3280 4191
3281 4097
3281 5777
3281 6164
3281 6281
3281 7658
3281 8048
3281 8654
3281 8655
3281 8721
3281 9556
3281 9572
3281 9867
3282 3680
3282 4880
3282 5374
3282 6318
3282 7540
3282 8586
3282 8618
3283 4233
3283 4339
3283 4553
3283 6335
3283 8599
3283 8940
3283 9568
3284 3285
3284 3978
3284 7532
3284 7666
3284 7899
3284 8107
3284 8828
3284 9556
3285 4554
3285 4570
3285 7666
3285 8648
3285 9556
3286 4314
3286 4346
3286 5775
3286 9397
3286 9529
3286 9744
3287 4554
3288 6888
3289 5368
3289 5380
3289 5663
3290 5960
3290 9339
3291 6161
3291 6928
3291 7719
3291 8231
3292 8208
3293 3707
3293 4497
3293 6142
3293 7081
3293 9516
3293 9816
3293 9867
3295 7135
3295 9203
3296 8746
3297 4816
3297 6728
3297 8771
3298 4016
3298 7728
3299 8255
3300 7121
3300 8580
3301 7287
3301 8180
3301 9455
3302 3413
3302 4203
3302 4462
3302 4644
3302 5463
3302 5714
3302 8308
3302 8817
3302 8975
3302 9155
3302 9335
3302 9346
3302 9750
3302 9828
3303 3314
3303 3385
3303 3524
3303 3594
3303 5149
3303 6483
3303 7147
3303 7391
3303 8425
3303 8474
3303 8687
3303 8981
3304 3721
3305 3434
3305 3768
3305 4251
3306 5982
3307 3514
3307 9575
3308 7593
3310 6320
3310 6353
3310 8546
3311 8662
3312 5372
3312 8051
3313 6856
3315 4214
3315 4750
3316 7403
3317 9523
3318 7010
3318 8996
3319 3845
3319 9640
3320 6266
3321 9788
3322 5443
3323 4032
3323 5671
3323 6958
3323 8294
3323 9048
3324 5613
3324 8354
3325 5072
3325 9310
3327 5224
3328 3333
3328 5427
3328 5569
3328 6062
3329 4361
3330 5888
3331 4307
3333 4236
3333 5078
3333 5427
3333 5569
3333 5849
3333 6062
3333 6274
3333 6998
3333 7432
3333 7471
3333 8896
3333 8929
3333 9246
3334 7538
3335 3617
3335 5285
3335 9136
3336 4558
3336 4768
3336 7814
3336 9251
3337 3544
3337 3562
3337 4323
3337 4816
3337 5359
3337 5876
3337 6278
3337 9315
3337 9439
3338 9684
3339 4496
3339 6620
3339 7738
3339 8416
3339 8825
3339 9154
3339 9401
3339 9476
3339 9751
3340 5414
3340 6608
3340 9149
3341 3539
3341 4147
3341 4778
3341 5214
3341 5742
3341 5820
3341 6065
3341 6208
3341 6367
3341 6523
3341 6671
3341 6681
3341 6811
3341 6821
3341 6927
3341 7626
3341 7972
3341 8712
3341 9208
3342 4437
3343 4661
3344 7659
3345 4245
3345 4261
3345 4465
3345 6003
3345 6361
3345 8164
3346 3937
3346 3969
3346 4713
3346 5436
3346 6878
3346 7033
3346 8537
3346 8909
3347 6134
3347 6857
3347 6880
3347 7931
3347 9296
3349 4239
3350 4817
3351 4136
3352 7073
3352 8977
3353 4685
3353 9220
3354 3427
3354 4036
3354 5022
3354 6411
3354 6719
3354 6858
3354 7265
3354 7624
3354 7781
3354 7782
3354 7833
3354 7921
3355 4374
3356 3599
3356 3618
3356 3912
3356 4299
3356 4778
3356 5220
3356 5302
3356 6134
3356 6161
3356 6423
3356 6989
3356 7181
3356 7651
3356 7784
3356 7848
3356 7944
3356 8127
3356 8186
3356 8200
3356 8309
3356 8627
3356 8677
3356 8697
3356 8744
3356 8913
3356 9023
3356 9167
3356 9179
3356 9195
3356 9208
3356 9348
3356 9448
3356 9719
3357 9241
3358 5737
3358 5998
3358 6177
3358 7574
3358 7947
3358 8186
3358 9535
3358 9634
3359 3912
3359 6617
3360 8312
3361 6510
3361 6570
3361 6845
3361 7224
3362 4473
3362 4921
3362 9072
3363 7041
3363 8529
3364 4288
3364 4483
3365 4746
3365 8738
3366 3432
3366 3965
3366 6969
3366 7610
3368 9486
3370 5709
3371 7188
3372 9247
3373 4972
3373 7947
3374 3397
3375 5730
3375 6375
3375 6542
3375 7612
3376 4108
3377 4695
3377 6587
3377 8670
3378 4108
3379 3978
3379 7296
3380 6664
3380 8704
3381 6156
3382 4246
3382 4987
3382 8776
3382 9699
3384 7725
3384 7865
3384 8773
3385 7147
3385 8981
3387 4265
3387 6452
3387 8932
3387 9737
3388 3549
3390 8411
3390 9206
3390 9350
3391 3537
3391 3735
3391 6696
3391 7320
3391 8367
3392 5215
3393 4709
3393 8458
3393 8459
3393 9258
3395 6739
3395 7282
3396 4640
3396 6712
3397 4943
3398 4169
3399 4906
3399 9783
3400 6153
3401 7573
3401 9195
3402 3630
3402 3719
3403 3745
3403 4223
3403 6196
3403 6321
3403 6322
3403 8956
3403 9645
3404 4096
3404 4522
3404 9559
3405 4441
3405 5364
3405 9393
3406 3744
3406 4426
3406 6183
3406 7534
3408 9284
3409 9744
3410 3535
3410 6249
3410 8503
3410 8613
3412 5103
3413 4203
3413 4462
3413 4644
3413 5463
3413 5714
3413 8308
3413 8817
3413 8975
3413 9155
3413 9335
3413 9346
3413 9750
3413 9828
3414 5499
3415 3919
3415 6873
3415 7094
3415 8136
3415 9318
3416 4614
3416 7986
3417 3884
3417 8989
3417 9336
3418 4480
3418 4638
3418 4811
3418 5337
3418 5431
3418 5446
3418 5768
3418 7027
3418 7377
3418 7592
3418 7903
3418 8185
3418 9355
3419 6080
3419 6430
3419 7585
3419 7700
3420 7760
3421 5036
3421 5424
3421 6825
3421 7600
3421 8906
3422 6130
3423 7509
3423 7654
3423 8648
3423 9647
3424 6456
3424 9295
3425 3485
3425 4129
3425 4190
3425 5450
3425 5759
3425 8466
3425 9072
3426 7727
3427 4123
3427 5291
3427 7265
3427 7739
3428 5087
3428 8396
3428 9403
3429 4662
3429 8353
3430 6320
3430 8546
3431 8601
3432 3611
3432 3725
3432 3749
3432 3965
3432 4070
3432 4105
3432 7670
3433 3996
3433 5367
3433 8017
3433 9013
3433 9574
3433 9585
3433 9773
3434 3991
3434 4251
3434 5098
3434 5777
3434 8505
3434 9663
3435 5603
3435 7527
3437 4553
3437 5970
3438 9350
3439 4872
3439 9390
3440 7660
3440 7843
3441 9284
3442 5974
3442 6333
3442 8023
3442 9571
3443 4975
3443 8688
3445 3554
3445 3614
3445 3788
3445 4666
3445 5308
3445 5323
3445 5401
3445 5481
3445 5733
3445 6104
3445 6581
3445 6785
3445 6870
3445 6983
3445 7109
3445 7360
3445 7448
3445 7697
3445 7948
3446 4900
3447 4551
3447 8236
3448 8335
3449 3889
3449 3924
3449 5987
3449 8392
3450 9211
3452 3537
3452 4145
3452 4745
3452 9402
3453 3991
3453 4214
3453 4217
3453 4744
3453 6555
3453 6559
3453 8044
3454 4002
3454 4004
3454 4849
3454 5552
3454 7091
3454 8396
3454 8677
3454 9529
3454 9628
3454 9629
3454 9860
3455 5765
3456 4129
3456 5696
3456 6691
3456 9237
3458 5056
3459 6832
3460 5679
3462 6106
3462 7148
3463 5783
3463 7287
3463 7323
3463 7767
3464 5257
3464 6997
3465 4135
3465 5307
3466 7742
3467 9293
3468 4795
3468 5528
3468 5546
3468 6736
3468 7441
3468 7449
3469 6185
3470 5069
3470 6553
3470 9185
3470 9865
3471 4548
3472 3998
3472 6931
3472 7829
3472 9157
3472 9232
3473 6355
3476 7413
3476 8866
3476 8899
3477 9444
3478 5840
3478 9293
3479 4469
3479 8431
3480 8425
3481 4178
3481 4302
3481 4546
3481 4759
3481 5389
3481 5402
3481 5618
3481 5619
3481 5998
3481 6557
3481 6595
3481 8056
3481 8731
3481 8857
3481 8891
3481 9100
3483 3807
3484 6177
3484 7601
3485 4129
3485 4546
3485 4746
3485 5290
3485 6844
3485 7199
3485 7562
3485 8123
3485 8135
3485 8155
3485 9072
3485 9149
3486 4378
3486 6493
3487 4390
3488 3533
3488 3818
3488 3885
3488 4134
3488 4452
3488 5075
3488 5288
3488 5575
3488 6125
3488 6264
3488 6645
3488 7244
3488 7845
3488 9296
3489 4686
3489 9449
3490 5845
3491 8549
3492 9610
3493 4592
3493 7055
3494 3523
3494 3579
3494 5915
3494 6720
3494 6994
3495 7805
3496 6759
3496 8950
3497 4210
3497 4218
3497 4758
3497 5620
3497 6558
3497 7211
3497 8079
3497 8149
3497 9446
3497 9701
3498 3993
3498 5647
3498 9411
3499 4217
3499 4218
3499 4341
3499 4520
3499 4744
3499 5924
3499 6309
3499 6559
3499 7404
3499 9652
3500 6969
3501 8411
3501 9428
3503 5198
3503 9072
3503 9264
3506 4104
3506 4426
3506 6557
3506 6830
3506 6857
3506 7124
3506 8540
3506 9615
3507 4706
3507 5449
3507 8659
3509 4470
3509 5607
3509 9490
3510 7770
3511 4657
3511 7149
3512 3707
3512 3740
3512 4021
3512 4032
3512 4139
3512 5764
3512 5790
3512 6395
3512 6461
3512 7936
3512 8857
3512 9074
3512 9542
3512 9597
3512 9634
3512 9639
3513 3972
3514 8026
3514 9575
3515 5652
3515 8659
3515 8955
3516 5093
3516 7540
3516 7547
3516 8585
3517 8652
3517 8722
3518 6021
3518 8125
3519 3921
3520 3560
3521 3524
3521 5737
3521 8394
3523 3579
3523 9407
3524 3576
3524 3749
3524 3781
3524 4063
3524 4996
3524 4997
3524 5093
3524 5149
3524 5262
3524 5297
3524 5640
3524 5923
3524 6395
3524 6878
3524 7391
3524 7910
3524 8394
3524 8474
3524 8537
3524 8588
3524 8883
3524 8889
3524 8932
3524 9390
3524 9594
3524 9744
3525 9561
3526 4905
3526 7082
3526 7742
3526 8478
3527 9025
3528 3533
3529 3716
3529 4617
3529 4748
3529 4923
3529 5428
3529 5509
3529 7073
3529 7750
3529 8745
3529 9353
3529 9774
3531 3533
3531 4047
3531 6502
3531 8596
3532 9631
3533 5075
3533 6502
3533 6864
3533 9631
3534 4646
3534 6650
3534 7639
3534 7743
3534 8460
3534 8673
3535 6353
3535 7670
3535 8503
3535 8724
3536 4087
3536 4276
3536 4856
3536 6303
3536 7526
3536 8600
3536 8751
3536 9615
3537 3735
3537 4020
3537 4523
3537 5982
3537 7320
3537 7642
3537 8641
3537 8700
3537 9402
3538 4303
3538 6742
3539 5820
3539 8842
3540 4199
3540 4555
3540 7540
3541 3686
3541 3876
3541 7653
3541 7657
3541 8047
3541 8647
3541 9661
3542 6185
3542 8941
3543 3565
3543 5071
3543 6666
3543 7859
3543 8018
3543 9326
3543 9598
3543 9600
3543 9680
3543 9788
3544 9315
3545 4981
3545 7881
3545 8023
3546 5001
3546 8662
3546 9466
3547 4597
3547 5278
3547 7966
3548 3710
3548 4506
3548 4752
3548 5215
3548 5819
3548 7357
3548 8539
3549 3771
3549 4100
3549 4640
3549 4761
3549 4900
3549 6401
3549 6528
3549 6794
3549 7051
3549 7438
3549 7814
3549 7946
3549 8260
3549 8523
3549 8883
3549 9406
3549 9407
3550 7098
3551 4646
3552 4922
3552 5006
3552 5007
3552 5300
3552 6910
3552 7662
3552 8888
3554 3614
3554 3788
3554 4666
3554 5308
3554 5323
3554 5401
3554 5481
3554 5733
3554 6104
3554 6581
3554 6785
3554 6870
3554 6983
3554 7109
3554 7360
3554 7448
3554 7697
3554 7948
3555 4884
3557 4137
3557 5266
3557 7518
3557 7520
3557 7877
3558 4265
3558 4584
3559 3568
3559 4745
3559 4888
3559 9592
3560 6267
3560 6922
3560 7605
3560 7726
3560 7846
3560 7900
3561 3619
3561 3840
3561 4356
3561 5339
3561 5418
3561 6549
3561 7131
3561 8412
3561 9783
3562 4816
3562 5359
3562 5876
3563 9323
3563 9524
3563 9780
3563 9799
3564 4919
3564 9615
3567 3850
3567 3861
3567 4496
3567 4851
3567 4860
3567 5038
3567 5767
3568 4745
3568 4888
3570 4915
3571 9596
3571 9782
3572 7988
3572 9630
3573 4802
3573 5586
3576 7105
3576 8537
3576 8881
3577 4987
3577 7953
3578 3803
3578 4588
3578 5607
3578 6435
3578 7022
3581 9719
3582 9753
3583 6003
3583 6106
3584 4869
3584 6456
3584 8398
3584 8683
3584 9295
3585 4121
3585 5985
3586 9783
3587 5389
3588 3675
3589 7365
3589 7719
3589 7732
3589 7845
3589 8323
3589 9291
3590 4320
3590 6081
3591 3912
3591 4156
3591 4185
3591 5001
3591 5458
3591 6421
3591 6496
3591 6528
3591 6969
3591 7096
3591 7702
3591 8279
3591 8340
3591 8883
3591 9141
3591 9746
3592 4416
3592 6139
3593 5058
3593 7753
3594 6483
3594 8687
3595 5678
3595 8716
3596 3775
3596 6291
3597 3681
3599 6161
3599 6945
3599 7722
3599 8186
3599 8399
3599 9296
3600 5254
3601 8222
3601 9691
3602 3792
3602 5133
3602 5304
3602 6259
3602 6371
3603 3633
3603 6258
3603 7870
3603 8780
3604 5852
3604 9754
3606 4003
3606 4886
3606 6116
3606 8931
3607 4745
3607 5066
3607 6062
3607 7764
3608 6211
3609 5261
3609 7210
3609 7290
3609 7576
3609 7907
3609 8805
3611 3673
3611 8505
3612 4152
3613 4194
3613 4210
3613 4217
3613 4745
3613 4749
3613 4750
3613 4751
3613 4757
3613 6310
3613 6553
3613 8044
3613 8045
3613 8296
3613 8677
3613 9625
3614 3788
3614 4666
3614 5308
3614 5323
3614 5401
3614 5481
3614 5733
3614 6104
3614 6581
3614 6785
3614 6870
3614 6983
3614 7109
3614 7360
3614 7448
3614 7697
3614 7948
3615 4304
3615 6112
3617 5285
3617 9136
3618 9195
3620 4272
3620 5027
3620 5225
3620 5891
3620 7022
3620 7034
3620 7248
3620 7389
3620 7731
3620 9048
3620 9231
3621 6025
3623 4602
3624 8667
3625 8502
3626 3832
3626 4091
3626 9337
3626 9665
3627 3947
3627 5350
3627 6408
3627 9557
3628 4101
3628 4222
3628 5371
3628 6391
3628 7536
3628 7670
3628 7896
3628 8609
3628 8942
3629 3650
3629 6291
3629 8944
3629 9682
3630 3719
3630 5195
3630 6276
3630 8063
3630 8864
3631 3700
3631 3854
3631 5647
3631 5977
3631 8827
3632 5755
3632 5762
3633 3910
3633 3962
3633 4844
3633 5000
3633 6258
3633 7087
3633 7344
3633 7464
3633 7870
3633 9811
3634 8876
3635 4575
3635 6353
3635 8546
3635 8549
3635 8622
3636 3741
3636 3978
3636 4418
3636 4516
3636 4574
3636 5093
3636 8238
3636 8583
3637 3952
3637 4670
3638 6720
3638 8973
3639 3898
3640 6915
3641 4464
3642 5976
3643 5418
3644 8938
3645 4608
3645 6112
3646 8602
3647 6766
3647 7099
3648 3933
3648 4874
3648 4997
3649 4375
3649 8644
3651 3951
3651 8610
3651 9564
3652 4223
3652 4375
3652 5664
3652 5965
3652 8500
3652 9658
3653 3721
3653 4087
3653 5676
3653 5982
3653 7658
3654 4249
3654 5978
3654 6447
3654 7668
3655 8063
3656 4359
3656 6504
3656 6953
3657 5732
3657 7745
3659 4669
3659 5257
3659 5875
3659 6882
3659 7171
3659 7748
3659 8549
3659 8791
3660 4780
3660 6015
3660 6110
3660 7218
3660 9515
3661 9793
3662 7858
3663 4908
3663 6011
3663 6717
3663 8769
3664 3665
3665 3960
3665 5482
3665 5780
3665 8405
3666 8838
3666 8928
3666 9509
3667 5325
3668 5310
3668 6606
3668 8110
3668 8249
3668 9230
3668 9241
3669 5423
3670 7658
3670 9646
3671 4375
3671 5899
3671 8049
3672 6322
3673 7540
3673 7650
3673 8505
3673 8585
3673 9341
3673 9591
3674 5862
3674 7848
3674 8751
3674 9601
3675 8714
3676 4998
3676 9146
3677 6716
3677 9620
3678 4980
3679 3726
3679 4440
3679 5855
3679 5918
3679 6288
3679 6291
3679 6306
3679 7664
3679 8031
3679 9576
3680 3995
3680 4386
3680 4880
3680 5654
3680 5960
3680 6196
3680 6286
3680 7529
3680 8947
3680 9014
3680 9542
3680 9577
3680 9783
3681 7359
3682 7599
3683 8665
3683 9027
3684 9328
3685 3921
3685 5386
3686 3876
3686 8647
3687 6329
3687 9262
3688 7656
3689 8977
3691 5504
3692 3937
3692 4077
3692 4263
3692 4545
3692 4770
3692 5790
3692 6935
3692 7036
3692 7498
3692 7887
3692 8010
3692 8187
3692 8454
3692 8776
3692 9074
3693 5963
3694 8327
3695 6528
3695 6808
3695 6934
3695 8539
3695 9709
3696 6812
3696 9088
3697 4062
3697 4461
3697 5299
3697 7815
3698 9737
3699 3921
3699 6061
3699 6193
3699 7419
3699 7421
3699 8351
3699 8753
3700 3854
3700 4109
3700 5153
3700 5647
3700 5977
3700 8827
3700 9588
3702 9458
3703 8923
3705 4641
3705 5310
3705 6402
3705 7115
3705 7492
3705 8110
3705 8565
3705 9241
3705 9445
3705 9498
3707 4053
3707 4075
3707 5999
3707 6069
3707 9074
3707 9867
3708 7094
3709 9305
3710 5819
3710 6541
3711 9783
3712 4542
3712 4572
3712 6299
3712 6919
3712 7005
3712 7617
3712 8245
3712 8822
3712 8949
3712 9248
3713 4771
3713 5000
3713 5322
3713 5925
3713 6451
3713 6893
3713 9123
3713 9203
3714 4900
3714 8522
3714 8752
3715 5274
3716 4748
3716 4923
3716 5428
3716 8745
3716 9774
3717 4896
3717 7800
3718 4054
3718 8658
3719 3722
3719 4330
3719 5967
3719 7938
3719 8648
3721 3735
3721 4087
3721 4254
3721 5676
3721 5982
3721 6180
3721 6353
3721 7658
3721 7670
3721 8588
3721 8941
3722 5628
3722 5967
3722 6339
3722 6394
3723 4067
3723 7663
3724 3746
3724 8645
3724 9008
3725 4070
3725 5379
3725 8503
3725 8509
3725 9338
3726 3730
3726 5094
3726 5918
3726 6277
3726 8546
3726 9576
3727 3766
3727 5653
3727 9576
3727 9580
3727 9659
3728 4577
3728 7548
3729 5369
3729 8509
3729 9572
3730 5094
3731 4609
3731 5361
3731 5857
3731 6256
3731 6597
3731 7089
3731 7775
3732 5432
3733 6992
3734 6541
3735 4024
3735 4083
3735 4087
3735 4224
3735 4254
3735 6328
3735 7199
3735 7320
3735 7546
3735 8588
3735 8646
3735 8941
3735 9289
3736 6796
3737 5792
3737 5869
3737 8272
3738 4659
3738 6461
3738 6843
3738 7107
3738 7535
3738 7844
3739 5096
3739 6321
3739 8502
3739 8586
3739 8826
3740 3995
3740 5090
3740 5315
3740 5939
3740 6281
3740 6732
3740 7534
3740 7658
3740 8724
3740 9542
3740 9597
3741 3978
3741 4070
3741 4555
3741 4574
3741 6322
3741 7532
3741 7688
3741 8238
3741 9021
3742 4069
3742 4218
3742 6312
3742 7473
3742 7668
3742 8508
3742 9584
3743 8655
3744 4352
3744 5854
3744 6183
3744 7007
3744 7534
3745 6196
3746 4197
3746 4349
3746 4555
3746 5176
3746 5378
3746 5782
3746 5897
3746 5970
3746 6397
3746 6398
3746 7145
3746 8611
3746 8829
3746 8941
3746 9697
3747 3757
3747 4204
3748 3769
3748 4406
3748 8199
3749 4013
3749 4265
3749 5149
3749 5334
3749 5862
3749 6544
3749 8299
3749 8751
3749 8932
3749 9601
3749 9602
3750 4806
3750 7442
3750 9853
3751 4847
3751 5996
3752 5996
3753 5049
3753 6423
3753 7091
3754 6734
3754 7318
3754 9124
3755 5841
3755 8910
3755 9693
3756 4022
3756 4138
3756 4493
3756 4588
3756 4739
3756 5152
3756 6299
3756 6456
3756 6589
3756 6792
3756 8260
3756 8311
3756 8543
3756 8750
3756 8861
3756 9022
3756 9083
3756 9862
3757 4204
3757 4900
3757 7298
3757 8282
3757 8567
3757 9016
3758 5834
3758 7474
3758 9238
3758 9262
3759 8965
3760 6528
3762 4739
3762 6916
3762 7161
3763 8910
3764 4214
3764 5492
3765 8659
3766 5653
3766 9576
3766 9580
3766 9659
3767 9293
3769 4250
3769 4406
3769 6975
3769 8199
3769 9016
3770 4792
3771 4640
3771 5032
3771 5075
3771 6037
3771 6038
3771 6042
3771 6528
3771 6683
3771 8883
3772 5685
3772 7557
3773 3880
3773 5679
3773 6224
3773 6521
3773 6573
3774 3933
3774 4424
3774 4750
3774 4925
3774 5017
3774 5955
3774 6423
3774 6784
3774 6893
3774 7148
3774 7806
3774 7908
3774 8041
3774 9867
3775 6291
3775 7972
3776 4650
3776 4662
3776 4704
3776 6444
3776 6638
3776 7915
3776 8353
3776 9171
3779 5352
3780 4838
3780 6791
3781 3991
3781 4865
3781 5388
3781 5923
3781 9164
3781 9264
3782 6097
3782 9118
3783 7228
3783 9036
3785 4269
3785 7052
3785 7944
3785 8915
3785 9100
3785 9486
3786 5661
3786 7121
3786 7204
3787 5947
3787 9496
3788 4666
3788 5308
3788 5323
3788 5401
3788 5481
3788 5733
3788 6104
3788 6581
3788 6785
3788 6870
3788 6983
3788 7109
3788 7360
3788 7448
3788 7697
3788 7948
3789 5690
3789 6452
3789 7015
3789 9369
3789 9459
3790 3842
3790 7088
3791 4471
3791 4786
3791 7880
3791 8357
3792 6515
3792 7905
3792 8529
3792 9446
3792 9729
3792 9802
3793 3794
3793 5441
3793 7084
3794 5441
3794 5861
3794 7084
3795 3928
3795 4490
3795 5356
3795 8640
3795 8784
3796 6299
3796 7642
3797 4745
3799 9305
3800 3835
3800 9169
3800 9478
3801 7691
3802 5469
3803 5175
3803 6435
3803 7022
3804 9275
3805 4780
3805 6852
3805 7341
3805 7721
3805 8364
3805 8513
3805 8557
3805 8861
3805 9718
3806 6241
3806 6538
3806 6719
3806 9308
3806 9513
3806 9701
3807 3875
3807 6855
3807 9370
3808 9243
3809 4010
3810 5001
3810 5467
3810 5861
3810 6421
3810 7365
3810 7702
3810 8125
3811 4200
3811 8972
3812 5208
3812 7950
3813 5892
3813 9761
3815 7714
3816 6170
3816 6225
3817 3870
3818 3964
3818 4452
3818 4765
3818 5419
3818 8937
3819 5477
3819 6441
3820 8184
3821 5857
3821 7690
3822 4152
3822 5172
3822 5861
3822 5862
3822 6512
3822 6644
3822 7086
3822 7104
3822 7910
3822 8528
3822 9133
3822 9285
3822 9644
3823 3868
3823 5136
3823 6000
3823 7644
3823 7647
3824 4809
3825 4240
3826 4770
3827 3842
3827 4225
3827 6501
3827 7663
3828 5203
3829 4191
3829 5627
3829 7952
3830 4900
3830 5183
3830 5599
3831 7223
3832 4091
3832 9337
3832 9665
3833 6361
3834 4643
3834 5993
3834 7522
3834 8252
3834 9092
3834 9400
3834 9832
3835 9169
3835 9478
3836 6549
3836 6550
3836 9650
3837 5271
3838 8780
3839 4662
3839 6108
3839 8413
3840 6549
3841 4778
3841 6927
3841 7651
3841 8309
3841 9167
3841 9208
3842 6501
3842 8437
3843 4105
3843 4326
3843 4751
3843 4849
3843 5356
3843 5576
3843 6256
3843 7091
3843 7308
3843 8677
3843 8855
3843 9649
3844 3900
3844 9233
3845 9640
3846 7199
3847 3917
3847 4208
3847 4214
3847 4745
3847 4753
3847 6553
3847 7475
3847 8257
3848 4854
3848 9524
3850 3861
3850 4496
3850 4851
3850 4860
3850 5038
3850 5237
3850 5767
3851 6128
3852 9548
3852 9593
3853 9540
3854 4109
3854 4353
3854 4386
3854 4691
3854 5581
3854 5647
3854 5977
3854 5984
3854 6286
3854 6324
3854 6732
3854 6990
3854 7016
3854 7251
3854 7252
3854 8053
3854 8827
3854 9411
3854 9588
3855 8111
3856 9323
3856 9589
3856 9673
3857 9324
3858 6075
3859 4493
3860 5948
3860 7657
3860 8521
3860 9542
3861 4496
3861 5038
3861 5487
3861 5767
3861 6811
3861 7433
3862 8984
3862 9241
3863 6258
3864 5171
3864 5238
3864 5632
3864 7523
3865 4719
3865 4725
3865 5031
3865 5701
3865 6146
3865 6519
3865 7498
3865 8867
3865 9074
3866 3897
3867 5776
3867 7844
3867 8309
3868 3918
3868 5136
3868 5705
3868 5741
3868 8784
3868 9078
3868 9205
3868 9299
3869 8044
3869 8257
3870 3937
3870 3969
3870 4185
3870 4995
3870 5789
3870 5923
3870 6483
3870 6643
3870 6740
3870 6878
3870 7391
3870 7969
3870 8340
3870 9345
3870 9425
3870 9734
3871 4636
3871 4695
3871 5890
3871 7269
3871 9210
3873 4302
3873 6363
3875 4454
3875 4510
3875 6855
3876 5374
3876 8647
3876 9661
3877 5882
3877 9212
3878 5227
3878 6949
3878 8103
3878 8859
3879 5025
3879 6713
3880 5679
3880 6224
3880 6521
3880 6794
3881 6246
3882 4415
3882 5476
3882 6564
3882 7680
3882 8147
3882 9465
3883 5908
3884 8435
3884 8989
3884 9336
3885 5075
3885 6161
3885 6547
3885 6645
3885 6969
3885 7947
3885 8104
3885 8270
3885 8729
3885 8915
3885 9100
3886 5486
3886 5587
3888 6090
3888 7685
3888 8784
3888 9419
3889 3924
3889 8392
3890 5988
3891 4192
3892 9476
3893 5288
3894 4864
3895 4592
3896 4200
3896 6797
3896 9373
3898 4692
3898 7267
3898 9296
3900 5072
3900 8161
3900 9233
3901 4846
3901 9317
3902 4573
3903 3943
3903 6972
3904 4919
3904 9323
3904 9524
3904 9542
3906 6169
3906 6775
3906 9707
3906 9842
3907 4241
3907 8073
3908 8342
3909 4046
3909 4295
3909 8547
3910 7962
3911 4585
3911 5778
3912 5006
3912 6134
3912 6617
3912 6685
3912 6910
3912 7425
3912 7908
3912 8127
3912 8902
3912 8903
3913 9056
3913 9218
3914 4600
3915 5083
3915 9073
3916 4739
3916 6916
3917 6553
3917 8257
3918 9078
3919 4698
3919 8329
3919 8428
3919 9414
3920 5494
3921 4040
3921 4262
3921 4807
3921 5386
3921 6193
3921 7419
3921 8916
3923 7813
3924 8392
3925 5702
3925 7758
3925 7795
3925 7831
3925 8446
3925 9403
3925 9494
3926 7861
3927 4802
3927 9461
3928 4490
3928 4510
3928 4954
3928 6241
3928 6733
3928 9189
3928 9337
3928 9701
3929 4601
3929 6465
3929 8492
3929 8761
3931 4298
3931 8547
3932 4223
3933 4874
3933 4997
3933 6423
3933 6935
3933 7070
3933 7199
3933 8010
3933 8454
3933 8692
3934 4817
3934 6964
3934 7048
3934 8212
3934 8754
3934 8822
3934 8914
3934 9290
3934 9324
3934 9587
3936 4642
3936 6051
3936 7640
3937 3969
3937 4077
3937 4276
3937 4545
3937 4713
3937 4804
3937 5412
3937 5436
3937 5737
3937 5790
3937 6461
3937 6636
3937 6878
3937 7498
3937 7827
3937 7887
3937 8130
3937 8907
3937 9074
3937 9186
3937 9490
3937 9639
3937 9734
3938 8735
3939 6215
3939 6291
3939 8501
3940 8311
3941 6194
3941 6472
3942 4745
3942 4757
3942 6549
3942 6550
3942 9638
3942 9650
3943 6972
3943 7766
3943 9383
3944 7900
3945 5072
3945 8635
3946 4629
3946 7456
3946 7808
3946 7973
3947 5350
3947 6408
3947 9557
3948 4068
3948 5379
3948 6307
3948 8613
3949 6324
3949 7671
3950 8601
3951 6324
3951 8610
3952 4670
3952 7337
3952 8066
3952 8691
3952 8989
3952 9074
3952 9277
3953 4973
3953 5994
3953 6485
3954 6063
3955 6529
3955 6851
3955 9306
3955 9334
3956 6262
3957 8379
3958 4193
3958 9432
3959 9173
3960 4009
3960 5482
3960 8405
3961 5738
3961 9765
3962 5279
3962 5834
3962 6153
3962 8430
3963 5080
3963 6505
3963 8336
3964 4786
3964 5841
3964 6035
3964 6060
3964 6614
3964 6825
3964 6986
3964 7291
3964 8766
3964 8780
3964 8937
3965 4063
3965 4337
3965 4358
3965 4545
3965 4894
3965 4895
3965 5046
3965 5683
3965 6421
3965 6528
3965 6643
3965 6969
3965 6973
3965 7060
3965 7070
3965 7199
3965 7325
3965 8070
3965 8474
3965 8537
3965 8866
3965 8883
3965 8932
3965 9486
3965 9507
3965 9861
3966 4102
3966 4103
3966 4431
3966 6974
3966 8407
3966 9178
3967 5193
3968 4592
3968 5595
3968 6871
3969 4185
3969 4263
3969 4340
3969 4713
3969 4868
3969 4894
3969 5086
3969 5224
3969 5477
3969 5923
3969 6364
3969 7410
3969 8010
3969 8130
3969 8373
3969 8524
3969 8537
3969 8731
3969 8909
3969 9647
3970 7049
3972 4348
3972 5964
3973 6386
3973 7549
3974 4309
3974 6484
3974 7022
3974 9741
3976 4141
3976 4192
3976 4239
3976 5051
3976 5280
3976 5568
3976 5626
3976 5794
3976 6594
3976 6885
3977 5781
3978 4574
3978 4938
3978 5144
3978 5345
3978 6904
3978 7296
3978 7532
3978 7899
3978 8139
3978 8828
3978 9713
3980 4422
3980 5026
3980 5224
3980 7268
3980 8881
3980 9320
3981 5195
3982 5893
3983 6385
3983 7319
3984 5142
3984 8054
3985 8238
3985 8615
3987 4229
3987 5056
3987 6712
3987 8023
3987 9320
3987 9874
3989 5381
3989 7663
3989 8570
3989 8818
3989 9030
3990 8116
3991 4213
3991 4750
3991 5923
3991 5929
3993 4205
3993 4752
3993 5647
3993 9411
3994 4705
3994 7017
3995 6324
3995 7647
3995 8153
3995 9014
3995 9542
3995 9568
3995 9597
3995 9611
3996 9013
3996 9574
3998 4340
3998 5086
3998 5405
3998 5524
3998 5994
3998 6364
3998 6931
3998 7280
3998 8639
3998 9137
3998 9470
3999 5318
3999 6291
4001 6047
4001 8433
4001 9322
4002 4745
4002 4752
4002 4758
4003 4886
4003 5138
4003 6116
4003 6661
4003 8931
4003 9777
4004 4746
4004 4760
4005 4406
4006 5129
4007 5129
4008 4443
4008 5030
4008 5412
4008 5710
4008 9848
4010 4032
4010 4800
4010 4997
4010 5149
4010 5558
4010 5810
4010 5904
4010 6073
4010 6220
4010 7760
4010 8474
4010 9378
4010 9480
4011 5773
4013 4939
4013 4987
4013 5027
4013 5174
4013 8299
4013 8751
4013 9486
4013 9601
4014 6517
4014 7975
4015 8742
4017 5683
4017 9486
4019 5060
4019 5922
4019 6878
4020 6432
4020 9506
4021 4591
4021 6413
4021 6974
4021 7936
4021 8191
4021 8454
4022 6589
4022 6792
4022 7992
4022 9022
4023 4105
4023 4149
4023 4155
4023 4543
4023 5114
4023 5115
4023 5136
4023 6512
4023 7917
4023 7918
4023 8157
4023 8165
4023 8528
4024 4205
4024 5955
4024 6893
4024 7546
4026 4237
4026 5217
4026 5624
4026 5658
4026 7878
4026 8306
4028 4512
4029 4743
4030 4287
4031 5051
4032 4075
4032 4320
4032 4358
4032 4516
4032 5046
4032 5571
4032 5810
4032 6049
4032 7102
4032 8222
4032 8857
4032 9048
4032 9848
4033 5190
4034 7074
4035 9443
4035 9744
4036 5003
4036 6497
4037 4171
4037 5807
4038 6153
4039 8563
4039 9358
4040 4807
4041 4771
4042 5573
4042 7462
4042 7590
4043 5182
4043 5353
4043 7788
4044 5894
4044 6012
4045 4138
4046 7793
4046 9726
4047 5211
4047 6502
4047 7283
4047 9491
4048 7276
4049 4273
4050 9573
4051 5774
4051 6351
4052 7189
4052 8470
4052 9255
4053 5451
4053 6469
4053 6935
4054 6179
4054 7549
4054 8607
4054 8658
4054 9760
4055 5647
4055 6732
4055 9684
4056 6414
4056 6731
4056 8261
4056 9026
4058 8163
4059 7278
4059 7279
4060 4110
4060 4804
4060 5048
4060 6575
4060 7845
4060 9291
4061 4273
4061 6660
4062 7815
4063 4960
4063 5262
4063 5930
4063 6421
4063 8866
4063 8883
4063 8889
4063 9464
4064 7796
4064 8467
4064 8765
4064 9485
4065 8666
4066 4548
4066 4871
4067 7663
4067 8040
4068 5979
4068 6228
4068 6307
4068 6395
4068 7016
4068 7670
4068 8053
4068 8163
4068 8614
4070 4578
4070 6334
4070 7688
4070 8238
4070 9021
4071 4248
4071 5969
4071 6882
4071 8549
4072 6215
4072 8501
4072 9578
4073 7021
4074 4524
4074 6215
4074 8501
4075 7102
4075 7951
4075 8056
4077 4276
4077 4713
4077 4919
4077 5412
4077 5436
4077 5790
4077 6435
4077 6859
4077 9074
4078 6246
4078 7043
4078 9633
4079 8226
4081 5136
4081 7088
4081 8525
4082 8596
4082 9346
4083 7546
4084 6577
4085 4320
4085 5986
4085 6326
4086 4965
4086 5835
4087 4091
4087 4254
4087 4578
4087 5676
4087 5982
4087 6180
4087 6185
4087 6328
4087 7658
4087 8588
4087 8941
4087 8944
4087 9337
4087 9682
4088 7531
4088 8248
4088 9419
4089 5688
4089 9005
4089 9568
4089 9597
4089 9663
4090 9578
4090 9597
4091 5676
4091 6146
4091 6463
4091 7667
4091 8497
4091 8948
4091 9004
4091 9033
4091 9337
4091 9665
4092 7658
4094 5093
4094 6215
4094 6291
4094 7540
4094 8501
4095 4143
4095 4320
4095 4371
4095 4516
4095 6176
4095 6359
4095 9340
4095 9571
4096 4522
4096 9559
4097 4202
4097 6353
4097 8606
4097 8724
4098 8423
4098 9591
4099 7050
4099 9293
4100 7946
4100 8523
4100 8655
4101 8942
4102 4377
4102 8272
4103 6974
4103 8407
4104 4426
4104 4584
4104 5573
4104 6070
4104 8345
4104 8380
4104 8932
4104 9440
4104 9536
4104 9833
4105 5900
4105 6134
4105 7670
4105 8941
4105 9649
4106 6830
4106 9296
4107 5051
4107 7977
4108 9685
4109 4261
4109 4353
4109 4386
4109 5426
4109 5497
4109 5647
4109 6732
4109 9411
4109 9588
4110 4234
4110 4443
4110 5030
4110 5087
4110 5467
4110 5821
4110 6532
4110 6575
4110 7464
4110 7836
4110 7947
4110 8639
4110 9698
4110 9848
4111 5170
4111 9357
4113 6897
4116 7153
4116 7384
4116 9123
4117 4401
4117 7790
4118 4158
4118 4742
4118 5056
4118 6377
4118 6487
4118 7696
4118 8136
4118 8237
4118 8689
4118 9503
4120 4323
4120 4557
4120 4925
4120 5017
4120 5216
4120 6815
4122 5654
4122 7527
4122 7663
4123 4262
4123 5132
4123 5179
4123 5195
4123 6152
4124 6968
4124 7912
4124 9453
4125 6127
4127 4281
4127 5194
4127 6261
4127 7198
4128 5430
4128 9346
4129 6579
4129 7199
4129 7335
4129 9072
4129 9430
4130 8145
4131 8480
4131 8768
4132 4884
4134 4780
4134 5087
4134 5288
4134 5575
4134 7417
4135 4464
4135 5307
4135 8311
4136 4470
4136 4504
4136 4874
4136 5356
4136 5999
4136 6423
4136 7113
4136 7391
4136 9397
4137 5266
4137 7877
4138 4697
4138 4739
4138 4795
4138 5662
4138 6188
4138 6561
4138 7449
4138 9042
4138 9862
4139 5764
4139 5790
4139 7386
4139 7936
4139 8212
4140 5212
4141 5280
4142 8390
4143 4320
4143 4730
4143 5788
4143 5891
4143 8871
4144 8554
4146 7000
4147 4214
4147 4399
4147 6098
4147 6821
4147 7077
4147 7227
4147 7611
4147 7918
4147 8607
4147 9199
4148 4990
4148 6996
4150 6465
4151 4729
4151 5275
4151 5622
4151 5782
4151 6380
4151 6493
4151 7906
4151 9690
4151 9792
4152 4544
4152 4712
4152 5083
4152 5171
4152 5238
4152 5909
4152 6517
4152 6541
4152 7021
4152 7119
4152 7136
4152 7377
4152 7419
4152 7911
4152 8179
4152 8511
4152 8545
4152 8905
4154 4450
4154 4825
4155 4543
4155 5115
4155 6865
4155 7656
4155 7917
4155 8610
4157 6813
4157 9331
4158 4742
4158 5056
4158 6377
4158 6487
4158 7696
4158 8136
4158 8237
4158 8689
4158 9503
4159 4171
4160 4200
4161 5065
4161 5153
4161 7330
4161 7386
4161 9706
4162 9059
4164 4337
4164 4894
4164 8814
4165 4456
4165 7433
4165 7544
4166 5684
4167 5139
4168 6093
4169 4729
4169 4740
4169 5032
4169 5622
4169 5782
4169 5796
4169 6493
4169 8440
4169 8837
4171 5212
4171 5685
4171 6020
4171 7483
4171 7954
4171 7980
4171 8580
4172 8691
4173 8286
4174 6520
4174 6569
4175 6456
4175 7887
4175 8398
4175 8981
4175 9186
4175 9295
4178 4759
4178 5389
4178 6922
4178 7067
4178 7951
4178 8056
4178 8164
4178 8197
4178 8857
4178 8891
4178 9100
4178 9386
4179 4409
4179 6900
4179 9079
4180 9269
4181 6085
4181 7513
4183 4285
4183 5167
4183 9818
4184 5284
4184 9528
4185 4606
4185 5007
4185 5604
4185 5923
4185 6122
4185 6421
4185 6875
4185 7060
4186 5488
4186 8535
4187 5659
4187 6621
4187 6717
4187 7371
4188 4189
4188 5006
4188 6910
4189 5006
4189 6910
4189 7946
4189 9325
4189 9546
4190 4507
4190 4801
4190 5141
4190 6850
4190 7069
4190 7466
4190 7965
4190 9264
4190 9549
4191 4610
4191 5236
4191 5542
4191 5627
4191 6871
4191 8219
4192 4809
4192 5304
4192 5845
4192 6877
4192 8161
4192 8374
4192 9476
4192 9745
4193 5089
4193 8686
4193 9432
4194 4205
4194 4214
4194 4218
4194 4745
4194 4757
4194 6312
4194 6550
4194 6553
4194 7199
4194 7473
4194 7663
4194 8044
4194 9185
4194 9186
4194 9625
4195 9388
4198 7436
4198 7437
4199 4555
4199 7540
4199 8637
4200 8972
4201 6347
4201 7666
4201 9283
4202 5983
4202 6003
4202 6106
4203 4462
4203 4644
4203 5463
4203 5714
4203 8308
4203 8817
4203 8975
4203 9155
4203 9335
4203 9346
4203 9750
4203 9828
4204 4750
4204 4900
4204 8455
4204 9625
4205 4206
4205 4211
4205 4218
4205 4311
4205 4599
4205 4744
4205 4745
4205 4752
4205 5010
4205 5601
4205 5951
4205 5955
4205 6559
4205 7199
4205 7250
4205 8254
4205 9592
4205 9625
4205 9634
4206 4285
4206 4598
4206 4755
4206 7294
4206 8257
4207 4208
4207 4213
4207 4744
4207 4745
4207 9594
4208 4210
4208 4213
4208 4214
4208 4218
4208 4744
4208 4745
4208 4750
4208 4753
4208 4757
4208 5064
4208 5553
4208 5601
4208 5736
4208 5874
4208 5891
4208 6309
4208 6549
4208 6550
4208 6555
4208 8632
4208 9594
4208 9625
4208 9650
4208 9651
4208 9654
4209 4744
4209 9594
4210 4213
4210 4215
4210 4343
4210 4603
4210 4604
4210 4648
4210 4745
4210 4750
4210 4753
4210 4757
4210 4758
4210 5929
4210 6176
4210 6549
4210 6550
4210 7656
4210 8044
4210 8116
4210 8512
4210 9650
4210 9654
4211 4218
4211 4744
4211 6559
4211 8292
4211 9594
4212 6312
4213 4218
4213 4220
4213 4744
4213 4745
4213 4750
4213 5279
4213 5929
4213 6491
4213 6518
4213 6553
4213 7199
4213 8751
4213 9295
4213 9594
4213 9625
4213 9634
4214 4217
4214 4218
4214 4329
4214 4341
4214 4744
4214 4745
4214 4750
4214 4752
4214 4956
4214 5211
4214 5492
4214 6309
4214 6312
4214 6483
4214 6559
4214 7199
4214 7250
4214 7475
4214 7611
4214 7663
4214 7918
4214 8044
4214 8151
4214 8256
4214 8257
4214 9625
4215 4604
4216 5394
4216 6731
4216 6848
4216 8377
4216 9125
4217 4218
4217 4745
4217 4746
4217 4751
4217 6309
4217 6311
4217 6551
4217 6553
4217 6555
4217 6559
4217 8044
4217 9626
4217 9652
4217 9653
4218 4220
4218 4750
4218 4752
4218 4757
4218 5093
4218 5455
4218 5736
4218 6248
4218 6312
4218 6551
4218 6555
4218 6559
4218 7199
4218 7250
4218 7404
4218 7473
4218 7534
4218 7663
4218 8044
4218 8149
4218 8508
4218 8946
4218 9584
4218 9653
4219 4687
4219 4893
4219 6766
4219 7304
4220 4752
4220 4758
4220 8512
4222 4315
4222 8955
4223 5664
4223 6196
4223 6282
4223 8376
4223 8956
4223 9080
4223 9267
4223 9856
4224 4254
4224 8646
4224 9289
4226 4874
4226 4947
4226 7803
4226 8299
4226 9388
4226 9601
4227 9414
4228 7916
4229 7141
4229 9320
4230 7258
4230 8066
4232 5023
4232 5734
4232 5893
4232 8331
4232 9247
4232 9412
4233 4553
4233 4913
4233 5352
4233 5973
4233 6335
4233 7914
4233 7927
4233 8599
4233 8970
4233 9305
4233 9568
4234 4438
4234 5027
4234 5046
4234 6269
4234 6743
4234 6744
4234 6830
4234 7280
4234 8245
4234 8691
4234 8742
4234 8838
4234 9104
4235 8981
4235 9481
4236 7471
4237 4909
4237 5624
4237 7685
4237 8578
4239 4525
4239 4808
4239 6291
4239 6553
4239 7150
4239 7613
4239 8853
4239 9110
4239 9132
4239 9762
4241 8073
4242 6317
4242 7658
4244 7614
4244 7799
4245 6003
4245 6106
4245 9274
4247 4647
4247 6774
4247 6950
4247 8282
4247 8567
4248 5969
4248 6882
4248 8549
4249 5315
4249 5978
4249 6447
4249 7668
4250 5127
4250 8199
4250 8733
4252 6321
4252 6322
4252 8724
4252 9597
4252 9808
4253 7605
4254 4574
4254 6180
4254 6185
4254 8028
4254 8588
4254 8612
4254 8941
4255 6185
4255 9010
4256 8405
4256 9126
4256 9128
4258 6673
4258 7801
4258 8180
4258 9455
4259 5208
4260 4771
4260 5925
4261 4798
4261 5426
4261 5497
4262 4835
4262 6373
4262 7950
4262 9342
4263 4545
4263 4713
4263 5436
4263 5471
4263 7105
4263 8010
4263 8776
4264 6720
4264 6774
4264 9131
4264 9824
4265 4340
4265 4466
4265 5025
4265 5149
4265 5356
4265 5396
4265 5862
4265 6070
4265 6452
4265 6595
4265 6643
4265 6891
4265 7033
4265 7070
4265 7105
4265 7308
4265 7761
4265 7987
4265 8212
4265 8454
4265 8537
4265 8692
4265 8783
4265 8932
4265 9410
4265 9490
4265 9627
4265 9737
4266 4780
4266 7479
4267 4539
4267 6527
4268 4559
4268 6344
4268 8303
4268 8694
4268 9477
4268 9829
4269 8104
4269 8729
4269 9100
4269 9486
4270 5405
4270 6068
4270 7452
4270 8874
4271 9171
4272 4987
4272 7022
4272 7034
4273 4641
4273 4683
4273 5541
4273 6093
4273 6105
4273 6209
4273 6660
4273 7821
4273 7950
4273 8496
4273 8782
4273 8922
4274 5473
4275 6526
4276 4414
4276 4804
4276 4856
4276 5027
4276 5046
4276 5412
4276 6461
4276 7284
4276 7753
4276 8751
4276 9074
4276 9331
4276 9601
4276 9615
4276 9733
4277 5314
4277 5575
4277 6665
4277 6736
4277 7489
4277 8171
4277 8633
4277 9722
4279 9509
4280 9489
4281 5194
4281 5456
4281 7198
4281 8754
4281 8757
4282 4365
4282 6563
4282 6902
4282 6951
4282 7942
4282 8320
4282 8467
4282 8932
4283 5032
4284 4810
4284 7253
4285 8826
4285 9818
4286 6167
4286 6168
4286 8624
4286 9049
4288 4483
4288 9808
4290 4760
4290 5409
4290 6185
4290 6361
4290 7459
4290 9391
4291 6864
4291 8890
4291 9834
4292 8467
4293 4759
4294 5234
4295 7533
4295 8547
4297 5815
4297 6631
4298 5305
4298 7729
4298 8058
4298 8547
4299 7784
4300 9098
4300 9191
4300 9192
4301 6592
4301 6593
4301 7053
4302 6363
4303 6742
4304 6112
4304 7202
4305 8174
4306 4620
4306 6422
4308 7984
4309 5195
4309 6484
4309 7022
4309 7298
4309 8107
4309 8279
4309 9741
4310 6665
4310 8546
4311 4744
4311 4745
4311 5601
4312 6771
4312 6892
4312 8949
4312 9676
4313 5171
4313 8501
4314 4346
4314 9744
4315 8659
4315 8955
4316 9011
4317 4637
4318 5284
4318 8477
4319 4455
4319 8248
4320 4371
4320 4516
4320 4880
4320 5710
4320 5974
4320 6207
4320 6326
4320 7663
4320 8034
4320 8037
4320 8722
4320 9011
4320 9340
4320 9541
4320 9848
4321 8776
4322 7621
4323 4557
4326 5576
4326 6256
4326 6310
4326 6615
4326 7308
4326 8677
4328 8389
4329 4341
4330 7938
4330 8516
4331 9621
4332 6781
4333 5344
4333 8340
4333 8883
4333 9711
4334 6134
4334 7587
4335 7944
4336 6532
4336 6539
4337 4894
4337 5869
4337 6868
4337 6969
4337 8374
4337 8814
4337 8932
4338 5093
4339 4553
4339 6335
4339 8599
4340 4417
4340 4451
4340 4752
4340 4837
4340 4971
4340 5050
4340 5405
4340 5705
4340 5782
4340 5824
4340 5833
4340 6126
4340 6364
4340 6534
4340 6817
4340 6891
4340 6892
4340 6931
4340 7036
4340 7173
4340 7389
4340 7616
4340 7835
4340 7905
4340 8023
4340 8279
4340 8569
4340 8653
4340 8700
4340 8957
4340 8998
4340 9079
4340 9388
4340 9419
4340 9802
4341 4956
4341 7182
4341 8151
4341 8409
4341 8784
4341 8879
4341 9171
4341 9274
4341 9319
4341 9802
4342 7182
4342 8784
4343 4597
4343 4747
4343 4751
4343 7656
4344 4745
4344 4751
4344 6549
4344 8149
4346 5775
4346 8053
4346 9529
4346 9744
4347 5317
4347 8597
4348 5142
4348 5964
4349 8611
4350 5628
4350 6394
4350 8113
4351 6322
4352 7534
4352 7535
4352 8655
4353 4386
4353 4406
4353 5581
4353 5647
4353 7016
4353 8199
4353 9583
4354 4385
4354 7528
4354 8589
4354 9009
4356 7131
4357 8662
4358 4501
4358 7060
4358 7070
4358 8537
4359 6197
4359 6504
4359 6953
4361 7258
4361 8155
4361 8356
4361 8814
4362 5224
4362 5293
4362 5904
4362 8731
4365 6902
4366 4731
4366 5280
4366 5573
4366 9150
4367 4784
4367 5024
4367 7021
4368 4369
4368 8826
4369 8826
4370 6882
4370 9194
4372 8617
4375 5251
4375 5899
4375 5965
4375 8049
4375 8595
4375 8644
4375 9658
4377 4431
4379 6866
4380 7840
4380 8977
4381 7135
4382 4740
4382 4806
4382 5025
4382 5915
4382 7561
4383 4546
4383 5102
4383 5108
4383 5904
4383 6803
4383 8332
4383 8546
4383 8618
4383 8722
4384 5956
4385 5143
4385 5959
4385 7528
4385 8589
4385 9009
4386 5647
4386 6286
4386 6732
4386 6990
4386 8053
4386 9411
4386 9783
4387 5967
4387 8057
4387 8845
4388 5933
4389 4654
4391 9129
4391 9704
4392 9463
4393 5187
4393 7840
4393 8258
4393 9235
4393 9689
4393 9843
4394 7527
4394 7530
4394 9658
4395 7561
4396 4592
4396 5878
4396 7812
4396 8202
4397 8415
4397 9709
4398 5168
4398 7080
4398 7328
4399 6098
4399 6585
4399 7611
4399 9199
4400 6576
4400 9264
4401 5535
4401 5847
4401 5880
4401 7175
4401 7790
4402 4430
4402 4485
4402 5170
4403 4822
4403 6033
4403 8169
4403 8643
4403 9086
4404 5193
4404 5920
4405 7527
4406 4696
4406 6190
4406 6398
4406 6975
4406 7305
4406 7705
4406 8058
4406 8199
4406 9016
4407 4663
4407 5426
4407 5618
4407 7305
4407 7793
4407 7825
4408 9075
4410 6502
4412 4478
4412 6847
4412 7747
4412 8218
4412 8682
4413 5204
4413 6134
4413 7587
4413 7588
4414 5046
4414 5571
4414 6449
4414 7766
4416 4443
4416 6139
4416 6938
4418 4574
4418 7666
4418 8583
4419 5466
4419 7474
4420 5032
4420 5326
4420 6901
4420 8241
4423 7094
4423 8419
4424 4660
4424 4767
4424 5538
4424 6712
4424 6794
4424 6933
4424 7463
4425 4660
4425 5193
4425 6160
4425 6337
4425 8919
4426 4485
4426 4584
4426 5606
4426 6070
4426 8380
4426 9104
4426 9440
4426 9536
4426 9690
4428 4569
4429 6319
4430 5170
4431 4909
4434 8031
4435 4857
4435 5874
4435 6550
4435 6988
4435 8087
4435 9325
4435 9783
4436 5915
4438 4543
4438 4953
4438 5027
4438 5046
4438 5248
4438 6269
4438 6622
4438 6623
4438 6743
4438 6744
4438 6830
4438 7237
4438 7280
4438 9868
4439 5975
4439 8961
4440 5918
4442 4625
4443 5030
4443 5405
4443 5412
4443 5705
4443 6139
4443 7685
4443 7686
4443 8784
4444 8844
4445 7393
4445 8369
4446 6696
4446 7794
4446 8844
4447 7001
4447 8055
4448 6431
4448 8073
4448 8832
4450 4825
4451 4581
4451 4674
4451 7380
4451 7571
4451 7835
4451 8023
4451 8212
4451 8556
4451 8700
4452 5477
4452 6242
4453 7177
4454 4510
4455 8248
4456 7433
4457 9262
4459 7149
4459 7826
4460 9059
4460 9292
4461 4651
4461 5299
4461 6961
4461 7770
4461 9531
4462 4644
4462 5463
4462 5714
4462 8308
4462 8817
4462 8975
4462 9155
4462 9335
4462 9346
4462 9750
4462 9828
4463 4993
4463 9427
4464 9174
4465 6361
4465 6933
4467 6805
4467 7004
4467 7414
4468 9204
4469 6125
4469 6920
4469 7844
4469 8101
4469 8431
4469 9372
4469 9531
4470 4686
4470 4713
4470 5297
4470 7070
4470 8010
4470 8025
4470 8104
4470 8454
4470 8907
4470 9449
4471 7880
4473 4921
4473 8909
4474 5249
4475 6134
4475 6857
4475 8380
4476 8577
4477 4478
4478 5569
4478 7747
4478 8218
4478 8682
4479 8576
4479 9151
4480 4638
4480 4811
4480 5337
4480 5431
4480 5446
4480 5768
4480 7027
4480 7377
4480 7592
4480 7903
4480 8185
4480 9355
4481 7152
4481 7560
4482 5031
4482 8578
4483 5175
4483 6166
4483 7241
4483 7513
4483 7732
4483 7753
4483 7845
4483 8183
4483 9808
4484 8731
4485 4907
4485 5275
4485 5606
4485 5622
4485 5782
4485 6768
4485 8627
4485 9105
4485 9265
4485 9440
4485 9690
4486 4835
4486 9482
4487 7073
4488 9815
4489 7068
4490 4954
4490 5139
4490 6147
4490 6361
4490 9337
4491 4990
4492 5830
4492 6460
4493 4739
4493 5152
4493 6589
4493 6792
4493 6919
4493 8311
4493 8764
4493 8861
4493 9862
4494 8148
4495 4689
4495 4741
4495 7194
4495 8763
4496 5038
4496 5487
4496 5767
4496 7433
4496 7738
4497 4757
4497 5577
4498 9444
4499 4783
4499 5828
4502 6774
4502 9134
4503 7725
4503 7865
4504 6460
4504 8430
4504 8522
4505 7107
4505 7844
4505 8284
4507 5141
4507 6850
4507 7466
4507 9264
4507 9549
4508 6714
4509 6991
4510 6733
4510 8579
4510 8784
4511 5441
4511 7940
4511 9740
4513 9529
4514 8005
4515 5775
4515 6286
4515 6308
4515 8053
4516 5093
4516 5710
4516 5901
4516 6255
4516 8034
4516 8583
4516 8722
4516 8884
4516 9848
4517 5143
4517 5959
4517 7528
4518 6305
4518 7528
4518 9611
4519 5567
4520 5924
4520 6559
4521 8722
4522 9559
4523 7120
4523 8611
4523 9305
4523 9645
4523 9660
4523 9808
4524 6215
4524 8501
4525 4695
4525 5758
4525 5789
4525 6111
4525 6933
4525 8229
4525 8797
4525 9259
4526 7499
4527 7861
4527 8514
4528 5758
4528 6410
4529 8648
4530 4785
4530 6808
4530 9709
4531 9367
4533 5850
4534 6314
4534 8606
4534 9867
4536 5539
4536 6863
4536 7834
4536 8252
4537 8429
4539 6527
4539 6584
4540 9815
4541 6552
4541 7298
4541 7337
4542 5204
4542 7128
4542 7303
4542 7656
4542 7847
4542 8189
4542 8933
4543 5046
4543 5114
4543 5632
4543 5861
4543 5866
4543 6048
4543 6516
4543 7136
4543 7917
4543 9074
4544 6517
4545 6969
4545 7070
4545 8130
4545 8883
4546 5859
4546 5904
4546 6844
4546 7562
4546 8914
4546 9149
4547 9571
4547 9661
4548 4871
4548 6957
4548 7841
4548 8467
4548 8794
4548 9132
4548 9825
4549 8337
4550 6032
4551 5641
4551 7055
4551 8453
4551 8923
4552 5857
4553 5633
4553 5970
4553 5973
4553 6324
4553 6335
4553 7533
4553 8547
4553 8599
4553 8940
4553 9006
4553 9568
4553 9809
4554 5373
4554 8648
4555 5979
4555 6322
4555 7532
4555 8829
4556 8874
4557 4986
4557 5303
4557 5465
4557 5814
4557 6749
4557 8000
4557 8467
4558 9251
4559 8303
4559 8694
4559 8703
4559 9477
4560 7543
4560 9142
4562 9521
4566 8230
4567 7521
4567 9578
4571 5544
4571 5706
4571 6548
4571 7264
4574 6215
4574 6307
4574 8028
4574 8501
4574 8583
4575 8622
4576 8614
4577 5771
4577 5784
4577 7548
4578 6341
4578 7199
4578 8506
4578 9649
4580 9377
4581 7380
4582 4590
4582 4752
4582 7885
4582 7973
4582 8804
4582 8814
4582 9211
4582 9375
4583 9160
4584 4686
4584 4770
4584 5248
4584 5297
4584 5737
4584 6378
4584 6650
4584 7036
4584 7513
4584 7646
4584 7848
4584 7887
4584 8925
4585 5778
4587 6403
4588 5051
4588 5420
4588 6456
4588 6745
4588 7882
4588 7977
4588 8099
4588 8260
4588 8750
4588 8751
4588 8932
4588 9607
4590 7973
4590 8804
4590 8814
4591 6413
4591 8815
4591 9250
4592 4839
4592 5595
4592 6165
4592 7055
4592 7559
4592 8189
4592 8933
4592 9102
4595 6308
4595 8158
4595 9354
4596 4897
4596 6246
4597 4747
4597 4751
4597 5278
4597 7966
4597 9104
4599 4745
4599 5601
4601 6465
4603 4750
4603 7953
4605 6713
4607 7711
4607 7720
4608 6112
4609 4933
4609 4999
4609 5248
4609 6694
4609 7089
4609 9074
4611 9742
4614 7986
4615 5756
4616 4764
4617 7750
4617 9353
4618 5253
4618 8376
4619 7672
4620 5262
4620 6422
4620 6631
4620 9863
4621 5923
4622 5687
4623 7997
4623 8880
4624 9863
4626 8179
4626 9310
4627 8802
4628 7905
4629 7456
4629 7808
4629 7973
4630 5172
4630 5862
4630 9285
4631 5913
4631 6649
4631 6886
4631 7630
4632 5868
4632 7884
4632 8361
4633 7911
4634 4708
4634 5030
4634 5395
4634 6150
4634 6176
4634 6456
4634 6628
4634 6873
4634 6874
4634 6921
4634 8776
4635 5038
4635 6143
4636 4923
4637 7420
4638 4811
4638 5337
4638 5431
4638 5446
4638 5768
4638 7027
4638 7377
4638 7592
4638 7903
4638 8185
4638 9355
4639 5132
4639 6119
4640 6528
4640 7492
4640 8857
4640 8883
4640 9407
4641 6093
4641 6536
4641 7701
4641 9241
4642 7640
4643 9092
4643 9400
4644 5463
4644 5714
4644 8308
4644 8817
4644 8975
4644 9155
4644 9335
4644 9346
4644 9750
4644 9828
4645 6261
4646 8071
4646 8681
4647 6950
4649 7130
4649 9710
4650 4704
4651 4931
4651 5087
4651 5259
4651 5338
4651 7414
4651 8333
4651 8569
4651 8714
4651 9205
4651 9209
4651 9299
4652 5457
4653 9603
4656 5364
4657 5932
4657 6161
4657 7149
4657 8690
4658 9439
4658 9517
4659 4668
4659 4804
4659 4972
4659 4997
4659 6801
4659 6843
4659 7107
4659 7844
4659 7944
4659 8309
4659 8990
4660 6337
4660 6794
4660 7463
4662 6108
4662 6444
4662 8353
4662 8413
4663 7793
4664 7441
4665 6684
4665 7885
4665 8454
4665 9318
4666 5308
4666 5323
4666 5401
4666 5481
4666 5733
4666 6104
4666 6581
4666 6785
4666 6870
4666 6983
4666 7109
4666 7360
4666 7448
4666 7697
4666 7948
4667 7812
4668 6811
4668 7331
4668 7844
4668 8309
4669 7015
4669 7171
4669 7211
4669 7716
4669 7769
4669 8708
4672 4838
4672 7525
4673 5072
4673 5093
4673 5818
4673 7313
4673 7654
4673 8307
4673 9310
4674 5561
4674 6153
4674 7114
4674 7472
4674 7571
4674 7905
4674 8569
4675 7304
4676 7397
4678 7525
4679 6146
4679 7476
4680 5352
4680 9223
4681 7178
4683 5672
4683 6105
4683 7821
4683 8469
4684 6070
4684 6322
4684 6791
4685 4958
4685 4990
4685 5091
4685 6135
4685 7599
4685 9149
4685 9172
4686 4770
4686 5297
4686 7702
4686 8104
4686 8907
4686 9449
4687 4893
4687 6766
4687 7304
4688 5279
4688 6148
4688 6177
4688 8523
4689 4741
4689 7194
4689 8763
4690 4794
4691 5647
4691 6990
4693 7428
4694 7110
4694 7445
4694 8927
4695 5048
4695 5216
4695 5282
4695 5758
4695 5789
4695 6424
4695 6587
4695 8670
4695 8671
4695 9210
4698 8329
4698 8428
4699 9757
4700 9424
4702 7196
4702 9414
4705 7017
4706 5449
4706 7418
4706 8387
4706 8659
4707 6461
4707 8299
4708 6176
4709 5131
4709 8459
4709 9258
4710 5006
4710 6910
4710 8402
4710 8888
4711 5163
4711 5801
4711 5881
4711 6085
4711 6100
4711 6291
4711 6370
4711 7190
4712 5238
4712 5909
4712 7911
4712 8545
4713 5297
4713 5436
4713 6070
4713 7358
4713 8010
4713 8130
4713 8907
4713 9074
4714 5447
4716 7631
4716 8363
4717 7285
4718 7708
4718 7953
4719 6859
4719 7129
4719 7337
4719 9095
4719 9634
4720 9059
4721 9142
4722 7815
4725 5031
4726 7191
4726 7197
4727 7274
4729 5622
4729 5782
4729 6493
4729 7906
4730 5788
4731 5573
4732 5000
4732 5083
4732 5195
4732 5445
4732 5601
4732 6517
4732 7137
4734 4959
4734 5145
4734 5262
4734 5923
4734 6483
4734 9475
4736 5295
4736 6588
4736 8267
4737 5816
4738 5228
4738 6260
4738 6597
4738 8316
4738 8858
4739 5998
4739 6151
4739 6561
4739 6916
4739 7591
4739 8107
4739 8311
4739 8342
4739 9862
4740 4806
4740 5025
4740 5034
4740 5770
4740 5915
4740 6081
4740 6493
4740 7490
4740 7561
4740 8191
4740 8216
4740 9074
4740 9331
4741 6335
4741 7194
4741 8763
4741 9395
4742 5056
4742 6377
4742 6487
4742 7696
4742 8136
4742 8237
4742 8689
4742 9503
4744 4745
4744 4750
4744 4752
4744 5601
4744 5735
4744 5988
4744 6322
4744 6549
4744 6559
4744 7250
4744 7658
4744 9594
4745 4746
4745 4750
4745 4751
4745 4752
4745 4757
4745 4758
4745 4888
4745 5601
4745 6062
4745 6549
4745 6550
4745 6557
4745 7073
4745 7475
4745 8149
4745 9592
4745 9594
4745 9634
4745 9638
4745 9650
4746 4813
4746 5270
4746 5435
4746 5532
4746 6118
4746 6311
4746 7409
4746 7579
4746 8079
4746 8123
4746 8155
4746 9149
4746 9323
4746 9467
4746 9671
4747 4751
4748 4923
4748 5428
4748 8745
4748 9774
4749 4758
4749 9625
4750 4751
4750 5054
4750 5929
4750 5963
4750 6322
4750 6488
4750 6550
4750 6559
4750 7211
4750 8045
4750 9014
4750 9594
4750 9625
4750 9814
4751 4757
4751 5294
4751 5498
4751 5601
4751 5891
4751 6280
4751 6549
4751 6559
4751 6588
4751 8149
4751 9054
4751 9625
4752 4758
4752 4940
4752 5005
4752 5224
4752 5955
4752 5988
4752 6266
4752 6553
4752 6557
4752 6950
4752 6990
4752 7908
4752 8044
4752 8693
4752 8857
4752 9375
4752 9395
4752 9594
4752 9634
4752 9635
4754 8959
4755 6395
4755 6553
4755 8660
4756 5598
4757 5093
4757 5601
4757 5613
4757 5839
4757 6549
4757 6550
4757 6553
4757 6643
4757 7105
4757 7199
4757 7534
4757 7663
4757 7887
4757 8149
4757 8692
4757 8783
4757 9638
4757 9650
4757 9651
4757 9829
4758 5601
4758 6312
4758 6558
4758 7905
4758 9238
4758 9599
4758 9625
4759 5389
4759 9814
4763 5215
4763 7812
4766 5893
4768 5285
4768 7225
4768 8366
4768 9457
4769 5608
4770 5079
4770 6878
4770 7102
4770 7126
4770 7422
4770 7702
4770 7842
4770 7887
4770 8187
4770 8454
4770 9490
4771 5925
4771 6893
4771 9123
4771 9203
4773 7274
4774 4881
4774 5741
4775 6646
4775 7991
4776 7107
4776 7844
4776 9764
4777 5101
4777 7260
4778 4903
4778 5102
4778 6208
4778 6460
4778 6789
4778 6927
4778 7180
4778 7635
4778 7651
4778 7652
4778 8309
4778 8661
4778 9167
4778 9208
4778 9216
4779 5015
4779 5288
4779 6364
4779 9067
4780 7479
4780 8513
4780 9718
4782 8353
4782 9452
4783 5828
4786 5711
4786 6064
4786 6402
4786 8023
4786 8766
4786 9619
4787 7802
4788 4789
4788 6500
4788 8267
4788 8705
4789 6500
4789 6970
4789 8267
4789 8273
4789 8705
4790 7311
4790 7402
4790 9140
4791 5285
4791 5288
4791 7455
4795 5528
4795 7449
4796 6059
4796 6458
4796 9752
4797 4953
4797 5405
4797 5994
4797 6893
4797 7280
4797 8884
4797 8995
4799 5507
4799 7485
4800 7760
4802 9461
4803 8208
4804 4987
4804 5047
4804 5048
4804 5412
4804 5604
4804 6081
4804 7845
4804 7944
4804 8220
4804 8428
4804 8751
4804 9074
4804 9291
4804 9331
4804 9601
4805 4867
4805 5104
4805 5264
4805 6718
4805 7465
4805 7864
4805 8310
4805 8464
4805 9146
4805 9753
4806 5025
4806 5034
4806 6594
4806 7490
4806 7561
4806 7926
4806 8142
4806 8191
4806 9853
4808 6291
4808 7359
4808 8031
4808 8997
4808 9762
4809 6599
4809 6659
4809 6877
4809 6983
4809 8307
4809 8374
4810 6439
4810 7253
4811 5337
4811 5431
4811 5446
4811 5768
4811 7027
4811 7377
4811 7592
4811 7903
4811 8185
4811 9355
4813 6118
4814 7963
4815 9074
4815 9615
4815 9733
4816 5359
4816 5797
4816 5876
4816 8771
4816 9371
4816 9439
4817 5307
4818 6181
4818 7887
4819 9838
4820 5449
4820 8955
4821 5014
4821 7148
4822 6033
4822 8169
4822 8643
4822 9086
4824 6380
4824 8816
4824 9846
4826 8640
4828 6687
4832 4935
4833 9254
4834 8524
4835 5262
4835 5823
4835 6996
4835 8765
4835 9482
4837 8279
4837 8957
4837 8981
4838 6791
4838 7525
4838 8140
4840 7144
4840 7161
4840 8311
4840 9688
4842 7428
4843 8295
4845 5330
4845 6578
4846 8295
4846 8296
4846 9317
4846 9524
4846 9798
4847 5996
4847 8380
4847 9490
4848 9547
4849 4885
4849 4888
4849 5297
4849 5607
4849 7512
4849 8640
4849 9529
4849 9649
4849 9782
4850 9783
4850 9814
4851 4860
4851 4973
4851 5056
4851 5237
4851 5994
4851 9363
4852 7008
4852 8519
4852 9324
4853 9600
4853 9804
4853 9810
4854 5071
4854 9323
4854 9524
4854 9594
4854 9642
4854 9772
4855 4927
4855 7817
4855 7820
4855 9796
4856 4919
4856 4923
4856 6303
4856 7284
4856 8821
4856 9615
4856 9856
4857 5217
4857 5553
4857 5836
4857 5839
4857 5874
4857 6550
4857 6988
4857 8087
4857 8694
4857 9325
4857 9783
4857 9784
4857 9808
4857 9829
4858 8711
4859 4884
4859 6888
4859 8462
4859 9545
4861 4920
4861 5406
4861 9525
4861 9800
4863 7430
4865 5388
4865 6885
4865 7853
4865 8291
4865 9237
4867 5264
4867 5917
4867 6754
4867 6757
4867 9146
4868 4869
4868 5064
4868 5151
4868 8423
4868 9055
4868 9310
4869 5115
4869 5362
4869 6178
4869 6215
4869 6291
4869 8683
4869 9051
4869 9310
4870 4982
4870 8106
4870 8277
4870 8774
4871 9132
4873 7442
4873 9184
4874 4997
4874 5356
4874 6423
4874 6701
4874 8299
4875 9297
4875 9350
4876 5612
4876 6817
4876 9788
4877 4951
4877 6446
4877 7484
4878 6715
4878 8181
4881 5741
4882 5006
4882 6456
4882 6553
4882 6910
4882 7169
4883 5120
4884 6029
4884 6030
4884 6849
4884 8462
4884 9312
4885 8302
4885 9529
4885 9594
4886 6116
4886 8931
4887 6116
4887 6588
4887 7284
4888 9782
4889 9327
4891 6517
4892 9057
4892 9179
4893 6766
4893 7304
4894 4895
4894 5545
4894 5856
4894 6421
4894 6643
4894 6969
4894 6973
4894 7258
4894 7654
4894 8070
4894 8374
4894 8537
4894 8648
4894 8814
4894 8932
4894 9310
4894 9647
4895 5545
4895 8537
4896 6712
4896 7800
4897 6246
4897 8537
4899 6316
4899 9471
4900 6222
4900 7298
4900 7576
4900 8522
4900 8552
4900 8752
4900 9041
4900 9450
4900 9691
4900 9793
4902 5070
4902 8226
4903 6100
4903 7020
4903 7652
4903 8309
4903 9208
4904 7501
4905 7082
4905 7742
4905 8478
4906 4961
4906 8937
4906 9047
4906 9783
4907 7119
4907 9440
4907 9690
4908 6717
4909 8578
4909 9070
4909 9149
4910 6721
4912 5272
4912 5720
4916 5216
4916 6629
4916 8742
4917 5623
4917 6980
4918 6161
4919 4923
4919 5551
4919 9323
4919 9524
4919 9615
4919 9674
4920 5406
4920 9525
4920 9800
4921 5558
4921 5737
4921 6667
4921 8373
4921 8932
4921 9072
4921 9778
4921 9867
4922 5006
4922 5007
4922 5038
4922 5300
4922 5604
4922 6910
4922 6925
4922 7060
4922 7179
4922 7489
4922 7662
4922 8402
4922 8888
4922 9314
4922 9396
4922 9797
4923 5428
4923 8745
4923 9615
4923 9774
4924 5038
4925 5017
4925 5169
4925 5216
4925 9542
4926 9153
4927 7817
4927 8519
4927 8792
4927 9796
4928 8863
4929 6407
4930 9211
4931 5179
4931 5259
4931 5405
4931 5568
4931 6659
4931 8333
4931 8569
4931 8714
4931 9120
4931 9239
4931 9715
4932 5505
4932 5760
4932 6417
4932 6423
4933 7089
4933 7420
4933 7624
4935 7193
4935 9113
4935 9698
4937 5891
4939 4987
4940 6950
4941 9048
4942 7578
4944 5754
4944 8468
4945 9809
4945 9853
4946 5507
4946 7150
4946 7340
4946 7613
4946 9085
4947 6461
4947 7803
4947 8299
4947 9601
4948 5754
4948 8468
4949 5531
4951 6446
4951 7484
4952 6114
4953 5994
4953 6623
4954 5823
4954 6147
4954 7346
4954 8684
4954 9189
4955 5418
4955 5724
4955 7276
4955 7464
4956 5257
4956 6997
4956 9415
4959 5145
4960 8883
4960 8889
4962 8077
4963 8239
4964 5346
4965 5835
4965 7164
4965 7288
4965 9176
4965 9442
4967 7944
4967 8914
4967 8915
4968 8795
4968 8896
4969 5193
4970 8795
4970 8896
4971 5758
4971 7343
4971 7345
4971 7721
4971 8569
4972 4997
4972 6415
4972 8111
4972 8990
4973 5050
4973 5405
4973 5994
4973 6485
4973 7443
4973 7972
4973 8410
4973 9677
4973 9823
4974 8064
4976 7444
4976 9403
4977 5755
4977 6525
4977 8551
4978 6149
4979 6438
4981 5187
4981 5737
4981 6070
4981 6896
4981 7987
4981 8023
4981 9079
4982 8106
4982 8277
4983 6071
4983 7987
4984 9527
4987 5027
4987 5268
4987 5562
4987 5761
4987 6181
4987 8157
4987 8299
4987 8751
4987 8776
4987 9486
4987 9601
4988 5140
4988 5262
4988 6560
4988 6652
4988 7391
4988 7414
4988 7754
4988 8139
4988 8312
4988 9428
4988 9463
4988 9474
4989 7311
4989 8325
4989 9140
4990 5418
4990 5845
4990 6291
4990 6959
4990 6996
4990 7359
4990 7599
4990 7888
4990 8604
4991 8351
4992 7522
4993 7489
4993 8776
4993 8819
4994 6244
4995 6483
4996 5203
4996 9744
4997 5149
4997 5923
4997 6378
4997 6643
4997 6878
4997 7091
4997 7842
4997 8474
4997 8537
4997 8783
4997 8909
4997 9017
4997 9041
4997 9074
4998 6421
4998 9146
4999 5248
4999 5933
4999 7210
4999 7775
5000 5601
5000 5758
5000 6451
5000 7269
5000 7721
5001 6421
5001 7702
5002 8282
5002 8567
5002 8756
5002 8758
5003 6497
5005 7908
5006 5007
5006 5115
5006 5300
5006 5861
5006 6177
5006 6456
5006 6910
5006 7059
5006 7060
5006 7500
5006 7662
5006 7797
5006 7946
5006 8402
5006 8764
5006 8883
5006 8888
5006 9143
5006 9325
5006 9407
5006 9546
5006 9789
5007 5300
5007 5604
5007 6322
5007 6910
5007 7311
5007 7420
5007 7662
5007 8157
5007 8888
5007 9529
5008 9480
5010 5951
5010 9522
5010 9625
5011 9262
5012 6017
5012 6153
5012 8868
5013 6077
5013 6936
5014 7148
5015 5288
5015 8348
5015 9067
5016 6167
5017 5216
5017 6811
5017 8309
5017 9848
5018 5799
5018 7777
5018 7778
5019 5727
5019 6481
5019 8715
5020 9215
5021 7452
5022 6858
5023 5734
5023 5893
5023 8331
5023 9412
5024 6279
5024 7021
5025 5149
5025 5915
5025 7146
5025 7561
5025 7792
5026 7067
5026 8909
5026 9320
5026 9375
5027 5683
5027 6456
5027 7389
5027 8751
5027 9486
5028 5758
5028 7721
5030 5412
5030 6150
5030 6456
5030 6862
5030 6921
5030 8188
5030 8402
5030 9295
5030 9571
5031 8578
5032 5326
5032 5796
5032 6232
5032 6243
5032 6901
5032 6945
5032 7348
5032 7440
5032 8241
5032 8316
5032 8427
5032 8837
5032 9709
5033 8414
5033 9563
5034 6990
5034 7561
5034 7987
5034 9712
5035 5218
5035 6818
5035 8699
5035 9094
5036 5356
5036 6614
5036 6825
5036 8906
5036 8946
5037 7817
5037 9641
5037 9796
5038 5487
5038 5767
5038 7433
5038 8295
5038 9323
5038 9524
5038 9797
5039 7968
5039 8167
5039 9814
5040 9053
5041 7191
5041 8410
5043 5346
5043 6239
5043 6619
5043 6805
5043 9093
5044 8283
5044 9492
5045 6297
5046 5114
5046 5571
5046 5683
5046 6134
5046 6449
5046 6456
5046 7199
5046 7489
5046 8222
5046 9486
5046 9848
5047 7845
5048 7022
5048 7845
5048 9291
5049 5224
5049 5904
5049 6906
5049 7126
5049 7760
5049 8524
5049 8731
5049 9423
5051 5261
5051 6714
5051 7882
5051 7977
5051 7999
5051 8993
5053 9132
5055 7928
5056 5237
5056 5923
5056 6377
5056 6487
5056 6922
5056 7065
5056 7102
5056 7696
5056 8136
5056 8237
5056 8689
5056 8907
5056 9318
5056 9503
5056 9779
5057 8989
5058 7753
5058 9484
5059 5127
5060 5922
5060 6878
5064 5151
5064 5904
5064 6972
5064 7069
5064 7258
5064 7400
5064 8423
5064 8909
5064 9310
5065 7330
5065 8495
5066 7764
5067 6633
5067 6774
5067 7111
5067 7856
5068 7645
5069 6296
5071 7859
5071 8857
5071 9597
5072 6530
5072 7206
5072 7517
5072 7524
5072 7654
5072 8635
5072 9310
5073 5352
5073 6081
5073 7926
5073 9303
5073 9331
5074 5087
5074 8396
5075 5819
5075 6645
5077 6103
5078 5362
5078 5569
5078 5849
5078 6274
5078 7023
5080 6505
5080 7785
5080 8336
5080 9554
5081 6793
5082 5432
5082 5819
5082 8078
5082 9346
5083 6517
5083 6541
5083 7137
5083 7545
5083 9073
5084 5145
5084 5710
5084 6790
5084 7022
5084 8408
5085 6451
5086 6364
5086 9163
5087 5336
5087 5821
5087 7503
5087 7795
5087 7831
5087 8177
5087 8396
5087 9403
5087 9848
5089 8686
5090 5618
5090 6732
5090 7056
5090 7540
5091 9172
5093 5142
5093 5655
5093 5869
5093 6010
5093 7534
5093 7540
5093 7547
5093 7654
5093 7974
5093 8046
5093 8063
5093 8583
5093 8587
5093 8630
5093 8864
5093 8945
5093 9310
5093 9556
5093 9558
5093 9647
5094 6277
5094 8546
5095 8092
5095 8113
5096 8586
5097 7441
5098 8505
5100 9214
5101 6138
5101 6770
5101 6817
5101 7258
5101 7260
5101 8482
5101 9040
5101 9163
5102 5108
5102 6811
5102 6982
5102 7219
5102 7635
5102 7704
5102 8309
5102 8661
5102 9167
5102 9208
5102 9498
5104 5264
5104 6524
5104 7465
5104 9146
5105 6183
5105 8784
5105 9229
5106 7273
5106 8920
5107 5332
5107 7902
5110 6402
5110 7492
5110 7773
5110 9498
5111 7602
5111 8226
5111 8388
5114 5116
5114 5683
5114 5861
5114 7489
5114 7916
5114 8157
5114 8159
5115 5485
5115 5861
5115 6392
5115 6495
5115 6512
5115 6777
5115 6910
5115 6939
5115 7420
5115 7842
5115 8157
5115 8159
5115 9163
5116 8159
5117 6014
5117 7317
5118 7442
5119 8171
5120 5808
5120 6210
5122 5722
5123 8741
5124 5265
5125 8395
5126 7347
5126 9195
5127 7624
5127 8199
5127 8733
5128 9134
5129 5405
5129 6532
5130 5454
5131 9258
5132 5253
5132 5543
5132 6119
5132 6294
5132 7064
5132 7315
5132 7440
5132 7815
5133 7939
5135 6218
5135 7022
5135 7074
5135 9779
5136 7644
5136 7918
5136 7979
5136 8043
5136 8165
5136 8528
5137 7910
5139 6185
5139 6361
5139 7901
5139 7905
5139 8222
5139 8569
5139 9729
5141 6850
5141 7466
5141 9264
5141 9549
5142 5964
5142 8054
5142 8587
5142 8864
5143 5959
5143 7528
5145 7022
5146 8119
5147 5148
5147 5588
5147 6098
5147 6101
5147 6209
5147 6928
5147 7345
5147 8118
5147 8550
5147 8551
5148 7306
5148 8119
5149 5220
5149 5558
5149 5613
5149 5737
5149 6022
5149 6258
5149 6395
5149 6461
5149 6643
5149 7464
5149 7887
5149 8289
5149 8299
5149 8474
5149 8537
5149 9074
5149 9185
5149 9490
5149 9601
5149 9627
5150 5273
5150 8141
5151 9310
5152 5629
5152 7072
5152 8179
5155 5474
5156 5515
5156 5858
5156 6604
5156 7021
5156 7643
5157 7119
5157 8511
5158 9736
5159 8354
5159 8417
5159 8474
5160 8264
5162 7231
5163 5801
5164 6270
5165 9774
5165 9817
5166 7569
5167 9818
5168 7080
5168 7328
5169 5460
5169 7619
5171 5866
5171 8501
5172 6461
5172 7088
5172 7199
5172 9078
5172 9285
5172 9644
5173 7134
5175 8183
5176 9142
5176 9697
5177 7555
5179 5195
5179 5312
5179 5481
5179 5568
5179 6659
5179 6842
5179 7299
5179 8333
5179 9197
5180 7929
5180 8470
5181 7638
5184 6981
5185 5996
5185 8908
5186 7721
5187 5231
5189 8176
5190 9241
5191 5193
5191 7354
5191 8268
5191 9692
5192 5193
5192 7372
5193 5259
5193 5504
5193 5568
5193 5920
5193 6133
5193 6160
5193 6173
5193 6894
5193 7372
5193 8268
5193 8919
5193 9239
5193 9692
5194 5456
5194 7198
5194 8757
5195 5787
5195 6323
5195 7286
5195 7391
5195 8063
5195 8272
5195 9312
5196 6008
5198 9072
5198 9264
5200 7538
5201 9660
5202 7798
5202 8962
5203 7482
5203 8187
5203 8318
5203 8424
5204 5582
5204 7587
5206 7822
5207 9848
5208 6111
5208 6217
5208 6473
5208 7585
5209 8734
5211 7283
5212 5685
5212 6020
5212 7934
5213 8522
5214 6208
5214 6928
5214 7626
5215 5519
5215 5908
5215 6017
5215 6808
5215 7357
5215 7656
5215 7812
5215 7956
5215 8539
5216 7067
5216 8671
5216 9210
5217 5485
5217 5553
5217 5658
5217 5836
5217 5839
5217 6085
5217 6736
5217 7685
5217 8694
5217 9783
5218 6818
5218 8842
5218 9094
5218 9518
5219 5603
5219 8155
5220 7848
5221 5599
5221 9132
5222 6392
5223 6457
5223 7330
5224 5904
5224 6950
5224 7936
5224 8373
5224 8909
5224 9423
5224 9449
5225 7034
5226 6392
5226 7183
5226 8135
5228 5361
5228 8488
5228 8858
5228 9672
5231 5348
5233 7730
5234 6926
5234 7455
5235 6461
5235 9601
5236 6871
5236 8176
5236 8717
5236 8720
5238 5632
5239 8076
5239 8201
5239 8225
5239 9379
5241 6158
5242 5297
5242 5806
5242 6372
5242 6474
5242 6548
5242 6791
5242 7220
5242 7264
5242 7453
5242 8592
5242 9466
5242 9859
5243 8330
5246 7263
5246 7431
5246 7871
5247 6101
5247 7098
5247 8608
5248 5321
5248 5604
5248 5737
5248 6677
5248 7740
5248 8474
5248 9074
5248 9713
5250 7019
5250 7132
5252 7520
5253 8072
5256 8226
5257 5875
5257 6997
5257 7550
5257 8791
5257 9415
5258 7379
5258 7801
5259 7574
5259 8143
5259 8268
5259 8333
5259 8414
5259 9209
5259 9239
5259 9692
5260 8268
5260 9692
5261 7012
5261 7576
5261 7601
5261 8093
5261 8253
5262 5823
5262 5923
5262 6643
5262 6996
5262 7391
5262 8125
5262 8312
5262 8533
5262 8765
5262 8889
5262 8909
5262 9293
5263 5414
5263 6648
5263 7319
5264 6131
5264 6718
5264 6754
5264 6757
5264 7465
5264 7486
5264 9146
5265 7854
5266 6051
5266 7877
5267 9070
5267 9168
5269 7625
5270 7409
5272 5720
5273 7922
5273 8141
5273 9170
5275 5280
5275 5622
5275 5782
5275 6380
5275 6412
5275 6493
5275 7434
5275 7435
5275 9440
5275 9486
5275 9683
5275 9690
5277 7905
5277 8569
5278 7966
5279 5571
5279 5834
5279 6177
5279 9295
5280 5320
5280 5782
5280 7055
5280 7115
5280 7253
5280 7393
5280 7508
5280 8309
5280 8355
5280 8661
5280 8898
5280 9208
5280 9542
5280 9658
5280 9758
5281 6898
5282 6201
5282 7312
5282 7694
5282 8111
5282 9426
5283 8115
5284 8477
5284 9528
5285 7225
5285 7455
5285 7596
5285 9120
5285 9136
5286 6924
5287 5743
5287 6453
5287 7191
5287 8870
5288 5575
5288 6102
5288 6729
5288 6827
5288 7214
5288 7841
5288 8240
5288 9067
5289 5445
5289 8014
5290 9149
5291 7265
5291 7561
5291 7739
5292 9177
5293 9394
5294 6280
5294 6384
5294 8108
5295 6588
5295 8267
5296 7022
5296 7074
5296 9779
5297 5429
5297 5737
5297 6378
5297 6791
5297 7512
5297 7887
5297 9331
5297 9466
5298 6107
5298 7491
5299 9531
5300 6910
5300 7662
5300 8888
5301 5321
5301 7096
5302 8697
5302 8913
5302 9719
5304 6259
5304 8378
5305 7729
5305 8058
5306 5514
5306 6101
5306 6480
5306 8770
5308 5323
5308 5401
5308 5481
5308 5733
5308 6104
5308 6581
5308 6785
5308 6870
5308 6983
5308 7109
5308 7360
5308 7448
5308 7697
5308 7948
5309 5770
5309 5915
5310 7115
5310 8110
5310 9241
5311 9125
5312 5481
5312 5568
5312 6572
5312 6842
5312 7299
5312 8917
5312 9197
5313 7097
5314 7489
5314 9722
5315 6185
5315 7534
5315 7541
5315 8507
5316 7139
5317 8597
5320 6378
5321 5752
5321 6692
5321 7096
5321 7892
5322 5925
5322 6355
5322 6451
5322 7245
5322 7978
5322 9835
5323 5401
5323 5481
5323 5733
5323 6104
5323 6581
5323 6785
5323 6870
5323 6983
5323 7109
5323 7360
5323 7448
5323 7697
5323 7948
5324 6925
5324 7870
5324 7931
5324 8131
5324 8443
5326 6901
5326 8241
5327 6034
5327 7161
5327 8471
5327 9257
5328 8094
5329 9436
5331 7957
5331 8580
5332 5468
5332 7902
5333 7944
5333 8914
5334 6544
5334 6914
5334 8348
5335 7401
5336 5821
5337 5431
5337 5446
5337 5768
5337 7027
5337 7377
5337 7592
5337 7903
5337 8185
5337 9355
5338 7527
5338 7657
5338 8546
5340 6176
5340 8751
5341 6710
5341 7258
5342 5779
5342 6798
5342 9779
5343 8305
5343 8669
5344 6117
5344 6969
5344 8139
5344 8883
5344 9711
5345 5757
5347 9214
5348 5422
5348 5908
5348 8086
5348 8153
5348 8421
5348 9614
5349 7032
5350 6408
5350 9557
5351 7140
5351 8358
5352 7120
5352 7914
5352 9305
5352 9346
5352 9551
5354 7966
5355 7911
5356 5393
5356 6388
5356 6423
5356 7086
5356 7088
5356 7122
5356 8640
5357 9534
5358 5737
5359 5842
5359 5876
5359 8893
5360 7118
5360 9238
5360 9599
5361 6597
5361 8858
5361 8891
5362 5569
5362 5728
5362 5739
5362 5744
5362 6259
5362 9051
5362 9219
5363 5394
5363 5911
5364 5755
5364 9107
5365 6134
5366 7785
5366 8207
5368 5380
5368 5663
5369 7895
5370 5957
5370 9034
5371 6391
5371 7536
5371 8609
5371 9136
5372 8051
5374 6318
5374 7540
5374 8659
5374 9661
5375 7534
5375 7535
5375 8062
5375 8655
5375 9005
5376 5653
5376 6214
5376 6330
5376 9580
5377 5946
5378 5897
5378 9646
5379 5897
5379 6286
5379 6353
5379 8020
5379 8053
5379 8503
5379 8509
5379 8613
5379 9031
5379 9578
5380 5663
5382 7535
5383 5937
5383 9003
5384 8504
5384 9557
5387 9352
5389 8197
5389 8857
5389 9100
5389 9386
5390 8249
5390 8912
5391 7274
5393 7122
5393 8537
5393 8881
5394 5911
5394 6731
5394 6848
5394 8377
5394 9125
5396 5573
5396 8212
5396 9734
5398 7950
5399 7864
5401 5481
5401 5733
5401 6104
5401 6581
5401 6785
5401 6870
5401 6983
5401 7109
5401 7360
5401 7448
5401 7697
5401 7948
5404 5994
5405 5643
5405 5705
5405 5994
5405 6068
5405 6532
5405 6533
5405 6539
5405 7280
5405 7443
5405 7643
5405 8569
5405 8639
5405 9257
5405 9419
5405 9470
5406 9525
5406 9800
5407 5578
5410 9059
5410 9292
5412 6176
5412 8428
5412 8751
5412 9074
5412 9291
5412 9331
5413 6945
5413 7438
5413 8316
5414 5503
5414 6257
5414 6466
5414 6512
5414 6690
5414 7504
5414 7997
5414 9318
5415 5815
5415 5955
5415 8375
5416 9728
5418 5679
5418 5696
5418 5724
5418 6258
5418 7276
5418 7464
5419 8937
5421 6424
5423 6161
5423 6813
5423 7641
5423 8394
5423 8537
5423 9312
5423 9453
5423 9779
5424 5750
5424 5980
5424 6825
5424 7291
5424 8264
5425 6613
5425 7195
5425 8560
5426 5497
5426 6418
5426 6634
5426 7749
5426 9330
5427 5569
5427 6062
5428 8745
5428 9774
5431 5446
5431 5768
5431 7027
5431 7377
5431 7592
5431 7903
5431 8185
5431 9355
5433 6402
5433 7912
5433 8312
5433 8363
5434 7226
5435 6118
5435 8079
5436 8537
5436 8640
5436 8776
5436 8881
5437 5998
5437 9664
5438 9333
5440 8668
5441 5884
5441 7084
5441 7940
5441 9740
5442 5732
5444 8853
5445 5620
5445 6120
5445 7149
5445 7492
5445 7814
5445 8014
5445 8079
5446 5768
5446 7027
5446 7377
5446 7592
5446 7903
5446 8185
5446 9355
5448 8212
5449 7418
5449 8659
5449 8955
5450 5759
5451 6469
5451 6935
5452 8011
5453 6434
5453 6663
5454 6783
5454 8626
5456 8754
5456 8757
5458 8340
5459 9827
5460 7619
5461 6158
5462 5755
5462 9057
5463 5714
5463 8308
5463 8817
5463 8975
5463 9155
5463 9335
5463 9346
5463 9750
5463 9828
5464 5644
5464 5645
5464 7599
5464 9149
5466 7474
5466 9262
5466 9852
5467 6421
5467 9848
5471 7105
5471 8010
5471 8424
5471 9480
5472 7582
5472 7975
5474 7756
5474 9510
5475 6129
5476 6301
5476 8147
5477 6176
5477 6359
5477 9040
5477 9163
5479 9479
5480 8216
5481 5568
5481 5733
5481 6104
5481 6581
5481 6785
5481 6842
5481 6870
5481 6983
5481 7109
5481 7299
5481 7360
5481 7448
5481 7697
5481 7948
5481 8917
5481 9163
5481 9188
5481 9197
5483 5486
5484 8382
5485 5658
5485 5836
5486 5587
5486 6504
5486 6698
5486 7261
5486 8438
5486 8559
5487 5767
5488 6641
5488 8172
5488 8242
5489 6080
5489 8127
5490 8281
5491 9382
5493 6080
5493 8127
5495 6134
5496 6195
5499 6089
5499 6219
5500 6100
5500 6110
5500 6370
5500 7307
5500 8608
5501 9312
5502 8876
5504 6015
5504 8119
5505 5760
5505 6417
5505 6423
5506 8144
5506 9753
5507 7340
5508 5741
5510 7626
5511 9312
5512 5811
5513 9067
5514 5813
5514 6101
5514 6480
5514 6818
5514 8770
5515 6604
5515 7643
5516 5667
5516 6647
5516 6881
5516 7908
5517 6234
5518 6292
5520 6418
5520 6634
5522 6614
5523 7486
5523 9698
5525 7021
5525 8219
5526 5527
5526 8986
5528 5546
5528 7441
5528 7449
5529 9168
5533 8786
5533 8932
5533 9129
5534 7818
5534 9413
5534 9429
5536 6155
5536 6349
5536 6404
5536 7304
5536 8251
5537 7164
5539 6863
5539 7834
5539 8252
5540 7175
5541 7973
5544 6548
5544 9744
5545 6643
5545 8783
5546 7449
5547 5548
5548 6082
5548 8883
5548 8957
5548 9149
5549 5563
5549 6771
5550 9236
5553 5839
5553 5874
5553 6550
5553 8632
5553 9784
5553 9808
5554 6067
5554 7568
5557 5923
5558 7983
5558 8354
5558 8474
5558 9261
5559 9634
5561 5908
5561 6679
5561 7472
5561 7869
5562 7997
5563 6771
5565 5566
5568 6006
5568 6133
5568 6659
5568 6842
5568 7299
5568 8333
5568 9197
5568 9239
5569 6062
5569 6274
5569 7830
5569 8896
5570 7201
5572 6153
5572 8470
5573 7462
5574 8112
5574 8119
5574 9103
5575 8426
5575 9463
5576 6256
5576 6310
5576 6552
5576 7091
5576 8677
5576 8888
5577 6070
5577 7599
5577 7674
5577 7936
5577 9149
5579 9730
5581 5647
5581 5984
5581 7016
5582 6037
5582 6041
5582 6177
5582 6793
5582 7045
5582 7692
5582 9409
5583 7692
5587 6504
5587 6698
5587 7261
5587 8438
5589 7033
5589 8692
5592 6405
5592 6967
5593 8226
5594 5737
5595 6871
5596 7229
5597 7146
5598 7959
5599 6092
5599 6093
5599 6118
5599 6215
5599 6291
5599 6332
5599 6427
5599 7680
5599 8280
5599 9762
5600 7534
5601 6550
5601 6557
5601 7658
5601 9650
5601 9651
5602 6081
5602 6893
5602 9074
5602 9331
5602 9867
5603 8155
5603 8285
5604 5737
5604 6000
5604 7060
5604 7508
5604 7845
5604 7987
5604 8474
5604 8751
5604 8839
5604 8903
5604 8935
5604 9104
5604 9490
5605 5989
5605 6258
5605 7274
5606 9440
5606 9690
5607 5955
5607 6338
5607 7060
5607 8619
5607 8996
5607 9600
5607 9649
5607 9699
5609 8877
5610 5974
5610 7654
5611 5968
5611 6336
5612 6817
5612 7056
5612 8306
5612 9734
5612 9788
5613 6258
5613 7033
5613 7105
5613 7887
5613 8474
5614 6476
5614 7378
5614 7467
5614 8232
5614 8974
5614 9280
5615 7044
5616 6684
5616 6722
5617 6568
5617 9140
5618 6557
5619 5998
5619 6595
5620 7905
5620 8079
5620 8080
5620 8387
5620 9446
5620 9584
5622 5782
5622 6380
5622 6493
5622 7905
5622 9223
5622 9690
5622 9792
5623 6980
5624 7878
5624 8306
5625 9213
5625 9819
5626 6885
5627 8178
5628 5963
5628 5967
5628 5976
5628 6339
5628 6394
5629 7072
5630 6962
5630 7996
5631 7692
5632 6516
5633 6335
5633 8599
5633 9006
5634 6714
5638 8436
5638 8447
5639 7090
5640 6162
5640 6322
5640 6494
5640 7420
5642 6629
5642 8825
5642 9476
5643 5994
5644 7599
5644 9149
5645 7599
5645 9149
5646 7866
5647 5977
5647 5984
5647 6324
5647 6732
5647 6990
5647 7016
5647 7252
5647 8827
5647 9411
5647 9588
5647 9684
5648 8038
5648 9020
5649 6399
5649 6448
5649 9611
5649 9767
5650 8630
5650 8864
5651 7249
5651 8102
5651 8850
5652 6298
5652 6343
5652 8659
5652 8955
5653 6214
5653 6330
5653 8021
5653 9576
5653 9580
5653 9659
5654 6322
5654 7809
5654 8588
5654 8651
5654 9568
5654 9575
5655 8945
5656 9564
5657 6867
5657 7879
5658 5836
5658 5839
5659 6621
5659 7371
5660 7246
5660 7775
5662 9042
5662 9066
5662 9384
5664 8500
5664 9658
5665 7568
5666 6931
5666 7337
5667 7776
5667 7908
5668 7329
5669 6512
5669 7917
5670 6751
5671 7910
5671 8692
5671 9867
5672 8469
5673 5782
5673 8050
5674 8909
5676 5982
5676 7658
5676 9337
5677 7407
5677 7481
5678 8716
5679 5805
5679 6502
5679 7774
5679 8137
5680 6517
5681 6943
5682 5992
5682 6690
5682 6833
5682 8510
5683 7199
5683 7489
5683 8070
5683 9486
5683 9699
5684 6910
5684 8402
5684 9399
5684 9546
5684 9697
5685 7557
5686 6825
5687 6888
5687 9728
5688 6325
5688 6390
5688 9597
5689 7925
5690 6452
5691 8064
5694 6054
5694 6382
5695 6689
5695 9237
5696 6691
5696 9237
5698 6470
5698 6509
5698 7014
5699 5717
5699 8452
5699 9189
5700 8139
5702 7795
5702 7831
5702 9403
5703 8234
5703 9835
5704 6426
5705 5741
5705 7383
5705 8569
5706 6548
5707 6058
5708 6076
5710 6072
5710 7766
5710 7814
5710 8884
5710 9848
5711 8766
5713 8294
5713 8296
5714 8308
5714 8817
5714 8975
5714 9155
5714 9335
5714 9346
5714 9750
5714 9828
5717 6979
5717 8452
5718 8743
5719 5723
5719 8904
5721 7277
5723 9057
5725 6064
5725 6696
5726 8648
5727 6481
5728 5744
5729 6690
5729 6960
5729 7338
5729 7414
5729 8765
5729 9179
5730 6375
5730 7612
5731 7339
5731 9119
5732 7745
5733 6104
5733 6581
5733 6785
5733 6870
5733 6983
5733 7109
5733 7360
5733 7448
5733 7697
5733 7948
5734 5893
5734 8331
5734 9247
5734 9412
5735 7250
5736 7199
5736 9625
5737 6070
5737 6073
5737 6677
5737 6859
5737 6860
5737 7091
5737 7146
5737 7426
5737 7674
5737 7887
5737 7987
5737 8010
5737 8130
5737 8474
5737 8692
5737 8935
5737 9185
5737 9186
5737 9490
5737 9555
5737 9867
5738 9765
5740 6188
5740 9018
5743 7191
5744 9057
5744 9179
5746 6000
5746 6857
5746 6940
5746 7025
5746 7870
5746 7931
5746 8661
5746 8780
5746 8903
5746 9182
5746 9296
5747 6854
5748 9057
5749 5997
5749 6799
5750 8264
5751 6893
5751 9860
5752 7096
5753 9230
5754 7288
5754 8468
5756 6733
5756 6747
5756 7175
5758 5955
5758 5996
5758 6258
5758 6410
5758 7137
5758 7396
5758 7721
5760 5906
5760 6417
5760 6423
5762 8393
5762 9110
5762 9762
5764 5790
5764 7936
5764 9490
5765 8749
5767 7433
5768 7027
5768 7377
5768 7592
5768 7903
5768 8185
5768 9355
5769 8608
5770 5915
5770 7792
5771 5784
5771 8321
5771 8516
5771 8722
5771 8852
5772 8063
5774 6351
5774 8548
5775 6286
5775 8053
5776 6367
5776 6811
5776 7107
5776 7844
5776 8284
5776 8309
5776 8678
5776 9764
5777 5970
5777 8721
5778 6635
5779 5904
5779 6922
5780 6451
5782 6380
5782 6493
5782 6977
5782 7901
5782 7905
5782 8050
5782 9223
5782 9388
5782 9690
5783 7323
5787 7391
5789 8340
5789 8797
5789 8979
5789 9345
5789 9425
5790 6395
5790 6435
5790 6461
5790 6859
5790 7074
5790 7498
5790 7887
5790 7936
5790 8474
5790 9074
5790 9639
5791 7753
5793 6920
5793 7844
5794 6594
5794 7710
5795 5915
5795 7271
5796 8837
5798 8459
5798 9258
5799 6955
5799 7777
5799 8352
5800 5923
5800 6106
5800 6183
5800 7534
5800 7971
5800 9146
5800 9832
5801 7190
5802 7021
5802 8219
5804 6050
5804 6879
5804 8029
5804 8853
5805 8137
5806 6548
5807 6774
5807 7580
5809 7557
5810 8537
5812 8847
5812 9566
5813 6818
5815 6631
5815 8804
5816 8809
5820 6523
5821 7508
5821 8177
5821 9848
5822 7656
5823 8684
5823 8765
5823 9158
5824 6534
5824 6817
5824 7389
5824 7616
5826 8064
5827 5842
5829 5908
5829 6778
5830 6460
5831 9238
5832 9122
5833 8957
5833 9397
5834 9238
5834 9262
5836 9808
5836 9829
5837 9365
5838 8177
5838 8465
5839 6085
5839 6550
5839 6988
5839 8087
5839 8631
5839 8694
5839 9783
5839 9784
5839 9808
5839 9829
5841 6614
5841 8910
5841 9693
5842 8669
5842 8893
5844 7127
5845 8161
5846 7814
5846 9161
5846 9373
5851 7495
5851 8593
5852 9754
5853 5961
5854 8036
5855 5918
5855 8612
5856 6384
5856 6972
5856 8313
5856 8398
5856 8909
5856 9163
5856 9211
5856 9476
5856 9752
5857 6256
5857 6511
5857 7123
5857 7690
5857 7775
5857 7997
5857 9435
5860 6610
5860 8683
5861 6512
5861 6516
5861 6910
5861 7059
5861 7916
5861 9546
5862 7074
5862 8534
5862 8857
5862 9074
5865 7910
5866 7136
5866 8222
5867 7912
5867 7918
5867 8528
5868 7884
5868 8361
5869 8063
5870 6478
5870 8362
5872 6550
5872 8632
5873 9099
5874 6322
5874 6550
5874 6988
5874 8087
5874 8632
5874 9325
5874 9774
5874 9783
5874 9808
5875 8791
5876 7127
5877 7285
5877 7713
5877 8736
5879 7814
5879 9373
5880 7175
5882 9212
5885 7793
5885 8518
5886 9039
5887 6835
5887 9530
5889 7349
5890 6692
5890 9210
5891 7029
5891 7248
5891 7731
5891 8871
5892 9761
5893 8331
5893 9247
5893 9307
5893 9412
5894 6012
5895 7611
5896 8748
5899 8049
5902 8951
5902 9576
5903 6016
5904 6220
5904 6364
5904 6678
5904 7126
5904 9112
5904 9318
5904 9591
5905 7965
5907 6965
5907 9349
5907 9499
5908 6778
5908 8421
5908 9312
5909 7911
5910 7405
5911 6489
5912 7613
5912 7636
5912 8274
5913 6649
5913 6886
5913 7630
5914 8171
5915 6665
5915 6994
5915 7271
5915 7561
5915 8140
5915 8142
5915 8191
5915 9089
5916 9667
5916 9776
5917 8414
5917 9239
5918 6288
5918 6291
5919 8651
5921 9252
5922 6878
5923 6483
5923 6643
5923 6701
5923 7022
5923 7391
5923 7410
5923 8474
5923 8590
5923 8883
5923 9074
5923 9318
5923 9475
5924 6559
5925 6355
5925 6893
5925 7245
5925 9123
5926 5927
5928 8575
5929 6322
5929 6550
5929 9783
5931 7149
5931 7841
5932 7149
5933 7210
5933 7246
5933 7775
5933 9535
5934 6946
5934 9845
5935 6291
5936 7604
5936 8515
5937 9003
5938 9760
5939 6196
5939 6281
5939 7534
5940 8546
5941 6183
5945 8027
5947 9496
5948 8509
5950 7522
5951 9625
5952 7153
5952 8728
5952 9398
5953 7088
5955 6784
5955 6893
5955 7104
5955 7137
5955 9375
5956 6249
5956 8613
5956 9015
5957 9034
5958 7607
5959 7528
5960 6196
5961 6185
5961 9564
5963 9014
5967 5976
5967 8057
5967 8845
5968 6336
5969 6882
5969 8549
5972 6331
5973 6429
5973 8547
5973 8940
5973 8941
5974 6207
5974 6333
5974 7654
5974 8722
5974 9571
5975 8961
5977 8827
5978 6447
5978 7668
5979 6228
5979 6321
5979 8503
5979 8610
5979 8614
5979 8946
5979 9033
5979 9645
5979 9646
5979 9660
5981 7666
5981 8648
5982 7658
5982 8549
5984 6493
5984 8620
5984 8667
5984 9568
5985 5990
5985 6583
5985 9678
5986 7542
5988 6310
5988 6379
5988 6557
5988 7924
5988 8044
5988 8149
5989 6258
5990 6583
5991 7046
5992 6690
5993 6888
5993 7522
5993 8252
5994 6532
5994 7010
5994 7443
5994 9157
5994 9257
5994 9301
5994 9470
5994 9677
5994 9823
5995 7232
5995 7583
5996 7166
5996 7577
5996 8908
5997 6799
5998 6595
5998 9490
5998 9664
5999 7102
5999 8454
6000 7647
6000 8691
6000 8780
6000 9182
6001 9233
6002 7105
6003 6106
6003 6185
6003 8164
6003 9274
6004 8179
6005 6659
6005 8091
6005 8875
6005 9196
6005 9198
6009 9708
6010 8864
6010 9556
6011 8769
6015 7218
6015 8119
6015 8551
6015 8831
6015 9211
6015 9515
6016 6280
6017 6153
6017 8868
6018 8125
6018 8373
6018 8909
6019 8807
6020 6049
6021 8125
6022 6161
6022 6163
6022 7149
6022 7719
6022 8104
6022 8107
6022 8409
6022 9095
6023 8125
6025 8564
6025 9571
6026 7020
6027 6339
6027 6878
6027 7534
6027 7666
6027 7670
6028 7737
6028 9791
6029 6030
6029 6849
6030 6849
6031 6079
6031 6701
6031 6984
6031 7033
6031 8290
6033 8169
6033 9086
6034 7161
6034 8471
6034 9257
6035 6837
6035 6986
6035 8341
6035 9125
6036 9356
6037 6038
6037 6041
6037 6042
6037 8625
6038 6042
6039 7098
6041 8625
6043 6719
6046 9449
6047 7134
6047 7460
6047 8433
6047 9322
6048 6516
6049 7203
6051 7877
6052 8897
6053 7163
6054 6382
6054 8667
6055 6215
6056 9766
6057 7717
6059 6458
6062 8114
6064 6402
6064 8386
6064 8766
6065 6671
6065 8876
6067 7568
6069 9074
6070 7434
6070 7840
6070 7936
6070 7987
6070 9074
6071 7987
6072 7766
6072 7814
6073 6181
6073 7887
6073 8056
6073 8454
6073 9378
6074 9529
6076 6793
6076 7159
6077 6936
6078 6559
6079 6701
6079 7033
6080 7585
6080 7626
6080 7700
6080 8127
6081 9074
6081 9331
6081 9608
6081 9779
6082 8883
6082 8957
6082 9149
6083 7494
6084 7492
6085 7096
6085 8245
6085 8717
6085 8718
6085 8720
6085 8949
6086 9326
6088 8171
6091 8967
6092 6093
6092 8280
6093 6839
6093 7701
6094 7488
6096 8168
6096 8839
6096 9228
6097 9118
6098 7611
6098 9199
6099 7310
6100 6110
6100 6365
6100 6366
6100 6370
6100 6460
6100 7020
6100 7307
6100 8120
6100 8309
6101 6209
6101 6480
6101 6736
6101 8551
6101 9245
6102 6729
6102 7841
6104 6581
6104 6785
6104 6870
6104 6983
6104 7109
6104 7360
6104 7448
6104 7697
6104 7948
6105 7821
6106 7148
6106 7971
6106 9274
6107 7491
6108 8413
6109 9405
6110 6366
6110 6370
6110 7307
6110 8608
6110 9515
6111 6933
6116 8931
6117 6257
6117 6712
6117 7376
6117 8883
6118 6311
6118 8079
6121 7609
6123 9595
6124 6958
6125 6176
6125 6264
6125 6359
6131 6754
6131 6757
6131 7486
6132 7276
6132 8388
6134 6363
6134 6830
6134 6857
6134 7036
6134 7587
6134 8380
6134 8836
6134 9296
6134 9407
6134 9486
6135 6584
6135 6923
6135 9149
6136 9196
6137 8542
6137 9752
6138 7126
6138 7258
6139 6938
6140 6461
6140 6843
6140 6920
6140 7844
6141 9862
6142 6143
6142 6605
6142 6779
6142 7587
6142 7893
6142 9389
6143 6605
6143 6779
6143 7893
6143 9389
6144 6340
6144 6462
6145 8484
6145 9785
6146 6180
6146 6504
6146 6953
6146 7446
6146 7447
6146 7667
6146 8270
6146 8531
6146 8867
6146 9509
6146 9701
6147 7346
6147 7685
6147 9337
6148 6149
6148 6177
6148 6950
6148 8523
6149 7012
6149 9172
6150 6176
6150 9571
6152 6544
6153 6508
6153 6580
6153 7068
6153 8357
6153 8470
6153 8807
6153 8868
6153 9234
6154 6634
6154 7245
6154 7874
6154 9329
6154 9330
6155 6349
6155 6404
6157 6271
6157 7092
6157 8990
6158 6271
6158 7374
6158 8247
6158 8813
6158 9215
6158 9623
6159 7375
6160 8919
6161 6215
6161 6291
6161 6644
6161 6881
6161 6925
6161 6945
6161 6969
6161 7149
6161 7455
6161 7719
6161 7749
6161 7792
6161 7944
6161 8104
6161 8186
6161 8409
6161 8750
6161 8915
6161 9095
6161 9100
6161 9132
6161 9296
6161 9486
6162 6494
6163 9095
6165 6514
6165 7055
6165 8189
6165 9300
6167 6168
6167 8624
6167 9049
6169 6775
6169 9707
6169 9842
6172 8369
6172 8822
6175 8573
6175 9442
6176 6359
6176 6659
6176 8307
6176 8329
6176 8428
6176 8751
6176 9571
6177 6910
6177 7142
6177 7574
6177 8402
6177 8523
6177 8935
6177 9407
6177 9409
6179 7549
6181 7887
6181 7951
6181 8056
6182 6864
6182 7144
6182 7430
6183 7534
6183 9171
6183 9415
6183 9832
6185 6361
6185 8506
6185 8569
6185 8638
6185 8941
6185 9142
6185 9189
6186 8655
6187 9019
6187 9284
6188 6774
6188 7075
6188 7946
6189 8111
6190 8058
6190 8603
6191 8344
6191 9495
6192 9012
6194 6472
6194 9138
6194 9827
6196 6321
6196 6322
6196 7534
6196 8956
6199 7589
6200 8789
6200 9675
6201 8111
6205 9117
6205 9287
6206 8724
6206 9597
6207 8722
6208 7626
6209 8496
6209 8551
6213 6930
6214 6330
6214 9580
6215 6271
6215 6282
6215 6291
6215 6307
6215 6427
6215 7023
6215 7467
6215 8501
6215 8813
6215 9577
6215 9762
6216 7167
6218 7022
6218 7074
6218 8187
6218 9779
6220 6350
6220 8222
6220 9378
6221 8073
6221 9836
6227 7300
6228 6286
6228 8614
6230 7565
6231 6980
6232 7440
6233 7861
6237 7770
6238 6598
6238 6971
6241 6538
6241 9308
6241 9701
6243 7348
6243 7440
6243 8305
6243 8669
6243 8837
6245 7186
6249 8503
6249 8613
6252 7563
6252 8494
6253 9168
6256 7775
6257 7376
6258 6379
6258 6552
6258 7721
6258 7740
6258 7835
6258 7870
6258 8121
6258 8888
6258 8908
6258 9872
6259 9051
6260 6552
6260 6597
6260 8316
6260 8813
6260 8858
6260 9256
6261 6914
6261 7208
6261 7336
6261 8083
6261 9076
6262 6624
6265 8154
6266 9599
6267 7735
6267 7846
6267 7900
6268 6544
6269 6744
6269 6830
6269 7036
6269 9104
6269 9409
6271 6291
6271 6307
6271 6427
6271 6854
6271 6996
6271 7023
6271 7092
6271 7201
6271 7374
6271 7399
6271 7467
6271 7487
6271 8247
6271 8813
6271 9215
6272 6634
6273 8694
6274 7432
6274 7830
6274 8896
6274 9246
6275 6291
6276 7665
6276 8063
6276 8864
6277 8546
6280 6951
6280 7616
6280 8411
6281 7534
6281 7535
6281 8851
6281 9556
6282 8858
6283 6333
6284 8506
6284 9682
6285 7669
6286 6990
6286 7016
6286 8053
6286 9783
6287 7434
6287 9060
6289 9762
6290 7359
6291 6307
6291 6427
6291 6679
6291 6776
6291 7023
6291 7190
6291 7359
6291 7467
6291 7972
6291 8031
6291 8501
6291 8813
6291 8962
6291 9476
6291 9577
6291 9654
6291 9762
6293 7471
6294 6693
6294 6760
6295 9549
6298 6343
6298 9007
6299 7005
6299 8822
6299 9860
6301 7963
6302 6431
6303 9615
6304 8601
6305 7528
6305 9611
6306 7664
6307 8501
6307 9577
6308 8158
6308 9354
6309 6311
6309 6553
6309 6559
6309 9626
6309 9652
6310 6553
6310 8149
6310 8677
6311 9652
6312 6473
6312 6553
6312 6555
6312 6557
6312 7250
6312 7473
6313 7531
6316 8233
6316 9471
6318 7540
6318 8618
6320 6353
6320 8546
6320 9612
6321 6322
6321 8546
6321 9646
6321 9660
6322 6732
6322 6791
6322 7420
6322 7532
6322 8039
6322 8546
6322 8848
6322 8883
6322 9529
6322 9594
6322 9808
6323 7286
6324 7671
6324 8547
6325 9597
6329 9262
6330 9580
6331 7367
6333 9571
6335 8547
6335 8599
6335 8763
6335 8940
6335 9006
6335 9330
6335 9395
6335 9568
6338 8619
6339 6394
6339 7666
6340 6462
6340 7817
6340 7820
6340 9570
6340 9796
6341 6395
6341 8506
6341 8724
6341 9649
6342 8652
6344 8694
6345 7768
6345 8702
6346 9244
6347 7666
6347 9283
6348 6381
6348 6513
6350 8222
6351 8548
6352 9163
6353 7670
6353 8503
6353 8546
6353 9612
6354 9211
6355 7245
6356 8913
6356 9719
6357 6707
6359 9571
6361 8222
6361 9729
6363 7036
6363 7681
6363 7848
6363 8981
6363 9038
6364 6931
6364 7400
6364 8356
6364 9647
6365 6370
6366 6370
6367 6811
6367 7157
6367 7844
6367 8309
6370 7307
6370 8608
6375 7319
6375 7612
6375 9473
6376 7775
6377 6487
6377 7696
6377 8136
6377 8237
6377 8689
6377 9503
6378 7104
6378 8340
6378 8474
6379 7740
6379 8569
6380 7334
6380 9846
6383 7765
6383 9193
6384 8108
6384 9211
6385 7319
6386 7549
6387 8962
6389 8672
6389 8700
6390 9597
6391 8609
6392 6566
6392 6777
6392 7183
6393 6949
6393 8634
6394 8113
6395 6461
6395 6553
6395 7060
6395 7292
6395 7658
6395 8010
6395 8186
6395 8289
6395 8660
6395 8731
6395 9074
6395 9639
6398 8645
6399 9611
6399 9767
6400 8246
6401 6528
6402 6629
6402 7144
6402 7442
6402 7492
6402 7681
6402 7773
6402 7912
6402 8312
6402 8357
6402 8363
6402 8459
6402 8766
6402 8955
6402 9445
6402 9476
6402 9498
6404 7304
6405 6547
6405 6904
6405 6967
6405 8830
6406 7395
6406 8640
6406 9201
6407 9458
6408 9557
6409 9744
6410 6515
6410 7905
6411 7624
6411 7833
6412 7434
6412 9473
6414 6731
6414 8261
6414 9026
6416 9684
6417 6423
6418 6634
6419 7766
6420 7905
6421 6528
6421 6643
6421 6969
6421 7325
6421 7365
6421 8866
6423 6483
6423 7267
6423 7455
6423 7584
6423 8692
6423 9162
6424 6735
6424 8077
6425 8879
6425 9171
6428 7561
6429 8941
6431 8073
6431 8666
6431 8832
6431 9774
6434 6663
6434 8489
6434 9142
6435 7022
6435 7316
6435 8183
6437 9069
6440 6706
6440 8398
6442 9460
6443 9460
6444 8353
6446 7484
6447 7668
6448 9611
6451 8264
6451 8743
6451 8753
6451 9152
6452 9490
6453 7191
6456 6519
6456 6553
6456 6910
6456 7169
6456 7489
6456 7887
6456 8398
6456 8402
6456 8751
6456 8981
6456 9295
6457 7330
6459 7297
6460 7297
6460 8309
6460 9167
6461 6519
6461 6595
6461 6859
6461 7464
6461 7535
6461 7997
6461 8299
6461 8731
6461 9295
6461 9601
6461 9639
6461 9668
6463 8497
6464 8042
6465 6468
6465 8492
6465 9723
6468 9723
6469 6935
6469 7422
6469 7936
6469 8417
6471 7180
6472 9138
6472 9827
6473 7115
6473 7585
6473 7740
6473 8930
6473 9716
6474 6548
6474 8592
6476 7378
6476 7467
6476 8232
6476 9280
6478 7967
6478 8359
6478 8362
6481 6799
6481 8903
6484 7022
6484 9741
6486 8511
6487 7696
6487 8136
6487 8237
6487 8689
6487 9503
6489 8030
6490 6731
6490 8261
6491 9295
6492 7721
6492 8121
6493 6683
6493 8667
6496 7096
6500 8267
6501 6542
6501 8437
6502 7774
6502 8596
6502 8878
6502 9287
6504 6953
6505 7340
6505 8336
6505 9180
6505 9554
6507 8885
6508 9234
6509 7014
6509 7863
6510 6570
6510 6845
6510 7224
6510 7395
6510 9201
6511 7690
6511 9435
6512 6690
6512 7365
6512 7420
6512 7702
6512 7917
6512 7944
6512 9487
6515 7905
6515 8249
6515 8569
6515 9388
6515 9802
6517 6541
6517 7076
6517 7119
6517 7137
6517 7545
6517 8360
6517 8511
6517 8526
6518 7199
6518 8391
6518 8751
6519 6553
6519 7498
6519 9074
6519 9295
6522 8264
6525 7310
6525 8551
6527 6584
6527 6923
6528 6908
6528 7365
6528 7464
6528 7702
6528 8340
6528 8402
6528 8539
6528 8739
6528 8857
6528 8883
6528 8932
6529 6851
6529 7728
6529 9334
6530 7206
6531 7177
6532 6539
6533 6762
6533 6812
6533 7704
6534 6817
6534 7389
6534 7616
6535 9414
6536 7701
6536 8156
6537 6630
6537 6717
6537 8213
6538 6614
6538 6837
6538 7707
6538 9308
6538 9357
6538 9701
6540 6602
6541 7390
6543 7089
6544 6832
6544 6914
6544 8348
6545 9233
6546 8272
6546 9449
6547 6904
6547 7296
6547 7591
6547 8830
6547 8915
6548 7220
6548 7264
6548 7453
6548 8592
6548 9744
6548 9859
6549 6550
6549 8149
6549 9594
6549 9638
6549 9650
6549 9654
6550 7663
6550 8087
6550 8257
6550 8632
6550 9638
6550 9650
6550 9651
6550 9774
6550 9783
6550 9829
6551 6559
6552 6910
6552 7298
6552 7500
6552 7719
6552 7835
6552 8888
6552 9041
6553 6912
6553 7034
6553 7169
6553 7199
6553 7812
6553 7842
6553 8257
6553 8292
6553 8660
6553 8677
6553 9048
6553 9132
6553 9634
6554 8442
6555 6559
6555 9625
6555 9653
6556 7250
6556 8256
6557 8044
6558 7250
6558 8256
6559 7404
6559 8044
6559 8474
6559 9652
6559 9653
6559 9654
6560 6652
6560 7131
6564 9465
6565 9538
6565 9756
6567 7513
6567 9555
6568 9140
6570 6845
6570 7224
6571 7395
6572 8313
6572 8388
6574 9238
6574 9262
6575 6830
6575 8691
6575 9698
6576 9264
6578 8157
6578 9422
6578 9569
6578 9701
6581 6785
6581 6870
6581 6983
6581 7109
6581 7360
6581 7448
6581 7697
6581 7948
6582 9296
6584 6923
6585 7728
6585 8177
6586 7069
6587 8670
6587 8671
6588 7284
6588 8267
6588 9241
6589 6792
6589 6919
6589 7274
6589 7374
6589 8316
6589 8813
6589 8861
6589 8949
6590 9112
6590 9860
6591 7926
6592 6593
6594 7926
6595 6740
6595 7344
6595 8186
6596 8934
6597 6875
6597 8316
6597 8858
6597 9256
6598 6971
6599 6659
6599 8307
6603 6738
6603 6888
6603 8572
6604 7643
6605 6779
6605 7893
6605 9389
6606 8249
6607 6808
6607 8694
6609 7361
6610 8683
6611 9186
6613 7195
6613 8560
6613 9052
6614 6825
6614 8906
6614 8946
6614 9357
6615 7308
6616 6682
6618 6737
6619 6788
6619 9091
6621 6717
6621 7323
6621 7371
6622 7237
6622 9868
6625 8372
6626 8169
6627 8663
6628 6873
6628 7199
6628 8396
6628 8751
6628 9601
6629 8357
6629 8825
6629 9476
6630 6717
6630 7039
6630 8213
6631 9863
6633 6774
6633 7111
6633 7856
6634 6737
6634 7132
6634 7223
6634 7265
6634 7874
6634 9329
6634 9330
6634 9809
6634 9853
6636 9186
6637 9262
6639 8324
6640 7845
6640 9291
6641 8172
6642 9211
6643 6878
6643 6969
6643 7391
6643 8474
6643 8537
6643 8783
6643 9074
6644 8186
6645 6857
6645 7845
6645 7944
6645 7947
6645 9104
6645 9296
6645 9409
6645 9486
6645 9711
6649 6886
6649 7630
6650 7036
6650 8104
6652 8394
6654 7972
6655 7395
6655 9201
6659 8307
6659 8945
6661 9777
6662 6696
6665 6708
6665 6969
6665 7158
6665 7610
6665 7944
6665 8546
6665 8633
6665 9722
6666 8018
6666 9680
6667 9778
6668 7094
6668 9543
6669 7430
6669 8804
6669 8911
6670 7840
6671 6690
6671 7972
6672 6884
6674 8312
6674 9511
6676 8957
6677 7674
6678 9868
6679 7946
6679 8402
6679 8883
6683 7056
6683 9734
6684 6722
6684 7425
6685 7425
6685 7908
6685 8902
6686 8305
6686 8669
6687 7872
6687 8732
6688 7074
6688 8183
6689 9237
6690 6833
6690 6903
6690 9761
6691 9237
6692 7892
6693 8140
6693 8890
6696 8235
6696 8367
6699 6711
6699 6767
6699 7053
6701 7033
6701 8590
6701 9041
6704 9190
6705 7855
6706 8398
6708 7038
6708 7270
6708 7610
6708 9722
6711 7053
6712 6832
6712 6910
6712 6933
6712 7147
6712 7429
6712 7842
6712 8711
6712 8787
6712 9874
6713 8576
6713 9298
6713 9460
6713 9781
6714 8820
6715 8181
6717 6978
6717 7323
6717 8213
6718 6969
6718 7465
6718 7864
6718 8836
6718 8903
6718 8915
6718 9146
6718 9722
6720 7265
6720 7823
6720 8973
6722 8299
6722 9601
6723 9818
6724 9241
6725 9191
6727 7511
6728 8771
6729 6827
6729 7255
6729 7841
6729 9067
6730 9823
6731 6848
6731 7962
6731 8261
6731 8377
6731 9026
6731 9122
6731 9125
6732 7120
6732 8662
6732 9673
6732 9684
6733 6747
6733 7175
6733 8579
6733 8784
6734 7318
6734 9124
6736 7441
6736 7814
6736 8171
6736 8186
6736 8260
6736 9245
6736 9722
6737 9346
6737 9853
6738 6888
6739 7282
6740 6925
6740 7465
6740 9698
6741 6805
6743 7280
6744 6830
6744 7216
6744 7280
6745 7274
6745 8119
6745 8932
6745 9607
6746 9324
6747 7175
6749 8000
6751 6752
6752 8349
6752 8865
6753 9163
6753 9213
6754 6757
6754 7486
6754 9213
6757 7486
6759 8939
6759 8950
6761 7351
6762 7704
6763 8715
6763 9492
6764 7154
6764 7679
6765 7423
6766 7099
6766 7304
6767 7053
6769 8404
6770 7258
6771 8245
6773 7561
6774 7111
6774 7856
6774 8093
6774 8282
6774 8295
6774 8567
6774 9134
6774 9824
6775 9707
6775 9842
6778 8755
6778 9001
6779 7893
6779 9389
6781 8401
6782 7570
6783 8626
6784 6893
6784 7908
6785 6870
6785 6983
6785 7109
6785 7360
6785 7448
6785 7697
6785 7948
6787 9782
6787 9783
6788 9163
6789 7013
6789 7635
6789 8309
6791 6994
6791 9466
6794 8260
6794 9407
6795 9055
6798 9779
6800 7868
6800 9423
6804 9357
6805 7414
6806 8390
6807 7269
6807 8742
6808 7812
6808 8694
6808 9709
6810 9314
6811 7219
6811 7635
6811 7844
6811 8309
6811 9498
6813 9331
6814 6865
6814 7254
6814 7457
6814 8680
6814 9346
6817 7126
6817 7258
6817 8476
6817 9040
6817 9698
6818 8545
6818 8699
6818 8842
6818 9094
6820 8318
6820 9081
6821 6834
6821 7227
6821 7651
6821 8846
6822 8119
6823 9229
6824 9214
6825 7291
6825 7600
6825 8906
6825 8946
6826 6942
6827 7618
6827 7972
6827 8126
6827 8240
6828 7098
6828 7913
6829 8414
6830 6857
6830 7036
6830 7840
6830 8691
6830 9296
6831 8196
6832 8474
6832 8787
6834 7651
6834 8846
6837 7707
6837 8341
6837 9125
6837 9308
6838 9759
6841 9476
6842 7299
6842 9197
6843 6920
6843 7107
6843 7844
6843 9764
6844 7562
6844 8990
6844 9149
6845 7224
6846 7743
6848 8377
6848 8815
6848 9125
6850 7466
6850 9264
6850 9549
6851 7728
6851 9334
6852 7721
6853 7556
6854 6985
6854 7030
6854 7092
6854 8982
6857 7870
6857 7931
6857 7944
6857 8380
6857 9296
6857 9486
6859 7091
6859 7887
6859 7969
6859 9490
6862 9318
6863 7834
6863 8252
6864 7144
6864 8249
6864 8890
6864 9719
6865 7457
6865 7656
6865 8680
6865 9346
6866 9512
6867 7450
6867 7878
6867 7879
6867 8306
6867 8444
6869 9072
6869 9468
6870 6983
6870 7109
6870 7360
6870 7448
6870 7697
6870 7948
6870 8322
6871 8176
6871 9225
6873 6874
6873 8776
6873 9318
6875 8316
6875 8858
6876 8157
6876 8858
6877 6983
6877 8374
6878 6935
6878 7842
6878 7887
6878 8010
6878 8130
6878 8454
6878 8474
6878 8537
6878 8783
6878 8881
6878 8932
6878 9017
6878 9490
6878 9600
6879 8987
6879 9463
6881 6925
6881 8288
6881 8372
6882 8549
6882 9194
6882 9444
6882 9708
6882 9854
6883 9733
6885 8945
6885 9163
6885 9224
6886 7630
6887 8396
6887 9403
6888 7228
6888 7522
6888 8115
6888 8462
6888 8572
6888 8665
6888 9545
6888 9728
6890 9793
6891 7470
6892 7997
6893 8207
6893 8995
6893 9123
6893 9695
6895 7273
6895 9046
6898 7029
6898 7126
6900 7920
6901 8241
6902 8320
6904 7566
6904 8012
6904 8830
6904 9713
6905 7785
6905 8740
6906 6922
6906 9624
6907 7132
6908 8562
6909 9069
6910 7060
6910 7355
6910 7429
6910 7500
6910 7662
6910 7797
6910 7873
6910 7946
6910 8402
6910 8764
6910 8883
6910 8888
6910 9143
6910 9325
6910 9407
6910 9546
6910 9789
6911 9546
6912 7842
6913 7969
6914 7208
6914 7336
6914 8348
6914 9076
6916 6945
6916 7161
6916 7322
6916 7649
6916 8342
6916 8623
6916 9084
6916 9221
6918 7692
6919 7617
6920 7003
6920 7844
6920 9431
6920 9531
6921 7836
6922 7101
6922 7102
6922 7951
6922 8056
6922 8907
6922 8935
6924 7451
6925 7036
6925 7102
6925 7424
6925 8372
6925 8443
6925 9698
6927 8309
6927 9208
6928 8550
6928 8551
6929 8857
6929 8883
6931 7337
6932 8974
6935 8010
6935 8454
6937 8861
6940 7222
6940 7508
6940 8369
6941 7979
6944 9527
6945 8316
6945 9129
6945 9296
6946 9845
6947 7415
6947 7416
6947 8328
6947 9552
6949 8634
6949 8859
6950 8474
6950 8907
6950 9211
6950 9449
6951 7997
6951 8976
6955 8352
6957 7841
6957 7997
6957 8976
6958 8914
6959 6996
6960 7338
6961 7815
6962 7996
6965 9349
6965 9499
6968 7912
6969 7158
6969 7159
6969 7325
6969 7370
6969 7610
6969 7946
6969 8104
6969 8310
6969 8883
6969 8915
6969 9099
6969 9100
6969 9486
6969 9487
6969 9722
6970 8267
6972 7369
6972 7766
6972 9383
6973 7882
6973 8070
6973 9129
6974 8407
6976 8470
6979 9081
6979 9694
6980 7398
6980 9175
6982 8680
6982 9229
6982 9729
6983 7109
6983 7360
6983 7448
6983 7697
6983 7948
6984 8290
6985 8982
6988 9325
6988 9783
6988 9808
6988 9829
6990 8053
6990 9395
6993 9227
6994 7165
6995 8648
6997 9415
6998 8929
6999 8264
7001 8055
7003 7844
7003 8558
7003 9431
7003 9531
7005 8822
7006 8313
7008 9324
7009 9327
7010 8996
7011 9788
7013 8309
7015 7171
7015 7716
7015 9369
7016 8053
7019 7132
7019 8680
7021 8219
7021 9106
7021 9838
7022 7029
7022 7074
7022 8675
7022 8922
7022 9048
7022 9735
7022 9741
7022 9779
7023 7378
7023 7467
7023 9179
7024 7978
7027 7377
7027 7592
7027 7903
7027 8185
7027 9355
7029 9868
7031 8391
7032 7305
7032 7309
7032 7864
7033 7122
7033 7422
7033 7887
7033 8692
7034 9048
7034 9713
7035 8097
7035 9077
7036 7646
7036 7732
7036 7848
7036 8932
7036 9163
7036 9486
7037 7520
7037 9763
7038 7270
7040 7304
7041 8529
7042 7184
7045 9276
7048 9324
7050 9293
7051 7438
7051 7946
7052 7944
7052 8210
7052 8480
7052 8915
7054 8876
7054 8978
7055 8189
7055 8530
7056 7300
7056 7944
7056 8306
7056 8861
7056 9734
7057 7407
7058 9867
7060 7070
7060 7199
7060 7292
7060 8070
7060 8660
7060 9507
7060 9861
7061 8838
7062 8357
7067 8164
7067 8909
7067 9449
7069 7965
7069 8909
7070 7422
7070 8010
7070 8537
7070 8932
7070 9507
7073 7086
7073 7912
7073 8333
7073 8977
7073 9239
7073 9600
7074 7936
7074 9779
7078 8218
7079 8178
7080 7328
7081 9516
7082 7706
7082 7742
7082 8250
7082 8478
7083 7912
7086 7088
7086 7644
7086 7661
7086 7912
7086 8907
7088 7089
7088 7624
7088 7644
7088 9560
7089 7420
7089 7624
7089 8139
7089 8883
7091 8677
7091 8783
7091 9295
7092 7487
7093 7599
7093 9149
7094 8419
7096 7296
7096 8279
7096 8368
7098 7913
7098 8551
7100 8921
7102 7126
7102 7838
7102 8056
7102 8088
7102 8187
7102 8269
7102 8524
7102 8731
7102 8776
7102 9041
7103 7551
7103 8456
7104 7973
7104 8456
7104 8582
7105 7887
7105 8010
7105 9490
7106 8301
7106 9867
7107 7844
7107 8284
7107 9764
7109 7360
7109 7448
7109 7697
7109 7911
7109 7948
7110 7445
7110 8927
7111 7856
7112 9725
7115 8110
7115 8865
7115 9241
7115 9716
7118 8370
7118 9238
7118 9599
7119 8511
7120 7774
7120 9305
7120 9387
7120 9673
7120 9808
7121 7204
7121 8580
7122 7910
7122 9867
7125 8731
7125 9446
7126 7870
7126 8088
7126 8476
7126 9394
7126 9698
7128 8933
7130 9710
7131 7137
7132 8370
7132 8596
7132 8680
7132 9089
7133 7381
7133 9325
7135 8190
7135 8777
7135 9203
7137 7546
7137 7631
7137 7918
7137 8318
7137 8363
7138 7732
7138 7845
7140 8358
7144 7681
7144 8470
7144 9608
7144 9827
7144 9857
7146 7207
7146 7561
7146 7792
7147 8046
7147 8063
7148 7430
7148 7806
7148 8164
7148 8990
7148 9552
7149 7826
7149 7841
7149 8409
7151 8683
7151 8698
7152 7560
7153 7333
7153 7785
7153 8728
7153 9346
7154 7679
7155 8518
7157 7844
7158 7610
7158 7944
7158 8737
7158 9722
7159 8310
7159 9743
7161 8471
7161 9257
7161 9688
7164 8369
7164 8822
7164 8966
7166 8908
7167 8839
7167 9698
7167 9714
7168 7826
7171 7716
7171 7769
7171 7810
7171 8708
7171 8825
7171 9818
7174 7414
7177 8227
7177 8988
7179 9375
7180 8309
7181 9348
7182 8784
7185 7236
7186 7420
7189 7561
7189 9115
7191 7598
7191 8319
7191 8410
7191 8870
7192 8410
7194 8086
7194 8763
7195 8560
7196 7673
7196 7766
7196 7814
7196 9414
7199 7663
7199 8070
7199 8691
7199 8751
7199 9041
7199 9285
7199 9486
7199 9507
7199 9625
7201 7399
7205 7515
7205 7934
7207 7792
7208 7336
7208 9076
7209 7518
7209 7520
7210 7775
7211 8149
7211 9701
7212 9190
7213 7997
7214 7710
7215 8538
7216 7845
7218 8551
7218 8831
7218 9515
7220 7453
7220 9859
7222 7508
7228 9036
7230 9827
7232 7583
7233 9473
7234 8312
7235 9375
7237 9868
7239 7840
7241 7513
7242 9377
7244 7656
7246 7775
7249 8102
7249 8850
7250 8256
7250 8370
7250 9592
7253 8661
7253 9758
7255 9067
7256 7804
7256 8958
7258 7389
7258 8814
7258 8909
7262 7732
7262 9187
7263 7431
7263 7871
7265 7739
7265 7823
7266 9043
7267 8023
7267 9079
7267 9260
7269 8742
7272 9156
7273 8920
7273 9046
7274 8119
7274 8316
7274 8949
7274 9719
7275 9120
7276 8388
7280 8639
7280 8694
7280 9470
7281 9240
7284 9615
7287 7767
7287 9455
7288 8468
7288 9176
7292 8660
7292 9861
7293 9295
7293 9821
7295 7555
7298 7792
7298 7944
7298 8107
7298 8279
7298 8932
7298 9041
7298 9100
7298 9185
7298 9450
7298 9486
7298 9722
7299 8917
7299 9197
7301 7632
7304 9609
7305 7309
7305 7864
7306 8119
7308 8855
7309 7864
7310 8551
7310 9077
7311 8325
7311 8390
7311 9140
7312 8111
7318 9124
7319 9473
7319 9791
7324 7973
7325 8523
7327 9818
7332 8335
7333 7785
7336 9076
7337 8107
7337 9095
7337 9291
7339 9119
7341 8861
7342 8326
7342 8778
7344 7663
7346 7685
7346 9337
7346 9437
7347 9195
7350 8318
7350 8671
7354 8268
7354 9692
7355 7946
7355 8402
7356 9088
7359 7515
7359 8031
7359 8962
7360 7448
7360 7697
7360 7948
7362 8541
7364 7506
7364 8872
7365 7702
7365 7944
7365 8498
7365 8811
7365 8883
7365 9438
7365 9487
7366 8348
7370 8915
7372 9239
7372 9414
7374 8247
7374 8813
7374 8873
7374 8949
7377 7592
7377 7903
7377 8185
7377 9355
7378 7467
7378 8232
7378 8974
7378 9179
7378 9280
7379 7801
7380 8339
7381 9325
7384 9123
7385 9793
7386 7901
7386 8212
7389 7616
7389 7643
7389 7731
7393 8369
7393 8741
7393 9163
7394 8306
7395 8640
7395 9201
7396 7636
7396 7721
7398 9175
7400 8356
7403 7404
7404 7721
7404 7783
7404 8759
7406 8187
7407 7481
7407 7980
7407 8580
7408 9177
7413 8866
7414 8226
7414 8765
7414 9045
7415 9552
7416 8328
7416 9552
7419 7421
7420 7624
7420 8157
7420 8162
7420 9529
7421 9838
7422 7887
7423 7561
7423 9490
7424 7704
7425 7908
7425 8786
7425 8902
7425 9586
7426 8010
7430 8094
7430 8100
7430 8694
7430 8804
7430 8911
7430 9829
7431 7871
7433 7544
7434 7952
7435 9440
7435 9690
7436 7437
7436 7766
7436 9259
7438 7946
7438 8316
7438 8523
7440 8837
7440 9709
7440 9734
7442 8768
7442 8955
7442 9184
7442 9305
7442 9417
7442 9476
7444 7756
7444 9403
7445 8863
7446 7447
7447 8531
7447 9831
7448 7697
7448 7948
7449 8974
7451 9615
7453 9859
7454 9149
7455 7584
7456 7973
7457 7845
7457 8680
7457 9346
7459 7723
7459 8101
7459 8473
7460 8433
7461 7763
7462 9601
7464 7947
7464 7997
7464 8537
7464 8731
7464 8783
7464 8932
7465 7864
7465 7870
7465 9146
7465 9698
7466 9264
7466 9549
7467 8232
7467 9280
7468 8664
7471 7972
7473 7663
7474 9262
7477 9555
7478 9691
7483 7496
7483 7934
7485 8913
7485 9719
7487 8813
7489 8279
7489 8776
7489 9101
7489 9486
7489 9722
7490 7561
7492 7773
7492 7912
7492 8079
7492 8272
7492 9386
7492 9445
7492 9476
7492 9498
7493 7663
7495 8593
7498 9074
7500 7873
7500 8888
7501 8338
7502 9358
7505 7981
7506 8872
7508 8369
7508 9758
7509 7654
7514 7934
7515 7934
7516 8765
7516 9176
7516 9469
7517 7524
7517 8084
7518 7520
7519 8248
7520 7877
7520 9763
7521 9578
7522 8252
7526 8600
7527 7530
7527 8038
7527 9289
7527 9658
7528 8589
7528 8707
7528 9009
7528 9524
7528 9611
7529 9577
7530 8038
7530 9658
7531 8248
7532 8829
7533 8058
7533 8547
7533 8940
7533 9032
7533 9809
7534 7535
7534 7541
7534 7666
7534 8046
7534 8062
7534 8507
7534 8587
7534 8655
7534 8851
7534 9005
7534 9647
7535 8851
7537 8586
7537 8618
7539 8054
7540 7650
7540 8585
7540 8586
7540 8618
7540 8659
7540 9581
7541 8507
7543 9163
7544 7597
7544 9024
7544 9787
7545 9130
7548 7657
7549 9760
7550 8791
7551 8456
7553 8259
7557 7925
7558 9072
7559 8189
7561 8098
7561 8142
7561 8191
7561 9331
7561 9359
7561 9712
7562 9149
7563 8494
7566 8012
7567 7568
7568 8799
7572 9401
7574 8143
7574 8414
7574 8903
7574 8935
7575 9697
7576 8522
7576 9041
7579 9467
7582 7975
7585 7700
7592 7903
7592 8185
7592 9355
7595 9145
7597 9024
7597 9787
7599 7904
7599 9149
7602 8388
7605 7715
7605 7726
7605 7846
7605 8125
7605 9369
7606 9011
7608 8053
7610 8737
7610 9722
7611 8607
7611 9199
7613 7636
7613 8274
7613 9132
7614 7799
7616 8411
7623 8709
7623 8876
7626 8712
7626 9096
7627 8326
7627 8778
7629 8479
7631 8363
7634 7901
7635 8309
7635 8661
7635 9167
7635 9208
7636 7721
7636 8274
7637 9709
7642 8700
7643 7661
7648 7910
7649 8623
7649 9084
7649 9221
7650 8585
7651 7652
7651 8309
7651 8661
7651 9167
7651 9208
7652 8309
7652 9208
7653 7657
7654 8063
7654 8648
7654 9002
7654 9310
7655 9611
7656 7847
7656 8610
7657 8546
7658 8505
7662 8888
7663 7766
7663 8546
7663 8818
7663 9625
7663 9702
7666 8648
7666 9283
7666 9556
7666 9577
7667 9004
7670 8941
7674 8726
7674 8727
7674 9869
7678 8385
7681 7682
7681 9038
7681 9827
7681 9857
7683 9185
7685 7686
7685 7687
7685 7772
7685 9357
7686 7687
7686 8590
7686 9357
7688 8238
7688 9021
7690 9435
7691 8369
7691 8822
7693 9755
7694 8111
7694 9426
7695 9744
7696 8136
7696 8237
7696 8689
7696 9503
7697 7948
7702 8523
7704 9864
7706 8250
7707 9308
7708 7953
7709 8088
7709 8288
7709 8409
7709 8879
7709 9171
7709 9449
7718 8467
7719 7732
7719 8066
7719 8104
7721 7783
7721 8121
7721 8529
7721 8759
7721 8905
7721 9278
7722 9304
7722 9392
7723 8101
7725 7865
7725 8773
7726 9078
7726 9369
7727 8722
7727 9115
7728 8177
7729 8058
7732 7845
7732 8323
7732 8369
7732 9187
7732 9291
7732 9601
7733 7845
7734 9191
7742 8478
7742 8767
7744 8363
7745 7850
7747 8218
7747 8682
7749 9330
7750 7757
7750 9353
7753 8183
7753 9484
7754 8533
7754 9488
7754 9511
7756 7998
7758 9860
7759 9415
7760 8083
7760 8187
7760 8524
7760 8731
7761 8760
7761 8932
7762 8545
7764 9180
7764 9719
7766 7814
7766 7845
7766 8367
7766 9259
7766 9383
7766 9702
7768 8702
7770 7997
7770 8839
7771 9407
7775 9535
7780 8766
7783 7950
7783 8759
7783 8969
7785 8207
7785 8467
7785 8740
7786 8766
7787 8167
7787 9806
7791 7950
7792 7944
7792 9185
7792 9186
7794 8844
7795 7831
7795 9403
7796 8467
7797 9325
7797 9546
7801 8180
7801 9418
7801 9455
7803 8299
7803 9388
7803 9601
7807 8867
7810 8825
7810 9818
7811 9441
7811 9442
7812 8202
7812 9709
7814 8260
7814 9161
7814 9407
7815 9851
7815 9871
7817 9570
7817 9641
7817 9796
7818 9413
7818 9429
7820 9570
7820 9796
7821 8782
7824 8566
7827 8130
7827 8907
7828 9331
7829 9232
7831 8886
7831 9347
7831 9403
7831 9494
7831 9860
7832 8013
7832 9374
7834 8252
7835 7865
7835 8700
7835 8888
7835 8908
7835 9872
7839 9299
7840 8932
7840 9689
7842 7887
7842 7910
7842 9490
7844 8284
7844 8309
7844 8678
7844 9431
7844 9531
7844 9764
7845 8751
7845 9291
7846 7900
7846 9691
7848 7887
7848 8751
7848 9163
7848 9601
7848 9827
7849 9366
7851 8406
7851 8815
7852 8459
7853 9237
7854 7864
7854 8306
7860 9806
7861 8514
7864 8306
7864 9146
7864 9753
7865 8773
7868 9423
7868 9822
7870 7931
7870 8131
7870 8249
7870 9296
7870 9868
7872 8732
7874 9330
7875 8095
7878 7879
7878 8306
7878 8784
7879 8306
7880 8766
7882 7977
7882 8099
7882 9129
7884 8361
7885 8454
7885 9211
7887 7936
7887 8010
7887 8130
7887 8398
7887 8454
7887 8474
7887 8537
7887 8881
7887 8981
7887 9490
7888 8604
7889 8775
7890 9415
7893 9389
7894 8962
7897 9576
7898 9649
7901 8212
7903 8185
7903 9355
7904 9149
7905 8079
7905 8249
7905 8529
7905 8569
7905 8807
7905 8998
7905 9388
7905 9446
7905 9529
7905 9729
7905 9802
7906 7943
7907 8175
7907 8662
7907 8805
7908 8902
7908 8903
7908 9093
7910 7936
7910 9074
7910 9867
7911 7986
7912 7918
7912 7945
7912 8312
7912 8363
7912 9453
7914 9305
7915 9171
7918 8165
7918 8363
7918 8528
7922 9170
7923 8501
7929 8470
7931 8131
7931 9296
7931 9868
7936 8417
7936 8537
7936 9074
7936 9449
7936 9490
7936 9733
7940 9740
7941 8075
7942 9381
7944 8006
7944 8104
7944 8306
7944 8764
7944 8914
7944 8915
7944 9486
7944 9722
7945 9071
7945 9380
7946 8149
7946 8260
7946 8402
7946 8523
7946 8655
7946 8883
7946 9325
7946 9407
7946 9546
7947 8186
7947 8731
7947 8932
7950 8467
7951 8056
7951 8907
7953 8266
7954 8580
7955 8776
7957 8580
7958 8993
7958 9268
7961 7966
7961 8179
7962 8261
7964 8485
7966 8179
7967 8359
7968 8167
7968 9814
7969 9074
7970 8926
7970 9325
7972 8099
7972 8263
7972 8612
7973 8804
7973 8814
7976 8715
7977 7999
7982 9270
7985 9555
7985 9783
7987 9074
7987 9104
7988 9630
7989 9129
7995 8061
7997 8064
7997 8839
7997 8976
7997 9129
8002 8178
8002 9835
8004 8009
8004 9327
8006 9325
8008 9552
8009 9327
8010 8454
8010 8474
8010 8537
8013 9374
8015 8176
8015 8266
8016 8145
8018 9321
8018 9326
8018 9598
8018 9600
8018 9680
8019 8063
8023 8212
8023 8766
8023 8974
8023 9079
8023 9157
8023 9260
8032 8293
8033 8655
8033 8943
8038 9020
8039 9808
8044 8257
8044 9652
8045 9625
8046 8063
8046 8587
8047 9661
8052 8943
8056 9041
8057 8845
8058 8547
8058 8603
8058 9032
8058 9284
8059 8219
8059 9738
8063 8864
8065 9214
8066 8083
8066 8989
8066 9048
8066 9277
8066 9336
8068 8152
8068 9082
8069 9696
8070 9507
8071 8681
8073 8832
8073 9836
8074 8783
8076 8201
8076 8225
8076 9379
8079 9446
8082 8897
8083 8989
8084 9686
8085 9132
8087 9783
8087 9829
8088 9171
8088 9493
8089 8212
8090 8288
8092 8113
8096 8690
8102 8850
8104 8729
8104 8915
8104 9100
8104 9486
8105 9149
8106 8277
8109 8915
8110 9241
8111 9426
8112 8119
8112 9103
8115 8221
8117 8554
8117 8983
8118 8551
8119 9103
8122 8714
8123 8155
8125 8373
8125 8909
8128 8317
8128 9827
8129 8324
8130 8296
8130 8537
8130 9490
8131 9868
8133 9166
8135 9149
8136 8237
8136 8689
8136 9503
8138 9456
8139 8591
8139 8750
8139 8883
8139 9474
8140 8890
8143 8414
8143 9563
8144 9753
8149 9701
8150 9127
8151 8879
8152 9082
8153 9466
8154 8539
8155 8356
8157 8858
8158 9354
8159 9207
8161 9139
8161 9491
8163 9069
8163 9657
8166 9074
8167 9806
8167 9814
8169 8643
8169 9086
8170 9389
8171 9722
8175 8805
8176 8266
8176 8717
8176 8720
8176 9225
8178 9835
8179 8905
8180 9455
8182 8808
8182 9732
8184 9268
8185 9355
8186 8272
8186 8883
8186 9296
8187 8222
8187 8731
8189 8614
8191 8351
8191 9331
8193 8776
8197 9386
8198 8245
8199 8733
8201 8225
8201 9379
8205 8890
8206 8330
8206 9064
8209 9109
8209 9191
8212 9171
8212 9194
8215 8278
8218 8666
8218 8682
8218 9178
8219 8974
8219 9738
8220 9331
8221 9226
8222 9378
8222 9729
8223 8853
8225 9379
8226 8302
8228 9615
8229 9259
8232 9280
8234 9835
8237 8689
8237 9503
8238 8499
8238 8615
8238 9021
8241 9050
8243 8876
8245 8949
8247 8813
8248 9068
8249 8807
8249 8912
8249 8922
8249 9149
8257 9625
8259 8372
8260 8750
8260 9407
8260 9862
8261 9026
8264 8307
8264 9721
8267 8273
8267 8705
8268 9692
8269 9449
8279 8653
8279 8776
8279 8957
8282 8567
8282 8756
8282 8758
8282 9016
8282 9542
8282 9744
8283 9492
8284 8678
8284 9764
8288 8353
8288 8372
8288 8409
8288 8879
8288 9171
8288 9802
8290 8693
8291 9237
8292 8569
8294 8296
8295 9323
8295 9524
8296 9625
8298 8751
8298 9601
8299 8751
8299 8906
8299 9388
8299 9601
8299 9602
8299 9737
8300 9601
8301 8487
8301 9867
8303 9477
8305 8669
8306 8861
8306 9734
8307 8945
8308 8817
8308 8975
8308 9155
8308 9335
8308 9346
8308 9750
8308 9828
8309 8661
8309 8678
8309 9167
8309 9208
8309 9216
8309 9758
8311 8861
8312 8363
8312 8494
8312 8533
8312 9511
8314 8315
8314 9403
8315 9403
8316 8858
8316 8861
8316 8883
8316 8949
8316 9256
8316 9604
8317 8370
8317 9827
8318 8424
8318 8995
8318 9081
8321 8516
8321 8722
8321 9658
8325 9140
8326 8778
8328 9552
8329 8428
8329 8691
8330 9108
8331 9412
8333 8714
8333 9209
8333 9227
8333 9239
8338 8450
8338 8539
8340 8368
8340 9038
8341 9125
8343 8373
8344 9495
8346 9601
8347 8350
8347 9765
8350 9765
8353 8409
8353 8879
8353 9171
8354 8474
8354 9261
8355 9658
8359 8362
8360 8526
8365 9241
8365 9433
8368 8932
8369 8822
8370 8680
8373 8439
8373 8909
8373 9072
8374 8945
8374 9647
8376 9267
8377 9125
8380 9536
8381 9069
8386 8491
8386 9171
8386 9569
8386 9701
8388 9072
8396 9403
8398 8981
8398 9295
8402 8883
8402 8888
8402 9295
8402 9325
8402 9407
8402 9546
8405 9126
8405 9128
8406 8815
8409 8879
8409 9171
8409 9802
8411 9206
8411 9350
8411 9428
8414 8892
8414 9239
8414 9563
8415 9709
8416 9401
8416 9751
8417 8474
8417 9634
8417 9733
8418 9239
8420 8621
8423 9310
8423 9591
8424 9480
8427 9709
8428 9331
8432 9708
8433 9322
8435 8989
8435 9336
8436 8447
8436 9705
8438 8559
8439 8909
8439 9072
8440 8837
8441 8766
8452 9059
8454 9048
8454 9698
8457 8838
8458 9258
8459 9258
8461 9262
8470 9700
8471 9257
8473 9176
8473 9500
8474 8783
8474 8907
8474 9074
8474 9261
8474 9490
8474 9615
8474 9733
8476 8742
8480 8768
8480 8915
8484 9785
8485 9636
8486 9312
8488 9672
8490 8993
8491 9701
8493 9121
8497 8948
8497 9033
8498 9438
8501 9577
8502 8826
8503 8509
8504 8652
8504 9557
8505 8724
8506 8942
8506 9104
8506 9649
8508 9584
8509 9572
8513 9718
8516 8722
8516 8852
8519 9672
8519 9807
8520 9316
8522 8752
8522 9041
8523 8655
8523 9409
8525 9078
8527 9321
8527 9788
8528 9133
8529 9446
8533 9078
8533 9488
8533 9511
8534 8857
8537 8783
8537 8881
8537 9017
8537 9453
8537 9490
8542 9752
8544 8941
8545 8842
8546 9524
8546 9612
8547 9032
8547 9568
8547 9684
8549 9648
8550 8551
8555 8801
8555 8815
8563 9358
8567 8756
8567 8758
8567 9016
8567 9058
8567 9542
8567 9744
8569 9419
8569 9715
8569 9729
8570 9030
8576 9151
8579 8784
8586 8618
8587 8864
8588 8941
8588 9010
8596 8878
8596 9287
8596 9346
8598 8722
8598 8852
8599 8940
8599 9006
8599 9568
8605 9611
8606 8657
8610 8614
8610 8946
8613 8724
8613 9015
8617 9016
8621 9839
8623 9084
8623 9221
8627 9195
8628 9440
8630 8864
8630 9558
8631 8694
8631 9829
8632 9774
8638 8941
8639 9470
8640 9201
8641 8700
8642 9584
8643 9086
8646 9289
8648 9577
8650 8812
8652 8722
8652 9010
8652 9557
8652 9567
8652 9584
8653 8957
8654 8659
8655 8943
8655 9005
8655 9572
8655 9582
8656 9662
8659 8955
8660 9861
8661 8891
8661 9167
8661 9208
8661 9216
8661 9758
8662 9462
8665 9027
8667 9115
8672 8700
8675 9735
8676 8677
8677 8678
8678 9096
8678 9764
8680 8781
8680 9089
8680 9229
8680 9346
8683 8698
8689 9503
8691 9074
8694 8838
8694 9808
8694 9829
8696 9420
8697 9179
8697 9719
8699 8842
8699 9094
8700 9385
8705 8974
8705 9473
8707 9009
8707 9524
8709 8876
8710 8949
8711 8802
8715 9492
8719 8720
8720 8949
8722 8852
8722 9115
8722 9565
8722 9848
8724 9015
8724 9597
8725 9564
8726 8727
8726 9869
8729 8903
8729 8915
8729 9100
8729 9486
8730 8839
8731 9446
8737 9722
8741 9163
8742 8838
8742 9414
8745 9774
8751 8932
8751 9295
8751 9601
8751 9602
8751 9615
8751 9625
8756 8758
8763 9395
8764 8915
8764 9100
8764 9325
8764 9546
8765 9158
8765 9469
8766 9619
8768 9417
8772 8954
8772 9519
8775 9615
8776 9101
8779 9473
8779 9709
8783 9017
8784 9416
8786 8932
8795 8896
8803 9069
8804 8814
8804 8911
8804 9858
8807 9729
8813 8873
8813 8949
8815 9250
8817 8975
8817 9155
8817 9335
8817 9346
8817 9750
8817 9828
8821 9615
8822 8887
8823 9618
8825 9476
8825 9818
8826 9818
8834 8895
8835 8981
8836 9486
8838 8928
8838 9509
8839 9698
8839 9714
8847 9566
8856 9254
8856 9299
8857 8883
8857 9100
8857 9597
8857 9635
8858 9256
8860 8945
8860 9062
8861 9783
8862 8977
8864 8945
8864 9556
8864 9558
8865 9716
8869 9111
8874 8984
8879 9171
8879 9802
8883 8889
8883 8957
8883 9711
8884 9848
8885 9434
8886 9403
8888 9546
8889 9464
8896 9246
8897 9606
8899 9848
8907 9078
8908 9872
8909 9072
8910 9693
8911 9260
8913 9719
8914 8915
8915 9100
8915 9722
8917 9197
8918 9501
8922 9753
8928 9509
8932 9074
8932 9258
8932 9601
8932 9729
8932 9737
8937 9783
8938 9830
8938 9834
8939 9840
8942 9578
8944 9682
8945 9224
8945 9558
8945 9647
8946 9584
8948 9033
8951 9576
8952 8955
8955 9476
8960 9096
8964 9793
8968 9186
8974 9473
8974 9535
8975 9155
8975 9335
8975 9346
8975 9750
8975 9828
8979 9375
8981 9038
8981 9481
8987 9463
8989 9277
8989 9336
8990 9552
8992 9041
8993 9129
8993 9268
8993 9747
8999 9637
9005 9597
9009 9524
9010 9567
9010 9584
9011 9695
9013 9574
9014 9542
9019 9284
9024 9787
9028 9401
9029 9731
9032 9284
9033 9645
9037 9165
9040 9147
9040 9163
9041 9450
9041 9722
9044 9293
9048 9231
9048 9318
9056 9218
9057 9179
9059 9292
9065 9795
9066 9384
9067 9710
9069 9202
9070 9168
9071 9380
9072 9264
9074 9331
9074 9490
9074 9867
9078 9285
9078 9620
9079 9260
9079 9683
9079 9708
9080 9816
9084 9221
9092 9400
9093 9183
9095 9236
9097 9211
9097 9468
9098 9191
9099 9486
9100 9486
9104 9409
9109 9191
9110 9762
9111 9724
9112 9318
9112 9860
9117 9287
9127 9280
9129 9704
9132 9752
9139 9491
9144 9149
9149 9323
9154 9476
9155 9335
9155 9346
9155 9750
9155 9828
9163 9188
9163 9213
9167 9208
9167 9216
9169 9478
9171 9701
9171 9802
9176 9500
9185 9186
9185 9865
9194 9854
9205 9299
9206 9350
9208 9758
9209 9227
9211 9468
9213 9819
9238 9261
9238 9262
9238 9599
9239 9414
9239 9692
9241 9433
9252 9695
9254 9299
9258 9476
9261 9262
9262 9263
9264 9549
9264 9562
9267 9856
9279 9368
9281 9494
9285 9644
9293 9849
9297 9366
9298 9460
9298 9781
9305 9808
9308 9701
9312 9779
9312 9813
9313 9760
9317 9622
9321 9680
9321 9788
9323 9524
9323 9542
9323 9671
9323 9799
9324 9587
9324 9808
9325 9546
9325 9589
9325 9783
9325 9789
9326 9598
9326 9600
9326 9680
9327 9769
9331 9597
9331 9699
9332 9684
9335 9346
9335 9750
9335 9828
9337 9665
9341 9591
9346 9411
9346 9750
9346 9828
9347 9860
9349 9499
9362 9420
9365 9452
9375 9634
9397 9529
9397 9744
9401 9751
9403 9494
9404 9480
9409 9535
9413 9429
9415 9452
9422 9533
9431 9531
9437 9554
9440 9690
9444 9854
9447 9816
9451 9532
9460 9781
9473 9709
9476 9752
9478 9701
9488 9511
9490 9615
9490 9867
9497 9867
9514 9754
9524 9542
9524 9781
9524 9799
9525 9800
9526 9550
9526 9771
9529 9594
9529 9670
9529 9675
9529 9811
9538 9756
9539 9687
9539 9739
9539 9801
9542 9597
9550 9771
9555 9783
9567 9584
9568 9597
9569 9701
9570 9796
9571 9661
9576 9580
9576 9659
9578 9597
9580 9659
9591 9779
9594 9675
9596 9782
9598 9783
9600 9680
9600 9804
9600 9810
9605 9720
9605 9786
9611 9767
9615 9733
9638 9650
9641 9796
9646 9660
9650 9651
9667 9776
9673 9770
9681 9805
9687 9739
9687 9801
9691 9793
9698 9714
9701 9864
9707 9842
9709 9727
9720 9786
9739 9801
9750 9828
9768 9791
9774 9783
9774 9817
9782 9783
9783 9789
9783 9808
9783 9814
9783 9829
9784 9808
9804 9810
9806 9811
9808 9829
9809 9853
9816 9867
9833 9853
9844 9847
0
